Date,open,high,low,close,adjclose,volume,dividends,stock_splits,capital_gains
2002-07-30,81.94000244140625,82.12000274658203,81.69999694824219,81.7699966430664,41.21357345581055,41300,0.0,0.0,0.0
2002-07-31,82.05000305175781,82.58000183105469,82.05000305175781,82.5199966430664,41.591556549072266,32600,0.0,0.0,0.0
2002-08-01,82.54000091552734,82.9000015258789,82.5199966430664,82.86000061035156,41.76292419433594,71400,0.0,0.0,0.0
2002-08-02,83.0199966430664,83.69999694824219,82.9000015258789,83.5,42.08549880981445,120300,0.0,0.0,0.0
2002-08-05,83.68000030517578,83.91999816894531,83.52999877929688,83.91999816894531,42.297203063964844,159300,0.0,0.0,0.0
2002-08-06,83.51000213623047,83.51000213623047,83.02999877929688,83.23999786376953,41.95444107055664,90100,0.0,0.0,0.0
2002-08-07,83.19000244140625,83.6500015258789,83.0999984741211,83.5,42.08549880981445,38100,0.0,0.0,0.0
2002-08-08,83.33000183105469,83.4000015258789,83.08999633789062,83.20999908447266,41.9393424987793,142600,0.0,0.0,0.0
2002-08-09,83.31999969482422,83.87999725341797,83.31999969482422,83.83000183105469,42.25181579589844,99600,0.0,0.0,0.0
2002-08-12,84.0999984741211,84.27999877929688,83.94999694824219,84.0,42.337528228759766,38100,0.0,0.0,0.0
2002-08-13,84.31999969482422,84.73999786376953,84.05999755859375,84.66999816894531,42.67519760131836,109300,0.0,0.0,0.0
2002-08-14,84.98999786376953,85.2300033569336,84.36000061035156,84.41999816894531,42.5491828918457,146100,0.0,0.0,0.0
2002-08-15,84.0,84.33000183105469,83.75,83.93000030517578,42.30219268798828,60500,0.0,0.0,0.0
2002-08-16,84.25,84.2699966430664,83.2699966430664,83.37999725341797,42.025020599365234,55800,0.0,0.0,0.0
2002-08-19,83.51000213623047,83.51000213623047,83.12999725341797,83.45999908447266,42.06532287597656,41600,0.0,0.0,0.0
2002-08-20,83.80000305175781,84.2300033569336,83.69999694824219,84.2300033569336,42.45344924926758,56900,0.0,0.0,0.0
2002-08-21,83.77999877929688,84.04000091552734,83.69999694824219,84.0199966430664,42.34755325317383,37900,0.0,0.0,0.0
2002-08-22,83.80000305175781,83.80000305175781,83.5,83.56999969482422,42.1207389831543,43600,0.0,0.0,0.0
2002-08-23,83.72000122070312,84.0,83.66000366210938,83.94999694824219,42.31232452392578,26500,0.0,0.0,0.0
2002-08-26,83.91999816894531,84.19999694824219,83.87000274658203,83.98999786376953,42.332462310791016,27800,0.0,0.0,0.0
2002-08-27,83.75,83.93000030517578,83.56999969482422,83.73999786376953,42.206424713134766,38800,0.0,0.0,0.0
2002-08-28,84.08999633789062,84.16999816894531,84.0,84.05000305175781,42.362701416015625,40200,0.0,0.0,0.0
2002-08-29,84.56999969482422,84.58999633789062,84.33000183105469,84.44000244140625,42.55929946899414,101500,0.0,0.0,0.0
2002-08-30,84.58000183105469,84.63999938964844,84.30000305175781,84.5999984741211,42.63990020751953,28900,0.0,0.0,0.0
2002-09-03,85.08999633789062,85.5999984741211,85.0,85.2300033569336,43.10519027709961,110700,0.29,0.0,0.0
2002-09-04,85.16000366210938,85.44999694824219,85.08000183105469,85.19999694824219,43.09003829956055,77300,0.0,0.0,0.0
2002-09-05,85.5999984741211,85.6500015258789,85.19000244140625,85.54000091552734,43.26198196411133,57900,0.0,0.0,0.0
2002-09-06,85.08999633789062,85.25,84.83999633789062,84.87999725341797,42.928184509277344,32200,0.0,0.0,0.0
2002-09-09,84.94000244140625,85.1500015258789,84.75,84.76000213623047,42.86750030517578,88800,0.0,0.0,0.0
2002-09-10,84.70999908447266,85.20999908447266,84.66000366210938,85.05999755859375,43.01921463012695,21400,0.0,0.0,0.0
2002-09-11,84.61000061035156,84.75,84.48999786376953,84.75,42.86246109008789,77500,0.0,0.0,0.0
2002-09-12,84.80000305175781,85.2300033569336,84.80000305175781,85.19000244140625,43.084991455078125,39900,0.0,0.0,0.0
2002-09-13,85.37999725341797,85.6500015258789,85.29000091552734,85.58999633789062,43.28728103637695,125900,0.0,0.0,0.0
2002-09-16,85.70999908447266,85.91999816894531,85.62000274658203,85.62000274658203,43.30242156982422,108700,0.0,0.0,0.0
2002-09-17,85.4000015258789,85.95999908447266,85.4000015258789,85.9000015258789,43.444068908691406,30400,0.0,0.0,0.0
2002-09-18,85.91999816894531,86.22000122070312,85.91000366210938,86.0,43.49462890625,76400,0.0,0.0,0.0
2002-09-19,86.41999816894531,86.47000122070312,86.12000274658203,86.43000030517578,43.712093353271484,61100,0.0,0.0,0.0
2002-09-20,86.30000305175781,86.4800033569336,86.19999694824219,86.4000015258789,43.6969108581543,128600,0.0,0.0,0.0
2002-09-23,86.87999725341797,87.05999755859375,86.72000122070312,86.88999938964844,43.94475555419922,293700,0.0,0.0,0.0
2002-09-24,87.05999755859375,87.44999694824219,86.87999725341797,87.19999694824219,44.101524353027344,158200,0.0,0.0,0.0
2002-09-25,86.69999694824219,86.98999786376953,86.4000015258789,86.54000091552734,43.767738342285156,88900,0.0,0.0,0.0
2002-09-26,86.33000183105469,86.58999633789062,86.05999755859375,86.4800033569336,43.737369537353516,256100,0.0,0.0,0.0
2002-09-27,86.58000183105469,87.05000305175781,86.51000213623047,87.05000305175781,44.02568435668945,199400,0.0,0.0,0.0
2002-09-30,87.4000015258789,87.69999694824219,87.30999755859375,87.55999755859375,44.28361892700195,97200,0.0,0.0,0.0
2002-10-01,86.76000213623047,87.0199966430664,86.54000091552734,86.54000091552734,43.89706802368164,150100,0.258,0.0,0.0
2002-10-02,86.56999969482422,86.86000061035156,86.37999725341797,86.83000183105469,44.04418182373047,43000,0.0,0.0,0.0
2002-10-03,86.8499984741211,86.87000274658203,86.41999816894531,86.77999877929688,44.018795013427734,37500,0.0,0.0,0.0
2002-10-04,86.16999816894531,86.95999908447266,86.16000366210938,86.87000274658203,44.064491271972656,61400,0.0,0.0,0.0
2002-10-07,87.18000030517578,87.26000213623047,86.94999694824219,87.20999908447266,44.23689651489258,80300,0.0,0.0,0.0
2002-10-08,86.93000030517578,87.5,86.87000274658203,87.05000305175781,44.155784606933594,134600,0.0,0.0,0.0
2002-10-09,87.44000244140625,87.48999786376953,87.16999816894531,87.48999786376953,44.378944396972656,94500,0.0,0.0,0.0
2002-10-10,87.4000015258789,87.47000122070312,86.9000015258789,86.98999786376953,44.12531280517578,120400,0.0,0.0,0.0
2002-10-11,86.68000030517578,86.7699966430664,86.18000030517578,86.37000274658203,43.81084442138672,133600,0.0,0.0,0.0
2002-10-14,86.5999984741211,86.5999984741211,86.12999725341797,86.30000305175781,43.775360107421875,51300,0.0,0.0,0.0
2002-10-15,85.33999633789062,85.58000183105469,84.80000305175781,84.8499984741211,43.039859771728516,167000,0.0,0.0,0.0
2002-10-16,84.93000030517578,85.22000122070312,84.80999755859375,84.8499984741211,43.039859771728516,124200,0.0,0.0,0.0
2002-10-17,84.22000122070312,84.54000091552734,84.22000122070312,84.4000015258789,42.811553955078125,205300,0.0,0.0,0.0
2002-10-18,84.41000366210938,84.70999908447266,83.87999725341797,84.6500015258789,42.93841552734375,98600,0.0,0.0,0.0
2002-10-21,84.69999694824219,84.69999694824219,83.9800033569336,84.0,42.60868453979492,572300,0.0,0.0,0.0
2002-10-22,84.05000305175781,84.18000030517578,83.87000274658203,83.95999908447266,42.58837890625,197500,0.0,0.0,0.0
2002-10-23,84.19999694824219,84.5,84.05000305175781,84.13999938964844,42.679691314697266,64300,0.0,0.0,0.0
2002-10-24,84.05000305175781,84.70999908447266,83.91999816894531,84.54000091552734,42.88256072998047,41800,0.0,0.0,0.0
2002-10-25,84.95999908447266,84.95999908447266,84.7300033569336,84.91000366210938,43.070274353027344,566500,0.0,0.0,0.0
2002-10-28,85.11000061035156,85.22000122070312,85.0,85.01000213623047,43.121002197265625,22100,0.0,0.0,0.0
2002-10-29,85.41999816894531,86.11000061035156,85.33000183105469,85.77999877929688,43.51158905029297,118300,0.0,0.0,0.0
2002-10-30,85.62999725341797,85.9800033569336,85.58000183105469,85.7699966430664,43.50651550292969,53000,0.0,0.0,0.0
2002-10-31,85.6500015258789,86.69999694824219,85.61000061035156,86.20999908447266,43.72965621948242,71100,0.0,0.0,0.0
2002-11-01,85.7300033569336,85.76000213623047,85.08999633789062,85.4000015258789,43.467586517333984,63400,0.295,0.0,0.0
2002-11-04,84.94999694824219,85.12999725341797,84.80999755859375,85.12999725341797,43.33012008666992,85000,0.0,0.0,0.0
2002-11-05,85.0,85.0,84.75,84.9000015258789,43.21307373046875,426300,0.0,0.0,0.0
2002-11-06,84.66000366210938,85.6500015258789,84.66000366210938,85.18000030517578,43.355587005615234,135100,0.0,0.0,0.0
2002-11-07,85.68000030517578,86.06999969482422,85.55000305175781,86.01000213623047,43.778038024902344,68000,0.0,0.0,0.0
2002-11-08,86.08999633789062,86.22000122070312,85.98999786376953,86.22000122070312,43.88494110107422,27300,0.0,0.0,0.0
2002-11-11,86.0999984741211,86.44000244140625,86.0999984741211,86.44000244140625,43.996917724609375,52100,0.0,0.0,0.0
2002-11-12,86.45999908447266,86.48999786376953,86.12000274658203,86.16999816894531,43.859458923339844,48200,0.0,0.0,0.0
2002-11-13,86.12999725341797,86.37000274658203,86.0999984741211,86.2699966430664,43.91038513183594,330200,0.0,0.0,0.0
2002-11-14,85.66000366210938,85.70999908447266,85.19000244140625,85.19000244140625,43.360713958740234,71800,0.0,0.0,0.0
2002-11-15,84.9000015258789,85.25,84.6500015258789,85.25,43.39119338989258,40900,0.0,0.0,0.0
2002-11-18,85.12999725341797,85.44000244140625,85.05000305175781,85.33000183105469,43.43193054199219,35300,0.0,0.0,0.0
2002-11-19,85.62000274658203,85.66999816894531,85.31999969482422,85.4000015258789,43.467586517333984,11000,0.0,0.0,0.0
2002-11-20,85.58999633789062,85.5999984741211,84.80999755859375,84.93000030517578,43.22832489013672,251800,0.0,0.0,0.0
2002-11-21,84.56999969482422,84.6500015258789,84.23999786376953,84.44000244140625,42.978965759277344,95000,0.0,0.0,0.0
2002-11-22,84.55000305175781,84.55999755859375,84.26000213623047,84.33999633789062,42.92802810668945,144800,0.0,0.0,0.0
2002-11-25,84.5,84.51000213623047,84.19999694824219,84.20999908447266,42.86187744140625,49700,0.0,0.0,0.0
2002-11-26,84.54000091552734,84.9800033569336,84.45999908447266,84.97000122070312,43.2486686706543,103800,0.0,0.0,0.0
2002-11-27,84.56999969482422,84.61000061035156,83.75,84.0,42.754981994628906,324900,0.0,0.0,0.0
2002-11-29,83.97000122070312,84.16000366210938,83.88999938964844,84.12000274658203,42.81606674194336,15000,0.0,0.0,0.0
2002-12-02,83.0,83.6500015258789,82.98999786376953,83.56999969482422,42.80072784423828,78000,0.52,0.0,0.0
2002-12-03,83.81999969482422,83.81999969482422,83.4000015258789,83.55999755859375,42.79555892944336,38200,0.0,0.0,0.0
2002-12-04,83.94000244140625,83.9800033569336,83.73999786376953,83.8499984741211,42.944114685058594,135600,0.0,0.0,0.0
2002-12-05,83.63999938964844,84.22000122070312,83.63999938964844,84.08000183105469,43.06189727783203,194900,0.0,0.0,0.0
2002-12-06,84.81999969482422,84.81999969482422,84.1500015258789,84.41999816894531,43.23602294921875,194800,0.0,0.0,0.0
2002-12-09,84.5,84.79000091552734,84.41000366210938,84.73999786376953,43.399906158447266,143900,0.0,0.0,0.0
2002-12-10,84.69999694824219,84.79000091552734,84.54000091552734,84.66999816894531,43.36408233642578,154600,0.0,0.0,0.0
2002-12-11,84.95999908447266,85.13999938964844,84.79000091552734,84.94999694824219,43.50743865966797,287200,0.0,0.0,0.0
2002-12-12,84.9000015258789,85.12999725341797,84.81999969482422,85.0199966430664,43.54331588745117,69800,0.0,0.0,0.0
2002-12-13,84.9800033569336,84.9800033569336,84.56999969482422,84.70999908447266,43.38453674316406,32400,0.0,0.0,0.0
2002-12-16,84.79000091552734,84.80000305175781,84.33000183105469,84.36000061035156,43.205291748046875,37600,0.0,0.0,0.0
2002-12-17,84.6500015258789,84.6500015258789,84.38999938964844,84.55999755859375,43.3077507019043,73700,0.0,0.0,0.0
2002-12-18,84.87999725341797,85.08000183105469,84.83999633789062,85.08000183105469,43.574066162109375,106600,0.0,0.0,0.0
2002-12-19,85.20999908447266,85.5999984741211,85.08999633789062,85.5199966430664,43.79938888549805,187800,0.0,0.0,0.0
2002-12-20,85.45999908447266,85.58000183105469,85.37000274658203,85.5199966430664,43.79938888549805,79900,0.0,0.0,0.0
2002-12-23,85.37000274658203,85.52999877929688,85.22000122070312,85.47000122070312,43.77374267578125,109300,0.0,0.0,0.0
2002-12-24,85.83000183105469,85.87999725341797,85.77999877929688,85.79000091552734,43.93769454956055,37400,0.0,0.0,0.0
2002-12-26,85.80000305175781,85.91999816894531,85.69000244140625,85.91999816894531,44.004249572753906,85200,0.0,0.0,0.0
2002-12-27,86.2699966430664,86.54000091552734,86.1500015258789,86.43000030517578,44.26546859741211,149600,0.0,0.0,0.0
2002-12-30,86.44000244140625,86.76000213623047,86.41000366210938,86.58999633789062,44.347442626953125,60700,0.0,0.0,0.0
2002-12-31,86.2699966430664,86.45999908447266,86.08000183105469,86.1500015258789,44.335060119628906,194300,0.416,0.0,0.0
2003-01-02,85.5999984741211,85.73999786376953,84.73999786376953,84.79000091552734,43.635135650634766,106700,0.0,0.0,0.0
2003-01-03,84.69999694824219,84.93000030517578,84.5999984741211,84.93000030517578,43.707210540771484,518400,0.0,0.0,0.0
2003-01-06,84.80000305175781,84.80000305175781,84.51000213623047,84.72000122070312,43.59912109375,214500,0.0,0.0,0.0
2003-01-07,84.72000122070312,85.04000091552734,84.68000030517578,84.98999786376953,43.738075256347656,101700,0.0,0.0,0.0
2003-01-08,85.16999816894531,85.30000305175781,85.12000274658203,85.19000244140625,43.84099578857422,162600,0.0,0.0,0.0
2003-01-09,84.58000183105469,84.62000274658203,84.05999755859375,84.16000366210938,43.310970306396484,98000,0.0,0.0,0.0
2003-01-10,84.55999755859375,84.61000061035156,84.0199966430664,84.25,43.35726547241211,235800,0.0,0.0,0.0
2003-01-13,84.19999694824219,84.45999908447266,84.13999938964844,84.4000015258789,43.4344367980957,219700,0.0,0.0,0.0
2003-01-14,84.5999984741211,84.69000244140625,84.54000091552734,84.5999984741211,43.537384033203125,204500,0.0,0.0,0.0
2003-01-15,84.76000213623047,85.04000091552734,84.72000122070312,84.79000091552734,43.635135650634766,239000,0.0,0.0,0.0
2003-01-16,84.66000366210938,84.80000305175781,84.31999969482422,84.76000213623047,43.61974334716797,205700,0.0,0.0,0.0
2003-01-17,85.1500015258789,85.22000122070312,85.05999755859375,85.11000061035156,43.79982376098633,60100,0.0,0.0,0.0
2003-01-21,84.93000030517578,85.4000015258789,84.93000030517578,85.4000015258789,43.94908905029297,82600,0.0,0.0,0.0
2003-01-22,85.55000305175781,85.75,85.44999694824219,85.75,44.129234313964844,120500,0.0,0.0,0.0
2003-01-23,85.43000030517578,85.70999908447266,85.43000030517578,85.56999969482422,44.036590576171875,78300,0.0,0.0,0.0
2003-01-24,85.80000305175781,86.02999877929688,85.69000244140625,85.73999786376953,44.12407684326172,209400,0.0,0.0,0.0
2003-01-27,85.62999725341797,85.69000244140625,85.4000015258789,85.4800033569336,43.99028015136719,413800,0.0,0.0,0.0
2003-01-28,85.44000244140625,85.5,85.12000274658203,85.48999786376953,43.995391845703125,1596500,0.0,0.0,0.0
2003-01-29,85.52999877929688,85.52999877929688,85.0,85.12000274658203,43.80500411987305,83200,0.0,0.0,0.0
2003-01-30,85.0,85.51000213623047,84.94000244140625,85.44999694824219,43.9748420715332,31700,0.0,0.0,0.0
2003-01-31,85.62000274658203,85.62000274658203,85.25,85.48999786376953,43.995391845703125,44000,0.0,0.0,0.0
2003-02-03,85.25,85.30000305175781,84.86000061035156,85.08000183105469,43.927249908447266,57400,0.278,0.0,0.0
2003-02-04,85.38999938964844,85.41999816894531,85.22000122070312,85.36000061035156,44.07183837890625,88700,0.0,0.0,0.0
2003-02-05,85.26000213623047,85.41000366210938,84.80000305175781,85.02999877929688,43.901432037353516,138100,0.0,0.0,0.0
2003-02-06,85.27999877929688,85.43000030517578,85.25,85.36000061035156,44.07183837890625,92500,0.0,0.0,0.0
2003-02-07,85.08999633789062,85.48999786376953,85.0199966430664,85.4000015258789,44.09247589111328,44200,0.0,0.0,0.0
2003-02-10,85.4000015258789,85.4800033569336,85.12000274658203,85.23999786376953,44.009857177734375,29100,0.0,0.0,0.0
2003-02-11,85.16000366210938,85.3499984741211,85.0199966430664,85.31999969482422,44.05116271972656,272100,0.0,0.0,0.0
2003-02-12,85.45999908447266,85.69000244140625,85.37999725341797,85.69000244140625,44.24217987060547,50300,0.0,0.0,0.0
2003-02-13,85.80000305175781,86.26000213623047,85.73999786376953,86.0,44.40224838256836,107100,0.0,0.0,0.0
2003-02-14,85.80999755859375,85.9000015258789,85.5,85.69999694824219,44.247344970703125,51300,0.0,0.0,0.0
2003-02-18,85.5199966430664,85.69999694824219,85.37000274658203,85.69999694824219,44.247344970703125,62600,0.0,0.0,0.0
2003-02-19,85.80000305175781,86.05999755859375,85.80000305175781,86.0199966430664,44.41257858276367,34600,0.0,0.0,0.0
2003-02-20,86.0199966430664,86.3499984741211,85.97000122070312,86.31999969482422,44.56747817993164,59400,0.0,0.0,0.0
2003-02-21,86.2699966430664,86.29000091552734,85.97000122070312,86.0,44.40224838256836,21500,0.0,0.0,0.0
2003-02-24,86.29000091552734,86.37000274658203,86.13999938964844,86.33999633789062,44.577842712402344,47000,0.0,0.0,0.0
2003-02-25,86.55999755859375,86.76000213623047,86.44999694824219,86.45999908447266,44.63970947265625,72800,0.0,0.0,0.0
2003-02-26,86.51000213623047,86.77999877929688,86.44999694824219,86.72000122070312,44.77399826049805,52900,0.0,0.0,0.0
2003-02-27,86.69999694824219,86.83000183105469,86.5199966430664,86.80000305175781,44.81529235839844,209300,0.0,0.0,0.0
2003-02-28,86.75,87.1500015258789,86.61000061035156,87.08999633789062,44.9649658203125,80700,0.0,0.0,0.0
2003-03-03,86.80999755859375,87.08000183105469,86.77999877929688,87.02999877929688,45.05821990966797,24800,0.24,0.0,0.0
2003-03-04,87.0199966430664,87.23999786376953,86.97000122070312,87.19999694824219,45.146240234375,41100,0.0,0.0,0.0
2003-03-05,87.37999725341797,87.44000244140625,87.12000274658203,87.36000061035156,45.22904968261719,50500,0.0,0.0,0.0
2003-03-06,87.37000274658203,87.38999938964844,87.06999969482422,87.18000030517578,45.13590621948242,83600,0.0,0.0,0.0
2003-03-07,87.72000122070312,87.7300033569336,87.22000122070312,87.47000122070312,45.286006927490234,79800,0.0,0.0,0.0
2003-03-10,87.66000366210938,87.81999969482422,87.66000366210938,87.76000213623047,45.4361572265625,58500,0.0,0.0,0.0
2003-03-11,87.77999877929688,87.86000061035156,87.58999633789062,87.73999786376953,45.425785064697266,61200,0.0,0.0,0.0
2003-03-12,87.66999816894531,87.69000244140625,87.5,87.54000091552734,45.3222770690918,51600,0.0,0.0,0.0
2003-03-13,86.94000244140625,87.08000183105469,86.55000305175781,86.56999969482422,44.820030212402344,326900,0.0,0.0,0.0
2003-03-14,86.75,86.93000030517578,86.66000366210938,86.8499984741211,44.964969635009766,50800,0.0,0.0,0.0
2003-03-17,87.0999984741211,87.0999984741211,86.11000061035156,86.16999816894531,44.61296463012695,98700,0.0,0.0,0.0
2003-03-18,86.25,86.3499984741211,85.69999694824219,85.69999694824219,44.36963653564453,203900,0.0,0.0,0.0
2003-03-19,85.6500015258789,85.69999694824219,85.2699966430664,85.29000091552734,44.1573371887207,152800,0.0,0.0,0.0
2003-03-20,85.5999984741211,85.69999694824219,85.04000091552734,85.3499984741211,44.18842697143555,170600,0.0,0.0,0.0
2003-03-21,85.12999725341797,85.12999725341797,84.52999877929688,84.56999969482422,43.78456497192383,148800,0.0,0.0,0.0
2003-03-24,85.25,85.4800033569336,85.18000030517578,85.38999938964844,44.20912170410156,45800,0.0,0.0,0.0
2003-03-25,85.5,85.6500015258789,85.11000061035156,85.4000015258789,44.21430587768555,107500,0.0,0.0,0.0
2003-03-26,85.4000015258789,85.5999984741211,85.33999633789062,85.5999984741211,44.31784439086914,75400,0.0,0.0,0.0
2003-03-27,85.79000091552734,85.87999725341797,85.56999969482422,85.76000213623047,44.40068054199219,45800,0.0,0.0,0.0
2003-03-28,86.02999877929688,86.05000305175781,85.8499984741211,85.9000015258789,44.473175048828125,144700,0.0,0.0,0.0
2003-03-31,86.30000305175781,86.58999633789062,86.30000305175781,86.5199966430664,44.794158935546875,99300,0.0,0.0,0.0
2003-04-01,86.2300033569336,86.2699966430664,85.19999694824219,86.16000366210938,44.73651885986328,36500,0.249,0.0,0.0
2003-04-02,85.5999984741211,85.72000122070312,85.41999816894531,85.55000305175781,44.4198112487793,147400,0.0,0.0,0.0
2003-04-03,85.48999786376953,85.77999877929688,85.45999908447266,85.69999694824219,44.49768829345703,170400,0.0,0.0,0.0
2003-04-04,85.54000091552734,85.76000213623047,85.44999694824219,85.55000305175781,44.4198112487793,26400,0.0,0.0,0.0
2003-04-07,84.8499984741211,85.3499984741211,84.76000213623047,85.3499984741211,44.315975189208984,62300,0.0,0.0,0.0
2003-04-08,85.37999725341797,85.66999816894531,85.37999725341797,85.66999816894531,44.482120513916016,41500,0.0,0.0,0.0
2003-04-09,85.72000122070312,85.9800033569336,85.5,85.95999908447266,44.632713317871094,101000,0.0,0.0,0.0
2003-04-10,85.87000274658203,85.98999786376953,85.69000244140625,85.7300033569336,44.51325607299805,77900,0.0,0.0,0.0
2003-04-11,85.30000305175781,85.62000274658203,85.19999694824219,85.51000213623047,44.399017333984375,102800,0.0,0.0,0.0
2003-04-14,85.4800033569336,85.4800033569336,85.12999725341797,85.2699966430664,44.274417877197266,107700,0.0,0.0,0.0
2003-04-15,85.5999984741211,85.63999938964844,85.33999633789062,85.56999969482422,44.430179595947266,27600,0.0,0.0,0.0
2003-04-16,85.48999786376953,85.79000091552734,85.48999786376953,85.76000213623047,44.528846740722656,23700,0.0,0.0,0.0
2003-04-17,85.94999694824219,85.95999908447266,84.75,85.6500015258789,44.47170639038086,20600,0.0,0.0,0.0
2003-04-21,85.36000061035156,85.48999786376953,85.19000244140625,85.48999786376953,44.3886604309082,24300,0.0,0.0,0.0
2003-04-22,85.7300033569336,85.81999969482422,85.41000366210938,85.51000213623047,44.399017333984375,24200,0.0,0.0,0.0
2003-04-23,85.5199966430664,85.58999633789062,85.37999725341797,85.47000122070312,44.37824630737305,75600,0.0,0.0,0.0
2003-04-24,85.75,86.12999725341797,85.75,85.97000122070312,44.63784408569336,87400,0.0,0.0,0.0
2003-04-25,86.01000213623047,86.2300033569336,85.98999786376953,86.11000061035156,44.71055221557617,325600,0.0,0.0,0.0
2003-04-28,86.3499984741211,86.3499984741211,86.0,86.0199966430664,44.66382598876953,41300,0.0,0.0,0.0
2003-04-29,85.83999633789062,85.94000244140625,85.66000366210938,85.87000274658203,44.585933685302734,54900,0.0,0.0,0.0
2003-04-30,85.8499984741211,86.41000366210938,85.80000305175781,86.38999938964844,44.855926513671875,113200,0.0,0.0,0.0
2003-05-01,86.23999786376953,86.44000244140625,86.0,86.12000274658203,44.89350891113281,77200,0.342,0.0,0.0
2003-05-02,86.04000091552734,86.13999938964844,85.62999725341797,85.6500015258789,44.64845657348633,158900,0.0,0.0,0.0
2003-05-05,85.66000366210938,85.98999786376953,85.5199966430664,85.91999816894531,44.789249420166016,76900,0.0,0.0,0.0
2003-05-06,85.95999908447266,86.45999908447266,85.80000305175781,86.44999694824219,45.06550598144531,74900,0.0,0.0,0.0
2003-05-07,86.69999694824219,87.1500015258789,86.69999694824219,87.05000305175781,45.3782844543457,159400,0.0,0.0,0.0
2003-05-08,87.30000305175781,87.56999969482422,87.05999755859375,87.13999938964844,45.42520523071289,113200,0.0,0.0,0.0
2003-05-09,87.0199966430664,87.30000305175781,86.97000122070312,87.27999877929688,45.498138427734375,82800,0.0,0.0,0.0
2003-05-12,87.80000305175781,87.80999755859375,87.4000015258789,87.6500015258789,45.6910514831543,36300,0.0,0.0,0.0
2003-05-13,87.37000274658203,87.7300033569336,87.36000061035156,87.7300033569336,45.73275375366211,120300,0.0,0.0,0.0
2003-05-14,87.91000366210938,88.29000091552734,87.72000122070312,88.20999908447266,45.983001708984375,177500,0.0,0.0,0.0
2003-05-15,87.88999938964844,88.30000305175781,87.83000183105469,88.12000274658203,45.93608474731445,68500,0.0,0.0,0.0
2003-05-16,88.4000015258789,88.61000061035156,88.20999908447266,88.58999633789062,46.18105697631836,137800,0.0,0.0,0.0
2003-05-19,88.91999816894531,88.91999816894531,88.44999694824219,88.56999969482422,46.170631408691406,69000,0.0,0.0,0.0
2003-05-20,88.44999694824219,89.16000366210938,88.44000244140625,89.16000366210938,46.47819137573242,130900,0.0,0.0,0.0
2003-05-21,88.83999633789062,89.36000061035156,88.83999633789062,88.87999725341797,46.332275390625,83500,0.0,0.0,0.0
2003-05-22,89.08000183105469,89.30000305175781,89.01000213623047,89.30000305175781,46.551185607910156,414300,0.0,0.0,0.0
2003-05-23,89.36000061035156,89.5,89.13999938964844,89.19999694824219,46.499061584472656,82200,0.0,0.0,0.0
2003-05-27,89.26000213623047,89.3499984741211,88.8499984741211,88.87000274658203,46.32703399658203,176200,0.0,0.0,0.0
2003-05-28,88.66999816894531,88.97000122070312,88.47000122070312,88.88999938964844,46.33746337890625,204400,0.0,0.0,0.0
2003-05-29,89.12000274658203,89.38999938964844,89.08000183105469,89.36000061035156,46.58243942260742,97800,0.0,0.0,0.0
2003-05-30,89.20999908447266,89.36000061035156,88.88999938964844,89.30999755859375,46.55642318725586,165000,0.0,0.0,0.0
2003-06-02,88.69999694824219,88.76000213623047,88.51000213623047,88.72000122070312,46.37554168701172,165700,0.244,0.0,0.0
2003-06-03,88.97000122070312,89.44000244140625,88.97000122070312,89.30999755859375,46.683937072753906,77000,0.0,0.0,0.0
2003-06-04,89.48999786376953,89.62999725341797,89.2699966430664,89.56999969482422,46.81984329223633,183600,0.0,0.0,0.0
2003-06-05,89.76000213623047,89.81999969482422,89.19000244140625,89.25,46.652610778808594,61500,0.0,0.0,0.0
2003-06-06,88.97000122070312,89.19000244140625,88.83999633789062,89.1500015258789,46.600318908691406,110900,0.0,0.0,0.0
2003-06-09,89.52999877929688,89.68000030517578,89.37000274658203,89.63999938964844,46.856449127197266,48800,0.0,0.0,0.0
2003-06-10,89.9000015258789,90.19999694824219,89.9000015258789,90.13999938964844,47.11780548095703,65600,0.0,0.0,0.0
2003-06-11,90.20999908447266,90.37000274658203,89.94000244140625,89.94999694824219,47.018463134765625,79600,0.0,0.0,0.0
2003-06-12,90.08000183105469,90.4800033569336,90.02999877929688,90.30000305175781,47.201419830322266,50100,0.0,0.0,0.0
2003-06-13,90.5199966430664,90.76000213623047,90.47000122070312,90.62999725341797,47.373905181884766,75200,0.0,0.0,0.0
2003-06-16,90.80000305175781,90.80000305175781,90.13999938964844,90.16000366210938,47.12828063964844,161200,0.0,0.0,0.0
2003-06-17,89.95999908447266,90.0199966430664,89.62000274658203,89.66999816894531,46.87209701538086,135200,0.0,0.0,0.0
2003-06-18,89.44000244140625,89.5,89.0999984741211,89.12999725341797,46.58985137939453,252300,0.0,0.0,0.0
2003-06-19,89.13999938964844,89.37999725341797,88.8499984741211,89.26000213623047,46.65780258178711,202600,0.0,0.0,0.0
2003-06-20,89.0199966430664,89.16999816894531,88.86000061035156,89.12000274658203,46.584632873535156,61300,0.0,0.0,0.0
2003-06-23,89.12000274658203,89.58999633789062,89.0999984741211,89.45999908447266,46.76232147216797,38100,0.0,0.0,0.0
2003-06-24,89.56999969482422,89.91000366210938,89.41999816894531,89.87999725341797,46.98189163208008,132200,0.0,0.0,0.0
2003-06-25,90.16000366210938,90.16000366210938,89.01000213623047,89.19999694824219,46.62643051147461,164700,0.0,0.0,0.0
2003-06-26,88.86000061035156,88.86000061035156,88.2300033569336,88.31999969482422,46.166465759277344,470200,0.0,0.0,0.0
2003-06-27,88.47000122070312,88.5,87.88999938964844,88.23999786376953,46.1246223449707,244200,0.0,0.0,0.0
2003-06-30,88.2300033569336,88.48999786376953,88.12000274658203,88.44999694824219,46.2343635559082,126500,0.0,0.0,0.0
2003-07-01,88.2300033569336,88.55999755859375,87.93000030517578,88.0199966430664,46.35712432861328,167200,0.663,0.0,0.0
2003-07-02,87.52999877929688,88.20999908447266,87.52999877929688,88.11000061035156,46.404502868652344,86900,0.0,0.0,0.0
2003-07-03,88.0199966430664,88.06999969482422,87.48999786376953,87.55000305175781,46.10960006713867,205300,0.0,0.0,0.0
2003-07-07,87.16000366210938,87.36000061035156,87.05999755859375,87.08000183105469,45.8620491027832,196100,0.0,0.0,0.0
2003-07-08,87.37999725341797,87.4000015258789,86.91000366210938,87.11000061035156,45.87785720825195,156700,0.0,0.0,0.0
2003-07-09,87.33000183105469,87.45999908447266,87.12999725341797,87.2699966430664,45.96209716796875,90600,0.0,0.0,0.0
2003-07-10,87.5199966430664,87.62999725341797,87.27999877929688,87.47000122070312,46.06745910644531,292800,0.0,0.0,0.0
2003-07-11,87.33999633789062,87.79000091552734,87.33999633789062,87.77999877929688,46.230712890625,37900,0.0,0.0,0.0
2003-07-14,87.66999816894531,87.86000061035156,87.25,87.2699966430664,45.96209716796875,187400,0.0,0.0,0.0
2003-07-15,87.16000366210938,87.25,85.88999938964844,86.08000183105469,45.33538818359375,530600,0.0,0.0,0.0
2003-07-16,85.5199966430664,86.12999725341797,85.5199966430664,86.11000061035156,45.351158142089844,304400,0.0,0.0,0.0
2003-07-17,85.47000122070312,85.97000122070312,85.45999908447266,85.93000030517578,45.25639343261719,173800,0.0,0.0,0.0
2003-07-18,85.81999969482422,85.9000015258789,85.68000030517578,85.70999908447266,45.140525817871094,182600,0.0,0.0,0.0
2003-07-21,85.44000244140625,85.5999984741211,84.4000015258789,84.58999633789062,44.55068588256836,497800,0.0,0.0,0.0
2003-07-22,84.68000030517578,84.93000030517578,84.4800033569336,84.88999938964844,44.708702087402344,121500,0.0,0.0,0.0
2003-07-23,85.25,85.5,85.08000183105469,85.1500015258789,44.845584869384766,209400,0.0,0.0,0.0
2003-07-24,84.80000305175781,84.88999938964844,84.6500015258789,84.81999969482422,44.671791076660156,186300,0.0,0.0,0.0
2003-07-25,84.9000015258789,85.30999755859375,84.63999938964844,84.70999908447266,44.613853454589844,34700,0.0,0.0,0.0
2003-07-28,84.44999694824219,84.47000122070312,84.05999755859375,84.08999633789062,44.28734588623047,124100,0.0,0.0,0.0
2003-07-29,83.97000122070312,84.6500015258789,83.2699966430664,83.2699966430664,43.85544967651367,297800,0.0,0.0,0.0
2003-07-30,83.69999694824219,84.31999969482422,83.6500015258789,83.94000244140625,44.20831298828125,158600,0.0,0.0,0.0
2003-07-31,83.5,83.72000122070312,82.69999694824219,83.37999725341797,43.91341018676758,241800,0.0,0.0,0.0
2003-08-01,82.70999908447266,83.33000183105469,82.63999938964844,83.0,44.092437744140625,160400,0.717,0.0,0.0
2003-08-04,83.08999633789062,83.66000366210938,83.0,83.61000061035156,44.41645431518555,498600,0.0,0.0,0.0
2003-08-05,83.55000305175781,83.76000213623047,82.83000183105469,83.05000305175781,44.118988037109375,169300,0.0,0.0,0.0
2003-08-06,83.26000213623047,84.04000091552734,83.22000122070312,83.9000015258789,44.570552825927734,338000,0.0,0.0,0.0
2003-08-07,84.16999816894531,84.2300033569336,83.69000244140625,84.19999694824219,44.72991943359375,292400,0.0,0.0,0.0
2003-08-08,84.37000274658203,84.75,84.0999984741211,84.19000244140625,44.72456741333008,235900,0.0,0.0,0.0
2003-08-11,84.05000305175781,84.05000305175781,83.55999755859375,83.83999633789062,44.53866958618164,150300,0.0,0.0,0.0
2003-08-12,83.86000061035156,84.0999984741211,83.5999984741211,83.69000244140625,44.45895004272461,197500,0.0,0.0,0.0
2003-08-13,83.25,83.30000305175781,82.66999816894531,82.76000213623047,43.96492385864258,346200,0.0,0.0,0.0
2003-08-14,82.5,82.94999694824219,82.16000366210938,82.93000030517578,44.05522155761719,314300,0.0,0.0,0.0
2003-08-15,83.0999984741211,83.0999984741211,82.9000015258789,82.9000015258789,44.03927993774414,10700,0.0,0.0,0.0
2003-08-18,83.13999938964844,83.22000122070312,82.87000274658203,83.1500015258789,44.1721076965332,137700,0.0,0.0,0.0
2003-08-19,83.08000183105469,83.80999755859375,83.0,83.80999755859375,44.5226936340332,162100,0.0,0.0,0.0
2003-08-20,83.86000061035156,83.9000015258789,83.22000122070312,83.41000366210938,44.31022262573242,99000,0.0,0.0,0.0
2003-08-21,83.25,83.4000015258789,82.66999816894531,83.0999984741211,44.145538330078125,129800,0.0,0.0,0.0
2003-08-22,82.87999725341797,83.2300033569336,82.8499984741211,83.16000366210938,44.177425384521484,241900,0.0,0.0,0.0
2003-08-25,83.0999984741211,83.30000305175781,82.6500015258789,82.80000305175781,43.98616409301758,99600,0.0,0.0,0.0
2003-08-26,82.54000091552734,83.0999984741211,82.5,83.0999984741211,44.145538330078125,87500,0.0,0.0,0.0
2003-08-27,83.16000366210938,83.16000366210938,82.66000366210938,82.9000015258789,44.03927993774414,50800,0.0,0.0,0.0
2003-08-28,83.05999755859375,83.55000305175781,83.05999755859375,83.4800033569336,44.34738540649414,64600,0.0,0.0,0.0
2003-08-29,83.51000213623047,83.52999877929688,83.05999755859375,83.25,44.225250244140625,62600,0.0,0.0,0.0
2003-09-02,82.4000015258789,82.69999694824219,82.1500015258789,82.1500015258789,44.04506301879883,118000,0.764,0.0,0.0
2003-09-03,82.26000213623047,82.4000015258789,82.19000244140625,82.36000061035156,44.15763854980469,105600,0.0,0.0,0.0
2003-09-04,82.5999984741211,82.94999694824219,82.41000366210938,82.88999938964844,44.44181442260742,145000,0.0,0.0,0.0
2003-09-05,83.62000274658203,84.0,83.37999725341797,83.94000244140625,45.004764556884766,130000,0.0,0.0,0.0
2003-09-08,83.80999755859375,84.37000274658203,83.55000305175781,83.55000305175781,44.79570770263672,224000,0.0,0.0,0.0
2003-09-09,83.76000213623047,83.98999786376953,83.48999786376953,83.94999694824219,45.010154724121094,69300,0.0,0.0,0.0
2003-09-10,84.0999984741211,84.58000183105469,84.0199966430664,84.5199966430664,45.31574249267578,136800,0.0,0.0,0.0
2003-09-11,84.27999877929688,84.30000305175781,84.05000305175781,84.22000122070312,45.15494155883789,79200,0.0,0.0,0.0
2003-09-12,84.69999694824219,85.02999877929688,84.52999877929688,84.55999755859375,45.337181091308594,146000,0.0,0.0,0.0
2003-09-15,84.45999908447266,84.81999969482422,84.25,84.70999908447266,45.41762924194336,125700,0.0,0.0,0.0
2003-09-16,84.58000183105469,84.7699966430664,84.36000061035156,84.63999938964844,45.38010787963867,80100,0.0,0.0,0.0
2003-09-17,84.77999877929688,85.23999786376953,84.6500015258789,85.11000061035156,45.632110595703125,177100,0.0,0.0,0.0
2003-09-18,85.12000274658203,85.18000030517578,84.68000030517578,85.0999984741211,45.62672805786133,132200,0.0,0.0,0.0
2003-09-19,85.05000305175781,85.18000030517578,84.87999725341797,85.0999984741211,45.62672805786133,195200,0.0,0.0,0.0
2003-09-22,84.66000366210938,84.77999877929688,84.25,84.7300033569336,45.428321838378906,249500,0.0,0.0,0.0
2003-09-23,84.61000061035156,84.95999908447266,84.5199966430664,84.93000030517578,45.535587310791016,96300,0.0,0.0,0.0
2003-09-24,84.87000274658203,85.51000213623047,84.80999755859375,85.36000061035156,45.76614761352539,258000,0.0,0.0,0.0
2003-09-25,85.44999694824219,85.66000366210938,85.33999633789062,85.4800033569336,45.830467224121094,314800,0.0,0.0,0.0
2003-09-26,85.73999786376953,86.1500015258789,85.66999816894531,86.12999725341797,46.17898941040039,281300,0.0,0.0,0.0
2003-09-29,85.9000015258789,86.06999969482422,85.72000122070312,85.76000213623047,45.98057556152344,97500,0.0,0.0,0.0
2003-09-30,85.94000244140625,86.87999725341797,85.94000244140625,86.58999633789062,46.42559814453125,450400,0.0,0.0,0.0
2003-10-01,86.2699966430664,86.45999908447266,86.05000305175781,86.23999786376953,46.631587982177734,102100,0.731,0.0,0.0
2003-10-02,85.7300033569336,86.1500015258789,85.55999755859375,85.93000030517578,46.46402359008789,163500,0.0,0.0,0.0
2003-10-03,85.16999816894531,85.16999816894531,84.6500015258789,84.73999786376953,45.820556640625,319500,0.0,0.0,0.0
2003-10-06,84.56999969482422,85.11000061035156,84.56999969482422,84.98999786376953,45.95569610595703,89900,0.0,0.0,0.0
2003-10-07,84.93000030517578,84.94999694824219,84.45999908447266,84.5,45.69075393676758,93000,0.0,0.0,0.0
2003-10-08,84.33999633789062,84.80000305175781,84.33999633789062,84.6500015258789,45.771846771240234,116100,0.0,0.0,0.0
2003-10-09,84.16999816894531,84.4000015258789,84.0999984741211,84.37999725341797,45.62586975097656,173700,0.0,0.0,0.0
2003-10-10,84.6500015258789,84.80000305175781,84.56999969482422,84.62999725341797,45.76107406616211,73400,0.0,0.0,0.0
2003-10-13,84.75,84.75,84.3499984741211,84.5,45.69075393676758,62100,0.0,0.0,0.0
2003-10-14,84.18000030517578,84.43000030517578,84.08000183105469,84.16000366210938,45.50694274902344,118700,0.0,0.0,0.0
2003-10-15,83.83999633789062,83.93000030517578,83.6500015258789,83.86000061035156,45.344669342041016,62800,0.0,0.0,0.0
2003-10-16,83.95999908447266,84.1500015258789,83.37000274658203,83.4000015258789,45.09597396850586,89600,0.0,0.0,0.0
2003-10-17,83.56999969482422,83.9000015258789,83.43000030517578,83.8499984741211,45.33931350708008,84800,0.0,0.0,0.0
2003-10-20,83.75,84.13999938964844,83.66000366210938,83.91000366210938,45.37172317504883,90700,0.0,0.0,0.0
2003-10-21,84.16000366210938,84.31999969482422,84.0,84.05999755859375,45.452857971191406,213400,0.0,0.0,0.0
2003-10-22,84.51000213623047,84.76000213623047,84.37000274658203,84.66999816894531,45.78266906738281,167300,0.0,0.0,0.0
2003-10-23,84.69999694824219,84.75,84.23999786376953,84.4000015258789,45.63666534423828,146700,0.0,0.0,0.0
2003-10-24,84.75,85.1500015258789,84.62000274658203,84.98999786376953,45.95569610595703,136500,0.0,0.0,0.0
2003-10-27,84.80999755859375,85.0,84.62999725341797,84.76000213623047,45.831356048583984,171300,0.0,0.0,0.0
2003-10-28,84.66000366210938,85.2699966430664,84.44000244140625,85.16000366210938,46.04766845703125,174300,0.0,0.0,0.0
2003-10-29,85.0199966430664,85.05000305175781,84.61000061035156,84.61000061035156,45.75022888183594,111400,0.0,0.0,0.0
2003-10-30,84.1500015258789,84.41000366210938,84.06999969482422,84.30000305175781,45.5826416015625,302000,0.0,0.0,0.0
2003-10-31,84.44999694824219,84.66000366210938,84.41000366210938,84.5999984741211,45.74484634399414,77600,0.0,0.0,0.0
2003-11-03,84.05999755859375,84.0999984741211,83.7300033569336,84.0,45.57069778442383,133500,0.279,0.0,0.0
2003-11-04,84.16000366210938,84.30999755859375,84.08999633789062,84.30000305175781,45.733463287353516,84700,0.0,0.0,0.0
2003-11-05,84.23999786376953,84.29000091552734,83.91999816894531,84.0,45.57069778442383,172900,0.0,0.0,0.0
2003-11-06,83.75,83.7699966430664,83.52999877929688,83.56999969482422,45.337459564208984,143700,0.0,0.0,0.0
2003-11-07,83.31999969482422,83.5,83.22000122070312,83.43000030517578,45.26144790649414,112900,0.0,0.0,0.0
2003-11-10,83.5,83.66999816894531,83.2699966430664,83.4000015258789,45.24518585205078,97800,0.0,0.0,0.0
2003-11-11,83.30000305175781,83.75,83.30000305175781,83.52999877929688,45.31568908691406,27300,0.0,0.0,0.0
2003-11-12,83.58000183105469,83.80999755859375,83.58000183105469,83.80000305175781,45.46220779418945,80200,0.0,0.0,0.0
2003-11-13,84.12000274658203,84.55000305175781,84.11000061035156,84.52999877929688,45.85820770263672,134700,0.0,0.0,0.0
2003-11-14,84.55999755859375,85.0,84.55999755859375,84.98999786376953,46.10775375366211,70000,0.0,0.0,0.0
2003-11-17,85.08000183105469,85.36000061035156,85.08000183105469,85.08999633789062,46.16200637817383,113300,0.0,0.0,0.0
2003-11-18,84.94000244140625,85.44000244140625,84.87000274658203,85.44000244140625,46.35187911987305,95700,0.0,0.0,0.0
2003-11-19,85.5,85.52999877929688,84.81999969482422,84.86000061035156,46.03724670410156,524800,0.0,0.0,0.0
2003-11-20,85.31999969482422,85.38999938964844,84.98999786376953,85.38999938964844,46.32477569580078,59600,0.0,0.0,0.0
2003-11-21,85.4800033569336,85.55000305175781,85.33999633789062,85.3499984741211,46.30306625366211,237400,0.0,0.0,0.0
2003-11-24,85.08999633789062,85.12999725341797,84.80000305175781,84.9000015258789,46.05894088745117,164400,0.0,0.0,0.0
2003-11-25,84.97000122070312,85.26000213623047,84.97000122070312,85.11000061035156,46.172882080078125,126400,0.0,0.0,0.0
2003-11-26,85.01000213623047,85.1500015258789,84.80000305175781,84.9000015258789,46.05894088745117,56800,0.0,0.0,0.0
2003-11-28,84.58000183105469,84.58000183105469,84.33000183105469,84.33999633789062,45.75517654418945,121400,0.0,0.0,0.0
2003-12-01,83.72000122070312,83.75,83.2699966430664,83.5999984741211,45.47554397583008,201100,0.226,0.0,0.0
2003-12-02,83.66000366210938,83.83999633789062,83.4000015258789,83.83999633789062,45.60609817504883,278700,0.0,0.0,0.0
2003-12-03,83.80000305175781,83.94000244140625,83.51000213623047,83.62000274658203,45.48640441894531,119300,0.0,0.0,0.0
2003-12-04,83.6500015258789,83.94999694824219,83.58999633789062,83.80000305175781,45.58436965942383,78000,0.0,0.0,0.0
2003-12-05,84.5199966430664,85.0,84.41999816894531,84.81999969482422,46.139198303222656,1858200,0.0,0.0,0.0
2003-12-08,84.81999969482422,84.81999969482422,84.44999694824219,84.5,45.965084075927734,107200,0.0,0.0,0.0
2003-12-09,84.72000122070312,84.8499984741211,83.9000015258789,84.08000183105469,45.73666000366211,282800,0.0,0.0,0.0
2003-12-10,84.37999725341797,84.38999938964844,84.05000305175781,84.29000091552734,45.85089874267578,158200,0.0,0.0,0.0
2003-12-11,84.1500015258789,84.87999725341797,84.0199966430664,84.80000305175781,46.128292083740234,52200,0.0,0.0,0.0
2003-12-12,84.87000274658203,85.16000366210938,84.7699966430664,84.80000305175781,46.128292083740234,96700,0.0,0.0,0.0
2003-12-15,84.76000213623047,84.94999694824219,84.56999969482422,84.76000213623047,46.10655212402344,204500,0.0,0.0,0.0
2003-12-16,84.81999969482422,84.94999694824219,84.58999633789062,84.93000030517578,46.661441802978516,79000,0.84,0.0,0.0
2003-12-17,85.23999786376953,85.43000030517578,85.08999633789062,85.1500015258789,46.78234100341797,92600,0.0,0.0,0.0
2003-12-18,85.16000366210938,85.47000122070312,85.08000183105469,85.44000244140625,46.94163513183594,71900,0.0,0.0,0.0
2003-12-19,85.30999755859375,85.44999694824219,85.16000366210938,85.44999694824219,46.947105407714844,342100,0.0,0.0,0.0
2003-12-22,85.52999877929688,85.56999969482422,85.13999938964844,85.22000122070312,46.82083511352539,80500,0.0,0.0,0.0
2003-12-23,85.08999633789062,85.12000274658203,84.63999938964844,84.63999938964844,46.50212478637695,87400,0.0,0.0,0.0
2003-12-24,84.94000244140625,85.18000030517578,84.87000274658203,85.16999816894531,46.793304443359375,33900,0.0,0.0,0.0
2003-12-26,85.36000061035156,85.45999908447266,85.31999969482422,85.44000244140625,46.94163513183594,120800,0.0,0.0,0.0
2003-12-29,85.12000274658203,85.19999694824219,84.91999816894531,84.91999816894531,46.655982971191406,88300,0.0,0.0,0.0
2003-12-30,84.75,84.94999694824219,84.62999725341797,84.83000183105469,46.60647964477539,86500,0.0,0.0,0.0
2003-12-31,84.5999984741211,84.7300033569336,84.5,84.69999694824219,46.688655853271484,182200,0.279,0.0,0.0
2004-01-02,84.5199966430664,84.5199966430664,83.75,84.0199966430664,46.31379699707031,259700,0.0,0.0,0.0
2004-01-05,83.80000305175781,84.01000213623047,83.72000122070312,83.94999694824219,46.27522659301758,210700,0.0,0.0,0.0
2004-01-06,84.0999984741211,84.69000244140625,84.0999984741211,84.58000183105469,46.62250900268555,144300,0.0,0.0,0.0
2004-01-07,84.52999877929688,84.93000030517578,84.48999786376953,84.7699966430664,46.727210998535156,66500,0.0,0.0,0.0
2004-01-08,84.69999694824219,84.88999938964844,84.5999984741211,84.7699966430664,46.727210998535156,140000,0.0,0.0,0.0
2004-01-09,85.69999694824219,85.81999969482422,85.55000305175781,85.7699966430664,47.27845764160156,914600,0.0,0.0,0.0
2004-01-12,85.69999694824219,86.1500015258789,85.62999725341797,85.7699966430664,47.27845764160156,136000,0.0,0.0,0.0
2004-01-13,85.76000213623047,86.25,85.6500015258789,86.2300033569336,47.53203201293945,77200,0.0,0.0,0.0
2004-01-14,86.0999984741211,86.44000244140625,85.98999786376953,86.4000015258789,47.625728607177734,114200,0.0,0.0,0.0
2004-01-15,86.4000015258789,86.87000274658203,86.12000274658203,86.44999694824219,47.653255462646484,472900,0.0,0.0,0.0
2004-01-16,86.62000274658203,86.62000274658203,86.0,86.08999633789062,47.45487594604492,64400,0.0,0.0,0.0
2004-01-20,85.87999725341797,86.22000122070312,85.83999633789062,85.94000244140625,47.37211608886719,86900,0.0,0.0,0.0
2004-01-21,86.08999633789062,86.2300033569336,85.9000015258789,86.19000244140625,47.509986877441406,248700,0.0,0.0,0.0
2004-01-22,86.31999969482422,86.55999755859375,86.16000366210938,86.55999755859375,47.713897705078125,176000,0.0,0.0,0.0
2004-01-23,86.66999816894531,86.77999877929688,85.81999969482422,85.91000366210938,47.35564041137695,344900,0.0,0.0,0.0
2004-01-26,85.9000015258789,85.9000015258789,85.4800033569336,85.55000305175781,47.15719223022461,283700,0.0,0.0,0.0
2004-01-27,85.52999877929688,85.91999816894531,85.52999877929688,85.88999938964844,47.344627380371094,138100,0.0,0.0,0.0
2004-01-28,85.86000061035156,86.2300033569336,84.77999877929688,85.2699966430664,47.0028190612793,805400,0.0,0.0,0.0
2004-01-29,85.04000091552734,85.25,84.86000061035156,85.16999816894531,46.94772720336914,155100,0.0,0.0,0.0
2004-01-30,85.4800033569336,85.5999984741211,85.27999877929688,85.55999755859375,47.1627082824707,110000,0.0,0.0,0.0
2004-02-02,85.22000122070312,85.66999816894531,85.1500015258789,85.22000122070312,47.115779876708984,78600,0.255,0.0,0.0
2004-02-03,85.4800033569336,85.55000305175781,85.33000183105469,85.55000305175781,47.298133850097656,89200,0.0,0.0,0.0
2004-02-04,85.45999908447266,85.45999908447266,85.25,85.41000366210938,47.22074890136719,126100,0.0,0.0,0.0
2004-02-05,85.37999725341797,85.5,85.0,85.08999633789062,47.0438117980957,209700,0.0,0.0,0.0
2004-02-06,85.5999984741211,85.75,85.5199966430664,85.61000061035156,47.33131408691406,297000,0.0,0.0,0.0
2004-02-09,85.80999755859375,85.9000015258789,85.69999694824219,85.80999755859375,47.44190216064453,176000,0.0,0.0,0.0
2004-02-10,85.69999694824219,85.75,85.51000213623047,85.56999969482422,47.3091926574707,344200,0.0,0.0,0.0
2004-02-11,85.47000122070312,86.30000305175781,85.37999725341797,86.0199966430664,47.5579948425293,202200,0.0,0.0,0.0
2004-02-12,86.0999984741211,86.19999694824219,85.83000183105469,85.97000122070312,47.53034210205078,109000,0.0,0.0,0.0
2004-02-13,86.20999908447266,86.4000015258789,86.08000183105469,86.19000244140625,47.65202331542969,205900,0.0,0.0,0.0
2004-02-17,86.31999969482422,86.31999969482422,86.0999984741211,86.19000244140625,47.65202331542969,48000,0.0,0.0,0.0
2004-02-18,86.5199966430664,86.5199966430664,86.11000061035156,86.16999816894531,47.64094161987305,74200,0.0,0.0,0.0
2004-02-19,86.0199966430664,86.25,85.9800033569336,86.2300033569336,47.674095153808594,39700,0.0,0.0,0.0
2004-02-20,86.18000030517578,86.19999694824219,85.81999969482422,85.94000244140625,47.513771057128906,62300,0.0,0.0,0.0
2004-02-23,86.0199966430664,86.26000213623047,85.95999908447266,86.22000122070312,47.668582916259766,230200,0.0,0.0,0.0
2004-02-24,86.36000061035156,86.55999755859375,86.26000213623047,86.37000274658203,47.751556396484375,299600,0.0,0.0,0.0
2004-02-25,86.47000122070312,86.54000091552734,86.4000015258789,86.47000122070312,47.806785583496094,108700,0.0,0.0,0.0
2004-02-26,86.31999969482422,86.38999938964844,86.19999694824219,86.33999633789062,47.73493194580078,169800,0.0,0.0,0.0
2004-02-27,86.56999969482422,86.73999786376953,86.44000244140625,86.68000030517578,47.922889709472656,161900,0.0,0.0,0.0
2004-03-01,86.6500015258789,86.7300033569336,86.36000061035156,86.5199966430664,47.97334289550781,284600,0.251,0.0,0.0
2004-03-02,86.29000091552734,86.30999755859375,85.86000061035156,86.0199966430664,47.69612503051758,284500,0.0,0.0,0.0
2004-03-03,85.87000274658203,85.9800033569336,85.69999694824219,85.94000244140625,47.65176773071289,270400,0.0,0.0,0.0
2004-03-04,85.9000015258789,86.20999908447266,85.83000183105469,86.20999908447266,47.801414489746094,383700,0.0,0.0,0.0
2004-03-05,87.44999694824219,87.5,87.2300033569336,87.27999877929688,48.39476776123047,904800,0.0,0.0,0.0
2004-03-08,87.69000244140625,87.77999877929688,87.58999633789062,87.7699966430664,48.666439056396484,208400,0.0,0.0,0.0
2004-03-09,87.76000213623047,88.13999938964844,87.7300033569336,88.0999984741211,48.84941482543945,254300,0.0,0.0,0.0
2004-03-10,87.94000244140625,88.16000366210938,87.91999816894531,88.08999633789062,48.84390640258789,245100,0.0,0.0,0.0
2004-03-11,88.30999755859375,88.33000183105469,87.72000122070312,88.0999984741211,48.84941482543945,486800,0.0,0.0,0.0
2004-03-12,88.05000305175781,88.16999816894531,87.81999969482422,87.83000183105469,48.69973373413086,245600,0.0,0.0,0.0
2004-03-15,87.8499984741211,88.02999877929688,87.70999908447266,87.87999725341797,48.727447509765625,432800,0.0,0.0,0.0
2004-03-16,87.75,88.37000274658203,87.63999938964844,88.30999755859375,48.965877532958984,178400,0.0,0.0,0.0
2004-03-17,88.55000305175781,88.55000305175781,88.16000366210938,88.25,48.932559967041016,522300,0.0,0.0,0.0
2004-03-18,88.06999969482422,88.27999877929688,87.9000015258789,87.97000122070312,48.7773551940918,207200,0.0,0.0,0.0
2004-03-19,87.91000366210938,87.97000122070312,87.73999786376953,87.8499984741211,48.71079635620117,329500,0.0,0.0,0.0
2004-03-22,88.0,88.2300033569336,87.94999694824219,88.18000030517578,48.89378356933594,87300,0.0,0.0,0.0
2004-03-23,88.13999938964844,88.30999755859375,88.0999984741211,88.30999755859375,48.965877532958984,200400,0.0,0.0,0.0
2004-03-24,88.2699966430664,88.33000183105469,88.16999816894531,88.25,48.932559967041016,397900,0.0,0.0,0.0
2004-03-25,88.0999984741211,88.19999694824219,88.0199966430664,88.12999725341797,48.866092681884766,71000,0.0,0.0,0.0
2004-03-26,88.05000305175781,88.05000305175781,87.44000244140625,87.56999969482422,48.55557632446289,316200,0.0,0.0,0.0
2004-03-29,87.22000122070312,87.23999786376953,87.04000091552734,87.19999694824219,48.35036849975586,196500,0.0,0.0,0.0
2004-03-30,87.44999694824219,87.44999694824219,87.1500015258789,87.2300033569336,48.36701202392578,78500,0.0,0.0,0.0
2004-03-31,87.30999755859375,87.62000274658203,87.29000091552734,87.55000305175781,48.54448699951172,222000,0.0,0.0,0.0
2004-04-01,87.22000122070312,87.25,86.87999725341797,87.08000183105469,48.425437927246094,438500,0.256,0.0,0.0
2004-04-02,85.69999694824219,85.80000305175781,85.3499984741211,85.47000122070312,47.530120849609375,321800,0.0,0.0,0.0
2004-04-05,85.12999725341797,85.19999694824219,84.9000015258789,85.05000305175781,47.29656982421875,214500,0.0,0.0,0.0
2004-04-06,85.30000305175781,85.41000366210938,85.19999694824219,85.3499984741211,47.463401794433594,87400,0.0,0.0,0.0
2004-04-07,85.37999725341797,85.58999633789062,85.30000305175781,85.36000061035156,47.468955993652344,144100,0.0,0.0,0.0
2004-04-08,85.2699966430664,85.41000366210938,85.19000244140625,85.19999694824219,47.37995910644531,43200,0.0,0.0,0.0
2004-04-12,85.01000213623047,85.01000213623047,84.83000183105469,84.93000030517578,47.2298583984375,98900,0.0,0.0,0.0
2004-04-13,84.44000244140625,84.56999969482422,84.2699966430664,84.2699966430664,46.86280059814453,382100,0.0,0.0,0.0
2004-04-14,83.69999694824219,84.22000122070312,83.69999694824219,84.20999908447266,46.82940673828125,473900,0.0,0.0,0.0
2004-04-15,84.0999984741211,84.2699966430664,83.94999694824219,84.08999633789062,46.7627067565918,128200,0.0,0.0,0.0
2004-04-16,84.36000061035156,84.48999786376953,84.19999694824219,84.4000015258789,46.935081481933594,135900,0.0,0.0,0.0
2004-04-19,84.51000213623047,84.55999755859375,84.1500015258789,84.18000030517578,46.81272888183594,211700,0.0,0.0,0.0
2004-04-20,84.08000183105469,84.19999694824219,83.56999969482422,83.56999969482422,46.473541259765625,395700,0.0,0.0,0.0
2004-04-21,83.62000274658203,83.94000244140625,83.62000274658203,83.73999786376953,46.568050384521484,340300,0.0,0.0,0.0
2004-04-22,84.05999755859375,84.19999694824219,83.9000015258789,84.06999969482422,46.751590728759766,1074000,0.0,0.0,0.0
2004-04-23,83.7699966430664,83.83999633789062,83.58999633789062,83.72000122070312,46.556941986083984,94800,0.0,0.0,0.0
2004-04-26,83.62000274658203,83.77999877929688,83.62000274658203,83.70999908447266,46.551395416259766,51700,0.0,0.0,0.0
2004-04-27,83.88999938964844,84.04000091552734,83.66999816894531,84.04000091552734,46.7348747253418,65700,0.0,0.0,0.0
2004-04-28,83.8499984741211,83.95999908447266,83.44000244140625,83.48999786376953,46.429019927978516,86800,0.0,0.0,0.0
2004-04-29,83.56999969482422,83.69999694824219,83.11000061035156,83.30000305175781,46.323387145996094,197000,0.0,0.0,0.0
2004-04-30,83.36000061035156,83.56999969482422,83.20999908447266,83.5,46.43458938598633,57000,0.0,0.0,0.0
2004-05-03,83.16000366210938,83.33000183105469,83.12000274658203,83.19999694824219,46.41673278808594,69400,0.268,0.0,0.0
2004-05-04,83.4000015258789,83.6500015258789,82.95999908447266,82.95999908447266,46.2828369140625,588700,0.0,0.0,0.0
2004-05-05,83.25,83.25,82.76000213623047,82.7699966430664,46.176876068115234,290200,0.0,0.0,0.0
2004-05-06,82.76000213623047,82.83000183105469,82.6500015258789,82.69000244140625,46.13228225708008,256000,0.0,0.0,0.0
2004-05-07,81.9800033569336,81.9800033569336,81.5199966430664,81.66999816894531,45.56318283081055,428400,0.0,0.0,0.0
2004-05-10,81.70999908447266,81.83999633789062,81.55000305175781,81.6500015258789,45.55202865600586,275300,0.0,0.0,0.0
2004-05-11,81.66999816894531,81.8499984741211,81.62000274658203,81.80999755859375,45.64125061035156,132400,0.0,0.0,0.0
2004-05-12,81.7699966430664,81.91000366210938,81.5999984741211,81.69000244140625,45.57436752319336,74100,0.0,0.0,0.0
2004-05-13,81.5,81.54000091552734,81.30999755859375,81.44000244140625,45.43487548828125,143200,0.0,0.0,0.0
2004-05-14,81.5999984741211,81.93000030517578,81.56999969482422,81.8499984741211,45.66358184814453,186900,0.0,0.0,0.0
2004-05-17,82.22000122070312,82.44000244140625,82.22000122070312,82.37999725341797,45.95927810668945,623700,0.0,0.0,0.0
2004-05-18,82.18000030517578,82.25,82.05999755859375,82.22000122070312,45.8699951171875,148000,0.0,0.0,0.0
2004-05-19,81.83000183105469,81.94999694824219,81.76000213623047,81.83999633789062,45.657981872558594,59200,0.0,0.0,0.0
2004-05-20,82.19999694824219,82.29000091552734,82.05000305175781,82.25,45.88672637939453,136900,0.0,0.0,0.0
2004-05-21,82.47000122070312,82.47000122070312,82.0,82.06999969482422,45.78630828857422,212800,0.0,0.0,0.0
2004-05-24,82.0999984741211,82.1500015258789,81.94000244140625,82.12999725341797,45.81980514526367,64000,0.0,0.0,0.0
2004-05-25,82.2699966430664,82.33999633789062,82.13999938964844,82.16000366210938,45.83652114868164,74600,0.0,0.0,0.0
2004-05-26,82.43000030517578,82.61000061035156,82.33999633789062,82.56999969482422,46.065303802490234,131000,0.0,0.0,0.0
2004-05-27,82.91000366210938,83.05000305175781,82.77999877929688,83.0199966430664,46.31631851196289,577000,0.0,0.0,0.0
2004-05-28,82.93000030517578,83.0199966430664,82.58999633789062,82.79000091552734,46.18799591064453,59800,0.0,0.0,0.0
2004-06-01,82.26000213623047,82.30000305175781,81.91000366210938,82.0999984741211,45.95793914794922,188900,0.279,0.0,0.0
2004-06-02,82.08000183105469,82.16999816894531,81.94999694824219,81.95999908447266,45.87957000732422,141200,0.0,0.0,0.0
2004-06-03,81.9800033569336,82.16000366210938,81.9000015258789,82.08999633789062,45.95235061645508,165000,0.0,0.0,0.0
2004-06-04,82.12000274658203,82.12000274658203,81.72000122070312,81.75,45.76203918457031,157000,0.0,0.0,0.0
2004-06-07,81.68000030517578,81.87999725341797,81.55999755859375,81.87000274658203,45.82918167114258,119600,0.0,0.0,0.0
2004-06-08,81.68000030517578,81.8499984741211,81.56999969482422,81.8499984741211,45.81797409057617,627400,0.0,0.0,0.0
2004-06-09,81.62999725341797,81.7300033569336,81.41000366210938,81.61000061035156,45.68365478515625,146000,0.0,0.0,0.0
2004-06-10,81.56999969482422,81.76000213623047,81.45999908447266,81.69999694824219,45.73402786254883,156600,0.0,0.0,0.0
2004-06-14,81.5,81.55000305175781,81.25,81.30000305175781,45.510108947753906,185900,0.0,0.0,0.0
2004-06-15,81.9000015258789,82.47000122070312,81.83000183105469,82.37999725341797,46.11468505859375,423700,0.0,0.0,0.0
2004-06-16,82.08000183105469,82.2699966430664,82.01000213623047,82.19999694824219,46.01393508911133,55100,0.0,0.0,0.0
2004-06-17,82.02999877929688,82.43000030517578,81.94999694824219,82.43000030517578,46.14267349243164,91500,0.0,0.0,0.0
2004-06-18,82.44000244140625,82.4800033569336,82.25,82.26000213623047,46.04753875732422,114600,0.0,0.0,0.0
2004-06-21,82.4000015258789,82.47000122070312,82.2699966430664,82.38999938964844,46.120262145996094,44300,0.0,0.0,0.0
2004-06-22,82.33999633789062,82.36000061035156,82.25,82.27999877929688,46.0587043762207,209400,0.0,0.0,0.0
2004-06-23,82.18000030517578,82.41999816894531,82.16999816894531,82.4000015258789,46.12588119506836,149000,0.0,0.0,0.0
2004-06-24,82.75,82.88999938964844,82.6500015258789,82.72000122070312,46.30501937866211,188800,0.0,0.0,0.0
2004-06-25,82.62000274658203,82.7699966430664,82.5999984741211,82.76000213623047,46.327415466308594,61200,0.0,0.0,0.0
2004-06-28,82.44999694824219,82.5,82.13999938964844,82.1500015258789,45.98594665527344,102800,0.0,0.0,0.0
2004-06-29,82.22000122070312,82.54000091552734,82.0999984741211,82.54000091552734,46.204227447509766,103600,0.0,0.0,0.0
2004-06-30,82.66000366210938,83.11000061035156,82.61000061035156,83.05000305175781,46.489707946777344,452200,0.0,0.0,0.0
2004-07-01,82.7699966430664,83.0199966430664,82.56999969482422,82.94000244140625,46.581295013427734,115500,0.273,0.0,0.0
2004-07-02,83.72000122070312,83.83999633789062,83.44999694824219,83.6500015258789,46.98004913330078,146900,0.0,0.0,0.0
2004-07-06,83.66000366210938,83.7300033569336,83.45999908447266,83.48999786376953,46.89016342163086,107100,0.0,0.0,0.0
2004-07-07,83.5,83.66000366210938,83.45999908447266,83.52999877929688,46.91263961791992,61500,0.0,0.0,0.0
2004-07-08,83.58999633789062,83.75,83.51000213623047,83.54000091552734,46.91826248168945,186500,0.0,0.0,0.0
2004-07-09,83.63999938964844,83.72000122070312,83.55000305175781,83.68000030517578,46.996891021728516,192300,0.0,0.0,0.0
2004-07-12,83.7300033569336,83.83999633789062,83.72000122070312,83.77999877929688,47.053070068359375,182400,0.0,0.0,0.0
2004-07-13,83.58999633789062,83.62000274658203,83.41000366210938,83.5999984741211,46.95195007324219,84200,0.0,0.0,0.0
2004-07-14,83.54000091552734,83.62999725341797,83.5,83.55999755859375,46.92949676513672,252300,0.0,0.0,0.0
2004-07-15,83.55999755859375,83.5999984741211,83.44999694824219,83.5199966430664,46.907020568847656,77600,0.0,0.0,0.0
2004-07-16,83.91999816894531,84.33000183105469,83.91999816894531,84.33000183105469,47.361976623535156,225800,0.0,0.0,0.0
2004-07-19,84.2300033569336,84.33999633789062,84.20999908447266,84.30999755859375,47.350711822509766,44700,0.0,0.0,0.0
2004-07-20,84.12000274658203,84.25,83.72000122070312,83.76000213623047,47.04182434082031,111200,0.0,0.0,0.0
2004-07-21,83.55000305175781,83.62000274658203,83.33999633789062,83.58000183105469,46.94068908691406,98800,0.0,0.0,0.0
2004-07-22,83.69000244140625,83.80999755859375,83.62999725341797,83.68000030517578,46.996891021728516,54400,0.0,0.0,0.0
2004-07-23,83.69999694824219,83.9000015258789,83.69999694824219,83.87999725341797,47.10922622680664,54000,0.0,0.0,0.0
2004-07-26,83.69000244140625,83.73999786376953,83.58000183105469,83.58999633789062,46.946353912353516,65300,0.0,0.0,0.0
2004-07-27,83.56999969482422,83.56999969482422,82.97000122070312,83.0,46.61497497558594,73800,0.0,0.0,0.0
2004-07-28,82.86000061035156,83.1500015258789,82.7699966430664,83.12999725341797,46.68796920776367,83600,0.0,0.0,0.0
2004-07-29,83.08999633789062,83.22000122070312,83.05000305175781,83.20999908447266,46.73295974731445,39600,0.0,0.0,0.0
2004-07-30,83.5199966430664,83.80000305175781,83.51000213623047,83.77999877929688,47.053070068359375,64700,0.0,0.0,0.0
2004-08-02,83.76000213623047,83.76000213623047,83.5199966430664,83.58999633789062,47.09982681274414,226300,0.273,0.0,0.0
2004-08-03,83.58999633789062,83.87999725341797,83.58999633789062,83.79000091552734,47.21249771118164,167700,0.0,0.0,0.0
2004-08-04,83.79000091552734,84.0,83.70999908447266,83.73999786376953,47.184329986572266,103100,0.0,0.0,0.0
2004-08-05,83.9000015258789,84.06999969482422,83.9000015258789,83.98999786376953,47.3251953125,130000,0.0,0.0,0.0
2004-08-06,85.05000305175781,85.19999694824219,84.86000061035156,85.13999938964844,47.973167419433594,235700,0.0,0.0,0.0
2004-08-09,85.0,85.04000091552734,84.8499984741211,84.86000061035156,47.815406799316406,96100,0.0,0.0,0.0
2004-08-10,84.97000122070312,85.04000091552734,84.48999786376953,84.51000213623047,47.61820602416992,151600,0.0,0.0,0.0
2004-08-11,84.55000305175781,84.80000305175781,84.5199966430664,84.80000305175781,47.781585693359375,174900,0.0,0.0,0.0
2004-08-12,84.69999694824219,84.95999908447266,84.5999984741211,84.91000366210938,47.84357452392578,80100,0.0,0.0,0.0
2004-08-13,85.19999694824219,85.29000091552734,85.05999755859375,85.05999755859375,47.92810821533203,78300,0.0,0.0,0.0
2004-08-16,85.02999877929688,85.04000091552734,84.79000091552734,84.97000122070312,47.87738800048828,304300,0.0,0.0,0.0
2004-08-17,85.04000091552734,85.37000274658203,85.01000213623047,85.37000274658203,48.102787017822266,66400,0.0,0.0,0.0
2004-08-18,85.5,85.55000305175781,85.04000091552734,85.08999633789062,47.94497299194336,79600,0.0,0.0,0.0
2004-08-19,85.11000061035156,85.31999969482422,85.0199966430664,85.30000305175781,48.06334686279297,61800,0.0,0.0,0.0
2004-08-20,85.2300033569336,85.33000183105469,85.12000274658203,85.12999725341797,47.967506408691406,36700,0.0,0.0,0.0
2004-08-23,84.91999816894531,84.95999908447266,84.80999755859375,84.83999633789062,47.80413818359375,73100,0.0,0.0,0.0
2004-08-24,84.75,84.93000030517578,84.69999694824219,84.91999816894531,47.84922409057617,94300,0.0,0.0,0.0
2004-08-25,84.9800033569336,85.16999816894531,84.93000030517578,84.93000030517578,47.85487747192383,88900,0.0,0.0,0.0
2004-08-26,85.13999938964844,85.30000305175781,85.01000213623047,85.30000305175781,48.06334686279297,98700,0.0,0.0,0.0
2004-08-27,85.27999877929688,85.4000015258789,85.18000030517578,85.19999694824219,48.00700759887695,62200,0.0,0.0,0.0
2004-08-30,85.36000061035156,85.54000091552734,85.29000091552734,85.5,48.17603302001953,41400,0.0,0.0,0.0
2004-08-31,85.58000183105469,85.98999786376953,85.5199966430664,85.87000274658203,48.38452911376953,127600,0.0,0.0,0.0
2004-09-01,85.69999694824219,85.75,85.3499984741211,85.58999633789062,48.376583099365234,209500,0.266,0.0,0.0
2004-09-02,85.58000183105469,85.58000183105469,85.12000274658203,85.12999725341797,48.11659240722656,107100,0.0,0.0,0.0
2004-09-03,84.9000015258789,84.95999908447266,84.66000366210938,84.9000015258789,47.98660659790039,211800,0.0,0.0,0.0
2004-09-07,84.83000183105469,84.97000122070312,84.7300033569336,84.94999694824219,48.014869689941406,53300,0.0,0.0,0.0
2004-09-08,84.80000305175781,85.47000122070312,84.73999786376953,85.44000244140625,48.29182434082031,142700,0.0,0.0,0.0
2004-09-09,85.48999786376953,85.66000366210938,85.25,85.29000091552734,48.206993103027344,105300,0.0,0.0,0.0
2004-09-10,85.58000183105469,85.6500015258789,85.43000030517578,85.45999908447266,48.30315017700195,150300,0.0,0.0,0.0
2004-09-13,85.5199966430664,85.69000244140625,85.44000244140625,85.66999816894531,48.421836853027344,90300,0.0,0.0,0.0
2004-09-14,85.62999725341797,85.77999877929688,85.4800033569336,85.69000244140625,48.433170318603516,119500,0.0,0.0,0.0
2004-09-15,85.6500015258789,85.68000030517578,85.5,85.5999984741211,48.382259368896484,66900,0.0,0.0,0.0
2004-09-16,85.6500015258789,86.18000030517578,85.6500015258789,86.06999969482422,48.64791488647461,249500,0.0,0.0,0.0
2004-09-17,86.0,86.12999725341797,85.7699966430664,85.7699966430664,48.47835159301758,142100,0.0,0.0,0.0
2004-09-20,86.01000213623047,86.29000091552734,86.01000213623047,86.26000213623047,48.755306243896484,181200,0.0,0.0,0.0
2004-09-21,86.16999816894531,86.4000015258789,85.95999908447266,86.31999969482422,48.78920364379883,81700,0.0,0.0,0.0
2004-09-22,86.25,86.70999908447266,86.22000122070312,86.66999816894531,48.98701095581055,93600,0.0,0.0,0.0
2004-09-23,86.72000122070312,86.75,86.31999969482422,86.37000274658203,48.8174934387207,246700,0.0,0.0,0.0
2004-09-24,86.29000091552734,86.37000274658203,86.11000061035156,86.36000061035156,48.81180191040039,93100,0.0,0.0,0.0
2004-09-27,86.52999877929688,86.63999938964844,86.44000244140625,86.5999984741211,48.947444915771484,201200,0.0,0.0,0.0
2004-09-28,86.5999984741211,86.69000244140625,86.37000274658203,86.51000213623047,48.8965950012207,202800,0.0,0.0,0.0
2004-09-29,86.16000366210938,86.18000030517578,85.94999694824219,85.97000122070312,48.59137725830078,226100,0.0,0.0,0.0
2004-09-30,85.69999694824219,85.9000015258789,85.5199966430664,85.87999725341797,48.5405158996582,175000,0.0,0.0,0.0
2004-10-01,85.3499984741211,85.38999938964844,85.12999725341797,85.27999877929688,48.34605026245117,270200,0.257,0.0,0.0
2004-10-04,85.01000213623047,85.3499984741211,85.0,85.30999755859375,48.363059997558594,278100,0.0,0.0,0.0
2004-10-05,85.30999755859375,85.4000015258789,85.20999908447266,85.30999755859375,48.363059997558594,220000,0.0,0.0,0.0
2004-10-06,85.2699966430664,85.2699966430664,84.97000122070312,85.02999877929688,48.20430374145508,137100,0.0,0.0,0.0
2004-10-07,85.01000213623047,85.05999755859375,84.83000183105469,84.87999725341797,48.11927795410156,130500,0.0,0.0,0.0
2004-10-08,85.58000183105469,85.68000030517578,85.48999786376953,85.5999984741211,48.52751922607422,123400,0.0,0.0,0.0
2004-10-11,85.55999755859375,85.75,85.55000305175781,85.73999786376953,48.606842041015625,48800,0.0,0.0,0.0
2004-10-12,85.8499984741211,85.87999725341797,85.7300033569336,85.73999786376953,48.606842041015625,142700,0.0,0.0,0.0
2004-10-13,85.66999816894531,86.05999755859375,85.61000061035156,86.05000305175781,48.78257751464844,130600,0.0,0.0,0.0
2004-10-14,86.06999969482422,86.4000015258789,85.98999786376953,86.3499984741211,48.95266342163086,81300,0.0,0.0,0.0
2004-10-15,86.20999908447266,86.2699966430664,85.79000091552734,86.05999755859375,48.78824234008789,195100,0.0,0.0,0.0
2004-10-18,86.1500015258789,86.20999908447266,85.94000244140625,86.19000244140625,48.861976623535156,207800,0.0,0.0,0.0
2004-10-19,85.87999725341797,86.25,85.8499984741211,86.16000366210938,48.84496307373047,65300,0.0,0.0,0.0
2004-10-20,86.44999694824219,86.55999755859375,86.33000183105469,86.55000305175781,49.06603240966797,110700,0.0,0.0,0.0
2004-10-21,86.45999908447266,86.75,86.43000030517578,86.43000030517578,48.99799346923828,156600,0.0,0.0,0.0
2004-10-22,86.43000030517578,86.66999816894531,86.31999969482422,86.66999816894531,49.13407516479492,64100,0.0,0.0,0.0
2004-10-25,86.80000305175781,86.87000274658203,86.69000244140625,86.7699966430664,49.19074249267578,172300,0.0,0.0,0.0
2004-10-26,86.75,86.80999755859375,86.58000183105469,86.62000274658203,49.105712890625,37400,0.0,0.0,0.0
2004-10-27,86.72000122070312,86.80000305175781,86.01000213623047,86.08999633789062,48.80524444580078,126800,0.0,0.0,0.0
2004-10-28,85.94000244140625,86.31999969482422,85.86000061035156,86.22000122070312,48.87896728515625,49500,0.0,0.0,0.0
2004-10-29,86.20999908447266,86.47000122070312,86.0999984741211,86.47000122070312,49.02069854736328,341100,0.0,0.0,0.0
2004-11-01,86.05999755859375,86.1500015258789,85.73999786376953,85.77999877929688,48.77900695800781,128800,0.265,0.0,0.0
2004-11-02,85.80999755859375,86.0,85.70999908447266,85.98999786376953,48.89842224121094,191300,0.0,0.0,0.0
2004-11-03,85.5199966430664,86.0,85.44999694824219,85.95999908447266,48.88136291503906,139800,0.0,0.0,0.0
2004-11-04,86.0999984741211,86.16999816894531,85.87000274658203,85.91000366210938,48.85295867919922,435100,0.0,0.0,0.0
2004-11-05,85.30999755859375,85.37000274658203,85.08000183105469,85.2699966430664,48.48898696899414,886400,0.0,0.0,0.0
2004-11-08,85.16999816894531,85.19999694824219,85.02999877929688,85.1500015258789,48.420806884765625,300600,0.0,0.0,0.0
2004-11-09,85.16000366210938,85.26000213623047,85.0999984741211,85.16999816894531,48.43213653564453,95000,0.0,0.0,0.0
2004-11-10,85.08000183105469,85.19000244140625,84.80000305175781,85.0,48.3354377746582,118700,0.0,0.0,0.0
2004-11-11,85.19999694824219,85.19999694824219,84.9800033569336,84.9800033569336,48.32412338256836,94500,0.0,0.0,0.0
2004-11-12,85.16000366210938,85.41999816894531,85.05999755859375,85.30000305175781,48.50601577758789,154700,0.0,0.0,0.0
2004-11-15,85.30000305175781,85.4000015258789,85.19000244140625,85.33999633789062,48.528812408447266,144700,0.0,0.0,0.0
2004-11-16,85.22000122070312,85.2699966430664,85.1500015258789,85.25,48.47761917114258,125900,0.0,0.0,0.0
2004-11-17,85.25,85.73999786376953,85.22000122070312,85.69999694824219,48.7335319519043,199600,0.0,0.0,0.0
2004-11-18,85.58000183105469,85.81999969482422,85.56999969482422,85.7699966430664,48.77334213256836,110100,0.0,0.0,0.0
2004-11-19,85.69999694824219,85.75,85.16000366210938,85.30000305175781,48.50601577758789,2162100,0.0,0.0,0.0
2004-11-22,85.25,85.43000030517578,85.23999786376953,85.36000061035156,48.54018020629883,168100,0.0,0.0,0.0
2004-11-23,85.2699966430664,85.58999633789062,85.20999908447266,85.27999877929688,48.494659423828125,183600,0.0,0.0,0.0
2004-11-24,85.33999633789062,85.4000015258789,85.25,85.4000015258789,48.56291961669922,51900,0.0,0.0,0.0
2004-11-26,85.05000305175781,85.12999725341797,85.0199966430664,85.08999633789062,48.38664245605469,62600,0.0,0.0,0.0
2004-11-29,84.73999786376953,84.77999877929688,84.51000213623047,84.58000183105469,48.09663009643555,455700,0.0,0.0,0.0
2004-11-30,84.47000122070312,84.62000274658203,84.4000015258789,84.5,48.05113983154297,182100,0.0,0.0,0.0
2004-12-01,84.45999908447266,84.45999908447266,84.0999984741211,84.20999908447266,48.03513717651367,257600,0.262,0.0,0.0
2004-12-02,84.04000091552734,84.16999816894531,83.87999725341797,84.0199966430664,47.92679977416992,886300,0.0,0.0,0.0
2004-12-03,84.83000183105469,85.08000183105469,84.75,84.86000061035156,48.40591049194336,224100,0.0,0.0,0.0
2004-12-06,84.9800033569336,85.11000061035156,84.87999725341797,85.0199966430664,48.49718475341797,325500,0.0,0.0,0.0
2004-12-07,84.94999694824219,85.05999755859375,84.8499984741211,85.01000213623047,48.491519927978516,1053000,0.0,0.0,0.0
2004-12-08,85.19999694824219,85.66000366210938,85.19999694824219,85.63999938964844,48.850894927978516,158500,0.0,0.0,0.0
2004-12-09,85.58000183105469,85.79000091552734,85.37000274658203,85.44000244140625,48.73677444458008,169400,0.0,0.0,0.0
2004-12-10,85.58000183105469,85.69999694824219,85.4800033569336,85.56999969482422,48.81092071533203,191900,0.0,0.0,0.0
2004-12-13,85.5,85.77999877929688,85.47000122070312,85.62999725341797,48.84511184692383,141800,0.0,0.0,0.0
2004-12-14,85.5,85.80999755859375,85.41000366210938,85.77999877929688,48.93072509765625,190900,0.0,0.0,0.0
2004-12-15,85.94999694824219,86.08999633789062,85.87999725341797,86.08999633789062,49.10751724243164,95000,0.0,0.0,0.0
2004-12-16,85.91999816894531,85.91999816894531,85.43000030517578,85.43000030517578,48.73109436035156,478500,0.0,0.0,0.0
2004-12-17,85.19999694824219,85.5,85.19999694824219,85.31999969482422,48.66828536987305,163600,0.0,0.0,0.0
2004-12-20,85.5199966430664,85.5199966430664,85.33000183105469,85.41999816894531,48.72536849975586,62900,0.0,0.0,0.0
2004-12-21,85.43000030517578,85.56999969482422,85.30999755859375,85.54000091552734,48.79383087158203,168400,0.0,0.0,0.0
2004-12-22,85.58000183105469,85.58000183105469,85.30999755859375,85.44999694824219,48.74249267578125,465100,0.0,0.0,0.0
2004-12-23,85.41000366210938,85.44000244140625,85.30000305175781,85.33999633789062,48.679744720458984,66400,0.0,0.0,0.0
2004-12-27,85.0999984741211,85.16000366210938,84.83000183105469,84.9800033569336,48.47441864013672,165200,0.0,0.0,0.0
2004-12-28,84.94000244140625,85.01000213623047,84.66999816894531,84.97000122070312,48.46868896484375,366800,0.0,0.0,0.0
2004-12-29,85.05000305175781,85.05000305175781,84.73999786376953,84.80000305175781,48.37171173095703,127800,0.0,0.0,0.0
2004-12-30,84.91000366210938,85.18000030517578,84.81999969482422,85.12000274658203,48.55422592163086,135000,0.0,0.0,0.0
2004-12-31,84.9800033569336,85.16999816894531,84.94999694824219,84.94999694824219,48.61199188232422,151300,0.271,0.0,0.0
2005-01-03,84.91999816894531,85.16000366210938,84.83000183105469,85.12000274658203,48.70930480957031,323400,0.0,0.0,0.0
2005-01-04,85.12000274658203,85.12000274658203,84.58000183105469,84.58999633789062,48.40602493286133,1181000,0.0,0.0,0.0
2005-01-05,84.68000030517578,84.87000274658203,84.61000061035156,84.7300033569336,48.48613739013672,369000,0.0,0.0,0.0
2005-01-06,84.63999938964844,84.9000015258789,84.63999938964844,84.80999755859375,48.53193283081055,389100,0.0,0.0,0.0
2005-01-07,84.94000244140625,85.0,84.69999694824219,84.73999786376953,48.49187088012695,182400,0.0,0.0,0.0
2005-01-10,84.80999755859375,84.83999633789062,84.63999938964844,84.7300033569336,48.48613739013672,226300,0.0,0.0,0.0
2005-01-11,84.80000305175781,84.94999694824219,84.72000122070312,84.9000015258789,48.58341598510742,483900,0.0,0.0,0.0
2005-01-12,84.87000274658203,85.08999633789062,84.80000305175781,85.02999877929688,48.65782165527344,100600,0.0,0.0,0.0
2005-01-13,85.12000274658203,85.38999938964844,84.97000122070312,85.37000274658203,48.85240173339844,101600,0.0,0.0,0.0
2005-01-14,85.16999816894531,85.44000244140625,85.0999984741211,85.31999969482422,48.823768615722656,510300,0.0,0.0,0.0
2005-01-18,85.13999938964844,85.31999969482422,85.02999877929688,85.29000091552734,48.80659103393555,215100,0.0,0.0,0.0
2005-01-19,85.30000305175781,85.37000274658203,85.16000366210938,85.33999633789062,48.8351936340332,95500,0.0,0.0,0.0
2005-01-20,85.27999877929688,85.5,85.22000122070312,85.48999786376953,48.92109298706055,151800,0.0,0.0,0.0
2005-01-21,85.44999694824219,85.66999816894531,85.38999938964844,85.66000366210938,49.018348693847656,324700,0.0,0.0,0.0
2005-01-24,85.66000366210938,85.7300033569336,85.5199966430664,85.6500015258789,49.01259231567383,217000,0.0,0.0,0.0
2005-01-25,85.5999984741211,85.66000366210938,85.26000213623047,85.33000183105469,48.8294677734375,270900,0.0,0.0,0.0
2005-01-26,85.38999938964844,85.47000122070312,85.30000305175781,85.3499984741211,48.84093475341797,674400,0.0,0.0,0.0
2005-01-27,85.20999908447266,85.22000122070312,85.13999938964844,85.22000122070312,48.76657485961914,60300,0.0,0.0,0.0
2005-01-28,85.44000244140625,85.68000030517578,85.44000244140625,85.66000366210938,49.018348693847656,103200,0.0,0.0,0.0
2005-01-31,85.58999633789062,85.69999694824219,85.47000122070312,85.69000244140625,49.035499572753906,74900,0.0,0.0,0.0
2005-02-01,85.41999816894531,85.48999786376953,85.29000091552734,85.37000274658203,49.0015983581543,115300,0.261,0.0,0.0
2005-02-02,85.41000366210938,85.41999816894531,85.22000122070312,85.37999725341797,49.00735855102539,220900,0.0,0.0,0.0
2005-02-03,85.05999755859375,85.23999786376953,85.05999755859375,85.23999786376953,48.92699432373047,65000,0.0,0.0,0.0
2005-02-04,85.5999984741211,85.9000015258789,85.5999984741211,85.68000030517578,49.17958450317383,414100,0.0,0.0,0.0
2005-02-07,85.7300033569336,85.87999725341797,85.66000366210938,85.8499984741211,49.27715301513672,149600,0.0,0.0,0.0
2005-02-08,85.83000183105469,86.04000091552734,85.72000122070312,85.93000030517578,49.3231201171875,120800,0.0,0.0,0.0
2005-02-09,85.91000366210938,86.3499984741211,85.91000366210938,86.3499984741211,49.56415557861328,325200,0.0,0.0,0.0
2005-02-10,86.16999816894531,86.19000244140625,85.80999755859375,85.80999755859375,49.254207611083984,175800,0.0,0.0,0.0
2005-02-11,85.7699966430664,85.87000274658203,85.63999938964844,85.69999694824219,49.191036224365234,176400,0.0,0.0,0.0
2005-02-14,85.66999816894531,85.87000274658203,85.61000061035156,85.80999755859375,49.254207611083984,129200,0.0,0.0,0.0
2005-02-15,85.69999694824219,85.80000305175781,85.62000274658203,85.68000030517578,49.17958450317383,130000,0.0,0.0,0.0
2005-02-16,85.62999725341797,85.69999694824219,85.29000091552734,85.37000274658203,49.0015983581543,64900,0.0,0.0,0.0
2005-02-17,85.16000366210938,85.31999969482422,85.12000274658203,85.18000030517578,48.89255905151367,128000,0.0,0.0,0.0
2005-02-18,84.80000305175781,84.94999694824219,84.66999816894531,84.75,48.645751953125,243900,0.0,0.0,0.0
2005-02-22,84.80000305175781,84.87000274658203,84.68000030517578,84.76000213623047,48.65147399902344,104700,0.0,0.0,0.0
2005-02-23,85.02999877929688,85.05000305175781,84.66000366210938,84.83000183105469,48.69166564941406,258300,0.0,0.0,0.0
2005-02-24,85.01000213623047,85.01000213623047,84.6500015258789,84.69000244140625,48.611305236816406,142500,0.0,0.0,0.0
2005-02-25,84.75,84.87999725341797,84.62999725341797,84.80999755859375,48.680171966552734,425500,0.0,0.0,0.0
2005-02-28,84.6500015258789,84.77999877929688,84.1500015258789,84.26000213623047,48.36448287963867,397900,0.0,0.0,0.0
2005-03-01,83.9800033569336,84.12999725341797,83.88999938964844,84.02999877929688,48.365089416503906,300500,0.231,0.0,0.0
2005-03-02,83.97000122070312,84.11000061035156,83.93000030517578,84.0199966430664,48.359291076660156,149600,0.0,0.0,0.0
2005-03-03,84.12999725341797,84.18000030517578,83.94000244140625,83.97000122070312,48.3305778503418,598500,0.0,0.0,0.0
2005-03-04,84.23999786376953,84.44999694824219,84.19999694824219,84.3499984741211,48.549278259277344,179400,0.0,0.0,0.0
2005-03-07,84.38999938964844,84.5,84.36000061035156,84.37000274658203,48.5608024597168,163100,0.0,0.0,0.0
2005-03-08,84.1500015258789,84.16000366210938,83.94000244140625,83.97000122070312,48.3305778503418,696200,0.0,0.0,0.0
2005-03-09,83.69999694824219,83.69999694824219,83.25,83.33000183105469,47.962188720703125,262300,0.0,0.0,0.0
2005-03-10,83.4000015258789,83.6500015258789,83.20999908447266,83.4800033569336,48.04854202270508,262300,0.0,0.0,0.0
2005-03-11,83.33999633789062,83.4000015258789,83.11000061035156,83.12999725341797,47.84706497192383,203400,0.0,0.0,0.0
2005-03-14,83.04000091552734,83.33000183105469,83.0199966430664,83.33000183105469,47.962188720703125,192300,0.0,0.0,0.0
2005-03-15,83.48999786376953,83.48999786376953,83.06999969482422,83.16999816894531,47.87010192871094,99600,0.0,0.0,0.0
2005-03-16,83.3499984741211,83.68000030517578,83.27999877929688,83.36000061035156,47.97942352294922,223700,0.0,0.0,0.0
2005-03-17,83.69000244140625,83.80000305175781,83.55000305175781,83.68000030517578,48.163604736328125,342100,0.0,0.0,0.0
2005-03-18,83.5199966430664,83.54000091552734,83.37999725341797,83.47000122070312,48.042781829833984,200300,0.0,0.0,0.0
2005-03-21,83.41999816894531,83.44999694824219,83.33000183105469,83.37000274658203,47.9852294921875,448200,0.0,0.0,0.0
2005-03-22,83.58000183105469,83.66000366210938,82.76000213623047,82.76000213623047,47.63408660888672,302800,0.0,0.0,0.0
2005-03-23,82.58000183105469,83.0199966430664,82.58000183105469,82.94999694824219,47.74348068237305,355900,0.0,0.0,0.0
2005-03-24,82.98999786376953,83.0999984741211,82.91999816894531,83.0199966430664,47.78371047973633,132000,0.0,0.0,0.0
2005-03-28,82.81999969482422,82.8499984741211,82.69999694824219,82.75,47.6283073425293,68500,0.0,0.0,0.0
2005-03-29,82.91000366210938,83.0999984741211,82.91000366210938,83.08999633789062,47.82401657104492,349300,0.0,0.0,0.0
2005-03-30,83.04000091552734,83.29000091552734,83.0199966430664,83.27999877929688,47.9333610534668,244500,0.0,0.0,0.0
2005-03-31,83.62000274658203,83.69000244140625,83.45999908447266,83.69000244140625,48.16940689086914,675000,0.0,0.0,0.0
2005-04-01,83.69000244140625,83.7300033569336,83.08000183105469,83.58000183105469,48.26697540283203,367200,0.279,0.0,0.0
2005-04-04,83.48999786376953,83.79000091552734,83.47000122070312,83.54000091552734,48.243865966796875,135900,0.0,0.0,0.0
2005-04-05,83.55000305175781,83.6500015258789,83.44000244140625,83.55000305175781,48.24969482421875,75100,0.0,0.0,0.0
2005-04-06,83.7300033569336,83.80000305175781,83.69000244140625,83.80000305175781,48.39405822753906,51200,0.0,0.0,0.0
2005-04-07,83.83000183105469,84.0,83.45999908447266,83.4800033569336,48.20924377441406,196500,0.0,0.0,0.0
2005-04-08,83.44999694824219,83.58000183105469,83.30999755859375,83.56999969482422,48.261226654052734,86300,0.0,0.0,0.0
2005-04-11,83.55000305175781,83.81999969482422,83.48999786376953,83.81999969482422,48.40557861328125,41900,0.0,0.0,0.0
2005-04-12,83.69999694824219,84.2699966430664,83.62999725341797,84.26000213623047,48.65968704223633,146100,0.0,0.0,0.0
2005-04-13,84.37000274658203,84.43000030517578,84.0999984741211,84.30000305175781,48.68278503417969,171500,0.0,0.0,0.0
2005-04-14,84.37999725341797,84.5199966430664,84.25,84.5199966430664,48.80982971191406,194700,0.0,0.0,0.0
2005-04-15,84.72000122070312,85.06999969482422,84.51000213623047,85.06999969482422,49.12744140625,177900,0.0,0.0,0.0
2005-04-18,85.12999725341797,85.16000366210938,84.87000274658203,84.88999938964844,49.02351760864258,326100,0.0,0.0,0.0
2005-04-19,84.95999908447266,85.37999725341797,84.94000244140625,85.37999725341797,49.30644226074219,107600,0.0,0.0,0.0
2005-04-20,84.87999725341797,85.37999725341797,84.87999725341797,85.33000183105469,49.277565002441406,229300,0.0,0.0,0.0
2005-04-21,85.0,85.16999816894531,84.70999908447266,84.72000122070312,48.925315856933594,565200,0.0,0.0,0.0
2005-04-22,85.01000213623047,85.13999938964844,84.87999725341797,85.08000183105469,49.13322448730469,74800,0.0,0.0,0.0
2005-04-25,85.06999969482422,85.12000274658203,85.0,85.08000183105469,49.13322448730469,79100,0.0,0.0,0.0
2005-04-26,85.19000244140625,85.19999694824219,84.86000061035156,85.04000091552734,49.11013412475586,119600,0.0,0.0,0.0
2005-04-27,85.27999877929688,85.44999694824219,85.18000030517578,85.30000305175781,49.26026916503906,123700,0.0,0.0,0.0
2005-04-28,85.43000030517578,85.81999969482422,85.37000274658203,85.81999969482422,49.56059646606445,103300,0.0,0.0,0.0
2005-04-29,85.5999984741211,85.87999725341797,85.4800033569336,85.51000213623047,49.38154602050781,174200,0.0,0.0,0.0
2005-05-02,85.30999755859375,85.37999725341797,85.12999725341797,85.33000183105469,49.431922912597656,141400,0.267,0.0,0.0
2005-05-03,85.38999938964844,85.51000213623047,85.18000030517578,85.44000244140625,49.49565505981445,259200,0.0,0.0,0.0
2005-05-04,85.25,85.5,85.19999694824219,85.41999816894531,49.48409652709961,114500,0.0,0.0,0.0
2005-05-05,85.5199966430664,85.80000305175781,85.36000061035156,85.69000244140625,49.6404914855957,108000,0.0,0.0,0.0
2005-05-06,85.18000030517578,85.27999877929688,84.98999786376953,85.08000183105469,49.28711700439453,591000,0.0,0.0,0.0
2005-05-09,85.02999877929688,85.08999633789062,84.94999694824219,85.06999969482422,49.281307220458984,32900,0.0,0.0,0.0
2005-05-10,85.16999816894531,85.38999938964844,85.16000366210938,85.37000274658203,49.455108642578125,101300,0.0,0.0,0.0
2005-05-11,85.52999877929688,85.69999694824219,85.41999816894531,85.4800033569336,49.51882553100586,408600,0.0,0.0,0.0
2005-05-12,85.30000305175781,85.62000274658203,85.19999694824219,85.55999755859375,49.565185546875,546800,0.0,0.0,0.0
2005-05-13,85.76000213623047,85.9000015258789,85.62999725341797,85.77999877929688,49.69264221191406,214400,0.0,0.0,0.0
2005-05-16,85.9000015258789,85.91999816894531,85.75,85.79000091552734,49.69841003417969,111900,0.0,0.0,0.0
2005-05-17,85.93000030517578,86.01000213623047,85.87000274658203,85.9000015258789,49.76213836669922,112800,0.0,0.0,0.0
2005-05-18,86.2300033569336,86.30000305175781,86.05999755859375,86.18000030517578,49.92432403564453,93000,0.0,0.0,0.0
2005-05-19,86.13999938964844,86.2300033569336,85.91999816894531,85.91999816894531,49.77375030517578,116200,0.0,0.0,0.0
2005-05-20,85.91999816894531,85.97000122070312,85.83000183105469,85.91000366210938,49.76796340942383,70400,0.0,0.0,0.0
2005-05-23,86.05000305175781,86.37000274658203,86.0199966430664,86.30000305175781,49.99394226074219,163800,0.0,0.0,0.0
2005-05-24,86.52999877929688,86.58000183105469,86.31999969482422,86.52999877929688,50.12708282470703,188900,0.0,0.0,0.0
2005-05-25,86.69999694824219,86.69999694824219,86.20999908447266,86.22000122070312,49.94752883911133,150000,0.0,0.0,0.0
2005-05-26,86.22000122070312,86.43000030517578,86.16999816894531,86.2699966430664,49.976470947265625,181400,0.0,0.0,0.0
2005-05-27,86.33999633789062,86.41999816894531,86.22000122070312,86.36000061035156,50.02861022949219,69600,0.0,0.0,0.0
2005-05-31,86.61000061035156,86.80999755859375,86.61000061035156,86.80999755859375,50.28933334350586,122600,0.0,0.0,0.0
2005-06-01,86.70999908447266,87.12999725341797,86.6500015258789,87.08000183105469,50.599609375,781400,0.264,0.0,0.0
2005-06-02,87.01000213623047,87.18000030517578,86.95999908447266,87.05000305175781,50.58219528198242,154500,0.0,0.0,0.0
2005-06-03,87.4800033569336,87.48999786376953,86.55000305175781,86.55000305175781,50.291656494140625,245300,0.0,0.0,0.0
2005-06-06,86.62000274658203,86.83999633789062,86.52999877929688,86.77999877929688,50.425289154052734,311700,0.0,0.0,0.0
2005-06-07,87.0199966430664,87.0999984741211,86.77999877929688,87.02999877929688,50.570556640625,111200,0.0,0.0,0.0
2005-06-08,87.01000213623047,87.02999877929688,86.83999633789062,86.87000274658203,50.47760009765625,104600,0.0,0.0,0.0
2005-06-09,86.66000366210938,86.8499984741211,86.45999908447266,86.81999969482422,50.44853973388672,783400,0.0,0.0,0.0
2005-06-10,86.55000305175781,86.55000305175781,86.26000213623047,86.2699966430664,50.12894058227539,200900,0.0,0.0,0.0
2005-06-13,86.12999725341797,86.16999816894531,85.97000122070312,86.04000091552734,49.99530029296875,276400,0.0,0.0,0.0
2005-06-14,86.02999877929688,86.02999877929688,85.80999755859375,85.94000244140625,49.937191009521484,301500,0.0,0.0,0.0
2005-06-15,85.80000305175781,85.91000366210938,85.69999694824219,85.91000366210938,49.91975784301758,116700,0.0,0.0,0.0
2005-06-16,85.87000274658203,86.19000244140625,85.7699966430664,86.18000030517578,50.07667922973633,215700,0.0,0.0,0.0
2005-06-17,86.02999877929688,86.18000030517578,85.94000244140625,86.08000183105469,50.018558502197266,149000,0.0,0.0,0.0
2005-06-20,85.81999969482422,85.94999694824219,85.73999786376953,85.94999694824219,49.9429931640625,178800,0.0,0.0,0.0
2005-06-21,86.05000305175781,86.25,85.98999786376953,86.22000122070312,50.099857330322266,217900,0.0,0.0,0.0
2005-06-22,86.62999725341797,86.94999694824219,86.44999694824219,86.87000274658203,50.47760009765625,487300,0.0,0.0,0.0
2005-06-23,86.75,86.81999969482422,86.62000274658203,86.77999877929688,50.425289154052734,169200,0.0,0.0,0.0
2005-06-24,86.98999786376953,87.05000305175781,86.88999938964844,86.98999786376953,50.54731750488281,67500,0.0,0.0,0.0
2005-06-27,87.05999755859375,87.13999938964844,86.9800033569336,87.05999755859375,50.58799743652344,880800,0.0,0.0,0.0
2005-06-28,86.94999694824219,86.94999694824219,86.66000366210938,86.69000244140625,50.37297058105469,168000,0.0,0.0,0.0
2005-06-29,86.91999816894531,86.91999816894531,86.52999877929688,86.66000366210938,50.355594635009766,350300,0.0,0.0,0.0
2005-06-30,86.66000366210938,87.0,86.5999984741211,86.95999908447266,50.52985763549805,299500,0.0,0.0,0.0
2005-07-01,86.48999786376953,86.54000091552734,85.83999633789062,85.94999694824219,50.09505844116211,270000,0.264,0.0,0.0
2005-07-05,85.69000244140625,85.83000183105469,85.55999755859375,85.5999984741211,49.89108657836914,142200,0.0,0.0,0.0
2005-07-06,85.7300033569336,85.81999969482422,85.62999725341797,85.77999877929688,49.995975494384766,299700,0.0,0.0,0.0
2005-07-07,86.16999816894531,86.20999908447266,85.95999908447266,85.9800033569336,50.11256790161133,209900,0.0,0.0,0.0
2005-07-08,86.05999755859375,86.05999755859375,85.55000305175781,85.66999816894531,49.93185043334961,157300,0.0,0.0,0.0
2005-07-11,85.43000030517578,85.66999816894531,85.3499984741211,85.62999725341797,49.90858459472656,171300,0.0,0.0,0.0
2005-07-12,85.5,85.58999633789062,85.4000015258789,85.41000366210938,49.78035354614258,123700,0.0,0.0,0.0
2005-07-13,85.41000366210938,85.43000030517578,85.27999877929688,85.33000183105469,49.73370361328125,108300,0.0,0.0,0.0
2005-07-14,85.37999725341797,85.4000015258789,85.1500015258789,85.22000122070312,49.669620513916016,236000,0.0,0.0,0.0
2005-07-15,85.16000366210938,85.30000305175781,85.13999938964844,85.23999786376953,49.68125915527344,318800,0.0,0.0,0.0
2005-07-18,85.20999908447266,85.29000091552734,85.02999877929688,85.0999984741211,49.599693298339844,182700,0.0,0.0,0.0
2005-07-19,85.12000274658203,85.31999969482422,85.05999755859375,85.22000122070312,49.669620513916016,156600,0.0,0.0,0.0
2005-07-20,85.23999786376953,85.47000122070312,84.93000030517578,85.37999725341797,49.76284408569336,341100,0.0,0.0,0.0
2005-07-21,85.06999969482422,85.08999633789062,84.7300033569336,84.75,49.395660400390625,509200,0.0,0.0,0.0
2005-07-22,85.0,85.19999694824219,84.9000015258789,85.1500015258789,49.628822326660156,368100,0.0,0.0,0.0
2005-07-25,85.08000183105469,85.20999908447266,84.95999908447266,85.0,49.54142379760742,125600,0.0,0.0,0.0
2005-07-26,85.0199966430664,85.0999984741211,85.0,85.05999755859375,49.576332092285156,90800,0.0,0.0,0.0
2005-07-27,84.9000015258789,85.0,84.86000061035156,84.94000244140625,49.50642013549805,64600,0.0,0.0,0.0
2005-07-28,85.01000213623047,85.33999633789062,85.01000213623047,85.30999755859375,49.722068786621094,142900,0.0,0.0,0.0
2005-07-29,85.06999969482422,85.13999938964844,84.75,84.80000305175781,49.4247932434082,205800,0.0,0.0,0.0
2005-08-01,84.45999908447266,84.45999908447266,84.19999694824219,84.36000061035156,49.32598876953125,109700,0.271,0.0,0.0
2005-08-02,84.3499984741211,84.4800033569336,84.26000213623047,84.27999877929688,49.27926254272461,337600,0.0,0.0,0.0
2005-08-03,84.41000366210938,84.55000305175781,84.37000274658203,84.48999786376953,49.40202713012695,129600,0.0,0.0,0.0
2005-08-04,84.5,84.58999633789062,84.33999633789062,84.43000030517578,49.366878509521484,179300,0.0,0.0,0.0
2005-08-05,84.08000183105469,84.08000183105469,83.91000366210938,83.9800033569336,49.10383605957031,160100,0.0,0.0,0.0
2005-08-08,83.94999694824219,84.0,83.75,83.76000213623047,48.97518539428711,146800,0.0,0.0,0.0
2005-08-09,83.80999755859375,84.0,83.70999908447266,84.0,49.115535736083984,293300,0.0,0.0,0.0
2005-08-10,84.11000061035156,84.13999938964844,83.87000274658203,83.95999908447266,49.09214401245117,91900,0.0,0.0,0.0
2005-08-11,84.06999969482422,84.33999633789062,83.95999908447266,84.31999969482422,49.302589416503906,278200,0.0,0.0,0.0
2005-08-12,84.37000274658203,84.7699966430664,84.33000183105469,84.66000366210938,49.50146484375,130600,0.0,0.0,0.0
2005-08-15,84.69000244140625,84.69000244140625,84.54000091552734,84.55000305175781,49.43709945678711,147200,0.0,0.0,0.0
2005-08-16,84.80999755859375,84.97000122070312,84.77999877929688,84.94999694824219,49.67094802856445,214800,0.0,0.0,0.0
2005-08-17,84.80000305175781,84.87000274658203,84.54000091552734,84.62000274658203,49.4780387878418,138400,0.0,0.0,0.0
2005-08-18,84.80000305175781,85.08000183105469,84.7699966430664,85.06999969482422,49.74112319946289,247800,0.0,0.0,0.0
2005-08-19,84.86000061035156,85.05999755859375,84.83000183105469,85.0199966430664,49.71190643310547,76000,0.0,0.0,0.0
2005-08-22,84.91000366210938,85.1500015258789,84.76000213623047,85.08999633789062,49.752830505371094,1267300,0.0,0.0,0.0
2005-08-23,85.0999984741211,85.30000305175781,85.02999877929688,85.25,49.846397399902344,90400,0.0,0.0,0.0
2005-08-24,85.36000061035156,85.37999725341797,85.1500015258789,85.29000091552734,49.86977005004883,80500,0.0,0.0,0.0
2005-08-25,85.30000305175781,85.4000015258789,85.19999694824219,85.33999633789062,49.89899826049805,202000,0.0,0.0,0.0
2005-08-26,85.38999938964844,85.43000030517578,85.11000061035156,85.19999694824219,49.817138671875,100500,0.0,0.0,0.0
2005-08-29,85.37000274658203,85.37999725341797,85.16000366210938,85.26000213623047,49.85223388671875,176500,0.0,0.0,0.0
2005-08-30,85.43000030517578,85.79000091552734,85.3499984741211,85.66000366210938,50.086124420166016,168900,0.0,0.0,0.0
2005-08-31,85.86000061035156,86.25,85.8499984741211,86.22000122070312,50.41355895996094,290100,0.0,0.0,0.0
2005-09-01,85.9000015258789,86.19999694824219,85.8499984741211,86.02999877929688,50.462867736816406,242800,0.274,0.0,0.0
2005-09-02,85.97000122070312,86.16000366210938,85.91000366210938,86.05000305175781,50.47459030151367,71800,0.0,0.0,0.0
2005-09-06,86.02999877929688,86.04000091552734,85.69999694824219,85.77999877929688,50.31621170043945,142800,0.0,0.0,0.0
2005-09-07,85.66999816894531,85.69000244140625,85.38999938964844,85.5,50.15195846557617,125000,0.0,0.0,0.0
2005-09-08,85.62999725341797,85.6500015258789,85.44999694824219,85.5,50.15195846557617,264600,0.0,0.0,0.0
2005-09-09,85.63999938964844,85.73999786376953,85.5,85.56999969482422,50.1930046081543,79400,0.0,0.0,0.0
2005-09-12,85.37999725341797,85.4000015258789,85.1500015258789,85.30000305175781,50.03463363647461,103600,0.0,0.0,0.0
2005-09-13,85.48999786376953,85.6500015258789,85.4800033569336,85.55999755859375,50.1871452331543,120800,0.0,0.0,0.0
2005-09-14,85.58999633789062,85.62000274658203,85.33000183105469,85.37999725341797,50.081539154052734,108000,0.0,0.0,0.0
2005-09-15,85.41000366210938,85.41000366210938,85.0199966430664,85.12000274658203,49.92905807495117,97600,0.0,0.0,0.0
2005-09-16,85.01000213623047,85.05000305175781,84.7300033569336,84.79000091552734,49.73549270629883,224800,0.0,0.0,0.0
2005-09-19,84.80999755859375,85.01000213623047,84.73999786376953,84.95999908447266,49.835201263427734,203400,0.0,0.0,0.0
2005-09-20,84.93000030517578,84.98999786376953,84.6500015258789,84.88999938964844,49.79414749145508,124000,0.0,0.0,0.0
2005-09-21,85.25,85.33999633789062,85.19000244140625,85.27999877929688,50.022884368896484,101500,0.0,0.0,0.0
2005-09-22,85.33000183105469,85.37999725341797,85.22000122070312,85.33999633789062,50.05809783935547,124700,0.0,0.0,0.0
2005-09-23,85.19000244140625,85.19000244140625,84.87000274658203,84.87000274658203,49.78242874145508,101200,0.0,0.0,0.0
2005-09-26,84.62000274658203,84.75,84.55999755859375,84.6500015258789,49.65336227416992,69300,0.0,0.0,0.0
2005-09-27,84.70999908447266,84.8499984741211,84.48999786376953,84.69999694824219,49.68267822265625,93400,0.0,0.0,0.0
2005-09-28,84.63999938964844,84.91999816894531,84.58000183105469,84.87000274658203,49.78242874145508,71000,0.0,0.0,0.0
2005-09-29,84.72000122070312,84.73999786376953,84.61000061035156,84.68000030517578,49.67094039916992,116200,0.0,0.0,0.0
2005-09-30,84.68000030517578,84.7300033569336,84.38999938964844,84.44000244140625,49.53017807006836,145900,0.0,0.0,0.0
2005-10-03,84.16000366210938,84.16000366210938,83.80000305175781,83.83999633789062,49.340087890625,138400,0.277,0.0,0.0
2005-10-04,84.0,84.05999755859375,83.83999633789062,83.87999725341797,49.363616943359375,151200,0.0,0.0,0.0
2005-10-05,84.04000091552734,84.16999816894531,83.94000244140625,84.08000183105469,49.48134231567383,130300,0.0,0.0,0.0
2005-10-06,84.05000305175781,84.11000061035156,83.91999816894531,83.97000122070312,49.41661071777344,218100,0.0,0.0,0.0
2005-10-07,83.76000213623047,84.16000366210938,83.72000122070312,84.08000183105469,49.48134231567383,59900,0.0,0.0,0.0
2005-10-10,84.30000305175781,84.33999633789062,84.0,84.0999984741211,49.49312210083008,42900,0.0,0.0,0.0
2005-10-11,84.04000091552734,84.06999969482422,83.83000183105469,83.94000244140625,49.39889907836914,105800,0.0,0.0,0.0
2005-10-12,83.91999816894531,83.93000030517578,83.55999755859375,83.62000274658203,49.21060562133789,139500,0.0,0.0,0.0
2005-10-13,83.45999908447266,83.55000305175781,83.3499984741211,83.48999786376953,49.13409423828125,303100,0.0,0.0,0.0
2005-10-14,83.66999816894531,83.69000244140625,83.25,83.48999786376953,49.13409423828125,134300,0.0,0.0,0.0
2005-10-17,83.4800033569336,83.58999633789062,83.33999633789062,83.38999938964844,49.07524871826172,153000,0.0,0.0,0.0
2005-10-18,83.4800033569336,83.52999877929688,83.4000015258789,83.51000213623047,49.14592361450195,81700,0.0,0.0,0.0
2005-10-19,83.69999694824219,83.7699966430664,83.55999755859375,83.61000061035156,49.2047233581543,68100,0.0,0.0,0.0
2005-10-20,83.5,83.69000244140625,83.41999816894531,83.66000366210938,49.23414993286133,111500,0.0,0.0,0.0
2005-10-21,83.73999786376953,84.08000183105469,83.7300033569336,84.02999877929688,49.45191955566406,92500,0.0,0.0,0.0
2005-10-24,83.94999694824219,83.97000122070312,83.58000183105469,83.66999816894531,49.240028381347656,343300,0.0,0.0,0.0
2005-10-25,83.7300033569336,83.80999755859375,83.18000030517578,83.27999877929688,49.01051330566406,190500,0.0,0.0,0.0
2005-10-26,83.05999755859375,83.11000061035156,82.87999725341797,82.95999908447266,48.82221984863281,148700,0.0,0.0,0.0
2005-10-27,83.12000274658203,83.2300033569336,82.95999908447266,83.1500015258789,48.93400955200195,245800,0.0,0.0,0.0
2005-10-28,83.19999694824219,83.25,82.87999725341797,83.05999755859375,48.88105010986328,784300,0.0,0.0,0.0
2005-10-31,83.05999755859375,83.26000213623047,83.05000305175781,83.12000274658203,48.916378021240234,123300,0.0,0.0,0.0
2005-11-01,82.9000015258789,82.91000366210938,82.68000030517578,82.77999877929688,48.88568878173828,144000,0.288,0.0,0.0
2005-11-02,82.6500015258789,82.83999633789062,82.55000305175781,82.61000061035156,48.7852783203125,85800,0.0,0.0,0.0
2005-11-03,82.69000244140625,82.69000244140625,82.30000305175781,82.31999969482422,48.614017486572266,201600,0.0,0.0,0.0
2005-11-04,82.38999938964844,82.5,82.1500015258789,82.27999877929688,48.590354919433594,156200,0.0,0.0,0.0
2005-11-07,82.4800033569336,82.5,82.31999969482422,82.43000030517578,48.67897415161133,132400,0.0,0.0,0.0
2005-11-08,82.69999694824219,82.88999938964844,82.69999694824219,82.83999633789062,48.92111587524414,71200,0.0,0.0,0.0
2005-11-09,82.6500015258789,82.73999786376953,82.37999725341797,82.4000015258789,48.66128158569336,124300,0.0,0.0,0.0
2005-11-10,82.5999984741211,82.88999938964844,82.55000305175781,82.87000274658203,48.9388427734375,102700,0.0,0.0,0.0
2005-11-11,83.0,83.0199966430664,82.80000305175781,82.97000122070312,48.99787521362305,72600,0.0,0.0,0.0
2005-11-14,82.83000183105469,82.87000274658203,82.45999908447266,82.5999984741211,48.77939987182617,199700,0.0,0.0,0.0
2005-11-15,82.5999984741211,82.91000366210938,82.5999984741211,82.87999725341797,48.94472122192383,194100,0.0,0.0,0.0
2005-11-16,83.0,83.33000183105469,83.0,83.30000305175781,49.19274139404297,102500,0.0,0.0,0.0
2005-11-17,83.2300033569336,83.5999984741211,83.16999816894531,83.45999908447266,49.28721618652344,99900,0.0,0.0,0.0
2005-11-18,83.26000213623047,83.41000366210938,83.20999908447266,83.26000213623047,49.16912841796875,100000,0.0,0.0,0.0
2005-11-21,83.41999816894531,83.55000305175781,83.33000183105469,83.41999816894531,49.26360321044922,274600,0.0,0.0,0.0
2005-11-22,83.4800033569336,83.75,83.41000366210938,83.70999908447266,49.43486785888672,186700,0.0,0.0,0.0
2005-11-23,83.68000030517578,83.75,83.4000015258789,83.48999786376953,49.3049430847168,177200,0.0,0.0,0.0
2005-11-25,83.62999725341797,83.73999786376953,83.58999633789062,83.73999786376953,49.45261764526367,31400,0.0,0.0,0.0
2005-11-28,83.72000122070312,83.93000030517578,83.69999694824219,83.8499984741211,49.51753616333008,158300,0.0,0.0,0.0
2005-11-29,83.83999633789062,83.83999633789062,83.37999725341797,83.38999938964844,49.24586868286133,86300,0.0,0.0,0.0
2005-11-30,83.54000091552734,83.54000091552734,83.23999786376953,83.3499984741211,49.2222900390625,46100,0.0,0.0,0.0
2005-12-01,83.0999984741211,83.23999786376953,82.75,82.87999725341797,49.11146545410156,321100,0.283,0.0,0.0
2005-12-02,82.88999938964844,82.97000122070312,82.80000305175781,82.94999694824219,49.152950286865234,343200,0.0,0.0,0.0
2005-12-05,82.83999633789062,82.83999633789062,82.5999984741211,82.69999694824219,49.00482177734375,305700,0.0,0.0,0.0
2005-12-06,82.80999755859375,83.16999816894531,82.80999755859375,83.08999633789062,49.23591232299805,1021700,0.0,0.0,0.0
2005-12-07,83.0999984741211,83.13999938964844,82.91999816894531,83.04000091552734,49.206302642822266,73000,0.0,0.0,0.0
2005-12-08,83.1500015258789,83.43000030517578,83.0999984741211,83.4000015258789,49.4195671081543,70600,0.0,0.0,0.0
2005-12-09,83.16999816894531,83.23999786376953,82.94000244140625,83.02999877929688,49.20036697387695,66100,0.0,0.0,0.0
2005-12-12,83.0999984741211,83.0999984741211,82.80000305175781,82.83999633789062,49.0877799987793,592500,0.0,0.0,0.0
2005-12-13,83.05000305175781,83.0999984741211,82.9000015258789,83.04000091552734,49.206302642822266,210700,0.0,0.0,0.0
2005-12-14,83.37000274658203,83.5999984741211,83.29000091552734,83.55999755859375,49.5144157409668,83300,0.0,0.0,0.0
2005-12-15,83.43000030517578,83.47000122070312,83.18000030517578,83.44999694824219,49.44923782348633,116500,0.0,0.0,0.0
2005-12-16,83.69999694824219,83.72000122070312,83.4800033569336,83.5999984741211,49.53812789916992,420400,0.0,0.0,0.0
2005-12-19,83.5,83.69999694824219,83.44000244140625,83.6500015258789,49.567752838134766,143600,0.0,0.0,0.0
2005-12-20,83.51000213623047,83.56999969482422,83.4000015258789,83.51000213623047,49.48480224609375,103600,0.0,0.0,0.0
2005-12-21,83.41000366210938,83.45999908447266,83.3499984741211,83.4000015258789,49.4195671081543,143700,0.0,0.0,0.0
2005-12-22,83.5199966430664,83.7699966430664,83.5199966430664,83.7300033569336,49.61513900756836,124500,0.0,0.0,0.0
2005-12-23,83.69000244140625,84.12000274658203,83.61000061035156,83.93000030517578,49.73361587524414,84100,0.0,0.0,0.0
2005-12-27,83.93000030517578,84.33000183105469,83.91000366210938,84.33000183105469,49.9707145690918,178300,0.0,0.0,0.0
2005-12-28,83.95999908447266,84.02999877929688,83.75,83.77999877929688,49.81726837158203,558000,0.292,0.0,0.0
2005-12-29,83.91999816894531,83.93000030517578,83.68000030517578,83.87999725341797,49.876705169677734,159100,0.0,0.0,0.0
2005-12-30,84.02999877929688,84.08999633789062,83.75,83.91000366210938,49.89457321166992,166900,0.0,0.0,0.0
2006-01-03,83.69000244140625,84.02999877929688,83.62000274658203,83.9000015258789,49.888607025146484,299500,0.0,0.0,0.0
2006-01-04,83.91000366210938,84.12000274658203,83.80999755859375,84.05000305175781,49.977821350097656,112300,0.0,0.0,0.0
2006-01-05,84.04000091552734,84.11000061035156,83.93000030517578,84.06999969482422,49.98970031738281,159700,0.0,0.0,0.0
2006-01-06,84.0199966430664,84.05000305175781,83.86000061035156,83.95999908447266,49.92428207397461,179100,0.0,0.0,0.0
2006-01-09,83.91999816894531,84.0,83.80999755859375,84.0,49.9481201171875,78600,0.0,0.0,0.0
2006-01-10,83.81999969482422,83.87999725341797,83.61000061035156,83.66000366210938,49.74589157104492,140500,0.0,0.0,0.0
2006-01-11,83.77999877929688,83.77999877929688,83.43000030517578,83.44999694824219,49.62106704711914,384300,0.0,0.0,0.0
2006-01-12,83.62999725341797,83.79000091552734,83.52999877929688,83.75,49.79941177368164,97800,0.0,0.0,0.0
2006-01-13,83.9000015258789,84.16000366210938,83.81999969482422,84.12000274658203,50.019474029541016,96200,0.0,0.0,0.0
2006-01-17,84.05999755859375,84.2699966430664,84.0199966430664,84.22000122070312,50.078887939453125,166600,0.0,0.0,0.0
2006-01-18,84.31999969482422,84.33999633789062,84.11000061035156,84.25,50.09674835205078,125900,0.0,0.0,0.0
2006-01-19,84.04000091552734,84.16999816894531,83.94999694824219,84.04000091552734,49.97187423706055,108600,0.0,0.0,0.0
2006-01-20,84.1500015258789,84.18000030517578,83.97000122070312,84.18000030517578,50.05514144897461,98000,0.0,0.0,0.0
2006-01-23,83.93000030517578,84.22000122070312,83.88999938964844,84.16000366210938,50.04322052001953,79100,0.0,0.0,0.0
2006-01-24,84.0199966430664,84.11000061035156,83.91000366210938,84.0199966430664,49.959991455078125,66200,0.0,0.0,0.0
2006-01-25,83.87000274658203,83.87000274658203,83.47000122070312,83.5,49.65079116821289,95500,0.0,0.0,0.0
2006-01-26,83.37999725341797,83.41999816894531,83.19999694824219,83.31999969482422,49.54372787475586,77100,0.0,0.0,0.0
2006-01-27,83.5199966430664,83.5199966430664,83.1500015258789,83.37999725341797,49.5794563293457,114600,0.0,0.0,0.0
2006-01-30,83.27999877929688,83.31999969482422,83.12999725341797,83.19999694824219,49.472389221191406,125400,0.0,0.0,0.0
2006-01-31,83.29000091552734,83.38999938964844,83.11000061035156,83.31999969482422,49.54372787475586,255700,0.0,0.0,0.0
2006-02-01,83.0,83.05000305175781,82.76000213623047,82.80000305175781,49.391021728515625,474200,0.264,0.0,0.0
2006-02-02,82.86000061035156,82.9800033569336,82.77999877929688,82.80000305175781,49.391021728515625,94800,0.0,0.0,0.0
2006-02-03,82.68000030517578,83.08999633789062,82.56999969482422,83.05000305175781,49.540191650390625,283800,0.0,0.0,0.0
2006-02-06,83.0,83.02999877929688,82.91999816894531,82.93000030517578,49.468536376953125,53300,0.0,0.0,0.0
2006-02-07,83.05000305175781,83.05999755859375,82.79000091552734,82.83000183105469,49.408966064453125,228800,0.0,0.0,0.0
2006-02-08,82.94999694824219,82.95999908447266,82.69999694824219,82.77999877929688,49.379119873046875,62000,0.0,0.0,0.0
2006-02-09,82.80000305175781,82.94999694824219,82.66999816894531,82.86000061035156,49.42683792114258,96600,0.0,0.0,0.0
2006-02-10,83.05000305175781,83.06999969482422,82.52999877929688,82.62000274658203,49.28366470336914,102900,0.0,0.0,0.0
2006-02-13,82.69999694824219,82.69999694824219,82.56999969482422,82.62000274658203,49.28366470336914,66000,0.0,0.0,0.0
2006-02-14,82.52999877929688,82.62000274658203,82.41000366210938,82.5,49.21210861206055,77100,0.0,0.0,0.0
2006-02-15,82.69999694824219,82.73999786376953,82.45999908447266,82.6500015258789,49.30158615112305,75200,0.0,0.0,0.0
2006-02-16,82.68000030517578,82.68000030517578,82.51000213623047,82.61000061035156,49.27770233154297,248200,0.0,0.0,0.0
2006-02-17,82.91999816894531,83.01000213623047,82.83999633789062,82.88999938964844,49.4447021484375,199200,0.0,0.0,0.0
2006-02-21,82.9000015258789,82.94000244140625,82.7699966430664,82.79000091552734,49.38508605957031,164200,0.0,0.0,0.0
2006-02-22,82.94999694824219,83.0999984741211,82.9000015258789,83.0999984741211,49.56998062133789,115700,0.0,0.0,0.0
2006-02-23,82.94999694824219,82.95999908447266,82.76000213623047,82.9000015258789,49.45069885253906,73300,0.0,0.0,0.0
2006-02-24,82.95999908447266,82.95999908447266,82.72000122070312,82.80000305175781,49.391021728515625,343300,0.0,0.0,0.0
2006-02-27,82.86000061035156,82.86000061035156,82.61000061035156,82.63999938964844,49.29560470581055,287700,0.0,0.0,0.0
2006-02-28,82.79000091552734,83.01000213623047,82.7699966430664,82.97000122070312,49.49245071411133,95900,0.0,0.0,0.0
2006-03-01,82.63999938964844,82.7300033569336,82.44999694824219,82.54000091552734,49.39490509033203,227000,0.267,0.0,0.0
2006-03-02,82.30999755859375,82.41000366210938,82.0999984741211,82.20999908447266,49.19741439819336,113300,0.0,0.0,0.0
2006-03-03,82.16000366210938,82.16000366210938,81.9800033569336,82.01000213623047,49.077754974365234,76500,0.0,0.0,0.0
2006-03-06,81.7699966430664,81.91000366210938,81.6500015258789,81.75,48.92213439941406,350700,0.0,0.0,0.0
2006-03-07,81.6500015258789,81.83000183105469,81.5999984741211,81.79000091552734,48.9460563659668,130300,0.0,0.0,0.0
2006-03-08,81.79000091552734,81.83999633789062,81.70999908447266,81.83000183105469,48.97001647949219,84500,0.0,0.0,0.0
2006-03-09,81.80000305175781,81.91000366210938,81.70999908447266,81.91000366210938,49.01791000366211,507200,0.0,0.0,0.0
2006-03-10,81.73999786376953,81.79000091552734,81.54000091552734,81.75,48.92213439941406,408500,0.0,0.0,0.0
2006-03-13,81.6500015258789,81.7300033569336,81.55000305175781,81.68000030517578,48.88023376464844,246900,0.0,0.0,0.0
2006-03-14,81.9000015258789,82.19999694824219,81.81999969482422,82.1500015258789,49.16152572631836,122700,0.0,0.0,0.0
2006-03-15,81.9800033569336,82.11000061035156,81.9000015258789,82.0,49.07173538208008,118400,0.0,0.0,0.0
2006-03-16,82.12000274658203,82.55000305175781,82.11000061035156,82.5199966430664,49.38290786743164,174900,0.0,0.0,0.0
2006-03-17,82.41000366210938,82.45999908447266,82.30000305175781,82.3499984741211,49.281185150146484,111300,0.0,0.0,0.0
2006-03-20,82.56999969482422,82.5999984741211,82.43000030517578,82.51000213623047,49.376956939697266,240100,0.0,0.0,0.0
2006-03-21,82.45999908447266,82.45999908447266,82.05000305175781,82.16999816894531,49.17350387573242,96800,0.0,0.0,0.0
2006-03-22,82.30000305175781,82.36000061035156,82.16000366210938,82.2699966430664,49.23331069946289,131500,0.0,0.0,0.0
2006-03-23,82.31999969482422,82.31999969482422,81.98999786376953,82.05999755859375,49.107669830322266,109700,0.0,0.0,0.0
2006-03-24,82.11000061035156,82.51000213623047,82.04000091552734,82.41999816894531,49.32310104370117,68800,0.0,0.0,0.0
2006-03-27,82.31999969482422,82.37999725341797,82.18000030517578,82.23999786376953,49.21538162231445,79700,0.0,0.0,0.0
2006-03-28,82.1500015258789,82.18000030517578,81.75,81.83999633789062,48.97602081298828,125600,0.0,0.0,0.0
2006-03-29,81.7699966430664,81.9000015258789,81.63999938964844,81.76000213623047,48.9281120300293,58100,0.0,0.0,0.0
2006-03-30,81.63999938964844,81.66000366210938,81.3499984741211,81.5199966430664,48.78450012207031,100800,0.0,0.0,0.0
2006-03-31,81.58999633789062,81.66000366210938,81.43000030517578,81.58000183105469,48.820404052734375,87400,0.0,0.0,0.0
2006-04-03,81.08999633789062,81.26000213623047,81.05000305175781,81.2300033569336,48.766387939453125,244300,0.26,0.0,0.0
2006-04-04,81.29000091552734,81.36000061035156,81.13999938964844,81.23999786376953,48.77238082885742,127200,0.0,0.0,0.0
2006-04-05,81.47000122070312,81.4800033569336,81.31999969482422,81.43000030517578,48.886417388916016,101800,0.0,0.0,0.0
2006-04-06,81.30000305175781,81.31999969482422,81.12000274658203,81.19999694824219,48.74837875366211,289900,0.0,0.0,0.0
2006-04-07,81.0199966430664,81.06999969482422,80.73999786376953,80.83000183105469,48.5262336730957,129700,0.0,0.0,0.0
2006-04-10,80.9000015258789,80.94999694824219,80.80000305175781,80.93000030517578,48.58626174926758,118300,0.0,0.0,0.0
2006-04-11,81.08000183105469,81.13999938964844,80.94999694824219,81.08000183105469,48.67634201049805,154100,0.0,0.0,0.0
2006-04-12,81.0999984741211,81.19000244140625,80.80000305175781,80.88999938964844,48.56227493286133,201600,0.0,0.0,0.0
2006-04-13,80.5999984741211,80.69999694824219,80.44000244140625,80.45999908447266,48.304100036621094,175800,0.0,0.0,0.0
2006-04-17,80.68000030517578,80.83999633789062,80.54000091552734,80.7699966430664,48.49018859863281,162200,0.0,0.0,0.0
2006-04-18,80.94999694824219,81.12000274658203,80.7699966430664,81.02999877929688,48.64628601074219,276200,0.0,0.0,0.0
2006-04-19,80.79000091552734,80.81999969482422,80.62000274658203,80.80000305175781,48.50823974609375,128600,0.0,0.0,0.0
2006-04-20,80.7699966430664,80.80999755859375,80.62000274658203,80.7300033569336,48.46621322631836,128400,0.0,0.0,0.0
2006-04-21,80.83000183105469,80.91999816894531,80.6500015258789,80.9000015258789,48.568267822265625,108500,0.0,0.0,0.0
2006-04-24,80.88999938964844,81.13999938964844,80.8499984741211,81.0,48.62828063964844,118800,0.0,0.0,0.0
2006-04-25,80.97000122070312,80.97000122070312,80.4800033569336,80.48999786376953,48.322113037109375,241400,0.0,0.0,0.0
2006-04-26,80.5,80.5199966430664,80.3499984741211,80.44999694824219,48.298091888427734,76300,0.0,0.0,0.0
2006-04-27,80.4000015258789,80.79000091552734,80.33999633789062,80.66999816894531,48.430171966552734,132900,0.0,0.0,0.0
2006-04-28,80.68000030517578,80.80999755859375,80.55000305175781,80.80999755859375,48.514198303222656,70700,0.0,0.0,0.0
2006-05-01,80.27999877929688,80.3499984741211,80.01000213623047,80.08000183105469,48.25152587890625,169700,0.294,0.0,0.0
2006-05-02,80.11000061035156,80.2699966430664,80.02999877929688,80.20999908447266,48.329811096191406,87900,0.0,0.0,0.0
2006-05-03,80.20999908447266,80.2300033569336,79.91000366210938,80.0999984741211,48.26356506347656,116600,0.0,0.0,0.0
2006-05-04,80.16999816894531,80.16999816894531,79.9800033569336,80.05000305175781,48.23347473144531,193200,0.0,0.0,0.0
2006-05-05,80.31999969482422,80.41000366210938,80.1500015258789,80.23999786376953,48.347923278808594,85200,0.0,0.0,0.0
2006-05-08,80.33999633789062,80.3499984741211,80.13999938964844,80.27999877929688,48.37206268310547,82400,0.0,0.0,0.0
2006-05-09,80.25,80.2699966430664,80.12000274658203,80.25,48.35394287109375,59600,0.0,0.0,0.0
2006-05-10,80.37999725341797,80.5,80.16000366210938,80.29000091552734,48.378021240234375,98600,0.0,0.0,0.0
2006-05-11,80.18000030517578,80.18000030517578,80.0,80.1500015258789,48.2937126159668,203700,0.0,0.0,0.0
2006-05-12,79.87999725341797,80.0199966430664,79.80999755859375,79.8499984741211,48.11294174194336,134700,0.0,0.0,0.0
2006-05-15,79.83999633789062,80.19999694824219,79.83999633789062,80.0199966430664,48.21540069580078,106100,0.0,0.0,0.0
2006-05-16,80.22000122070312,80.41999816894531,80.13999938964844,80.31999969482422,48.396141052246094,86200,0.0,0.0,0.0
2006-05-17,80.06999969482422,80.19000244140625,79.94000244140625,80.08999633789062,48.257564544677734,245300,0.0,0.0,0.0
2006-05-18,80.41999816894531,80.66000366210938,80.33000183105469,80.66000366210938,48.60100555419922,168500,0.0,0.0,0.0
2006-05-19,80.58999633789062,80.83999633789062,80.4800033569336,80.61000061035156,48.57087707519531,223600,0.0,0.0,0.0
2006-05-22,80.91999816894531,81.01000213623047,80.69999694824219,80.72000122070312,48.63718795776367,189000,0.0,0.0,0.0
2006-05-23,80.56999969482422,80.72000122070312,80.5,80.69000244140625,48.619056701660156,102500,0.0,0.0,0.0
2006-05-24,80.95999908447266,81.0,80.77999877929688,80.80999755859375,48.69135284423828,171700,0.0,0.0,0.0
2006-05-25,80.87000274658203,80.91999816894531,80.62999725341797,80.68000030517578,48.61305236816406,181600,0.0,0.0,0.0
2006-05-26,80.73999786376953,80.94999694824219,80.72000122070312,80.75,48.65522766113281,178000,0.0,0.0,0.0
2006-05-30,80.70999908447266,80.75,80.55000305175781,80.68000030517578,48.61305236816406,95600,0.0,0.0,0.0
2006-05-31,80.7699966430664,80.7699966430664,80.37000274658203,80.43000030517578,48.46242141723633,110900,0.0,0.0,0.0
2006-06-01,80.06999969482422,80.30000305175781,80.04000091552734,80.2699966430664,48.54344940185547,96100,0.294,0.0,0.0
2006-06-02,80.77999877929688,80.91999816894531,80.62000274658203,80.88999938964844,48.91839599609375,403900,0.0,0.0,0.0
2006-06-05,80.86000061035156,80.87999725341797,80.66999816894531,80.7300033569336,48.82167434692383,100200,0.0,0.0,0.0
2006-06-06,80.66999816894531,80.8499984741211,80.5999984741211,80.80000305175781,48.86397933959961,96600,0.0,0.0,0.0
2006-06-07,80.68000030517578,80.7699966430664,80.58000183105469,80.69000244140625,48.79743194580078,141900,0.0,0.0,0.0
2006-06-08,80.81999969482422,81.0999984741211,80.73999786376953,80.80000305175781,48.86397933959961,152600,0.0,0.0,0.0
2006-06-09,80.8499984741211,81.06999969482422,80.83000183105469,81.0,48.984920501708984,73900,0.0,0.0,0.0
2006-06-12,80.94000244140625,81.01000213623047,80.86000061035156,80.95999908447266,48.96072769165039,122500,0.0,0.0,0.0
2006-06-13,81.11000061035156,81.1500015258789,80.94000244140625,81.06999969482422,49.02727508544922,111600,0.0,0.0,0.0
2006-06-14,80.83999633789062,80.9000015258789,80.52999877929688,80.52999877929688,48.70069885253906,165500,0.0,0.0,0.0
2006-06-15,80.47000122070312,80.5,80.33000183105469,80.3499984741211,48.5918083190918,112200,0.0,0.0,0.0
2006-06-16,80.52999877929688,80.52999877929688,80.22000122070312,80.30000305175781,48.56156921386719,126100,0.0,0.0,0.0
2006-06-19,80.25,80.27999877929688,80.0999984741211,80.20999908447266,48.507137298583984,67200,0.0,0.0,0.0
2006-06-20,80.22000122070312,80.22000122070312,80.08000183105469,80.1500015258789,48.470890045166016,105200,0.0,0.0,0.0
2006-06-21,80.2300033569336,80.2300033569336,80.0999984741211,80.13999938964844,48.46479415893555,180600,0.0,0.0,0.0
2006-06-22,80.05999755859375,80.08000183105469,79.87999725341797,79.87999725341797,48.30757141113281,112600,0.0,0.0,0.0
2006-06-23,79.9000015258789,79.97000122070312,79.7300033569336,79.80999755859375,48.26527786254883,167600,0.0,0.0,0.0
2006-06-26,79.83999633789062,79.8499984741211,79.68000030517578,79.76000213623047,48.23503112792969,264400,0.0,0.0,0.0
2006-06-27,79.83000183105469,80.0,79.80000305175781,79.97000122070312,48.36203384399414,231900,0.0,0.0,0.0
2006-06-28,79.87999725341797,79.94000244140625,79.68000030517578,79.70999908447266,48.204803466796875,229700,0.0,0.0,0.0
2006-06-29,79.8499984741211,80.06999969482422,79.83999633789062,80.04000091552734,48.40433120727539,328400,0.0,0.0,0.0
2006-06-30,80.12999725341797,80.41999816894531,80.0199966430664,80.31999969482422,48.57368469238281,125400,0.0,0.0,0.0
2006-07-03,80.02999877929688,80.05000305175781,79.87000274658203,79.97000122070312,48.55062484741211,41200,0.312,0.0,0.0
2006-07-05,79.83000183105469,79.83000183105469,79.58000183105469,79.68000030517578,48.37455368041992,1712900,0.0,0.0,0.0
2006-07-06,79.73999786376953,79.93000030517578,79.70999908447266,79.93000030517578,48.52629852294922,132400,0.0,0.0,0.0
2006-07-07,80.12999725341797,80.26000213623047,80.0199966430664,80.18000030517578,48.67812728881836,274600,0.0,0.0,0.0
2006-07-10,80.12000274658203,80.25,80.08999633789062,80.23999786376953,48.71453857421875,133200,0.0,0.0,0.0
2006-07-11,80.3499984741211,80.4800033569336,80.30999755859375,80.33000183105469,48.769161224365234,167200,0.0,0.0,0.0
2006-07-12,80.19999694824219,80.4000015258789,80.16999816894531,80.4000015258789,48.811702728271484,114300,0.0,0.0,0.0
2006-07-13,80.41999816894531,80.58999633789062,80.3499984741211,80.58000183105469,48.92097854614258,343800,0.0,0.0,0.0
2006-07-14,80.58000183105469,80.69000244140625,80.5199966430664,80.63999938964844,48.95738220214844,397600,0.0,0.0,0.0
2006-07-17,80.55000305175781,80.62999725341797,80.44000244140625,80.56999969482422,48.91486740112305,153400,0.0,0.0,0.0
2006-07-18,80.43000030517578,80.43000030517578,80.19000244140625,80.26000213623047,48.72666931152344,182100,0.0,0.0,0.0
2006-07-19,80.0999984741211,80.77999877929688,80.0999984741211,80.7699966430664,49.03630065917969,235300,0.0,0.0,0.0
2006-07-20,80.68000030517578,80.94999694824219,80.6500015258789,80.94000244140625,49.139556884765625,297600,0.0,0.0,0.0
2006-07-21,81.05000305175781,81.05999755859375,80.79000091552734,80.88999938964844,49.10918426513672,288300,0.0,0.0,0.0
2006-07-24,80.91999816894531,80.94999694824219,80.81999969482422,80.88999938964844,49.10918426513672,361000,0.0,0.0,0.0
2006-07-25,80.7699966430664,80.94000244140625,80.70999908447266,80.80999755859375,49.060550689697266,176500,0.0,0.0,0.0
2006-07-26,80.79000091552734,81.05999755859375,80.76000213623047,81.01000213623047,49.181976318359375,157700,0.0,0.0,0.0
2006-07-27,81.11000061035156,81.11000061035156,80.9000015258789,81.0,49.175926208496094,74200,0.0,0.0,0.0
2006-07-28,81.23999786376953,81.31999969482422,81.18000030517578,81.22000122070312,49.309505462646484,89400,0.0,0.0,0.0
2006-07-31,81.26000213623047,81.3499984741211,81.18000030517578,81.3499984741211,49.388423919677734,89700,0.0,0.0,0.0
2006-08-01,80.94999694824219,81.05000305175781,80.86000061035156,81.05000305175781,49.4000129699707,97600,0.319,0.0,0.0
2006-08-02,81.05000305175781,81.19999694824219,80.94999694824219,81.12000274658203,49.442691802978516,91200,0.0,0.0,0.0
2006-08-03,81.12000274658203,81.2699966430664,81.0199966430664,81.13999938964844,49.4548454284668,111500,0.0,0.0,0.0
2006-08-04,81.55000305175781,81.56999969482422,81.41999816894531,81.54000091552734,49.69867706298828,157100,0.0,0.0,0.0
2006-08-07,81.4800033569336,81.48999786376953,81.37000274658203,81.43000030517578,49.63161849975586,172600,0.0,0.0,0.0
2006-08-08,81.41999816894531,81.55000305175781,81.33000183105469,81.44000244140625,49.63773727416992,118200,0.0,0.0,0.0
2006-08-09,81.20999908447266,81.41000366210938,81.20999908447266,81.4000015258789,49.61336135864258,110700,0.0,0.0,0.0
2006-08-10,81.41999816894531,81.41999816894531,81.19000244140625,81.41999816894531,49.62550354003906,166700,0.0,0.0,0.0
2006-08-11,81.20999908447266,81.25,81.12999725341797,81.16000366210938,49.46709060668945,192000,0.0,0.0,0.0
2006-08-14,81.08000183105469,81.11000061035156,81.0,81.0199966430664,49.3817253112793,191700,0.0,0.0,0.0
2006-08-15,81.33999633789062,81.4800033569336,81.30000305175781,81.41000366210938,49.619422912597656,147200,0.0,0.0,0.0
2006-08-16,81.7300033569336,81.80999755859375,81.66000366210938,81.75,49.82667541503906,182600,0.0,0.0,0.0
2006-08-17,81.9000015258789,81.9000015258789,81.68000030517578,81.7300033569336,49.81447219848633,300000,0.0,0.0,0.0
2006-08-18,81.83000183105469,81.97000122070312,81.7699966430664,81.94999694824219,49.94855880737305,344300,0.0,0.0,0.0
2006-08-21,81.98999786376953,82.05000305175781,81.95999908447266,82.05000305175781,50.00950241088867,83800,0.0,0.0,0.0
2006-08-22,82.0199966430664,82.16000366210938,82.0,82.08000183105469,50.027793884277344,187200,0.0,0.0,0.0
2006-08-23,82.01000213623047,82.05999755859375,81.87999725341797,82.0,49.97903060913086,239800,0.0,0.0,0.0
2006-08-24,82.13999938964844,82.16999816894531,82.05999755859375,82.08000183105469,50.027793884277344,111400,0.0,0.0,0.0
2006-08-25,82.08000183105469,82.23999786376953,82.02999877929688,82.19000244140625,50.094844818115234,96900,0.0,0.0,0.0
2006-08-28,82.1500015258789,82.19000244140625,82.08000183105469,82.18000030517578,50.088714599609375,106000,0.0,0.0,0.0
2006-08-29,81.97000122070312,82.25,81.87999725341797,82.25,50.131412506103516,248600,0.0,0.0,0.0
2006-08-30,82.2699966430664,82.4000015258789,82.26000213623047,82.3499984741211,50.19237518310547,131800,0.0,0.0,0.0
2006-08-31,82.41999816894531,82.55000305175781,82.38999938964844,82.45999908447266,50.25941467285156,171200,0.0,0.0,0.0
2006-09-01,82.1500015258789,82.30999755859375,82.05000305175781,82.2699966430664,50.33405685424805,252800,0.312,0.0,0.0
2006-09-05,82.16000366210938,82.16000366210938,81.95999908447266,82.0,50.16886520385742,284800,0.0,0.0,0.0
2006-09-06,81.77999877929688,81.94999694824219,81.72000122070312,81.94000244140625,50.13209915161133,334400,0.0,0.0,0.0
2006-09-07,81.83000183105469,82.05000305175781,81.75,82.0,50.16886520385742,135200,0.0,0.0,0.0
2006-09-08,82.08000183105469,82.19999694824219,82.05000305175781,82.08000183105469,50.21779251098633,66000,0.0,0.0,0.0
2006-09-11,82.04000091552734,82.0999984741211,81.83999633789062,81.93000030517578,50.12601089477539,196600,0.0,0.0,0.0
2006-09-12,81.87000274658203,82.16000366210938,81.81999969482422,82.16000366210938,50.26671600341797,111000,0.0,0.0,0.0
2006-09-13,82.23999786376953,82.31999969482422,82.16000366210938,82.23999786376953,50.3156852722168,114000,0.0,0.0,0.0
2006-09-14,82.0999984741211,82.26000213623047,82.01000213623047,82.08000183105469,50.21779251098633,69600,0.0,0.0,0.0
2006-09-15,82.20999908447266,82.29000091552734,81.98999786376953,82.02999877929688,50.18721008300781,110900,0.0,0.0,0.0
2006-09-18,81.7300033569336,81.94999694824219,81.7300033569336,81.91000366210938,50.11380386352539,188000,0.0,0.0,0.0
2006-09-19,82.23999786376953,82.44000244140625,82.22000122070312,82.4000015258789,50.413597106933594,128400,0.0,0.0,0.0
2006-09-20,82.58999633789062,82.58999633789062,82.36000061035156,82.41999816894531,50.42582321166992,112200,0.0,0.0,0.0
2006-09-21,82.41000366210938,83.0199966430664,82.41000366210938,83.01000213623047,50.786781311035156,114600,0.0,0.0,0.0
2006-09-22,83.12000274658203,83.2699966430664,83.0999984741211,83.26000213623047,50.93975067138672,327000,0.0,0.0,0.0
2006-09-25,83.4000015258789,83.56999969482422,83.30000305175781,83.54000091552734,51.111053466796875,286200,0.0,0.0,0.0
2006-09-26,83.45999908447266,83.45999908447266,83.23999786376953,83.33000183105469,50.98259353637695,276800,0.0,0.0,0.0
2006-09-27,83.55000305175781,83.55000305175781,83.20999908447266,83.30999755859375,50.970306396484375,233800,0.0,0.0,0.0
2006-09-28,83.23999786376953,83.26000213623047,83.08999633789062,83.2300033569336,50.9213752746582,160800,0.0,0.0,0.0
2006-09-29,83.31999969482422,83.3499984741211,82.94999694824219,83.13999938964844,50.86634826660156,259000,0.0,0.0,0.0
2006-10-02,82.80000305175781,83.04000091552734,82.75,82.97000122070312,50.95598220825195,337500,0.316,0.0,0.0
2006-10-03,83.04000091552734,83.05000305175781,82.87999725341797,82.95999908447266,50.94986343383789,135400,0.0,0.0,0.0
2006-10-04,83.0999984741211,83.33999633789062,83.06999969482422,83.33999633789062,51.1832275390625,136000,0.0,0.0,0.0
2006-10-05,83.25,83.25,82.94999694824219,83.05000305175781,51.005149841308594,139800,0.0,0.0,0.0
2006-10-06,82.9000015258789,82.9000015258789,82.5,82.5999984741211,50.728729248046875,624700,0.0,0.0,0.0
2006-10-09,82.69999694824219,82.83999633789062,82.56999969482422,82.69999694824219,50.79015350341797,898300,0.0,0.0,0.0
2006-10-10,82.41000366210938,82.44000244140625,82.16000366210938,82.19999694824219,50.48307418823242,1711900,0.0,0.0,0.0
2006-10-11,82.4000015258789,82.41000366210938,81.98999786376953,82.0999984741211,50.42167663574219,502600,0.0,0.0,0.0
2006-10-12,82.1500015258789,82.26000213623047,82.06999969482422,82.1500015258789,50.452392578125,230000,0.0,0.0,0.0
2006-10-13,82.04000091552734,82.04000091552734,81.9000015258789,82.01000213623047,50.36643981933594,1280200,0.0,0.0,0.0
2006-10-16,82.13999938964844,82.1500015258789,82.0199966430664,82.1500015258789,50.452392578125,240400,0.0,0.0,0.0
2006-10-17,82.33999633789062,82.44999694824219,82.12000274658203,82.23999786376953,50.507694244384766,300300,0.0,0.0,0.0
2006-10-18,82.20999908447266,82.29000091552734,82.12000274658203,82.22000122070312,50.495384216308594,294600,0.0,0.0,0.0
2006-10-19,82.11000061035156,82.25,82.02999877929688,82.1500015258789,50.452392578125,175500,0.0,0.0,0.0
2006-10-20,82.19999694824219,82.19999694824219,82.0999984741211,82.12999725341797,50.440128326416016,69200,0.0,0.0,0.0
2006-10-23,81.9800033569336,81.98999786376953,81.80000305175781,81.9000015258789,50.29887771606445,356600,0.0,0.0,0.0
2006-10-24,81.91999816894531,82.01000213623047,81.91000366210938,82.01000213623047,50.36643981933594,203700,0.0,0.0,0.0
2006-10-25,82.02999877929688,82.31999969482422,81.9800033569336,82.30999755859375,50.550628662109375,127200,0.0,0.0,0.0
2006-10-26,82.52999877929688,82.5999984741211,82.43000030517578,82.58999633789062,50.722599029541016,115900,0.0,0.0,0.0
2006-10-27,82.83999633789062,82.87000274658203,82.69999694824219,82.86000061035156,50.888450622558594,249000,0.0,0.0,0.0
2006-10-30,82.87000274658203,82.91000366210938,82.75,82.9000015258789,50.91297149658203,128800,0.0,0.0,0.0
2006-10-31,82.97000122070312,83.2699966430664,82.9000015258789,83.2699966430664,51.14020919799805,266600,0.0,0.0,0.0
2006-11-01,83.04000091552734,83.52999877929688,82.9000015258789,83.25,51.31777572631836,396400,0.308,0.0,0.0
2006-11-02,83.12999725341797,83.12999725341797,82.97000122070312,83.0199966430664,51.17598342895508,163200,0.0,0.0,0.0
2006-11-03,82.58000183105469,82.6500015258789,82.3499984741211,82.38999938964844,50.7876091003418,271800,0.0,0.0,0.0
2006-11-06,82.37999725341797,82.4800033569336,82.30000305175781,82.47000122070312,50.83693313598633,227000,0.0,0.0,0.0
2006-11-07,82.72000122070312,82.88999938964844,82.69999694824219,82.75,51.009521484375,203300,0.0,0.0,0.0
2006-11-08,82.80999755859375,82.94999694824219,82.70999908447266,82.93000030517578,51.12049865722656,146200,0.0,0.0,0.0
2006-11-09,82.86000061035156,82.95999908447266,82.83999633789062,82.91999816894531,51.11433029174805,211000,0.0,0.0,0.0
2006-11-10,83.0,83.19999694824219,83.0,83.0999984741211,51.22529602050781,111300,0.0,0.0,0.0
2006-11-13,83.12000274658203,83.12000274658203,82.88999938964844,83.05999755859375,51.20061492919922,153600,0.0,0.0,0.0
2006-11-14,83.2300033569336,83.33999633789062,83.19000244140625,83.2300033569336,51.30544662475586,222800,0.0,0.0,0.0
2006-11-15,83.16000366210938,83.16000366210938,82.94000244140625,83.0,51.163665771484375,237100,0.0,0.0,0.0
2006-11-16,83.19000244140625,83.19000244140625,82.72000122070312,82.79000091552734,51.03420639038086,497900,0.0,0.0,0.0
2006-11-17,82.91000366210938,83.22000122070312,82.81999969482422,83.08999633789062,51.219120025634766,362400,0.0,0.0,0.0
2006-11-20,83.19000244140625,83.19000244140625,83.04000091552734,83.13999938964844,51.249961853027344,178200,0.0,0.0,0.0
2006-11-21,83.22000122070312,83.30000305175781,83.08000183105469,83.26000213623047,51.32395553588867,413200,0.0,0.0,0.0
2006-11-22,83.3499984741211,83.44999694824219,83.29000091552734,83.38999938964844,51.404083251953125,133400,0.0,0.0,0.0
2006-11-24,83.62000274658203,83.62000274658203,83.45999908447266,83.4800033569336,51.459564208984375,119200,0.0,0.0,0.0
2006-11-27,83.33999633789062,83.56999969482422,83.23999786376953,83.55999755859375,51.50885772705078,708600,0.0,0.0,0.0
2006-11-28,83.70999908447266,83.79000091552734,83.5199966430664,83.70999908447266,51.60130310058594,470600,0.0,0.0,0.0
2006-11-29,83.91999816894531,83.91999816894531,83.58999633789062,83.61000061035156,51.539695739746094,335500,0.0,0.0,0.0
2006-11-30,83.87000274658203,84.06999969482422,83.80000305175781,84.05000305175781,51.810916900634766,418500,0.0,0.0,0.0
2006-12-01,83.72000122070312,84.08000183105469,83.66000366210938,83.94000244140625,51.930904388427734,289800,0.304,0.0,0.0
2006-12-04,83.83999633789062,83.95999908447266,83.77999877929688,83.93000030517578,51.92472839355469,208200,0.0,0.0,0.0
2006-12-05,83.87000274658203,84.0,83.7300033569336,83.81999969482422,51.856689453125,1133300,0.0,0.0,0.0
2006-12-06,83.79000091552734,83.80000305175781,83.62999725341797,83.69000244140625,51.776268005371094,156800,0.0,0.0,0.0
2006-12-07,83.75,83.75,83.56999969482422,83.66000366210938,51.7576904296875,138200,0.0,0.0,0.0
2006-12-08,83.63999938964844,83.63999938964844,83.23999786376953,83.27999877929688,51.52263641357422,277000,0.0,0.0,0.0
2006-12-11,83.51000213623047,83.55999755859375,83.43000030517578,83.54000091552734,51.683475494384766,167800,0.0,0.0,0.0
2006-12-12,83.56999969482422,83.7300033569336,83.5,83.69000244140625,51.776268005371094,360000,0.0,0.0,0.0
2006-12-13,83.37000274658203,83.41999816894531,83.16000366210938,83.26000213623047,51.510231018066406,188300,0.0,0.0,0.0
2006-12-14,83.2300033569336,83.2300033569336,83.06999969482422,83.12999725341797,51.42980194091797,314000,0.0,0.0,0.0
2006-12-15,83.5999984741211,83.6500015258789,83.0999984741211,83.1500015258789,51.44219970703125,215600,0.0,0.0,0.0
2006-12-18,83.18000030517578,83.2300033569336,83.0999984741211,83.19000244140625,51.46693801879883,111600,0.0,0.0,0.0
2006-12-19,83.18000030517578,83.26000213623047,83.0999984741211,83.16999816894531,51.45456314086914,174000,0.0,0.0,0.0
2006-12-20,83.11000061035156,83.20999908447266,83.11000061035156,83.1500015258789,51.44219970703125,139300,0.0,0.0,0.0
2006-12-21,83.26000213623047,83.52999877929688,83.16000366210938,83.44999694824219,51.6278076171875,624200,0.0,0.0,0.0
2006-12-22,83.27999877929688,83.33999633789062,83.04000091552734,83.06999969482422,51.392669677734375,268500,0.0,0.0,0.0
2006-12-26,83.18000030517578,83.29000091552734,83.05000305175781,83.12999725341797,51.42980194091797,144500,0.0,0.0,0.0
2006-12-27,83.01000213623047,83.01000213623047,82.62000274658203,82.66999816894531,51.29269027709961,193400,0.239,0.0,0.0
2006-12-28,82.80000305175781,82.80000305175781,82.30000305175781,82.4800033569336,51.17479705810547,185100,0.0,0.0,0.0
2006-12-29,82.43000030517578,82.48999786376953,82.30999755859375,82.44000244140625,51.149986267089844,272100,0.0,0.0,0.0
2007-01-03,82.70999908447266,82.80000305175781,82.4800033569336,82.68000030517578,51.298892974853516,1210700,0.0,0.0,0.0
2007-01-04,82.83000183105469,82.9800033569336,82.7300033569336,82.9800033569336,51.48503875732422,171200,0.0,0.0,0.0
2007-01-05,82.58000183105469,82.80999755859375,82.5199966430664,82.70999908447266,51.31752395629883,201000,0.0,0.0,0.0
2007-01-08,82.72000122070312,82.7699966430664,82.66000366210938,82.7699966430664,51.354705810546875,163800,0.0,0.0,0.0
2007-01-09,82.81999969482422,82.83000183105469,82.69999694824219,82.75,51.34230041503906,168600,0.0,0.0,0.0
2007-01-10,82.62000274658203,82.69000244140625,82.55999755859375,82.61000061035156,51.25544357299805,95900,0.0,0.0,0.0
2007-01-11,82.55000305175781,82.55000305175781,82.29000091552734,82.38999938964844,51.118961334228516,361700,0.0,0.0,0.0
2007-01-12,82.29000091552734,82.30000305175781,82.11000061035156,82.22000122070312,51.01348876953125,161000,0.0,0.0,0.0
2007-01-16,82.30000305175781,82.37999725341797,82.26000213623047,82.37999725341797,51.11273193359375,162600,0.0,0.0,0.0
2007-01-17,82.33000183105469,82.36000061035156,82.13999938964844,82.22000122070312,51.01348876953125,141300,0.0,0.0,0.0
2007-01-18,82.22000122070312,82.33999633789062,82.08999633789062,82.33000183105469,51.081748962402344,225400,0.0,0.0,0.0
2007-01-19,82.26000213623047,82.37000274658203,82.1500015258789,82.19999694824219,51.001060485839844,270800,0.0,0.0,0.0
2007-01-22,82.30000305175781,82.37999725341797,82.2699966430664,82.3499984741211,51.0941276550293,119000,0.0,0.0,0.0
2007-01-23,82.23999786376953,82.29000091552734,82.06999969482422,82.11000061035156,50.945274353027344,412800,0.0,0.0,0.0
2007-01-24,82.12999725341797,82.1500015258789,82.06999969482422,82.12000274658203,50.95145797729492,138400,0.0,0.0,0.0
2007-01-25,82.05000305175781,82.05000305175781,81.75,81.80000305175781,50.75291061401367,201700,0.0,0.0,0.0
2007-01-26,81.7300033569336,81.88999938964844,81.6500015258789,81.79000091552734,50.74668884277344,441300,0.0,0.0,0.0
2007-01-29,81.91999816894531,81.91999816894531,81.6500015258789,81.7300033569336,50.7094841003418,161700,0.0,0.0,0.0
2007-01-30,81.77999877929688,81.83000183105469,81.75,81.80999755859375,50.759063720703125,200500,0.0,0.0,0.0
2007-01-31,81.75,82.13999938964844,81.75,82.11000061035156,50.945274353027344,412200,0.0,0.0,0.0
2007-02-01,82.01000213623047,82.05999755859375,81.69999694824219,81.73999786376953,50.90846633911133,238600,0.311,0.0,0.0
2007-02-02,81.79000091552734,81.9000015258789,81.73999786376953,81.80999755859375,50.952117919921875,163500,0.0,0.0,0.0
2007-02-05,81.87999725341797,81.94000244140625,81.86000061035156,81.9000015258789,51.0081672668457,216000,0.0,0.0,0.0
2007-02-06,81.86000061035156,82.1500015258789,81.83000183105469,82.12999725341797,51.15134048461914,238100,0.0,0.0,0.0
2007-02-07,82.2300033569336,82.31999969482422,82.18000030517578,82.30999755859375,51.263492584228516,155000,0.0,0.0,0.0
2007-02-08,82.26000213623047,82.4000015258789,82.19999694824219,82.33000183105469,51.275936126708984,447600,0.0,0.0,0.0
2007-02-09,82.18000030517578,82.19000244140625,82.01000213623047,82.08000183105469,51.1202392578125,237400,0.0,0.0,0.0
2007-02-12,82.05000305175781,82.0999984741211,81.91000366210938,81.97000122070312,51.05171585083008,146900,0.0,0.0,0.0
2007-02-13,81.97000122070312,81.98999786376953,81.86000061035156,81.91000366210938,51.01435852050781,204800,0.0,0.0,0.0
2007-02-14,82.05000305175781,82.43000030517578,82.05000305175781,82.37999725341797,51.30705261230469,192600,0.0,0.0,0.0
2007-02-15,82.58999633789062,82.6500015258789,82.51000213623047,82.51000213623047,51.3880500793457,317000,0.0,0.0,0.0
2007-02-16,82.61000061035156,82.69000244140625,82.55999755859375,82.5999984741211,51.444068908691406,308900,0.0,0.0,0.0
2007-02-20,82.58999633789062,82.73999786376953,82.58999633789062,82.69999694824219,51.506378173828125,152900,0.0,0.0,0.0
2007-02-21,82.55000305175781,82.69000244140625,82.55000305175781,82.69000244140625,51.50019454956055,173000,0.0,0.0,0.0
2007-02-22,82.55000305175781,82.55999755859375,82.41000366210938,82.4800033569336,51.36933517456055,135000,0.0,0.0,0.0
2007-02-23,82.58999633789062,82.87999725341797,82.58000183105469,82.80999755859375,51.57487869262695,111700,0.0,0.0,0.0
2007-02-26,82.98999786376953,83.0999984741211,82.91999816894531,83.06999969482422,51.736820220947266,160900,0.0,0.0,0.0
2007-02-27,83.29000091552734,84.06999969482422,83.19999694824219,83.7699966430664,52.172821044921875,496500,0.0,0.0,0.0
2007-02-28,83.61000061035156,83.69999694824219,83.4000015258789,83.4800033569336,51.99215316772461,228100,0.0,0.0,0.0
2007-03-01,83.56999969482422,83.58999633789062,83.19999694824219,83.27999877929688,52.038997650146484,500500,0.275,0.0,0.0
2007-03-02,83.41999816894531,83.61000061035156,83.30999755859375,83.55000305175781,52.207759857177734,249000,0.0,0.0,0.0
2007-03-05,83.72000122070312,83.72000122070312,83.45999908447266,83.5999984741211,52.238983154296875,298800,0.0,0.0,0.0
2007-03-06,83.36000061035156,83.61000061035156,83.36000061035156,83.48999786376953,52.17027282714844,302200,0.0,0.0,0.0
2007-03-07,83.44000244140625,83.66999816894531,83.41999816894531,83.63999938964844,52.26400375366211,265500,0.0,0.0,0.0
2007-03-08,83.51000213623047,83.68000030517578,83.48999786376953,83.62999725341797,52.257774353027344,170300,0.0,0.0,0.0
2007-03-09,83.12000274658203,83.27999877929688,83.11000061035156,83.16000366210938,51.96405029296875,333800,0.0,0.0,0.0
2007-03-12,83.30000305175781,83.44000244140625,83.2699966430664,83.38999938964844,52.10775375366211,253300,0.0,0.0,0.0
2007-03-13,83.69000244140625,83.80000305175781,83.51000213623047,83.76000213623047,52.33896255493164,196000,0.0,0.0,0.0
2007-03-14,83.69000244140625,83.93000030517578,83.61000061035156,83.6500015258789,52.27024841308594,267900,0.0,0.0,0.0
2007-03-15,83.55999755859375,83.62000274658203,83.48999786376953,83.55999755859375,52.21404266357422,338900,0.0,0.0,0.0
2007-03-16,83.44000244140625,83.58999633789062,83.41000366210938,83.55000305175781,52.207759857177734,340500,0.0,0.0,0.0
2007-03-19,83.41000366210938,83.44000244140625,83.33999633789062,83.44000244140625,52.13899612426758,238200,0.0,0.0,0.0
2007-03-20,83.63999938964844,83.63999938964844,83.5199966430664,83.55999755859375,52.21404266357422,169400,0.0,0.0,0.0
2007-03-21,83.45999908447266,83.77999877929688,83.30000305175781,83.68000030517578,52.28897476196289,369800,0.0,0.0,0.0
2007-03-22,83.61000061035156,83.61000061035156,83.31999969482422,83.4000015258789,52.11402130126953,236500,0.0,0.0,0.0
2007-03-23,83.51000213623047,83.5199966430664,83.20999908447266,83.2699966430664,52.03278732299805,163400,0.0,0.0,0.0
2007-03-26,83.18000030517578,83.5,83.1500015258789,83.33999633789062,52.076568603515625,142100,0.0,0.0,0.0
2007-03-27,83.27999877929688,83.37000274658203,83.2300033569336,83.31999969482422,52.06402587890625,165900,0.0,0.0,0.0
2007-03-28,83.47000122070312,83.5999984741211,83.2300033569336,83.30999755859375,52.05781936645508,240500,0.0,0.0,0.0
2007-03-29,83.19999694824219,83.26000213623047,83.1500015258789,83.19000244140625,51.98282241821289,121400,0.0,0.0,0.0
2007-03-30,83.20999908447266,83.5199966430664,82.94999694824219,83.08999633789062,51.92033004760742,464400,0.0,0.0,0.0
2007-04-02,82.94999694824219,82.95999908447266,82.80000305175781,82.86000061035156,51.978057861328125,156600,0.322,0.0,0.0
2007-04-03,82.79000091552734,82.83999633789062,82.75,82.79000091552734,51.934120178222656,257400,0.0,0.0,0.0
2007-04-04,82.91999816894531,83.0,82.81999969482422,82.91999816894531,52.015655517578125,182300,0.0,0.0,0.0
2007-04-05,82.81999969482422,82.91000366210938,82.70999908447266,82.70999908447266,51.88387680053711,161200,0.0,0.0,0.0
2007-04-09,82.38999938964844,82.4000015258789,82.30000305175781,82.33000183105469,51.64554214477539,198900,0.0,0.0,0.0
2007-04-10,82.5,82.56999969482422,82.47000122070312,82.5,51.75223159790039,97600,0.0,0.0,0.0
2007-04-11,82.58000183105469,82.62000274658203,82.4000015258789,82.4000015258789,51.689453125,150700,0.0,0.0,0.0
2007-04-12,82.52999877929688,82.56999969482422,82.43000030517578,82.4800033569336,51.739662170410156,111200,0.0,0.0,0.0
2007-04-13,82.52999877929688,82.52999877929688,82.27999877929688,82.33999633789062,51.65183639526367,139100,0.0,0.0,0.0
2007-04-16,82.47000122070312,82.5,82.37000274658203,82.43000030517578,51.70829772949219,262300,0.0,0.0,0.0
2007-04-17,82.58999633789062,82.80000305175781,82.58999633789062,82.77999877929688,51.92788314819336,1080400,0.0,0.0,0.0
2007-04-18,82.87000274658203,83.02999877929688,82.87000274658203,82.97000122070312,52.04704666137695,252500,0.0,0.0,0.0
2007-04-19,83.06999969482422,83.08999633789062,82.8499984741211,82.95999908447266,52.04076385498047,153600,0.0,0.0,0.0
2007-04-20,82.9800033569336,82.9800033569336,82.81999969482422,82.87000274658203,51.984317779541016,88800,0.0,0.0,0.0
2007-04-23,82.91999816894531,83.12000274658203,82.83999633789062,83.04000091552734,52.09095001220703,90500,0.0,0.0,0.0
2007-04-24,83.11000061035156,83.30000305175781,83.0999984741211,83.19999694824219,52.19129943847656,660500,0.0,0.0,0.0
2007-04-25,83.16999816894531,83.30000305175781,83.11000061035156,83.1500015258789,52.15993118286133,537400,0.0,0.0,0.0
2007-04-26,83.0999984741211,83.11000061035156,82.88999938964844,82.91000366210938,52.00941848754883,307600,0.0,0.0,0.0
2007-04-27,82.97000122070312,82.98999786376953,82.86000061035156,82.91000366210938,52.00941848754883,180000,0.0,0.0,0.0
2007-04-30,83.08000183105469,83.29000091552734,83.06999969482422,83.2699966430664,52.23521423339844,171500,0.0,0.0,0.0
2007-05-01,83.04000091552734,83.08000183105469,82.7699966430664,82.95999908447266,52.23773193359375,158900,0.314,0.0,0.0
2007-05-02,82.98999786376953,82.98999786376953,82.86000061035156,82.86000061035156,52.174800872802734,167000,0.0,0.0,0.0
2007-05-03,82.80000305175781,82.87000274658203,82.66000366210938,82.7699966430664,52.11805725097656,113200,0.0,0.0,0.0
2007-05-04,82.94000244140625,83.0,82.88999938964844,82.9800033569336,52.25032424926758,144800,0.0,0.0,0.0
2007-05-07,83.01000213623047,83.05000305175781,82.94999694824219,83.05000305175781,52.29441452026367,104500,0.0,0.0,0.0
2007-05-08,83.12999725341797,83.12999725341797,83.02999877929688,83.05000305175781,52.29441452026367,158900,0.0,0.0,0.0
2007-05-09,83.0199966430664,83.05000305175781,82.7699966430664,82.77999877929688,52.124420166015625,201600,0.0,0.0,0.0
2007-05-10,82.83000183105469,83.01000213623047,82.80999755859375,82.98999786376953,52.25666046142578,153100,0.0,0.0,0.0
2007-05-11,83.08999633789062,83.12999725341797,82.77999877929688,82.81999969482422,52.149574279785156,178000,0.0,0.0,0.0
2007-05-14,82.83000183105469,82.8499984741211,82.69999694824219,82.69999694824219,52.074005126953125,142400,0.0,0.0,0.0
2007-05-15,82.83000183105469,82.8499984741211,82.56999969482422,82.69000244140625,52.06776428222656,168400,0.0,0.0,0.0
2007-05-16,82.66999816894531,82.72000122070312,82.61000061035156,82.63999938964844,52.03627395629883,191300,0.0,0.0,0.0
2007-05-17,82.54000091552734,82.58000183105469,82.37999725341797,82.41999816894531,51.897708892822266,263500,0.0,0.0,0.0
2007-05-18,82.33999633789062,82.41999816894531,82.12999725341797,82.18000030517578,51.7465934753418,236400,0.0,0.0,0.0
2007-05-21,82.16000366210938,82.29000091552734,82.0999984741211,82.29000091552734,51.81584930419922,222000,0.0,0.0,0.0
2007-05-22,82.19999694824219,82.26000213623047,82.0,82.05999755859375,51.67103958129883,217000,0.0,0.0,0.0
2007-05-23,82.11000061035156,82.11000061035156,81.8499984741211,81.9000015258789,51.570308685302734,228100,0.0,0.0,0.0
2007-05-24,81.9000015258789,82.01000213623047,81.70999908447266,82.01000213623047,51.63956069946289,153300,0.0,0.0,0.0
2007-05-25,81.88999938964844,82.01000213623047,81.86000061035156,81.91999816894531,51.58285903930664,183900,0.0,0.0,0.0
2007-05-29,81.9000015258789,81.93000030517578,81.75,81.75,51.475860595703125,152800,0.0,0.0,0.0
2007-05-30,82.04000091552734,82.04000091552734,81.80999755859375,81.83000183105469,51.52617645263672,245600,0.0,0.0,0.0
2007-05-31,81.91000366210938,81.91000366210938,81.63999938964844,81.80000305175781,51.50733184814453,235100,0.0,0.0,0.0
2007-06-01,81.30999755859375,81.33000183105469,81.08000183105469,81.12000274658203,51.28541946411133,230300,0.329,0.0,0.0
2007-06-04,81.22000122070312,81.27999877929688,81.12000274658203,81.25,51.36759948730469,139200,0.0,0.0,0.0
2007-06-05,81.16000366210938,81.19999694824219,80.91999816894531,80.98999786376953,51.20315933227539,351500,0.0,0.0,0.0
2007-06-06,80.98999786376953,81.12999725341797,80.98999786376953,81.02999877929688,51.228511810302734,266800,0.0,0.0,0.0
2007-06-07,80.70999908447266,80.7300033569336,80.20999908447266,80.22000122070312,50.71643829345703,472300,0.0,0.0,0.0
2007-06-08,80.16000366210938,80.37999725341797,80.08000183105469,80.37000274658203,50.811241149902344,409900,0.0,0.0,0.0
2007-06-11,80.16999816894531,80.31999969482422,80.12000274658203,80.16000366210938,50.67848205566406,198300,0.0,0.0,0.0
2007-06-12,79.86000061035156,79.93000030517578,79.5199966430664,79.58999633789062,50.31809616088867,698800,0.0,0.0,0.0
2007-06-13,79.62999725341797,79.91999816894531,79.5999984741211,79.8499984741211,50.48250961303711,514600,0.0,0.0,0.0
2007-06-14,79.8499984741211,80.05000305175781,79.77999877929688,79.87000274658203,50.495174407958984,207300,0.0,0.0,0.0
2007-06-15,79.94999694824219,80.22000122070312,79.87000274658203,80.22000122070312,50.71643829345703,594800,0.0,0.0,0.0
2007-06-18,80.19000244140625,80.29000091552734,80.01000213623047,80.18000030517578,50.69113540649414,413500,0.0,0.0,0.0
2007-06-19,80.41999816894531,80.68000030517578,80.31999969482422,80.56999969482422,50.9377326965332,460100,0.0,0.0,0.0
2007-06-20,80.47000122070312,80.48999786376953,80.2699966430664,80.30999755859375,50.773311614990234,152900,0.0,0.0,0.0
2007-06-21,80.33000183105469,80.41999816894531,80.19000244140625,80.20999908447266,50.7100715637207,276700,0.0,0.0,0.0
2007-06-22,80.11000061035156,80.45999908447266,80.02999877929688,80.44999694824219,50.86183166503906,246000,0.0,0.0,0.0
2007-06-25,80.69000244140625,80.77999877929688,80.55000305175781,80.70999908447266,51.02619552612305,253200,0.0,0.0,0.0
2007-06-26,80.7699966430664,80.80000305175781,80.58000183105469,80.7300033569336,51.038841247558594,141000,0.0,0.0,0.0
2007-06-27,80.93000030517578,81.01000213623047,80.68000030517578,80.72000122070312,51.032508850097656,218600,0.0,0.0,0.0
2007-06-28,80.76000213623047,80.80999755859375,80.56999969482422,80.66999816894531,51.000877380371094,436800,0.0,0.0,0.0
2007-06-29,80.93000030517578,81.13999938964844,80.7699966430664,81.08999633789062,51.26644515991211,374700,0.0,0.0,0.0
2007-07-02,80.76000213623047,80.97000122070312,80.6500015258789,80.9000015258789,51.344478607177734,1030600,0.313,0.0,0.0
2007-07-03,80.9000015258789,80.98999786376953,80.6500015258789,80.66000366210938,51.192203521728516,169200,0.0,0.0,0.0
2007-07-05,80.44000244140625,80.5,80.11000061035156,80.20999908447266,50.90657043457031,269000,0.0,0.0,0.0
2007-07-06,80.04000091552734,80.0999984741211,79.93000030517578,80.0199966430664,50.78599548339844,468100,0.0,0.0,0.0
2007-07-09,80.16999816894531,80.30999755859375,80.08999633789062,80.30999755859375,50.970069885253906,118900,0.0,0.0,0.0
2007-07-10,80.58999633789062,80.86000061035156,80.5,80.86000061035156,51.319122314453125,191300,0.0,0.0,0.0
2007-07-11,80.80999755859375,80.88999938964844,80.5199966430664,80.58000183105469,51.14144515991211,218100,0.0,0.0,0.0
2007-07-12,80.62000274658203,80.72000122070312,80.27999877929688,80.3499984741211,50.99546432495117,309700,0.0,0.0,0.0
2007-07-13,80.55999755859375,80.5999984741211,80.29000091552734,80.52999877929688,51.10967254638672,157400,0.0,0.0,0.0
2007-07-16,80.5199966430664,80.8499984741211,80.5199966430664,80.8499984741211,51.31276321411133,154100,0.0,0.0,0.0
2007-07-17,80.69000244140625,80.80999755859375,80.52999877929688,80.68000030517578,51.20485305786133,136600,0.0,0.0,0.0
2007-07-18,80.75,81.13999938964844,80.7300033569336,80.97000122070312,51.38893508911133,215700,0.0,0.0,0.0
2007-07-19,80.7699966430664,80.97000122070312,80.75,80.95999908447266,51.38261032104492,200600,0.0,0.0,0.0
2007-07-20,81.16000366210938,81.51000213623047,81.11000061035156,81.36000061035156,51.636451721191406,463300,0.0,0.0,0.0
2007-07-23,81.30000305175781,81.43000030517578,81.26000213623047,81.33000183105469,51.6174201965332,327500,0.0,0.0,0.0
2007-07-24,81.45999908447266,81.61000061035156,81.37000274658203,81.55000305175781,51.75705337524414,251200,0.0,0.0,0.0
2007-07-25,81.56999969482422,81.76000213623047,81.52999877929688,81.66000366210938,51.826873779296875,409500,0.0,0.0,0.0
2007-07-26,82.08999633789062,82.5,82.01000213623047,82.30999755859375,52.2393684387207,391800,0.0,0.0,0.0
2007-07-27,82.30999755859375,82.56999969482422,82.18000030517578,82.47000122070312,52.3409423828125,305800,0.0,0.0,0.0
2007-07-30,82.4800033569336,82.5199966430664,82.19999694824219,82.26000213623047,52.2076530456543,279600,0.0,0.0,0.0
2007-07-31,82.2300033569336,82.62000274658203,82.1500015258789,82.5999984741211,52.4234504699707,417200,0.0,0.0,0.0
2007-08-01,82.16999816894531,82.4000015258789,82.04000091552734,82.05000305175781,52.27814865112305,195100,0.322,0.0,0.0
2007-08-02,82.0999984741211,82.2300033569336,81.95999908447266,82.11000061035156,52.316410064697266,212100,0.0,0.0,0.0
2007-08-03,82.26000213623047,82.63999938964844,81.91000366210938,82.63999938964844,52.65409469604492,950100,0.0,0.0,0.0
2007-08-06,82.44999694824219,82.69000244140625,82.25,82.30999755859375,52.44380569458008,267900,0.0,0.0,0.0
2007-08-07,82.37000274658203,82.55999755859375,82.08000183105469,82.30000305175781,52.437469482421875,567300,0.0,0.0,0.0
2007-08-08,82.04000091552734,82.04000091552734,81.61000061035156,81.7300033569336,52.07429122924805,314600,0.0,0.0,0.0
2007-08-09,82.29000091552734,82.29000091552734,81.87999725341797,82.19000244140625,52.36735916137695,235600,0.0,0.0,0.0
2007-08-10,82.4000015258789,82.4000015258789,81.93000030517578,82.06999969482422,52.29094696044922,685000,0.0,0.0,0.0
2007-08-13,82.0,82.23999786376953,81.94999694824219,82.19999694824219,52.37377166748047,154400,0.0,0.0,0.0
2007-08-14,81.97000122070312,82.51000213623047,81.97000122070312,82.5,52.56492233276367,530100,0.0,0.0,0.0
2007-08-15,82.70999908447266,82.81999969482422,82.44000244140625,82.6500015258789,52.660484313964844,902100,0.0,0.0,0.0
2007-08-16,82.88999938964844,83.47000122070312,82.87000274658203,82.97000122070312,52.86431884765625,900500,0.0,0.0,0.0
2007-08-17,82.94999694824219,83.06999969482422,82.87000274658203,83.02999877929688,52.90258026123047,308400,0.0,0.0,0.0
2007-08-20,83.13999938964844,83.44000244140625,83.05000305175781,83.20999908447266,53.01729202270508,926600,0.0,0.0,0.0
2007-08-21,83.48999786376953,83.63999938964844,83.33000183105469,83.56999969482422,53.24666213989258,459200,0.0,0.0,0.0
2007-08-22,83.1500015258789,83.43000030517578,83.12999725341797,83.30000305175781,53.07460021972656,197000,0.0,0.0,0.0
2007-08-23,83.23999786376953,83.5,83.16999816894531,83.33000183105469,53.09372329711914,234900,0.0,0.0,0.0
2007-08-24,83.45999908447266,83.47000122070312,83.20999908447266,83.36000061035156,53.11280822753906,123400,0.0,0.0,0.0
2007-08-27,83.47000122070312,83.62999725341797,83.36000061035156,83.58999633789062,53.259376525878906,120000,0.0,0.0,0.0
2007-08-28,83.69000244140625,84.05000305175781,83.69000244140625,84.0199966430664,53.53333282470703,274400,0.0,0.0,0.0
2007-08-29,83.94000244140625,84.16999816894531,83.69999694824219,83.69999694824219,53.32948684692383,507600,0.0,0.0,0.0
2007-08-30,84.04000091552734,84.19999694824219,83.94999694824219,84.12000274658203,53.59708786010742,201800,0.0,0.0,0.0
2007-08-31,83.83999633789062,84.41999816894531,83.76000213623047,84.13999938964844,53.609798431396484,261500,0.0,0.0,0.0
2007-09-04,83.83999633789062,84.0,83.44000244140625,83.6500015258789,53.5100212097168,281800,0.334,0.0,0.0
2007-09-05,83.77999877929688,84.20999908447266,83.77999877929688,84.16999816894531,53.84266662597656,313300,0.0,0.0,0.0
2007-09-06,84.12999725341797,84.19999694824219,83.93000030517578,83.98999786376953,53.72749710083008,267100,0.0,0.0,0.0
2007-09-07,84.52999877929688,84.88999938964844,84.48999786376953,84.88999938964844,54.30321502685547,410800,0.0,0.0,0.0
2007-09-10,84.87000274658203,85.2300033569336,84.79000091552734,85.08000183105469,54.424739837646484,238000,0.0,0.0,0.0
2007-09-11,84.9800033569336,85.08999633789062,84.80999755859375,84.9000015258789,54.309635162353516,123200,0.0,0.0,0.0
2007-09-12,84.79000091552734,84.83999633789062,84.56999969482422,84.69000244140625,54.17531967163086,147900,0.0,0.0,0.0
2007-09-13,84.47000122070312,84.47000122070312,84.0999984741211,84.19000244140625,53.85543441772461,178500,0.0,0.0,0.0
2007-09-14,84.66999816894531,84.66999816894531,84.12999725341797,84.30000305175781,53.925811767578125,160700,0.0,0.0,0.0
2007-09-17,84.25,84.37000274658203,84.13999938964844,84.3499984741211,53.95785140991211,237900,0.0,0.0,0.0
2007-09-18,84.1500015258789,84.47000122070312,83.91000366210938,84.26000213623047,53.90024948120117,344700,0.0,0.0,0.0
2007-09-19,84.08999633789062,84.12999725341797,83.7699966430664,83.95999908447266,53.70829772949219,1369300,0.0,0.0,0.0
2007-09-20,83.68000030517578,83.73999786376953,83.01000213623047,83.01000213623047,53.100616455078125,685800,0.0,0.0,0.0
2007-09-21,83.22000122070312,83.5,83.22000122070312,83.43000030517578,53.36930465698242,754900,0.0,0.0,0.0
2007-09-24,83.45999908447266,83.58000183105469,83.37000274658203,83.54000091552734,53.43968200683594,236300,0.0,0.0,0.0
2007-09-25,83.80999755859375,83.91999816894531,83.54000091552734,83.55000305175781,53.44607162475586,225500,0.0,0.0,0.0
2007-09-26,83.44999694824219,83.66000366210938,83.3499984741211,83.58000183105469,53.46526336669922,151100,0.0,0.0,0.0
2007-09-27,83.66999816894531,83.95999908447266,83.61000061035156,83.8499984741211,53.63794708251953,437100,0.0,0.0,0.0
2007-09-28,84.04000091552734,84.18000030517578,83.73999786376953,83.87999725341797,53.65715026855469,185600,0.0,0.0,0.0
2007-10-01,83.62999725341797,83.77999877929688,83.5199966430664,83.66999816894531,53.72136688232422,510600,0.31,0.0,0.0
2007-10-02,83.6500015258789,83.9800033569336,83.58999633789062,83.8499984741211,53.8369140625,205900,0.0,0.0,0.0
2007-10-03,84.06999969482422,84.0999984741211,83.66999816894531,83.79000091552734,53.79841232299805,1232800,0.0,0.0,0.0
2007-10-04,83.70999908447266,83.97000122070312,83.70999908447266,83.94000244140625,53.89469528198242,120300,0.0,0.0,0.0
2007-10-05,83.47000122070312,83.5,83.12000274658203,83.19999694824219,53.41960525512695,1173000,0.0,0.0,0.0
2007-10-08,83.30000305175781,83.79000091552734,83.08000183105469,83.5,53.61220932006836,129100,0.0,0.0,0.0
2007-10-09,83.27999877929688,83.45999908447266,83.11000061035156,83.23999786376953,53.44526290893555,184000,0.0,0.0,0.0
2007-10-10,83.16000366210938,83.44000244140625,83.05999755859375,83.31999969482422,53.49662399291992,298700,0.0,0.0,0.0
2007-10-11,83.01000213623047,83.3499984741211,82.8499984741211,83.33000183105469,53.50305938720703,264100,0.0,0.0,0.0
2007-10-12,82.94000244140625,83.33999633789062,82.94000244140625,83.05000305175781,53.323299407958984,151400,0.0,0.0,0.0
2007-10-15,82.86000061035156,83.19999694824219,82.83999633789062,83.12999725341797,53.37464141845703,196200,0.0,0.0,0.0
2007-10-16,83.2699966430664,83.38999938964844,83.16000366210938,83.36000061035156,53.52227020263672,205200,0.0,0.0,0.0
2007-10-17,83.4000015258789,84.27999877929688,83.37000274658203,83.87000274658203,53.8497428894043,201200,0.0,0.0,0.0
2007-10-18,84.13999938964844,84.26000213623047,84.05999755859375,84.19000244140625,54.055213928222656,193200,0.0,0.0,0.0
2007-10-19,84.33000183105469,84.94000244140625,84.33000183105469,84.91000366210938,54.51753616333008,270500,0.0,0.0,0.0
2007-10-22,84.87999725341797,84.88999938964844,84.58000183105469,84.75,54.41482925415039,218900,0.0,0.0,0.0
2007-10-23,84.58999633789062,84.83999633789062,84.5,84.7300033569336,54.40190887451172,368300,0.0,0.0,0.0
2007-10-24,84.93000030517578,85.33999633789062,84.91999816894531,85.16000366210938,54.67803955078125,273300,0.0,0.0,0.0
2007-10-25,85.2300033569336,85.27999877929688,85.05999755859375,85.08999633789062,54.63311004638672,169800,0.0,0.0,0.0
2007-10-26,84.83999633789062,85.16999816894531,84.76000213623047,84.87999725341797,54.49822235107422,189500,0.0,0.0,0.0
2007-10-29,84.88999938964844,85.05000305175781,84.81999969482422,84.94999694824219,54.54318618774414,171500,0.0,0.0,0.0
2007-10-30,85.0,85.04000091552734,84.8499984741211,85.04000091552734,54.60099411010742,118400,0.0,0.0,0.0
2007-10-31,84.83000183105469,84.9800033569336,84.45999908447266,84.47000122070312,54.235015869140625,313300,0.0,0.0,0.0
2007-11-01,84.33999633789062,85.01000213623047,84.33999633789062,84.86000061035156,54.67764663696289,219100,0.297,0.0,0.0
2007-11-02,84.6500015258789,85.30999755859375,84.6500015258789,85.08999633789062,54.82587432861328,337600,0.0,0.0,0.0
2007-11-05,85.22000122070312,85.27999877929688,84.91000366210938,84.98999786376953,54.76140213012695,172100,0.0,0.0,0.0
2007-11-06,84.87000274658203,85.18000030517578,84.77999877929688,84.83999633789062,54.664764404296875,184100,0.0,0.0,0.0
2007-11-07,85.0199966430664,85.22000122070312,84.9000015258789,85.1500015258789,54.864566802978516,299700,0.0,0.0,0.0
2007-11-08,85.2300033569336,85.52999877929688,85.16000366210938,85.33999633789062,54.986968994140625,1078400,0.0,0.0,0.0
2007-11-09,85.5999984741211,85.86000061035156,85.56999969482422,85.8499984741211,55.31550598144531,276700,0.0,0.0,0.0
2007-11-12,85.97000122070312,86.0,85.7699966430664,86.0,55.41217803955078,117900,0.0,0.0,0.0
2007-11-13,85.73999786376953,85.73999786376953,85.44999694824219,85.55999755859375,55.12871551513672,125300,0.0,0.0,0.0
2007-11-14,85.2300033569336,85.62000274658203,85.2300033569336,85.62000274658203,55.16735076904297,96400,0.0,0.0,0.0
2007-11-15,85.73999786376953,86.20999908447266,85.69999694824219,86.0999984741211,55.47661590576172,210400,0.0,0.0,0.0
2007-11-16,86.11000061035156,86.33999633789062,86.0199966430664,86.0999984741211,55.47661590576172,742300,0.0,0.0,0.0
2007-11-19,86.19999694824219,86.80999755859375,86.0999984741211,86.72000122070312,55.87611389160156,503500,0.0,0.0,0.0
2007-11-20,86.68000030517578,86.8499984741211,86.33000183105469,86.48999786376953,55.7279167175293,378500,0.0,0.0,0.0
2007-11-21,87.05000305175781,87.22000122070312,86.91000366210938,87.16999816894531,56.16603469848633,317600,0.0,0.0,0.0
2007-11-23,86.94999694824219,87.2300033569336,86.68000030517578,86.91000366210938,55.998565673828125,216700,0.0,0.0,0.0
2007-11-26,87.1500015258789,88.25,87.0199966430664,88.0999984741211,56.76529312133789,637600,0.0,0.0,0.0
2007-11-27,87.66999816894531,88.04000091552734,87.02999877929688,87.27999877929688,56.23693084716797,353300,0.0,0.0,0.0
2007-11-28,87.23999786376953,87.36000061035156,86.86000061035156,86.97000122070312,56.037193298339844,159600,0.0,0.0,0.0
2007-11-29,87.44000244140625,87.75,87.33000183105469,87.45999908447266,56.35295486450195,145300,0.0,0.0,0.0
2007-11-30,86.91999816894531,87.58000183105469,86.69999694824219,87.58000183105469,56.43026351928711,395100,0.0,0.0,0.0
2007-12-03,88.05000305175781,88.05000305175781,87.4000015258789,87.62999725341797,56.65325164794922,214700,0.295,0.0,0.0
2007-12-04,87.83999633789062,87.86000061035156,87.37000274658203,87.70999908447266,56.704994201660156,196800,0.0,0.0,0.0
2007-12-05,87.41000366210938,87.66999816894531,87.27999877929688,87.37999725341797,56.49161911010742,284600,0.0,0.0,0.0
2007-12-06,87.19999694824219,87.27999877929688,86.80999755859375,86.91999816894531,56.19426345825195,217900,0.0,0.0,0.0
2007-12-07,86.7300033569336,86.7300033569336,86.19999694824219,86.36000061035156,55.83222961425781,193000,0.0,0.0,0.0
2007-12-10,86.41999816894531,86.47000122070312,85.93000030517578,86.16000366210938,55.70293426513672,257800,0.0,0.0,0.0
2007-12-11,86.27999877929688,87.33999633789062,86.27999877929688,87.33999633789062,56.46577453613281,318800,0.0,0.0,0.0
2007-12-12,86.19000244140625,86.8499984741211,86.0,86.61000061035156,55.99382400512695,470500,0.0,0.0,0.0
2007-12-13,86.41000366210938,86.47000122070312,85.97000122070312,85.97000122070312,55.58004379272461,221000,0.0,0.0,0.0
2007-12-14,85.83000183105469,85.91999816894531,85.62000274658203,85.72000122070312,55.418479919433594,240100,0.0,0.0,0.0
2007-12-17,85.9000015258789,86.27999877929688,85.80000305175781,86.2300033569336,55.74818801879883,191000,0.0,0.0,0.0
2007-12-18,86.30999755859375,86.69000244140625,86.2300033569336,86.4000015258789,55.858062744140625,644300,0.0,0.0,0.0
2007-12-19,86.80999755859375,87.19999694824219,86.30000305175781,87.08999633789062,56.304195404052734,411600,0.0,0.0,0.0
2007-12-20,87.04000091552734,87.30999755859375,86.91000366210938,86.94999694824219,56.21366500854492,308600,0.0,0.0,0.0
2007-12-21,86.88999938964844,86.91999816894531,86.2699966430664,86.31999969482422,55.806312561035156,560200,0.0,0.0,0.0
2007-12-24,86.08000183105469,86.22000122070312,85.97000122070312,86.06999969482422,55.644744873046875,197400,0.0,0.0,0.0
2007-12-26,85.9800033569336,86.25,85.58999633789062,85.66000366210938,55.37964630126953,135700,0.0,0.0,0.0
2007-12-27,86.37999725341797,86.37999725341797,85.6500015258789,85.91999816894531,55.75145721435547,211000,0.313,0.0,0.0
2007-12-28,86.22000122070312,86.70999908447266,86.16000366210938,86.61000061035156,56.199180603027344,302900,0.0,0.0,0.0
2007-12-31,86.72000122070312,87.12999725341797,86.6500015258789,87.01000213623047,56.4587287902832,181100,0.0,0.0,0.0
2008-01-02,86.98999786376953,87.7300033569336,86.94000244140625,87.62999725341797,56.86102294921875,564700,0.0,0.0,0.0
2008-01-03,87.5,87.83999633789062,87.30999755859375,87.80999755859375,56.97787857055664,198600,0.0,0.0,0.0
2008-01-04,88.0,88.23999786376953,87.94999694824219,88.04000091552734,57.12710189819336,368700,0.0,0.0,0.0
2008-01-07,87.87000274658203,88.30000305175781,87.87000274658203,88.19999694824219,57.23093032836914,341100,0.0,0.0,0.0
2008-01-08,88.08999633789062,88.41999816894531,87.87000274658203,88.38999938964844,57.35419464111328,293200,0.0,0.0,0.0
2008-01-09,88.44000244140625,88.72000122070312,88.2300033569336,88.25,57.26332092285156,335600,0.0,0.0,0.0
2008-01-10,88.43000030517578,88.47000122070312,87.91000366210938,88.01000213623047,57.10759735107422,258300,0.0,0.0,0.0
2008-01-11,88.12000274658203,88.58999633789062,88.05000305175781,88.56999969482422,57.47101974487305,310100,0.0,0.0,0.0
2008-01-14,88.5199966430664,88.6500015258789,88.4000015258789,88.61000061035156,57.4969482421875,347000,0.0,0.0,0.0
2008-01-15,88.9000015258789,89.19999694824219,88.79000091552734,89.19000244140625,57.873287200927734,353700,0.0,0.0,0.0
2008-01-16,89.23999786376953,89.7300033569336,88.80000305175781,89.0199966430664,57.76300811767578,459400,0.0,0.0,0.0
2008-01-17,89.01000213623047,89.79000091552734,88.93000030517578,89.73999786376953,58.23014831542969,608600,0.0,0.0,0.0
2008-01-18,89.48999786376953,89.69999694824219,89.30999755859375,89.61000061035156,58.145809173583984,628100,0.0,0.0,0.0
2008-01-22,90.80000305175781,90.80000305175781,89.87999725341797,90.61000061035156,58.794677734375,863800,0.0,0.0,0.0
2008-01-23,91.76000213623047,91.77999877929688,90.12000274658203,90.19000244140625,58.52218246459961,1417600,0.0,0.0,0.0
2008-01-24,89.91000366210938,90.12999725341797,89.36000061035156,89.37000274658203,57.990074157714844,398500,0.0,0.0,0.0
2008-01-25,89.0,90.19999694824219,88.97000122070312,90.19999694824219,58.52867126464844,442600,0.0,0.0,0.0
2008-01-28,89.93000030517578,90.11000061035156,89.77999877929688,89.87000274658203,58.314544677734375,254900,0.0,0.0,0.0
2008-01-29,89.69000244140625,89.7300033569336,89.31999969482422,89.51000213623047,58.08099365234375,433100,0.0,0.0,0.0
2008-01-30,89.33999633789062,89.6500015258789,89.01000213623047,89.47000122070312,58.054962158203125,694000,0.0,0.0,0.0
2008-01-31,90.19000244140625,90.19000244140625,89.63999938964844,89.93000030517578,58.353450775146484,384900,0.0,0.0,0.0
2008-02-01,90.04000091552734,90.12000274658203,89.55999755859375,89.94000244140625,58.542884826660156,597500,0.281,0.0,0.0
2008-02-04,89.4000015258789,89.62000274658203,89.33000183105469,89.44000244140625,58.21742248535156,442300,0.0,0.0,0.0
2008-02-05,90.05999755859375,90.19000244140625,89.79000091552734,90.06999969482422,58.62744140625,234400,0.0,0.0,0.0
2008-02-06,89.79000091552734,89.94000244140625,89.66000366210938,89.91000366210938,58.52336883544922,161700,0.0,0.0,0.0
2008-02-07,89.97000122070312,89.9800033569336,88.68000030517578,88.9000015258789,57.86592483520508,246500,0.0,0.0,0.0
2008-02-08,89.38999938964844,89.69000244140625,89.2699966430664,89.6500015258789,58.3541374206543,219300,0.0,0.0,0.0
2008-02-11,89.80000305175781,90.05000305175781,89.66000366210938,89.8499984741211,58.484283447265625,200000,0.0,0.0,0.0
2008-02-12,89.45999908447266,89.70999908447266,89.18000030517578,89.66000366210938,58.36061477661133,425500,0.0,0.0,0.0
2008-02-13,89.27999877929688,89.6500015258789,89.25,89.27999877929688,58.11327362060547,310900,0.0,0.0,0.0
2008-02-14,89.0199966430664,89.16000366210938,88.55999755859375,88.79000091552734,57.794342041015625,477900,0.0,0.0,0.0
2008-02-15,88.93000030517578,89.1500015258789,88.81999969482422,88.9800033569336,57.91804122924805,512000,0.0,0.0,0.0
2008-02-19,88.5199966430664,88.79000091552734,88.19000244140625,88.33999633789062,57.50143814086914,564300,0.0,0.0,0.0
2008-02-20,88.19000244140625,88.54000091552734,88.08999633789062,88.26000213623047,57.4493293762207,496700,0.0,0.0,0.0
2008-02-21,88.5,89.22000122070312,88.5,89.16999816894531,58.04170608520508,361900,0.0,0.0,0.0
2008-02-22,89.12000274658203,89.38999938964844,88.83999633789062,88.91999816894531,57.87896728515625,237200,0.0,0.0,0.0
2008-02-25,88.75,88.91999816894531,88.23999786376953,88.33000183105469,57.494937896728516,175400,0.0,0.0,0.0
2008-02-26,88.4800033569336,88.70999908447266,88.4000015258789,88.55000305175781,57.63811111450195,259700,0.0,0.0,0.0
2008-02-27,89.05000305175781,89.08000183105469,88.43000030517578,88.76000213623047,57.774810791015625,201600,0.0,0.0,0.0
2008-02-28,89.5,89.80000305175781,89.30000305175781,89.80000305175781,58.45177459716797,289500,0.0,0.0,0.0
2008-02-29,90.25,90.80999755859375,90.1500015258789,90.76000213623047,59.076629638671875,420700,0.0,0.0,0.0
2008-03-03,90.29000091552734,90.44000244140625,90.01000213623047,90.25,58.92643737792969,480300,0.28,0.0,0.0
2008-03-04,90.3499984741211,90.6500015258789,89.81999969482422,89.91000366210938,58.70446014404297,305600,0.0,0.0,0.0
2008-03-05,90.11000061035156,90.12999725341797,89.43000030517578,89.5199966430664,58.449825286865234,358300,0.0,0.0,0.0
2008-03-06,89.86000061035156,90.36000061035156,89.81999969482422,90.23999786376953,58.91990280151367,292600,0.0,0.0,0.0
2008-03-07,90.77999877929688,90.8499984741211,90.12000274658203,90.55000305175781,59.12228012084961,414000,0.0,0.0,0.0
2008-03-10,90.72000122070312,91.33999633789062,90.62999725341797,91.19999694824219,59.54677963256836,200300,0.0,0.0,0.0
2008-03-11,90.4800033569336,90.5,90.0199966430664,90.20999908447266,58.90031051635742,350800,0.0,0.0,0.0
2008-03-12,90.43000030517578,91.30000305175781,90.29000091552734,91.25,59.57936096191406,289800,0.0,0.0,0.0
2008-03-13,91.47000122070312,91.52999877929688,90.5199966430664,90.7699966430664,59.26595687866211,626400,0.0,0.0,0.0
2008-03-14,91.16000366210938,91.88999938964844,91.16000366210938,91.70999908447266,59.8797492980957,301700,0.0,0.0,0.0
2008-03-17,91.66999816894531,92.58999633789062,91.66999816894531,92.16999816894531,60.1800651550293,569100,0.0,0.0,0.0
2008-03-18,92.05999755859375,92.05999755859375,91.41999816894531,91.54000091552734,59.76875686645508,333400,0.0,0.0,0.0
2008-03-19,91.44999694824219,92.4000015258789,91.41999816894531,92.33000183105469,60.284523010253906,1370400,0.0,0.0,0.0
2008-03-20,92.47000122070312,92.55999755859375,92.08000183105469,92.52999877929688,60.41510772705078,626300,0.0,0.0,0.0
2008-03-24,91.61000061035156,91.61000061035156,90.9000015258789,90.9000015258789,59.35086441040039,898300,0.0,0.0,0.0
2008-03-25,91.19000244140625,91.37000274658203,91.04000091552734,91.22000122070312,59.55977249145508,314600,0.0,0.0,0.0
2008-03-26,91.45999908447266,91.58999633789062,91.16999816894531,91.29000091552734,59.60548400878906,615400,0.0,0.0,0.0
2008-03-27,91.19000244140625,91.51000213623047,90.9800033569336,91.16999816894531,59.527156829833984,345100,0.0,0.0,0.0
2008-03-28,91.27999877929688,91.63999938964844,91.08999633789062,91.52999877929688,59.76216125488281,131800,0.0,0.0,0.0
2008-03-31,91.91999816894531,91.97000122070312,91.62000274658203,91.69000244140625,59.86667251586914,431000,0.0,0.0,0.0
2008-04-01,91.54000091552734,91.54000091552734,90.37000274658203,90.58000183105469,59.34318542480469,786700,0.311,0.0,0.0
2008-04-02,90.31999969482422,90.5999984741211,90.08000183105469,90.27999877929688,59.146690368652344,734700,0.0,0.0,0.0
2008-04-03,90.5999984741211,90.5999984741211,90.13999938964844,90.27999877929688,59.146690368652344,560200,0.0,0.0,0.0
2008-04-04,90.75,91.0,90.73999786376953,90.97000122070312,59.598731994628906,421800,0.0,0.0,0.0
2008-04-07,90.47000122070312,90.63999938964844,90.05999755859375,90.37000274658203,59.205589294433594,330400,0.0,0.0,0.0
2008-04-08,90.62999725341797,90.6500015258789,90.29000091552734,90.37999725341797,59.21217727661133,469900,0.0,0.0,0.0
2008-04-09,90.55000305175781,91.08000183105469,90.43000030517578,90.91999816894531,59.56590270996094,761000,0.0,0.0,0.0
2008-04-10,90.91999816894531,91.02999877929688,90.36000061035156,90.55999755859375,59.330081939697266,199700,0.0,0.0,0.0
2008-04-11,90.94999694824219,91.08999633789062,90.83000183105469,90.94999694824219,59.58559036254883,716400,0.0,0.0,0.0
2008-04-14,90.94000244140625,91.08999633789062,90.66000366210938,90.72000122070312,59.4349365234375,246000,0.0,0.0,0.0
2008-04-15,90.44000244140625,90.5999984741211,90.19000244140625,90.30999755859375,59.16627883911133,273700,0.0,0.0,0.0
2008-04-16,90.25,90.3499984741211,89.45999908447266,89.69999694824219,58.76668167114258,1116400,0.0,0.0,0.0
2008-04-17,89.66999816894531,89.7699966430664,89.18000030517578,89.48999786376953,58.629051208496094,815000,0.0,0.0,0.0
2008-04-18,88.93000030517578,89.47000122070312,88.6500015258789,89.4000015258789,58.57012939453125,2284800,0.0,0.0,0.0
2008-04-21,89.2699966430664,89.5199966430664,89.1500015258789,89.41000366210938,58.576698303222656,303600,0.0,0.0,0.0
2008-04-22,89.33999633789062,89.66999816894531,89.25,89.4800033569336,58.622581481933594,427900,0.0,0.0,0.0
2008-04-23,89.43000030517578,89.5,89.12999725341797,89.38999938964844,58.56357192993164,191300,0.0,0.0,0.0
2008-04-24,88.79000091552734,89.0199966430664,88.54000091552734,88.69000244140625,58.105003356933594,306600,0.0,0.0,0.0
2008-04-25,88.51000213623047,88.75,88.27999877929688,88.56999969482422,58.026397705078125,211400,0.0,0.0,0.0
2008-04-28,88.5,88.80999755859375,88.45999908447266,88.7300033569336,58.13117980957031,167800,0.0,0.0,0.0
2008-04-29,88.9000015258789,89.12000274658203,88.7699966430664,88.88999938964844,58.23599624633789,144300,0.0,0.0,0.0
2008-04-30,88.86000061035156,89.26000213623047,88.58000183105469,89.16999816894531,58.41948699951172,168700,0.0,0.0,0.0
2008-05-01,89.30000305175781,89.37000274658203,88.69999694824219,88.87999725341797,58.41284942626953,336700,0.28,0.0,0.0
2008-05-02,88.29000091552734,88.5,88.08000183105469,88.16000366210938,57.9396858215332,341700,0.0,0.0,0.0
2008-05-05,88.36000061035156,88.41000366210938,88.0,88.29000091552734,58.025142669677734,158800,0.0,0.0,0.0
2008-05-06,88.47000122070312,88.58000183105469,87.93000030517578,88.01000213623047,57.841064453125,557400,0.0,0.0,0.0
2008-05-07,87.91000366210938,88.4000015258789,87.80999755859375,88.36000061035156,58.071136474609375,361300,0.0,0.0,0.0
2008-05-08,88.52999877929688,88.93000030517578,88.4800033569336,88.93000030517578,58.44573211669922,445600,0.0,0.0,0.0
2008-05-09,89.1500015258789,89.20999908447266,88.87999725341797,89.02999877929688,58.511444091796875,236600,0.0,0.0,0.0
2008-05-12,88.94999694824219,89.2300033569336,88.83000183105469,88.87999725341797,58.41284942626953,112200,0.0,0.0,0.0
2008-05-13,88.36000061035156,88.55999755859375,88.08000183105469,88.13999938964844,57.9265251159668,458800,0.0,0.0,0.0
2008-05-14,88.37999725341797,88.37999725341797,87.77999877929688,88.11000061035156,57.90679931640625,174400,0.0,0.0,0.0
2008-05-15,88.02999877929688,88.63999938964844,88.02999877929688,88.5999984741211,58.228878021240234,269100,0.0,0.0,0.0
2008-05-16,88.4000015258789,88.9000015258789,88.37000274658203,88.44999694824219,58.130245208740234,318100,0.0,0.0,0.0
2008-05-19,88.55000305175781,88.68000030517578,88.2300033569336,88.6500015258789,58.261695861816406,163600,0.0,0.0,0.0
2008-05-20,88.8499984741211,88.95999908447266,88.63999938964844,88.91999816894531,58.43914031982422,230400,0.0,0.0,0.0
2008-05-21,88.61000061035156,88.94000244140625,88.55999755859375,88.70999908447266,58.30116271972656,183100,0.0,0.0,0.0
2008-05-22,88.37000274658203,88.37999725341797,87.8499984741211,88.12999725341797,57.91995620727539,223800,0.0,0.0,0.0
2008-05-23,88.30999755859375,88.6500015258789,88.30000305175781,88.5199966430664,58.17629623413086,413200,0.0,0.0,0.0
2008-05-27,88.08999633789062,88.31999969482422,87.95999908447266,88.08999633789062,57.89370346069336,258900,0.0,0.0,0.0
2008-05-28,87.76000213623047,87.81999969482422,87.4000015258789,87.43000030517578,57.459922790527344,197900,0.0,0.0,0.0
2008-05-29,87.2300033569336,87.2300033569336,86.76000213623047,87.0199966430664,57.19043731689453,387600,0.0,0.0,0.0
2008-05-30,87.3499984741211,87.4800033569336,87.23999786376953,87.30999755859375,57.38103103637695,2838400,0.0,0.0,0.0
2008-06-02,87.5,87.66000366210938,86.19000244140625,87.5199966430664,57.72205352783203,240300,0.307,0.0,0.0
2008-06-03,87.36000061035156,88.16999816894531,87.18000030517578,87.9800033569336,58.025421142578125,561500,0.0,0.0,0.0
2008-06-04,88.19000244140625,88.19999694824219,87.55999755859375,87.66000366210938,57.81437301635742,462400,0.0,0.0,0.0
2008-06-05,87.41000366210938,87.44999694824219,87.12000274658203,87.19999694824219,57.51094055175781,1079400,0.0,0.0,0.0
2008-06-06,87.69999694824219,88.05000305175781,87.52999877929688,87.95999908447266,58.01225280761719,250000,0.0,0.0,0.0
2008-06-09,87.5199966430664,87.7300033569336,87.19999694824219,87.33000183105469,57.59674835205078,288000,0.0,0.0,0.0
2008-06-10,87.12000274658203,87.20999908447266,86.68000030517578,86.80999755859375,57.253780364990234,221200,0.0,0.0,0.0
2008-06-11,86.98999786376953,87.33999633789062,86.72000122070312,86.9000015258789,57.3131103515625,247100,0.0,0.0,0.0
2008-06-12,86.5199966430664,86.5199966430664,86.0,86.13999938964844,56.811927795410156,546800,0.0,0.0,0.0
2008-06-13,86.13999938964844,86.43000030517578,85.86000061035156,85.94000244140625,56.67997741699219,579300,0.0,0.0,0.0
2008-06-16,86.12999725341797,86.16000366210938,85.80000305175781,85.94999694824219,56.686527252197266,180600,0.0,0.0,0.0
2008-06-17,86.11000061035156,86.31999969482422,85.93000030517578,86.23999786376953,56.877811431884766,266600,0.0,0.0,0.0
2008-06-18,86.38999938964844,86.77999877929688,86.3499984741211,86.70999908447266,57.187835693359375,296200,0.0,0.0,0.0
2008-06-19,86.5199966430664,86.61000061035156,86.19000244140625,86.20999908447266,56.85803985595703,152900,0.0,0.0,0.0
2008-06-20,86.69000244140625,86.83999633789062,86.47000122070312,86.61000061035156,57.12187194824219,318300,0.0,0.0,0.0
2008-06-23,86.70999908447266,86.8499984741211,86.45999908447266,86.56999969482422,57.095455169677734,472000,0.0,0.0,0.0
2008-06-24,86.80000305175781,87.1500015258789,86.75,87.02999877929688,57.39884948730469,273400,0.0,0.0,0.0
2008-06-25,87.01000213623047,87.08000183105469,86.55999755859375,87.0199966430664,57.39223861694336,254200,0.0,0.0,0.0
2008-06-26,87.02999877929688,87.61000061035156,87.02999877929688,87.51000213623047,57.7154655456543,320500,0.0,0.0,0.0
2008-06-27,87.62000274658203,88.05000305175781,87.5199966430664,87.94000244140625,57.99906539916992,173000,0.0,0.0,0.0
2008-06-30,87.83999633789062,88.04000091552734,87.7300033569336,88.0,58.03856658935547,240500,0.0,0.0,0.0
2008-07-01,88.01000213623047,88.11000061035156,87.47000122070312,87.47000122070312,57.88111877441406,355300,0.292,0.0,0.0
2008-07-02,87.55000305175781,87.80000305175781,87.48999786376953,87.68000030517578,58.02009201049805,469800,0.0,0.0,0.0
2008-07-03,87.56999969482422,87.87999725341797,87.44999694824219,87.70999908447266,58.03993225097656,261800,0.0,0.0,0.0
2008-07-07,87.7699966430664,88.44999694824219,87.54000091552734,88.12000274658203,58.311241149902344,507900,0.0,0.0,0.0
2008-07-08,88.18000030517578,88.47000122070312,88.1500015258789,88.33999633789062,58.456825256347656,206400,0.0,0.0,0.0
2008-07-09,88.3499984741211,88.83000183105469,88.25,88.76000213623047,58.7347412109375,308200,0.0,0.0,0.0
2008-07-10,88.80000305175781,88.94000244140625,88.41000366210938,88.79000091552734,58.75458908081055,291100,0.0,0.0,0.0
2008-07-11,88.79000091552734,88.88999938964844,87.8499984741211,87.95999908447266,58.20539855957031,378000,0.0,0.0,0.0
2008-07-14,88.01000213623047,88.63999938964844,88.0,88.43000030517578,58.516361236572266,296400,0.0,0.0,0.0
2008-07-15,88.62000274658203,89.0999984741211,88.54000091552734,88.75,58.728084564208984,506300,0.0,0.0,0.0
2008-07-16,88.44999694824219,88.5,87.94000244140625,87.94000244140625,58.192115783691406,309500,0.0,0.0,0.0
2008-07-17,87.9000015258789,88.08999633789062,87.36000061035156,87.5199966430664,57.91419219970703,266400,0.0,0.0,0.0
2008-07-18,87.55000305175781,87.7300033569336,87.1500015258789,87.22000122070312,57.715702056884766,365500,0.0,0.0,0.0
2008-07-21,87.16999816894531,87.41999816894531,87.05000305175781,87.41999816894531,57.84800338745117,264600,0.0,0.0,0.0
2008-07-22,87.33999633789062,87.37999725341797,87.01000213623047,87.12000274658203,57.64956283569336,263000,0.0,0.0,0.0
2008-07-23,86.94999694824219,87.05999755859375,86.69000244140625,86.9800033569336,57.55683517456055,550000,0.0,0.0,0.0
2008-07-24,87.08999633789062,87.77999877929688,87.06999969482422,87.7300033569336,58.05314254760742,276300,0.0,0.0,0.0
2008-07-25,87.51000213623047,87.63999938964844,87.0999984741211,87.22000122070312,57.715702056884766,296900,0.0,0.0,0.0
2008-07-28,87.51000213623047,87.87999725341797,87.4800033569336,87.72000122070312,58.046573638916016,363000,0.0,0.0,0.0
2008-07-29,87.58000183105469,87.62000274658203,87.30000305175781,87.47000122070312,57.88111877441406,190000,0.0,0.0,0.0
2008-07-30,87.2699966430664,87.80000305175781,87.1500015258789,87.63999938964844,57.99363327026367,274900,0.0,0.0,0.0
2008-07-31,88.11000061035156,88.33999633789062,88.04000091552734,88.33999633789062,58.456825256347656,275000,0.0,0.0,0.0
2008-08-01,87.7300033569336,88.0999984741211,87.70999908447266,88.08000183105469,58.4860725402832,308500,0.304,0.0,0.0
2008-08-04,87.91999816894531,88.19999694824219,87.8499984741211,88.0199966430664,58.4461784362793,367500,0.0,0.0,0.0
2008-08-05,87.94000244140625,88.04000091552734,87.56999969482422,87.56999969482422,58.14739227294922,355600,0.0,0.0,0.0
2008-08-06,87.56999969482422,87.61000061035156,87.19999694824219,87.5999984741211,58.1673469543457,272400,0.0,0.0,0.0
2008-08-07,87.97000122070312,88.5999984741211,87.86000061035156,88.41999816894531,58.71181106567383,341200,0.0,0.0,0.0
2008-08-08,88.51000213623047,88.54000091552734,88.22000122070312,88.37999725341797,58.68525314331055,202800,0.0,0.0,0.0
2008-08-11,88.26000213623047,88.26000213623047,87.66999816894531,87.94999694824219,58.399696350097656,412500,0.0,0.0,0.0
2008-08-12,88.2699966430664,88.58000183105469,88.23999786376953,88.55999755859375,58.80473709106445,302200,0.0,0.0,0.0
2008-08-13,88.69999694824219,88.72000122070312,88.19999694824219,88.37000274658203,58.67860412597656,210100,0.0,0.0,0.0
2008-08-14,88.63999938964844,88.77999877929688,88.45999908447266,88.63999938964844,58.857887268066406,303000,0.0,0.0,0.0
2008-08-15,88.87999725341797,89.11000061035156,88.83000183105469,88.97000122070312,59.07701110839844,292500,0.0,0.0,0.0
2008-08-18,88.95999908447266,89.2300033569336,88.87999725341797,89.19000244140625,59.22309875488281,381000,0.0,0.0,0.0
2008-08-19,89.29000091552734,89.31999969482422,88.95999908447266,89.05999755859375,59.136749267578125,373400,0.0,0.0,0.0
2008-08-20,89.22000122070312,89.44999694824219,89.13999938964844,89.31999969482422,59.309391021728516,487300,0.0,0.0,0.0
2008-08-21,89.37000274658203,89.37000274658203,88.94000244140625,89.12999725341797,59.18324661254883,279900,0.0,0.0,0.0
2008-08-22,88.95999908447266,88.95999908447266,88.69999694824219,88.87000274658203,59.01063537597656,157200,0.0,0.0,0.0
2008-08-25,89.37999725341797,89.55000305175781,89.3499984741211,89.45999908447266,59.40234375,232700,0.0,0.0,0.0
2008-08-26,89.36000061035156,89.48999786376953,89.19000244140625,89.48999786376953,59.42224884033203,166900,0.0,0.0,0.0
2008-08-27,89.11000061035156,89.6500015258789,89.11000061035156,89.62000274658203,59.50859451293945,255700,0.0,0.0,0.0
2008-08-28,89.37000274658203,89.58999633789062,89.19999694824219,89.48999786376953,59.42224884033203,201600,0.0,0.0,0.0
2008-08-29,89.29000091552734,89.41999816894531,89.0999984741211,89.37999725341797,59.3492317199707,496900,0.0,0.0,0.0
2008-09-02,88.88999938964844,89.58999633789062,88.69999694824219,89.56999969482422,59.67233657836914,349200,0.295,0.0,0.0
2008-09-03,89.55999755859375,89.9000015258789,89.52999877929688,89.79000091552734,59.81889724731445,410300,0.0,0.0,0.0
2008-09-04,89.95999908447266,90.27999877929688,89.8499984741211,90.23999786376953,60.11869430541992,460500,0.0,0.0,0.0
2008-09-05,90.47000122070312,90.63999938964844,90.0,90.04000091552734,59.985511779785156,363400,0.0,0.0,0.0
2008-09-08,89.43000030517578,90.08000183105469,89.23999786376953,90.05000305175781,59.9921760559082,418500,0.0,0.0,0.0
2008-09-09,89.87999725341797,90.52999877929688,89.73999786376953,90.45999908447266,60.265235900878906,323800,0.0,0.0,0.0
2008-09-10,89.93000030517578,90.3499984741211,89.87000274658203,90.2300033569336,60.11201477050781,248900,0.0,0.0,0.0
2008-09-11,90.48999786376953,90.54000091552734,90.0,90.06999969482422,60.00543212890625,393500,0.0,0.0,0.0
2008-09-12,90.16999816894531,90.19999694824219,89.47000122070312,89.62000274658203,59.705665588378906,358300,0.0,0.0,0.0
2008-09-15,90.97000122070312,91.41000366210938,90.62000274658203,91.33999633789062,60.85154724121094,526200,0.0,0.0,0.0
2008-09-16,92.62999725341797,92.63999938964844,91.02999877929688,91.08000183105469,60.678314208984375,810900,0.0,0.0,0.0
2008-09-17,91.66999816894531,92.11000061035156,91.31999969482422,91.9000015258789,61.224647521972656,829800,0.0,0.0,0.0
2008-09-18,91.4000015258789,91.93000030517578,90.79000091552734,90.81999969482422,60.505130767822266,687700,0.0,0.0,0.0
2008-09-19,89.05999755859375,89.75,89.05999755859375,89.19999694824219,59.42583084106445,1339500,0.0,0.0,0.0
2008-09-22,88.63999938964844,89.11000061035156,88.4800033569336,89.01000213623047,59.29927444458008,785800,0.0,0.0,0.0
2008-09-23,89.13999938964844,89.29000091552734,88.72000122070312,89.01000213623047,59.29927444458008,455500,0.0,0.0,0.0
2008-09-24,89.33000183105469,89.54000091552734,89.01000213623047,89.23999786376953,59.45249557495117,415400,0.0,0.0,0.0
2008-09-25,89.19999694824219,89.19999694824219,88.44999694824219,88.97000122070312,59.27262496948242,427200,0.0,0.0,0.0
2008-09-26,89.13999938964844,89.29000091552734,88.83000183105469,88.91000366210938,59.2326545715332,310600,0.0,0.0,0.0
2008-09-29,89.48999786376953,91.06999969482422,89.48999786376953,90.1500015258789,60.05877685546875,528000,0.0,0.0,0.0
2008-09-30,90.29000091552734,90.29000091552734,88.77999877929688,88.95999908447266,59.2659912109375,477900,0.0,0.0,0.0
2008-10-01,89.13999938964844,89.80000305175781,88.7699966430664,89.27999877929688,59.68376159667969,349200,0.305,0.0,0.0
2008-10-02,89.43000030517578,89.91999816894531,89.31999969482422,89.77999877929688,60.01803207397461,298000,0.0,0.0,0.0
2008-10-03,89.87999725341797,90.19999694824219,89.0,90.12000274658203,60.245330810546875,505400,0.0,0.0,0.0
2008-10-06,90.44000244140625,91.31999969482422,90.43000030517578,90.8499984741211,60.73334884643555,1065200,0.0,0.0,0.0
2008-10-07,90.44000244140625,91.05000305175781,90.2699966430664,90.77999877929688,60.68651580810547,825400,0.0,0.0,0.0
2008-10-08,91.06999969482422,91.2300033569336,88.51000213623047,89.62000274658203,59.911109924316406,869200,0.0,0.0,0.0
2008-10-09,88.66999816894531,88.79000091552734,88.23999786376953,88.72000122070312,59.30942916870117,577200,0.0,0.0,0.0
2008-10-10,88.44999694824219,88.44999694824219,87.41000366210938,87.68000030517578,58.61423110961914,1154600,0.0,0.0,0.0
2008-10-13,87.26000213623047,87.76000213623047,86.87000274658203,87.08000183105469,58.21311569213867,478400,0.0,0.0,0.0
2008-10-14,87.05000305175781,87.4000015258789,86.62000274658203,86.66999816894531,57.93904495239258,736700,0.0,0.0,0.0
2008-10-15,86.66000366210938,87.37999725341797,86.58999633789062,87.37999725341797,58.413658142089844,247200,0.0,0.0,0.0
2008-10-16,87.11000061035156,87.58999633789062,87.05000305175781,87.4000015258789,58.42698669433594,330400,0.0,0.0,0.0
2008-10-17,87.9000015258789,87.94999694824219,86.94000244140625,87.94999694824219,58.794677734375,445800,0.0,0.0,0.0
2008-10-20,87.48999786376953,88.0999984741211,87.29000091552734,88.04000091552734,58.8548698425293,315900,0.0,0.0,0.0
2008-10-21,88.58999633789062,89.12999725341797,88.18000030517578,88.97000122070312,59.476558685302734,225500,0.0,0.0,0.0
2008-10-22,89.11000061035156,89.6500015258789,89.05999755859375,89.6500015258789,59.931114196777344,347700,0.0,0.0,0.0
2008-10-23,89.91000366210938,90.1500015258789,89.29000091552734,89.7699966430664,60.01137924194336,330000,0.0,0.0,0.0
2008-10-24,90.4000015258789,90.4000015258789,89.16999816894531,89.38999938964844,59.75731658935547,1924600,0.0,0.0,0.0
2008-10-27,89.45999908447266,89.68000030517578,88.91000366210938,89.33999633789062,59.723876953125,213700,0.0,0.0,0.0
2008-10-28,88.9000015258789,89.33000183105469,88.30999755859375,88.62000274658203,59.24254608154297,278100,0.0,0.0,0.0
2008-10-29,88.69000244140625,89.04000091552734,88.31999969482422,88.75,59.3294792175293,255400,0.0,0.0,0.0
2008-10-30,88.05999755859375,88.30999755859375,87.83000183105469,88.06999969482422,58.87486267089844,406300,0.0,0.0,0.0
2008-10-31,88.43000030517578,88.7300033569336,87.58999633789062,87.88999938964844,58.754573822021484,264100,0.0,0.0,0.0
2008-11-03,87.69999694824219,87.8499984741211,87.38999938964844,87.70999908447266,58.848506927490234,1942300,0.32,0.0,0.0
2008-11-04,87.73999786376953,88.87999725341797,87.73999786376953,88.76000213623047,59.553035736083984,269700,0.0,0.0,0.0
2008-11-05,88.77999877929688,89.2300033569336,88.66999816894531,89.2300033569336,59.86834716796875,286500,0.0,0.0,0.0
2008-11-06,88.80000305175781,89.16999816894531,88.5,88.95999908447266,59.68718719482422,173000,0.0,0.0,0.0
2008-11-07,88.7300033569336,88.8499984741211,88.44000244140625,88.63999938964844,59.47246170043945,212300,0.0,0.0,0.0
2008-11-10,88.54000091552734,88.97000122070312,88.29000091552734,88.7300033569336,59.53287887573242,205400,0.0,0.0,0.0
2008-11-11,88.72000122070312,89.37000274658203,88.72000122070312,89.05999755859375,59.75429153442383,130100,0.0,0.0,0.0
2008-11-12,89.27999877929688,89.75,89.25,89.61000061035156,60.12331008911133,266900,0.0,0.0,0.0
2008-11-13,89.48999786376953,89.94999694824219,88.87999725341797,88.95999908447266,59.68718719482422,300500,0.0,0.0,0.0
2008-11-14,89.7300033569336,90.05999755859375,89.52999877929688,89.83999633789062,60.27756881713867,324100,0.0,0.0,0.0
2008-11-17,89.8499984741211,90.30000305175781,89.80000305175781,90.22000122070312,60.53257369995117,473100,0.0,0.0,0.0
2008-11-18,90.5999984741211,91.1500015258789,90.41999816894531,90.91999816894531,61.00218963623047,543600,0.0,0.0,0.0
2008-11-19,91.30000305175781,92.05000305175781,91.08999633789062,91.9000015258789,61.65974807739258,432400,0.0,0.0,0.0
2008-11-20,93.11000061035156,93.75,92.61000061035156,93.75,62.90100860595703,727900,0.0,0.0,0.0
2008-11-21,92.73999786376953,93.12000274658203,92.43000030517578,92.88999938964844,62.32396697998047,791300,0.0,0.0,0.0
2008-11-24,92.5199966430664,92.5999984741211,91.70999908447266,92.0199966430664,61.740272521972656,611600,0.0,0.0,0.0
2008-11-25,93.20999908447266,95.69999694824219,92.8499984741211,93.5999984741211,62.80036544799805,411600,0.0,0.0,0.0
2008-11-26,93.7300033569336,94.23999786376953,93.69000244140625,94.16999816894531,63.1827507019043,483400,0.0,0.0,0.0
2008-11-28,94.05000305175781,94.5199966430664,94.01000213623047,94.36000061035156,63.310272216796875,134000,0.0,0.0,0.0
2008-12-01,95.05000305175781,96.08000183105469,94.63999938964844,95.31999969482422,64.167236328125,663900,0.313,0.0,0.0
2008-12-02,95.26000213623047,95.87000274658203,95.16999816894531,95.81999969482422,64.50382232666016,278300,0.0,0.0,0.0
2008-12-03,95.7699966430664,96.12000274658203,95.19999694824219,95.97000122070312,64.60478973388672,352200,0.0,0.0,0.0
2008-12-04,96.16999816894531,96.79000091552734,95.87000274658203,96.56999969482422,65.00870513916016,443800,0.0,0.0,0.0
2008-12-05,96.25,96.66000366210938,95.41999816894531,95.55000305175781,64.32209777832031,557500,0.0,0.0,0.0
2008-12-08,95.5,95.70999908447266,95.06999969482422,95.19000244140625,64.07974243164062,523400,0.0,0.0,0.0
2008-12-09,95.37999725341797,96.20999908447266,95.06999969482422,96.0,64.62495422363281,1421700,0.0,0.0,0.0
2008-12-10,95.48999786376953,95.91000366210938,95.27999877929688,95.91000366210938,64.56439208984375,737000,0.0,0.0,0.0
2008-12-11,96.04000091552734,96.55999755859375,95.62999725341797,96.48999786376953,64.95487213134766,327500,0.0,0.0,0.0
2008-12-12,96.4800033569336,96.7699966430664,95.48999786376953,96.76000213623047,65.13658905029297,281300,0.0,0.0,0.0
2008-12-15,96.83999633789062,97.23999786376953,96.70999908447266,96.97000122070312,65.27792358398438,328900,0.0,0.0,0.0
2008-12-16,98.51000213623047,98.62999725341797,96.63999938964844,98.51000213623047,66.31468200683594,406000,0.0,0.0,0.0
2008-12-17,99.77999877929688,100.0199966430664,99.01000213623047,99.18000030517578,66.7657241821289,667900,0.0,0.0,0.0
2008-12-18,99.94999694824219,100.30999755859375,99.66999816894531,99.8499984741211,67.21665954589844,477700,0.0,0.0,0.0
2008-12-19,99.44000244140625,99.98999786376953,99.44000244140625,99.5199966430664,66.9946060180664,598000,0.0,0.0,0.0
2008-12-22,99.55999755859375,99.72000122070312,99.1500015258789,99.26000213623047,66.81954956054688,804200,0.0,0.0,0.0
2008-12-23,99.0999984741211,99.55000305175781,99.0,99.20999908447266,66.78585815429688,324500,0.0,0.0,0.0
2008-12-24,99.16000366210938,99.44000244140625,99.05000305175781,99.11000061035156,66.71858215332031,129200,0.0,0.0,0.0
2008-12-26,99.51000213623047,99.63999938964844,99.19999694824219,99.63999938964844,67.07534790039062,181100,0.0,0.0,0.0
2008-12-29,99.44999694824219,99.91999816894531,99.37999725341797,99.48999786376953,67.22338104248047,211900,0.369,0.0,0.0
2008-12-30,99.2300033569336,99.63999938964844,99.0999984741211,99.62999725341797,67.31792449951172,201300,0.0,0.0,0.0
2008-12-31,99.37000274658203,99.58000183105469,98.19999694824219,98.52999877929688,66.57469940185547,404600,0.0,0.0,0.0
2009-01-02,98.77999877929688,98.95999908447266,96.94000244140625,97.12000274658203,65.62200164794922,455200,0.0,0.0,0.0
2009-01-05,96.70999908447266,97.30000305175781,96.44999694824219,96.94999694824219,65.50712585449219,1383500,0.0,0.0,0.0
2009-01-06,96.20999908447266,97.08000183105469,96.0,96.88999938964844,65.46659088134766,900800,0.0,0.0,0.0
2009-01-07,96.73999786376953,97.13999938964844,96.55000305175781,96.91000366210938,65.48008728027344,296700,0.0,0.0,0.0
2009-01-08,97.01000213623047,97.52999877929688,96.86000061035156,97.16999816894531,65.65576171875,262600,0.0,0.0,0.0
2009-01-09,97.0,97.94999694824219,97.0,97.62000274658203,65.95980834960938,278700,0.0,0.0,0.0
2009-01-12,97.37999725341797,98.30999755859375,97.33999633789062,98.2300033569336,66.37198638916016,747700,0.0,0.0,0.0
2009-01-13,97.9800033569336,98.36000061035156,97.91000366210938,98.30000305175781,66.41925048828125,157700,0.0,0.0,0.0
2009-01-14,98.72000122070312,99.22000122070312,98.69999694824219,98.8499984741211,66.79085540771484,321100,0.0,0.0,0.0
2009-01-15,98.97000122070312,99.12000274658203,98.58999633789062,98.7699966430664,66.73683166503906,414500,0.0,0.0,0.0
2009-01-16,97.55000305175781,98.5,97.47000122070312,97.86000061035156,66.1219711303711,288800,0.0,0.0,0.0
2009-01-20,96.80999755859375,98.05000305175781,96.75,97.70999908447266,66.02061462402344,357200,0.0,0.0,0.0
2009-01-21,97.0999984741211,97.55000305175781,96.62000274658203,96.83999633789062,65.43280029296875,484100,0.0,0.0,0.0
2009-01-22,96.72000122070312,96.7699966430664,95.9000015258789,96.19999694824219,65.0003433227539,262600,0.0,0.0,0.0
2009-01-23,95.86000061035156,96.22000122070312,95.55999755859375,96.22000122070312,65.01384735107422,361900,0.0,0.0,0.0
2009-01-26,95.8499984741211,96.11000061035156,95.55999755859375,95.9800033569336,64.85167694091797,324900,0.0,0.0,0.0
2009-01-27,95.91000366210938,96.75,95.8499984741211,96.61000061035156,65.27737426757812,269300,0.0,0.0,0.0
2009-01-28,96.75,96.81999969482422,95.58000183105469,95.98999786376953,64.85845947265625,266200,0.0,0.0,0.0
2009-01-29,95.51000213623047,95.73999786376953,94.4800033569336,94.73999786376953,64.01382446289062,325900,0.0,0.0,0.0
2009-01-30,95.0199966430664,95.1500015258789,94.62000274658203,94.69999694824219,63.986854553222656,296900,0.0,0.0,0.0
2009-02-02,94.80000305175781,95.37000274658203,94.47000122070312,95.19999694824219,64.50582885742188,347600,0.266,0.0,0.0
2009-02-03,94.83999633789062,94.94000244140625,94.19999694824219,94.37999725341797,63.95021438598633,436000,0.0,0.0,0.0
2009-02-04,94.1500015258789,94.25,93.5,93.9000015258789,63.6249885559082,325000,0.0,0.0,0.0
2009-02-05,94.02999877929688,94.45999908447266,93.73999786376953,94.12000274658203,63.774070739746094,641800,0.0,0.0,0.0
2009-02-06,94.0,94.02999877929688,93.5,93.55000305175781,63.38786315917969,667000,0.0,0.0,0.0
2009-02-09,93.5199966430664,93.58000183105469,93.12000274658203,93.36000061035156,63.2591667175293,468300,0.0,0.0,0.0
2009-02-10,94.0999984741211,94.8499984741211,93.9800033569336,94.61000061035156,64.1061019897461,437400,0.0,0.0,0.0
2009-02-11,94.86000061035156,95.48999786376953,94.81999969482422,95.33999633789062,64.6006851196289,316800,0.0,0.0,0.0
2009-02-12,95.58000183105469,95.77999877929688,95.20999908447266,95.30999755859375,64.58040618896484,379900,0.0,0.0,0.0
2009-02-13,94.91000366210938,95.02999877929688,94.41999816894531,94.55999755859375,64.07221984863281,304100,0.0,0.0,0.0
2009-02-17,95.55999755859375,96.22000122070312,95.55999755859375,96.1500015258789,65.1495590209961,416200,0.0,0.0,0.0
2009-02-18,96.13999938964844,96.19000244140625,95.33999633789062,95.44999694824219,64.6752700805664,422300,0.0,0.0,0.0
2009-02-19,94.55999755859375,95.29000091552734,94.55999755859375,94.91999816894531,64.31611633300781,229300,0.0,0.0,0.0
2009-02-20,95.4800033569336,95.87000274658203,95.12999725341797,95.19000244140625,64.4990463256836,338800,0.0,0.0,0.0
2009-02-23,94.83000183105469,95.31999969482422,94.69000244140625,95.27999877929688,64.56000518798828,440600,0.0,0.0,0.0
2009-02-24,95.43000030517578,95.79000091552734,94.8499984741211,94.91999816894531,64.31611633300781,557000,0.0,0.0,0.0
2009-02-25,94.87000274658203,95.12999725341797,93.97000122070312,94.05999755859375,63.73341369628906,428700,0.0,0.0,0.0
2009-02-26,93.83000183105469,94.05999755859375,93.66000366210938,93.81999969482422,63.57086944580078,224800,0.0,0.0,0.0
2009-02-27,94.06999969482422,94.27999877929688,93.55999755859375,93.73999786376953,63.51652145385742,288300,0.0,0.0,0.0
2009-03-02,93.97000122070312,94.62999725341797,93.9000015258789,94.43000030517578,64.15387725830078,500400,0.248,0.0,0.0
2009-03-03,93.9000015258789,94.61000061035156,93.77999877929688,94.30999755859375,64.07234191894531,528400,0.0,0.0,0.0
2009-03-04,93.47000122070312,93.87000274658203,93.44000244140625,93.83000183105469,63.74620819091797,331600,0.0,0.0,0.0
2009-03-05,94.51000213623047,95.05000305175781,94.19000244140625,94.93000030517578,64.4935073852539,475000,0.0,0.0,0.0
2009-03-06,94.45999908447266,95.18000030517578,94.45999908447266,94.4800033569336,64.18782806396484,414800,0.0,0.0,0.0
2009-03-09,94.62999725341797,94.76000213623047,94.0999984741211,94.5199966430664,64.21501159667969,224900,0.0,0.0,0.0
2009-03-10,94.05000305175781,94.1500015258789,93.7300033569336,93.83000183105469,63.74620819091797,244500,0.0,0.0,0.0
2009-03-11,93.62999725341797,94.5,93.55999755859375,94.5,64.20140075683594,320700,0.0,0.0,0.0
2009-03-12,94.56999969482422,95.0999984741211,94.4000015258789,94.7699966430664,64.38481903076172,271100,0.0,0.0,0.0
2009-03-13,94.5,95.0999984741211,94.30000305175781,94.69999694824219,64.33728790283203,553200,0.0,0.0,0.0
2009-03-16,94.06999969482422,94.38999938964844,94.0199966430664,94.16000366210938,63.97041320800781,512100,0.0,0.0,0.0
2009-03-17,94.45999908447266,94.62999725341797,93.79000091552734,93.9800033569336,63.84813690185547,222200,0.0,0.0,0.0
2009-03-18,94.1500015258789,97.5,94.1500015258789,97.19999694824219,66.03577423095703,751400,0.0,0.0,0.0
2009-03-19,97.51000213623047,97.68000030517578,96.8499984741211,96.87000274658203,65.8115234375,711100,0.0,0.0,0.0
2009-03-20,97.04000091552734,97.20999908447266,96.69999694824219,96.87000274658203,65.8115234375,231400,0.0,0.0,0.0
2009-03-23,96.80999755859375,97.0999984741211,96.48999786376953,96.54000091552734,65.58731842041016,285100,0.0,0.0,0.0
2009-03-24,96.41000366210938,96.80999755859375,96.0,96.4000015258789,65.49217987060547,810500,0.0,0.0,0.0
2009-03-25,96.16999816894531,96.41999816894531,95.66999816894531,95.81999969482422,65.09819793701172,443500,0.0,0.0,0.0
2009-03-26,95.83000183105469,96.33999633789062,95.6500015258789,96.06999969482422,65.26799774169922,507900,0.0,0.0,0.0
2009-03-27,96.27999877929688,96.4000015258789,95.81999969482422,96.01000213623047,65.22721099853516,394200,0.0,0.0,0.0
2009-03-30,96.55000305175781,96.66999816894531,96.11000061035156,96.41999816894531,65.50581359863281,321200,0.0,0.0,0.0
2009-03-31,96.41999816894531,96.69999694824219,96.41000366210938,96.58999633789062,65.62129211425781,1150800,0.0,0.0,0.0
2009-04-01,96.56999969482422,96.72000122070312,96.22000122070312,96.55000305175781,65.78211975097656,230200,0.276,0.0,0.0
2009-04-02,96.22000122070312,96.29000091552734,95.69999694824219,95.91999816894531,65.3529052734375,552400,0.0,0.0,0.0
2009-04-03,95.51000213623047,95.73999786376953,94.79000091552734,94.81999969482422,64.6033935546875,1177200,0.0,0.0,0.0
2009-04-06,94.97000122070312,95.04000091552734,94.54000091552734,94.5999984741211,64.45349884033203,363600,0.0,0.0,0.0
2009-04-07,94.81999969482422,95.01000213623047,94.66999816894531,94.83999633789062,64.61700439453125,289700,0.0,0.0,0.0
2009-04-08,94.9800033569336,95.30999755859375,94.8499984741211,95.30999755859375,64.93726348876953,250800,0.0,0.0,0.0
2009-04-09,94.72000122070312,95.16000366210938,94.5999984741211,94.75,64.55567932128906,249600,0.0,0.0,0.0
2009-04-13,95.16000366210938,95.45999908447266,95.11000061035156,95.30999755859375,64.93726348876953,207300,0.0,0.0,0.0
2009-04-14,95.55999755859375,95.91000366210938,95.41999816894531,95.80000305175781,65.27114868164062,254000,0.0,0.0,0.0
2009-04-15,95.93000030517578,96.01000213623047,95.5,95.88999938964844,65.33245849609375,238500,0.0,0.0,0.0
2009-04-16,95.68000030517578,95.80000305175781,95.3499984741211,95.51000213623047,65.07351684570312,240100,0.0,0.0,0.0
2009-04-17,95.23999786376953,95.27999877929688,94.6500015258789,94.73999786376953,64.54885864257812,239400,0.0,0.0,0.0
2009-04-20,95.0999984741211,95.5,95.08000183105469,95.4000015258789,64.9985580444336,277700,0.0,0.0,0.0
2009-04-21,95.79000091552734,95.86000061035156,94.9000015258789,95.02999877929688,64.7464599609375,218500,0.0,0.0,0.0
2009-04-22,95.13999938964844,95.19000244140625,94.5,94.80000305175781,64.58975982666016,160900,0.0,0.0,0.0
2009-04-23,94.69999694824219,94.9000015258789,94.43000030517578,94.77999877929688,64.57614135742188,238200,0.0,0.0,0.0
2009-04-24,94.51000213623047,94.6500015258789,94.23999786376953,94.41000366210938,64.32404327392578,253500,0.0,0.0,0.0
2009-04-27,94.80000305175781,94.94999694824219,94.44999694824219,94.80000305175781,64.58975982666016,207500,0.0,0.0,0.0
2009-04-28,95.11000061035156,95.12000274658203,94.19999694824219,94.33999633789062,64.27635955810547,283800,0.0,0.0,0.0
2009-04-29,94.3499984741211,94.55000305175781,93.51000213623047,93.83000183105469,63.92892074584961,454400,0.0,0.0,0.0
2009-04-30,93.58999633789062,93.79000091552734,93.29000091552734,93.66999816894531,63.81983947753906,410500,0.0,0.0,0.0
2009-05-01,93.16000366210938,93.20999908447266,92.83000183105469,93.08999633789062,63.614891052246094,562700,0.28,0.0,0.0
2009-05-04,93.1500015258789,93.36000061035156,92.95999908447266,93.18000030517578,63.67634963989258,516400,0.0,0.0,0.0
2009-05-05,93.19000244140625,93.36000061035156,92.97000122070312,93.16000366210938,63.6627197265625,245000,0.0,0.0,0.0
2009-05-06,93.08000183105469,93.55000305175781,93.01000213623047,93.19999694824219,63.69004821777344,442600,0.0,0.0,0.0
2009-05-07,92.68000030517578,92.97000122070312,92.25,92.41999816894531,63.15697479248047,489800,0.0,0.0,0.0
2009-05-08,92.51000213623047,92.80000305175781,92.41000366210938,92.52999877929688,63.23219299316406,399900,0.0,0.0,0.0
2009-05-11,93.1500015258789,93.44999694824219,92.98999786376953,93.4000015258789,63.82673645019531,698000,0.0,0.0,0.0
2009-05-12,93.2300033569336,93.4800033569336,93.08999633789062,93.33999633789062,63.785682678222656,206800,0.0,0.0,0.0
2009-05-13,93.56999969482422,93.86000061035156,93.55999755859375,93.7699966430664,64.07954406738281,287500,0.0,0.0,0.0
2009-05-14,93.70999908447266,93.83000183105469,93.55000305175781,93.77999877929688,64.08643341064453,186500,0.0,0.0,0.0
2009-05-15,93.62999725341797,93.69999694824219,93.4000015258789,93.55000305175781,63.92924118041992,254100,0.0,0.0,0.0
2009-05-18,93.61000061035156,93.68000030517578,92.95999908447266,93.0,63.553382873535156,456100,0.0,0.0,0.0
2009-05-19,92.80000305175781,92.93000030517578,92.58999633789062,92.87000274658203,63.46451187133789,268900,0.0,0.0,0.0
2009-05-20,92.87999725341797,93.29000091552734,92.7300033569336,93.16000366210938,63.6627197265625,408600,0.0,0.0,0.0
2009-05-21,93.45999908447266,93.45999908447266,92.05999755859375,92.13999938964844,62.96566390991211,374900,0.0,0.0,0.0
2009-05-22,91.73999786376953,92.01000213623047,91.45999908447266,91.5999984741211,62.5966682434082,382200,0.0,0.0,0.0
2009-05-26,91.87000274658203,91.98999786376953,90.97000122070312,90.98999786376953,62.17979431152344,519900,0.0,0.0,0.0
2009-05-27,91.0,91.05999755859375,89.87999725341797,89.95999908447266,61.47594451904297,733500,0.0,0.0,0.0
2009-05-28,90.61000061035156,90.62999725341797,89.70999908447266,90.43000030517578,61.79710006713867,660100,0.0,0.0,0.0
2009-05-29,90.47000122070312,91.54000091552734,90.44999694824219,91.44999694824219,62.49409484863281,1119300,0.0,0.0,0.0
2009-06-01,90.26000213623047,90.3499984741211,89.43000030517578,89.69000244140625,61.474239349365234,970300,0.272,0.0,0.0
2009-06-02,89.91999816894531,90.04000091552734,89.44999694824219,89.98999786376953,61.67985534667969,1903800,0.0,0.0,0.0
2009-06-03,90.27999877929688,90.63999938964844,90.13999938964844,90.54000091552734,62.05683517456055,568800,0.0,0.0,0.0
2009-06-04,89.9800033569336,90.08999633789062,89.33999633789062,89.48999786376953,61.337215423583984,591100,0.0,0.0,0.0
2009-06-05,88.68000030517578,89.13999938964844,88.41000366210938,88.5999984741211,60.72716522216797,1273900,0.0,0.0,0.0
2009-06-08,88.70999908447266,88.83999633789062,88.08000183105469,88.1500015258789,60.41876220703125,1135800,0.0,0.0,0.0
2009-06-09,88.55000305175781,88.79000091552734,88.29000091552734,88.52999877929688,60.67915344238281,1127200,0.0,0.0,0.0
2009-06-10,88.2699966430664,88.4800033569336,87.69999694824219,88.0,60.3159294128418,1406500,0.0,0.0,0.0
2009-06-11,87.9800033569336,88.94999694824219,87.81999969482422,88.5999984741211,60.72716522216797,781400,0.0,0.0,0.0
2009-06-12,88.72000122070312,89.29000091552734,88.72000122070312,89.06999969482422,61.04928970336914,608300,0.0,0.0,0.0
2009-06-15,89.41000366210938,89.62000274658203,89.30000305175781,89.47000122070312,61.323490142822266,531500,0.0,0.0,0.0
2009-06-16,89.44000244140625,90.0,89.29000091552734,89.97000122070312,61.666160583496094,403000,0.0,0.0,0.0
2009-06-17,90.0,90.4000015258789,89.7300033569336,89.7300033569336,61.50167465209961,594800,0.0,0.0,0.0
2009-06-18,89.2300033569336,89.41999816894531,88.54000091552734,88.63999938964844,60.75456237792969,1015500,0.0,0.0,0.0
2009-06-19,88.51000213623047,89.06999969482422,88.44000244140625,89.05000305175781,61.03556442260742,850900,0.0,0.0,0.0
2009-06-22,89.41000366210938,89.63999938964844,89.30000305175781,89.52999877929688,61.364620208740234,1218000,0.0,0.0,0.0
2009-06-23,89.55999755859375,89.94999694824219,89.43000030517578,89.81999969482422,61.56334686279297,492200,0.0,0.0,0.0
2009-06-24,89.87000274658203,90.31999969482422,89.4800033569336,89.4800033569336,61.3303337097168,687600,0.0,0.0,0.0
2009-06-25,89.69999694824219,90.5999984741211,89.48999786376953,90.5999984741211,62.097930908203125,790700,0.0,0.0,0.0
2009-06-26,90.66999816894531,90.9000015258789,90.5,90.72000122070312,62.18024826049805,263700,0.0,0.0,0.0
2009-06-29,90.97000122070312,91.08999633789062,90.72000122070312,90.91000366210938,62.3104362487793,903200,0.0,0.0,0.0
2009-06-30,90.45999908447266,90.98999786376953,90.31999969482422,90.66999816894531,62.14594650268555,608800,0.0,0.0,0.0
2009-07-01,90.05000305175781,90.36000061035156,89.87999725341797,90.36000061035156,62.10611343383789,394100,0.252,0.0,0.0
2009-07-02,90.52999877929688,90.87999725341797,90.52999877929688,90.66000366210938,62.312294006347656,431700,0.0,0.0,0.0
2009-07-06,90.51000213623047,90.7699966430664,90.41000366210938,90.72000122070312,62.353538513183594,472200,0.0,0.0,0.0
2009-07-07,90.58000183105469,91.08999633789062,90.58000183105469,91.08000183105469,62.600955963134766,741600,0.0,0.0,0.0
2009-07-08,91.16000366210938,92.27999877929688,91.08000183105469,92.12999725341797,63.3226318359375,658900,0.0,0.0,0.0
2009-07-09,91.5999984741211,91.73999786376953,91.25,91.58999633789062,62.951480865478516,668900,0.0,0.0,0.0
2009-07-10,91.95999908447266,92.3499984741211,91.81999969482422,92.16000366210938,63.343265533447266,400300,0.0,0.0,0.0
2009-07-13,92.20999908447266,92.30999755859375,91.75,91.83000183105469,63.1164665222168,327400,0.0,0.0,0.0
2009-07-14,91.30999755859375,91.56999969482422,91.06999969482422,91.22000122070312,62.697181701660156,942100,0.0,0.0,0.0
2009-07-15,90.73999786376953,90.81999969482422,90.04000091552734,90.04000091552734,61.88616943359375,714400,0.0,0.0,0.0
2009-07-16,90.6500015258789,90.88999938964844,90.5199966430664,90.58000183105469,62.25733184814453,194900,0.0,0.0,0.0
2009-07-17,90.19000244140625,90.37999725341797,89.97000122070312,89.97000122070312,61.83807373046875,616000,0.0,0.0,0.0
2009-07-20,89.75,90.61000061035156,89.70999908447266,90.30000305175781,62.06486892700195,335400,0.0,0.0,0.0
2009-07-21,90.08999633789062,91.37000274658203,90.08000183105469,91.30999755859375,62.75902557373047,837700,0.0,0.0,0.0
2009-07-22,91.19999694824219,91.19999694824219,90.6500015258789,90.7699966430664,62.38792037963867,298300,0.0,0.0,0.0
2009-07-23,90.76000213623047,90.77999877929688,89.70999908447266,89.88999938964844,61.783016204833984,518100,0.0,0.0,0.0
2009-07-24,89.8499984741211,90.12000274658203,89.83000183105469,90.08000183105469,61.91362762451172,292400,0.0,0.0,0.0
2009-07-27,89.58999633789062,89.81999969482422,89.37999725341797,89.66000366210938,61.62502670288086,326800,0.0,0.0,0.0
2009-07-28,89.83999633789062,90.31999969482422,89.58000183105469,89.83999633789062,61.748653411865234,299300,0.0,0.0,0.0
2009-07-29,90.23999786376953,90.2699966430664,89.55000305175781,89.9000015258789,61.78994369506836,265200,0.0,0.0,0.0
2009-07-30,89.72000122070312,90.30000305175781,89.55000305175781,90.26000213623047,62.037353515625,367400,0.0,0.0,0.0
2009-07-31,90.6500015258789,91.23999786376953,90.45999908447266,91.16999816894531,62.662845611572266,631800,0.0,0.0,0.0
2009-08-03,90.37000274658203,90.4000015258789,89.69999694824219,89.94000244140625,61.996925354003906,453700,0.264,0.0,0.0
2009-08-04,90.16999816894531,90.23999786376953,89.3499984741211,89.68000030517578,61.817710876464844,552000,0.0,0.0,0.0
2009-08-05,89.27999877929688,89.95999908447266,89.12999725341797,89.16999816894531,61.4661865234375,393900,0.0,0.0,0.0
2009-08-06,89.12999725341797,89.5,88.97000122070312,89.16999816894531,61.4661865234375,311200,0.0,0.0,0.0
2009-08-07,88.66000366210938,88.76000213623047,88.47000122070312,88.58000183105469,61.05942153930664,507200,0.0,0.0,0.0
2009-08-10,88.69000244140625,89.18000030517578,88.5999984741211,89.1500015258789,61.452396392822266,1487700,0.0,0.0,0.0
2009-08-11,89.4800033569336,89.7699966430664,89.38999938964844,89.7699966430664,61.8797492980957,327400,0.0,0.0,0.0
2009-08-12,89.8499984741211,89.91999816894531,89.13999938964844,89.5199966430664,61.70734405517578,624700,0.0,0.0,0.0
2009-08-13,89.79000091552734,90.38999938964844,89.69999694824219,90.22000122070312,62.189937591552734,614700,0.0,0.0,0.0
2009-08-14,90.43000030517578,90.97000122070312,90.41999816894531,90.5,62.382991790771484,695000,0.0,0.0,0.0
2009-08-17,90.87000274658203,91.16999816894531,90.8499984741211,91.12000274658203,62.81035232543945,572900,0.0,0.0,0.0
2009-08-18,91.12999725341797,91.1500015258789,90.77999877929688,90.80000305175781,62.58973693847656,514700,0.0,0.0,0.0
2009-08-19,91.43000030517578,91.44999694824219,90.94000244140625,91.13999938964844,62.82413864135742,495400,0.0,0.0,0.0
2009-08-20,91.23999786376953,91.43000030517578,90.97000122070312,91.37999725341797,62.989524841308594,542900,0.0,0.0,0.0
2009-08-21,91.30999755859375,91.37999725341797,90.41999816894531,90.44999694824219,62.3485221862793,435100,0.0,0.0,0.0
2009-08-24,90.23999786376953,91.04000091552734,90.2300033569336,91.01000213623047,62.734535217285156,369100,0.0,0.0,0.0
2009-08-25,90.93000030517578,91.33000183105469,90.72000122070312,91.25,62.89995193481445,315800,0.0,0.0,0.0
2009-08-26,91.33000183105469,91.43000030517578,91.13999938964844,91.37000274658203,62.98265075683594,219600,0.0,0.0,0.0
2009-08-27,91.08999633789062,91.44999694824219,91.01000213623047,91.12000274658203,62.81035232543945,378700,0.0,0.0,0.0
2009-08-28,90.93000030517578,91.38999938964844,90.86000061035156,91.33000183105469,62.955074310302734,303500,0.0,0.0,0.0
2009-08-31,91.41000366210938,91.69999694824219,91.26000213623047,91.5999984741211,63.14119338989258,483700,0.0,0.0,0.0
2009-09-01,91.12999725341797,91.77999877929688,90.9800033569336,91.58000183105469,63.30502700805664,464500,0.257,0.0,0.0
2009-09-02,91.70999908447266,92.12999725341797,91.61000061035156,92.08000183105469,63.650672912597656,381900,0.0,0.0,0.0
2009-09-03,91.83000183105469,92.02999877929688,91.7300033569336,91.75,63.42253494262695,246400,0.0,0.0,0.0
2009-09-04,91.69999694824219,91.81999969482422,91.16999816894531,91.19999694824219,63.04238510131836,521400,0.0,0.0,0.0
2009-09-08,90.98999786376953,91.43000030517578,90.95999908447266,90.98999786376953,62.897159576416016,408700,0.0,0.0,0.0
2009-09-09,90.86000061035156,91.08999633789062,90.66000366210938,91.06999969482422,62.952476501464844,568400,0.0,0.0,0.0
2009-09-10,91.41000366210938,92.06999969482422,91.37000274658203,91.75,63.42253494262695,626900,0.0,0.0,0.0
2009-09-11,92.1500015258789,92.44999694824219,91.95999908447266,92.0199966430664,63.60923767089844,1319500,0.0,0.0,0.0
2009-09-14,91.76000213623047,91.88999938964844,91.43000030517578,91.4800033569336,63.23590087890625,477100,0.0,0.0,0.0
2009-09-15,91.12000274658203,91.47000122070312,91.12000274658203,91.29000091552734,63.1046142578125,710100,0.0,0.0,0.0
2009-09-16,91.41999816894531,91.44999694824219,90.9800033569336,91.22000122070312,63.05620193481445,743200,0.0,0.0,0.0
2009-09-17,91.27999877929688,91.68000030517578,91.0,91.66999816894531,63.36723327636719,846500,0.0,0.0,0.0
2009-09-18,91.38999938964844,91.52999877929688,91.04000091552734,91.18000030517578,63.02853775024414,910200,0.0,0.0,0.0
2009-09-21,91.33999633789062,91.5199966430664,91.0,91.12000274658203,62.987064361572266,617200,0.0,0.0,0.0
2009-09-22,91.05000305175781,91.36000061035156,91.04000091552734,91.36000061035156,63.1529541015625,438800,0.0,0.0,0.0
2009-09-23,91.1500015258789,91.61000061035156,90.9000015258789,91.55999755859375,63.29119873046875,794500,0.0,0.0,0.0
2009-09-24,91.5999984741211,91.93000030517578,91.4800033569336,91.80999755859375,63.46403121948242,501200,0.0,0.0,0.0
2009-09-25,91.87000274658203,92.20999908447266,91.66999816894531,92.18000030517578,63.71973419189453,454100,0.0,0.0,0.0
2009-09-28,92.0999984741211,92.43000030517578,92.05000305175781,92.33999633789062,63.83033752441406,514000,0.0,0.0,0.0
2009-09-29,92.0999984741211,92.44999694824219,91.98999786376953,92.30000305175781,63.80267333984375,276400,0.0,0.0,0.0
2009-09-30,92.20999908447266,92.48999786376953,92.16000366210938,92.37000274658203,63.85112380981445,670900,0.0,0.0,0.0
2009-10-01,92.44999694824219,92.94999694824219,92.33000183105469,92.80999755859375,64.33145904541016,1762800,0.253,0.0,0.0
2009-10-02,93.20999908447266,93.2300033569336,92.69000244140625,92.7699966430664,64.30374145507812,936600,0.0,0.0,0.0
2009-10-05,93.02999877929688,93.05999755859375,92.69999694824219,92.76000213623047,64.2967529296875,509100,0.0,0.0,0.0
2009-10-06,92.6500015258789,92.69000244140625,92.44000244140625,92.45999908447266,64.08885192871094,382300,0.0,0.0,0.0
2009-10-07,92.80000305175781,93.13999938964844,92.77999877929688,93.05000305175781,64.49778747558594,269500,0.0,0.0,0.0
2009-10-08,93.16999816894531,93.19999694824219,92.61000061035156,92.70999908447266,64.26213836669922,422200,0.0,0.0,0.0
2009-10-09,92.26000213623047,92.44000244140625,91.62000274658203,91.81999969482422,63.64527893066406,543800,0.0,0.0,0.0
2009-10-12,91.81999969482422,92.20999908447266,91.77999877929688,92.08999633789062,63.832401275634766,464800,0.0,0.0,0.0
2009-10-13,92.25,92.36000061035156,92.06999969482422,92.30000305175781,63.977928161621094,489200,0.0,0.0,0.0
2009-10-14,91.76000213623047,92.0,91.51000213623047,91.66999816894531,63.541263580322266,523400,0.0,0.0,0.0
2009-10-15,91.30000305175781,91.75,91.2300033569336,91.37000274658203,63.333335876464844,826100,0.0,0.0,0.0
2009-10-16,91.55000305175781,91.79000091552734,91.33999633789062,91.79000091552734,63.624473571777344,765300,0.0,0.0,0.0
2009-10-19,91.62000274658203,91.93000030517578,91.55999755859375,91.93000030517578,63.72146987915039,487000,0.0,0.0,0.0
2009-10-20,92.18000030517578,92.33000183105469,92.06999969482422,92.13999938964844,63.86703872680664,640800,0.0,0.0,0.0
2009-10-21,91.86000061035156,91.94000244140625,91.56999969482422,91.93000030517578,63.72146987915039,406400,0.0,0.0,0.0
2009-10-22,91.54000091552734,91.83000183105469,91.51000213623047,91.66000366210938,63.53433609008789,421300,0.0,0.0,0.0
2009-10-23,91.29000091552734,91.45999908447266,91.19999694824219,91.20999908447266,63.222442626953125,424800,0.0,0.0,0.0
2009-10-26,91.0199966430664,91.0999984741211,90.62999725341797,90.69000244140625,62.86196517944336,762500,0.0,0.0,0.0
2009-10-27,90.87999725341797,91.5,90.87999725341797,91.47000122070312,63.40266418457031,669800,0.0,0.0,0.0
2009-10-28,91.4800033569336,91.94000244140625,91.44000244140625,91.75,63.596702575683594,684100,0.0,0.0,0.0
2009-10-29,91.48999786376953,91.52999877929688,91.08000183105469,91.30999755859375,63.29172134399414,351200,0.0,0.0,0.0
2009-10-30,91.58000183105469,92.0,91.55000305175781,91.98999786376953,63.76313018798828,600100,0.0,0.0,0.0
2009-11-02,91.27999877929688,91.27999877929688,90.88999938964844,90.9800033569336,63.59531021118164,671100,0.77,0.0,0.0
2009-11-03,91.2300033569336,91.2300033569336,90.5999984741211,90.7699966430664,63.448516845703125,353000,0.0,0.0,0.0
2009-11-04,90.4800033569336,90.69999694824219,90.2300033569336,90.5199966430664,63.27376937866211,497700,0.0,0.0,0.0
2009-11-05,90.41000366210938,90.5999984741211,90.29000091552734,90.54000091552734,63.28772735595703,147600,0.0,0.0,0.0
2009-11-06,90.75,90.83000183105469,90.43000030517578,90.80999755859375,63.47648239135742,327300,0.0,0.0,0.0
2009-11-09,90.7699966430664,90.97000122070312,90.73999786376953,90.8499984741211,63.50444793701172,531500,0.0,0.0,0.0
2009-11-10,91.08000183105469,91.16000366210938,90.75,90.91999816894531,63.553382873535156,523000,0.0,0.0,0.0
2009-11-11,91.19999694824219,91.41999816894531,91.05000305175781,91.18000030517578,63.7351188659668,275600,0.0,0.0,0.0
2009-11-12,90.97000122070312,91.23999786376953,90.62000274658203,91.20999908447266,63.7561149597168,374500,0.0,0.0,0.0
2009-11-13,91.19999694824219,91.30000305175781,91.06999969482422,91.27999877929688,63.8050422668457,229300,0.0,0.0,0.0
2009-11-16,91.45999908447266,91.88999938964844,91.37000274658203,91.7699966430664,64.14755249023438,514800,0.0,0.0,0.0
2009-11-17,91.69999694824219,92.02999877929688,91.5999984741211,91.97000122070312,64.28736114501953,506000,0.0,0.0,0.0
2009-11-18,91.81999969482422,91.91000366210938,91.62000274658203,91.73999786376953,64.12659454345703,285300,0.0,0.0,0.0
2009-11-19,91.86000061035156,92.08999633789062,91.7699966430664,91.8499984741211,64.20350646972656,378200,0.0,0.0,0.0
2009-11-20,91.9000015258789,91.9800033569336,91.69999694824219,91.83999633789062,64.19648742675781,304200,0.0,0.0,0.0
2009-11-23,91.61000061035156,91.75,91.45999908447266,91.70999908447266,64.1055908203125,505100,0.0,0.0,0.0
2009-11-24,91.9000015258789,92.26000213623047,91.80000305175781,92.18000030517578,64.4341049194336,753800,0.0,0.0,0.0
2009-11-25,92.11000061035156,92.54000091552734,91.9800033569336,92.48999786376953,64.65079498291016,431200,0.0,0.0,0.0
2009-11-27,92.9000015258789,93.0,92.7300033569336,92.91000366210938,64.94441223144531,412200,0.0,0.0,0.0
2009-11-30,92.87999725341797,93.12000274658203,92.72000122070312,93.05999755859375,65.04924011230469,404100,0.0,0.0,0.0
2009-12-01,92.61000061035156,92.66000366210938,92.30000305175781,92.33999633789062,64.6905746459961,529600,0.208,0.0,0.0
2009-12-02,92.26000213623047,92.41000366210938,92.0199966430664,92.1500015258789,64.55743408203125,463800,0.0,0.0,0.0
2009-12-03,91.5999984741211,91.77999877929688,91.56999969482422,91.72000122070312,64.2562255859375,463500,0.0,0.0,0.0
2009-12-04,90.95999908447266,91.13999938964844,90.79000091552734,91.04000091552734,63.779823303222656,756700,0.0,0.0,0.0
2009-12-07,91.05999755859375,91.37000274658203,91.04000091552734,91.29000091552734,63.954986572265625,399100,0.0,0.0,0.0
2009-12-08,91.73999786376953,91.87999725341797,91.5,91.61000061035156,64.17914581298828,502200,0.0,0.0,0.0
2009-12-09,91.6500015258789,91.80000305175781,91.37000274658203,91.43000030517578,64.05305480957031,721800,0.0,0.0,0.0
2009-12-10,91.25,91.27999877929688,90.8499984741211,91.12000274658203,63.83591079711914,423200,0.0,0.0,0.0
2009-12-11,90.80999755859375,90.80999755859375,90.4800033569336,90.66999816894531,63.52059555053711,454000,0.0,0.0,0.0
2009-12-14,90.73999786376953,90.86000061035156,90.62999725341797,90.66999816894531,63.52059555053711,195200,0.0,0.0,0.0
2009-12-15,90.30999755859375,90.47000122070312,90.19999694824219,90.37999725341797,63.31747055053711,326000,0.0,0.0,0.0
2009-12-16,90.54000091552734,90.69999694824219,90.27999877929688,90.37999725341797,63.31747055053711,761500,0.0,0.0,0.0
2009-12-17,90.9000015258789,91.18000030517578,90.7300033569336,91.18000030517578,63.87784194946289,468800,0.0,0.0,0.0
2009-12-18,90.9800033569336,91.12999725341797,90.69999694824219,90.7300033569336,63.56267166137695,517600,0.0,0.0,0.0
2009-12-21,90.31999969482422,90.33000183105469,89.75,89.80000305175781,62.9111213684082,609900,0.0,0.0,0.0
2009-12-22,89.55000305175781,89.58999633789062,89.33000183105469,89.4000015258789,62.63088607788086,366700,0.0,0.0,0.0
2009-12-23,89.56999969482422,89.77999877929688,89.3499984741211,89.36000061035156,62.602882385253906,351400,0.0,0.0,0.0
2009-12-24,89.30000305175781,89.36000061035156,89.04000091552734,89.04000091552734,62.37865447998047,160200,0.0,0.0,0.0
2009-12-28,88.94999694824219,88.97000122070312,88.79000091552734,88.80000305175781,62.21055603027344,1181400,0.0,0.0,0.0
2009-12-29,88.73999786376953,88.93000030517578,88.62999725341797,88.87000274658203,62.37480163574219,428800,0.164,0.0,0.0
2009-12-30,88.91999816894531,89.05999755859375,88.80999755859375,89.02999877929688,62.48704528808594,473100,0.0,0.0,0.0
2009-12-31,88.58999633789062,88.95999908447266,88.29000091552734,88.5999984741211,62.1853141784668,304300,0.0,0.0,0.0
2010-01-04,88.73999786376953,88.94999694824219,88.62999725341797,88.81999969482422,62.33966064453125,619100,0.0,0.0,0.0
2010-01-05,89.05999755859375,89.3499984741211,89.05999755859375,89.20999908447266,62.61342239379883,1547500,0.0,0.0,0.0
2010-01-06,89.1500015258789,89.19999694824219,88.77999877929688,88.8499984741211,62.3607063293457,365500,0.0,0.0,0.0
2010-01-07,88.87000274658203,89.05000305175781,88.80999755859375,88.8499984741211,62.3607063293457,390900,0.0,0.0,0.0
2010-01-08,89.12999725341797,89.13999938964844,88.81999969482422,88.95999908447266,62.437992095947266,382500,0.0,0.0,0.0
2010-01-11,89.01000213623047,89.1500015258789,88.93000030517578,89.0199966430664,62.480037689208984,653600,0.0,0.0,0.0
2010-01-12,89.5999984741211,89.72000122070312,89.4800033569336,89.66000366210938,62.92930603027344,403000,0.0,0.0,0.0
2010-01-13,89.4800033569336,89.66999816894531,89.19999694824219,89.2300033569336,62.62742614746094,281900,0.0,0.0,0.0
2010-01-14,89.48999786376953,89.7699966430664,89.38999938964844,89.6500015258789,62.922237396240234,511700,0.0,0.0,0.0
2010-01-15,89.9800033569336,90.1500015258789,89.95999908447266,90.05000305175781,63.202964782714844,429200,0.0,0.0,0.0
2010-01-19,89.86000061035156,89.95999908447266,89.70999908447266,89.88999938964844,63.09066390991211,411900,0.0,0.0,0.0
2010-01-20,90.13999938964844,90.31999969482422,90.12999725341797,90.19999694824219,63.308311462402344,228800,0.0,0.0,0.0
2010-01-21,90.08000183105469,90.5999984741211,90.05999755859375,90.52999877929688,63.53992462158203,349200,0.0,0.0,0.0
2010-01-22,90.45999908447266,90.68000030517578,90.43000030517578,90.61000061035156,63.59598159790039,272900,0.0,0.0,0.0
2010-01-25,90.41000366210938,90.52999877929688,90.4000015258789,90.41000366210938,63.45566940307617,1699000,0.0,0.0,0.0
2010-01-26,90.69000244140625,90.70999908447266,90.41999816894531,90.58999633789062,63.582008361816406,490600,0.0,0.0,0.0
2010-01-27,90.63999938964844,90.80999755859375,90.30000305175781,90.37999725341797,63.434635162353516,342100,0.0,0.0,0.0
2010-01-28,90.08999633789062,90.44999694824219,90.08999633789062,90.3499984741211,63.41355514526367,318100,0.0,0.0,0.0
2010-01-29,90.26000213623047,90.69999694824219,90.1500015258789,90.69999694824219,63.65916061401367,396700,0.0,0.0,0.0
2010-02-01,90.26000213623047,90.26000213623047,89.98999786376953,90.08999633789062,63.44084548950195,634300,0.3,0.0,0.0
2010-02-02,90.12999725341797,90.25,90.0999984741211,90.23999786376953,63.54651641845703,426000,0.0,0.0,0.0
2010-02-03,89.9800033569336,90.05000305175781,89.77999877929688,89.80999755859375,63.24372100830078,435300,0.0,0.0,0.0
2010-02-04,90.19999694824219,90.58999633789062,90.19999694824219,90.55000305175781,63.76483917236328,503400,0.0,0.0,0.0
2010-02-05,90.48999786376953,91.0,90.43000030517578,90.83999633789062,63.96904754638672,694700,0.0,0.0,0.0
2010-02-08,90.68000030517578,90.77999877929688,90.55999755859375,90.76000213623047,63.912689208984375,257600,0.0,0.0,0.0
2010-02-09,90.5199966430664,90.7300033569336,90.25,90.2699966430664,63.56768035888672,481200,0.0,0.0,0.0
2010-02-10,90.41000366210938,90.45999908447266,89.88999938964844,90.0199966430664,63.39158248901367,496200,0.0,0.0,0.0
2010-02-11,90.02999877929688,90.02999877929688,89.66999816894531,89.91000366210938,63.314125061035156,496900,0.0,0.0,0.0
2010-02-12,90.19999694824219,90.2699966430664,90.0999984741211,90.12000274658203,63.46202087402344,219800,0.0,0.0,0.0
2010-02-16,89.94000244140625,90.3499984741211,89.91000366210938,90.31999969482422,63.60286331176758,175400,0.0,0.0,0.0
2010-02-17,90.08999633789062,90.22000122070312,89.68000030517578,89.83999633789062,63.264862060546875,358000,0.0,0.0,0.0
2010-02-18,89.9000015258789,89.9000015258789,89.30999755859375,89.5199966430664,63.03946304321289,474300,0.0,0.0,0.0
2010-02-19,89.45999908447266,89.56999969482422,89.26000213623047,89.56999969482422,63.0746955871582,527900,0.0,0.0,0.0
2010-02-22,89.44000244140625,89.58000183105469,89.41999816894531,89.5,63.02545928955078,349700,0.0,0.0,0.0
2010-02-23,89.61000061035156,90.2300033569336,89.58000183105469,90.18000030517578,63.50428771972656,557200,0.0,0.0,0.0
2010-02-24,90.20999908447266,90.37999725341797,90.05000305175781,90.2300033569336,63.53948974609375,394300,0.0,0.0,0.0
2010-02-25,90.56999969482422,90.62000274658203,90.41999816894531,90.55999755859375,63.771888732910156,256600,0.0,0.0,0.0
2010-02-26,90.62000274658203,90.91000366210938,90.61000061035156,90.69999694824219,63.870426177978516,609900,0.0,0.0,0.0
2010-03-01,90.55999755859375,90.62000274658203,90.4000015258789,90.55000305175781,63.93682098388672,468600,0.244,0.0,0.0
2010-03-02,90.36000061035156,90.62000274658203,90.31999969482422,90.5999984741211,63.97216033935547,417900,0.0,0.0,0.0
2010-03-03,90.41000366210938,90.55999755859375,90.30000305175781,90.51000213623047,63.908592224121094,476700,0.0,0.0,0.0
2010-03-04,90.47000122070312,90.77999877929688,90.37000274658203,90.66999816894531,64.02155303955078,431100,0.0,0.0,0.0
2010-03-05,90.30999755859375,90.33000183105469,90.05000305175781,90.23999786376953,63.71794891357422,549900,0.0,0.0,0.0
2010-03-08,90.01000213623047,90.08000183105469,89.97000122070312,90.0,63.54851150512695,399800,0.0,0.0,0.0
2010-03-09,90.18000030517578,90.2300033569336,90.0,90.2300033569336,63.71090316772461,350500,0.0,0.0,0.0
2010-03-10,89.93000030517578,90.0999984741211,89.87999725341797,90.08000183105469,63.60496520996094,329800,0.0,0.0,0.0
2010-03-11,89.91000366210938,90.13999938964844,89.8499984741211,90.0,63.54851150512695,283100,0.0,0.0,0.0
2010-03-12,89.80000305175781,90.25,89.79000091552734,90.13999938964844,63.6473503112793,276400,0.0,0.0,0.0
2010-03-15,90.12999725341797,90.19999694824219,89.97000122070312,90.13999938964844,63.6473503112793,190100,0.0,0.0,0.0
2010-03-16,90.16000366210938,90.52999877929688,90.12999725341797,90.48999786376953,63.89445495605469,388200,0.0,0.0,0.0
2010-03-17,90.55999755859375,90.62999725341797,90.44999694824219,90.5999984741211,63.97216033935547,288300,0.0,0.0,0.0
2010-03-18,90.52999877929688,90.58999633789062,90.33000183105469,90.36000061035156,63.802642822265625,202600,0.0,0.0,0.0
2010-03-19,90.23999786376953,90.5199966430664,90.2300033569336,90.23999786376953,63.71794891357422,171300,0.0,0.0,0.0
2010-03-22,90.45999908447266,90.54000091552734,90.38999938964844,90.54000091552734,63.92979431152344,338100,0.0,0.0,0.0
2010-03-23,90.51000213623047,90.5999984741211,90.3499984741211,90.3499984741211,63.79560089111328,244100,0.0,0.0,0.0
2010-03-24,89.87000274658203,89.98999786376953,89.31999969482422,89.44999694824219,63.160125732421875,531300,0.0,0.0,0.0
2010-03-25,89.2699966430664,89.37000274658203,88.81999969482422,89.12000274658203,62.9271354675293,601900,0.0,0.0,0.0
2010-03-26,89.02999877929688,89.36000061035156,89.0199966430664,89.33000183105469,63.075382232666016,734100,0.0,0.0,0.0
2010-03-29,89.30000305175781,89.37000274658203,89.0999984741211,89.19999694824219,62.98359298706055,521400,0.0,0.0,0.0
2010-03-30,89.19000244140625,89.29000091552734,89.0199966430664,89.29000091552734,63.04717254638672,246500,0.0,0.0,0.0
2010-03-31,89.45999908447266,89.58000183105469,89.3499984741211,89.5,63.195457458496094,398900,0.0,0.0,0.0
2010-04-01,89.11000061035156,89.16000366210938,88.94000244140625,89.05999755859375,63.064430236816406,397600,0.255,0.0,0.0
2010-04-05,88.44000244140625,88.52999877929688,88.12000274658203,88.26000213623047,62.49794006347656,656100,0.0,0.0,0.0
2010-04-06,88.55999755859375,88.5999984741211,88.37000274658203,88.5199966430664,62.68205642700195,566100,0.0,0.0,0.0
2010-04-07,88.51000213623047,89.16999816894531,88.48999786376953,89.06999969482422,63.07154083251953,562000,0.0,0.0,0.0
2010-04-08,89.16000366210938,89.30999755859375,88.91999816894531,88.97000122070312,63.00074005126953,465400,0.0,0.0,0.0
2010-04-09,88.8499984741211,89.0999984741211,88.75,89.06999969482422,63.07154083251953,314600,0.0,0.0,0.0
2010-04-12,89.20999908447266,89.41000366210938,89.12000274658203,89.30999755859375,63.2414436340332,402000,0.0,0.0,0.0
2010-04-13,89.52999877929688,89.58999633789062,89.33000183105469,89.4800033569336,63.3618049621582,309100,0.0,0.0,0.0
2010-04-14,89.4800033569336,89.56999969482422,89.19999694824219,89.23999786376953,63.191917419433594,315800,0.0,0.0,0.0
2010-04-15,89.11000061035156,89.47000122070312,89.06999969482422,89.38999938964844,63.29811477661133,299900,0.0,0.0,0.0
2010-04-16,89.54000091552734,89.95999908447266,89.43000030517578,89.93000030517578,63.68049240112305,409900,0.0,0.0,0.0
2010-04-19,89.8499984741211,89.87999725341797,89.63999938964844,89.70999908447266,63.52472686767578,215300,0.0,0.0,0.0
2010-04-20,89.66999816894531,89.75,89.55000305175781,89.75,63.55304718017578,171300,0.0,0.0,0.0
2010-04-21,89.83999633789062,90.08000183105469,89.75,90.04000091552734,63.758384704589844,446500,0.0,0.0,0.0
2010-04-22,90.1500015258789,90.25,89.80000305175781,89.83000183105469,63.60963821411133,169300,0.0,0.0,0.0
2010-04-23,89.61000061035156,89.68000030517578,89.48999786376953,89.58000183105469,63.43265914916992,174200,0.0,0.0,0.0
2010-04-26,89.77999877929688,89.80999755859375,89.55000305175781,89.63999938964844,63.475128173828125,161900,0.0,0.0,0.0
2010-04-27,90.05000305175781,90.54000091552734,89.94999694824219,90.4800033569336,64.06988525390625,442800,0.0,0.0,0.0
2010-04-28,90.16000366210938,90.29000091552734,89.86000061035156,90.0199966430664,63.744239807128906,409700,0.0,0.0,0.0
2010-04-29,90.01000213623047,90.2300033569336,89.88999938964844,90.16999816894531,63.85041809082031,350500,0.0,0.0,0.0
2010-04-30,90.27999877929688,90.7300033569336,90.2699966430664,90.72000122070312,64.2398681640625,423200,0.0,0.0,0.0
2010-05-03,90.16999816894531,90.27999877929688,90.11000061035156,90.20999908447266,64.07157135009766,300500,0.273,0.0,0.0
2010-05-04,90.76000213623047,90.88999938964844,90.61000061035156,90.81999969482422,64.50480651855469,355000,0.0,0.0,0.0
2010-05-05,91.18000030517578,91.58999633789062,90.9800033569336,91.16999816894531,64.7534408569336,672000,0.0,0.0,0.0
2010-05-06,91.23999786376953,93.05999755859375,91.0999984741211,92.16999816894531,65.46366882324219,902400,0.0,0.0,0.0
2010-05-07,91.93000030517578,92.75,91.77999877929688,91.91999816894531,65.28604888916016,3856500,0.0,0.0,0.0
2010-05-10,90.98999786376953,91.41000366210938,90.9800033569336,91.22000122070312,64.78888702392578,836200,0.0,0.0,0.0
2010-05-11,91.41000366210938,91.45999908447266,91.02999877929688,91.33000183105469,64.86705780029297,891400,0.0,0.0,0.0
2010-05-12,91.22000122070312,91.33999633789062,91.04000091552734,91.0999984741211,64.70369720458984,424000,0.0,0.0,0.0
2010-05-13,91.3499984741211,91.43000030517578,90.88999938964844,91.3499984741211,64.88127899169922,420300,0.0,0.0,0.0
2010-05-14,91.76000213623047,92.20999908447266,91.69999694824219,91.94000244140625,65.30034637451172,488700,0.0,0.0,0.0
2010-05-17,91.93000030517578,92.33000183105469,91.69999694824219,91.73999786376953,65.15828704833984,535100,0.0,0.0,0.0
2010-05-18,91.77999877929688,92.4800033569336,91.73999786376953,92.41000366210938,65.6341323852539,1711400,0.0,0.0,0.0
2010-05-19,92.43000030517578,92.88999938964844,92.37999725341797,92.48999786376953,65.69091796875,839700,0.0,0.0,0.0
2010-05-20,93.20999908447266,93.62999725341797,93.05000305175781,93.38999938964844,66.33013153076172,1221600,0.0,0.0,0.0
2010-05-21,94.13999938964844,94.20999908447266,93.2699966430664,93.44000244140625,66.36564636230469,1196200,0.0,0.0,0.0
2010-05-24,93.5199966430664,93.66999816894531,93.33000183105469,93.44000244140625,66.36564636230469,2949400,0.0,0.0,0.0
2010-05-25,94.02999877929688,94.19999694824219,93.62000274658203,93.76000213623047,66.59294128417969,1064000,0.0,0.0,0.0
2010-05-26,93.45999908447266,93.5999984741211,93.11000061035156,93.56999969482422,66.45801544189453,551600,0.0,0.0,0.0
2010-05-27,92.87999725341797,92.9000015258789,92.56999969482422,92.68000030517578,65.82585906982422,522800,0.0,0.0,0.0
2010-05-28,92.9000015258789,93.13999938964844,92.72000122070312,93.0999984741211,66.12420654296875,511700,0.0,0.0,0.0
2010-06-01,93.16000366210938,93.19000244140625,92.7300033569336,92.95999908447266,66.20963287353516,978900,0.26,0.0,0.0
2010-06-02,92.91999816894531,93.02999877929688,92.38999938964844,92.43000030517578,65.83223724365234,519100,0.0,0.0,0.0
2010-06-03,92.13999938964844,92.55999755859375,92.08000183105469,92.30000305175781,65.73956298828125,274300,0.0,0.0,0.0
2010-06-04,93.19000244140625,93.61000061035156,93.08999633789062,93.58000183105469,66.65122985839844,728300,0.0,0.0,0.0
2010-06-07,93.47000122070312,93.9800033569336,93.41999816894531,93.95999908447266,66.92188262939453,413800,0.0,0.0,0.0
2010-06-08,93.68000030517578,93.91999816894531,93.62999725341797,93.66999816894531,66.71531677246094,604300,0.0,0.0,0.0
2010-06-09,93.41000366210938,93.79000091552734,93.30000305175781,93.68000030517578,66.72244262695312,264000,0.0,0.0,0.0
2010-06-10,93.29000091552734,93.33000183105469,92.7699966430664,92.80999755859375,66.10285949707031,655200,0.0,0.0,0.0
2010-06-11,93.23999786376953,93.55999755859375,93.0,93.4000015258789,66.52304077148438,404800,0.0,0.0,0.0
2010-06-14,92.93000030517578,93.33000183105469,92.80999755859375,93.31999969482422,66.46607208251953,627700,0.0,0.0,0.0
2010-06-15,93.33999633789062,93.43000030517578,92.9000015258789,93.02999877929688,66.25949096679688,1114400,0.0,0.0,0.0
2010-06-16,93.30999755859375,93.37000274658203,93.0199966430664,93.29000091552734,66.44470977783203,621900,0.0,0.0,0.0
2010-06-17,93.38999938964844,93.87000274658203,93.38999938964844,93.7300033569336,66.75810241699219,792500,0.0,0.0,0.0
2010-06-18,93.66999816894531,93.70999908447266,93.52999877929688,93.54000091552734,66.62267303466797,463400,0.0,0.0,0.0
2010-06-21,93.02999877929688,93.51000213623047,93.0,93.47000122070312,66.57291412353516,569100,0.0,0.0,0.0
2010-06-22,93.54000091552734,94.06999969482422,93.48999786376953,94.02999877929688,66.97179412841797,549200,0.0,0.0,0.0
2010-06-23,94.12000274658203,94.52999877929688,94.0999984741211,94.37999725341797,67.22105407714844,632500,0.0,0.0,0.0
2010-06-24,94.56999969482422,94.66000366210938,94.16999816894531,94.30000305175781,67.16401672363281,1075100,0.0,0.0,0.0
2010-06-25,94.20999908447266,94.68000030517578,94.19000244140625,94.44999694824219,67.27090454101562,455400,0.0,0.0,0.0
2010-06-28,94.77999877929688,95.12999725341797,94.77999877929688,95.12000274658203,67.74812316894531,924300,0.0,0.0,0.0
2010-06-29,95.33999633789062,95.5999984741211,95.30000305175781,95.52999877929688,68.04011535644531,920400,0.0,0.0,0.0
2010-06-30,95.61000061035156,95.66999816894531,95.33000183105469,95.66999816894531,68.13987731933594,891500,0.0,0.0,0.0
2010-07-01,95.43000030517578,95.83999633789062,95.33999633789062,95.37999725341797,68.10979461669922,1293700,0.248,0.0,0.0
2010-07-02,95.20999908447266,95.41999816894531,95.08000183105469,95.20999908447266,67.98841857910156,1072400,0.0,0.0,0.0
2010-07-06,95.16000366210938,95.56999969482422,95.05000305175781,95.44000244140625,68.1526870727539,914100,0.0,0.0,0.0
2010-07-07,95.51000213623047,95.5199966430664,95.11000061035156,95.13999938964844,67.9384765625,473900,0.0,0.0,0.0
2010-07-08,94.8499984741211,95.04000091552734,94.70999908447266,94.91000366210938,67.77421569824219,508400,0.0,0.0,0.0
2010-07-09,94.77999877929688,94.86000061035156,94.66000366210938,94.66000366210938,67.59564971923828,439800,0.0,0.0,0.0
2010-07-12,94.81999969482422,95.05999755859375,94.75,94.81999969482422,67.70999908447266,685200,0.0,0.0,0.0
2010-07-13,94.62999725341797,94.66999816894531,94.33000183105469,94.3499984741211,67.37431335449219,679700,0.0,0.0,0.0
2010-07-14,94.68000030517578,94.9800033569336,94.5,94.81999969482422,67.70999908447266,566500,0.0,0.0,0.0
2010-07-15,95.0199966430664,95.48999786376953,95.0199966430664,95.30999755859375,68.05979919433594,703600,0.0,0.0,0.0
2010-07-16,95.38999938964844,95.91999816894531,95.38999938964844,95.86000061035156,68.4526138305664,864200,0.0,0.0,0.0
2010-07-19,95.72000122070312,95.83999633789062,95.5199966430664,95.61000061035156,68.27406311035156,489800,0.0,0.0,0.0
2010-07-20,95.9000015258789,96.11000061035156,95.69000244140625,95.70999908447266,68.34545135498047,895900,0.0,0.0,0.0
2010-07-21,95.77999877929688,96.41000366210938,95.7699966430664,96.31999969482422,68.78103637695312,470700,0.0,0.0,0.0
2010-07-22,96.05000305175781,96.05000305175781,95.77999877929688,95.79000091552734,68.40261840820312,656800,0.0,0.0,0.0
2010-07-23,95.86000061035156,95.93000030517578,95.1500015258789,95.4800033569336,68.18121337890625,799500,0.0,0.0,0.0
2010-07-26,95.44000244140625,95.55000305175781,95.2300033569336,95.44999694824219,68.1598129272461,626300,0.0,0.0,0.0
2010-07-27,95.13999938964844,95.36000061035156,95.0999984741211,95.12000274658203,67.92420959472656,528200,0.0,0.0,0.0
2010-07-28,95.18000030517578,95.61000061035156,95.0999984741211,95.52999877929688,68.2169418334961,933000,0.0,0.0,0.0
2010-07-29,95.48999786376953,95.91999816894531,95.43000030517578,95.7300033569336,68.35974884033203,737300,0.0,0.0,0.0
2010-07-30,96.2300033569336,96.3499984741211,96.02999877929688,96.29000091552734,68.75965881347656,563600,0.0,0.0,0.0
2010-08-02,95.79000091552734,95.91999816894531,95.68000030517578,95.73999786376953,68.54701232910156,1160900,0.253,0.0,0.0
2010-08-03,96.02999877929688,96.26000213623047,95.98999786376953,96.19000244140625,68.86921691894531,911900,0.0,0.0,0.0
2010-08-04,96.1500015258789,96.16999816894531,95.79000091552734,95.79000091552734,68.58277130126953,777600,0.0,0.0,0.0
2010-08-05,96.12000274658203,96.29000091552734,96.02999877929688,96.25,68.91221618652344,817400,0.0,0.0,0.0
2010-08-06,96.68000030517578,96.88999938964844,96.52999877929688,96.87999725341797,69.36317443847656,438400,0.0,0.0,0.0
2010-08-09,96.75,96.87999725341797,96.69999694824219,96.86000061035156,69.34891510009766,464800,0.0,0.0,0.0
2010-08-10,96.80999755859375,97.41999816894531,96.72000122070312,97.3499984741211,69.6997299194336,641200,0.0,0.0,0.0
2010-08-11,97.69999694824219,97.93000030517578,97.63999938964844,97.9000015258789,70.0934829711914,911200,0.0,0.0,0.0
2010-08-12,97.95999908447266,97.97000122070312,97.55000305175781,97.6500015258789,69.91449737548828,1701100,0.0,0.0,0.0
2010-08-13,97.83999633789062,98.08999633789062,97.77999877929688,98.06999969482422,70.21520233154297,705800,0.0,0.0,0.0
2010-08-16,98.66000366210938,98.80999755859375,98.54000091552734,98.77999877929688,70.72357940673828,1453200,0.0,0.0,0.0
2010-08-17,98.5199966430664,98.54000091552734,98.0999984741211,98.27999877929688,70.36553192138672,774300,0.0,0.0,0.0
2010-08-18,98.54000091552734,98.66000366210938,98.13999938964844,98.18000030517578,70.2939224243164,1148600,0.0,0.0,0.0
2010-08-19,98.1500015258789,98.7699966430664,98.12000274658203,98.62000274658203,70.6089859008789,684100,0.0,0.0,0.0
2010-08-20,98.61000061035156,98.68000030517578,98.25,98.30000305175781,70.3798828125,306000,0.0,0.0,0.0
2010-08-23,98.26000213623047,98.5,98.16000366210938,98.43000030517578,70.47294616699219,575600,0.0,0.0,0.0
2010-08-24,98.97000122070312,99.38999938964844,98.83999633789062,99.20999908447266,71.03138732910156,973400,0.0,0.0,0.0
2010-08-25,99.47000122070312,99.66000366210938,98.66999816894531,98.76000213623047,70.70927429199219,690100,0.0,0.0,0.0
2010-08-26,98.80999755859375,99.20999908447266,98.70999908447266,99.20999908447266,71.03138732910156,845000,0.0,0.0,0.0
2010-08-27,98.77999877929688,99.12999725341797,97.9000015258789,98.06999969482422,70.21520233154297,1014100,0.0,0.0,0.0
2010-08-30,98.38999938964844,98.83000183105469,98.30999755859375,98.81999969482422,70.75223541259766,463500,0.0,0.0,0.0
2010-08-31,99.22000122070312,99.33999633789062,99.01000213623047,99.26000213623047,71.06722259521484,1276700,0.0,0.0,0.0
2010-09-01,98.63999938964844,98.69000244140625,97.91999816894531,98.30000305175781,70.55545043945312,1268700,0.247,0.0,0.0
2010-09-02,98.06999969482422,98.08999633789062,97.83000183105469,97.88999938964844,70.26122283935547,1273500,0.0,0.0,0.0
2010-09-03,97.12000274658203,97.5,97.08000183105469,97.33000183105469,69.8592529296875,1308300,0.0,0.0,0.0
2010-09-07,97.8499984741211,98.12999725341797,97.7300033569336,98.0999984741211,70.41190338134766,778200,0.0,0.0,0.0
2010-09-08,97.83999633789062,98.0,97.62000274658203,97.83000183105469,70.21810150146484,1124900,0.0,0.0,0.0
2010-09-09,97.38999938964844,97.47000122070312,97.01000213623047,97.05999755859375,69.66545867919922,929300,0.0,0.0,0.0
2010-09-10,96.79000091552734,96.9000015258789,96.58000183105469,96.77999877929688,69.46446990966797,725300,0.0,0.0,0.0
2010-09-13,96.72000122070312,97.30000305175781,96.72000122070312,97.23999786376953,69.79461669921875,1450100,0.0,0.0,0.0
2010-09-14,97.41999816894531,97.79000091552734,97.41000366210938,97.7300033569336,70.14635467529297,590900,0.0,0.0,0.0
2010-09-15,97.5999984741211,97.83000183105469,97.33999633789062,97.38999938964844,69.90233612060547,900600,0.0,0.0,0.0
2010-09-16,97.27999877929688,97.36000061035156,96.86000061035156,97.05000305175781,69.65827941894531,2902900,0.0,0.0,0.0
2010-09-17,97.33999633789062,97.54000091552734,97.16999816894531,97.2699966430664,69.81617736816406,1738600,0.0,0.0,0.0
2010-09-20,97.41999816894531,97.56999969482422,97.20999908447266,97.56999969482422,70.03150939941406,619900,0.0,0.0,0.0
2010-09-21,97.8499984741211,98.48999786376953,97.51000213623047,98.4800033569336,70.68462371826172,1279500,0.0,0.0,0.0
2010-09-22,98.76000213623047,99.0199966430664,98.55999755859375,98.62999725341797,70.79228973388672,978800,0.0,0.0,0.0
2010-09-23,99.13999938964844,99.13999938964844,98.55000305175781,98.7699966430664,70.89280700683594,514000,0.0,0.0,0.0
2010-09-24,98.36000061035156,98.45999908447266,98.23999786376953,98.27999877929688,70.54106903076172,1317500,0.0,0.0,0.0
2010-09-27,98.63999938964844,99.05000305175781,98.63999938964844,99.04000091552734,71.086669921875,782100,0.0,0.0,0.0
2010-09-28,99.06999969482422,99.5,99.05999755859375,99.37000274658203,71.323486328125,776000,0.0,0.0,0.0
2010-09-29,99.38999938964844,99.44000244140625,99.08000183105469,99.12999725341797,71.15119934082031,820400,0.0,0.0,0.0
2010-09-30,99.05999755859375,99.06999969482422,98.4000015258789,99.01000213623047,71.06509399414062,813200,0.0,0.0,0.0
2010-10-01,98.51000213623047,98.94999694824219,98.37999725341797,98.83000183105469,71.10320281982422,846600,0.233,0.0,0.0
2010-10-04,99.02999877929688,99.23999786376953,98.95999908447266,99.18000030517578,71.35498809814453,1260800,0.0,0.0,0.0
2010-10-05,99.23999786376953,99.30000305175781,99.08999633789062,99.19999694824219,71.3693618774414,1092900,0.0,0.0,0.0
2010-10-06,99.87999725341797,100.12000274658203,99.75,99.83999633789062,71.82984924316406,614400,0.0,0.0,0.0
2010-10-07,99.91999816894531,100.05999755859375,99.83000183105469,99.94000244140625,71.90187072753906,534700,0.0,0.0,0.0
2010-10-08,100.19999694824219,100.37999725341797,99.97000122070312,99.9800033569336,71.93055725097656,868200,0.0,0.0,0.0
2010-10-11,100.12000274658203,100.19999694824219,99.95999908447266,100.08000183105469,72.00252532958984,400300,0.0,0.0,0.0
2010-10-12,100.0999984741211,100.26000213623047,99.7300033569336,99.79000091552734,71.79387664794922,991900,0.0,0.0,0.0
2010-10-13,99.4800033569336,99.83000183105469,99.31999969482422,99.79000091552734,71.79387664794922,473800,0.0,0.0,0.0
2010-10-14,99.75,99.80999755859375,99.1500015258789,99.22000122070312,71.38377380371094,955100,0.0,0.0,0.0
2010-10-15,99.08000183105469,99.1500015258789,98.62000274658203,98.79000091552734,71.0744400024414,807100,0.0,0.0,0.0
2010-10-18,99.2300033569336,99.48999786376953,99.08999633789062,99.26000213623047,71.41261291503906,1149600,0.0,0.0,0.0
2010-10-19,99.12999725341797,99.73999786376953,99.11000061035156,99.5999984741211,71.65715789794922,763700,0.0,0.0,0.0
2010-10-20,99.37000274658203,99.76000213623047,99.29000091552734,99.54000091552734,71.61404418945312,615100,0.0,0.0,0.0
2010-10-21,99.37000274658203,99.45999908447266,98.98999786376953,98.98999786376953,71.21835327148438,594300,0.0,0.0,0.0
2010-10-22,98.87999725341797,99.11000061035156,98.87000274658203,99.0199966430664,71.2398910522461,643600,0.0,0.0,0.0
2010-10-25,99.4000015258789,99.5,98.94999694824219,98.98999786376953,71.21835327148438,1436800,0.0,0.0,0.0
2010-10-26,98.66999816894531,98.72000122070312,98.33000183105469,98.33000183105469,70.74347686767578,831800,0.0,0.0,0.0
2010-10-27,98.12000274658203,98.19000244140625,97.75,97.76000213623047,70.33340454101562,1223500,0.0,0.0,0.0
2010-10-28,98.12999725341797,98.41999816894531,98.08000183105469,98.33000183105469,70.74347686767578,738700,0.0,0.0,0.0
2010-10-29,98.54000091552734,98.83999633789062,98.48999786376953,98.7699966430664,71.06004333496094,768600,0.0,0.0,0.0
2010-11-01,98.83999633789062,98.83999633789062,98.30000305175781,98.37000274658203,70.94107818603516,1042700,0.235,0.0,0.0
2010-11-02,98.62000274658203,98.7300033569336,98.55999755859375,98.69999694824219,71.17902374267578,356700,0.0,0.0,0.0
2010-11-03,99.02999877929688,99.19000244140625,98.41999816894531,99.0199966430664,71.4097900390625,912000,0.0,0.0,0.0
2010-11-04,99.5999984741211,99.94999694824219,99.5999984741211,99.81999969482422,71.98673248291016,1092500,0.0,0.0,0.0
2010-11-05,99.68000030517578,99.8499984741211,99.4000015258789,99.4000015258789,71.68385314941406,1108100,0.0,0.0,0.0
2010-11-08,99.55000305175781,99.66999816894531,99.31999969482422,99.43000030517578,71.70547485351562,469400,0.0,0.0,0.0
2010-11-09,99.43000030517578,99.4800033569336,98.55999755859375,98.58999633789062,71.09972381591797,744600,0.0,0.0,0.0
2010-11-10,98.6500015258789,99.04000091552734,98.05999755859375,98.95999908447266,71.36659240722656,1298900,0.0,0.0,0.0
2010-11-11,99.0199966430664,99.06999969482422,98.58000183105469,98.8499984741211,71.2872085571289,403500,0.0,0.0,0.0
2010-11-12,98.61000061035156,98.80000305175781,98.0199966430664,98.02999877929688,70.69584655761719,2041400,0.0,0.0,0.0
2010-11-15,97.45999908447266,97.7300033569336,96.76000213623047,96.7699966430664,69.78714752197266,1174200,0.0,0.0,0.0
2010-11-16,97.19999694824219,97.54000091552734,96.6500015258789,97.48999786376953,70.30640411376953,954600,0.0,0.0,0.0
2010-11-17,97.5199966430664,97.7699966430664,97.08999633789062,97.20999908447266,70.1044921875,580200,0.0,0.0,0.0
2010-11-18,96.95999908447266,97.05000305175781,96.5999984741211,96.9800033569336,69.93862915039062,2968200,0.0,0.0,0.0
2010-11-19,96.97000122070312,97.19000244140625,96.91999816894531,97.18000030517578,70.08287048339844,530600,0.0,0.0,0.0
2010-11-22,97.4800033569336,97.70999908447266,97.37000274658203,97.69999694824219,70.45784759521484,495400,0.0,0.0,0.0
2010-11-23,98.08999633789062,98.2300033569336,97.79000091552734,97.9000015258789,70.60208892822266,659400,0.0,0.0,0.0
2010-11-24,97.48999786376953,97.54000091552734,96.77999877929688,96.8499984741211,69.84487915039062,1112700,0.0,0.0,0.0
2010-11-26,97.11000061035156,97.27999877929688,97.0199966430664,97.2699966430664,70.14776611328125,210100,0.0,0.0,0.0
2010-11-29,97.55000305175781,97.61000061035156,97.30000305175781,97.4800033569336,70.29920196533203,527800,0.0,0.0,0.0
2010-11-30,98.01000213623047,98.02999877929688,97.55999755859375,97.6500015258789,70.42181396484375,874200,0.0,0.0,0.0
2010-12-01,96.41000366210938,96.68000030517578,96.08000183105469,96.12999725341797,69.49574279785156,1967700,0.239,0.0,0.0
2010-12-02,96.06999969482422,96.3499984741211,95.87000274658203,95.88999938964844,69.32220458984375,983500,0.0,0.0,0.0
2010-12-03,96.5,96.54000091552734,95.80000305175781,95.9000015258789,69.32941436767578,374500,0.0,0.0,0.0
2010-12-06,96.36000061035156,96.51000213623047,96.16999816894531,96.5,69.76321411132812,902000,0.0,0.0,0.0
2010-12-07,95.6500015258789,95.73999786376953,94.66999816894531,94.9000015258789,68.60652160644531,1335700,0.0,0.0,0.0
2010-12-08,94.25,94.29000091552734,93.43000030517578,94.08999633789062,68.02094268798828,2155300,0.0,0.0,0.0
2010-12-09,94.33000183105469,94.51000213623047,93.9000015258789,94.29000091552734,68.16554260253906,1664700,0.0,0.0,0.0
2010-12-10,93.9800033569336,94.08999633789062,93.48999786376953,93.48999786376953,67.58718872070312,1002400,0.0,0.0,0.0
2010-12-13,93.3499984741211,94.05999755859375,93.20999908447266,93.79000091552734,67.8040542602539,1323400,0.0,0.0,0.0
2010-12-14,93.4000015258789,93.62000274658203,92.5,92.80000305175781,67.08834838867188,1878500,0.0,0.0,0.0
2010-12-15,93.04000091552734,93.20999908447266,92.0999984741211,92.41999816894531,66.81365203857422,1871900,0.0,0.0,0.0
2010-12-16,92.45999908447266,92.98999786376953,92.05999755859375,92.97000122070312,67.21123504638672,1351000,0.0,0.0,0.0
2010-12-17,93.19999694824219,93.87000274658203,93.12000274658203,93.7699966430664,67.78960418701172,1361700,0.0,0.0,0.0
2010-12-20,94.12000274658203,94.36000061035156,93.55000305175781,93.76000213623047,67.78236389160156,804000,0.0,0.0,0.0
2010-12-21,93.91999816894531,93.97000122070312,93.47000122070312,93.95999908447266,67.92691040039062,848500,0.0,0.0,0.0
2010-12-22,93.91000366210938,93.94999694824219,93.56999969482422,93.69999694824219,67.739013671875,308900,0.0,0.0,0.0
2010-12-23,93.54000091552734,93.54000091552734,93.23999786376953,93.37000274658203,67.50042724609375,540600,0.0,0.0,0.0
2010-12-27,93.37000274658203,93.7699966430664,93.12000274658203,93.7300033569336,67.76074981689453,407100,0.0,0.0,0.0
2010-12-28,93.31999969482422,93.37000274658203,92.5,92.5,67.0488510131836,955200,0.248,0.0,0.0
2010-12-29,92.61000061035156,93.69999694824219,92.47000122070312,93.54000091552734,67.80274963378906,1362200,0.0,0.0,0.0
2010-12-30,93.36000061035156,93.48999786376953,93.04000091552734,93.3499984741211,67.66497039794922,529800,0.0,0.0,0.0
2010-12-31,93.43000030517578,94.1500015258789,93.41000366210938,93.81999969482422,68.00568389892578,674300,0.0,0.0,0.0
2011-01-03,93.19000244140625,93.79000091552734,93.04000091552734,93.52999877929688,67.79550170898438,1396100,0.0,0.0,0.0
2011-01-04,93.6500015258789,93.87999725341797,93.4800033569336,93.75,67.95494842529297,1234100,0.0,0.0,0.0
2011-01-05,93.05999755859375,93.16999816894531,92.55000305175781,92.73999786376953,67.2228775024414,1111900,0.0,0.0,0.0
2011-01-06,93.01000213623047,93.29000091552734,92.83999633789062,93.22000122070312,67.57074737548828,1452400,0.0,0.0,0.0
2011-01-07,93.30000305175781,94.01000213623047,93.18000030517578,93.83999633789062,68.02012634277344,736500,0.0,0.0,0.0
2011-01-10,94.01000213623047,94.16000366210938,93.81999969482422,94.16000366210938,68.25210571289062,1096400,0.0,0.0,0.0
2011-01-11,94.04000091552734,94.04000091552734,93.55999755859375,93.79000091552734,67.98391723632812,760400,0.0,0.0,0.0
2011-01-12,93.41000366210938,93.69000244140625,93.23999786376953,93.5199966430664,67.78820037841797,753000,0.0,0.0,0.0
2011-01-13,93.48999786376953,94.1500015258789,93.45999908447266,94.1500015258789,68.24491882324219,1051500,0.0,0.0,0.0
2011-01-14,94.33000183105469,94.43000030517578,93.86000061035156,93.88999938964844,68.056396484375,734500,0.0,0.0,0.0
2011-01-18,93.68000030517578,93.83999633789062,93.33999633789062,93.66000366210938,67.88972473144531,1063800,0.0,0.0,0.0
2011-01-19,93.62000274658203,93.97000122070312,93.61000061035156,93.9000015258789,68.06364440917969,732200,0.0,0.0,0.0
2011-01-20,93.48999786376953,93.55999755859375,92.94000244140625,93.16999816894531,67.53446960449219,697000,0.0,0.0,0.0
2011-01-21,93.0999984741211,93.4800033569336,92.9800033569336,93.4800033569336,67.75923156738281,523900,0.0,0.0,0.0
2011-01-24,93.5199966430664,93.66000366210938,93.43000030517578,93.48999786376953,67.76651000976562,497800,0.0,0.0,0.0
2011-01-25,93.66999816894531,94.18000030517578,93.41000366210938,93.95999908447266,68.10716247558594,1126500,0.0,0.0,0.0
2011-01-26,93.76000213623047,93.7699966430664,93.30000305175781,93.38999938964844,67.69395446777344,869900,0.0,0.0,0.0
2011-01-27,93.47000122070312,93.80000305175781,93.26000213623047,93.73999786376953,67.94769287109375,531500,0.0,0.0,0.0
2011-01-28,93.51000213623047,94.31999969482422,93.48999786376953,94.16999816894531,68.25936126708984,1056600,0.0,0.0,0.0
2011-01-31,94.06999969482422,94.20999908447266,93.69000244140625,93.80000305175781,67.99119567871094,555100,0.0,0.0,0.0
2011-02-01,93.25,93.36000061035156,93.0199966430664,93.12999725341797,67.67510986328125,1009200,0.235,0.0,0.0
2011-02-02,93.37000274658203,93.41999816894531,92.76000213623047,92.91000366210938,67.51519775390625,1120000,0.0,0.0,0.0
2011-02-03,92.58999633789062,92.7699966430664,92.33999633789062,92.37999725341797,67.13007354736328,1310900,0.0,0.0,0.0
2011-02-04,92.13999938964844,92.2699966430664,91.6500015258789,91.80999755859375,66.7158432006836,1523900,0.0,0.0,0.0
2011-02-07,91.56999969482422,91.80000305175781,91.45999908447266,91.7699966430664,66.6867904663086,850700,0.0,0.0,0.0
2011-02-08,91.69999694824219,91.77999877929688,91.06999969482422,91.13999938964844,66.22898864746094,997200,0.0,0.0,0.0
2011-02-09,91.31999969482422,91.8499984741211,91.0999984741211,91.66000366210938,66.60684967041016,786000,0.0,0.0,0.0
2011-02-10,91.55999755859375,91.69999694824219,91.27999877929688,91.36000061035156,66.38890075683594,617000,0.0,0.0,0.0
2011-02-11,91.76000213623047,92.0199966430664,91.5999984741211,91.77999877929688,66.69412994384766,1492700,0.0,0.0,0.0
2011-02-14,91.6500015258789,92.0199966430664,91.6500015258789,91.80999755859375,66.7158432006836,1311100,0.0,0.0,0.0
2011-02-15,91.77999877929688,92.04000091552734,91.75,92.0199966430664,66.86849212646484,603700,0.0,0.0,0.0
2011-02-16,91.91999816894531,92.16000366210938,91.68000030517578,91.88999938964844,66.77400207519531,620100,0.0,0.0,0.0
2011-02-17,92.23999786376953,92.37999725341797,92.11000061035156,92.2300033569336,67.02111053466797,776500,0.0,0.0,0.0
2011-02-18,91.98999786376953,92.22000122070312,91.86000061035156,92.20999908447266,67.00652313232422,418400,0.0,0.0,0.0
2011-02-22,92.5199966430664,93.11000061035156,92.47000122070312,93.0999984741211,67.65325927734375,1383500,0.0,0.0,0.0
2011-02-23,93.08000183105469,93.25,92.80000305175781,92.87000274658203,67.48616027832031,651700,0.0,0.0,0.0
2011-02-24,93.1500015258789,93.3499984741211,93.0,93.11000061035156,67.66053771972656,508800,0.0,0.0,0.0
2011-02-25,93.08000183105469,93.41000366210938,93.08000183105469,93.41000366210938,67.87854766845703,571900,0.0,0.0,0.0
2011-02-28,93.41999816894531,93.48999786376953,93.33000183105469,93.37000274658203,67.84949493408203,372400,0.0,0.0,0.0
2011-03-01,92.7300033569336,93.30000305175781,92.69000244140625,93.26000213623047,67.92667388916016,530800,0.216,0.0,0.0
2011-03-02,93.0999984741211,93.29000091552734,92.7699966430664,92.7699966430664,67.56981658935547,425400,0.0,0.0,0.0
2011-03-03,92.44999694824219,92.5,92.12000274658203,92.13999938964844,67.1109619140625,616800,0.0,0.0,0.0
2011-03-04,92.36000061035156,92.81999969482422,92.33000183105469,92.80000305175781,67.59166717529297,637300,0.0,0.0,0.0
2011-03-07,92.41000366210938,92.9000015258789,92.36000061035156,92.56999969482422,67.4241714477539,489600,0.0,0.0,0.0
2011-03-08,92.5199966430664,92.62000274658203,92.33999633789062,92.3499984741211,67.263916015625,538100,0.0,0.0,0.0
2011-03-09,92.55999755859375,93.05999755859375,92.44000244140625,92.88999938964844,67.65721130371094,626000,0.0,0.0,0.0
2011-03-10,93.13999938964844,93.68000030517578,93.0,93.68000030517578,68.23262023925781,1576500,0.0,0.0,0.0
2011-03-11,93.69000244140625,93.7300033569336,93.33000183105469,93.45999908447266,68.07239532470703,690300,0.0,0.0,0.0
2011-03-14,93.73999786376953,93.9800033569336,93.66999816894531,93.66999816894531,68.22532653808594,806200,0.0,0.0,0.0
2011-03-15,94.52999877929688,94.66000366210938,93.97000122070312,94.01000213623047,68.47300720214844,1661100,0.0,0.0,0.0
2011-03-16,94.4800033569336,95.29000091552734,94.31999969482422,94.80999755859375,69.05561828613281,1588800,0.0,0.0,0.0
2011-03-17,94.52999877929688,94.72000122070312,94.26000213623047,94.5199966430664,68.8443832397461,639900,0.0,0.0,0.0
2011-03-18,94.2300033569336,94.5199966430664,94.19999694824219,94.45999908447266,68.80073547363281,1513200,0.0,0.0,0.0
2011-03-21,94.1500015258789,94.18000030517578,93.73999786376953,93.97000122070312,68.4438247680664,1029000,0.0,0.0,0.0
2011-03-22,93.80000305175781,94.02999877929688,93.77999877929688,94.0199966430664,68.48020935058594,573500,0.0,0.0,0.0
2011-03-23,94.29000091552734,94.33000183105469,93.77999877929688,93.9000015258789,68.3928451538086,696900,0.0,0.0,0.0
2011-03-24,93.62999725341797,93.76000213623047,93.37999725341797,93.41999816894531,68.04320526123047,1098100,0.0,0.0,0.0
2011-03-25,93.58000183105469,93.62000274658203,93.0999984741211,93.16999816894531,67.86116027832031,782400,0.0,0.0,0.0
2011-03-28,93.04000091552734,93.27999877929688,92.94999694824219,93.19999694824219,67.88304901123047,634900,0.0,0.0,0.0
2011-03-29,93.08999633789062,93.33000183105469,92.80000305175781,92.93000030517578,67.68639373779297,1047300,0.0,0.0,0.0
2011-03-30,92.94999694824219,93.27999877929688,92.91999816894531,93.25,67.91937255859375,773500,0.0,0.0,0.0
2011-03-31,93.41000366210938,93.44000244140625,92.97000122070312,93.01000213623047,67.74459838867188,1093100,0.0,0.0,0.0
2011-04-01,92.54000091552734,92.95999908447266,92.51000213623047,92.95999908447266,67.88919067382812,1062700,0.248,0.0,0.0
2011-04-04,93.08999633789062,93.30999755859375,93.0199966430664,93.16999816894531,68.04257202148438,886100,0.0,0.0,0.0
2011-04-05,93.02999877929688,93.08999633789062,92.61000061035156,92.69999694824219,67.69937896728516,777000,0.0,0.0,0.0
2011-04-06,92.58000183105469,92.58000183105469,92.26000213623047,92.30000305175781,67.40719604492188,857500,0.0,0.0,0.0
2011-04-07,92.31999969482422,92.4800033569336,92.12000274658203,92.30999755859375,67.41448974609375,743800,0.0,0.0,0.0
2011-04-08,92.01000213623047,92.20999908447266,91.94000244140625,92.04000091552734,67.21730041503906,595100,0.0,0.0,0.0
2011-04-11,92.06999969482422,92.2699966430664,91.95999908447266,92.16000366210938,67.30496215820312,364200,0.0,0.0,0.0
2011-04-12,92.55000305175781,92.87000274658203,92.52999877929688,92.68000030517578,67.68467712402344,1055400,0.0,0.0,0.0
2011-04-13,92.48999786376953,93.04000091552734,92.45999908447266,93.04000091552734,67.94761657714844,678700,0.0,0.0,0.0
2011-04-14,93.19000244140625,93.19000244140625,92.7300033569336,92.7300033569336,67.7212142944336,1036300,0.0,0.0,0.0
2011-04-15,93.2699966430664,93.44999694824219,93.1500015258789,93.41000366210938,68.21785736083984,881400,0.0,0.0,0.0
2011-04-18,93.33999633789062,93.75,93.13999938964844,93.63999938964844,68.38579559326172,902400,0.0,0.0,0.0
2011-04-19,93.62999725341797,93.8499984741211,93.5999984741211,93.76000213623047,68.47344970703125,532000,0.0,0.0,0.0
2011-04-20,93.62999725341797,93.6500015258789,93.36000061035156,93.38999938964844,68.20323944091797,708200,0.0,0.0,0.0
2011-04-21,93.47000122070312,93.69000244140625,93.43000030517578,93.45999908447266,68.25439453125,670600,0.0,0.0,0.0
2011-04-25,93.56999969482422,93.81999969482422,93.5199966430664,93.79000091552734,68.49533081054688,826200,0.0,0.0,0.0
2011-04-26,93.9000015258789,94.19000244140625,93.8499984741211,94.19000244140625,68.7874526977539,519700,0.0,0.0,0.0
2011-04-27,93.87000274658203,93.97000122070312,93.66000366210938,93.91999816894531,68.59029388427734,1379500,0.0,0.0,0.0
2011-04-28,94.18000030517578,94.3499984741211,94.0,94.27999877929688,68.8531723022461,975600,0.0,0.0,0.0
2011-04-29,94.1500015258789,94.4800033569336,94.11000061035156,94.47000122070312,68.99195098876953,436000,0.0,0.0,0.0
2011-05-02,94.13999938964844,94.38999938964844,94.08000183105469,94.19999694824219,68.97074890136719,632300,0.241,0.0,0.0
2011-05-03,94.41000366210938,94.5,94.2699966430664,94.44999694824219,69.15377044677734,1660700,0.0,0.0,0.0
2011-05-04,94.45999908447266,94.77999877929688,94.45999908447266,94.69000244140625,69.32945251464844,1169500,0.0,0.0,0.0
2011-05-05,94.9000015258789,95.19000244140625,94.8499984741211,95.16000366210938,69.67367553710938,898400,0.0,0.0,0.0
2011-05-06,94.7699966430664,95.38999938964844,94.72000122070312,95.20999908447266,69.710205078125,1034800,0.0,0.0,0.0
2011-05-09,95.2300033569336,95.38999938964844,95.20999908447266,95.3499984741211,69.81270599365234,559600,0.0,0.0,0.0
2011-05-10,95.13999938964844,95.19999694824219,94.86000061035156,94.88999938964844,69.4759521484375,661600,0.0,0.0,0.0
2011-05-11,94.8499984741211,95.2699966430664,94.76000213623047,95.2300033569336,69.72492218017578,611100,0.0,0.0,0.0
2011-05-12,95.26000213623047,95.3499984741211,94.87999725341797,95.0199966430664,69.57113647460938,652000,0.0,0.0,0.0
2011-05-13,95.2699966430664,95.70999908447266,95.2300033569336,95.38999938964844,69.8420181274414,494100,0.0,0.0,0.0
2011-05-16,95.41999816894531,95.63999938964844,95.26000213623047,95.62000274658203,70.01039123535156,590800,0.0,0.0,0.0
2011-05-17,95.83000183105469,95.97000122070312,95.70999908447266,95.9000015258789,70.21542358398438,986400,0.0,0.0,0.0
2011-05-18,95.80000305175781,95.83000183105469,95.3499984741211,95.3499984741211,69.81270599365234,790700,0.0,0.0,0.0
2011-05-19,94.98999786376953,95.48999786376953,94.94999694824219,95.44999694824219,69.88600158691406,718000,0.0,0.0,0.0
2011-05-20,95.44999694824219,95.70999908447266,95.44000244140625,95.68000030517578,70.0543441772461,669600,0.0,0.0,0.0
2011-05-23,96.05999755859375,96.08999633789062,95.76000213623047,95.80999755859375,70.14952850341797,928000,0.0,0.0,0.0
2011-05-24,95.69000244140625,95.9800033569336,95.63999938964844,95.91000366210938,70.22270965576172,639300,0.0,0.0,0.0
2011-05-25,96.0199966430664,96.08000183105469,95.80000305175781,95.91999816894531,70.23005676269531,1345600,0.0,0.0,0.0
2011-05-26,96.05000305175781,96.44999694824219,96.0199966430664,96.44999694824219,70.61809539794922,806200,0.0,0.0,0.0
2011-05-27,96.33999633789062,96.51000213623047,96.30999755859375,96.44000244140625,70.61077117919922,943800,0.0,0.0,0.0
2011-05-31,96.2699966430664,96.62999725341797,96.22000122070312,96.58999633789062,70.72058868408203,2917900,0.0,0.0,0.0
2011-06-01,96.69999694824219,97.16999816894531,96.66000366210938,97.13999938964844,71.30345153808594,2997200,0.244,0.0,0.0
2011-06-02,96.75,97.0,96.55000305175781,96.55999755859375,70.87769317626953,1744400,0.0,0.0,0.0
2011-06-03,97.19000244140625,97.19000244140625,96.68000030517578,96.94000244140625,71.15665435791016,1531200,0.0,0.0,0.0
2011-06-06,96.70999908447266,96.97000122070312,96.62999725341797,96.87999725341797,71.11256408691406,1106900,0.0,0.0,0.0
2011-06-07,96.68000030517578,97.08000183105469,96.51000213623047,97.05999755859375,71.24474334716797,1710300,0.0,0.0,0.0
2011-06-08,97.12000274658203,97.41000366210938,97.08000183105469,97.2699966430664,71.39886474609375,1471600,0.0,0.0,0.0
2011-06-09,97.30000305175781,97.37999725341797,96.77999877929688,96.87999725341797,71.11256408691406,1016900,0.0,0.0,0.0
2011-06-10,97.11000061035156,97.37999725341797,97.0999984741211,97.19000244140625,71.34013366699219,1020500,0.0,0.0,0.0
2011-06-13,96.95999908447266,97.31999969482422,96.9000015258789,96.9800033569336,71.18600463867188,1009900,0.0,0.0,0.0
2011-06-14,96.47000122070312,96.55000305175781,96.19999694824219,96.20999908447266,70.62077331542969,2088800,0.0,0.0,0.0
2011-06-15,96.44999694824219,97.26000213623047,96.44999694824219,97.25,71.38416290283203,1352300,0.0,0.0,0.0
2011-06-16,97.37999725341797,97.66999816894531,97.22000122070312,97.5199966430664,71.58238220214844,1958400,0.0,0.0,0.0
2011-06-17,97.30999755859375,97.51000213623047,97.23999786376953,97.44999694824219,71.53099060058594,998000,0.0,0.0,0.0
2011-06-20,97.58000183105469,97.58000183105469,97.16000366210938,97.30000305175781,71.42089080810547,774100,0.0,0.0,0.0
2011-06-21,97.2300033569336,97.33000183105469,97.0,97.16999816894531,71.32547760009766,1064900,0.0,0.0,0.0
2011-06-22,97.38999938964844,97.44999694824219,96.98999786376953,97.12999725341797,71.29611206054688,1119300,0.0,0.0,0.0
2011-06-23,97.55999755859375,97.87000274658203,97.55999755859375,97.63999938964844,71.67048645019531,1264700,0.0,0.0,0.0
2011-06-24,97.69000244140625,98.19000244140625,97.66999816894531,98.05000305175781,71.97142791748047,997200,0.0,0.0,0.0
2011-06-27,98.12999725341797,98.1500015258789,97.62000274658203,97.66999816894531,71.69248962402344,1185700,0.0,0.0,0.0
2011-06-28,97.5199966430664,97.55000305175781,96.58999633789062,96.7699966430664,71.0318603515625,1315300,0.0,0.0,0.0
2011-06-29,96.58000183105469,96.66999816894531,96.12999725341797,96.19000244140625,70.6061019897461,1376300,0.0,0.0,0.0
2011-06-30,96.4000015258789,96.41000366210938,95.5199966430664,95.86000061035156,70.36387634277344,1948200,0.0,0.0,0.0
2011-07-01,95.76000213623047,95.80000305175781,95.25,95.38999938964844,70.18801879882812,1921800,0.231,0.0,0.0
2011-07-05,95.79000091552734,96.0199966430664,95.73999786376953,95.98999786376953,70.62950897216797,2896800,0.0,0.0,0.0
2011-07-06,96.2300033569336,96.4000015258789,96.08000183105469,96.16000366210938,70.75457763671875,1234900,0.0,0.0,0.0
2011-07-07,95.83000183105469,95.86000061035156,95.6500015258789,95.79000091552734,70.4823226928711,1289100,0.0,0.0,0.0
2011-07-08,96.58000183105469,96.9000015258789,96.54000091552734,96.80999755859375,71.23287200927734,1278100,0.0,0.0,0.0
2011-07-11,97.25,97.55999755859375,97.12999725341797,97.55000305175781,71.77733612060547,1158800,0.0,0.0,0.0
2011-07-12,97.69000244140625,97.72000122070312,97.36000061035156,97.69000244140625,71.88037109375,1205400,0.0,0.0,0.0
2011-07-13,97.48999786376953,97.86000061035156,97.30000305175781,97.8499984741211,71.99810791015625,1247900,0.0,0.0,0.0
2011-07-14,97.48999786376953,97.72000122070312,97.27999877929688,97.29000091552734,71.5860824584961,959000,0.0,0.0,0.0
2011-07-15,97.1500015258789,97.73999786376953,97.12999725341797,97.69000244140625,71.88037109375,874200,0.0,0.0,0.0
2011-07-18,97.77999877929688,97.9000015258789,97.55999755859375,97.62999725341797,71.83625030517578,883600,0.0,0.0,0.0
2011-07-19,97.52999877929688,98.0,97.44000244140625,98.0,72.10844421386719,1211400,0.0,0.0,0.0
2011-07-20,97.70999908447266,97.77999877929688,97.47000122070312,97.5199966430664,71.75528717041016,752900,0.0,0.0,0.0
2011-07-21,97.29000091552734,97.4000015258789,96.79000091552734,96.9800033569336,71.35794830322266,1211000,0.0,0.0,0.0
2011-07-22,97.19000244140625,97.36000061035156,97.13999938964844,97.3499984741211,71.63021087646484,813700,0.0,0.0,0.0
2011-07-25,97.0,97.5199966430664,96.91999816894531,97.04000091552734,71.40210723876953,1541700,0.0,0.0,0.0
2011-07-26,97.19000244140625,97.56999969482422,97.1500015258789,97.44999694824219,71.70380401611328,655600,0.0,0.0,0.0
2011-07-27,97.30999755859375,97.54000091552734,97.06999969482422,97.29000091552734,71.5860824584961,1066600,0.0,0.0,0.0
2011-07-28,97.58999633789062,97.63999938964844,97.4000015258789,97.4800033569336,71.72586822509766,671500,0.0,0.0,0.0
2011-07-29,98.02999877929688,98.79000091552734,98.0,98.66000366210938,72.5941162109375,1602200,0.0,0.0,0.0
2011-08-01,98.30999755859375,98.98999786376953,98.30000305175781,98.77999877929688,72.85816192626953,2389600,0.238,0.0,0.0
2011-08-02,99.12000274658203,99.79000091552734,98.94000244140625,99.69000244140625,73.52934265136719,2287600,0.0,0.0,0.0
2011-08-03,99.69000244140625,100.12999725341797,99.58999633789062,99.7699966430664,73.58837127685547,1922600,0.0,0.0,0.0
2011-08-04,99.91000366210938,101.11000061035156,99.87000274658203,101.08999633789062,74.56197357177734,2813700,0.0,0.0,0.0
2011-08-05,100.30000305175781,100.9000015258789,99.79000091552734,99.91999816894531,73.6989974975586,3041500,0.0,0.0,0.0
2011-08-08,100.61000061035156,101.63999938964844,100.54000091552734,101.51000213623047,74.87171936035156,5178100,0.0,0.0,0.0
2011-08-09,101.20999908447266,103.76000213623047,101.0,102.0999984741211,75.30692291259766,3768400,0.0,0.0,0.0
2011-08-10,102.8499984741211,103.69000244140625,102.4800033569336,103.44999694824219,76.30265045166016,2768900,0.0,0.0,0.0
2011-08-11,102.7699966430664,103.02999877929688,101.66999816894531,101.93000030517578,75.18155670166016,2344700,0.0,0.0,0.0
2011-08-12,102.25,102.69000244140625,102.12999725341797,102.63999938964844,75.70521545410156,1176300,0.0,0.0,0.0
2011-08-15,102.52999877929688,102.72000122070312,102.25,102.26000213623047,75.42496490478516,986300,0.0,0.0,0.0
2011-08-16,102.30999755859375,103.02999877929688,102.29000091552734,102.7300033569336,75.77161407470703,2025400,0.0,0.0,0.0
2011-08-17,102.91000366210938,103.44999694824219,102.62000274658203,103.44999694824219,76.30265045166016,826200,0.0,0.0,0.0
2011-08-18,104.13999938964844,104.72000122070312,103.75,103.98999786376953,76.70098114013672,2211800,0.0,0.0,0.0
2011-08-19,103.97000122070312,104.0999984741211,103.62000274658203,104.0999984741211,76.78203582763672,683200,0.0,0.0,0.0
2011-08-22,103.63999938964844,103.94999694824219,103.58000183105469,103.91000366210938,76.64192962646484,913600,0.0,0.0,0.0
2011-08-23,103.5999984741211,104.12999725341797,103.45999908447266,103.48999786376953,76.33214569091797,1414200,0.0,0.0,0.0
2011-08-24,103.33000183105469,103.3499984741211,102.37999725341797,102.37999725341797,75.51350402832031,1089800,0.0,0.0,0.0
2011-08-25,102.6500015258789,103.12000274658203,102.55999755859375,103.01000213623047,75.97815704345703,1391200,0.0,0.0,0.0
2011-08-26,103.47000122070312,103.7699966430664,103.0199966430664,103.33999633789062,76.22148895263672,1080300,0.0,0.0,0.0
2011-08-29,102.52999877929688,102.8499984741211,102.52999877929688,102.66000366210938,75.71998596191406,1106000,0.0,0.0,0.0
2011-08-30,103.19000244140625,103.58000183105469,103.16000366210938,103.37000274658203,76.24368286132812,693800,0.0,0.0,0.0
2011-08-31,103.61000061035156,103.62000274658203,102.9800033569336,103.0,75.97076416015625,1069300,0.0,0.0,0.0
2011-09-01,103.05000305175781,103.5999984741211,102.5,103.58999633789062,76.57615661621094,1566800,0.229,0.0,0.0
2011-09-02,104.25,104.66000366210938,104.01000213623047,104.54000091552734,77.2784194946289,1137900,0.0,0.0,0.0
2011-09-06,105.01000213623047,105.05999755859375,104.58000183105469,104.68000030517578,77.38189697265625,1200500,0.0,0.0,0.0
2011-09-07,104.2699966430664,104.48999786376953,104.04000091552734,104.12000274658203,76.96793365478516,945800,0.0,0.0,0.0
2011-09-08,104.44999694824219,104.66000366210938,104.19000244140625,104.62999725341797,77.34498596191406,935700,0.0,0.0,0.0
2011-09-09,104.81999969482422,105.29000091552734,104.73999786376953,105.13999938964844,77.72195434570312,1014200,0.0,0.0,0.0
2011-09-12,105.04000091552734,105.18000030517578,104.80000305175781,104.81999969482422,77.48540496826172,2177800,0.0,0.0,0.0
2011-09-13,104.70999908447266,104.80999755859375,104.41999816894531,104.51000213623047,77.2562484741211,932600,0.0,0.0,0.0
2011-09-14,104.51000213623047,104.80999755859375,104.30000305175781,104.56999969482422,77.30056762695312,1214000,0.0,0.0,0.0
2011-09-15,103.79000091552734,103.9800033569336,103.5999984741211,103.79000091552734,76.72400665283203,1037900,0.0,0.0,0.0
2011-09-16,103.58999633789062,104.0199966430664,103.55000305175781,103.98999786376953,76.87186431884766,699000,0.0,0.0,0.0
2011-09-19,104.76000213623047,105.02999877929688,104.69999694824219,104.83999633789062,77.50013732910156,896500,0.0,0.0,0.0
2011-09-20,104.81999969482422,104.9800033569336,104.70999908447266,104.9800033569336,77.60368347167969,1005000,0.0,0.0,0.0
2011-09-21,104.94000244140625,105.56999969482422,104.79000091552734,105.43000030517578,77.93638610839844,929500,0.0,0.0,0.0
2011-09-22,106.30999755859375,106.66000366210938,106.0,106.41000366210938,78.6607437133789,3436500,0.0,0.0,0.0
2011-09-23,106.3499984741211,106.44000244140625,105.5199966430664,105.52999877929688,78.0102767944336,1764700,0.0,0.0,0.0
2011-09-26,105.33999633789062,105.5,105.0,105.08999633789062,77.68502044677734,1214800,0.0,0.0,0.0
2011-09-27,104.33000183105469,104.51000213623047,104.16999816894531,104.38999938964844,77.16756439208984,1159700,0.0,0.0,0.0
2011-09-28,104.30999755859375,104.41000366210938,103.80000305175781,104.41000366210938,77.18231201171875,1270500,0.0,0.0,0.0
2011-09-29,104.2300033569336,104.69999694824219,104.0999984741211,104.41000366210938,77.18231201171875,1096000,0.0,0.0,0.0
2011-09-30,105.06999969482422,105.16999816894531,104.69999694824219,105.06999969482422,77.67021179199219,1604500,0.0,0.0,0.0
2011-10-03,105.08000183105469,105.83000183105469,104.97000122070312,105.83000183105469,78.38939666748047,2105600,0.211,0.0,0.0
2011-10-04,106.05999755859375,106.26000213623047,105.29000091552734,105.29000091552734,77.98948669433594,2056100,0.0,0.0,0.0
2011-10-05,105.18000030517578,105.23999786376953,104.76000213623047,104.8499984741211,77.66351318359375,1174300,0.0,0.0,0.0
2011-10-06,104.58000183105469,104.70999908447266,104.08999633789062,104.12000274658203,77.12284088134766,1336400,0.0,0.0,0.0
2011-10-07,103.58000183105469,103.87999725341797,103.25,103.58000183105469,76.72285461425781,2276300,0.0,0.0,0.0
2011-10-10,102.69000244140625,102.93000030517578,102.12999725341797,102.48999786376953,75.91549682617188,803900,0.0,0.0,0.0
2011-10-11,102.9800033569336,103.06999969482422,102.72000122070312,102.83000183105469,76.16727447509766,978400,0.0,0.0,0.0
2011-10-12,102.41000366210938,102.6500015258789,102.05000305175781,102.4800033569336,75.90809631347656,2324400,0.0,0.0,0.0
2011-10-13,102.80000305175781,103.23999786376953,102.69999694824219,102.88999938964844,76.21177673339844,1474100,0.0,0.0,0.0
2011-10-14,102.36000061035156,102.58999633789062,102.2300033569336,102.37999725341797,75.833984375,703100,0.0,0.0,0.0
2011-10-17,102.55999755859375,103.08000183105469,102.55999755859375,103.05000305175781,76.33030700683594,1274600,0.0,0.0,0.0
2011-10-18,103.16000366210938,103.44999694824219,102.70999908447266,102.94000244140625,76.24878692626953,912600,0.0,0.0,0.0
2011-10-19,102.80999755859375,103.29000091552734,102.73999786376953,103.0999984741211,76.36727905273438,733400,0.0,0.0,0.0
2011-10-20,102.97000122070312,103.44999694824219,102.61000061035156,102.88999938964844,76.21177673339844,700200,0.0,0.0,0.0
2011-10-21,102.80000305175781,102.98999786376953,102.5199966430664,102.69999694824219,76.0710220336914,1276000,0.0,0.0,0.0
2011-10-24,102.76000213623047,102.80999755859375,102.52999877929688,102.6500015258789,76.03396606445312,1381500,0.0,0.0,0.0
2011-10-25,102.55999755859375,103.56999969482422,102.55000305175781,103.52999877929688,76.685791015625,1020200,0.0,0.0,0.0
2011-10-26,103.23999786376953,103.48999786376953,102.75,102.7699966430664,76.12286376953125,989900,0.0,0.0,0.0
2011-10-27,102.13999938964844,102.31999969482422,101.36000061035156,101.52999877929688,75.20442199707031,1636600,0.0,0.0,0.0
2011-10-28,101.9000015258789,102.2699966430664,101.87999725341797,102.13999938964844,75.65618133544922,936300,0.0,0.0,0.0
2011-10-31,102.79000091552734,103.51000213623047,102.73999786376953,103.51000213623047,76.67095947265625,1182700,0.0,0.0,0.0
2011-11-01,104.2300033569336,104.58000183105469,103.86000061035156,104.54000091552734,77.59058380126953,2251700,0.209,0.0,0.0
2011-11-02,103.9000015258789,104.4000015258789,103.81999969482422,104.29000091552734,77.40501403808594,1088000,0.0,0.0,0.0
2011-11-03,103.80000305175781,104.16999816894531,103.70999908447266,103.80000305175781,77.0413589477539,739700,0.0,0.0,0.0
2011-11-04,103.81999969482422,104.20999908447266,103.76000213623047,104.11000061035156,77.27140045166016,735400,0.0,0.0,0.0
2011-11-07,104.05000305175781,104.6500015258789,103.97000122070312,104.2300033569336,77.36051177978516,844100,0.0,0.0,0.0
2011-11-08,104.11000061035156,104.4000015258789,103.69000244140625,103.76000213623047,77.01166534423828,418300,0.0,0.0,0.0
2011-11-09,104.62999725341797,104.88999938964844,103.7699966430664,104.68000030517578,77.69446563720703,760300,0.0,0.0,0.0
2011-11-10,104.25,104.52999877929688,103.83999633789062,104.16999816894531,77.31600189208984,664200,0.0,0.0,0.0
2011-11-11,103.88999938964844,103.91000366210938,103.58000183105469,103.69000244140625,76.95970153808594,323600,0.0,0.0,0.0
2011-11-14,104.08000183105469,104.41000366210938,104.02999877929688,104.33999633789062,77.44213104248047,586500,0.0,0.0,0.0
2011-11-15,104.4000015258789,104.66999816894531,104.08999633789062,104.19999694824219,77.33822631835938,480100,0.0,0.0,0.0
2011-11-16,104.51000213623047,104.5999984741211,104.23999786376953,104.58000183105469,77.62024688720703,335200,0.0,0.0,0.0
2011-11-17,104.41000366210938,105.01000213623047,104.33000183105469,104.79000091552734,77.776123046875,805500,0.0,0.0,0.0
2011-11-18,104.61000061035156,104.70999908447266,104.25,104.4000015258789,77.48670196533203,1883100,0.0,0.0,0.0
2011-11-21,104.75,104.91000366210938,104.63999938964844,104.69000244140625,77.70193481445312,692300,0.0,0.0,0.0
2011-11-22,104.79000091552734,105.02999877929688,104.55999755859375,105.01000213623047,77.93941497802734,2619500,0.0,0.0,0.0
2011-11-23,104.77999877929688,105.43000030517578,104.70999908447266,105.37000274658203,78.20660400390625,2189500,0.0,0.0,0.0
2011-11-25,104.9800033569336,104.9800033569336,104.68000030517578,104.69999694824219,77.7093734741211,466700,0.0,0.0,0.0
2011-11-28,103.95999908447266,104.83999633789062,103.91999816894531,104.70999908447266,77.71676635742188,1286600,0.0,0.0,0.0
2011-11-29,104.38999938964844,104.76000213623047,104.12999725341797,104.51000213623047,77.56832885742188,602100,0.0,0.0,0.0
2011-11-30,104.02999877929688,104.19999694824219,103.80999755859375,103.9000015258789,77.11557006835938,962800,0.0,0.0,0.0
2011-12-01,103.5,103.87999725341797,103.29000091552734,103.66999816894531,77.09326934814453,1027100,0.2,0.0,0.0
2011-12-02,103.48999786376953,104.16999816894531,103.47000122070312,104.12999725341797,77.43531036376953,892400,0.0,0.0,0.0
2011-12-05,103.56999969482422,104.20999908447266,103.56999969482422,104.06999969482422,77.39071655273438,979100,0.0,0.0,0.0
2011-12-06,103.7699966430664,104.0199966430664,103.6500015258789,103.80000305175781,77.18997955322266,543000,0.0,0.0,0.0
2011-12-07,104.01000213623047,104.3499984741211,103.91000366210938,104.2699966430664,77.53945922851562,739300,0.0,0.0,0.0
2011-12-08,104.2300033569336,104.80999755859375,104.12000274658203,104.80000305175781,77.93360900878906,658200,0.0,0.0,0.0
2011-12-09,104.70999908447266,104.7699966430664,104.08000183105469,104.08000183105469,77.39815521240234,961100,0.0,0.0,0.0
2011-12-12,104.47000122070312,104.68000030517578,104.37000274658203,104.44000244140625,77.66587829589844,1068900,0.0,0.0,0.0
2011-12-13,104.23999786376953,105.01000213623047,104.1500015258789,104.91999816894531,78.02281951904297,512500,0.0,0.0,0.0
2011-12-14,105.0199966430664,105.37999725341797,104.91000366210938,105.36000061035156,78.35004425048828,760100,0.0,0.0,0.0
2011-12-15,105.05000305175781,105.37000274658203,105.02999877929688,105.2699966430664,78.28307342529297,968900,0.0,0.0,0.0
2011-12-16,105.43000030517578,105.9000015258789,105.43000030517578,105.77999877929688,78.662353515625,748700,0.0,0.0,0.0
2011-12-19,105.75,106.18000030517578,105.68000030517578,106.13999938964844,78.93006896972656,1126600,0.0,0.0,0.0
2011-12-20,105.69999694824219,105.69999694824219,105.18000030517578,105.18000030517578,78.21614074707031,1365000,0.0,0.0,0.0
2011-12-21,105.31999969482422,105.37000274658203,104.83000183105469,104.83999633789062,77.96332550048828,479000,0.0,0.0,0.0
2011-12-22,105.1500015258789,105.31999969482422,104.94000244140625,104.97000122070312,78.06000518798828,731900,0.0,0.0,0.0
2011-12-23,104.72000122070312,104.77999877929688,104.37999725341797,104.54000091552734,77.74027252197266,435500,0.0,0.0,0.0
2011-12-27,104.43000030517578,104.44000244140625,104.25,104.41000366210938,77.7841796875,616500,0.189,0.0,0.0
2011-12-28,104.58000183105469,105.18000030517578,104.54000091552734,105.06999969482422,78.2758560180664,919900,0.0,0.0,0.0
2011-12-29,105.02999877929688,105.31999969482422,104.91000366210938,105.19999694824219,78.37273406982422,556000,0.0,0.0,0.0
2011-12-30,105.33000183105469,106.04000091552734,105.27999877929688,105.56999969482422,78.64832305908203,1230000,0.0,0.0,0.0
2012-01-03,104.9000015258789,105.19000244140625,104.7699966430664,104.9000015258789,78.14920806884766,1297700,0.0,0.0,0.0
2012-01-04,104.88999938964844,104.93000030517578,104.44999694824219,104.56999969482422,77.90338897705078,1789000,0.0,0.0,0.0
2012-01-05,104.66000366210938,105.01000213623047,104.5199966430664,104.58999633789062,77.91829681396484,1311300,0.0,0.0,0.0
2012-01-06,104.72000122070312,105.05999755859375,104.72000122070312,105.0,78.22371673583984,998200,0.0,0.0,0.0
2012-01-09,104.94000244140625,105.2699966430664,104.9000015258789,105.0199966430664,78.23858642578125,379900,0.0,0.0,0.0
2012-01-10,104.73999786376953,105.01000213623047,104.69000244140625,104.80999755859375,78.0821762084961,1636100,0.0,0.0,0.0
2012-01-11,105.08000183105469,105.44999694824219,105.08000183105469,105.41999816894531,78.53668212890625,931600,0.0,0.0,0.0
2012-01-12,105.36000061035156,105.41000366210938,105.08999633789062,105.19999694824219,78.37273406982422,685000,0.0,0.0,0.0
2012-01-13,105.69999694824219,105.91000366210938,105.63999938964844,105.66999816894531,78.72285461425781,554000,0.0,0.0,0.0
2012-01-17,105.62000274658203,105.83000183105469,105.5999984741211,105.7699966430664,78.7973861694336,1158100,0.0,0.0,0.0
2012-01-18,105.91999816894531,105.91999816894531,105.38999938964844,105.44000244140625,78.55150604248047,455200,0.0,0.0,0.0
2012-01-19,105.2300033569336,105.30000305175781,104.69000244140625,104.80999755859375,78.0821762084961,1587200,0.0,0.0,0.0
2012-01-20,104.61000061035156,104.77999877929688,104.41999816894531,104.44999694824219,77.81397247314453,650600,0.0,0.0,0.0
2012-01-23,104.13999938964844,104.31999969482422,104.0,104.22000122070312,77.64263916015625,734000,0.0,0.0,0.0
2012-01-24,104.33999633789062,104.33999633789062,104.05000305175781,104.33999633789062,77.7320327758789,1388100,0.0,0.0,0.0
2012-01-25,104.27999877929688,105.44000244140625,104.2300033569336,104.83999633789062,78.10453033447266,1149200,0.0,0.0,0.0
2012-01-26,105.12000274658203,105.45999908447266,105.12000274658203,105.4000015258789,78.52169799804688,1055000,0.0,0.0,0.0
2012-01-27,105.55999755859375,105.75,105.37000274658203,105.72000122070312,78.76011657714844,767600,0.0,0.0,0.0
2012-01-30,106.0999984741211,106.30999755859375,106.0199966430664,106.08000183105469,79.02832794189453,1152400,0.0,0.0,0.0
2012-01-31,105.93000030517578,106.48999786376953,105.93000030517578,106.4800033569336,79.3263168334961,1001800,0.0,0.0,0.0
2012-02-01,106.04000091552734,106.08000183105469,105.83999633789062,105.91999816894531,79.0509262084961,1698800,0.191,0.0,0.0
2012-02-02,105.9800033569336,106.12999725341797,105.87999725341797,106.06999969482422,79.16287994384766,839900,0.0,0.0,0.0
2012-02-03,105.27999877929688,105.41000366210938,105.08999633789062,105.2300033569336,78.5359878540039,1112600,0.0,0.0,0.0
2012-02-06,105.2699966430664,105.58999633789062,105.1500015258789,105.5199966430664,78.75244903564453,2968500,0.0,0.0,0.0
2012-02-07,105.06999969482422,105.1500015258789,104.76000213623047,104.83999633789062,78.2448501586914,1164900,0.0,0.0,0.0
2012-02-08,104.83000183105469,105.0,104.7300033569336,104.88999938964844,78.28218078613281,404800,0.0,0.0,0.0
2012-02-09,104.69999694824219,104.80000305175781,104.37999725341797,104.6500015258789,78.1030502319336,1802500,0.0,0.0,0.0
2012-02-10,105.1500015258789,105.33999633789062,105.0199966430664,105.23999786376953,78.54341125488281,1322600,0.0,0.0,0.0
2012-02-13,105.04000091552734,105.30000305175781,105.0,105.16999816894531,78.49117279052734,299300,0.0,0.0,0.0
2012-02-14,105.31999969482422,105.55000305175781,105.2300033569336,105.38999938964844,78.65541076660156,615500,0.0,0.0,0.0
2012-02-15,105.36000061035156,105.68000030517578,105.3499984741211,105.47000122070312,78.71503448486328,344100,0.0,0.0,0.0
2012-02-16,105.20999908447266,105.33999633789062,104.80999755859375,104.98999786376953,78.35684204101562,1540500,0.0,0.0,0.0
2012-02-17,104.66999816894531,104.91999816894531,104.63999938964844,104.87999725341797,78.27477264404297,653600,0.0,0.0,0.0
2012-02-21,104.66999816894531,104.70999908447266,104.37000274658203,104.5,77.99112701416016,635300,0.0,0.0,0.0
2012-02-22,104.66000366210938,105.0,104.66000366210938,104.91000366210938,78.29713439941406,538200,0.0,0.0,0.0
2012-02-23,104.81999969482422,105.19000244140625,104.68000030517578,105.05999755859375,78.40906524658203,805900,0.0,0.0,0.0
2012-02-24,105.12999725341797,105.20999908447266,105.05999755859375,105.13999938964844,78.46875762939453,360100,0.0,0.0,0.0
2012-02-27,105.5999984741211,105.66000366210938,105.44999694824219,105.48999786376953,78.7300033569336,588600,0.0,0.0,0.0
2012-02-28,105.69000244140625,105.80000305175781,105.45999908447266,105.54000091552734,78.76736450195312,817900,0.0,0.0,0.0
2012-02-29,105.5,105.52999877929688,104.98999786376953,105.12000274658203,78.4538345336914,787500,0.0,0.0,0.0
2012-03-01,104.4800033569336,104.63999938964844,104.33999633789062,104.61000061035156,78.19969177246094,1185200,0.17,0.0,0.0
2012-03-02,104.7300033569336,105.0999984741211,104.7300033569336,105.02999877929688,78.5136489868164,360100,0.0,0.0,0.0
2012-03-05,104.94000244140625,105.08999633789062,104.77999877929688,104.81999969482422,78.35669708251953,1406100,0.0,0.0,0.0
2012-03-06,105.2300033569336,105.41999816894531,105.19999694824219,105.26000213623047,78.68560028076172,605800,0.0,0.0,0.0
2012-03-07,105.20999908447266,105.25,105.01000213623047,105.05999755859375,78.5361099243164,436100,0.0,0.0,0.0
2012-03-08,104.97000122070312,105.06999969482422,104.70999908447266,104.75,78.3043441772461,329900,0.0,0.0,0.0
2012-03-09,104.62999725341797,104.70999908447266,104.43000030517578,104.66999816894531,78.24452209472656,286800,0.0,0.0,0.0
2012-03-12,104.86000061035156,104.9000015258789,104.63999938964844,104.63999938964844,78.22210693359375,503100,0.0,0.0,0.0
2012-03-13,104.4000015258789,104.44000244140625,103.87000274658203,103.88999938964844,77.66146087646484,618600,0.0,0.0,0.0
2012-03-14,103.38999938964844,103.44000244140625,102.62000274658203,102.69999694824219,76.77189636230469,1733100,0.0,0.0,0.0
2012-03-15,102.56999969482422,102.9000015258789,102.56999969482422,102.66999816894531,76.74947357177734,2302300,0.0,0.0,0.0
2012-03-16,102.23999786376953,102.6500015258789,102.1500015258789,102.63999938964844,76.72702026367188,681200,0.0,0.0,0.0
2012-03-19,102.5,102.55999755859375,101.83000183105469,102.01000213623047,76.2561264038086,1133200,0.0,0.0,0.0
2012-03-20,102.11000061035156,102.25,101.7699966430664,102.05999755859375,76.29347229003906,769100,0.0,0.0,0.0
2012-03-21,102.2699966430664,102.62999725341797,102.26000213623047,102.58000183105469,76.68222045898438,458100,0.0,0.0,0.0
2012-03-22,102.81999969482422,102.9000015258789,102.62999725341797,102.70999908447266,76.77935791015625,326200,0.0,0.0,0.0
2012-03-23,102.9800033569336,103.25,102.94999694824219,103.08999633789062,77.06343078613281,396100,0.0,0.0,0.0
2012-03-26,103.0199966430664,103.12999725341797,102.66999816894531,102.97000122070312,76.97370910644531,471700,0.0,0.0,0.0
2012-03-27,103.16000366210938,103.61000061035156,103.13999938964844,103.54000091552734,77.39979553222656,579200,0.0,0.0,0.0
2012-03-28,103.36000061035156,103.73999786376953,103.36000061035156,103.36000061035156,77.2652587890625,314700,0.0,0.0,0.0
2012-03-29,103.7300033569336,103.79000091552734,103.56999969482422,103.79000091552734,77.58672332763672,727700,0.0,0.0,0.0
2012-03-30,103.7699966430664,103.91000366210938,103.1500015258789,103.27999877929688,77.2054214477539,502600,0.0,0.0,0.0
2012-04-02,103.52999877929688,103.54000091552734,103.25,103.3499984741211,77.39042663574219,1433800,0.177,0.0,0.0
2012-04-03,103.51000213623047,103.69000244140625,102.51000213623047,102.58999633789062,76.82129669189453,833100,0.0,0.0,0.0
2012-04-04,103.01000213623047,103.12000274658203,102.9000015258789,103.11000061035156,77.21070098876953,461300,0.0,0.0,0.0
2012-04-05,103.56999969482422,103.5999984741211,103.29000091552734,103.56999969482422,77.5551528930664,456400,0.0,0.0,0.0
2012-04-09,104.66000366210938,104.76000213623047,104.52999877929688,104.62999725341797,78.34896087646484,573700,0.0,0.0,0.0
2012-04-10,104.80000305175781,105.19999694824219,104.72000122070312,105.12000274658203,78.7158432006836,900500,0.0,0.0,0.0
2012-04-11,104.70999908447266,104.83000183105469,104.61000061035156,104.70999908447266,78.40884399414062,435000,0.0,0.0,0.0
2012-04-12,104.79000091552734,104.81999969482422,104.47000122070312,104.5,78.25159454345703,451500,0.0,0.0,0.0
2012-04-13,104.9000015258789,105.1500015258789,104.87000274658203,105.12999725341797,78.72330474853516,461400,0.0,0.0,0.0
2012-04-16,105.08999633789062,105.41999816894531,105.05000305175781,105.0999984741211,78.70086669921875,1179600,0.0,0.0,0.0
2012-04-17,104.97000122070312,105.08000183105469,104.87999725341797,104.98999786376953,78.61851501464844,923400,0.0,0.0,0.0
2012-04-18,105.13999938964844,105.2300033569336,105.08000183105469,105.19999694824219,78.77574920654297,502900,0.0,0.0,0.0
2012-04-19,105.30999755859375,105.4000015258789,105.2699966430664,105.31999969482422,78.8656005859375,408800,0.0,0.0,0.0
2012-04-20,105.12999725341797,105.33000183105469,105.06999969482422,105.33000183105469,78.87308502197266,377500,0.0,0.0,0.0
2012-04-23,105.5999984741211,105.72000122070312,105.51000213623047,105.54000091552734,79.03034973144531,746600,0.0,0.0,0.0
2012-04-24,105.43000030517578,105.45999908447266,105.25,105.2699966430664,78.82815551757812,506100,0.0,0.0,0.0
2012-04-25,105.0199966430664,105.31999969482422,104.7699966430664,105.13999938964844,78.73082733154297,681200,0.0,0.0,0.0
2012-04-26,105.5,105.52999877929688,105.30999755859375,105.48999786376953,78.99292755126953,314300,0.0,0.0,0.0
2012-04-27,105.41999816894531,105.61000061035156,105.41000366210938,105.5999984741211,79.07528686523438,368100,0.0,0.0,0.0
2012-04-30,105.69000244140625,105.80999755859375,105.63999938964844,105.69000244140625,79.14265441894531,1820300,0.0,0.0,0.0
2012-05-01,105.66000366210938,105.69999694824219,105.22000122070312,105.33000183105469,78.99864959716797,864100,0.168,0.0,0.0
2012-05-02,105.56999969482422,105.61000061035156,105.38999938964844,105.52999877929688,79.14871978759766,1030200,0.0,0.0,0.0
2012-05-03,105.30999755859375,105.58000183105469,105.30999755859375,105.5199966430664,79.1412124633789,360000,0.0,0.0,0.0
2012-05-04,105.68000030517578,105.94000244140625,105.66999816894531,105.94000244140625,79.4561767578125,814100,0.0,0.0,0.0
2012-05-07,105.9800033569336,106.04000091552734,105.87000274658203,105.91000366210938,79.4337387084961,490800,0.0,0.0,0.0
2012-05-08,106.12000274658203,106.37999725341797,106.0999984741211,106.1500015258789,79.61368560791016,522300,0.0,0.0,0.0
2012-05-09,106.44000244140625,106.5,106.13999938964844,106.23999786376953,79.68118286132812,961400,0.0,0.0,0.0
2012-05-10,106.0,106.12999725341797,105.8499984741211,106.08999633789062,79.56866455078125,347000,0.0,0.0,0.0
2012-05-11,106.44000244140625,106.47000122070312,106.2699966430664,106.44000244140625,79.83116912841797,403500,0.0,0.0,0.0
2012-05-14,106.87999725341797,107.0,106.7300033569336,106.91000366210938,80.18367004394531,650200,0.0,0.0,0.0
2012-05-15,106.83999633789062,107.0,106.76000213623047,106.94000244140625,80.2061996459961,922100,0.0,0.0,0.0
2012-05-16,106.6500015258789,107.08000183105469,106.62000274658203,107.0199966430664,80.26618957519531,761600,0.0,0.0,0.0
2012-05-17,106.91999816894531,107.43000030517578,106.9000015258789,107.41999816894531,80.56619262695312,764000,0.0,0.0,0.0
2012-05-18,107.0999984741211,107.44000244140625,107.06999969482422,107.3499984741211,80.5136947631836,831900,0.0,0.0,0.0
2012-05-21,107.18000030517578,107.26000213623047,107.06999969482422,107.06999969482422,80.30368041992188,791600,0.0,0.0,0.0
2012-05-22,106.79000091552734,106.94000244140625,106.62999725341797,106.83999633789062,80.13115692138672,538300,0.0,0.0,0.0
2012-05-23,107.12999725341797,107.4000015258789,107.08000183105469,107.12000274658203,80.3412094116211,658000,0.0,0.0,0.0
2012-05-24,106.95999908447266,107.04000091552734,106.8499984741211,106.88999938964844,80.16868591308594,417700,0.0,0.0,0.0
2012-05-25,107.11000061035156,107.25,107.05999755859375,107.19999694824219,80.40116882324219,370400,0.0,0.0,0.0
2012-05-29,107.26000213623047,107.47000122070312,107.11000061035156,107.11000061035156,80.33367156982422,865400,0.0,0.0,0.0
2012-05-30,107.8499984741211,108.20999908447266,107.80999755859375,108.12999725341797,81.09870147705078,645600,0.0,0.0,0.0
2012-05-31,108.33999633789062,108.88999938964844,108.30000305175781,108.55000305175781,81.4137191772461,2994300,0.0,0.0,0.0
2012-06-01,109.05999755859375,109.37000274658203,108.91000366210938,109.30999755859375,82.1130599975586,2186400,0.171,0.0,0.0
2012-06-04,108.83999633789062,108.98999786376953,108.63999938964844,108.68000030517578,81.63982391357422,849500,0.0,0.0,0.0
2012-06-05,108.51000213623047,108.6500015258789,108.30999755859375,108.31999969482422,81.36937713623047,836700,0.0,0.0,0.0
2012-06-06,108.29000091552734,108.31999969482422,107.58000183105469,107.61000061035156,80.83602905273438,1492800,0.0,0.0,0.0
2012-06-07,107.58000183105469,107.94000244140625,107.51000213623047,107.87000274658203,81.03133392333984,631800,0.0,0.0,0.0
2012-06-08,108.38999938964844,108.43000030517578,107.86000061035156,107.94999694824219,81.09143829345703,468000,0.0,0.0,0.0
2012-06-11,107.70999908447266,108.31999969482422,107.70999908447266,108.23999786376953,81.30925750732422,1050900,0.0,0.0,0.0
2012-06-12,107.91999816894531,108.0999984741211,107.63999938964844,107.66000366210938,80.87358093261719,569700,0.0,0.0,0.0
2012-06-13,107.8499984741211,108.30999755859375,107.70999908447266,108.2300033569336,81.30175018310547,1332100,0.0,0.0,0.0
2012-06-14,108.16000366210938,108.25,107.83000183105469,107.94000244140625,81.08399200439453,802600,0.0,0.0,0.0
2012-06-15,108.38999938964844,108.54000091552734,108.26000213623047,108.44000244140625,81.45954132080078,769400,0.0,0.0,0.0
2012-06-18,108.45999908447266,108.52999877929688,108.23999786376953,108.41000366210938,81.43697357177734,718800,0.0,0.0,0.0
2012-06-19,108.16999816894531,108.20999908447266,107.87999725341797,108.04000091552734,81.15902709960938,1536800,0.0,0.0,0.0
2012-06-20,107.69999694824219,108.12000274658203,107.52999877929688,107.81999969482422,80.99376678466797,913100,0.0,0.0,0.0
2012-06-21,107.93000030517578,108.19999694824219,107.87000274658203,108.05000305175781,81.16657257080078,1655900,0.0,0.0,0.0
2012-06-22,107.62999725341797,107.81999969482422,107.56999969482422,107.58000183105469,80.81351470947266,1770300,0.0,0.0,0.0
2012-06-25,107.98999786376953,108.18000030517578,107.9800033569336,108.16999816894531,81.25672912597656,594900,0.0,0.0,0.0
2012-06-26,107.9000015258789,108.12000274658203,107.81999969482422,107.93000030517578,81.07637023925781,2395600,0.0,0.0,0.0
2012-06-27,108.06999969482422,108.12000274658203,107.8499984741211,108.08000183105469,81.1890640258789,3445300,0.0,0.0,0.0
2012-06-28,108.47000122070312,108.54000091552734,108.3499984741211,108.43000030517578,81.4520263671875,413400,0.0,0.0,0.0
2012-06-29,107.81999969482422,108.04000091552734,107.77999877929688,107.93000030517578,81.07637023925781,646900,0.0,0.0,0.0
2012-07-02,108.0,108.54000091552734,107.9800033569336,108.2699966430664,81.45256042480469,1580800,0.16,0.0,0.0
2012-07-03,108.25,108.2699966430664,107.94999694824219,108.0,81.24942016601562,588000,0.0,0.0,0.0
2012-07-05,108.13999938964844,108.36000061035156,108.08000183105469,108.29000091552734,81.46760559082031,1602600,0.0,0.0,0.0
2012-07-06,108.62000274658203,108.76000213623047,108.55999755859375,108.66999816894531,81.75350952148438,1146900,0.0,0.0,0.0
2012-07-09,108.7699966430664,108.98999786376953,108.73999786376953,108.97000122070312,81.97917938232422,495300,0.0,0.0,0.0
2012-07-10,108.88999938964844,109.08000183105469,108.86000061035156,109.0199966430664,82.01680755615234,631900,0.0,0.0,0.0
2012-07-11,109.06999969482422,109.33999633789062,108.87999725341797,108.91999816894531,81.94156646728516,825800,0.0,0.0,0.0
2012-07-12,109.08000183105469,109.19999694824219,109.04000091552734,109.16999816894531,82.129638671875,840400,0.0,0.0,0.0
2012-07-13,109.12999725341797,109.12999725341797,108.91000366210938,109.08000183105469,82.06192779541016,307900,0.0,0.0,0.0
2012-07-16,109.41999816894531,109.54000091552734,109.27999877929688,109.31999969482422,82.24246215820312,349400,0.0,0.0,0.0
2012-07-17,109.1500015258789,109.30000305175781,109.0,109.04000091552734,82.03179931640625,637900,0.0,0.0,0.0
2012-07-18,109.22000122070312,109.27999877929688,109.12999725341797,109.1500015258789,82.1146469116211,606000,0.0,0.0,0.0
2012-07-19,109.05999755859375,109.19999694824219,108.94000244140625,108.98999786376953,81.99422454833984,949100,0.0,0.0,0.0
2012-07-20,109.29000091552734,109.5,109.29000091552734,109.41999816894531,82.31775665283203,250900,0.0,0.0,0.0
2012-07-23,109.73999786376953,109.7699966430664,109.5199966430664,109.5999984741211,82.45320129394531,1675600,0.0,0.0,0.0
2012-07-24,109.44000244140625,109.88999938964844,109.41999816894531,109.80999755859375,82.61112213134766,905500,0.0,0.0,0.0
2012-07-25,109.76000213623047,109.87999725341797,109.69000244140625,109.87000274658203,82.6562728881836,1246800,0.0,0.0,0.0
2012-07-26,109.66000366210938,109.73999786376953,109.5,109.52999877929688,82.40048217773438,742000,0.0,0.0,0.0
2012-07-27,109.18000030517578,109.18000030517578,108.36000061035156,108.73999786376953,81.80621337890625,1072300,0.0,0.0,0.0
2012-07-30,108.77999877929688,109.12000274658203,108.70999908447266,109.08999633789062,82.06945037841797,666000,0.0,0.0,0.0
2012-07-31,109.26000213623047,109.31999969482422,108.94000244140625,109.27999877929688,82.21239471435547,2209700,0.0,0.0,0.0
2012-08-01,108.83999633789062,109.05000305175781,108.55000305175781,108.72000122070312,81.91251373291016,977300,0.162,0.0,0.0
2012-08-02,109.05000305175781,109.27999877929688,108.93000030517578,108.9800033569336,82.10843658447266,620000,0.0,0.0,0.0
2012-08-03,108.5199966430664,108.62999725341797,108.19000244140625,108.41000366210938,81.6789779663086,765500,0.0,0.0,0.0
2012-08-06,108.4800033569336,108.66000366210938,108.43000030517578,108.4800033569336,81.73173522949219,850800,0.0,0.0,0.0
2012-08-07,107.9800033569336,108.0199966430664,107.79000091552734,107.91000366210938,81.30226135253906,1228200,0.0,0.0,0.0
2012-08-08,107.94999694824219,108.05999755859375,107.68000030517578,107.76000213623047,81.18925476074219,862800,0.0,0.0,0.0
2012-08-09,107.62999725341797,107.83000183105469,107.41999816894531,107.68000030517578,81.12897491455078,833700,0.0,0.0,0.0
2012-08-10,108.13999938964844,108.18000030517578,107.68000030517578,107.98999786376953,81.36249542236328,466900,0.0,0.0,0.0
2012-08-13,108.0999984741211,108.19000244140625,107.91999816894531,107.91999816894531,81.30976104736328,729500,0.0,0.0,0.0
2012-08-14,107.5,107.62999725341797,107.38999938964844,107.38999938964844,80.91048431396484,642100,0.0,0.0,0.0
2012-08-15,107.13999938964844,107.20999908447266,106.80000305175781,106.8499984741211,80.50360107421875,934600,0.0,0.0,0.0
2012-08-16,106.87999725341797,106.9800033569336,106.43000030517578,106.58999633789062,80.30774688720703,861400,0.0,0.0,0.0
2012-08-17,106.68000030517578,106.9000015258789,106.68000030517578,106.72000122070312,80.4056625366211,784300,0.0,0.0,0.0
2012-08-20,106.69999694824219,106.91999816894531,106.68000030517578,106.77999877929688,80.450927734375,1000100,0.0,0.0,0.0
2012-08-21,106.66999816894531,106.88999938964844,106.41999816894531,106.87000274658203,80.51866912841797,684500,0.0,0.0,0.0
2012-08-22,107.26000213623047,107.69999694824219,107.18000030517578,107.69999694824219,81.14405822753906,730600,0.0,0.0,0.0
2012-08-23,107.86000061035156,108.01000213623047,107.69999694824219,107.88999938964844,81.28717803955078,440200,0.0,0.0,0.0
2012-08-24,108.06999969482422,108.13999938964844,107.80000305175781,107.83999633789062,81.24952697753906,311500,0.0,0.0,0.0
2012-08-27,108.01000213623047,108.12999725341797,107.9800033569336,108.12000274658203,81.46054077148438,467400,0.0,0.0,0.0
2012-08-28,108.19000244140625,108.37000274658203,108.13999938964844,108.16000366210938,81.4906234741211,615000,0.0,0.0,0.0
2012-08-29,108.16000366210938,108.16000366210938,107.91999816894531,108.08999633789062,81.43787384033203,764700,0.0,0.0,0.0
2012-08-30,108.3499984741211,108.44999694824219,108.27999877929688,108.29000091552734,81.58851623535156,642200,0.0,0.0,0.0
2012-08-31,108.29000091552734,108.98999786376953,108.22000122070312,108.98999786376953,82.11592102050781,912700,0.0,0.0,0.0
2012-09-04,108.5999984741211,108.83000183105469,108.5199966430664,108.58999633789062,81.92814636230469,1200200,0.151,0.0,0.0
2012-09-05,108.55999755859375,108.68000030517578,108.44000244140625,108.55000305175781,81.8979263305664,782300,0.0,0.0,0.0
2012-09-06,108.05999755859375,108.08000183105469,107.79000091552734,107.80999755859375,81.33961486816406,1376700,0.0,0.0,0.0
2012-09-07,108.52999877929688,108.56999969482422,107.94999694824219,107.94999694824219,81.44527435302734,2748500,0.0,0.0,0.0
2012-09-10,108.04000091552734,108.0999984741211,107.81999969482422,108.0,81.48294067382812,1614100,0.0,0.0,0.0
2012-09-11,107.93000030517578,107.94999694824219,107.70999908447266,107.80000305175781,81.33202362060547,375200,0.0,0.0,0.0
2012-09-12,107.38999938964844,107.80000305175781,107.19999694824219,107.2699966430664,80.93219757080078,660700,0.0,0.0,0.0
2012-09-13,107.55999755859375,107.7699966430664,106.7699966430664,107.58000183105469,81.16603088378906,1458700,0.0,0.0,0.0
2012-09-14,106.9800033569336,107.58000183105469,106.41999816894531,106.56999969482422,80.40406799316406,1050800,0.0,0.0,0.0
2012-09-17,106.66999816894531,106.95999908447266,106.6500015258789,106.79000091552734,80.570068359375,745300,0.0,0.0,0.0
2012-09-18,107.22000122070312,107.27999877929688,107.01000213623047,107.05999755859375,80.77375030517578,578700,0.0,0.0,0.0
2012-09-19,107.36000061035156,107.41000366210938,107.18000030517578,107.30999755859375,80.96238708496094,437200,0.0,0.0,0.0
2012-09-20,107.69000244140625,107.73999786376953,107.23999786376953,107.37000274658203,81.00765228271484,422300,0.0,0.0,0.0
2012-09-21,107.26000213623047,107.61000061035156,107.2300033569336,107.5999984741211,81.18121337890625,682000,0.0,0.0,0.0
2012-09-24,107.73999786376953,107.93000030517578,107.73999786376953,107.83999633789062,81.36222839355469,943800,0.0,0.0,0.0
2012-09-25,107.94999694824219,108.25,107.69999694824219,108.23999786376953,81.66401672363281,471900,0.0,0.0,0.0
2012-09-26,108.48999786376953,108.69000244140625,108.43000030517578,108.69000244140625,82.0035171508789,444600,0.0,0.0,0.0
2012-09-27,108.43000030517578,108.54000091552734,108.31999969482422,108.45999908447266,81.83007049560547,295400,0.0,0.0,0.0
2012-09-28,108.58000183105469,108.69999694824219,108.36000061035156,108.45999908447266,81.83007049560547,612500,0.0,0.0,0.0
2012-10-01,108.41000366210938,108.54000091552734,108.2300033569336,108.5199966430664,81.98187255859375,1213500,0.141,0.0,0.0
2012-10-02,108.30000305175781,108.55999755859375,108.29000091552734,108.44999694824219,81.92900085449219,846500,0.0,0.0,0.0
2012-10-03,108.44000244140625,108.55999755859375,108.30000305175781,108.55999755859375,82.0120620727539,938000,0.0,0.0,0.0
2012-10-04,108.31999969482422,108.41999816894531,108.08999633789062,108.12999725341797,81.68719482421875,376700,0.0,0.0,0.0
2012-10-05,107.76000213623047,107.80999755859375,107.56999969482422,107.63999938964844,81.31709289550781,805200,0.0,0.0,0.0
2012-10-08,107.87999725341797,108.01000213623047,107.86000061035156,107.98999786376953,81.58152770996094,403700,0.0,0.0,0.0
2012-10-09,107.69999694824219,107.94999694824219,107.68000030517578,107.7699966430664,81.41523742675781,387200,0.0,0.0,0.0
2012-10-10,107.5999984741211,108.06999969482422,107.52999877929688,108.02999877929688,81.61166381835938,318100,0.0,0.0,0.0
2012-10-11,107.69000244140625,108.13999938964844,107.62999725341797,108.12999725341797,81.68719482421875,1217500,0.0,0.0,0.0
2012-10-12,108.20999908447266,108.37999725341797,108.11000061035156,108.13999938964844,81.69479370117188,427900,0.0,0.0,0.0
2012-10-15,108.18000030517578,108.25,108.05999755859375,108.16999816894531,81.71749877929688,635000,0.0,0.0,0.0
2012-10-16,107.93000030517578,107.93000030517578,107.66000366210938,107.66000366210938,81.3321533203125,585500,0.0,0.0,0.0
2012-10-17,107.33999633789062,107.37999725341797,106.94000244140625,106.9800033569336,80.8185043334961,597300,0.0,0.0,0.0
2012-10-18,107.08000183105469,107.18000030517578,106.75,106.79000091552734,80.6749496459961,1157500,0.0,0.0,0.0
2012-10-19,106.94999694824219,107.33999633789062,106.91999816894531,107.23999786376953,81.01488494873047,808100,0.0,0.0,0.0
2012-10-22,107.02999877929688,107.12999725341797,106.87999725341797,106.87999725341797,80.74295806884766,760000,0.0,0.0,0.0
2012-10-23,107.19999694824219,107.38999938964844,107.19999694824219,107.38999938964844,81.12821197509766,414600,0.0,0.0,0.0
2012-10-24,107.1500015258789,107.31999969482422,107.08999633789062,107.16000366210938,80.9544677734375,682400,0.0,0.0,0.0
2012-10-25,106.6500015258789,107.04000091552734,106.58999633789062,106.7699966430664,80.65983581542969,437300,0.0,0.0,0.0
2012-10-26,107.13999938964844,107.45999908447266,107.11000061035156,107.44999694824219,81.1734848022461,414800,0.0,0.0,0.0
2012-10-31,107.69000244140625,107.9800033569336,107.6500015258789,107.88999938964844,81.50590515136719,728100,0.0,0.0,0.0
2012-11-01,107.63999938964844,107.68000030517578,107.4000015258789,107.52999877929688,81.34329986572266,918300,0.145,0.0,0.0
2012-11-02,107.29000091552734,107.63999938964844,107.25,107.62000274658203,81.411376953125,527200,0.0,0.0,0.0
2012-11-05,107.83999633789062,107.98999786376953,107.80999755859375,107.87999725341797,81.60800170898438,805400,0.0,0.0,0.0
2012-11-06,107.79000091552734,107.86000061035156,107.37000274658203,107.38999938964844,81.23736572265625,486000,0.0,0.0,0.0
2012-11-07,108.33000183105469,108.54000091552734,108.19999694824219,108.29000091552734,81.91824340820312,979800,0.0,0.0,0.0
2012-11-08,108.2699966430664,108.79000091552734,108.1500015258789,108.7699966430664,82.28131103515625,514700,0.0,0.0,0.0
2012-11-09,108.70999908447266,108.81999969482422,108.55000305175781,108.77999877929688,82.28888702392578,368200,0.0,0.0,0.0
2012-11-12,108.77999877929688,108.87000274658203,108.69999694824219,108.8499984741211,82.34184265136719,267900,0.0,0.0,0.0
2012-11-13,108.98999786376953,109.0,108.80999755859375,108.9800033569336,82.44017791748047,1608900,0.0,0.0,0.0
2012-11-14,108.69999694824219,109.02999877929688,108.66999816894531,109.01000213623047,82.4628677368164,1477300,0.0,0.0,0.0
2012-11-15,108.79000091552734,109.06999969482422,108.7699966430664,108.95999908447266,82.425048828125,1448500,0.0,0.0,0.0
2012-11-16,108.94000244140625,109.19999694824219,108.91000366210938,109.02999877929688,82.47798919677734,578100,0.0,0.0,0.0
2012-11-19,108.72000122070312,108.81999969482422,108.68000030517578,108.80999755859375,82.31159210205078,712300,0.0,0.0,0.0
2012-11-20,108.63999938964844,108.69999694824219,108.36000061035156,108.36000061035156,81.97120666503906,970700,0.0,0.0,0.0
2012-11-21,108.19999694824219,108.27999877929688,108.16000366210938,108.19999694824219,81.8501205444336,291500,0.0,0.0,0.0
2012-11-23,108.19999694824219,108.20999908447266,108.12999725341797,108.13999938964844,81.80473327636719,466000,0.0,0.0,0.0
2012-11-26,108.4000015258789,108.5199966430664,108.29000091552734,108.31999969482422,81.94091033935547,1522400,0.0,0.0,0.0
2012-11-27,108.38999938964844,108.58000183105469,108.33000183105469,108.56999969482422,82.12999725341797,579100,0.0,0.0,0.0
2012-11-28,108.7699966430664,108.87000274658203,108.66000366210938,108.70999908447266,82.2359390258789,1057500,0.0,0.0,0.0
2012-11-29,108.70999908447266,108.86000061035156,108.6500015258789,108.81999969482422,82.31916046142578,814200,0.0,0.0,0.0
2012-11-30,108.9000015258789,108.91000366210938,108.76000213623047,108.80000305175781,82.30401611328125,557800,0.0,0.0,0.0
2012-12-03,108.44000244140625,108.63999938964844,108.37000274658203,108.62000274658203,82.27141571044922,750400,0.137,0.0,0.0
2012-12-04,108.69000244140625,108.81999969482422,108.66000366210938,108.80999755859375,82.41535186767578,479300,0.0,0.0,0.0
2012-12-05,108.91999816894531,109.05999755859375,108.87000274658203,108.9000015258789,82.4835433959961,505500,0.0,0.0,0.0
2012-12-06,109.0999984741211,109.1500015258789,108.94999694824219,108.95999908447266,82.5289535522461,443700,0.0,0.0,0.0
2012-12-07,108.69000244140625,108.86000061035156,108.62999725341797,108.6500015258789,82.29418182373047,515700,0.0,0.0,0.0
2012-12-10,108.79000091552734,108.81999969482422,108.6500015258789,108.75,82.36990356445312,707500,0.0,0.0,0.0
2012-12-11,108.51000213623047,108.55000305175781,108.41999816894531,108.54000091552734,82.21087646484375,734300,0.0,0.0,0.0
2012-12-12,108.41999816894531,108.5999984741211,108.08000183105469,108.08000183105469,81.86241149902344,1165600,0.0,0.0,0.0
2012-12-13,107.94999694824219,108.0999984741211,107.80000305175781,107.87000274658203,81.70338439941406,862900,0.0,0.0,0.0
2012-12-14,108.0,108.1500015258789,108.0,108.11000061035156,81.8851547241211,380700,0.0,0.0,0.0
2012-12-17,108.01000213623047,108.02999877929688,107.51000213623047,107.54000091552734,81.45342254638672,660100,0.0,0.0,0.0
2012-12-18,107.4800033569336,107.54000091552734,107.0,107.12000274658203,81.13529205322266,846400,0.0,0.0,0.0
2012-12-19,107.2699966430664,107.52999877929688,107.22000122070312,107.2699966430664,81.24888610839844,675300,0.0,0.0,0.0
2012-12-20,107.41999816894531,107.58000183105469,107.29000091552734,107.33999633789062,81.3019027709961,377100,0.0,0.0,0.0
2012-12-21,107.73999786376953,107.80999755859375,107.61000061035156,107.62999725341797,81.5216064453125,499200,0.0,0.0,0.0
2012-12-24,107.55000305175781,107.58000183105469,107.5,107.5199966430664,81.43827819824219,903400,0.0,0.0,0.0
2012-12-26,107.48999786376953,107.63999938964844,107.4800033569336,107.58999633789062,81.6058349609375,780000,0.151,0.0,0.0
2012-12-27,107.54000091552734,108.0199966430664,107.5199966430664,107.80999755859375,81.77275085449219,446700,0.0,0.0,0.0
2012-12-28,108.01000213623047,108.06999969482422,107.9000015258789,108.05999755859375,81.96235656738281,552200,0.0,0.0,0.0
2012-12-31,107.91000366210938,107.95999908447266,107.44999694824219,107.48999786376953,81.53004455566406,1742800,0.0,0.0,0.0
2013-01-02,107.0,107.1500015258789,106.94999694824219,107.0,81.15837860107422,2561300,0.0,0.0,0.0
2013-01-03,107.02999877929688,107.05000305175781,106.44000244140625,106.44999694824219,80.7412338256836,2131900,0.0,0.0,0.0
2013-01-04,106.33999633789062,106.5,106.20999908447266,106.5,80.7791519165039,975400,0.0,0.0,0.0
2013-01-07,106.5,106.5999984741211,106.41999816894531,106.55999755859375,80.82469177246094,1387400,0.0,0.0,0.0
2013-01-08,106.70999908447266,106.83999633789062,106.69000244140625,106.81999969482422,81.02185821533203,364200,0.0,0.0,0.0
2013-01-09,106.8499984741211,106.9800033569336,106.73999786376953,106.87999725341797,81.06736755371094,517700,0.0,0.0,0.0
2013-01-10,106.58000183105469,106.7699966430664,106.52999877929688,106.56999969482422,80.83224487304688,689100,0.0,0.0,0.0
2013-01-11,106.41000366210938,106.91000366210938,106.37000274658203,106.91000366210938,81.0901107788086,553900,0.0,0.0,0.0
2013-01-14,107.0199966430664,107.05999755859375,106.8499984741211,106.87000274658203,81.05975341796875,971700,0.0,0.0,0.0
2013-01-15,107.22000122070312,107.2699966430664,107.08999633789062,107.12999725341797,81.2569580078125,428800,0.0,0.0,0.0
2013-01-16,107.30000305175781,107.33999633789062,107.1500015258789,107.2699966430664,81.3631591796875,534000,0.0,0.0,0.0
2013-01-17,106.83999633789062,106.91000366210938,106.66999816894531,106.77999877929688,80.99153137207031,436100,0.0,0.0,0.0
2013-01-18,106.95999908447266,107.12999725341797,106.93000030517578,107.08000183105469,81.21907043457031,560100,0.0,0.0,0.0
2013-01-22,106.87000274658203,107.22000122070312,106.8499984741211,107.16999816894531,81.28732299804688,595400,0.0,0.0,0.0
2013-01-23,107.25,107.3499984741211,107.1500015258789,107.22000122070312,81.32527160644531,603600,0.0,0.0,0.0
2013-01-24,107.13999938964844,107.16000366210938,106.91000366210938,107.04000091552734,81.188720703125,376300,0.0,0.0,0.0
2013-01-25,106.52999877929688,106.62999725341797,106.26000213623047,106.33000183105469,80.65019989013672,570600,0.0,0.0,0.0
2013-01-28,105.88999938964844,106.13999938964844,105.88999938964844,106.11000061035156,80.48333740234375,1328000,0.0,0.0,0.0
2013-01-29,106.1500015258789,106.31999969482422,105.93000030517578,105.94999694824219,80.36199951171875,480600,0.0,0.0,0.0
2013-01-30,105.87000274658203,106.02999877929688,105.72000122070312,106.01000213623047,80.40753936767578,453200,0.0,0.0,0.0
2013-01-31,106.11000061035156,106.11000061035156,105.93000030517578,106.0999984741211,80.47575378417969,902500,0.0,0.0,0.0
2013-02-01,106.41000366210938,106.43000030517578,105.55999755859375,105.5999984741211,80.20232391357422,2587800,0.14,0.0,0.0
2013-02-04,105.93000030517578,106.2699966430664,105.88999938964844,106.20999908447266,80.66560363769531,693400,0.0,0.0,0.0
2013-02-05,105.80999755859375,105.87999725341797,105.7300033569336,105.83000183105469,80.3770523071289,797700,0.0,0.0,0.0
2013-02-06,106.05999755859375,106.19999694824219,105.94999694824219,106.1500015258789,80.62007904052734,816800,0.0,0.0,0.0
2013-02-07,106.1500015258789,106.44999694824219,106.13999938964844,106.19999694824219,80.65804290771484,970000,0.0,0.0,0.0
2013-02-08,106.22000122070312,106.31999969482422,105.97000122070312,106.27999877929688,80.71882629394531,952800,0.0,0.0,0.0
2013-02-11,106.19999694824219,106.30999755859375,106.16999816894531,106.16999816894531,80.63526153564453,558800,0.0,0.0,0.0
2013-02-12,106.01000213623047,106.16999816894531,105.9800033569336,106.05999755859375,80.55170440673828,531500,0.0,0.0,0.0
2013-02-13,105.72000122070312,105.87000274658203,105.63999938964844,105.69000244140625,80.2706527709961,610700,0.0,0.0,0.0
2013-02-14,105.94999694824219,106.1500015258789,105.80999755859375,106.13999938964844,80.6124496459961,988000,0.0,0.0,0.0
2013-02-15,106.04000091552734,106.0999984741211,105.8499984741211,106.04000091552734,80.53650665283203,681700,0.0,0.0,0.0
2013-02-19,106.19000244140625,106.20999908447266,105.86000061035156,105.87000274658203,80.40741729736328,498800,0.0,0.0,0.0
2013-02-20,105.83000183105469,106.12000274658203,105.79000091552734,106.0999984741211,80.58209991455078,869900,0.0,0.0,0.0
2013-02-21,106.33000183105469,106.5,106.27999877929688,106.30999755859375,80.74158477783203,681000,0.0,0.0,0.0
2013-02-22,106.33999633789062,106.4800033569336,106.33000183105469,106.44000244140625,80.8403091430664,412800,0.0,0.0,0.0
2013-02-25,106.16999816894531,107.26000213623047,106.16000366210938,107.26000213623047,81.46311950683594,2909000,0.0,0.0,0.0
2013-02-26,107.05999755859375,107.37999725341797,106.9800033569336,107.05999755859375,81.31119537353516,860900,0.0,0.0,0.0
2013-02-27,107.33999633789062,107.37000274658203,106.91999816894531,107.01000213623047,81.27318572998047,398800,0.0,0.0,0.0
2013-02-28,107.12000274658203,107.16999816894531,106.98999786376953,107.16000366210938,81.38712310791016,534400,0.0,0.0,0.0
2013-03-01,107.19000244140625,107.33000183105469,107.11000061035156,107.30000305175781,81.59017181396484,876500,0.127,0.0,0.0
2013-03-04,107.22000122070312,107.26000213623047,107.05000305175781,107.05000305175781,81.40007019042969,572600,0.0,0.0,0.0
2013-03-05,106.97000122070312,107.01000213623047,106.81999969482422,106.94000244140625,81.31641387939453,224700,0.0,0.0,0.0
2013-03-06,106.62000274658203,106.77999877929688,106.5999984741211,106.5999984741211,81.05791473388672,1091700,0.0,0.0,0.0
2013-03-07,106.41000366210938,106.43000030517578,106.16999816894531,106.19000244140625,80.74610900878906,804500,0.0,0.0,0.0
2013-03-08,105.63999938964844,105.83999633789062,105.56999969482422,105.6500015258789,80.3355484008789,1651900,0.0,0.0,0.0
2013-03-11,105.75,105.80000305175781,105.6500015258789,105.69999694824219,80.37354278564453,1465800,0.0,0.0,0.0
2013-03-12,105.86000061035156,106.05000305175781,105.8499984741211,105.98999786376953,80.5940170288086,525300,0.0,0.0,0.0
2013-03-13,105.80000305175781,106.01000213623047,105.72000122070312,105.9000015258789,80.52561950683594,1116500,0.0,0.0,0.0
2013-03-14,105.69000244140625,106.01000213623047,105.66000366210938,105.93000030517578,80.54840850830078,557400,0.0,0.0,0.0
2013-03-15,105.98999786376953,106.31999969482422,105.98999786376953,106.30000305175781,80.82979583740234,1184700,0.0,0.0,0.0
2013-03-18,106.68000030517578,106.69000244140625,106.48999786376953,106.6500015258789,81.09591674804688,1442000,0.0,0.0,0.0
2013-03-19,106.7699966430664,107.11000061035156,106.73999786376953,106.9800033569336,81.34687042236328,545300,0.0,0.0,0.0
2013-03-20,106.69999694824219,106.83000183105469,106.55999755859375,106.56999969482422,81.03506469726562,742800,0.0,0.0,0.0
2013-03-21,106.8499984741211,106.86000061035156,106.68000030517578,106.8499984741211,81.24799346923828,669700,0.0,0.0,0.0
2013-03-22,106.91999816894531,106.94999694824219,106.68000030517578,106.88999938964844,81.27838134765625,297000,0.0,0.0,0.0
2013-03-25,106.70999908447266,107.12000274658203,106.68000030517578,106.97000122070312,81.33922576904297,319500,0.0,0.0,0.0
2013-03-26,106.75,107.12000274658203,106.7300033569336,107.08000183105469,81.42284393310547,546300,0.0,0.0,0.0
2013-03-27,107.45999908447266,107.66000366210938,107.45999908447266,107.54000091552734,81.77259063720703,623700,0.0,0.0,0.0
2013-03-28,107.43000030517578,107.56999969482422,107.31999969482422,107.33999633789062,81.62059783935547,378400,0.0,0.0,0.0
2013-04-01,107.22000122070312,107.55000305175781,107.22000122070312,107.4800033569336,81.83760070800781,2471100,0.145,0.0,0.0
2013-04-02,107.31999969482422,107.3499984741211,107.22000122070312,107.2699966430664,81.67768096923828,984900,0.0,0.0,0.0
2013-04-03,107.41000366210938,107.81999969482422,107.41000366210938,107.72000122070312,82.02030181884766,1234000,0.0,0.0,0.0
2013-04-04,107.91000366210938,108.16000366210938,107.87999725341797,108.1500015258789,82.34774017333984,584800,0.0,0.0,0.0
2013-04-05,108.52999877929688,108.69999694824219,108.43000030517578,108.48999786376953,82.60663604736328,663800,0.0,0.0,0.0
2013-04-08,108.43000030517578,108.51000213623047,108.12999725341797,108.13999938964844,82.34013366699219,858200,0.0,0.0,0.0
2013-04-09,108.31999969482422,108.37999725341797,108.12000274658203,108.18000030517578,82.37061309814453,507800,0.0,0.0,0.0
2013-04-10,107.94000244140625,107.97000122070312,107.70999908447266,107.7300033569336,82.0279541015625,340900,0.0,0.0,0.0
2013-04-11,107.8499984741211,107.97000122070312,107.79000091552734,107.8499984741211,82.11934661865234,1132200,0.0,0.0,0.0
2013-04-12,108.25,108.44999694824219,108.12999725341797,108.44999694824219,82.57611846923828,827700,0.0,0.0,0.0
2013-04-15,108.4000015258789,108.69000244140625,108.36000061035156,108.69000244140625,82.75894927978516,587300,0.0,0.0,0.0
2013-04-16,108.3499984741211,108.51000213623047,108.33000183105469,108.37999725341797,82.52288818359375,1226700,0.0,0.0,0.0
2013-04-17,108.44000244140625,108.80999755859375,108.4000015258789,108.58000183105469,82.67517852783203,988300,0.0,0.0,0.0
2013-04-18,108.66000366210938,108.76000213623047,108.56999969482422,108.63999938964844,82.72083282470703,705600,0.0,0.0,0.0
2013-04-19,108.58000183105469,108.58000183105469,108.48999786376953,108.58000183105469,82.67517852783203,750500,0.0,0.0,0.0
2013-04-22,108.62999725341797,108.75,108.58000183105469,108.63999938964844,82.72083282470703,379900,0.0,0.0,0.0
2013-04-23,108.7699966430664,109.04000091552734,108.54000091552734,108.56999969482422,82.66755676269531,449800,0.0,0.0,0.0
2013-04-24,108.55999755859375,108.69000244140625,108.55000305175781,108.62000274658203,82.70561218261719,279400,0.0,0.0,0.0
2013-04-25,108.47000122070312,108.54000091552734,108.38999938964844,108.5,82.61424255371094,293300,0.0,0.0,0.0
2013-04-26,108.77999877929688,108.91999816894531,108.75,108.88999938964844,82.91119384765625,433300,0.0,0.0,0.0
2013-04-29,108.95999908447266,108.98999786376953,108.83000183105469,108.8499984741211,82.8807601928711,810000,0.0,0.0,0.0
2013-04-30,109.01000213623047,109.13999938964844,108.79000091552734,108.83000183105469,82.8654556274414,752700,0.0,0.0,0.0
2013-05-01,108.91999816894531,109.16999816894531,108.91999816894531,109.05000305175781,83.13614654541016,803600,0.135,0.0,0.0
2013-05-02,108.98999786376953,109.05999755859375,108.93000030517578,109.05000305175781,83.13614654541016,921300,0.0,0.0,0.0
2013-05-03,108.47000122070312,108.5,108.05000305175781,108.12000274658203,82.4271469116211,879500,0.0,0.0,0.0
2013-05-06,108.1500015258789,108.19000244140625,107.88999938964844,107.9800033569336,82.32040405273438,434000,0.0,0.0,0.0
2013-05-07,107.80999755859375,107.94000244140625,107.80999755859375,107.83000183105469,82.20606231689453,544000,0.0,0.0,0.0
2013-05-08,107.93000030517578,108.08999633789062,107.9000015258789,107.95999908447266,82.30520629882812,1114400,0.0,0.0,0.0
2013-05-09,108.04000091552734,108.23999786376953,107.91000366210938,107.94000244140625,82.28993225097656,587300,0.0,0.0,0.0
2013-05-10,107.75,107.75,107.08000183105469,107.33000183105469,81.82489776611328,529700,0.0,0.0,0.0
2013-05-13,107.0999984741211,107.16999816894531,107.06999969482422,107.13999938964844,81.6800537109375,417600,0.0,0.0,0.0
2013-05-14,107.27999877929688,107.31999969482422,106.66999816894531,106.70999908447266,81.35218048095703,876900,0.0,0.0,0.0
2013-05-15,107.02999877929688,107.12999725341797,106.7300033569336,106.98999786376953,81.56565856933594,768200,0.0,0.0,0.0
2013-05-16,107.23999786376953,107.62000274658203,107.22000122070312,107.5,81.95445251464844,697900,0.0,0.0,0.0
2013-05-17,107.33000183105469,107.37000274658203,106.9000015258789,106.91999816894531,81.51229858398438,365800,0.0,0.0,0.0
2013-05-20,107.08999633789062,107.12000274658203,106.7300033569336,106.83999633789062,81.4513168334961,1440000,0.0,0.0,0.0
2013-05-21,106.80000305175781,107.13999938964844,106.58000183105469,107.12000274658203,81.66478729248047,530600,0.0,0.0,0.0
2013-05-22,107.19999694824219,107.43000030517578,106.22000122070312,106.2699966430664,81.01676940917969,1797400,0.0,0.0,0.0
2013-05-23,106.61000061035156,106.63999938964844,106.12999725341797,106.37999725341797,81.10064697265625,950100,0.0,0.0,0.0
2013-05-24,106.5,106.68000030517578,106.36000061035156,106.41999816894531,81.13111877441406,349800,0.0,0.0,0.0
2013-05-28,106.08000183105469,106.1500015258789,105.1500015258789,105.16999816894531,80.17818450927734,1157000,0.0,0.0,0.0
2013-05-29,105.25,105.5999984741211,105.19000244140625,105.5999984741211,80.50598907470703,1588400,0.0,0.0,0.0
2013-05-30,105.56999969482422,105.75,105.41000366210938,105.61000061035156,80.51361083984375,578000,0.0,0.0,0.0
2013-05-31,105.70999908447266,105.75,104.83000183105469,105.31999969482422,80.29249572753906,1639400,0.0,0.0,0.0
2013-06-03,104.9800033569336,105.83999633789062,104.22000122070312,105.33000183105469,80.40858459472656,3269200,0.142,0.0,0.0
2013-06-04,105.08999633789062,105.31999969482422,105.01000213623047,105.05999755859375,80.2024154663086,1235100,0.0,0.0,0.0
2013-06-05,105.29000091552734,105.61000061035156,105.25,105.56999969482422,80.59175872802734,1298900,0.0,0.0,0.0
2013-06-06,105.4800033569336,106.33000183105469,105.30000305175781,105.69999694824219,80.69099426269531,2471900,0.0,0.0,0.0
2013-06-07,105.3499984741211,105.55000305175781,104.87999725341797,104.87999725341797,80.06497955322266,652300,0.0,0.0,0.0
2013-06-10,104.68000030517578,104.80999755859375,104.47000122070312,104.62000274658203,79.86650085449219,694600,0.0,0.0,0.0
2013-06-11,104.25,104.87999725341797,104.19000244140625,104.87999725341797,80.06497955322266,756100,0.0,0.0,0.0
2013-06-12,104.48999786376953,104.94999694824219,104.41000366210938,104.41000366210938,79.70621490478516,528700,0.0,0.0,0.0
2013-06-13,104.66999816894531,105.31999969482422,104.66000366210938,105.19999694824219,80.30924987792969,1180100,0.0,0.0,0.0
2013-06-14,105.41000366210938,105.63999938964844,105.2699966430664,105.33999633789062,80.41618347167969,599700,0.0,0.0,0.0
2013-06-17,105.45999908447266,105.4800033569336,105.0199966430664,105.08999633789062,80.22531127929688,478400,0.0,0.0,0.0
2013-06-18,104.8499984741211,105.12000274658203,104.79000091552734,105.02999877929688,80.17949676513672,429000,0.0,0.0,0.0
2013-06-19,105.08999633789062,107.58999633789062,103.4800033569336,103.58999633789062,79.08020782470703,1281500,0.0,0.0,0.0
2013-06-20,103.22000122070312,103.43000030517578,102.80999755859375,103.12000274658203,78.72142791748047,1982500,0.0,0.0,0.0
2013-06-21,102.91000366210938,103.0,102.0199966430664,102.02999877929688,77.88934326171875,1777200,0.0,0.0,0.0
2013-06-24,101.26000213623047,102.19999694824219,101.25,101.77999877929688,77.6984634399414,2731500,0.0,0.0,0.0
2013-06-25,102.05999755859375,102.12000274658203,101.55999755859375,101.66000366210938,77.60690307617188,772000,0.0,0.0,0.0
2013-06-26,102.23999786376953,102.30999755859375,101.76000213623047,102.06999969482422,77.91988372802734,1015300,0.0,0.0,0.0
2013-06-27,102.48999786376953,102.66000366210938,102.22000122070312,102.62000274658203,78.33978271484375,949000,0.0,0.0,0.0
2013-06-28,102.12999725341797,102.55999755859375,101.97000122070312,102.5,78.24817657470703,1017700,0.0,0.0,0.0
2013-07-01,102.20999908447266,102.4800033569336,102.02999877929688,102.4000015258789,78.27793884277344,1127100,0.139,0.0,0.0
2013-07-02,102.41999816894531,102.56999969482422,102.27999877929688,102.44000244140625,78.30851745605469,385400,0.0,0.0,0.0
2013-07-03,102.44999694824219,102.6500015258789,102.2300033569336,102.23999786376953,78.1556167602539,1233200,0.0,0.0,0.0
2013-07-05,100.88999938964844,100.93000030517578,100.44999694824219,100.5199966430664,76.84078216552734,924100,0.0,0.0,0.0
2013-07-08,100.86000061035156,101.19000244140625,100.83999633789062,101.11000061035156,77.29183959960938,1137200,0.0,0.0,0.0
2013-07-09,101.27999877929688,101.38999938964844,101.19999694824219,101.27999877929688,77.42174530029297,558400,0.0,0.0,0.0
2013-07-10,101.23999786376953,101.37999725341797,100.9000015258789,100.91999816894531,77.14659118652344,1005500,0.0,0.0,0.0
2013-07-11,101.66000366210938,101.93000030517578,101.56999969482422,101.93000030517578,77.91866302490234,818700,0.0,0.0,0.0
2013-07-12,102.20999908447266,102.30999755859375,101.68000030517578,101.8499984741211,77.85750579833984,1919500,0.0,0.0,0.0
2013-07-15,101.97000122070312,102.16999816894531,101.94000244140625,102.16999816894531,78.10211944580078,563700,0.0,0.0,0.0
2013-07-16,102.16000366210938,102.31999969482422,102.0999984741211,102.22000122070312,78.14036560058594,713300,0.0,0.0,0.0
2013-07-17,102.80999755859375,102.8499984741211,102.5199966430664,102.66999816894531,78.484375,696300,0.0,0.0,0.0
2013-07-18,102.63999938964844,102.63999938964844,102.19000244140625,102.19000244140625,78.117431640625,717800,0.0,0.0,0.0
2013-07-19,102.44999694824219,102.76000213623047,102.44000244140625,102.75,78.54550170898438,459500,0.0,0.0,0.0
2013-07-22,102.73999786376953,102.86000061035156,102.66999816894531,102.73999786376953,78.53787231445312,450300,0.0,0.0,0.0
2013-07-23,102.51000213623047,102.6500015258789,102.38999938964844,102.62000274658203,78.4461669921875,13316500,0.0,0.0,0.0
2013-07-24,102.0,102.11000061035156,101.6500015258789,101.93000030517578,77.91866302490234,837400,0.0,0.0,0.0
2013-07-25,101.62000274658203,102.08999633789062,101.5999984741211,102.08000183105469,78.03330993652344,712300,0.0,0.0,0.0
2013-07-26,102.18000030517578,102.23999786376953,102.05999755859375,102.16999816894531,78.10211944580078,544900,0.0,0.0,0.0
2013-07-29,102.04000091552734,102.08999633789062,101.8499984741211,101.95999908447266,77.94160461425781,420300,0.0,0.0,0.0
2013-07-30,102.05999755859375,102.0999984741211,101.80999755859375,101.93000030517578,77.91866302490234,306800,0.0,0.0,0.0
2013-07-31,101.22000122070312,102.08000183105469,101.13999938964844,102.0,77.97216796875,930500,0.0,0.0,0.0
2013-08-01,101.48999786376953,101.52999877929688,100.86000061035156,100.95999908447266,77.28404235839844,1177300,0.141,0.0,0.0
2013-08-02,101.4800033569336,101.81999969482422,101.41999816894531,101.81999969482422,77.94233703613281,4360000,0.0,0.0,0.0
2013-08-05,101.61000061035156,101.6500015258789,101.41000366210938,101.5,77.69739532470703,390400,0.0,0.0,0.0
2013-08-06,101.44000244140625,101.58999633789062,101.38999938964844,101.52999877929688,77.72032165527344,257000,0.0,0.0,0.0
2013-08-07,101.6500015258789,101.95999908447266,101.62999725341797,101.9000015258789,78.00353240966797,493200,0.0,0.0,0.0
2013-08-08,102.04000091552734,102.1500015258789,101.93000030517578,102.05000305175781,78.11840057373047,804900,0.0,0.0,0.0
2013-08-09,101.9000015258789,102.12999725341797,101.87999725341797,102.12000274658203,78.1719970703125,557600,0.0,0.0,0.0
2013-08-12,102.2699966430664,102.2699966430664,101.87999725341797,101.91999816894531,78.01888275146484,400400,0.0,0.0,0.0
2013-08-13,101.30000305175781,101.30000305175781,100.91999816894531,101.0,77.31465148925781,566500,0.0,0.0,0.0
2013-08-14,101.0,101.1500015258789,100.97000122070312,101.08999633789062,77.38349914550781,1672300,0.0,0.0,0.0
2013-08-15,100.52999877929688,100.86000061035156,100.30000305175781,100.52999877929688,76.95481872558594,15452300,0.0,0.0,0.0
2013-08-16,100.55999755859375,100.55999755859375,99.8499984741211,100.13999938964844,76.65628051757812,1066900,0.0,0.0,0.0
2013-08-19,99.86000061035156,99.91999816894531,99.61000061035156,99.70999908447266,76.32716369628906,892200,0.0,0.0,0.0
2013-08-20,100.06999969482422,100.2699966430664,100.05000305175781,100.25,76.74053192138672,1221100,0.0,0.0,0.0
2013-08-21,100.0,100.25,99.58000183105469,99.62000274658203,76.25820922851562,945100,0.0,0.0,0.0
2013-08-22,99.54000091552734,99.75,99.33000183105469,99.58000183105469,76.22763061523438,755100,0.0,0.0,0.0
2013-08-23,99.5,100.20999908447266,99.41000366210938,100.13999938964844,76.65628051757812,991100,0.0,0.0,0.0
2013-08-26,100.36000061035156,100.38999938964844,100.1500015258789,100.33999633789062,76.8094253540039,512600,0.0,0.0,0.0
2013-08-27,100.68000030517578,100.97000122070312,100.52999877929688,100.91000366210938,77.24574279785156,532500,0.0,0.0,0.0
2013-08-28,100.62000274658203,100.6500015258789,100.30000305175781,100.5,76.93187713623047,761700,0.0,0.0,0.0
2013-08-29,100.20999908447266,100.7300033569336,100.16000366210938,100.5999984741211,77.00838470458984,470900,0.0,0.0,0.0
2013-08-30,100.66999816894531,100.72000122070312,100.41000366210938,100.41000366210938,76.86300659179688,1038200,0.0,0.0,0.0
2013-09-03,99.83000183105469,99.91999816894531,99.2699966430664,99.69000244140625,76.42675018310547,796000,0.151,0.0,0.0
2013-09-04,99.75,99.79000091552734,99.29000091552734,99.36000061035156,76.17374420166016,824400,0.0,0.0,0.0
2013-09-05,99.02999877929688,99.11000061035156,98.5999984741211,98.5999984741211,75.59110260009766,1722700,0.0,0.0,0.0
2013-09-06,99.30999755859375,99.58999633789062,99.04000091552734,99.19999694824219,76.05108642578125,1033900,0.0,0.0,0.0
2013-09-09,99.58999633789062,99.62999725341797,99.3499984741211,99.4000015258789,76.20448303222656,764300,0.0,0.0,0.0
2013-09-10,99.05000305175781,99.2699966430664,98.94000244140625,98.94000244140625,75.851806640625,1895300,0.0,0.0,0.0
2013-09-11,99.26000213623047,99.45999908447266,99.0,99.44000244140625,76.23509979248047,885300,0.0,0.0,0.0
2013-09-12,99.72000122070312,99.81999969482422,99.41000366210938,99.44999694824219,76.24274444580078,796800,0.0,0.0,0.0
2013-09-13,99.47000122070312,99.69000244140625,99.44999694824219,99.58000183105469,76.34245300292969,1166500,0.0,0.0,0.0
2013-09-16,100.4800033569336,100.5,99.76000213623047,99.80000305175781,76.5111083984375,1855200,0.0,0.0,0.0
2013-09-17,100.05000305175781,100.05999755859375,99.80000305175781,100.0,76.66445922851562,943300,0.0,0.0,0.0
2013-09-18,99.9000015258789,101.48999786376953,99.58999633789062,101.23999786376953,77.61507415771484,1341800,0.0,0.0,0.0
2013-09-19,101.2300033569336,101.2300033569336,100.0,100.88999938964844,77.3466796875,1592800,0.0,0.0,0.0
2013-09-20,100.95999908447266,101.1500015258789,100.83000183105469,100.98999786376953,77.42340850830078,300600,0.0,0.0,0.0
2013-09-23,101.08999633789062,101.37999725341797,101.08999633789062,101.37000274658203,77.7147216796875,2003200,0.0,0.0,0.0
2013-09-24,101.45999908447266,101.80000305175781,101.41000366210938,101.73999786376953,77.9983901977539,1149800,0.0,0.0,0.0
2013-09-25,101.69999694824219,102.04000091552734,101.66999816894531,102.0199966430664,78.21302032470703,569900,0.0,0.0,0.0
2013-09-26,101.7699966430664,101.87000274658203,101.66999816894531,101.80000305175781,78.0443344116211,568100,0.0,0.0,0.0
2013-09-27,101.83999633789062,102.1500015258789,101.83999633789062,101.94000244140625,78.1517105102539,2349400,0.0,0.0,0.0
2013-09-30,102.05999755859375,102.11000061035156,101.83999633789062,102.11000061035156,78.28202819824219,3785200,0.0,0.0,0.0
2013-10-01,101.8499984741211,101.88999938964844,101.66000366210938,101.7300033569336,78.10773468017578,1937000,0.153,0.0,0.0
2013-10-02,101.87000274658203,102.1500015258789,101.86000061035156,101.9000015258789,78.23826599121094,799900,0.0,0.0,0.0
2013-10-03,101.83000183105469,102.27999877929688,101.77999877929688,102.04000091552734,78.34574890136719,651800,0.0,0.0,0.0
2013-10-04,101.91999816894531,101.95999908447266,101.63999938964844,101.76000213623047,78.13076782226562,1160900,0.0,0.0,0.0
2013-10-07,102.05999755859375,102.08000183105469,101.80999755859375,101.8499984741211,78.19987487792969,454400,0.0,0.0,0.0
2013-10-08,101.80000305175781,102.0,101.69999694824219,101.80000305175781,78.16149139404297,818100,0.0,0.0,0.0
2013-10-09,101.79000091552734,101.83000183105469,101.54000091552734,101.62000274658203,78.0233154296875,506500,0.0,0.0,0.0
2013-10-10,101.2699966430664,101.4800033569336,101.19000244140625,101.4000015258789,77.85438537597656,649100,0.0,0.0,0.0
2013-10-11,101.69000244140625,101.83000183105469,101.5,101.55000305175781,77.96955871582031,850100,0.0,0.0,0.0
2013-10-14,101.55000305175781,101.69000244140625,101.12999725341797,101.20999908447266,77.7084732055664,183200,0.0,0.0,0.0
2013-10-15,101.41000366210938,101.45999908447266,101.16999816894531,101.2300033569336,77.72384643554688,368100,0.0,0.0,0.0
2013-10-16,101.12999725341797,101.7300033569336,101.0,101.72000122070312,78.10004425048828,2339600,0.0,0.0,0.0
2013-10-17,102.0999984741211,102.41000366210938,102.04000091552734,102.30000305175781,78.54540252685547,2950500,0.0,0.0,0.0
2013-10-18,102.43000030517578,102.45999908447266,102.27999877929688,102.30999755859375,78.55305480957031,582600,0.0,0.0,0.0
2013-10-21,102.27999877929688,102.29000091552734,102.11000061035156,102.23999786376953,78.49932861328125,321700,0.0,0.0,0.0
2013-10-22,102.75,102.97000122070312,102.72000122070312,102.94999694824219,79.04442596435547,484700,0.0,0.0,0.0
2013-10-23,103.0199966430664,103.30999755859375,103.0199966430664,103.12999725341797,79.18267822265625,280800,0.0,0.0,0.0
2013-10-24,103.20999908447266,103.2300033569336,102.91000366210938,102.91999816894531,79.02143859863281,591200,0.0,0.0,0.0
2013-10-25,103.01000213623047,103.13999938964844,102.9800033569336,103.0999984741211,79.15962982177734,552800,0.0,0.0,0.0
2013-10-28,103.0,103.12000274658203,102.95999908447266,103.0,79.08283996582031,600800,0.0,0.0,0.0
2013-10-29,102.91000366210938,103.13999938964844,102.87999725341797,103.13999938964844,79.19031524658203,274700,0.0,0.0,0.0
2013-10-30,103.19999694824219,103.4000015258789,102.76000213623047,102.87000274658203,78.98299407958984,1753100,0.0,0.0,0.0
2013-10-31,103.11000061035156,103.12999725341797,102.55999755859375,102.75,78.89092254638672,893000,0.0,0.0,0.0
2013-11-01,102.37999725341797,102.41999816894531,101.98999786376953,102.0199966430664,78.45338439941406,680100,0.161,0.0,0.0
2013-11-04,102.20999908447266,102.31999969482422,102.16999816894531,102.22000122070312,78.6071548461914,437000,0.0,0.0,0.0
2013-11-05,101.93000030517578,101.98999786376953,101.66999816894531,101.76000213623047,78.25340270996094,656900,0.0,0.0,0.0
2013-11-06,101.91999816894531,102.11000061035156,101.91999816894531,102.06999969482422,78.49178314208984,692700,0.0,0.0,0.0
2013-11-07,102.16000366210938,102.41999816894531,102.12999725341797,102.33999633789062,78.69944763183594,415000,0.0,0.0,0.0
2013-11-08,101.33000183105469,101.4000015258789,101.16000366210938,101.19000244140625,77.81509399414062,2497700,0.0,0.0,0.0
2013-11-11,101.25,101.26000213623047,101.13999938964844,101.13999938964844,77.77660369873047,144000,0.0,0.0,0.0
2013-11-12,101.08999633789062,101.25,100.9800033569336,101.05000305175781,77.70741271972656,1052100,0.0,0.0,0.0
2013-11-13,101.36000061035156,101.5199966430664,101.31999969482422,101.47000122070312,78.03036499023438,1122700,0.0,0.0,0.0
2013-11-14,101.55000305175781,101.98999786376953,101.55000305175781,101.95999908447266,78.40719604492188,694100,0.0,0.0,0.0
2013-11-15,101.97000122070312,101.98999786376953,101.79000091552734,101.87999725341797,78.34569549560547,359200,0.0,0.0,0.0
2013-11-18,101.94000244140625,102.2699966430664,101.94000244140625,102.23999786376953,78.62252044677734,2853000,0.0,0.0,0.0
2013-11-19,102.04000091552734,102.0999984741211,101.83000183105469,101.86000061035156,78.33028411865234,559100,0.0,0.0,0.0
2013-11-20,101.87999725341797,102.11000061035156,101.26000213623047,101.30000305175781,77.89967346191406,1562700,0.0,0.0,0.0
2013-11-21,101.08999633789062,101.44000244140625,100.95999908447266,101.38999938964844,77.96888732910156,804800,0.0,0.0,0.0
2013-11-22,101.48999786376953,101.70999908447266,101.44999694824219,101.68000030517578,78.19184875488281,807900,0.0,0.0,0.0
2013-11-25,101.62999725341797,101.83999633789062,101.61000061035156,101.76000213623047,78.25340270996094,487400,0.0,0.0,0.0
2013-11-26,101.8499984741211,102.08000183105469,101.80999755859375,101.9800033569336,78.42259216308594,425400,0.0,0.0,0.0
2013-11-27,101.94000244140625,101.94999694824219,101.5,101.75,78.24569702148438,476900,0.0,0.0,0.0
2013-11-29,101.55999755859375,101.7699966430664,101.55000305175781,101.69000244140625,78.19956970214844,652100,0.0,0.0,0.0
2013-12-02,101.30000305175781,101.33000183105469,101.01000213623047,101.08999633789062,77.86376190185547,2912200,0.164,0.0,0.0
2013-12-03,101.3499984741211,101.44000244140625,101.2300033569336,101.2699966430664,78.00238037109375,477200,0.0,0.0,0.0
2013-12-04,100.7699966430664,100.93000030517578,100.70999908447266,100.80999755859375,77.64810180664062,943600,0.0,0.0,0.0
2013-12-05,100.6500015258789,100.77999877929688,100.51000213623047,100.55999755859375,77.45550537109375,374100,0.0,0.0,0.0
2013-12-06,100.5,100.80999755859375,100.45999908447266,100.6500015258789,77.52481842041016,415600,0.0,0.0,0.0
2013-12-09,100.70999908447266,100.8499984741211,100.6500015258789,100.7699966430664,77.6172103881836,540900,0.0,0.0,0.0
2013-12-10,101.0999984741211,101.2300033569336,100.97000122070312,101.19000244140625,77.94078063964844,334700,0.0,0.0,0.0
2013-12-11,101.02999877929688,101.11000061035156,100.80000305175781,100.80000305175781,77.64039611816406,371700,0.0,0.0,0.0
2013-12-12,100.61000061035156,100.69000244140625,100.4800033569336,100.51000213623047,77.4169921875,1156200,0.0,0.0,0.0
2013-12-13,100.66000366210938,100.72000122070312,100.55000305175781,100.66000366210938,77.53256225585938,434000,0.0,0.0,0.0
2013-12-16,100.86000061035156,100.87000274658203,100.5199966430664,100.61000061035156,77.4940185546875,572400,0.0,0.0,0.0
2013-12-17,100.5999984741211,100.93000030517578,100.5999984741211,100.93000030517578,77.74050903320312,694800,0.0,0.0,0.0
2013-12-18,100.6500015258789,101.04000091552734,100.1500015258789,100.55000305175781,77.44786071777344,1997700,0.0,0.0,0.0
2013-12-19,100.11000061035156,100.22000122070312,100.0,100.12999725341797,77.124267578125,978700,0.0,0.0,0.0
2013-12-20,100.26000213623047,100.45999908447266,100.18000030517578,100.44000244140625,77.3630599975586,510500,0.0,0.0,0.0
2013-12-23,100.27999877929688,100.37999725341797,100.0999984741211,100.12000274658203,77.11661529541016,5238400,0.0,0.0,0.0
2013-12-24,99.83999633789062,99.91000366210938,99.69999694824219,99.7300033569336,76.81621551513672,770600,0.0,0.0,0.0
2013-12-26,99.48999786376953,99.55999755859375,99.43000030517578,99.4800033569336,76.74983215332031,787500,0.164,0.0,0.0
2013-12-27,99.47000122070312,99.5999984741211,99.37999725341797,99.41999816894531,76.70355987548828,640400,0.0,0.0,0.0
2013-12-30,99.55000305175781,99.69999694824219,99.54000091552734,99.69000244140625,76.91193389892578,1328000,0.0,0.0,0.0
2013-12-31,99.51000213623047,99.62999725341797,99.18000030517578,99.23999786376953,76.56468200683594,1553600,0.0,0.0,0.0
2014-01-02,99.38999938964844,99.68000030517578,99.37999725341797,99.62999725341797,76.86557006835938,1161800,0.0,0.0,0.0
2014-01-03,99.51000213623047,99.73999786376953,99.4800033569336,99.56999969482422,76.81926727294922,637500,0.0,0.0,0.0
2014-01-06,99.66000366210938,99.97000122070312,99.66000366210938,99.8499984741211,77.03534698486328,666200,0.0,0.0,0.0
2014-01-07,99.91999816894531,100.05000305175781,99.8499984741211,100.01000213623047,77.15877532958984,1055700,0.0,0.0,0.0
2014-01-08,99.68000030517578,99.73999786376953,99.45999908447266,99.5199966430664,76.78072357177734,1216700,0.0,0.0,0.0
2014-01-09,99.66999816894531,99.83000183105469,99.5,99.77999877929688,76.98129272460938,806100,0.0,0.0,0.0
2014-01-10,100.30000305175781,100.66999816894531,100.29000091552734,100.62000274658203,77.62940216064453,713300,0.0,0.0,0.0
2014-01-13,100.72000122070312,100.97000122070312,100.69999694824219,100.91000366210938,77.85313415527344,581600,0.0,0.0,0.0
2014-01-14,100.69999694824219,100.77999877929688,100.51000213623047,100.52999877929688,77.55992126464844,366700,0.0,0.0,0.0
2014-01-15,100.26000213623047,100.48999786376953,100.2300033569336,100.44000244140625,77.49050903320312,997300,0.0,0.0,0.0
2014-01-16,100.68000030517578,100.7699966430664,100.61000061035156,100.72000122070312,77.70654296875,333300,0.0,0.0,0.0
2014-01-17,100.69999694824219,100.95999908447266,100.61000061035156,100.95999908447266,77.89173889160156,754400,0.0,0.0,0.0
2014-01-21,100.80000305175781,100.91999816894531,100.77999877929688,100.8499984741211,77.80683135986328,1927100,0.0,0.0,0.0
2014-01-22,100.62000274658203,100.7300033569336,100.55000305175781,100.56999969482422,77.5908203125,1150900,0.0,0.0,0.0
2014-01-23,100.9000015258789,101.37999725341797,100.9000015258789,101.25,78.11544799804688,1080200,0.0,0.0,0.0
2014-01-24,101.5999984741211,101.75,101.44999694824219,101.66000366210938,78.43177032470703,564300,0.0,0.0,0.0
2014-01-27,101.48999786376953,101.69000244140625,101.33000183105469,101.3499984741211,78.19257354736328,758600,0.0,0.0,0.0
2014-01-28,101.48999786376953,101.51000213623047,101.30999755859375,101.5,78.308349609375,452700,0.0,0.0,0.0
2014-01-29,101.80999755859375,102.12999725341797,101.62000274658203,101.9800033569336,78.67864227294922,1420200,0.0,0.0,0.0
2014-01-30,101.73999786376953,101.91000366210938,101.63999938964844,101.87999725341797,78.60147857666016,685400,0.0,0.0,0.0
2014-01-31,102.20999908447266,102.27999877929688,102.05000305175781,102.27999877929688,78.91011047363281,670500,0.0,0.0,0.0
2014-02-03,101.95999908447266,102.66999816894531,101.86000061035156,102.66000366210938,79.33901977539062,4629800,0.175,0.0,0.0
2014-02-04,102.31999969482422,102.38999938964844,102.23999786376953,102.3499984741211,79.0994644165039,2617300,0.0,0.0,0.0
2014-02-05,102.20999908447266,102.25,101.9800033569336,101.9800033569336,78.81350708007812,817600,0.0,0.0,0.0
2014-02-06,101.86000061035156,101.87999725341797,101.70999908447266,101.79000091552734,78.6666488647461,885900,0.0,0.0,0.0
2014-02-07,101.87999725341797,102.20999908447266,101.86000061035156,102.05999755859375,78.87532806396484,1065800,0.0,0.0,0.0
2014-02-10,101.94999694824219,102.13999938964844,101.94999694824219,102.11000061035156,78.91397094726562,589300,0.0,0.0,0.0
2014-02-11,101.75,101.81999969482422,101.61000061035156,101.66000366210938,78.5661849975586,625800,0.0,0.0,0.0
2014-02-12,101.5199966430664,101.5199966430664,101.27999877929688,101.41999816894531,78.38072204589844,743500,0.0,0.0,0.0
2014-02-13,101.79000091552734,101.91999816894531,101.7300033569336,101.9000015258789,78.75166320800781,941400,0.0,0.0,0.0
2014-02-14,101.8499984741211,101.9000015258789,101.72000122070312,101.83000183105469,78.69754791259766,463400,0.0,0.0,0.0
2014-02-18,101.9800033569336,102.16999816894531,101.93000030517578,102.08000183105469,78.8907470703125,1003600,0.0,0.0,0.0
2014-02-19,102.29000091552734,102.30999755859375,101.83000183105469,101.87999725341797,78.73621368408203,907200,0.0,0.0,0.0
2014-02-20,101.76000213623047,101.94000244140625,101.56999969482422,101.7699966430664,78.65119934082031,842900,0.0,0.0,0.0
2014-02-21,101.66000366210938,101.91000366210938,101.63999938964844,101.9000015258789,78.75166320800781,405000,0.0,0.0,0.0
2014-02-24,101.9000015258789,101.91000366210938,101.6500015258789,101.80000305175781,78.6743392944336,1531100,0.0,0.0,0.0
2014-02-25,101.98999786376953,102.16999816894531,101.94999694824219,102.1500015258789,78.94486236572266,402600,0.0,0.0,0.0
2014-02-26,102.1500015258789,102.44999694824219,102.11000061035156,102.44999694824219,79.17668914794922,486000,0.0,0.0,0.0
2014-02-27,102.51000213623047,102.63999938964844,102.4800033569336,102.56999969482422,79.26944732666016,559400,0.0,0.0,0.0
2014-02-28,102.37999725341797,102.55999755859375,102.16000366210938,102.47000122070312,79.1921615600586,609900,0.0,0.0,0.0
2014-03-03,102.5999984741211,102.83000183105469,102.43000030517578,102.80999755859375,79.58385467529297,2540500,0.166,0.0,0.0
2014-03-04,102.44000244140625,102.44000244140625,102.0,102.0199966430664,78.97234344482422,1080200,0.0,0.0,0.0
2014-03-05,101.87999725341797,102.13999938964844,101.80999755859375,102.12999725341797,79.0574722290039,614700,0.0,0.0,0.0
2014-03-06,101.69000244140625,101.80999755859375,101.61000061035156,101.69000244140625,78.71688842773438,534700,0.0,0.0,0.0
2014-03-07,101.16999816894531,101.37000274658203,101.1500015258789,101.25,78.37629699707031,645100,0.0,0.0,0.0
2014-03-10,101.27999877929688,101.43000030517578,101.25,101.36000061035156,78.46139526367188,1013900,0.0,0.0,0.0
2014-03-11,101.31999969482422,101.54000091552734,101.2300033569336,101.45999908447266,78.53883361816406,1571000,0.0,0.0,0.0
2014-03-12,101.7699966430664,101.91999816894531,101.69000244140625,101.86000061035156,78.84846496582031,819000,0.0,0.0,0.0
2014-03-13,101.58999633789062,102.47000122070312,101.58000183105469,102.45999908447266,79.31291961669922,1638900,0.0,0.0,0.0
2014-03-14,102.5999984741211,102.61000061035156,102.29000091552734,102.47000122070312,79.3206787109375,1314400,0.0,0.0,0.0
2014-03-17,102.26000213623047,102.33000183105469,102.04000091552734,102.05999755859375,79.00328826904297,1085400,0.0,0.0,0.0
2014-03-18,102.08000183105469,102.30999755859375,102.05999755859375,102.30999755859375,79.19681549072266,861200,0.0,0.0,0.0
2014-03-19,102.16000366210938,102.22000122070312,101.20999908447266,101.36000061035156,78.46139526367188,1355500,0.0,0.0,0.0
2014-03-20,101.31999969482422,101.45999908447266,101.2300033569336,101.37999725341797,78.4769058227539,1748100,0.0,0.0,0.0
2014-03-21,101.37000274658203,101.5999984741211,101.36000061035156,101.56999969482422,78.6240234375,466500,0.0,0.0,0.0
2014-03-24,101.31999969482422,101.70999908447266,101.30999755859375,101.61000061035156,78.65496826171875,1222600,0.0,0.0,0.0
2014-03-25,101.52999877929688,101.70999908447266,101.44999694824219,101.55000305175781,78.60851287841797,739400,0.0,0.0,0.0
2014-03-26,101.58999633789062,101.9800033569336,101.58000183105469,101.9800033569336,78.94139099121094,830000,0.0,0.0,0.0
2014-03-27,101.83999633789062,102.19000244140625,101.83999633789062,102.08000183105469,79.0187759399414,303600,0.0,0.0,0.0
2014-03-28,101.9800033569336,102.02999877929688,101.63999938964844,101.72000122070312,78.7401123046875,661600,0.0,0.0,0.0
2014-03-31,101.44999694824219,101.76000213623047,101.37999725341797,101.7300033569336,78.74785614013672,1982900,0.0,0.0,0.0
2014-04-01,101.4000015258789,101.41999816894531,101.26000213623047,101.33000183105469,78.58501434326172,2562600,0.19,0.0,0.0
2014-04-02,101.05000305175781,101.08000183105469,100.86000061035156,100.88999938964844,78.24375915527344,806800,0.0,0.0,0.0
2014-04-03,100.97000122070312,101.12000274658203,100.91000366210938,100.95999908447266,78.29804992675781,298000,0.0,0.0,0.0
2014-04-04,101.25,101.62999725341797,101.25,101.58000183105469,78.77884674072266,731900,0.0,0.0,0.0
2014-04-07,101.73999786376953,101.91999816894531,101.72000122070312,101.81999969482422,78.96499633789062,1751700,0.0,0.0,0.0
2014-04-08,101.80000305175781,102.0,101.66000366210938,101.95999908447266,79.07356262207031,666100,0.0,0.0,0.0
2014-04-09,101.72000122070312,102.06999969482422,101.62999725341797,101.93000030517578,79.05028533935547,1350500,0.0,0.0,0.0
2014-04-10,102.0,102.58999633789062,102.0,102.36000061035156,79.38381958007812,1056600,0.0,0.0,0.0
2014-04-11,102.62000274658203,102.6500015258789,102.44000244140625,102.56999969482422,79.54669189453125,918500,0.0,0.0,0.0
2014-04-14,102.44000244140625,102.52999877929688,102.30000305175781,102.41000366210938,79.42257690429688,1468600,0.0,0.0,0.0
2014-04-15,102.33000183105469,102.73999786376953,102.26000213623047,102.52999877929688,79.515625,614300,0.0,0.0,0.0
2014-04-16,102.27999877929688,102.43000030517578,102.25,102.37000274658203,79.39156341552734,1405500,0.0,0.0,0.0
2014-04-17,102.30999755859375,102.30999755859375,101.6500015258789,101.79000091552734,78.9417495727539,584600,0.0,0.0,0.0
2014-04-21,101.87999725341797,101.95999908447266,101.70999908447266,101.7699966430664,78.92626953125,1021100,0.0,0.0,0.0
2014-04-22,101.61000061035156,101.75,101.5199966430664,101.7300033569336,78.89521026611328,482800,0.0,0.0,0.0
2014-04-23,101.87999725341797,102.06999969482422,101.83999633789062,101.98999786376953,79.09684753417969,306400,0.0,0.0,0.0
2014-04-24,101.76000213623047,102.04000091552734,101.75,101.95999908447266,79.07356262207031,345700,0.0,0.0,0.0
2014-04-25,102.12999725341797,102.33999633789062,102.08000183105469,102.0999984741211,79.1821517944336,388900,0.0,0.0,0.0
2014-04-28,102.06999969482422,102.16999816894531,101.80999755859375,101.94999694824219,79.0657958984375,574900,0.0,0.0,0.0
2014-04-29,101.79000091552734,102.04000091552734,101.76000213623047,102.04000091552734,79.13563537597656,760100,0.0,0.0,0.0
2014-04-30,102.18000030517578,102.36000061035156,102.0,102.30999755859375,79.34503173828125,544700,0.0,0.0,0.0
2014-05-01,102.18000030517578,102.61000061035156,102.11000061035156,102.41000366210938,79.57344055175781,21829500,0.194,0.0,0.0
2014-05-02,102.11000061035156,102.73999786376953,102.0,102.55999755859375,79.68999481201172,1343700,0.0,0.0,0.0
2014-05-05,102.70999908447266,102.70999908447266,102.41999816894531,102.5,79.64337921142578,929400,0.0,0.0,0.0
2014-05-06,102.5199966430664,102.6500015258789,102.44999694824219,102.62000274658203,79.73664093017578,566300,0.0,0.0,0.0
2014-05-07,102.55999755859375,102.7699966430664,102.41999816894531,102.69999694824219,79.79877471923828,1107600,0.0,0.0,0.0
2014-05-08,102.80000305175781,102.9800033569336,102.6500015258789,102.80999755859375,79.8842544555664,1444300,0.0,0.0,0.0
2014-05-09,102.63999938964844,102.80000305175781,102.63999938964844,102.7300033569336,79.82211303710938,354500,0.0,0.0,0.0
2014-05-12,102.54000091552734,102.61000061035156,102.41000366210938,102.45999908447266,79.61227416992188,759600,0.0,0.0,0.0
2014-05-13,102.72000122070312,102.86000061035156,102.68000030517578,102.86000061035156,79.923095703125,603700,0.0,0.0,0.0
2014-05-14,103.11000061035156,103.4800033569336,103.06999969482422,103.33000183105469,80.28829956054688,635400,0.0,0.0,0.0
2014-05-15,103.5,103.88999938964844,103.33000183105469,103.69999694824219,80.57581329345703,1347300,0.0,0.0,0.0
2014-05-16,103.52999877929688,103.66999816894531,103.45999908447266,103.4800033569336,80.40486907958984,452600,0.0,0.0,0.0
2014-05-19,103.61000061035156,103.73999786376953,103.3499984741211,103.3499984741211,80.30382537841797,325400,0.0,0.0,0.0
2014-05-20,103.38999938964844,103.76000213623047,103.38999938964844,103.6500015258789,80.53694915771484,34764400,0.0,0.0,0.0
2014-05-21,103.41000366210938,103.51000213623047,103.27999877929688,103.48999786376953,80.41264343261719,881700,0.0,0.0,0.0
2014-05-22,103.43000030517578,103.4800033569336,103.27999877929688,103.37999725341797,80.32711029052734,678800,0.0,0.0,0.0
2014-05-23,103.52999877929688,103.62000274658203,103.47000122070312,103.58999633789062,80.49034118652344,486800,0.0,0.0,0.0
2014-05-27,103.5,103.63999938964844,103.33999633789062,103.62000274658203,80.513671875,997000,0.0,0.0,0.0
2014-05-28,103.95999908447266,104.26000213623047,103.94000244140625,104.19000244140625,80.95655059814453,968200,0.0,0.0,0.0
2014-05-29,104.30999755859375,104.52999877929688,104.05999755859375,104.05999755859375,80.85556030273438,753100,0.0,0.0,0.0
2014-05-30,103.91000366210938,104.0999984741211,103.7699966430664,103.9800033569336,80.79338836669922,902400,0.0,0.0,0.0
2014-06-02,103.52999877929688,103.68000030517578,103.2300033569336,103.33000183105469,80.42364501953125,2032800,0.175,0.0,0.0
2014-06-03,103.18000030517578,103.18000030517578,102.80000305175781,102.80999755859375,80.01892852783203,1563600,0.0,0.0,0.0
2014-06-04,102.91000366210938,102.91999816894531,102.66999816894531,102.7300033569336,79.95669555664062,1566600,0.0,0.0,0.0
2014-06-05,102.68000030517578,103.0,102.68000030517578,102.87999725341797,80.07341003417969,1585800,0.0,0.0,0.0
2014-06-06,103.0999984741211,103.19999694824219,102.7699966430664,102.80000305175781,80.01114654541016,940600,0.0,0.0,0.0
2014-06-09,102.69000244140625,102.70999908447266,102.55000305175781,102.6500015258789,79.89440155029297,816500,0.0,0.0,0.0
2014-06-10,102.52999877929688,102.55999755859375,102.4000015258789,102.47000122070312,79.75433349609375,1207100,0.0,0.0,0.0
2014-06-11,102.56999969482422,102.69999694824219,102.47000122070312,102.61000061035156,79.86326599121094,814800,0.0,0.0,0.0
2014-06-12,102.6500015258789,103.05999755859375,102.55999755859375,103.01000213623047,80.17459106445312,1319500,0.0,0.0,0.0
2014-06-13,102.54000091552734,102.94000244140625,102.52999877929688,102.80999755859375,80.01892852783203,752900,0.0,0.0,0.0
2014-06-16,102.81999969482422,102.94999694824219,102.73999786376953,102.80999755859375,80.01892852783203,1401000,0.0,0.0,0.0
2014-06-17,102.62000274658203,102.66000366210938,102.36000061035156,102.37999725341797,79.68424224853516,33268500,0.0,0.0,0.0
2014-06-18,102.62999725341797,102.91999816894531,102.41999816894531,102.91999816894531,80.10453033447266,1472200,0.0,0.0,0.0
2014-06-19,103.08000183105469,103.16000366210938,102.55999755859375,102.66000366210938,79.90221405029297,1055000,0.0,0.0,0.0
2014-06-20,102.56999969482422,102.79000091552734,102.52999877929688,102.77999877929688,79.99555206298828,577000,0.0,0.0,0.0
2014-06-23,102.91999816894531,102.95999908447266,102.70999908447266,102.70999908447266,79.94112396240234,764200,0.0,0.0,0.0
2014-06-24,102.9800033569336,103.12999725341797,102.79000091552734,103.12999725341797,80.26797485351562,443800,0.0,0.0,0.0
2014-06-25,103.4000015258789,103.47000122070312,103.19999694824219,103.2300033569336,80.34585571289062,977500,0.0,0.0,0.0
2014-06-26,103.41999816894531,103.62000274658203,103.4000015258789,103.5,80.55594635009766,822300,0.0,0.0,0.0
2014-06-27,103.62000274658203,103.7300033569336,103.5,103.5,80.55594635009766,933200,0.0,0.0,0.0
2014-06-30,103.61000061035156,103.68000030517578,103.43000030517578,103.58000183105469,80.61822509765625,1268900,0.0,0.0,0.0
2014-07-01,103.13999938964844,103.26000213623047,103.02999877929688,103.05000305175781,80.35468292236328,17393000,0.192,0.0,0.0
2014-07-02,102.83999633789062,102.8499984741211,102.5999984741211,102.62999725341797,80.02715301513672,1779100,0.0,0.0,0.0
2014-07-03,102.22000122070312,102.45999908447266,102.19999694824219,102.41999816894531,79.86346435546875,1079900,0.0,0.0,0.0
2014-07-07,102.54000091552734,102.73999786376953,102.54000091552734,102.66999816894531,80.05835723876953,1031000,0.0,0.0,0.0
2014-07-08,102.98999786376953,103.19000244140625,102.94999694824219,103.13999938964844,80.42485809326172,491500,0.0,0.0,0.0
2014-07-09,103.05000305175781,103.27999877929688,102.80000305175781,103.16000366210938,80.44046783447266,1113900,0.0,0.0,0.0
2014-07-10,103.5199966430664,103.63999938964844,103.33999633789062,103.37999725341797,80.61196899414062,728600,0.0,0.0,0.0
2014-07-11,103.5,103.6500015258789,103.45999908447266,103.55000305175781,80.74461364746094,688600,0.0,0.0,0.0
2014-07-14,103.47000122070312,103.47000122070312,103.29000091552734,103.31999969482422,80.56522369384766,974800,0.0,0.0,0.0
2014-07-15,103.29000091552734,103.55999755859375,103.12999725341797,103.2300033569336,80.49507904052734,933500,0.0,0.0,0.0
2014-07-16,103.26000213623047,103.41999816894531,103.19999694824219,103.37999725341797,80.61196899414062,15784300,0.0,0.0,0.0
2014-07-17,103.69999694824219,104.05000305175781,103.54000091552734,103.9800033569336,81.07992553710938,1367400,0.0,0.0,0.0
2014-07-18,103.87999725341797,103.93000030517578,103.62999725341797,103.7699966430664,80.91610717773438,386900,0.0,0.0,0.0
2014-07-21,103.83999633789062,104.04000091552734,103.80000305175781,103.80000305175781,80.9394760131836,339600,0.0,0.0,0.0
2014-07-22,103.83999633789062,103.93000030517578,103.68000030517578,103.93000030517578,81.04084014892578,484200,0.0,0.0,0.0
2014-07-23,104.02999877929688,104.05000305175781,103.88999938964844,103.91999816894531,81.03304290771484,523600,0.0,0.0,0.0
2014-07-24,103.61000061035156,103.6500015258789,103.48999786376953,103.5,80.7055435180664,600900,0.0,0.0,0.0
2014-07-25,103.7699966430664,103.93000030517578,103.69999694824219,103.9000015258789,81.0174789428711,781400,0.0,0.0,0.0
2014-07-28,103.77999877929688,103.9000015258789,103.63999938964844,103.77999877929688,80.92390441894531,1448000,0.0,0.0,0.0
2014-07-29,103.9000015258789,103.94999694824219,103.72000122070312,103.91999816894531,81.03304290771484,465700,0.0,0.0,0.0
2014-07-30,103.48999786376953,103.5,103.0999984741211,103.19000244140625,80.46383666992188,1067500,0.0,0.0,0.0
2014-07-31,102.93000030517578,103.30000305175781,102.87999725341797,103.16000366210938,80.44046783447266,1506500,0.0,0.0,0.0
2014-08-01,103.2699966430664,103.66999816894531,103.05000305175781,103.56999969482422,80.91387939453125,3466800,0.196,0.0,0.0
2014-08-04,103.66999816894531,103.7699966430664,103.58999633789062,103.62999725341797,80.96076202392578,1672600,0.0,0.0,0.0
2014-08-05,103.5,103.7699966430664,103.36000061035156,103.68000030517578,80.99981689453125,1013000,0.0,0.0,0.0
2014-08-06,103.98999786376953,103.98999786376953,103.73999786376953,103.7699966430664,81.07012176513672,1139100,0.0,0.0,0.0
2014-08-07,103.81999969482422,104.23999786376953,103.69000244140625,104.23999786376953,81.43732452392578,1386100,0.0,0.0,0.0
2014-08-08,104.41000366210938,104.56999969482422,104.11000061035156,104.1500015258789,81.36701202392578,913900,0.0,0.0,0.0
2014-08-11,104.18000030517578,104.2300033569336,104.01000213623047,104.0999984741211,81.32795715332031,419800,0.0,0.0,0.0
2014-08-12,104.13999938964844,104.19999694824219,103.94999694824219,103.94999694824219,81.21076965332031,416300,0.0,0.0,0.0
2014-08-13,104.11000061035156,104.33999633789062,104.05999755859375,104.29000091552734,81.47639465332031,732400,0.0,0.0,0.0
2014-08-14,104.48999786376953,104.55000305175781,104.30999755859375,104.5,81.64044189453125,638800,0.0,0.0,0.0
2014-08-15,104.48999786376953,105.2300033569336,104.44999694824219,104.91999816894531,81.96855926513672,1570700,0.0,0.0,0.0
2014-08-18,104.69000244140625,104.73999786376953,104.54000091552734,104.58999633789062,81.71073150634766,13822300,0.0,0.0,0.0
2014-08-19,104.80999755859375,104.80999755859375,104.43000030517578,104.4800033569336,81.62483978271484,769900,0.0,0.0,0.0
2014-08-20,104.41000366210938,104.45999908447266,104.12000274658203,104.16999816894531,81.38265228271484,1052200,0.0,0.0,0.0
2014-08-21,104.19000244140625,104.44000244140625,104.19000244140625,104.38999938964844,81.55455017089844,630300,0.0,0.0,0.0
2014-08-22,104.36000061035156,104.45999908447266,104.06999969482422,104.4000015258789,81.56234741210938,1393400,0.0,0.0,0.0
2014-08-25,104.4000015258789,104.5,104.30000305175781,104.4800033569336,81.62483978271484,837500,0.0,0.0,0.0
2014-08-26,104.61000061035156,104.62999725341797,104.43000030517578,104.45999908447266,81.60919189453125,590200,0.0,0.0,0.0
2014-08-27,104.63999938964844,104.76000213623047,104.54000091552734,104.75,81.83576965332031,881300,0.0,0.0,0.0
2014-08-28,105.0199966430664,105.04000091552734,104.80999755859375,104.88999938964844,81.94513702392578,938400,0.0,0.0,0.0
2014-08-29,104.87000274658203,105.04000091552734,104.80999755859375,104.9000015258789,81.95294952392578,1407100,0.0,0.0,0.0
2014-09-02,104.30000305175781,104.30999755859375,104.05000305175781,104.05000305175781,81.42940521240234,2058600,0.181,0.0,0.0
2014-09-03,103.93000030517578,104.23999786376953,103.87000274658203,104.19999694824219,81.54678344726562,1456900,0.0,0.0,0.0
2014-09-04,104.08000183105469,104.16000366210938,103.7699966430664,103.83000183105469,81.25724029541016,1994400,0.0,0.0,0.0
2014-09-05,104.18000030517578,104.23999786376953,103.80999755859375,103.86000061035156,81.28067779541016,1098400,0.0,0.0,0.0
2014-09-08,104.12999725341797,104.18000030517578,103.66999816894531,103.75,81.19457244873047,1340900,0.0,0.0,0.0
2014-09-09,103.52999877929688,103.6500015258789,103.45999908447266,103.51000213623047,81.00675964355469,1205900,0.0,0.0,0.0
2014-09-10,103.33000183105469,103.37999725341797,103.2300033569336,103.25,80.80330657958984,1311800,0.0,0.0,0.0
2014-09-11,103.4000015258789,103.45999908447266,103.0999984741211,103.12000274658203,80.70156860351562,1224800,0.0,0.0,0.0
2014-09-12,102.87999725341797,102.94000244140625,102.68000030517578,102.7300033569336,80.39637756347656,2178400,0.0,0.0,0.0
2014-09-15,102.87000274658203,102.97000122070312,102.83000183105469,102.91999816894531,80.5450210571289,1505400,0.0,0.0,0.0
2014-09-16,103.04000091552734,103.1500015258789,102.87000274658203,102.88999938964844,80.52159881591797,24978400,0.0,0.0,0.0
2014-09-17,103.05000305175781,103.2699966430664,102.62000274658203,102.62999725341797,80.318115234375,2704700,0.0,0.0,0.0
2014-09-18,102.62999725341797,102.6500015258789,102.44999694824219,102.55999755859375,80.26333618164062,556800,0.0,0.0,0.0
2014-09-19,102.7300033569336,102.9800033569336,102.58000183105469,102.94999694824219,80.56852722167969,920600,0.0,0.0,0.0
2014-09-22,103.05000305175781,103.2300033569336,102.98999786376953,103.16999816894531,80.74071502685547,1932600,0.0,0.0,0.0
2014-09-23,103.26000213623047,103.38999938964844,103.16999816894531,103.38999938964844,80.91289520263672,963700,0.0,0.0,0.0
2014-09-24,103.33000183105469,103.41000366210938,103.06999969482422,103.0999984741211,80.68596649169922,485300,0.0,0.0,0.0
2014-09-25,103.25,103.61000061035156,103.25,103.5999984741211,81.07720947265625,399000,0.0,0.0,0.0
2014-09-26,103.4800033569336,103.48999786376953,103.26000213623047,103.37999725341797,80.90503692626953,716100,0.0,0.0,0.0
2014-09-29,103.7300033569336,103.77999877929688,103.63999938964844,103.70999908447266,81.16334533691406,2344500,0.0,0.0,0.0
2014-09-30,103.5999984741211,103.7699966430664,103.54000091552734,103.62000274658203,81.09288024902344,1544600,0.0,0.0,0.0
2014-10-01,103.83999633789062,104.30999755859375,103.83999633789062,104.30000305175781,81.7741928100586,3346000,0.189,0.0,0.0
2014-10-02,104.25,104.37999725341797,103.97000122070312,103.98999786376953,81.53118896484375,2084100,0.0,0.0,0.0
2014-10-03,103.7300033569336,103.97000122070312,103.61000061035156,103.95999908447266,81.5075912475586,1159100,0.0,0.0,0.0
2014-10-06,103.97000122070312,104.26000213623047,103.87999725341797,104.12999725341797,81.64093017578125,1201700,0.0,0.0,0.0
2014-10-07,104.45999908447266,104.77999877929688,104.33999633789062,104.73999786376953,82.11920928955078,1429800,0.0,0.0,0.0
2014-10-08,104.80999755859375,105.12999725341797,104.48999786376953,105.11000061035156,82.40924835205078,2701900,0.0,0.0,0.0
2014-10-09,105.04000091552734,105.18000030517578,104.91000366210938,104.93000030517578,82.2680892944336,5848000,0.0,0.0,0.0
2014-10-10,105.0999984741211,105.38999938964844,105.02999877929688,105.33999633789062,82.58955383300781,4675300,0.0,0.0,0.0
2014-10-13,105.5199966430664,105.94000244140625,105.44000244140625,105.88999938964844,83.02081298828125,2074300,0.0,0.0,0.0
2014-10-14,105.91000366210938,106.12999725341797,105.7699966430664,106.0999984741211,83.1854248046875,2196700,0.0,0.0,0.0
2014-10-15,107.5,108.87999725341797,106.44999694824219,106.69999694824219,83.65583801269531,2196800,0.0,0.0,0.0
2014-10-16,107.23999786376953,107.31999969482422,106.25,106.41000366210938,83.42848205566406,1786700,0.0,0.0,0.0
2014-10-17,106.13999938964844,106.26000213623047,105.87999725341797,106.0999984741211,83.1854248046875,1143300,0.0,0.0,0.0
2014-10-20,106.38999938964844,106.41999816894531,106.11000061035156,106.25,83.30305480957031,1562200,0.0,0.0,0.0
2014-10-21,106.0,106.19999694824219,105.91000366210938,105.95999908447266,83.07569885253906,1973200,0.0,0.0,0.0
2014-10-22,105.83999633789062,105.95999908447266,105.72000122070312,105.93000030517578,83.05217742919922,951800,0.0,0.0,0.0
2014-10-23,105.62999725341797,105.68000030517578,105.30999755859375,105.48999786376953,82.70719909667969,1281700,0.0,0.0,0.0
2014-10-24,105.5999984741211,105.81999969482422,105.5199966430664,105.58000183105469,82.77772521972656,678800,0.0,0.0,0.0
2014-10-27,105.55000305175781,105.79000091552734,105.55000305175781,105.69000244140625,82.86399841308594,872500,0.0,0.0,0.0
2014-10-28,105.58000183105469,105.61000061035156,105.37000274658203,105.43000030517578,82.66014099121094,771500,0.0,0.0,0.0
2014-10-29,105.29000091552734,105.3499984741211,104.73999786376953,105.08000183105469,82.38574981689453,1453100,0.0,0.0,0.0
2014-10-30,105.27999877929688,105.44000244140625,105.13999938964844,105.19000244140625,82.47198486328125,1363500,0.0,0.0,0.0
2014-10-31,105.12000274658203,105.16000366210938,104.88999938964844,105.0199966430664,82.33870697021484,886900,0.0,0.0,0.0
2014-11-03,104.69999694824219,104.8499984741211,104.44999694824219,104.80000305175781,82.30803680419922,2348900,0.181,0.0,0.0
2014-11-04,104.87999725341797,105.05000305175781,104.75,104.79000091552734,82.30023193359375,3854700,0.0,0.0,0.0
2014-11-05,104.63999938964844,104.83000183105469,104.62000274658203,104.81999969482422,82.32377624511719,1079700,0.0,0.0,0.0
2014-11-06,104.62000274658203,104.79000091552734,104.48999786376953,104.5,82.07245635986328,1026100,0.0,0.0,0.0
2014-11-07,104.7699966430664,105.18000030517578,104.76000213623047,105.16999816894531,82.59862518310547,994200,0.0,0.0,0.0
2014-11-10,105.16000366210938,105.16000366210938,104.7300033569336,104.73999786376953,82.26094055175781,1427900,0.0,0.0,0.0
2014-11-11,104.73999786376953,104.7699966430664,104.62000274658203,104.75,82.26884460449219,1220800,0.0,0.0,0.0
2014-11-12,104.98999786376953,105.05999755859375,104.68000030517578,104.70999908447266,82.23734283447266,658300,0.0,0.0,0.0
2014-11-13,104.83999633789062,104.94999694824219,104.72000122070312,104.87999725341797,82.37085723876953,743400,0.0,0.0,0.0
2014-11-14,104.75,105.16000366210938,104.69999694824219,105.0999984741211,82.54370880126953,629800,0.0,0.0,0.0
2014-11-17,105.25,105.25,104.91000366210938,104.9800033569336,82.44940948486328,496500,0.0,0.0,0.0
2014-11-18,105.01000213623047,105.12999725341797,104.9800033569336,105.0999984741211,82.54370880126953,510100,0.0,0.0,0.0
2014-11-19,104.81999969482422,105.11000061035156,104.7699966430664,104.81999969482422,82.32377624511719,560000,0.0,0.0,0.0
2014-11-20,105.22000122070312,105.22000122070312,104.88999938964844,105.01000213623047,82.4729995727539,811500,0.0,0.0,0.0
2014-11-21,105.04000091552734,105.22000122070312,105.01000213623047,105.22000122070312,82.63790130615234,855800,0.0,0.0,0.0
2014-11-24,105.04000091552734,105.3499984741211,104.98999786376953,105.33999633789062,82.7321548461914,13802400,0.0,0.0,0.0
2014-11-25,105.29000091552734,105.62999725341797,105.25,105.5999984741211,82.9363784790039,1244600,0.0,0.0,0.0
2014-11-26,105.81999969482422,105.9000015258789,105.73999786376953,105.77999877929688,83.0777359008789,523300,0.0,0.0,0.0
2014-11-28,106.06999969482422,106.19999694824219,106.0,106.19000244140625,83.39972686767578,367300,0.0,0.0,0.0
2014-12-01,106.30999755859375,106.37000274658203,105.75,105.75,83.1951675415039,2063400,0.18,0.0,0.0
2014-12-02,105.43000030517578,105.5,105.26000213623047,105.27999877929688,82.825439453125,990600,0.0,0.0,0.0
2014-12-03,105.22000122070312,105.3499984741211,105.1500015258789,105.31999969482422,82.85688781738281,851900,0.0,0.0,0.0
2014-12-04,105.33999633789062,105.69000244140625,105.26000213623047,105.69000244140625,83.14798736572266,968300,0.0,0.0,0.0
2014-12-05,105.27999877929688,105.30999755859375,104.93000030517578,105.0999984741211,82.6838150024414,1035900,0.0,0.0,0.0
2014-12-08,105.0999984741211,105.62999725341797,105.08999633789062,105.44999694824219,82.95916748046875,858300,0.0,0.0,0.0
2014-12-09,105.91999816894531,106.12000274658203,105.73999786376953,105.83999633789062,83.26602935791016,945900,0.0,0.0,0.0
2014-12-10,105.79000091552734,106.37000274658203,105.77999877929688,106.31999969482422,83.64360809326172,996800,0.0,0.0,0.0
2014-12-11,106.0999984741211,106.25,105.91000366210938,106.13999938964844,83.50199127197266,15223600,0.0,0.0,0.0
2014-12-12,106.62000274658203,107.0199966430664,106.47000122070312,107.01000213623047,84.1864242553711,7233700,0.0,0.0,0.0
2014-12-15,106.62999725341797,106.94999694824219,106.5,106.62000274658203,83.87966918945312,1248100,0.0,0.0,0.0
2014-12-16,107.27999877929688,107.27999877929688,106.76000213623047,107.16000366210938,84.30448913574219,10633800,0.0,0.0,0.0
2014-12-17,106.9800033569336,107.19999694824219,106.38999938964844,106.41999816894531,83.72230529785156,2086100,0.0,0.0,0.0
2014-12-18,105.86000061035156,105.94999694824219,105.7300033569336,105.81999969482422,83.25028991699219,4833300,0.0,0.0,0.0
2014-12-19,105.98999786376953,106.20999908447266,105.91000366210938,106.20999908447266,83.55709838867188,847800,0.0,0.0,0.0
2014-12-22,106.12000274658203,106.30000305175781,106.05000305175781,106.20999908447266,83.55709838867188,2366700,0.0,0.0,0.0
2014-12-23,105.91000366210938,105.9800033569336,105.31999969482422,105.33000183105469,82.86478424072266,1360300,0.0,0.0,0.0
2014-12-24,105.02999877929688,105.27999877929688,104.94000244140625,105.25,82.92465209960938,1098200,0.156,0.0,0.0
2014-12-26,105.44000244140625,105.44000244140625,105.25,105.38999938964844,83.03494262695312,373600,0.0,0.0,0.0
2014-12-29,105.58000183105469,105.83000183105469,105.55999755859375,105.75,83.31861877441406,2447300,0.0,0.0,0.0
2014-12-30,106.01000213623047,106.08000183105469,105.80999755859375,105.87000274658203,83.41317749023438,1194700,0.0,0.0,0.0
2014-12-31,105.94000244140625,106.08000183105469,105.93000030517578,105.98999786376953,83.50770568847656,1010400,0.0,0.0,0.0
2015-01-02,106.08999633789062,106.66000366210938,106.05999755859375,106.52999877929688,83.93314361572266,2028600,0.0,0.0,0.0
2015-01-05,106.70999908447266,107.25,106.66000366210938,107.18000030517578,84.44523620605469,1521700,0.0,0.0,0.0
2015-01-06,107.62999725341797,108.47000122070312,107.52999877929688,107.9000015258789,85.01255798339844,1890200,0.0,0.0,0.0
2015-01-07,107.58999633789062,108.01000213623047,107.45999908447266,107.87999725341797,84.99678039550781,1558000,0.0,0.0,0.0
2015-01-08,107.52999877929688,107.56999969482422,107.30999755859375,107.44000244140625,84.65009307861328,1671000,0.0,0.0,0.0
2015-01-09,107.56999969482422,108.0999984741211,107.45999908447266,107.97000122070312,85.06770324707031,1107800,0.0,0.0,0.0
2015-01-12,108.08000183105469,108.44000244140625,108.0199966430664,108.3499984741211,85.36709594726562,2700900,0.0,0.0,0.0
2015-01-13,108.2300033569336,108.63999938964844,108.12000274658203,108.44999694824219,85.44586944580078,1038800,0.0,0.0,0.0
2015-01-14,109.19999694824219,109.3499984741211,108.87999725341797,108.94999694824219,85.83981323242188,1545800,0.0,0.0,0.0
2015-01-15,109.01000213623047,109.9000015258789,108.94000244140625,109.87999725341797,86.57255554199219,1374100,0.0,0.0,0.0
2015-01-16,109.63999938964844,109.73999786376953,109.05999755859375,109.06999969482422,85.93441772460938,1689100,0.0,0.0,0.0
2015-01-20,109.29000091552734,109.66000366210938,109.16000366210938,109.31999969482422,86.13131713867188,1346200,0.0,0.0,0.0
2015-01-21,109.38999938964844,109.52999877929688,108.75,108.80000305175781,85.72161102294922,2298200,0.0,0.0,0.0
2015-01-22,109.06999969482422,109.0999984741211,108.4000015258789,108.52999877929688,85.5089111328125,1330800,0.0,0.0,0.0
2015-01-23,108.93000030517578,109.27999877929688,108.93000030517578,109.23999786376953,86.06832122802734,1248200,0.0,0.0,0.0
2015-01-26,109.16000366210938,109.2699966430664,108.9000015258789,108.98999786376953,85.87135314941406,1546200,0.0,0.0,0.0
2015-01-27,109.58999633789062,109.70999908447266,109.0199966430664,109.13999938964844,85.98951721191406,863300,0.0,0.0,0.0
2015-01-28,109.18000030517578,110.12999725341797,109.18000030517578,109.9800033569336,86.65137481689453,3346300,0.0,0.0,0.0
2015-01-29,109.66999816894531,109.80000305175781,109.41999816894531,109.58999633789062,86.34404754638672,1393400,0.0,0.0,0.0
2015-01-30,110.5199966430664,110.58999633789062,110.06999969482422,110.55000305175781,87.10047912597656,2219800,0.0,0.0,0.0
2015-02-02,109.94999694824219,110.4000015258789,109.93000030517578,110.2300033569336,86.99151611328125,11544700,0.182,0.0,0.0
2015-02-03,109.7300033569336,109.73999786376953,109.29000091552734,109.30000305175781,86.25759887695312,1465200,0.0,0.0,0.0
2015-02-04,108.95999908447266,109.54000091552734,108.87999725341797,109.4800033569336,86.39961242675781,1655500,0.0,0.0,0.0
2015-02-05,109.2300033569336,109.2699966430664,108.97000122070312,109.08000183105469,86.08396911621094,1392700,0.0,0.0,0.0
2015-02-06,108.37000274658203,108.47000122070312,107.8499984741211,107.86000061035156,85.12118530273438,2016700,0.0,0.0,0.0
2015-02-09,108.19999694824219,108.20999908447266,107.80000305175781,107.80999755859375,85.08171844482422,1599900,0.0,0.0,0.0
2015-02-10,107.62999725341797,107.73999786376953,107.45999908447266,107.54000091552734,84.86866760253906,1244500,0.0,0.0,0.0
2015-02-11,107.6500015258789,107.75,107.31999969482422,107.5,84.83704376220703,1286100,0.0,0.0,0.0
2015-02-12,107.4800033569336,107.80999755859375,107.45999908447266,107.54000091552734,84.86866760253906,1845200,0.0,0.0,0.0
2015-02-13,107.5,107.55000305175781,107.16999816894531,107.18000030517578,84.58448791503906,1302400,0.0,0.0,0.0
2015-02-17,107.05999755859375,107.1500015258789,106.25,106.41999816894531,83.9847640991211,2170100,0.0,0.0,0.0
2015-02-18,106.5,107.20999908447266,106.4000015258789,106.93000030517578,84.38720703125,8204600,0.0,0.0,0.0
2015-02-19,106.83000183105469,107.05999755859375,106.55999755859375,106.66000366210938,84.17415618896484,1459500,0.0,0.0,0.0
2015-02-20,107.02999877929688,107.20999908447266,106.38999938964844,106.5999984741211,84.12681579589844,1893000,0.0,0.0,0.0
2015-02-23,106.88999938964844,107.12000274658203,106.8499984741211,107.08999633789062,84.51346588134766,818200,0.0,0.0,0.0
2015-02-24,106.94000244140625,107.80999755859375,106.70999908447266,107.80000305175781,85.07383728027344,1180900,0.0,0.0,0.0
2015-02-25,107.77999877929688,107.94999694824219,107.62999725341797,107.9000015258789,85.15275573730469,595300,0.0,0.0,0.0
2015-02-26,107.73999786376953,107.86000061035156,107.25,107.26000213623047,84.647705078125,865900,0.0,0.0,0.0
2015-02-27,107.51000213623047,107.68000030517578,107.2300033569336,107.63999938964844,84.947509765625,2901700,0.0,0.0,0.0
2015-03-02,107.37999725341797,107.41000366210938,106.6500015258789,106.66999816894531,84.3152084350586,10270800,0.17,0.0,0.0
2015-03-03,106.63999938964844,106.80999755859375,106.4000015258789,106.44000244140625,84.13340759277344,1224400,0.0,0.0,0.0
2015-03-04,106.62999725341797,106.72000122070312,106.37000274658203,106.5199966430664,84.19664001464844,1871100,0.0,0.0,0.0
2015-03-05,106.54000091552734,106.75,106.36000061035156,106.58000183105469,84.24406433105469,2253200,0.0,0.0,0.0
2015-03-06,105.83999633789062,105.86000061035156,105.44000244140625,105.48999786376953,83.38251495361328,1734000,0.0,0.0,0.0
2015-03-09,105.9000015258789,105.9800033569336,105.75,105.9800033569336,83.76981353759766,1218100,0.0,0.0,0.0
2015-03-10,106.44999694824219,106.58999633789062,106.29000091552734,106.43000030517578,84.12551879882812,1309200,0.0,0.0,0.0
2015-03-11,106.38999938964844,106.70999908447266,106.33000183105469,106.62000274658203,84.27566528320312,945700,0.0,0.0,0.0
2015-03-12,107.01000213623047,107.05999755859375,106.55000305175781,106.72000122070312,84.35472869873047,916800,0.0,0.0,0.0
2015-03-13,106.61000061035156,106.93000030517578,106.5,106.55999755859375,84.22830963134766,846900,0.0,0.0,0.0
2015-03-16,106.95999908447266,107.0999984741211,106.75,106.93000030517578,84.52070617675781,639400,0.0,0.0,0.0
2015-03-17,107.16999816894531,107.19999694824219,107.0199966430664,107.1500015258789,84.6945571899414,768500,0.0,0.0,0.0
2015-03-18,107.44999694824219,108.4800033569336,107.12999725341797,108.37999725341797,85.66681671142578,1963600,0.0,0.0,0.0
2015-03-19,108.12999725341797,108.29000091552734,107.7300033569336,107.87000274658203,85.26371765136719,985600,0.0,0.0,0.0
2015-03-20,108.2300033569336,108.30999755859375,108.12000274658203,108.30999755859375,85.61153411865234,1194800,0.0,0.0,0.0
2015-03-23,108.41000366210938,108.5,108.19999694824219,108.44999694824219,85.72213745117188,795100,0.0,0.0,0.0
2015-03-24,108.45999908447266,108.77999877929688,108.37000274658203,108.77999877929688,85.98301696777344,584500,0.0,0.0,0.0
2015-03-25,108.79000091552734,108.83999633789062,108.30999755859375,108.30999755859375,85.61153411865234,1240200,0.0,0.0,0.0
2015-03-26,108.13999938964844,108.1500015258789,107.61000061035156,107.69999694824219,85.12935638427734,928300,0.0,0.0,0.0
2015-03-27,107.91000366210938,108.19999694824219,107.91000366210938,108.12000274658203,85.46129608154297,2492500,0.0,0.0,0.0
2015-03-30,108.16000366210938,108.23999786376953,107.97000122070312,108.11000061035156,85.45341491699219,2017700,0.0,0.0,0.0
2015-03-31,108.0999984741211,108.4000015258789,108.0199966430664,108.38999938964844,85.67473602294922,2137200,0.0,0.0,0.0
2015-04-01,108.55000305175781,108.8499984741211,108.52999877929688,108.7300033569336,86.08250427246094,2570100,0.175,0.0,0.0
2015-04-02,108.70999908447266,108.7300033569336,108.38999938964844,108.41999816894531,85.83708190917969,1126400,0.0,0.0,0.0
2015-04-06,108.94999694824219,109.04000091552734,108.48999786376953,108.55999755859375,85.94790649414062,1268500,0.0,0.0,0.0
2015-04-07,108.43000030517578,108.69000244140625,108.31999969482422,108.6500015258789,86.01912689208984,750700,0.0,0.0,0.0
2015-04-08,108.66999816894531,108.69000244140625,108.33000183105469,108.55000305175781,85.93995666503906,886400,0.0,0.0,0.0
2015-04-09,108.4800033569336,108.48999786376953,108.01000213623047,108.11000061035156,85.59158325195312,890600,0.0,0.0,0.0
2015-04-10,108.31999969482422,108.37999725341797,108.05999755859375,108.08000183105469,85.56788635253906,789700,0.0,0.0,0.0
2015-04-13,108.13999938964844,108.37000274658203,108.12000274658203,108.30000305175781,85.74203491210938,624800,0.0,0.0,0.0
2015-04-14,108.80000305175781,108.97000122070312,108.52999877929688,108.62000274658203,85.995361328125,825400,0.0,0.0,0.0
2015-04-15,108.79000091552734,108.8499984741211,108.62999725341797,108.68000030517578,86.04289245605469,566400,0.0,0.0,0.0
2015-04-16,108.73999786376953,108.9000015258789,108.43000030517578,108.76000213623047,86.10627746582031,903300,0.0,0.0,0.0
2015-04-17,108.66999816894531,109.12000274658203,108.5999984741211,108.9800033569336,86.28043365478516,1945700,0.0,0.0,0.0
2015-04-20,108.93000030517578,108.95999908447266,108.6500015258789,108.77999877929688,86.1220932006836,878100,0.0,0.0,0.0
2015-04-21,108.69999694824219,108.72000122070312,108.5,108.55000305175781,85.93995666503906,811000,0.0,0.0,0.0
2015-04-22,108.4800033569336,108.4800033569336,107.9000015258789,107.91999816894531,85.44120788574219,725100,0.0,0.0,0.0
2015-04-23,107.98999786376953,108.37999725341797,107.93000030517578,108.25,85.70247650146484,918700,0.0,0.0,0.0
2015-04-24,108.41999816894531,108.66000366210938,108.41000366210938,108.62999725341797,86.0033187866211,739100,0.0,0.0,0.0
2015-04-27,108.51000213623047,108.62000274658203,108.30000305175781,108.45999908447266,85.86869049072266,854400,0.0,0.0,0.0
2015-04-28,108.19999694824219,108.44000244140625,107.91999816894531,107.95999908447266,85.47283935546875,1101100,0.0,0.0,0.0
2015-04-29,107.44999694824219,107.7300033569336,107.30999755859375,107.55999755859375,85.1561508178711,1118000,0.0,0.0,0.0
2015-04-30,107.18000030517578,107.62000274658203,106.95999908447266,107.52999877929688,85.13240051269531,2650600,0.0,0.0,0.0
2015-05-01,107.05000305175781,107.16000366210938,106.69999694824219,106.77999877929688,84.66697692871094,1854300,0.163,0.0,0.0
2015-05-04,106.87000274658203,107.0199966430664,106.55000305175781,106.55999755859375,84.49254608154297,2784900,0.0,0.0,0.0
2015-05-05,106.62000274658203,106.62000274658203,106.12000274658203,106.37999725341797,84.34980773925781,2050800,0.0,0.0,0.0
2015-05-06,106.19999694824219,106.2699966430664,105.73999786376953,105.86000061035156,83.9375,1802100,0.0,0.0,0.0
2015-05-07,106.05000305175781,106.41999816894531,105.97000122070312,106.30999755859375,84.29427337646484,2201300,0.0,0.0,0.0
2015-05-08,106.95999908447266,107.04000091552734,106.5999984741211,106.72000122070312,84.6194076538086,1004300,0.0,0.0,0.0
2015-05-11,106.38999938964844,106.38999938964844,105.63999938964844,105.66999816894531,83.7868423461914,1324400,0.0,0.0,0.0
2015-05-12,105.5,105.97000122070312,105.4000015258789,105.75,83.85030364990234,1431000,0.0,0.0,0.0
2015-05-13,106.1500015258789,106.1500015258789,105.55999755859375,105.61000061035156,83.73930358886719,1221200,0.0,0.0,0.0
2015-05-14,105.75,106.08000183105469,105.75,105.97000122070312,84.02472686767578,617500,0.0,0.0,0.0
2015-05-15,106.27999877929688,106.80000305175781,106.2300033569336,106.7300033569336,84.6273422241211,854900,0.0,0.0,0.0
2015-05-18,106.30000305175781,106.38999938964844,105.98999786376953,106.01000213623047,84.05646514892578,1000400,0.0,0.0,0.0
2015-05-19,105.52999877929688,105.9800033569336,105.41999816894531,105.54000091552734,83.68379974365234,1240400,0.0,0.0,0.0
2015-05-20,105.80000305175781,106.06999969482422,105.62000274658203,105.7699966430664,83.86614227294922,1682600,0.0,0.0,0.0
2015-05-21,106.0999984741211,106.41999816894531,106.02999877929688,106.4000015258789,84.36561584472656,836700,0.0,0.0,0.0
2015-05-22,106.19999694824219,106.27999877929688,105.94000244140625,106.16000366210938,84.17535400390625,852300,0.0,0.0,0.0
2015-05-26,106.20999908447266,106.81999969482422,106.16999816894531,106.81999969482422,84.69872283935547,1925600,0.0,0.0,0.0
2015-05-27,106.68000030517578,106.83999633789062,106.45999908447266,106.76000213623047,84.65113067626953,1015000,0.0,0.0,0.0
2015-05-28,106.75,106.94999694824219,106.66000366210938,106.86000061035156,84.73042297363281,1068200,0.0,0.0,0.0
2015-05-29,107.05000305175781,107.19000244140625,106.91000366210938,106.91999816894531,84.77800750732422,1148500,0.0,0.0,0.0
2015-06-01,106.7300033569336,106.80999755859375,106.1500015258789,106.27999877929688,84.40392303466797,2161700,0.169,0.0,0.0
2015-06-02,105.87999725341797,105.91000366210938,105.47000122070312,105.54000091552734,83.81622314453125,1484500,0.0,0.0,0.0
2015-06-03,105.13999938964844,105.13999938964844,104.58000183105469,104.63999938964844,83.10150909423828,1703400,0.0,0.0,0.0
2015-06-04,104.86000061035156,105.30000305175781,104.86000061035156,105.1500015258789,83.50652313232422,1594800,0.0,0.0,0.0
2015-06-05,104.41000366210938,104.70999908447266,104.20999908447266,104.38999938964844,82.90299987792969,1384900,0.0,0.0,0.0
2015-06-08,104.66000366210938,104.73999786376953,104.52999877929688,104.54000091552734,83.02210998535156,877800,0.0,0.0,0.0
2015-06-09,104.44999694824219,104.48999786376953,104.08000183105469,104.19999694824219,82.7520751953125,822400,0.0,0.0,0.0
2015-06-10,104.02999877929688,104.08999633789062,103.76000213623047,103.80000305175781,82.43437194824219,967000,0.0,0.0,0.0
2015-06-11,104.16000366210938,104.62999725341797,104.0199966430664,104.62000274658203,83.08562469482422,3069700,0.0,0.0,0.0
2015-06-12,104.44000244140625,104.98999786376953,104.41999816894531,104.55999755859375,83.03794860839844,1578100,0.0,0.0,0.0
2015-06-15,105.08999633789062,105.1500015258789,104.70999908447266,104.80999755859375,83.23651885986328,1478800,0.0,0.0,0.0
2015-06-16,105.04000091552734,105.23999786376953,104.88999938964844,105.20999908447266,83.55416107177734,779000,0.0,0.0,0.0
2015-06-17,105.05999755859375,105.37999725341797,104.58000183105469,105.2699966430664,83.60185241699219,1994000,0.0,0.0,0.0
2015-06-18,105.12999725341797,105.29000091552734,104.79000091552734,105.19000244140625,83.538330078125,1481600,0.0,0.0,0.0
2015-06-19,105.58000183105469,105.77999877929688,105.51000213623047,105.75,83.98303985595703,1849600,0.0,0.0,0.0
2015-06-22,105.27999877929688,105.31999969482422,104.81999969482422,104.86000061035156,83.27623748779297,860300,0.0,0.0,0.0
2015-06-23,104.4800033569336,104.91000366210938,104.43000030517578,104.54000091552734,83.02210998535156,925000,0.0,0.0,0.0
2015-06-24,104.72000122070312,104.9000015258789,104.52999877929688,104.8499984741211,83.26828002929688,1176500,0.0,0.0,0.0
2015-06-25,104.58999633789062,104.7699966430664,104.43000030517578,104.58999633789062,83.06178283691406,919800,0.0,0.0,0.0
2015-06-26,104.19000244140625,104.29000091552734,103.97000122070312,104.08999633789062,82.6646957397461,1441500,0.0,0.0,0.0
2015-06-29,104.75,105.4000015258789,104.61000061035156,105.30000305175781,83.62565612792969,1500900,0.0,0.0,0.0
2015-06-30,104.8499984741211,105.37000274658203,104.8499984741211,105.01000213623047,83.39535522460938,1599400,0.0,0.0,0.0
2015-07-01,104.4000015258789,104.51000213623047,104.1500015258789,104.30000305175781,82.95948028564453,3738800,0.162,0.0,0.0
2015-07-02,104.66000366210938,104.86000061035156,104.58999633789062,104.66999816894531,83.2537841796875,1924600,0.0,0.0,0.0
2015-07-06,105.45999908447266,105.55999755859375,105.0199966430664,105.41000366210938,83.84236907958984,1723300,0.0,0.0,0.0
2015-07-07,105.9800033569336,106.30999755859375,105.63999938964844,105.69000244140625,84.06510162353516,2083900,0.0,0.0,0.0
2015-07-08,105.9000015258789,106.23999786376953,105.79000091552734,106.11000061035156,84.39915466308594,1991200,0.0,0.0,0.0
2015-07-09,105.58999633789062,105.72000122070312,105.3499984741211,105.37000274658203,83.810546875,1206900,0.0,0.0,0.0
2015-07-10,104.69000244140625,104.97000122070312,104.45999908447266,104.63999938964844,83.22991180419922,3719900,0.0,0.0,0.0
2015-07-13,104.18000030517578,104.58999633789062,104.18000030517578,104.36000061035156,83.00720977783203,1322300,0.0,0.0,0.0
2015-07-14,104.63999938964844,104.72000122070312,104.54000091552734,104.69000244140625,83.26966094970703,1321600,0.0,0.0,0.0
2015-07-15,104.56999969482422,105.16999816894531,104.55999755859375,105.08999633789062,83.58781433105469,1239500,0.0,0.0,0.0
2015-07-16,104.81999969482422,105.16999816894531,104.75,105.05000305175781,83.5560073852539,811400,0.0,0.0,0.0
2015-07-17,104.94999694824219,105.16000366210938,104.94000244140625,105.05999755859375,83.5639877319336,881300,0.0,0.0,0.0
2015-07-20,104.87999725341797,104.91999816894531,104.66999816894531,104.8499984741211,83.39691162109375,842500,0.0,0.0,0.0
2015-07-21,104.73999786376953,105.19000244140625,104.69999694824219,105.13999938964844,83.62761688232422,676600,0.0,0.0,0.0
2015-07-22,105.16999816894531,105.43000030517578,105.16000366210938,105.2699966430664,83.73099517822266,523800,0.0,0.0,0.0
2015-07-23,105.16999816894531,105.69999694824219,105.13999938964844,105.69999694824219,84.07299041748047,1064800,0.0,0.0,0.0
2015-07-24,105.77999877929688,105.8499984741211,105.61000061035156,105.80000305175781,84.15258026123047,1098400,0.0,0.0,0.0
2015-07-27,106.18000030517578,106.2300033569336,106.0,106.1500015258789,84.43096160888672,1392600,0.0,0.0,0.0
2015-07-28,105.88999938964844,105.98999786376953,105.80000305175781,105.8499984741211,84.19232940673828,6205200,0.0,0.0,0.0
2015-07-29,105.75,106.08999633789062,105.55000305175781,105.69999694824219,84.07299041748047,2107300,0.0,0.0,0.0
2015-07-30,105.62999725341797,105.8499984741211,105.55999755859375,105.81999969482422,84.16846466064453,683200,0.0,0.0,0.0
2015-07-31,106.3499984741211,106.5199966430664,106.23999786376953,106.44000244140625,84.66158294677734,1113000,0.0,0.0,0.0
2015-08-03,106.30000305175781,106.69999694824219,106.26000213623047,106.5999984741211,84.91969299316406,2627700,0.164,0.0,0.0
2015-08-04,106.44999694824219,106.5,105.98999786376953,106.05000305175781,84.48158264160156,1036000,0.0,0.0,0.0
2015-08-05,105.80000305175781,105.81999969482422,105.48999786376953,105.63999938964844,84.15494537353516,1283300,0.0,0.0,0.0
2015-08-06,105.80000305175781,106.05999755859375,105.75,106.01000213623047,84.4496841430664,731700,0.0,0.0,0.0
2015-08-07,106.0999984741211,106.45999908447266,106.04000091552734,106.43000030517578,84.7842788696289,1533700,0.0,0.0,0.0
2015-08-10,106.08000183105469,106.19000244140625,105.87000274658203,105.98999786376953,84.43377685546875,1123900,0.0,0.0,0.0
2015-08-11,106.55999755859375,106.93000030517578,106.55000305175781,106.69000244140625,84.9914321899414,2263800,0.0,0.0,0.0
2015-08-12,106.86000061035156,107.22000122070312,106.63999938964844,106.6500015258789,84.95957946777344,1765700,0.0,0.0,0.0
2015-08-13,106.41000366210938,106.63999938964844,106.27999877929688,106.37000274658203,84.73649597167969,1626500,0.0,0.0,0.0
2015-08-14,106.18000030517578,106.44000244140625,106.08000183105469,106.26000213623047,84.64884185791016,612500,0.0,0.0,0.0
2015-08-17,106.62000274658203,106.69999694824219,106.43000030517578,106.44999694824219,84.80023956298828,905300,0.0,0.0,0.0
2015-08-18,106.2699966430664,106.48999786376953,106.23999786376953,106.27999877929688,84.664794921875,690400,0.0,0.0,0.0
2015-08-19,106.06999969482422,107.01000213623047,106.05999755859375,106.93000030517578,85.18257904052734,1444500,0.0,0.0,0.0
2015-08-20,107.08999633789062,107.30999755859375,107.01000213623047,107.22000122070312,85.41364288330078,1933300,0.0,0.0,0.0
2015-08-21,107.37000274658203,107.70999908447266,107.25,107.6500015258789,85.75616455078125,2123600,0.0,0.0,0.0
2015-08-24,108.5,108.76000213623047,107.58000183105469,107.83000183105469,85.89952850341797,3074800,0.0,0.0,0.0
2015-08-25,107.41000366210938,107.41999816894531,106.8499984741211,107.23999786376953,85.42953491210938,2925500,0.0,0.0,0.0
2015-08-26,106.75,107.2300033569336,106.48999786376953,106.58000183105469,84.90380859375,3512900,0.0,0.0,0.0
2015-08-27,106.43000030517578,106.70999908447266,106.33000183105469,106.5199966430664,84.85595703125,1414100,0.0,0.0,0.0
2015-08-28,106.94999694824219,107.02999877929688,106.45999908447266,106.54000091552734,84.87190246582031,1998000,0.0,0.0,0.0
2015-08-31,106.91999816894531,106.94999694824219,106.33000183105469,106.36000061035156,84.728515625,5431600,0.0,0.0,0.0
2015-09-01,106.48999786376953,106.69999694824219,106.37999725341797,106.66999816894531,85.10917663574219,3749700,0.167,0.0,0.0
2015-09-02,106.43000030517578,106.66999816894531,106.33000183105469,106.37999725341797,84.87773132324219,2441700,0.0,0.0,0.0
2015-09-03,106.63999938964844,106.69000244140625,106.37000274658203,106.63999938964844,85.08518981933594,1791300,0.0,0.0,0.0
2015-09-04,106.83999633789062,107.08000183105469,106.62000274658203,106.97000122070312,85.34850311279297,1421300,0.0,0.0,0.0
2015-09-08,106.5199966430664,106.62999725341797,106.41999816894531,106.5,84.97348022460938,1583500,0.0,0.0,0.0
2015-09-09,106.08999633789062,106.68000030517578,106.05999755859375,106.54000091552734,85.00537109375,1397200,0.0,0.0,0.0
2015-09-10,106.44999694824219,106.45999908447266,106.16999816894531,106.30000305175781,84.81388854980469,1601600,0.0,0.0,0.0
2015-09-11,106.5199966430664,106.70999908447266,106.4800033569336,106.58000183105469,85.03726196289062,1069000,0.0,0.0,0.0
2015-09-14,106.80000305175781,106.80999755859375,106.55999755859375,106.68000030517578,85.11707305908203,897500,0.0,0.0,0.0
2015-09-15,106.47000122070312,106.51000213623047,105.81999969482422,105.83999633789062,84.4468765258789,1903000,0.0,0.0,0.0
2015-09-16,105.77999877929688,106.0199966430664,105.69999694824219,105.80999755859375,84.4229507446289,1305300,0.0,0.0,0.0
2015-09-17,105.76000213623047,106.69999694824219,105.76000213623047,106.69000244140625,85.1250991821289,2394300,0.0,0.0,0.0
2015-09-18,106.97000122070312,107.20999908447266,106.8499984741211,107.19000244140625,85.52400207519531,2074200,0.0,0.0,0.0
2015-09-21,106.80000305175781,107.19000244140625,106.4800033569336,106.58000183105469,85.03726196289062,1591700,0.0,0.0,0.0
2015-09-22,106.98999786376953,107.30000305175781,106.91000366210938,107.11000061035156,85.46017456054688,1395500,0.0,0.0,0.0
2015-09-23,107.02999877929688,107.12000274658203,106.8499984741211,106.98999786376953,85.3644027709961,1364300,0.0,0.0,0.0
2015-09-24,107.43000030517578,107.54000091552734,107.12000274658203,107.1500015258789,85.49213409423828,1393000,0.0,0.0,0.0
2015-09-25,106.83000183105469,106.95999908447266,106.70999908447266,106.87000274658203,85.26869201660156,1564000,0.0,0.0,0.0
2015-09-28,107.0199966430664,107.4800033569336,106.97000122070312,107.4800033569336,85.75534057617188,1926000,0.0,0.0,0.0
2015-09-29,107.56999969482422,107.93000030517578,107.4800033569336,107.8499984741211,86.05061340332031,2460900,0.0,0.0,0.0
2015-09-30,107.62000274658203,107.9000015258789,107.58999633789062,107.87000274658203,86.06659698486328,2676000,0.0,0.0,0.0
2015-10-01,107.9000015258789,108.05000305175781,107.75,107.79000091552734,86.13368225097656,10101300,0.164,0.0,0.0
2015-10-02,108.75,108.97000122070312,108.12999725341797,108.30999755859375,86.54922485351562,3320200,0.0,0.0,0.0
2015-10-05,108.08000183105469,108.08000183105469,107.66999816894531,107.70999908447266,86.06976318359375,3034900,0.0,0.0,0.0
2015-10-06,107.62999725341797,107.9800033569336,107.58999633789062,107.93000030517578,86.24554443359375,2104000,0.0,0.0,0.0
2015-10-07,107.66999816894531,107.80999755859375,107.5199966430664,107.66000366210938,86.0298080444336,2338000,0.0,0.0,0.0
2015-10-08,107.69999694824219,107.79000091552734,107.27999877929688,107.37999725341797,85.80606842041016,2176800,0.0,0.0,0.0
2015-10-09,107.33000183105469,107.52999877929688,107.27999877929688,107.44000244140625,85.85401153564453,1069400,0.0,0.0,0.0
2015-10-12,107.6500015258789,107.81999969482422,107.55999755859375,107.80000305175781,86.14169311523438,1336300,0.0,0.0,0.0
2015-10-13,107.87999725341797,107.94000244140625,107.62000274658203,107.9000015258789,86.22154998779297,1849700,0.0,0.0,0.0
2015-10-14,108.27999877929688,108.51000213623047,108.05999755859375,108.48999786376953,86.6930160522461,1359600,0.0,0.0,0.0
2015-10-15,108.30999755859375,108.33999633789062,108.05000305175781,108.12000274658203,86.39736938476562,1075500,0.0,0.0,0.0
2015-10-16,108.2300033569336,108.2300033569336,107.97000122070312,108.02999877929688,86.32548522949219,1773000,0.0,0.0,0.0
2015-10-19,108.02999877929688,108.05000305175781,107.75,107.9800033569336,86.28553771972656,1744500,0.0,0.0,0.0
2015-10-20,107.66999816894531,107.7300033569336,107.55999755859375,107.61000061035156,85.98983764648438,1134500,0.0,0.0,0.0
2015-10-21,107.80999755859375,108.05000305175781,107.80999755859375,107.9800033569336,86.28553771972656,6576500,0.0,0.0,0.0
2015-10-22,108.02999877929688,108.19999694824219,107.8499984741211,108.08999633789062,86.37339782714844,2411400,0.0,0.0,0.0
2015-10-23,107.62000274658203,107.62000274658203,107.44999694824219,107.4800033569336,85.88597106933594,2029600,0.0,0.0,0.0
2015-10-26,107.66000366210938,107.80000305175781,107.62999725341797,107.76000213623047,86.10975646972656,3131500,0.0,0.0,0.0
2015-10-27,108.0,108.19000244140625,107.94000244140625,108.02999877929688,86.32548522949219,1373100,0.0,0.0,0.0
2015-10-28,107.9800033569336,108.0,107.33000183105469,107.47000122070312,85.87799072265625,2058200,0.0,0.0,0.0
2015-10-29,107.20999908447266,107.22000122070312,106.79000091552734,106.80999755859375,85.35055541992188,1772400,0.0,0.0,0.0
2015-10-30,106.88999938964844,107.08000183105469,106.8499984741211,107.0199966430664,85.51837921142578,3424800,0.0,0.0,0.0
2015-11-02,106.62999725341797,106.69999694824219,106.5199966430664,106.55000305175781,85.272705078125,5313500,0.163,0.0,0.0
2015-11-03,106.45999908447266,106.5199966430664,106.22000122070312,106.2699966430664,85.04859924316406,1941700,0.0,0.0,0.0
2015-11-04,106.30000305175781,106.47000122070312,106.05999755859375,106.16000366210938,84.96056365966797,1933200,0.0,0.0,0.0
2015-11-05,106.16000366210938,106.19000244140625,105.93000030517578,106.08999633789062,84.90455627441406,1554600,0.0,0.0,0.0
2015-11-06,105.44000244140625,105.5199966430664,105.2300033569336,105.37000274658203,84.32832336425781,2968600,0.0,0.0,0.0
2015-11-09,105.04000091552734,105.3499984741211,105.0199966430664,105.19000244140625,84.18428802490234,3223900,0.0,0.0,0.0
2015-11-10,105.36000061035156,105.58000183105469,105.25,105.38999938964844,84.34431457519531,1467900,0.0,0.0,0.0
2015-11-11,105.29000091552734,105.38999938964844,105.25,105.33999633789062,84.30431365966797,1638100,0.0,0.0,0.0
2015-11-12,105.3499984741211,105.58000183105469,105.3499984741211,105.4000015258789,84.35236358642578,2399100,0.0,0.0,0.0
2015-11-13,105.62000274658203,105.83000183105469,105.62000274658203,105.80000305175781,84.6724624633789,2665300,0.0,0.0,0.0
2015-11-16,105.98999786376953,106.08999633789062,105.81999969482422,105.94000244140625,84.78447723388672,1412800,0.0,0.0,0.0
2015-11-17,105.62000274658203,106.05999755859375,105.54000091552734,105.91000366210938,84.7605209350586,1180000,0.0,0.0,0.0
2015-11-18,105.79000091552734,105.97000122070312,105.68000030517578,105.86000061035156,84.72047424316406,941500,0.0,0.0,0.0
2015-11-19,106.12000274658203,106.19999694824219,106.02999877929688,106.08999633789062,84.90455627441406,1967200,0.0,0.0,0.0
2015-11-20,106.1500015258789,106.2300033569336,105.94999694824219,105.94999694824219,84.79251861572266,1287900,0.0,0.0,0.0
2015-11-23,105.88999938964844,106.18000030517578,105.8499984741211,106.08999633789062,84.90455627441406,1377100,0.0,0.0,0.0
2015-11-24,106.1500015258789,106.31999969482422,106.12000274658203,106.19000244140625,84.98457336425781,1094500,0.0,0.0,0.0
2015-11-25,106.25,106.31999969482422,106.08999633789062,106.25,85.03264617919922,752400,0.0,0.0,0.0
2015-11-27,106.3499984741211,106.44000244140625,106.33999633789062,106.36000061035156,85.12066650390625,759600,0.0,0.0,0.0
2015-11-30,106.3499984741211,106.41999816894531,106.33999633789062,106.4000015258789,85.15262603759766,2266900,0.0,0.0,0.0
2015-12-01,106.23999786376953,106.80999755859375,106.23999786376953,106.80000305175781,85.60554504394531,2805800,0.165,0.0,0.0
2015-12-02,106.55999755859375,106.62999725341797,106.36000061035156,106.5,85.36505889892578,1579000,0.0,0.0,0.0
2015-12-03,106.02999877929688,106.04000091552734,105.16999816894531,105.37999725341797,84.4673080444336,2750500,0.0,0.0,0.0
2015-12-04,105.58999633789062,105.87999725341797,105.48999786376953,105.7699966430664,84.77994537353516,2231500,0.0,0.0,0.0
2015-12-07,105.83000183105469,106.3499984741211,105.80000305175781,106.11000061035156,85.05245208740234,1954000,0.0,0.0,0.0
2015-12-08,106.37000274658203,106.37000274658203,106.05000305175781,106.16999816894531,85.10053253173828,1519900,0.0,0.0,0.0
2015-12-09,106.11000061035156,106.45999908447266,105.87000274658203,106.33000183105469,85.22880554199219,3711100,0.0,0.0,0.0
2015-12-10,106.37000274658203,106.37999725341797,106.08999633789062,106.0999984741211,85.04439544677734,1545000,0.0,0.0,0.0
2015-12-11,106.61000061035156,107.08999633789062,106.58000183105469,106.94999694824219,85.7257308959961,3352900,0.0,0.0,0.0
2015-12-14,106.5,106.63999938964844,106.16000366210938,106.16000366210938,85.09252166748047,2204400,0.0,0.0,0.0
2015-12-15,105.76000213623047,105.98999786376953,105.72000122070312,105.88999938964844,84.87609100341797,1591000,0.0,0.0,0.0
2015-12-16,105.69000244140625,105.9800033569336,105.4000015258789,105.61000061035156,84.65167236328125,1911800,0.0,0.0,0.0
2015-12-17,105.76000213623047,106.11000061035156,105.76000213623047,106.05000305175781,85.00436401367188,1202600,0.0,0.0,0.0
2015-12-18,106.30000305175781,106.54000091552734,106.20999908447266,106.43000030517578,85.3089370727539,4396700,0.0,0.0,0.0
2015-12-21,106.38999938964844,106.61000061035156,106.38999938964844,106.4800033569336,85.34900665283203,1603200,0.0,0.0,0.0
2015-12-22,106.30000305175781,106.36000061035156,106.08000183105469,106.18000030517578,85.10856628417969,1411800,0.0,0.0,0.0
2015-12-23,105.9000015258789,105.98999786376953,105.80000305175781,105.94000244140625,84.9161605834961,1380800,0.0,0.0,0.0
2015-12-24,105.86000061035156,105.97000122070312,105.77999877929688,105.97000122070312,85.07194519042969,654200,0.164,0.0,0.0
2015-12-28,105.94000244140625,106.16000366210938,105.87999725341797,105.98999786376953,85.08802795410156,2198300,0.0,0.0,0.0
2015-12-29,105.87999725341797,105.87999725341797,105.3499984741211,105.43000030517578,84.6384048461914,1752500,0.0,0.0,0.0
2015-12-30,105.3499984741211,105.58999633789062,105.27999877929688,105.47000122070312,84.67053985595703,1358100,0.0,0.0,0.0
2015-12-31,105.63999938964844,105.79000091552734,105.5,105.58999633789062,84.76685333251953,1906000,0.0,0.0,0.0
2016-01-04,106.08999633789062,106.4000015258789,105.98999786376953,106.04000091552734,85.1281509399414,6183700,0.0,0.0,0.0
2016-01-05,105.97000122070312,106.19999694824219,105.83000183105469,106.01000213623047,85.10405731201172,2122800,0.0,0.0,0.0
2016-01-06,106.45999908447266,106.66999816894531,106.37000274658203,106.6500015258789,85.6178207397461,1906100,0.0,0.0,0.0
2016-01-07,106.79000091552734,106.87999725341797,106.41999816894531,106.87999725341797,85.80249786376953,3106000,0.0,0.0,0.0
2016-01-08,106.77999877929688,107.19999694824219,106.69000244140625,107.1500015258789,86.01922607421875,1783200,0.0,0.0,0.0
2016-01-11,106.77999877929688,107.05000305175781,106.69999694824219,106.80999755859375,85.74626922607422,4816100,0.0,0.0,0.0
2016-01-12,106.7699966430664,107.52999877929688,106.69999694824219,107.29000091552734,86.13162231445312,8962500,0.0,0.0,0.0
2016-01-13,107.22000122070312,107.86000061035156,107.12999725341797,107.70999908447266,86.46880340576172,2664100,0.0,0.0,0.0
2016-01-14,107.5999984741211,107.80000305175781,107.23999786376953,107.48999786376953,86.2921142578125,2597300,0.0,0.0,0.0
2016-01-15,108.16999816894531,108.19000244140625,107.88999938964844,107.98999786376953,86.69355773925781,4334300,0.0,0.0,0.0
2016-01-19,107.81999969482422,108.08999633789062,107.72000122070312,107.8499984741211,86.58120727539062,4896500,0.0,0.0,0.0
2016-01-20,108.37000274658203,108.77999877929688,108.30000305175781,108.37999725341797,87.00667572021484,4949100,0.0,0.0,0.0
2016-01-21,108.5199966430664,108.62999725341797,108.04000091552734,108.11000061035156,86.78988647460938,2385700,0.0,0.0,0.0
2016-01-22,107.75,107.95999908447266,107.62000274658203,107.87000274658203,86.59724426269531,1735600,0.0,0.0,0.0
2016-01-25,108.11000061035156,108.23999786376953,108.0,108.2300033569336,86.88622283935547,1190900,0.0,0.0,0.0
2016-01-26,108.2300033569336,108.43000030517578,108.12999725341797,108.30999755859375,86.95045471191406,1288000,0.0,0.0,0.0
2016-01-27,108.2300033569336,108.41999816894531,107.8499984741211,108.38999938964844,87.01466369628906,1802300,0.0,0.0,0.0
2016-01-28,108.2300033569336,108.58999633789062,108.18000030517578,108.52999877929688,87.12709045410156,2222900,0.0,0.0,0.0
2016-01-29,108.91000366210938,109.18000030517578,108.77999877929688,109.11000061035156,87.5926742553711,3805500,0.0,0.0,0.0
2016-02-01,108.80999755859375,108.94999694824219,108.55999755859375,108.69999694824219,87.39097595214844,6813000,0.159,0.0,0.0
2016-02-02,109.22000122070312,109.55000305175781,109.20999908447266,109.47000122070312,88.00994110107422,4141600,0.0,0.0,0.0
2016-02-03,109.37000274658203,110.06999969482422,109.31999969482422,109.3499984741211,87.91349792480469,12145000,0.0,0.0,0.0
2016-02-04,109.4800033569336,109.6500015258789,109.29000091552734,109.61000061035156,88.12251281738281,2431100,0.0,0.0,0.0
2016-02-05,109.4000015258789,109.81999969482422,109.30999755859375,109.75,88.23506927490234,1440200,0.0,0.0,0.0
2016-02-08,110.13999938964844,110.6500015258789,110.08000183105469,110.56999969482422,88.89430236816406,2824800,0.0,0.0,0.0
2016-02-09,110.91999816894531,110.91999816894531,110.48999786376953,110.58999633789062,88.91039276123047,2679600,0.0,0.0,0.0
2016-02-10,110.56999969482422,110.95999908447266,110.30999755859375,110.91999816894531,89.1756820678711,2027200,0.0,0.0,0.0
2016-02-11,111.73999786376953,112.01000213623047,111.30000305175781,111.43000030517578,89.58575439453125,3743000,0.0,0.0,0.0
2016-02-12,110.94000244140625,111.08999633789062,110.37999725341797,110.58000183105469,88.90237426757812,3258700,0.0,0.0,0.0
2016-02-16,110.37999725341797,110.4000015258789,110.11000061035156,110.25,88.63703918457031,2816800,0.0,0.0,0.0
2016-02-17,110.0199966430664,110.04000091552734,109.66999816894531,109.9800033569336,88.41998291015625,4856500,0.0,0.0,0.0
2016-02-18,109.87999725341797,110.54000091552734,109.87999725341797,110.48999786376953,88.82996368408203,3125700,0.0,0.0,0.0
2016-02-19,110.38999938964844,110.62999725341797,110.29000091552734,110.48999786376953,88.82996368408203,1340000,0.0,0.0,0.0
2016-02-22,110.37999725341797,110.47000122070312,110.30000305175781,110.37999725341797,88.74156951904297,1012200,0.0,0.0,0.0
2016-02-23,110.08999633789062,110.69999694824219,110.04000091552734,110.5999984741211,88.91844177246094,2257800,0.0,0.0,0.0
2016-02-24,111.0199966430664,111.38999938964844,110.48999786376953,110.5999984741211,88.91844177246094,2947700,0.0,0.0,0.0
2016-02-25,110.91999816894531,111.16000366210938,110.69999694824219,110.93000030517578,89.18376922607422,1983600,0.0,0.0,0.0
2016-02-26,110.3499984741211,110.5,110.2300033569336,110.38999938964844,88.74954986572266,2957900,0.0,0.0,0.0
2016-02-29,110.4000015258789,110.62999725341797,110.33999633789062,110.56999969482422,88.89430236816406,3861600,0.0,0.0,0.0
2016-03-01,110.54000091552734,110.54000091552734,109.5,109.55000305175781,88.19955444335938,5901200,0.157,0.0,0.0
2016-03-02,109.2699966430664,109.4000015258789,109.16000366210938,109.36000061035156,88.04657745361328,3011200,0.0,0.0,0.0
2016-03-03,109.33999633789062,109.62000274658203,109.25,109.48999786376953,88.15117645263672,2093000,0.0,0.0,0.0
2016-03-04,109.2699966430664,109.44000244140625,108.93000030517578,109.12000274658203,87.85330963134766,1781200,0.0,0.0,0.0
2016-03-07,108.94999694824219,108.9800033569336,108.80999755859375,108.9000015258789,87.67622375488281,2349400,0.0,0.0,0.0
2016-03-08,109.54000091552734,109.75,109.45999908447266,109.52999877929688,88.18342590332031,1747600,0.0,0.0,0.0
2016-03-09,109.19000244140625,109.31999969482422,108.9800033569336,109.0999984741211,87.83723449707031,1537800,0.0,0.0,0.0
2016-03-10,109.11000061035156,109.23999786376953,108.54000091552734,108.70999908447266,87.5232162475586,2798700,0.0,0.0,0.0
2016-03-11,108.7300033569336,108.7300033569336,108.30999755859375,108.4000015258789,87.27363586425781,1785000,0.0,0.0,0.0
2016-03-14,108.54000091552734,108.69000244140625,108.43000030517578,108.4800033569336,87.33804321289062,2661800,0.0,0.0,0.0
2016-03-15,108.70999908447266,108.80000305175781,108.43000030517578,108.45999908447266,87.32196807861328,2960800,0.0,0.0,0.0
2016-03-16,108.30999755859375,110.95999908447266,108.19999694824219,109.02999877929688,87.78084564208984,2052300,0.0,0.0,0.0
2016-03-17,109.1500015258789,109.2699966430664,109.06999969482422,109.1500015258789,87.87747955322266,2745500,0.0,0.0,0.0
2016-03-18,109.30000305175781,109.47000122070312,109.20999908447266,109.33999633789062,88.03044128417969,2434600,0.0,0.0,0.0
2016-03-21,109.0999984741211,109.18000030517578,108.98999786376953,109.02999877929688,87.78084564208984,1725000,0.0,0.0,0.0
2016-03-22,109.27999877929688,109.30000305175781,108.7699966430664,108.80000305175781,87.59566497802734,1437700,0.0,0.0,0.0
2016-03-23,108.91999816894531,109.4000015258789,108.91999816894531,109.30000305175781,87.99825286865234,1405400,0.0,0.0,0.0
2016-03-24,109.4800033569336,109.58000183105469,109.01000213623047,109.19000244140625,87.90969848632812,1548200,0.0,0.0,0.0
2016-03-28,109.30999755859375,109.5199966430664,109.2300033569336,109.3499984741211,88.03852844238281,1291400,0.0,0.0,0.0
2016-03-29,109.5999984741211,110.08999633789062,109.52999877929688,110.08999633789062,88.63423156738281,2981000,0.0,0.0,0.0
2016-03-30,109.83999633789062,110.0199966430664,109.61000061035156,109.94000244140625,88.51351165771484,2808800,0.0,0.0,0.0
2016-03-31,110.06999969482422,110.44000244140625,109.91999816894531,110.33999633789062,88.83555603027344,3759100,0.0,0.0,0.0
2016-04-01,110.18000030517578,110.30999755859375,109.91000366210938,110.13999938964844,88.80973052978516,5489100,0.168,0.0,0.0
2016-04-04,110.25,110.33999633789062,110.11000061035156,110.2699966430664,88.91458892822266,3035600,0.0,0.0,0.0
2016-04-05,110.68000030517578,110.76000213623047,110.55000305175781,110.70999908447266,89.26937103271484,1951500,0.0,0.0,0.0
2016-04-06,110.56999969482422,110.66000366210938,110.33000183105469,110.47000122070312,89.07585906982422,1646000,0.0,0.0,0.0
2016-04-07,110.77999877929688,111.08999633789062,110.73999786376953,111.04000091552734,89.53546905517578,2069600,0.0,0.0,0.0
2016-04-08,110.80999755859375,110.88999938964844,110.68000030517578,110.87000274658203,89.39834594726562,1309500,0.0,0.0,0.0
2016-04-11,110.5999984741211,110.91999816894531,110.56999969482422,110.8499984741211,89.38224792480469,879600,0.0,0.0,0.0
2016-04-12,110.54000091552734,110.66000366210938,110.33000183105469,110.41000366210938,89.02745819091797,1363200,0.0,0.0,0.0
2016-04-13,110.25,110.55999755859375,110.22000122070312,110.48999786376953,89.09196472167969,1466400,0.0,0.0,0.0
2016-04-14,110.2699966430664,110.41999816894531,110.13999938964844,110.2300033569336,88.8823471069336,1403900,0.0,0.0,0.0
2016-04-15,110.3499984741211,110.66000366210938,110.30999755859375,110.55999755859375,89.14838409423828,1657800,0.0,0.0,0.0
2016-04-18,110.4800033569336,110.4800033569336,110.27999877929688,110.44999694824219,89.05968475341797,1297800,0.0,0.0,0.0
2016-04-19,110.30000305175781,110.38999938964844,110.12999725341797,110.2699966430664,88.91458892822266,1219600,0.0,0.0,0.0
2016-04-20,110.27999877929688,110.44999694824219,109.68000030517578,109.70999908447266,88.4630126953125,1939800,0.0,0.0,0.0
2016-04-21,109.47000122070312,109.66000366210938,109.4000015258789,109.52999877929688,88.31785583496094,1636600,0.0,0.0,0.0
2016-04-22,109.52999877929688,109.58999633789062,109.33999633789062,109.41000366210938,88.22116088867188,952100,0.0,0.0,0.0
2016-04-25,109.36000061035156,109.5,109.27999877929688,109.29000091552734,88.12435150146484,1416300,0.0,0.0,0.0
2016-04-26,109.23999786376953,109.25,109.0,109.05999755859375,87.93888854980469,1127100,0.0,0.0,0.0
2016-04-27,109.3499984741211,109.76000213623047,109.19000244140625,109.66000366210938,88.42269897460938,1734000,0.0,0.0,0.0
2016-04-28,109.68000030517578,110.06999969482422,109.62999725341797,110.04000091552734,88.7291030883789,2807300,0.0,0.0,0.0
2016-04-29,109.81999969482422,110.0999984741211,109.72000122070312,110.0,88.6968765258789,2858500,0.0,0.0,0.0
2016-05-02,109.66000366210938,109.79000091552734,109.51000213623047,109.5199966430664,88.43924713134766,2226800,0.161,0.0,0.0
2016-05-03,110.13999938964844,110.2699966430664,110.08000183105469,110.16999816894531,88.96415710449219,2330900,0.0,0.0,0.0
2016-05-04,110.19000244140625,110.38999938964844,110.0,110.37000274658203,89.12565612792969,1176900,0.0,0.0,0.0
2016-05-05,110.33000183105469,110.66999816894531,110.13999938964844,110.66999816894531,89.36791229248047,1257500,0.0,0.0,0.0
2016-05-06,110.58999633789062,110.63999938964844,110.29000091552734,110.41000366210938,89.15794372558594,1675600,0.0,0.0,0.0
2016-05-09,110.55000305175781,110.62999725341797,110.45999908447266,110.62000274658203,89.32754516601562,1459900,0.0,0.0,0.0
2016-05-10,110.56999969482422,110.6500015258789,110.4800033569336,110.5999984741211,89.31134796142578,1506900,0.0,0.0,0.0
2016-05-11,110.55000305175781,110.88999938964844,110.48999786376953,110.7699966430664,89.44864654541016,1606800,0.0,0.0,0.0
2016-05-12,110.44000244140625,110.5999984741211,110.36000061035156,110.47000122070312,89.20640563964844,1261500,0.0,0.0,0.0
2016-05-13,110.54000091552734,110.91999816894531,110.48999786376953,110.88999938964844,89.54553985595703,5007300,0.0,0.0,0.0
2016-05-16,110.62000274658203,110.62000274658203,110.44999694824219,110.48999786376953,89.2225570678711,1708100,0.0,0.0,0.0
2016-05-17,110.41000366210938,110.56999969482422,110.33000183105469,110.33999633789062,89.10140991210938,1158700,0.0,0.0,0.0
2016-05-18,110.0999984741211,110.12000274658203,109.31999969482422,109.44999694824219,88.38275146484375,2946500,0.0,0.0,0.0
2016-05-19,109.56999969482422,109.7300033569336,109.51000213623047,109.55999755859375,88.4715576171875,1345000,0.0,0.0,0.0
2016-05-20,109.58000183105469,109.73999786376953,109.4800033569336,109.62999725341797,88.52806091308594,1059400,0.0,0.0,0.0
2016-05-23,109.72000122070312,109.80000305175781,109.56999969482422,109.69999694824219,88.58460998535156,892300,0.0,0.0,0.0
2016-05-24,109.51000213623047,109.62999725341797,109.36000061035156,109.5199966430664,88.43924713134766,965200,0.0,0.0,0.0
2016-05-25,109.48999786376953,109.62999725341797,109.41999816894531,109.47000122070312,88.39888000488281,890300,0.0,0.0,0.0
2016-05-26,109.6500015258789,109.9000015258789,109.58000183105469,109.80999755859375,88.67346954345703,998200,0.0,0.0,0.0
2016-05-27,109.8499984741211,109.88999938964844,109.47000122070312,109.5999984741211,88.5038833618164,1995300,0.0,0.0,0.0
2016-05-31,109.33000183105469,109.83999633789062,109.33000183105469,109.7300033569336,88.60885620117188,1734700,0.0,0.0,0.0
2016-06-01,109.8499984741211,109.9000015258789,109.4800033569336,109.52999877929688,88.57893371582031,2786400,0.163,0.0,0.0
2016-06-02,109.69999694824219,109.94999694824219,109.69999694824219,109.87000274658203,88.85386657714844,5038500,0.0,0.0,0.0
2016-06-03,110.72000122070312,110.91000366210938,110.69000244140625,110.88999938964844,89.67876434326172,1971300,0.0,0.0,0.0
2016-06-06,110.66000366210938,110.80999755859375,110.56999969482422,110.5999984741211,89.44425964355469,1715700,0.0,0.0,0.0
2016-06-07,110.80999755859375,110.88999938964844,110.75,110.76000213623047,89.5736312866211,2672900,0.0,0.0,0.0
2016-06-08,110.83999633789062,110.94000244140625,110.79000091552734,110.88999938964844,89.67876434326172,1284200,0.0,0.0,0.0
2016-06-09,111.20999908447266,111.25,111.05000305175781,111.05999755859375,89.81624603271484,1328400,0.0,0.0,0.0
2016-06-10,111.38999938964844,111.58000183105469,111.2699966430664,111.44999694824219,90.13163757324219,1878900,0.0,0.0,0.0
2016-06-13,111.6500015258789,111.75,111.4800033569336,111.66999816894531,90.3095703125,1026200,0.0,0.0,0.0
2016-06-14,111.95999908447266,111.95999908447266,111.61000061035156,111.63999938964844,90.28534698486328,1390600,0.0,0.0,0.0
2016-06-15,111.63999938964844,112.0999984741211,111.63999938964844,111.9800033569336,90.560302734375,2377600,0.0,0.0,0.0
2016-06-16,112.27999877929688,112.52999877929688,111.98999786376953,112.0999984741211,90.65731048583984,3088700,0.0,0.0,0.0
2016-06-17,112.0,112.0,111.63999938964844,111.72000122070312,90.35002899169922,3140900,0.0,0.0,0.0
2016-06-20,111.2300033569336,111.30999755859375,111.16000366210938,111.23999786376953,89.9618148803711,1956500,0.0,0.0,0.0
2016-06-21,111.22000122070312,111.36000061035156,110.97000122070312,110.98999786376953,89.75968170166016,1494500,0.0,0.0,0.0
2016-06-22,110.98999786376953,111.2300033569336,110.95999908447266,111.20999908447266,89.9375228881836,1378700,0.0,0.0,0.0
2016-06-23,110.75,110.9800033569336,110.6500015258789,110.68000030517578,89.50894927978516,1715000,0.0,0.0,0.0
2016-06-24,112.47000122070312,112.4800033569336,112.08999633789062,112.20999908447266,90.74628448486328,4390000,0.0,0.0,0.0
2016-06-27,112.95999908447266,113.23999786376953,112.9000015258789,113.18000030517578,91.53073120117188,4493700,0.0,0.0,0.0
2016-06-28,113.1500015258789,113.2300033569336,112.94999694824219,113.16000366210938,91.51455688476562,1799700,0.0,0.0,0.0
2016-06-29,113.06999969482422,113.16000366210938,112.69000244140625,112.69999694824219,91.14253997802734,2670900,0.0,0.0,0.0
2016-06-30,112.87999725341797,113.19999694824219,112.72000122070312,112.94999694824219,91.34473419189453,5690800,0.0,0.0,0.0
2016-07-01,113.30000305175781,113.31999969482422,112.87000274658203,113.08999633789062,91.5860595703125,5292300,0.158,0.0,0.0
2016-07-05,113.51000213623047,113.91000366210938,113.47000122070312,113.70999908447266,92.08817291259766,2926300,0.0,0.0,0.0
2016-07-06,113.81999969482422,113.83999633789062,113.55000305175781,113.7300033569336,92.1043701171875,1921600,0.0,0.0,0.0
2016-07-07,113.5199966430664,113.7699966430664,113.31999969482422,113.58000183105469,91.98283386230469,1323000,0.0,0.0,0.0
2016-07-08,113.58999633789062,113.83000183105469,113.41999816894531,113.80000305175781,92.16106414794922,2097900,0.0,0.0,0.0
2016-07-11,113.4800033569336,113.58000183105469,113.19999694824219,113.19999694824219,91.67515563964844,2728800,0.0,0.0,0.0
2016-07-12,112.73999786376953,112.83000183105469,112.37999725341797,112.52999877929688,91.13256072998047,4116200,0.0,0.0,0.0
2016-07-13,112.86000061035156,113.0199966430664,112.77999877929688,112.81999969482422,91.36737060546875,3077200,0.0,0.0,0.0
2016-07-14,112.19999694824219,112.48999786376953,112.18000030517578,112.3499984741211,90.98675537109375,2761900,0.0,0.0,0.0
2016-07-15,112.02999877929688,112.0999984741211,111.80000305175781,111.91999816894531,90.63856506347656,2811600,0.0,0.0,0.0
2016-07-18,112.0999984741211,112.19999694824219,111.77999877929688,111.88999938964844,90.6142807006836,4173500,0.0,0.0,0.0
2016-07-19,112.16000366210938,112.29000091552734,112.05999755859375,112.19000244140625,90.85720825195312,4171900,0.0,0.0,0.0
2016-07-20,112.02999877929688,112.02999877929688,111.8499984741211,111.95999908447266,90.67093658447266,2213700,0.0,0.0,0.0
2016-07-21,111.68000030517578,112.25,111.66000366210938,112.20999908447266,90.8733901977539,1944700,0.0,0.0,0.0
2016-07-22,111.95999908447266,112.31999969482422,111.91999816894531,112.12000274658203,90.80054473876953,1140000,0.0,0.0,0.0
2016-07-25,112.08999633789062,112.2300033569336,112.01000213623047,112.02999877929688,90.72763061523438,889100,0.0,0.0,0.0
2016-07-26,112.19999694824219,112.19999694824219,111.88999938964844,112.0999984741211,90.78430938720703,1694100,0.0,0.0,0.0
2016-07-27,112.23999786376953,112.58000183105469,112.11000061035156,112.58000183105469,91.17304992675781,1962700,0.0,0.0,0.0
2016-07-28,112.4000015258789,112.73999786376953,112.36000061035156,112.63999938964844,91.22163391113281,1220200,0.0,0.0,0.0
2016-07-29,112.8499984741211,113.0999984741211,112.76000213623047,113.06999969482422,91.56985473632812,2386800,0.0,0.0,0.0
2016-08-01,112.55999755859375,112.7699966430664,112.4800033569336,112.5199966430664,91.25199890136719,2479100,0.158,0.0,0.0
2016-08-02,112.0199966430664,112.4800033569336,112.0199966430664,112.25,91.03297424316406,2920500,0.0,0.0,0.0
2016-08-03,112.31999969482422,112.3499984741211,112.0199966430664,112.30999755859375,91.08163452148438,1148600,0.0,0.0,0.0
2016-08-04,112.55000305175781,112.80000305175781,112.54000091552734,112.58000183105469,91.30062866210938,1065000,0.0,0.0,0.0
2016-08-05,112.26000213623047,112.36000061035156,111.87000274658203,111.87999725341797,90.73291015625,2368100,0.0,0.0,0.0
2016-08-08,111.75,111.98999786376953,111.63999938964844,111.81999969482422,90.68427276611328,1304000,0.0,0.0,0.0
2016-08-09,111.94999694824219,112.26000213623047,111.88999938964844,112.22000122070312,91.00865173339844,1817000,0.0,0.0,0.0
2016-08-10,112.27999877929688,112.5999984741211,112.26000213623047,112.5199966430664,91.25199890136719,1262500,0.0,0.0,0.0
2016-08-11,112.43000030517578,112.5,111.87000274658203,111.9800033569336,90.81403350830078,1823600,0.0,0.0,0.0
2016-08-12,112.54000091552734,112.69999694824219,112.3499984741211,112.37999725341797,91.1384048461914,1377100,0.0,0.0,0.0
2016-08-15,112.20999908447266,112.27999877929688,112.02999877929688,112.05000305175781,90.87080383300781,1031800,0.0,0.0,0.0
2016-08-16,111.94999694824219,112.05000305175781,111.7699966430664,111.86000061035156,90.71673583984375,1433500,0.0,0.0,0.0
2016-08-17,111.88999938964844,112.19000244140625,111.75,112.04000091552734,90.86271667480469,1733900,0.0,0.0,0.0
2016-08-18,112.12000274658203,112.31999969482422,111.94999694824219,112.23999786376953,91.02487182617188,1245600,0.0,0.0,0.0
2016-08-19,111.93000030517578,112.04000091552734,111.72000122070312,111.86000061035156,90.71673583984375,1396700,0.0,0.0,0.0
2016-08-22,112.11000061035156,112.19999694824219,111.98999786376953,112.11000061035156,90.91942596435547,1084600,0.0,0.0,0.0
2016-08-23,112.19000244140625,112.30000305175781,112.0,112.0999984741211,90.91134643554688,939900,0.0,0.0,0.0
2016-08-24,112.19000244140625,112.22000122070312,111.97000122070312,112.05999755859375,90.87889862060547,1345600,0.0,0.0,0.0
2016-08-25,111.95999908447266,112.08000183105469,111.86000061035156,111.87999725341797,90.73291015625,1037700,0.0,0.0,0.0
2016-08-26,112.05000305175781,112.31999969482422,111.37000274658203,111.44999694824219,90.38417053222656,1988300,0.0,0.0,0.0
2016-08-29,111.6500015258789,111.9800033569336,111.63999938964844,111.91000366210938,90.75729370117188,1497400,0.0,0.0,0.0
2016-08-30,111.95999908447266,112.0,111.83999633789062,111.9000015258789,90.7491455078125,2498400,0.0,0.0,0.0
2016-08-31,111.91000366210938,112.05000305175781,111.7699966430664,111.7699966430664,90.64371490478516,2008100,0.0,0.0,0.0
2016-09-01,111.33000183105469,111.81999969482422,111.2699966430664,111.79000091552734,90.78588104248047,1775900,0.155,0.0,0.0
2016-09-02,111.58000183105469,111.66999816894531,111.30999755859375,111.5,90.55038452148438,1550100,0.0,0.0,0.0
2016-09-06,111.47000122070312,112.0999984741211,111.41999816894531,112.0199966430664,90.97264099121094,1284000,0.0,0.0,0.0
2016-09-07,112.18000030517578,112.26000213623047,112.0199966430664,112.08000183105469,91.02137756347656,836800,0.0,0.0,0.0
2016-09-08,111.87000274658203,111.97000122070312,111.4000015258789,111.52999877929688,90.57470703125,1287300,0.0,0.0,0.0
2016-09-09,111.12999725341797,111.1500015258789,110.94999694824219,111.0,90.1442642211914,1700700,0.0,0.0,0.0
2016-09-12,110.87999725341797,111.19000244140625,110.83999633789062,111.0999984741211,90.22549438476562,1446600,0.0,0.0,0.0
2016-09-13,111.18000030517578,111.19000244140625,110.44000244140625,110.69000244140625,89.89251708984375,1993700,0.0,0.0,0.0
2016-09-14,110.70999908447266,111.08999633789062,110.70999908447266,110.94000244140625,90.0955581665039,1062100,0.0,0.0,0.0
2016-09-15,110.87999725341797,111.05000305175781,110.66999816894531,110.97000122070312,90.11996459960938,994100,0.0,0.0,0.0
2016-09-16,111.0999984741211,111.16999816894531,110.94999694824219,111.08999633789062,90.21733856201172,833600,0.0,0.0,0.0
2016-09-19,110.98999786376953,111.08000183105469,110.9000015258789,110.9000015258789,90.06306457519531,490400,0.0,0.0,0.0
2016-09-20,111.02999877929688,111.22000122070312,110.98999786376953,111.06999969482422,90.20113372802734,1177800,0.0,0.0,0.0
2016-09-21,110.94999694824219,111.30000305175781,110.83000183105469,111.25,90.34729766845703,1108300,0.0,0.0,0.0
2016-09-22,111.44000244140625,111.70999908447266,111.41000366210938,111.58000183105469,90.6153335571289,1012300,0.0,0.0,0.0
2016-09-23,111.52999877929688,111.69999694824219,111.5,111.62999725341797,90.65592956542969,952500,0.0,0.0,0.0
2016-09-26,111.77999877929688,112.05000305175781,111.76000213623047,111.94999694824219,90.91575622558594,764000,0.0,0.0,0.0
2016-09-27,112.2699966430664,112.2699966430664,112.02999877929688,112.13999938964844,91.07007598876953,1583700,0.0,0.0,0.0
2016-09-28,112.19000244140625,112.30000305175781,112.05000305175781,112.08999633789062,91.02944946289062,594800,0.0,0.0,0.0
2016-09-29,111.88999938964844,112.33000183105469,111.81999969482422,112.16000366210938,91.08629608154297,1123900,0.0,0.0,0.0
2016-09-30,112.16999816894531,112.19999694824219,111.72000122070312,111.87999725341797,90.85893249511719,1774600,0.0,0.0,0.0
2016-10-03,111.69999694824219,111.7300033569336,111.44999694824219,111.47000122070312,90.6474609375,3112000,0.15,0.0,0.0
2016-10-04,111.33000183105469,111.43000030517578,110.94999694824219,110.95999908447266,90.2327880859375,3949600,0.0,0.0,0.0
2016-10-05,110.91000366210938,110.94999694824219,110.58999633789062,110.70999908447266,90.02946472167969,1490600,0.0,0.0,0.0
2016-10-06,110.58999633789062,110.7699966430664,110.45999908447266,110.4800033569336,89.8424301147461,1577400,0.0,0.0,0.0
2016-10-07,110.58000183105469,110.72000122070312,110.37999725341797,110.63999938964844,89.97254180908203,1601100,0.0,0.0,0.0
2016-10-10,110.4000015258789,110.4000015258789,110.18000030517578,110.3499984741211,89.73674774169922,1067000,0.0,0.0,0.0
2016-10-11,110.33000183105469,110.51000213623047,110.19999694824219,110.31999969482422,89.71234893798828,1942600,0.0,0.0,0.0
2016-10-12,110.2300033569336,110.31999969482422,110.0999984741211,110.31999969482422,89.71234893798828,1037800,0.0,0.0,0.0
2016-10-13,110.51000213623047,110.69000244140625,110.51000213623047,110.55000305175781,89.89936828613281,1188400,0.0,0.0,0.0
2016-10-14,110.2699966430664,110.56999969482422,110.18000030517578,110.20999908447266,89.62284088134766,2105300,0.0,0.0,0.0
2016-10-17,110.31999969482422,110.55000305175781,110.31999969482422,110.44999694824219,89.8180160522461,1490800,0.0,0.0,0.0
2016-10-18,110.30999755859375,110.66999816894531,110.30000305175781,110.66999816894531,89.99695587158203,1484400,0.0,0.0,0.0
2016-10-19,110.51000213623047,110.80000305175781,110.51000213623047,110.72000122070312,90.03760528564453,1264200,0.0,0.0,0.0
2016-10-20,110.87999725341797,110.87999725341797,110.58000183105469,110.62000274658203,89.95631408691406,979900,0.0,0.0,0.0
2016-10-21,110.77999877929688,110.77999877929688,110.58999633789062,110.73999786376953,90.05384063720703,571100,0.0,0.0,0.0
2016-10-24,110.80999755859375,110.80999755859375,110.45999908447266,110.58999633789062,89.93183135986328,900800,0.0,0.0,0.0
2016-10-25,110.44999694824219,110.73999786376953,110.43000030517578,110.56999969482422,89.91561126708984,735100,0.0,0.0,0.0
2016-10-26,110.41000366210938,110.45999908447266,110.29000091552734,110.33000183105469,89.72046661376953,1136600,0.0,0.0,0.0
2016-10-27,109.94999694824219,110.0,109.72000122070312,109.94999694824219,89.41143035888672,3668500,0.0,0.0,0.0
2016-10-28,109.8499984741211,110.05999755859375,109.80000305175781,109.97000122070312,89.4277114868164,1313200,0.0,0.0,0.0
2016-10-31,110.0999984741211,110.13999938964844,109.95999908447266,110.05999755859375,89.50092315673828,4413900,0.0,0.0,0.0
2016-11-01,109.58999633789062,110.12000274658203,109.52999877929688,109.91000366210938,89.50413513183594,2004000,0.154,0.0,0.0
2016-11-02,110.11000061035156,110.43000030517578,110.02999877929688,110.23999786376953,89.77286529541016,1455900,0.0,0.0,0.0
2016-11-03,110.08000183105469,110.2300033569336,110.01000213623047,110.16999816894531,89.71585083007812,686600,0.0,0.0,0.0
2016-11-04,110.30000305175781,110.55999755859375,110.27999877929688,110.51000213623047,89.9927978515625,1699800,0.0,0.0,0.0
2016-11-07,110.0999984741211,110.16999816894531,110.01000213623047,110.05000305175781,89.6181640625,2617900,0.0,0.0,0.0
2016-11-08,110.06999969482422,110.11000061035156,109.61000061035156,109.66000366210938,89.300537109375,1182200,0.0,0.0,0.0
2016-11-09,109.16000366210938,109.16000366210938,107.91000366210938,107.98999786376953,87.94066619873047,6381300,0.0,0.0,0.0
2016-11-10,107.66999816894531,108.02999877929688,107.31999969482422,107.33999633789062,87.41132354736328,5445300,0.0,0.0,0.0
2016-11-11,107.55000305175781,107.63999938964844,107.08000183105469,107.12000274658203,87.23210906982422,2482900,0.0,0.0,0.0
2016-11-14,106.5,106.9000015258789,106.27999877929688,106.5,86.72722625732422,3753800,0.0,0.0,0.0
2016-11-15,106.48999786376953,106.69000244140625,106.41999816894531,106.5,86.72722625732422,1391700,0.0,0.0,0.0
2016-11-16,106.2699966430664,106.66999816894531,106.2699966430664,106.5999984741211,86.80867767333984,2765700,0.0,0.0,0.0
2016-11-17,106.41999816894531,106.4800033569336,106.05000305175781,106.12999725341797,86.42594146728516,2499200,0.0,0.0,0.0
2016-11-18,106.0999984741211,106.20999908447266,105.55999755859375,105.66000366210938,86.04319763183594,4093700,0.0,0.0,0.0
2016-11-21,105.73999786376953,105.88999938964844,105.62999725341797,105.75,86.11647033691406,1364300,0.0,0.0,0.0
2016-11-22,105.88999938964844,106.08000183105469,105.75,105.8499984741211,86.19792938232422,1744700,0.0,0.0,0.0
2016-11-23,105.25,105.58999633789062,105.0,105.47000122070312,85.888427734375,4607100,0.0,0.0,0.0
2016-11-25,105.51000213623047,105.55999755859375,105.23999786376953,105.37999725341797,85.8152084350586,948200,0.0,0.0,0.0
2016-11-28,105.7300033569336,105.9000015258789,105.62000274658203,105.86000061035156,86.20606994628906,2474800,0.0,0.0,0.0
2016-11-29,105.68000030517578,106.0,105.61000061035156,105.97000122070312,86.29566955566406,1745000,0.0,0.0,0.0
2016-11-30,105.29000091552734,105.52999877929688,105.16999816894531,105.26000213623047,85.71747589111328,3362500,0.0,0.0,0.0
2016-12-01,104.62000274658203,104.80999755859375,104.30999755859375,104.70999908447266,85.39046478271484,3467600,0.149,0.0,0.0
2016-12-02,104.93000030517578,105.31999969482422,104.93000030517578,105.18000030517578,85.77371215820312,1660400,0.0,0.0,0.0
2016-12-05,104.83000183105469,105.4000015258789,104.70999908447266,105.13999938964844,85.74111938476562,2281600,0.0,0.0,0.0
2016-12-06,105.16999816894531,105.27999877929688,105.08000183105469,105.18000030517578,85.77371215820312,989400,0.0,0.0,0.0
2016-12-07,105.37000274658203,105.58000183105469,105.36000061035156,105.52999877929688,86.05915832519531,1237600,0.0,0.0,0.0
2016-12-08,105.19000244140625,105.26000213623047,105.02999877929688,105.12999725341797,85.73296356201172,1357500,0.0,0.0,0.0
2016-12-09,105.08000183105469,105.19999694824219,104.54000091552734,104.58999633789062,85.29255676269531,3261000,0.0,0.0,0.0
2016-12-12,104.5199966430664,104.72000122070312,104.37000274658203,104.61000061035156,85.30889129638672,1538200,0.0,0.0,0.0
2016-12-13,104.79000091552734,104.86000061035156,104.4800033569336,104.66999816894531,85.35784149169922,1993500,0.0,0.0,0.0
2016-12-14,105.0199966430664,105.0999984741211,103.77999877929688,103.80000305175781,84.64840698242188,3941000,0.0,0.0,0.0
2016-12-15,103.77999877929688,103.81999969482422,103.43000030517578,103.51000213623047,84.41184997558594,1999200,0.0,0.0,0.0
2016-12-16,103.69000244140625,103.95999908447266,103.45999908447266,103.63999938964844,84.51789855957031,1811800,0.0,0.0,0.0
2016-12-19,104.0,104.16999816894531,103.87999725341797,104.12000274658203,84.90934753417969,1691800,0.0,0.0,0.0
2016-12-20,103.75,103.95999908447266,103.68000030517578,103.9000015258789,84.72988891601562,969400,0.0,0.0,0.0
2016-12-21,104.0,104.12999725341797,103.94000244140625,104.06999969482422,84.86853790283203,1870500,0.0,0.0,0.0
2016-12-22,103.79000091552734,103.94999694824219,103.70999908447266,103.86000061035156,84.83177947998047,1872100,0.165,0.0,0.0
2016-12-23,103.97000122070312,104.08000183105469,103.94000244140625,103.95999908447266,84.9134750366211,830400,0.0,0.0,0.0
2016-12-27,103.70999908447266,103.80999755859375,103.69999694824219,103.80999755859375,84.79090881347656,1148800,0.0,0.0,0.0
2016-12-28,103.86000061035156,104.30000305175781,103.79000091552734,104.19000244140625,85.101318359375,1369800,0.0,0.0,0.0
2016-12-29,104.36000061035156,104.66000366210938,104.36000061035156,104.51000213623047,85.36267852783203,1328600,0.0,0.0,0.0
2016-12-30,104.55999755859375,104.95999908447266,104.52999877929688,104.81999969482422,85.61589813232422,2439500,0.0,0.0,0.0
2017-01-03,104.3499984741211,104.88999938964844,104.29000091552734,104.7699966430664,85.57504272460938,3230500,0.0,0.0,0.0
2017-01-04,104.7300033569336,104.94000244140625,104.62000274658203,104.88999938964844,85.67306518554688,1523000,0.0,0.0,0.0
2017-01-05,105.0999984741211,105.68000030517578,105.02999877929688,105.56999969482422,86.22852325439453,3344400,0.0,0.0,0.0
2017-01-06,105.18000030517578,105.37999725341797,105.04000091552734,105.08999633789062,85.83643341064453,1601400,0.0,0.0,0.0
2017-01-09,105.47000122070312,105.52999877929688,105.36000061035156,105.48999786376953,86.16313934326172,1275000,0.0,0.0,0.0
2017-01-10,105.44000244140625,105.5999984741211,105.38999938964844,105.44000244140625,86.122314453125,1352700,0.0,0.0,0.0
2017-01-11,105.5,105.93000030517578,105.30999755859375,105.55999755859375,86.22034454345703,1833700,0.0,0.0,0.0
2017-01-12,105.81999969482422,106.02999877929688,105.58999633789062,105.62000274658203,86.26933288574219,1544700,0.0,0.0,0.0
2017-01-13,105.37000274658203,105.55999755859375,105.05000305175781,105.38999938964844,86.08143615722656,1833200,0.0,0.0,0.0
2017-01-17,105.97000122070312,106.02999877929688,105.7300033569336,105.91999816894531,86.51437377929688,1656800,0.0,0.0,0.0
2017-01-18,105.5999984741211,105.69000244140625,105.12999725341797,105.16999816894531,85.9017562866211,3640400,0.0,0.0,0.0
2017-01-19,104.83000183105469,104.88999938964844,104.55999755859375,104.7699966430664,85.57504272460938,1840000,0.0,0.0,0.0
2017-01-20,104.63999938964844,104.91999816894531,104.4800033569336,104.81999969482422,85.61589813232422,1306400,0.0,0.0,0.0
2017-01-23,105.01000213623047,105.56999969482422,104.83999633789062,105.37000274658203,86.06513214111328,1720200,0.0,0.0,0.0
2017-01-24,105.13999938964844,105.27999877929688,104.83000183105469,104.97000122070312,85.73839569091797,1344000,0.0,0.0,0.0
2017-01-25,104.55000305175781,104.68000030517578,104.30999755859375,104.44999694824219,85.3136978149414,1816000,0.0,0.0,0.0
2017-01-26,104.41000366210938,104.62000274658203,104.18000030517578,104.58999633789062,85.42804718017578,2212900,0.0,0.0,0.0
2017-01-27,104.6500015258789,104.80000305175781,104.63999938964844,104.72000122070312,85.53424072265625,2285200,0.0,0.0,0.0
2017-01-30,104.73999786376953,104.94999694824219,104.69000244140625,104.69000244140625,85.50971221923828,1909300,0.0,0.0,0.0
2017-01-31,104.79000091552734,105.22000122070312,104.79000091552734,105.05000305175781,85.80378723144531,1411700,0.0,0.0,0.0
2017-02-01,104.55999755859375,104.8499984741211,104.38999938964844,104.69000244140625,85.63933563232422,2055100,0.159,0.0,0.0
2017-02-02,105.02999877929688,105.0999984741211,104.72000122070312,104.7300033569336,85.67204284667969,1423500,0.0,0.0,0.0
2017-02-03,105.0,105.22000122070312,104.62000274658203,104.80999755859375,85.73745727539062,1711100,0.0,0.0,0.0
2017-02-06,105.23999786376953,105.41000366210938,105.0,105.30999755859375,86.1465072631836,1500500,0.0,0.0,0.0
2017-02-07,105.25,105.69000244140625,105.18000030517578,105.5,86.30196380615234,1540600,0.0,0.0,0.0
2017-02-08,105.5,106.0,105.5,105.93000030517578,86.65372467041016,3182200,0.0,0.0,0.0
2017-02-09,105.93000030517578,105.93000030517578,105.27999877929688,105.30000305175781,86.13832092285156,1530200,0.0,0.0,0.0
2017-02-10,105.06999969482422,105.30999755859375,105.06999969482422,105.2300033569336,86.0810775756836,1646400,0.0,0.0,0.0
2017-02-13,105.0,105.08000183105469,104.87999725341797,105.06999969482422,85.95020294189453,1045200,0.0,0.0,0.0
2017-02-14,105.0199966430664,105.0999984741211,104.45999908447266,104.69000244140625,85.63933563232422,2318100,0.0,0.0,0.0
2017-02-15,104.33000183105469,104.55999755859375,104.31999969482422,104.48999786376953,85.47574615478516,2750900,0.0,0.0,0.0
2017-02-16,104.5999984741211,105.01000213623047,104.5999984741211,104.91000366210938,85.81930541992188,2459800,0.0,0.0,0.0
2017-02-17,105.19999694824219,105.31999969482422,105.12000274658203,105.19000244140625,86.04835510253906,2237700,0.0,0.0,0.0
2017-02-21,104.94000244140625,105.27999877929688,104.91999816894531,105.13999938964844,86.0074462890625,2832700,0.0,0.0,0.0
2017-02-22,105.36000061035156,105.41999816894531,104.95999908447266,105.30999755859375,86.1465072631836,2812800,0.0,0.0,0.0
2017-02-23,105.5,105.58999633789062,105.43000030517578,105.58999633789062,86.37556457519531,1842700,0.0,0.0,0.0
2017-02-24,105.94000244140625,106.16000366210938,105.81999969482422,106.08000183105469,86.7763900756836,2677000,0.0,0.0,0.0
2017-02-27,105.98999786376953,106.0,105.63999938964844,105.69999694824219,86.4655532836914,3292600,0.0,0.0,0.0
2017-02-28,105.75,105.91000366210938,105.62999725341797,105.6500015258789,86.42462921142578,2482500,0.0,0.0,0.0
2017-03-01,104.70999908447266,104.80000305175781,104.6500015258789,104.7699966430664,85.82255554199219,2249000,0.145,0.0,0.0
2017-03-02,104.55999755859375,104.5999984741211,104.33000183105469,104.47000122070312,85.57684326171875,2023300,0.0,0.0,0.0
2017-03-03,104.5,104.58000183105469,104.26000213623047,104.56999969482422,85.65869903564453,2509000,0.0,0.0,0.0
2017-03-06,104.58999633789062,104.5999984741211,104.43000030517578,104.55000305175781,85.64231872558594,1401700,0.0,0.0,0.0
2017-03-07,104.43000030517578,104.4800033569336,104.3499984741211,104.4000015258789,85.51943969726562,1596300,0.0,0.0,0.0
2017-03-08,103.91999816894531,104.1500015258789,103.9000015258789,104.05000305175781,85.23281860351562,2392800,0.0,0.0,0.0
2017-03-09,103.94000244140625,103.9800033569336,103.69999694824219,103.76000213623047,84.9952163696289,2322900,0.0,0.0,0.0
2017-03-10,103.9800033569336,104.01000213623047,103.75,103.9800033569336,85.17546081542969,1333000,0.0,0.0,0.0
2017-03-13,103.80999755859375,103.91999816894531,103.69000244140625,103.72000122070312,84.96241760253906,1342600,0.0,0.0,0.0
2017-03-14,103.7699966430664,103.94000244140625,103.75,103.83000183105469,85.05257415771484,864600,0.0,0.0,0.0
2017-03-15,103.98999786376953,104.73999786376953,103.91999816894531,104.73999786376953,85.7979965209961,3701900,0.0,0.0,0.0
2017-03-16,104.48999786376953,104.62000274658203,104.41999816894531,104.44999694824219,85.5604019165039,2749900,0.0,0.0,0.0
2017-03-17,104.58000183105469,104.81999969482422,104.55999755859375,104.7300033569336,85.78980255126953,1186700,0.0,0.0,0.0
2017-03-20,104.75,105.01000213623047,104.75,104.9800033569336,85.9946060180664,1362700,0.0,0.0,0.0
2017-03-21,104.91000366210938,105.37000274658203,104.91000366210938,105.33000183105469,86.28131866455078,1407000,0.0,0.0,0.0
2017-03-22,105.52999877929688,105.7300033569336,105.44999694824219,105.52999877929688,86.44512939453125,2231300,0.0,0.0,0.0
2017-03-23,105.58999633789062,105.63999938964844,105.23999786376953,105.41999816894531,86.35506439208984,2584700,0.0,0.0,0.0
2017-03-24,105.38999938964844,105.61000061035156,105.3499984741211,105.4800033569336,86.4041519165039,2540000,0.0,0.0,0.0
2017-03-27,105.91999816894531,105.95999908447266,105.66999816894531,105.73999786376953,86.61712646484375,2614000,0.0,0.0,0.0
2017-03-28,105.86000061035156,105.86000061035156,105.37000274658203,105.37999725341797,86.3222885131836,1356800,0.0,0.0,0.0
2017-03-29,105.55999755859375,105.72000122070312,105.55999755859375,105.68000030517578,86.56800842285156,1860400,0.0,0.0,0.0
2017-03-30,105.62999725341797,105.63999938964844,105.36000061035156,105.37999725341797,86.3222885131836,1487800,0.0,0.0,0.0
2017-03-31,105.52999877929688,105.62999725341797,105.44999694824219,105.58999633789062,86.4942626953125,1698500,0.0,0.0,0.0
2017-04-03,105.55999755859375,106.0,105.52999877929688,105.94999694824219,86.92002868652344,4175500,0.159,0.0,0.0
2017-04-04,105.91999816894531,106.0199966430664,105.80000305175781,105.80000305175781,86.79701232910156,1319600,0.0,0.0,0.0
2017-04-05,105.66999816894531,106.0999984741211,105.62000274658203,106.0,86.96110534667969,2551100,0.0,0.0,0.0
2017-04-06,106.02999877929688,106.0999984741211,105.80000305175781,105.93000030517578,86.90364074707031,1496300,0.0,0.0,0.0
2017-04-07,106.19000244140625,106.31999969482422,105.61000061035156,105.61000061035156,86.64115905761719,1185400,0.0,0.0,0.0
2017-04-10,105.75,105.91999816894531,105.69999694824219,105.80000305175781,86.79701232910156,1752500,0.0,0.0,0.0
2017-04-11,106.05000305175781,106.4000015258789,106.02999877929688,106.29000091552734,87.1989517211914,2219200,0.0,0.0,0.0
2017-04-12,106.37000274658203,106.68000030517578,106.29000091552734,106.62000274658203,87.4697036743164,2273600,0.0,0.0,0.0
2017-04-13,106.80000305175781,107.01000213623047,106.61000061035156,106.94000244140625,87.73224639892578,1868200,0.0,0.0,0.0
2017-04-17,106.94999694824219,107.04000091552734,106.68000030517578,106.7699966430664,87.59275817871094,1110500,0.0,0.0,0.0
2017-04-18,107.05999755859375,107.47000122070312,107.0,107.37999725341797,88.09320068359375,1678400,0.0,0.0,0.0
2017-04-19,107.12000274658203,107.16999816894531,106.98999786376953,107.0999984741211,87.8635025024414,1750000,0.0,0.0,0.0
2017-04-20,106.93000030517578,107.01000213623047,106.72000122070312,106.86000061035156,87.66659545898438,1694700,0.0,0.0,0.0
2017-04-21,106.95999908447266,107.12000274658203,106.87999725341797,106.91000366210938,87.70764923095703,2792500,0.0,0.0,0.0
2017-04-24,106.43000030517578,106.69000244140625,106.37000274658203,106.69000244140625,87.52716064453125,3558000,0.0,0.0,0.0
2017-04-25,106.3499984741211,106.47000122070312,106.08999633789062,106.13999938964844,87.07593536376953,1985700,0.0,0.0,0.0
2017-04-26,106.13999938964844,106.41999816894531,106.12000274658203,106.41999816894531,87.30562591552734,1314400,0.0,0.0,0.0
2017-04-27,106.37999725341797,106.62000274658203,106.33000183105469,106.48999786376953,87.36308288574219,1988200,0.0,0.0,0.0
2017-04-28,106.31999969482422,106.6500015258789,106.2699966430664,106.5999984741211,87.45333099365234,5489800,0.0,0.0,0.0
2017-05-01,106.31999969482422,106.48999786376953,106.05000305175781,106.20999908447266,87.26433563232422,2044400,0.16,0.0,0.0
2017-05-02,106.16000366210938,106.48999786376953,106.13999938964844,106.43000030517578,87.44509887695312,1585300,0.0,0.0,0.0
2017-05-03,106.44999694824219,106.48999786376953,106.1500015258789,106.20999908447266,87.26433563232422,1861300,0.0,0.0,0.0
2017-05-04,105.8499984741211,105.98999786376953,105.81999969482422,105.97000122070312,87.06715393066406,1237100,0.0,0.0,0.0
2017-05-05,105.9800033569336,106.0199966430664,105.80000305175781,105.98999786376953,87.0835952758789,980000,0.0,0.0,0.0
2017-05-08,105.88999938964844,105.88999938964844,105.66999816894531,105.7300033569336,86.8699722290039,4887400,0.0,0.0,0.0
2017-05-09,105.58999633789062,105.66000366210938,105.47000122070312,105.61000061035156,86.77137756347656,1457900,0.0,0.0,0.0
2017-05-10,105.83999633789062,105.86000061035156,105.5,105.56999969482422,86.73846435546875,995500,0.0,0.0,0.0
2017-05-11,105.41000366210938,105.69999694824219,105.41000366210938,105.6500015258789,86.80424499511719,1088800,0.0,0.0,0.0
2017-05-12,106.05999755859375,106.27999877929688,106.05999755859375,106.19000244140625,87.24790954589844,2005600,0.0,0.0,0.0
2017-05-15,106.13999938964844,106.16999816894531,106.05000305175781,106.12000274658203,87.19036865234375,672200,0.0,0.0,0.0
2017-05-16,106.11000061035156,106.41000366210938,106.11000061035156,106.26000213623047,87.3053970336914,1314500,0.0,0.0,0.0
2017-05-17,106.80000305175781,107.16999816894531,106.7300033569336,107.11000061035156,88.00377655029297,5644700,0.0,0.0,0.0
2017-05-18,107.19999694824219,107.25,106.97000122070312,107.08000183105469,87.97916412353516,1715200,0.0,0.0,0.0
2017-05-19,106.97000122070312,107.06999969482422,106.80000305175781,107.05000305175781,87.95452117919922,3503100,0.0,0.0,0.0
2017-05-22,106.93000030517578,107.01000213623047,106.87999725341797,106.93000030517578,87.85589599609375,1425800,0.0,0.0,0.0
2017-05-23,107.05000305175781,107.05000305175781,106.5999984741211,106.6500015258789,87.62581634521484,2984700,0.0,0.0,0.0
2017-05-24,106.6500015258789,106.93000030517578,106.55000305175781,106.87000274658203,87.80661010742188,1776300,0.0,0.0,0.0
2017-05-25,106.93000030517578,106.9800033569336,106.80000305175781,106.93000030517578,87.85589599609375,1361000,0.0,0.0,0.0
2017-05-26,107.02999877929688,107.08000183105469,106.94000244140625,107.0,87.9134292602539,1016600,0.0,0.0,0.0
2017-05-30,107.18000030517578,107.2699966430664,107.0999984741211,107.2699966430664,88.13526153564453,2335200,0.0,0.0,0.0
2017-05-31,107.22000122070312,107.4000015258789,107.16000366210938,107.31999969482422,88.17633056640625,1752300,0.0,0.0,0.0
2017-06-01,106.94000244140625,107.12000274658203,106.9000015258789,107.0999984741211,88.13024139404297,1769300,0.164,0.0,0.0
2017-06-02,107.5,107.69000244140625,107.41000366210938,107.56999969482422,88.51700592041016,1803200,0.0,0.0,0.0
2017-06-05,107.4000015258789,107.48999786376953,107.37000274658203,107.38999938964844,88.36888885498047,1414900,0.0,0.0,0.0
2017-06-06,107.77999877929688,107.83000183105469,107.66000366210938,107.7300033569336,88.64863586425781,2078900,0.0,0.0,0.0
2017-06-07,107.62000274658203,107.70999908447266,107.43000030517578,107.52999877929688,88.48406982421875,1795800,0.0,0.0,0.0
2017-06-08,107.43000030517578,107.43000030517578,107.16999816894531,107.36000061035156,88.34423065185547,3863000,0.0,0.0,0.0
2017-06-09,107.1500015258789,107.33999633789062,107.11000061035156,107.26000213623047,88.26187133789062,1203400,0.0,0.0,0.0
2017-06-12,107.12000274658203,107.44999694824219,107.12000274658203,107.23999786376953,88.24545288085938,766700,0.0,0.0,0.0
2017-06-13,107.13999938964844,107.31999969482422,107.13999938964844,107.27999877929688,88.27835845947266,682300,0.0,0.0,0.0
2017-06-14,107.91999816894531,108.16999816894531,107.70999908447266,107.83999633789062,88.73917388916016,3712100,0.0,0.0,0.0
2017-06-15,107.69000244140625,107.72000122070312,107.56999969482422,107.6500015258789,88.58283233642578,2000400,0.0,0.0,0.0
2017-06-16,107.66999816894531,107.83000183105469,107.66999816894531,107.70999908447266,88.6322021484375,3460300,0.0,0.0,0.0
2017-06-19,107.58999633789062,107.62999725341797,107.41000366210938,107.41000366210938,88.38533782958984,1105900,0.0,0.0,0.0
2017-06-20,107.5,107.76000213623047,107.5,107.68000030517578,88.60753631591797,1252000,0.0,0.0,0.0
2017-06-21,107.55999755859375,107.73999786376953,107.54000091552734,107.66999816894531,88.5992431640625,1159800,0.0,0.0,0.0
2017-06-22,107.83000183105469,107.86000061035156,107.63999938964844,107.7699966430664,88.68158721923828,1160100,0.0,0.0,0.0
2017-06-23,107.72000122070312,107.83999633789062,107.66999816894531,107.80000305175781,88.70628356933594,1581000,0.0,0.0,0.0
2017-06-26,107.9000015258789,108.01000213623047,107.87999725341797,107.88999938964844,88.78032684326172,3625000,0.0,0.0,0.0
2017-06-27,107.5199966430664,107.55000305175781,107.26000213623047,107.36000061035156,88.34423065185547,1755200,0.0,0.0,0.0
2017-06-28,107.30999755859375,107.30999755859375,107.08999633789062,107.26000213623047,88.26187133789062,1530900,0.0,0.0,0.0
2017-06-29,106.69999694824219,106.97000122070312,106.63999938964844,106.86000061035156,87.9327392578125,1997200,0.0,0.0,0.0
2017-06-30,106.83999633789062,106.83999633789062,106.54000091552734,106.61000061035156,87.72700500488281,1909600,0.0,0.0,0.0
2017-07-03,106.44999694824219,106.45999908447266,106.01000213623047,106.05999755859375,87.4048080444336,1255300,0.159,0.0,0.0
2017-07-05,106.04000091552734,106.26000213623047,105.9800033569336,106.13999938964844,87.47071838378906,10477800,0.0,0.0,0.0
2017-07-06,105.94000244140625,105.97000122070312,105.7300033569336,105.94000244140625,87.30592346191406,1794300,0.0,0.0,0.0
2017-07-07,105.80999755859375,105.88999938964844,105.72000122070312,105.7699966430664,87.16582489013672,1799900,0.0,0.0,0.0
2017-07-10,105.83999633789062,106.01000213623047,105.83000183105469,105.91000366210938,87.28121185302734,1247700,0.0,0.0,0.0
2017-07-11,105.87000274658203,106.08000183105469,105.83999633789062,106.05000305175781,87.39655303955078,1112600,0.0,0.0,0.0
2017-07-12,106.44999694824219,106.51000213623047,106.31999969482422,106.36000061035156,87.65203857421875,2451700,0.0,0.0,0.0
2017-07-13,106.3499984741211,106.3499984741211,106.05000305175781,106.25,87.56140899658203,2095900,0.0,0.0,0.0
2017-07-14,106.69000244140625,106.73999786376953,106.37999725341797,106.4000015258789,87.68500518798828,1260400,0.0,0.0,0.0
2017-07-17,106.45999908447266,106.61000061035156,106.4000015258789,106.52999877929688,87.79212188720703,1289200,0.0,0.0,0.0
2017-07-18,106.87000274658203,106.97000122070312,106.77999877929688,106.91999816894531,88.11351776123047,1776100,0.0,0.0,0.0
2017-07-19,106.93000030517578,107.01000213623047,106.8499984741211,106.91999816894531,88.11351776123047,2466000,0.0,0.0,0.0
2017-07-20,107.0999984741211,107.16000366210938,106.91000366210938,106.94999694824219,88.13825225830078,2317200,0.0,0.0,0.0
2017-07-21,107.1500015258789,107.2699966430664,107.12000274658203,107.13999938964844,88.29484558105469,1664200,0.0,0.0,0.0
2017-07-24,107.08000183105469,107.1500015258789,106.98999786376953,107.06999969482422,88.23715209960938,2342700,0.0,0.0,0.0
2017-07-25,106.69999694824219,106.69999694824219,106.44000244140625,106.47000122070312,87.7426986694336,2513600,0.0,0.0,0.0
2017-07-26,106.47000122070312,106.91999816894531,106.41000366210938,106.80999755859375,88.02288818359375,3010400,0.0,0.0,0.0
2017-07-27,106.5999984741211,106.7300033569336,106.5199966430664,106.63999938964844,87.88280487060547,1853000,0.0,0.0,0.0
2017-07-28,106.62999725341797,106.8499984741211,106.5999984741211,106.81999969482422,88.03115844726562,1001600,0.0,0.0,0.0
2017-07-31,106.76000213623047,106.86000061035156,106.69000244140625,106.8499984741211,88.05587768554688,921800,0.0,0.0,0.0
2017-08-01,106.5199966430664,106.98999786376953,106.47000122070312,106.94999694824219,88.27458953857422,1958300,0.165,0.0,0.0
2017-08-02,106.9000015258789,107.05000305175781,106.83999633789062,106.8499984741211,88.19204711914062,516100,0.0,0.0,0.0
2017-08-03,107.06999969482422,107.25,106.9800033569336,107.22000122070312,88.49742889404297,1576200,0.0,0.0,0.0
2017-08-04,106.97000122070312,106.97000122070312,106.69999694824219,106.93000030517578,88.25804138183594,1266100,0.0,0.0,0.0
2017-08-07,106.87999725341797,107.0,106.81999969482422,106.98999786376953,88.30756378173828,554100,0.0,0.0,0.0
2017-08-08,106.94999694824219,106.95999908447266,106.7300033569336,106.9000015258789,88.2332992553711,1277800,0.0,0.0,0.0
2017-08-09,107.29000091552734,107.31999969482422,107.02999877929688,107.02999877929688,88.34061431884766,1268000,0.0,0.0,0.0
2017-08-10,107.23999786376953,107.47000122070312,107.22000122070312,107.43000030517578,88.67076873779297,1412000,0.0,0.0,0.0
2017-08-11,107.37000274658203,107.62000274658203,107.31999969482422,107.55000305175781,88.76984405517578,911000,0.0,0.0,0.0
2017-08-14,107.33999633789062,107.44999694824219,107.25,107.29000091552734,88.55521392822266,1386100,0.0,0.0,0.0
2017-08-15,106.86000061035156,107.05999755859375,106.83000183105469,106.97000122070312,88.29112243652344,1146300,0.0,0.0,0.0
2017-08-16,106.87000274658203,107.33000183105469,106.8499984741211,107.16999816894531,88.45621490478516,2160100,0.0,0.0,0.0
2017-08-17,107.20999908447266,107.58999633789062,107.16999816894531,107.55000305175781,88.76984405517578,1637300,0.0,0.0,0.0
2017-08-18,107.73999786376953,107.80999755859375,107.41000366210938,107.56999969482422,88.78631591796875,1235700,0.0,0.0,0.0
2017-08-21,107.5999984741211,107.70999908447266,107.55999755859375,107.63999938964844,88.84406280517578,718800,0.0,0.0,0.0
2017-08-22,107.54000091552734,107.54000091552734,107.37000274658203,107.43000030517578,88.67076873779297,984500,0.0,0.0,0.0
2017-08-23,107.66000366210938,107.80000305175781,107.56999969482422,107.80000305175781,88.97615814208984,1246100,0.0,0.0,0.0
2017-08-24,107.62999725341797,107.75,107.56999969482422,107.62999725341797,88.83583068847656,2520900,0.0,0.0,0.0
2017-08-25,107.63999938964844,107.87000274658203,107.56999969482422,107.80999755859375,88.98441314697266,1007500,0.0,0.0,0.0
2017-08-28,107.76000213623047,107.91999816894531,107.72000122070312,107.91000366210938,89.06702423095703,921700,0.0,0.0,0.0
2017-08-29,108.41000366210938,108.43000030517578,108.04000091552734,108.16000366210938,89.27333068847656,1590200,0.0,0.0,0.0
2017-08-30,107.98999786376953,108.12999725341797,107.98999786376953,108.06999969482422,89.19902038574219,1299900,0.0,0.0,0.0
2017-08-31,108.08000183105469,108.25,108.06999969482422,108.23999786376953,89.3393325805664,1023600,0.0,0.0,0.0
2017-09-01,107.95999908447266,107.98999786376953,107.69999694824219,107.76000213623047,89.07646942138672,3460000,0.162,0.0,0.0
2017-09-05,108.16000366210938,108.5199966430664,108.12999725341797,108.51000213623047,89.69648742675781,3054800,0.0,0.0,0.0
2017-09-06,108.4800033569336,108.55000305175781,108.12999725341797,108.25,89.48149108886719,1601500,0.0,0.0,0.0
2017-09-07,108.3499984741211,108.80999755859375,108.3499984741211,108.72000122070312,89.87002563476562,4292500,0.0,0.0,0.0
2017-09-08,108.68000030517578,108.68000030517578,108.5,108.63999938964844,89.80387115478516,1249100,0.0,0.0,0.0
2017-09-11,108.19999694824219,108.23999786376953,108.0199966430664,108.0199966430664,89.29137420654297,2206200,0.0,0.0,0.0
2017-09-12,107.8499984741211,107.8499984741211,107.66000366210938,107.76000213623047,89.07646942138672,3167800,0.0,0.0,0.0
2017-09-13,107.77999877929688,107.77999877929688,107.5199966430664,107.54000091552734,88.89461517333984,1590900,0.0,0.0,0.0
2017-09-14,107.43000030517578,107.58000183105469,107.4000015258789,107.55999755859375,88.9111557006836,1377700,0.0,0.0,0.0
2017-09-15,107.56999969482422,107.69000244140625,107.37999725341797,107.69000244140625,89.01859283447266,1477000,0.0,0.0,0.0
2017-09-18,107.26000213623047,107.36000061035156,107.16999816894531,107.2699966430664,88.67143249511719,3032500,0.0,0.0,0.0
2017-09-19,107.30000305175781,107.3499984741211,107.12000274658203,107.1500015258789,88.57218170166016,673300,0.0,0.0,0.0
2017-09-20,107.25,107.2699966430664,106.7699966430664,106.94000244140625,88.39865112304688,2397500,0.0,0.0,0.0
2017-09-21,106.98999786376953,107.12999725341797,106.80000305175781,106.80000305175781,88.28289031982422,2390000,0.0,0.0,0.0
2017-09-22,107.13999938964844,107.16000366210938,106.95999908447266,106.98999786376953,88.43995666503906,826600,0.0,0.0,0.0
2017-09-25,107.11000061035156,107.38999938964844,107.0,107.30999755859375,88.7044906616211,1927000,0.0,0.0,0.0
2017-09-26,107.20999908447266,107.27999877929688,107.12000274658203,107.22000122070312,88.63006591796875,1061000,0.0,0.0,0.0
2017-09-27,106.69000244140625,106.83000183105469,106.63999938964844,106.66999816894531,88.1754379272461,4039100,0.0,0.0,0.0
2017-09-28,106.54000091552734,106.7300033569336,106.4800033569336,106.6500015258789,88.15894317626953,1873300,0.0,0.0,0.0
2017-09-29,106.76000213623047,106.7699966430664,106.45999908447266,106.5199966430664,88.05148315429688,2037800,0.0,0.0,0.0
2017-10-02,106.41999816894531,106.47000122070312,106.23999786376953,106.23999786376953,87.95127868652344,3221600,0.159,0.0,0.0
2017-10-03,106.2699966430664,106.43000030517578,106.23999786376953,106.38999938964844,88.07546997070312,2521700,0.0,0.0,0.0
2017-10-04,106.48999786376953,106.48999786376953,106.26000213623047,106.36000061035156,88.05059051513672,2198300,0.0,0.0,0.0
2017-10-05,106.4000015258789,106.45999908447266,106.19000244140625,106.25,87.95957946777344,1779900,0.0,0.0,0.0
2017-10-06,105.97000122070312,106.23999786376953,105.8499984741211,106.12000274658203,87.85196685791016,2350600,0.0,0.0,0.0
2017-10-09,106.20999908447266,106.27999877929688,106.13999938964844,106.23999786376953,87.95127868652344,893100,0.0,0.0,0.0
2017-10-10,106.30000305175781,106.52999877929688,106.25,106.27999877929688,87.98439025878906,1123100,0.0,0.0,0.0
2017-10-11,106.43000030517578,106.44000244140625,106.27999877929688,106.4000015258789,88.08380126953125,2841200,0.0,0.0,0.0
2017-10-12,106.47000122070312,106.54000091552734,106.36000061035156,106.5,88.16654205322266,1349300,0.0,0.0,0.0
2017-10-13,106.81999969482422,106.91999816894531,106.69000244140625,106.86000061035156,88.46453857421875,1521700,0.0,0.0,0.0
2017-10-16,106.66999816894531,106.79000091552734,106.56999969482422,106.68000030517578,88.3155517578125,1666100,0.0,0.0,0.0
2017-10-17,106.5199966430664,106.68000030517578,106.5,106.63999938964844,88.28244018554688,673800,0.0,0.0,0.0
2017-10-18,106.30999755859375,106.41000366210938,106.2699966430664,106.37000274658203,88.05891418457031,1788500,0.0,0.0,0.0
2017-10-19,106.66000366210938,106.69999694824219,106.41000366210938,106.4800033569336,88.14996337890625,1518700,0.0,0.0,0.0
2017-10-20,106.13999938964844,106.20999908447266,106.0,106.04000091552734,87.78573608398438,2651400,0.0,0.0,0.0
2017-10-23,106.08999633789062,106.20999908447266,106.08999633789062,106.13999938964844,87.86849975585938,709800,0.0,0.0,0.0
2017-10-24,105.87999725341797,105.95999908447266,105.76000213623047,105.81999969482422,87.60355377197266,1605600,0.0,0.0,0.0
2017-10-25,105.47000122070312,105.73999786376953,105.47000122070312,105.6500015258789,87.4628677368164,1838800,0.0,0.0,0.0
2017-10-26,105.75,105.7699966430664,105.5,105.51000213623047,87.34695434570312,2062400,0.0,0.0,0.0
2017-10-27,105.62000274658203,105.86000061035156,105.54000091552734,105.8499984741211,87.6284408569336,1315000,0.0,0.0,0.0
2017-10-30,106.08999633789062,106.23999786376953,106.02999877929688,106.2300033569336,87.94300842285156,1692700,0.0,0.0,0.0
2017-10-31,106.23999786376953,106.25,106.13999938964844,106.16000366210938,87.88506317138672,1178000,0.0,0.0,0.0
2017-11-01,105.91999816894531,106.22000122070312,105.91999816894531,106.05999755859375,87.93811798095703,1321500,0.164,0.0,0.0
2017-11-02,106.18000030517578,106.3499984741211,106.12000274658203,106.19999694824219,88.05422973632812,1997900,0.0,0.0,0.0
2017-11-03,106.33999633789062,106.4000015258789,106.1500015258789,106.37000274658203,88.19513702392578,2532400,0.0,0.0,0.0
2017-11-06,106.47000122070312,106.55999755859375,106.4000015258789,106.5,88.3029556274414,858400,0.0,0.0,0.0
2017-11-07,106.5199966430664,106.62000274658203,106.45999908447266,106.54000091552734,88.33612823486328,734800,0.0,0.0,0.0
2017-11-08,106.58999633789062,106.62999725341797,106.37999725341797,106.41000366210938,88.22834777832031,947800,0.0,0.0,0.0
2017-11-09,106.2699966430664,106.45999908447266,106.2300033569336,106.37000274658203,88.19513702392578,925900,0.0,0.0,0.0
2017-11-10,106.0,106.02999877929688,105.79000091552734,105.83000183105469,87.7474136352539,1862000,0.0,0.0,0.0
2017-11-13,105.91000366210938,105.95999908447266,105.7699966430664,105.77999877929688,87.7059326171875,868300,0.0,0.0,0.0
2017-11-14,105.80999755859375,106.0,105.79000091552734,105.93000030517578,87.83031463623047,1629200,0.0,0.0,0.0
2017-11-15,106.27999877929688,106.3499984741211,106.08999633789062,106.30999755859375,88.1454086303711,1933100,0.0,0.0,0.0
2017-11-16,106.13999938964844,106.19999694824219,106.0199966430664,106.04000091552734,87.92156982421875,1749200,0.0,0.0,0.0
2017-11-17,106.2300033569336,106.27999877929688,106.0999984741211,106.18000030517578,88.03762817382812,941200,0.0,0.0,0.0
2017-11-20,106.05000305175781,106.1500015258789,105.94999694824219,106.01000213623047,87.89666748046875,1153400,0.0,0.0,0.0
2017-11-21,106.18000030517578,106.2300033569336,105.94999694824219,106.02999877929688,87.9132308959961,835600,0.0,0.0,0.0
2017-11-22,106.13999938964844,106.41999816894531,106.0999984741211,106.37000274658203,88.19513702392578,1657900,0.0,0.0,0.0
2017-11-24,106.2699966430664,106.33999633789062,106.23999786376953,106.27999877929688,88.12052917480469,614400,0.0,0.0,0.0
2017-11-27,106.33000183105469,106.41999816894531,106.19000244140625,106.3499984741211,88.1785888671875,1927500,0.0,0.0,0.0
2017-11-28,106.51000213623047,106.55000305175781,106.27999877929688,106.37000274658203,88.19513702392578,1388000,0.0,0.0,0.0
2017-11-29,106.0199966430664,106.08000183105469,105.87999725341797,106.02999877929688,87.9132308959961,3193600,0.0,0.0,0.0
2017-11-30,105.95999908447266,106.01000213623047,105.58999633789062,105.69999694824219,87.6396255493164,3306400,0.0,0.0,0.0
2017-12-01,105.69999694824219,106.33999633789062,105.5,105.93000030517578,87.96344757080078,4341500,0.16,0.0,0.0
2017-12-04,105.6500015258789,105.87999725341797,105.63999938964844,105.87999725341797,87.92198181152344,2356200,0.0,0.0,0.0
2017-12-05,105.70999908447266,105.98999786376953,105.69000244140625,105.95999908447266,87.9884033203125,1586000,0.0,0.0,0.0
2017-12-06,106.19999694824219,106.30999755859375,106.16000366210938,106.18000030517578,88.17108154296875,1459000,0.0,0.0,0.0
2017-12-07,106.18000030517578,106.2699966430664,105.86000061035156,105.98999786376953,88.01334381103516,1953400,0.0,0.0,0.0
2017-12-08,105.97000122070312,106.0199966430664,105.83000183105469,105.91000366210938,87.9468765258789,2519500,0.0,0.0,0.0
2017-12-11,105.97000122070312,106.0199966430664,105.80999755859375,105.83999633789062,87.8887710571289,702200,0.0,0.0,0.0
2017-12-12,105.73999786376953,105.76000213623047,105.5999984741211,105.75,87.81399536132812,2557500,0.0,0.0,0.0
2017-12-13,105.9000015258789,106.22000122070312,105.79000091552734,106.18000030517578,88.17108154296875,1477800,0.0,0.0,0.0
2017-12-14,105.98999786376953,106.2300033569336,105.86000061035156,106.13999938964844,88.13787078857422,982100,0.0,0.0,0.0
2017-12-15,105.9800033569336,106.16999816894531,105.91999816894531,106.12000274658203,88.12129211425781,1845200,0.0,0.0,0.0
2017-12-18,106.02999877929688,106.05999755859375,105.83999633789062,105.87999725341797,87.92198181152344,1610300,0.0,0.0,0.0
2017-12-19,105.62000274658203,105.62999725341797,105.25,105.4000015258789,87.52338409423828,4535100,0.0,0.0,0.0
2017-12-20,105.0999984741211,105.29000091552734,105.04000091552734,105.08999633789062,87.26595306396484,3027000,0.0,0.0,0.0
2017-12-21,104.94000244140625,105.01000213623047,104.87000274658203,105.0,87.3275375366211,2098800,0.164,0.0,0.0
2017-12-22,104.98999786376953,105.04000091552734,104.94999694824219,105.04000091552734,87.36076354980469,696900,0.0,0.0,0.0
2017-12-26,105.05000305175781,105.19999694824219,105.02999877929688,105.08000183105469,87.3940200805664,2584800,0.0,0.0,0.0
2017-12-27,105.2300033569336,105.56999969482422,105.2300033569336,105.52999877929688,87.76830291748047,2291500,0.0,0.0,0.0
2017-12-28,105.43000030517578,105.4800033569336,105.33999633789062,105.4000015258789,87.66018676757812,1540500,0.0,0.0,0.0
2017-12-29,105.47000122070312,105.63999938964844,105.45999908447266,105.56999969482422,87.80155181884766,1849600,0.0,0.0,0.0
2018-01-02,105.44000244140625,105.47000122070312,105.08999633789062,105.22000122070312,87.51046752929688,3902000,0.0,0.0,0.0
2018-01-03,105.3499984741211,105.41000366210938,105.22000122070312,105.33000183105469,87.6019287109375,2135900,0.0,0.0,0.0
2018-01-04,105.0999984741211,105.29000091552734,105.0199966430664,105.27999877929688,87.5604019165039,2430000,0.0,0.0,0.0
2018-01-05,105.27999877929688,105.31999969482422,105.05999755859375,105.1500015258789,87.45225524902344,2163600,0.0,0.0,0.0
2018-01-08,105.19999694824219,105.22000122070312,105.01000213623047,105.0999984741211,87.41069030761719,2450600,0.0,0.0,0.0
2018-01-09,104.91999816894531,104.91999816894531,104.58000183105469,104.5999984741211,86.99481201171875,5924200,0.0,0.0,0.0
2018-01-10,104.29000091552734,104.62000274658203,104.2300033569336,104.56999969482422,86.96989440917969,2142500,0.0,0.0,0.0
2018-01-11,104.5199966430664,104.7300033569336,104.41999816894531,104.63999938964844,87.02810668945312,1798700,0.0,0.0,0.0
2018-01-12,104.41999816894531,104.61000061035156,104.4000015258789,104.56999969482422,86.96989440917969,1430700,0.0,0.0,0.0
2018-01-16,104.73999786376953,104.76000213623047,104.4800033569336,104.62000274658203,87.011474609375,5927500,0.0,0.0,0.0
2018-01-17,104.45999908447266,104.62999725341797,104.31999969482422,104.38999938964844,86.8201904296875,2186100,0.0,0.0,0.0
2018-01-18,104.11000061035156,104.20999908447266,103.9800033569336,104.05999755859375,86.54572296142578,3326100,0.0,0.0,0.0
2018-01-19,104.0,104.0,103.7300033569336,103.79000091552734,86.32115936279297,2921600,0.0,0.0,0.0
2018-01-22,103.87000274658203,103.94999694824219,103.66999816894531,103.75,86.28787994384766,8047400,0.0,0.0,0.0
2018-01-23,103.98999786376953,104.11000061035156,103.9000015258789,104.05000305175781,86.53740692138672,1780100,0.0,0.0,0.0
2018-01-24,103.87000274658203,103.94999694824219,103.7300033569336,103.8499984741211,86.37109375,1952200,0.0,0.0,0.0
2018-01-25,103.73999786376953,104.08999633789062,103.62000274658203,104.08000183105469,86.56236267089844,3342000,0.0,0.0,0.0
2018-01-26,103.95999908447266,103.95999908447266,103.66000366210938,103.7699966430664,86.30451202392578,3324500,0.0,0.0,0.0
2018-01-29,103.5,103.55000305175781,103.30999755859375,103.51000213623047,86.0882797241211,2328200,0.0,0.0,0.0
2018-01-30,103.41999816894531,103.4800033569336,103.22000122070312,103.2699966430664,85.88867950439453,2346900,0.0,0.0,0.0
2018-01-31,103.44000244140625,103.48999786376953,103.0199966430664,103.30000305175781,85.91362762451172,2966400,0.0,0.0,0.0
2018-02-01,103.0999984741211,103.0999984741211,102.56999969482422,102.5999984741211,85.47049713134766,8958300,0.168,0.0,0.0
2018-02-02,102.29000091552734,102.37000274658203,102.11000061035156,102.22000122070312,85.15387725830078,5753500,0.0,0.0,0.0
2018-02-05,102.25,103.30999755859375,102.08999633789062,103.05999755859375,85.85365295410156,6902000,0.0,0.0,0.0
2018-02-06,102.94999694824219,103.04000091552734,102.61000061035156,102.61000061035156,85.47879028320312,5382900,0.0,0.0,0.0
2018-02-07,102.75,102.7699966430664,102.19000244140625,102.30999755859375,85.22888946533203,4773700,0.0,0.0,0.0
2018-02-08,102.02999877929688,102.52999877929688,101.88999938964844,102.4000015258789,85.30382537841797,5685300,0.0,0.0,0.0
2018-02-09,102.11000061035156,102.80999755859375,102.11000061035156,102.22000122070312,85.15387725830078,4376900,0.0,0.0,0.0
2018-02-12,102.22000122070312,102.36000061035156,102.08000183105469,102.19000244140625,85.12891387939453,2836300,0.0,0.0,0.0
2018-02-13,102.2699966430664,102.38999938964844,102.18000030517578,102.36000061035156,85.27050018310547,2698100,0.0,0.0,0.0
2018-02-14,102.05999755859375,102.05999755859375,101.62999725341797,101.73999786376953,84.75406646728516,4141900,0.0,0.0,0.0
2018-02-15,101.76000213623047,101.95999908447266,101.73999786376953,101.7699966430664,84.77899932861328,3057300,0.0,0.0,0.0
2018-02-16,102.08999633789062,102.18000030517578,101.95999908447266,102.01000213623047,84.97896575927734,2277800,0.0,0.0,0.0
2018-02-20,101.80999755859375,101.95999908447266,101.72000122070312,101.9000015258789,84.88735961914062,2138300,0.0,0.0,0.0
2018-02-21,102.0,102.0,101.47000122070312,101.5999984741211,84.6374282836914,2253900,0.0,0.0,0.0
2018-02-22,101.76000213623047,101.87000274658203,101.69999694824219,101.73999786376953,84.75406646728516,4411800,0.0,0.0,0.0
2018-02-23,102.01000213623047,102.20999908447266,101.9800033569336,102.12999725341797,85.07890319824219,4484700,0.0,0.0,0.0
2018-02-26,102.36000061035156,102.44999694824219,102.19999694824219,102.25,85.17887115478516,2725600,0.0,0.0,0.0
2018-02-27,102.29000091552734,102.33000183105469,101.73999786376953,101.93000030517578,84.91231536865234,3308900,0.0,0.0,0.0
2018-02-28,102.05000305175781,102.19000244140625,101.97000122070312,102.16999816894531,85.11223602294922,2521400,0.0,0.0,0.0
2018-03-01,102.16000366210938,102.61000061035156,102.02999877929688,102.44999694824219,85.47852325439453,5352600,0.159,0.0,0.0
2018-03-02,102.31999969482422,102.33000183105469,102.01000213623047,102.06999969482422,85.16150665283203,2140800,0.0,0.0,0.0
2018-03-05,102.3499984741211,102.3499984741211,101.81999969482422,101.94000244140625,85.05303192138672,2059300,0.0,0.0,0.0
2018-03-06,101.97000122070312,102.1500015258789,101.91999816894531,101.93000030517578,85.04464721679688,2331300,0.0,0.0,0.0
2018-03-07,102.16000366210938,102.22000122070312,101.91999816894531,101.93000030517578,85.04464721679688,1258100,0.0,0.0,0.0
2018-03-08,102.06999969482422,102.23999786376953,102.0199966430664,102.13999938964844,85.21988677978516,1636700,0.0,0.0,0.0
2018-03-09,101.88999938964844,102.0,101.7699966430664,101.91999816894531,85.03630065917969,1604500,0.0,0.0,0.0
2018-03-12,102.0,102.16999816894531,101.94000244140625,102.16000366210938,85.23653411865234,1885700,0.0,0.0,0.0
2018-03-13,102.31999969482422,102.37999725341797,102.12999725341797,102.33000183105469,85.37842559814453,1742100,0.0,0.0,0.0
2018-03-14,102.2699966430664,102.66000366210938,102.25,102.52999877929688,85.54523468017578,2598900,0.0,0.0,0.0
2018-03-15,102.51000213623047,102.62000274658203,102.38999938964844,102.48999786376953,85.51187133789062,2758000,0.0,0.0,0.0
2018-03-16,102.36000061035156,102.38999938964844,102.23999786376953,102.37000274658203,85.41178131103516,3595300,0.0,0.0,0.0
2018-03-19,102.1500015258789,102.45999908447266,102.13999938964844,102.2699966430664,85.32833099365234,2825000,0.0,0.0,0.0
2018-03-20,102.08999633789062,102.16000366210938,102.04000091552734,102.06999969482422,85.16150665283203,2600600,0.0,0.0,0.0
2018-03-21,101.94000244140625,102.22000122070312,101.68000030517578,102.13999938964844,85.21988677978516,3365600,0.0,0.0,0.0
2018-03-22,102.5199966430664,102.7699966430664,102.38999938964844,102.55999755859375,85.57029724121094,5026500,0.0,0.0,0.0
2018-03-23,102.45999908447266,102.75,102.45999908447266,102.69999694824219,85.68712615966797,2519000,0.0,0.0,0.0
2018-03-26,102.5199966430664,102.6500015258789,102.38999938964844,102.41999816894531,85.4534912109375,4184900,0.0,0.0,0.0
2018-03-27,102.52999877929688,103.05000305175781,102.5199966430664,103.0,85.93743133544922,3495900,0.0,0.0,0.0
2018-03-28,103.20999908447266,103.26000213623047,102.88999938964844,102.9800033569336,85.92072296142578,2762500,0.0,0.0,0.0
2018-03-29,103.01000213623047,103.30999755859375,103.01000213623047,103.19000244140625,86.0959243774414,2572100,0.0,0.0,0.0
2018-04-02,102.94000244140625,103.33999633789062,102.88999938964844,103.12000274658203,86.18370819091797,2748800,0.175,0.0,0.0
2018-04-03,102.95999908447266,103.0,102.75,102.79000091552734,85.90789031982422,4229600,0.0,0.0,0.0
2018-04-04,103.0,103.0,102.68000030517578,102.7300033569336,85.8577651977539,2216900,0.0,0.0,0.0
2018-04-05,102.56999969482422,102.61000061035156,102.43000030517578,102.47000122070312,85.64043426513672,1789300,0.0,0.0,0.0
2018-04-06,102.80000305175781,102.95999908447266,102.66000366210938,102.91999816894531,86.01654815673828,2651200,0.0,0.0,0.0
2018-04-09,102.73999786376953,102.94000244140625,102.6500015258789,102.94000244140625,86.03323364257812,2071100,0.0,0.0,0.0
2018-04-10,102.80999755859375,102.87000274658203,102.68000030517578,102.76000213623047,85.8828353881836,1622400,0.0,0.0,0.0
2018-04-11,102.95999908447266,103.0,102.76000213623047,102.86000061035156,85.96638488769531,2520600,0.0,0.0,0.0
2018-04-12,102.72000122070312,102.7300033569336,102.45999908447266,102.48999786376953,85.65714263916016,2188600,0.0,0.0,0.0
2018-04-13,102.4000015258789,102.62999725341797,102.4000015258789,102.58000183105469,85.73234558105469,2937700,0.0,0.0,0.0
2018-04-16,102.33000183105469,102.55000305175781,102.30999755859375,102.52999877929688,85.69054412841797,1637400,0.0,0.0,0.0
2018-04-17,102.4800033569336,102.66000366210938,102.44000244140625,102.58999633789062,85.74073791503906,1301800,0.0,0.0,0.0
2018-04-18,102.37999725341797,102.5,102.19000244140625,102.19000244140625,85.40644073486328,2127600,0.0,0.0,0.0
2018-04-19,101.94999694824219,102.0199966430664,101.79000091552734,101.91000366210938,85.17241668701172,3181500,0.0,0.0,0.0
2018-04-20,101.77999877929688,101.83999633789062,101.56999969482422,101.56999969482422,84.88824462890625,2309400,0.0,0.0,0.0
2018-04-23,101.4800033569336,101.52999877929688,101.33999633789062,101.47000122070312,84.80470275878906,5022800,0.0,0.0,0.0
2018-04-24,101.33000183105469,101.44999694824219,101.26000213623047,101.3499984741211,84.7043685913086,3178800,0.0,0.0,0.0
2018-04-25,101.19000244140625,101.25,101.05999755859375,101.12999725341797,84.5204849243164,3295800,0.0,0.0,0.0
2018-04-26,101.37000274658203,101.45999908447266,101.30999755859375,101.41999816894531,84.76287841796875,1989500,0.0,0.0,0.0
2018-04-27,101.51000213623047,101.6500015258789,101.5,101.58999633789062,84.90497589111328,2409300,0.0,0.0,0.0
2018-04-30,101.63999938964844,101.80999755859375,101.62000274658203,101.69999694824219,84.99688720703125,3504400,0.0,0.0,0.0
2018-05-01,101.5,101.5,101.30999755859375,101.3499984741211,84.8637466430664,1894000,0.191,0.0,0.0
2018-05-02,101.38999938964844,101.51000213623047,101.30000305175781,101.37000274658203,84.88053894042969,3852600,0.0,0.0,0.0
2018-05-03,101.58000183105469,101.7699966430664,101.55999755859375,101.62999725341797,85.09825897216797,6026900,0.0,0.0,0.0
2018-05-04,101.75,101.79000091552734,101.48999786376953,101.63999938964844,85.10655975341797,2370500,0.0,0.0,0.0
2018-05-07,101.62999725341797,101.66000366210938,101.54000091552734,101.58999633789062,85.06472778320312,1854900,0.0,0.0,0.0
2018-05-08,101.43000030517578,101.5199966430664,101.31999969482422,101.41999816894531,84.92236328125,1654600,0.0,0.0,0.0
2018-05-09,101.19000244140625,101.30000305175781,101.16000366210938,101.19000244140625,84.72978210449219,2838400,0.0,0.0,0.0
2018-05-10,101.43000030517578,101.4800033569336,101.30000305175781,101.4000015258789,84.90562438964844,4183700,0.0,0.0,0.0
2018-05-11,101.47000122070312,101.47000122070312,101.30000305175781,101.41000366210938,84.91404724121094,2816300,0.0,0.0,0.0
2018-05-14,101.25,101.27999877929688,101.18000030517578,101.19000244140625,84.72978210449219,4762000,0.0,0.0,0.0
2018-05-15,100.80000305175781,100.80000305175781,100.48999786376953,100.62999725341797,84.26090240478516,6812500,0.0,0.0,0.0
2018-05-16,100.5,100.69999694824219,100.41999816894531,100.41999816894531,84.08505249023438,4784200,0.0,0.0,0.0
2018-05-17,100.45999908447266,100.5199966430664,100.33000183105469,100.36000061035156,84.03479766845703,1702300,0.0,0.0,0.0
2018-05-18,100.55000305175781,100.80999755859375,100.55000305175781,100.75,84.36136627197266,2642300,0.0,0.0,0.0
2018-05-21,100.69999694824219,100.83000183105469,100.63999938964844,100.81999969482422,84.41996002197266,2845100,0.0,0.0,0.0
2018-05-22,100.81999969482422,100.83000183105469,100.69000244140625,100.77999877929688,84.38648223876953,1977000,0.0,0.0,0.0
2018-05-23,101.08999633789062,101.30000305175781,101.06999969482422,101.23999786376953,84.77165985107422,5102500,0.0,0.0,0.0
2018-05-24,101.47000122070312,101.63999938964844,101.43000030517578,101.5,84.98936462402344,2994100,0.0,0.0,0.0
2018-05-25,101.80999755859375,101.91000366210938,101.76000213623047,101.9000015258789,85.3243637084961,2838400,0.0,0.0,0.0
2018-05-29,102.3499984741211,103.19999694824219,102.23999786376953,103.0,86.24536895751953,11256200,0.0,0.0,0.0
2018-05-30,102.56999969482422,102.72000122070312,102.37999725341797,102.55999755859375,85.8769760131836,4512200,0.0,0.0,0.0
2018-05-31,102.56999969482422,102.73999786376953,102.33999633789062,102.51000213623047,85.83504486083984,5321700,0.0,0.0,0.0
2018-06-01,101.8499984741211,102.08999633789062,101.7699966430664,101.93000030517578,85.51793670654297,7891000,0.202,0.0,0.0
2018-06-04,101.81999969482422,101.83000183105469,101.56999969482422,101.56999969482422,85.21591186523438,3131800,0.0,0.0,0.0
2018-06-05,101.83999633789062,101.97000122070312,101.72000122070312,101.83000183105469,85.43400573730469,4305500,0.0,0.0,0.0
2018-06-06,101.55999755859375,101.58999633789062,101.36000061035156,101.41999816894531,85.09004211425781,3910500,0.0,0.0,0.0
2018-06-07,101.41999816894531,102.12999725341797,101.38999938964844,101.8499984741211,85.45084381103516,4400400,0.0,0.0,0.0
2018-06-08,101.73999786376953,101.86000061035156,101.68000030517578,101.70999908447266,85.33336639404297,7342800,0.0,0.0,0.0
2018-06-11,101.52999877929688,101.63999938964844,101.51000213623047,101.61000061035156,85.24944305419922,1875800,0.0,0.0,0.0
2018-06-12,101.47000122070312,101.5999984741211,101.44999694824219,101.55000305175781,85.19913482666016,1664800,0.0,0.0,0.0
2018-06-13,101.58000183105469,101.6500015258789,101.16000366210938,101.43000030517578,85.09843444824219,3294700,0.0,0.0,0.0
2018-06-14,101.62000274658203,101.76000213623047,101.54000091552734,101.75,85.36691284179688,3626400,0.0,0.0,0.0
2018-06-15,101.97000122070312,102.0999984741211,101.80000305175781,101.83000183105469,85.43400573730469,5826500,0.0,0.0,0.0
2018-06-18,101.95999908447266,101.9800033569336,101.80000305175781,101.87999725341797,85.47599792480469,4600500,0.0,0.0,0.0
2018-06-19,102.18000030517578,102.27999877929688,102.08999633789062,102.1500015258789,85.70250701904297,4172800,0.0,0.0,0.0
2018-06-20,102.11000061035156,102.12999725341797,101.80999755859375,101.81999969482422,85.42564392089844,3059000,0.0,0.0,0.0
2018-06-21,101.9800033569336,102.16999816894531,101.9800033569336,102.08999633789062,85.65216064453125,2680500,0.0,0.0,0.0
2018-06-22,101.95999908447266,102.16000366210938,101.94999694824219,102.11000061035156,85.66895294189453,2309500,0.0,0.0,0.0
2018-06-25,102.22000122070312,102.4000015258789,102.20999908447266,102.25,85.78640747070312,8110800,0.0,0.0,0.0
2018-06-26,102.2699966430664,102.36000061035156,102.20999908447266,102.30000305175781,85.828369140625,3873200,0.0,0.0,0.0
2018-06-27,102.55999755859375,102.7300033569336,102.4800033569336,102.69000244140625,86.15559387207031,3044200,0.0,0.0,0.0
2018-06-28,102.68000030517578,102.70999908447266,102.51000213623047,102.58999633789062,86.07167053222656,3705600,0.0,0.0,0.0
2018-06-29,102.58000183105469,102.68000030517578,102.5,102.51000213623047,86.00453186035156,2721200,0.0,0.0,0.0
2018-07-02,102.41999816894531,102.44999694824219,102.22000122070312,102.25,85.94569396972656,3911500,0.19,0.0,0.0
2018-07-03,102.29000091552734,102.51000213623047,102.27999877929688,102.51000213623047,86.16422271728516,1463800,0.0,0.0,0.0
2018-07-05,102.4800033569336,102.63999938964844,102.45999908447266,102.5199966430664,86.17266082763672,1682300,0.0,0.0,0.0
2018-07-06,102.63999938964844,102.70999908447266,102.5199966430664,102.61000061035156,86.24832153320312,3206500,0.0,0.0,0.0
2018-07-09,102.37000274658203,102.44000244140625,102.33000183105469,102.3499984741211,86.02976989746094,2258800,0.0,0.0,0.0
2018-07-10,102.25,102.36000061035156,102.20999908447266,102.2699966430664,85.96250915527344,4461100,0.0,0.0,0.0
2018-07-11,102.45999908447266,102.51000213623047,102.31999969482422,102.4800033569336,86.13903045654297,2198700,0.0,0.0,0.0
2018-07-12,102.3499984741211,102.4800033569336,102.33000183105469,102.44000244140625,86.10539245605469,1385900,0.0,0.0,0.0
2018-07-13,102.55000305175781,102.63999938964844,102.4800033569336,102.61000061035156,86.24832153320312,2891800,0.0,0.0,0.0
2018-07-16,102.38999938964844,102.4800033569336,102.26000213623047,102.44000244140625,86.10539245605469,1782600,0.0,0.0,0.0
2018-07-17,102.5,102.5,102.3499984741211,102.37999725341797,86.05496215820312,1034700,0.0,0.0,0.0
2018-07-18,102.43000030517578,102.44999694824219,102.2699966430664,102.30000305175781,85.98775482177734,1355300,0.0,0.0,0.0
2018-07-19,102.37000274658203,102.66999816894531,102.3499984741211,102.58000183105469,86.22306060791016,4201700,0.0,0.0,0.0
2018-07-20,102.45999908447266,102.45999908447266,102.18000030517578,102.22000122070312,85.92047882080078,3362700,0.0,0.0,0.0
2018-07-23,102.0999984741211,102.11000061035156,101.69999694824219,101.72000122070312,85.50022888183594,5285700,0.0,0.0,0.0
2018-07-24,101.69999694824219,101.83999633789062,101.62999725341797,101.79000091552734,85.55906677246094,3293800,0.0,0.0,0.0
2018-07-25,101.91000366210938,101.9800033569336,101.66000366210938,101.72000122070312,85.50022888183594,2403800,0.0,0.0,0.0
2018-07-26,101.81999969482422,101.87000274658203,101.58999633789062,101.61000061035156,85.40774536132812,2598200,0.0,0.0,0.0
2018-07-27,101.83999633789062,101.83999633789062,101.68000030517578,101.7699966430664,85.54222869873047,1435100,0.0,0.0,0.0
2018-07-30,101.56999969482422,101.76000213623047,101.55999755859375,101.63999938964844,85.43294525146484,3832700,0.0,0.0,0.0
2018-07-31,101.80000305175781,101.83000183105469,101.70999908447266,101.77999877929688,85.55065155029297,3053600,0.0,0.0,0.0
2018-08-01,101.26000213623047,101.41000366210938,101.19000244140625,101.33999633789062,85.34851837158203,5366800,0.2,0.0,0.0
2018-08-02,101.41000366210938,101.4800033569336,101.31999969482422,101.45999908447266,85.4495849609375,3370800,0.0,0.0,0.0
2018-08-03,101.54000091552734,101.75,101.52999877929688,101.72000122070312,85.6685791015625,2174800,0.0,0.0,0.0
2018-08-06,101.79000091552734,101.94999694824219,101.76000213623047,101.7699966430664,85.71066284179688,3867200,0.0,0.0,0.0
2018-08-07,101.70999908447266,101.70999908447266,101.54000091552734,101.55999755859375,85.5337905883789,2181400,0.0,0.0,0.0
2018-08-08,101.58999633789062,101.70999908447266,101.58000183105469,101.6500015258789,85.60960388183594,2777900,0.0,0.0,0.0
2018-08-09,101.80999755859375,101.93000030517578,101.79000091552734,101.93000030517578,85.8454360961914,4318000,0.0,0.0,0.0
2018-08-10,102.19999694824219,102.5,102.16999816894531,102.37000274658203,86.21601867675781,4327800,0.0,0.0,0.0
2018-08-13,102.30999755859375,102.45999908447266,102.2300033569336,102.33999633789062,86.19075012207031,1764700,0.0,0.0,0.0
2018-08-14,102.31999969482422,102.33000183105469,102.19000244140625,102.23999786376953,86.10648345947266,2487600,0.0,0.0,0.0
2018-08-15,102.45999908447266,102.68000030517578,102.43000030517578,102.48999786376953,86.3170394897461,4810700,0.0,0.0,0.0
2018-08-16,102.51000213623047,102.5199966430664,102.27999877929688,102.45999908447266,86.29176330566406,2594400,0.0,0.0,0.0
2018-08-17,102.55000305175781,102.63999938964844,102.4000015258789,102.5,86.32549285888672,3043400,0.0,0.0,0.0
2018-08-20,102.69999694824219,102.86000061035156,102.68000030517578,102.81999969482422,86.59500122070312,2901100,0.0,0.0,0.0
2018-08-21,102.7300033569336,102.7300033569336,102.61000061035156,102.68000030517578,86.47708129882812,2516700,0.0,0.0,0.0
2018-08-22,102.95999908447266,102.95999908447266,102.7699966430664,102.87000274658203,86.63711547851562,2396500,0.0,0.0,0.0
2018-08-23,102.91000366210938,102.94999694824219,102.83000183105469,102.86000061035156,86.62865447998047,871000,0.0,0.0,0.0
2018-08-24,102.68000030517578,102.91000366210938,102.63999938964844,102.88999938964844,86.65392303466797,1296600,0.0,0.0,0.0
2018-08-27,102.75,102.77999877929688,102.63999938964844,102.66000366210938,86.46026611328125,1851900,0.0,0.0,0.0
2018-08-28,102.4800033569336,102.5199966430664,102.38999938964844,102.43000030517578,86.26652526855469,1506300,0.0,0.0,0.0
2018-08-29,102.45999908447266,102.47000122070312,102.30000305175781,102.4000015258789,86.24124145507812,1420400,0.0,0.0,0.0
2018-08-30,102.54000091552734,102.68000030517578,102.51000213623047,102.58999633789062,86.40128326416016,2780900,0.0,0.0,0.0
2018-08-31,102.81999969482422,102.83000183105469,102.5999984741211,102.61000061035156,86.4181137084961,2132200,0.0,0.0,0.0
2018-09-04,102.26000213623047,102.31999969482422,102.12000274658203,102.16999816894531,86.22066497802734,3419500,0.206,0.0,0.0
2018-09-05,102.1500015258789,102.2300033569336,102.05000305175781,102.16000366210938,86.21221923828125,1332300,0.0,0.0,0.0
2018-09-06,102.22000122070312,102.44999694824219,102.20999908447266,102.37000274658203,86.3894271850586,1656700,0.0,0.0,0.0
2018-09-07,102.01000213623047,102.04000091552734,101.87000274658203,101.91000366210938,86.00125122070312,4405000,0.0,0.0,0.0
2018-09-10,101.88999938964844,102.01000213623047,101.88999938964844,101.97000122070312,86.05191802978516,3110800,0.0,0.0,0.0
2018-09-11,101.7699966430664,101.80000305175781,101.5999984741211,101.5999984741211,85.73963928222656,3360500,0.0,0.0,0.0
2018-09-12,101.76000213623047,101.80999755859375,101.72000122070312,101.72000122070312,85.84089660644531,1398800,0.0,0.0,0.0
2018-09-13,101.86000061035156,101.86000061035156,101.69000244140625,101.70999908447266,85.83244323730469,1281600,0.0,0.0,0.0
2018-09-14,101.51000213623047,101.62000274658203,101.45999908447266,101.5199966430664,85.6720962524414,3749900,0.0,0.0,0.0
2018-09-17,101.41000366210938,101.58000183105469,101.37999725341797,101.54000091552734,85.68901062011719,3808400,0.0,0.0,0.0
2018-09-18,101.41000366210938,101.41999816894531,101.08999633789062,101.12000274658203,85.33454132080078,4972900,0.0,0.0,0.0
2018-09-19,101.05999755859375,101.06999969482422,100.80000305175781,100.94999694824219,85.19108581542969,5515900,0.0,0.0,0.0
2018-09-20,100.83000183105469,101.05999755859375,100.80000305175781,100.95999908447266,85.19952392578125,2973500,0.0,0.0,0.0
2018-09-21,100.9000015258789,101.05999755859375,100.9000015258789,101.0,85.2332763671875,1024100,0.0,0.0,0.0
2018-09-24,100.8499984741211,101.01000213623047,100.83999633789062,100.88999938964844,85.14045715332031,2389800,0.0,0.0,0.0
2018-09-25,100.7699966430664,100.80999755859375,100.68000030517578,100.79000091552734,85.05609130859375,2878300,0.0,0.0,0.0
2018-09-26,100.88999938964844,101.13999938964844,100.83999633789062,101.12000274658203,85.33454132080078,2502900,0.0,0.0,0.0
2018-09-27,101.05000305175781,101.1500015258789,100.98999786376953,101.12000274658203,85.33454132080078,6342800,0.0,0.0,0.0
2018-09-28,101.29000091552734,101.30000305175781,101.12999725341797,101.16999816894531,85.37677764892578,3931000,0.0,0.0,0.0
2018-10-01,100.83000183105469,100.88999938964844,100.70999908447266,100.70999908447266,85.16028594970703,6408000,0.204,0.0,0.0
2018-10-02,100.86000061035156,101.04000091552734,100.86000061035156,100.97000122070312,85.38016510009766,2915000,0.0,0.0,0.0
2018-10-03,100.77999877929688,100.79000091552734,100.08999633789062,100.22000122070312,84.7459487915039,6612700,0.0,0.0,0.0
2018-10-04,99.9800033569336,100.12999725341797,99.87999725341797,99.95999908447266,84.52610778808594,6427500,0.0,0.0,0.0
2018-10-05,99.81999969482422,99.91000366210938,99.5999984741211,99.72000122070312,84.3231430053711,5676600,0.0,0.0,0.0
2018-10-08,99.81999969482422,99.86000061035156,99.73999786376953,99.76000213623047,84.35696411132812,1947800,0.0,0.0,0.0
2018-10-09,99.79000091552734,99.94999694824219,99.76000213623047,99.94999694824219,84.51766204833984,3066300,0.0,0.0,0.0
2018-10-10,99.70999908447266,100.02999877929688,99.66999816894531,100.0,84.5599136352539,3001900,0.0,0.0,0.0
2018-10-11,100.22000122070312,100.55000305175781,100.08999633789062,100.41000366210938,84.90660095214844,5821500,0.0,0.0,0.0
2018-10-12,100.29000091552734,100.52999877929688,100.23999786376953,100.29000091552734,84.80513000488281,2647900,0.0,0.0,0.0
2018-10-15,100.38999938964844,100.44000244140625,100.26000213623047,100.3499984741211,84.85586547851562,1860000,0.0,0.0,0.0
2018-10-16,100.2699966430664,100.3499984741211,100.19999694824219,100.33999633789062,84.84742736816406,2703900,0.0,0.0,0.0
2018-10-17,100.31999969482422,100.41999816894531,100.05000305175781,100.05000305175781,84.60221099853516,3336200,0.0,0.0,0.0
2018-10-18,100.0,100.4000015258789,99.94999694824219,100.2300033569336,84.75440216064453,2587700,0.0,0.0,0.0
2018-10-19,100.22000122070312,100.23999786376953,100.02999877929688,100.11000061035156,84.65290832519531,5531900,0.0,0.0,0.0
2018-10-22,100.22000122070312,100.26000213623047,100.12000274658203,100.12999725341797,84.66986846923828,1690100,0.0,0.0,0.0
2018-10-23,100.6500015258789,100.79000091552734,100.33999633789062,100.38999938964844,84.88971710205078,4420100,0.0,0.0,0.0
2018-10-24,100.66999816894531,100.95999908447266,100.5999984741211,100.93000030517578,85.34632110595703,4881200,0.0,0.0,0.0
2018-10-25,100.75,100.81999969482422,100.5999984741211,100.69000244140625,85.14336395263672,3559900,0.0,0.0,0.0
2018-10-26,101.06999969482422,101.30000305175781,101.04000091552734,101.13999938964844,85.52389526367188,4220800,0.0,0.0,0.0
2018-10-29,101.01000213623047,101.23999786376953,100.8499984741211,101.12999725341797,85.51541137695312,3766900,0.0,0.0,0.0
2018-10-30,100.94000244140625,101.05999755859375,100.87000274658203,100.91000366210938,85.32942962646484,5746600,0.0,0.0,0.0
2018-10-31,100.61000061035156,100.73999786376953,100.55000305175781,100.66000366210938,85.11800384521484,3956700,0.0,0.0,0.0
2018-11-01,100.36000061035156,100.56999969482422,100.33000183105469,100.52999877929688,85.19088745117188,4834300,0.216,0.0,0.0
2018-11-02,100.29000091552734,100.31999969482422,99.93000030517578,99.97000122070312,84.71632385253906,5250900,0.0,0.0,0.0
2018-11-05,100.16000366210938,100.19999694824219,100.02999877929688,100.02999877929688,84.76715087890625,2446700,0.0,0.0,0.0
2018-11-06,100.0999984741211,100.0999984741211,99.91000366210938,99.91999816894531,84.6739730834961,2456700,0.0,0.0,0.0
2018-11-07,100.08999633789062,100.16999816894531,99.91000366210938,99.91999816894531,84.6739730834961,3297600,0.0,0.0,0.0
2018-11-08,100.0,100.0199966430664,99.75,99.77999877929688,84.55533599853516,2188900,0.0,0.0,0.0
2018-11-09,99.93000030517578,100.22000122070312,99.91999816894531,100.16999816894531,84.8857650756836,2772700,0.0,0.0,0.0
2018-11-12,100.37999725341797,100.51000213623047,100.33000183105469,100.47000122070312,85.14002990722656,3704900,0.0,0.0,0.0
2018-11-13,100.41999816894531,100.58000183105469,100.3499984741211,100.55000305175781,85.20783996582031,3265000,0.0,0.0,0.0
2018-11-14,100.43000030517578,100.95999908447266,100.38999938964844,100.76000213623047,85.38578796386719,4626400,0.0,0.0,0.0
2018-11-15,101.01000213623047,101.05999755859375,100.70999908447266,100.83000183105469,85.44511413574219,2621300,0.0,0.0,0.0
2018-11-16,101.05999755859375,101.18000030517578,100.9800033569336,101.13999938964844,85.70780181884766,7226700,0.0,0.0,0.0
2018-11-19,101.05999755859375,101.31999969482422,101.05999755859375,101.29000091552734,85.83492279052734,3447800,0.0,0.0,0.0
2018-11-20,101.31999969482422,101.41999816894531,101.2300033569336,101.2699966430664,85.81793975830078,3658600,0.0,0.0,0.0
2018-11-21,101.18000030517578,101.25,101.06999969482422,101.25,85.80101776123047,1897000,0.0,0.0,0.0
2018-11-23,101.45999908447266,101.47000122070312,101.30999755859375,101.30999755859375,85.85185241699219,531200,0.0,0.0,0.0
2018-11-26,101.19000244140625,101.2300033569336,101.12999725341797,101.2300033569336,85.78407287597656,2345600,0.0,0.0,0.0
2018-11-27,101.19999694824219,101.4000015258789,101.19000244140625,101.33000183105469,85.86880493164062,2334400,0.0,0.0,0.0
2018-11-28,101.25,101.45999908447266,101.16999816894531,101.31999969482422,85.86033630371094,3582500,0.0,0.0,0.0
2018-11-29,101.58999633789062,101.7300033569336,101.45999908447266,101.58000183105469,86.0806655883789,4313000,0.0,0.0,0.0
2018-11-30,101.7300033569336,101.81999969482422,101.66000366210938,101.77999877929688,86.25013732910156,3069700,0.0,0.0,0.0
2018-12-03,101.44000244140625,101.79000091552734,101.41000366210938,101.79000091552734,86.43866729736328,6008500,0.212,0.0,0.0
2018-12-04,101.97000122070312,102.45999908447266,101.94000244140625,102.26000213623047,86.83779907226562,7748800,0.0,0.0,0.0
2018-12-06,102.6500015258789,102.97000122070312,102.5,102.5199966430664,87.05857849121094,9429900,0.0,0.0,0.0
2018-12-07,102.48999786376953,102.86000061035156,102.36000061035156,102.81999969482422,87.31331634521484,7319100,0.0,0.0,0.0
2018-12-10,102.83999633789062,103.04000091552734,102.70999908447266,102.87999725341797,87.36428833007812,9045700,0.0,0.0,0.0
2018-12-11,102.63999938964844,102.8499984741211,102.5,102.62000274658203,87.14352416992188,5290100,0.0,0.0,0.0
2018-12-12,102.44999694824219,102.5,102.30999755859375,102.33999633789062,86.90570068359375,3727200,0.0,0.0,0.0
2018-12-13,102.45999908447266,102.5,102.33999633789062,102.4000015258789,86.95670318603516,4116000,0.0,0.0,0.0
2018-12-14,102.56999969482422,102.72000122070312,102.5199966430664,102.55999755859375,87.09256744384766,3530000,0.0,0.0,0.0
2018-12-17,102.66000366210938,102.93000030517578,102.6500015258789,102.86000061035156,87.34730529785156,7627000,0.0,0.0,0.0
2018-12-18,102.75,102.94999694824219,102.68000030517578,102.9000015258789,87.56260681152344,4461400,0.213,0.0,0.0
2018-12-19,103.01000213623047,103.4800033569336,102.77999877929688,103.26000213623047,87.86890411376953,7710900,0.0,0.0,0.0
2018-12-20,103.44999694824219,103.47000122070312,103.08999633789062,103.12999725341797,87.75831604003906,9245200,0.0,0.0,0.0
2018-12-21,103.19999694824219,103.2300033569336,103.05999755859375,103.22000122070312,87.83489227294922,4918800,0.0,0.0,0.0
2018-12-24,103.37999725341797,103.48999786376953,103.26000213623047,103.4800033569336,88.05612182617188,6373000,0.0,0.0,0.0
2018-12-26,103.47000122070312,103.62000274658203,102.94999694824219,102.98999786376953,87.6391830444336,5477700,0.0,0.0,0.0
2018-12-27,103.43000030517578,103.62999725341797,103.2300033569336,103.25,87.8604507446289,4602100,0.0,0.0,0.0
2018-12-28,103.41999816894531,103.81999969482422,103.38999938964844,103.80999755859375,88.3369369506836,4543100,0.0,0.0,0.0
2018-12-31,103.69000244140625,104.66000366210938,103.62999725341797,104.19999694824219,88.6688003540039,7227500,0.0,0.0,0.0
2019-01-02,104.30999755859375,104.43000030517578,104.18000030517578,104.41999816894531,88.85599517822266,18668600,0.0,0.0,0.0
2019-01-03,104.45999908447266,105.31999969482422,104.44000244140625,105.25,89.56230926513672,10616700,0.0,0.0,0.0
2019-01-04,104.55000305175781,104.58999633789062,104.2699966430664,104.4000015258789,88.83903503417969,6616700,0.0,0.0,0.0
2019-01-07,104.5199966430664,104.56999969482422,104.06999969482422,104.11000061035156,88.5922622680664,5459200,0.0,0.0,0.0
2019-01-08,104.0,104.08999633789062,103.8499984741211,103.8499984741211,88.3709945678711,6879500,0.0,0.0,0.0
2019-01-09,103.83999633789062,103.98999786376953,103.7699966430664,103.91000366210938,88.42206573486328,3248700,0.0,0.0,0.0
2019-01-10,104.06999969482422,104.13999938964844,103.79000091552734,103.86000061035156,88.37952423095703,14413000,0.0,0.0,0.0
2019-01-11,104.13999938964844,104.26000213623047,104.06999969482422,104.16999816894531,88.64330291748047,3825700,0.0,0.0,0.0
2019-01-14,104.20999908447266,104.29000091552734,104.05000305175781,104.11000061035156,88.5922622680664,3090100,0.0,0.0,0.0
2019-01-15,104.29000091552734,104.29000091552734,103.97000122070312,104.01000213623047,88.50711059570312,4148000,0.0,0.0,0.0
2019-01-16,103.88999938964844,104.0,103.80999755859375,103.94999694824219,88.45606231689453,4820800,0.0,0.0,0.0
2019-01-17,103.9000015258789,103.94999694824219,103.68000030517578,103.76000213623047,88.29441833496094,5328100,0.0,0.0,0.0
2019-01-18,103.61000061035156,103.72000122070312,103.3499984741211,103.43000030517578,88.01360321044922,6617500,0.0,0.0,0.0
2019-01-22,103.72000122070312,103.91000366210938,103.66999816894531,103.79000091552734,88.3199462890625,5814400,0.0,0.0,0.0
2019-01-23,103.61000061035156,103.8499984741211,103.58000183105469,103.73999786376953,88.27737426757812,3507300,0.0,0.0,0.0
2019-01-24,104.05999755859375,104.18000030517578,103.9800033569336,104.06999969482422,88.55818176269531,6030700,0.0,0.0,0.0
2019-01-25,103.88999938964844,103.94000244140625,103.7300033569336,103.83000183105469,88.35396575927734,2763300,0.0,0.0,0.0
2019-01-28,103.79000091552734,103.9800033569336,103.79000091552734,103.86000061035156,88.37952423095703,3116100,0.0,0.0,0.0
2019-01-29,103.94000244140625,104.16000366210938,103.93000030517578,104.16000366210938,88.63479614257812,2836700,0.0,0.0,0.0
2019-01-30,104.05000305175781,104.43000030517578,103.95999908447266,104.4000015258789,88.83903503417969,5788300,0.0,0.0,0.0
2019-01-31,104.63999938964844,104.93000030517578,104.61000061035156,104.87999725341797,89.2474594116211,10206500,0.0,0.0,0.0
2019-02-01,104.47000122070312,104.48999786376953,104.08999633789062,104.0999984741211,88.76993560791016,9191900,0.22,0.0,0.0
2019-02-04,103.97000122070312,103.97000122070312,103.80999755859375,103.87000274658203,88.57381439208984,7283500,0.0,0.0,0.0
2019-02-05,104.0,104.18000030517578,103.98999786376953,104.05000305175781,88.7273178100586,3331100,0.0,0.0,0.0
2019-02-06,104.27999877929688,104.29000091552734,104.06999969482422,104.12999725341797,88.79550170898438,3489800,0.0,0.0,0.0
2019-02-07,104.41999816894531,104.55000305175781,104.3499984741211,104.47000122070312,89.08546447753906,6937400,0.0,0.0,0.0
2019-02-08,104.62999725341797,104.7300033569336,104.58999633789062,104.61000061035156,89.20484924316406,2602700,0.0,0.0,0.0
2019-02-11,104.44999694824219,104.54000091552734,104.37000274658203,104.44999694824219,89.0683822631836,2637200,0.0,0.0,0.0
2019-02-12,104.37999725341797,104.38999938964844,104.22000122070312,104.30999755859375,88.94902038574219,3305300,0.0,0.0,0.0
2019-02-13,104.06999969482422,104.16999816894531,104.0,104.05000305175781,88.7273178100586,3772100,0.0,0.0,0.0
2019-02-14,104.61000061035156,104.62000274658203,104.41000366210938,104.54000091552734,89.1451416015625,10568700,0.0,0.0,0.0
2019-02-15,104.3499984741211,104.47000122070312,104.33999633789062,104.44000244140625,89.05985260009766,6879000,0.0,0.0,0.0
2019-02-19,104.62999725341797,104.69999694824219,104.55000305175781,104.62000274658203,89.21336364746094,8557400,0.0,0.0,0.0
2019-02-20,104.62000274658203,104.69999694824219,104.5199966430664,104.5999984741211,89.1962661743164,4751100,0.0,0.0,0.0
2019-02-21,104.30000305175781,104.33999633789062,104.22000122070312,104.29000091552734,88.93195343017578,4140200,0.0,0.0,0.0
2019-02-22,104.5,104.72000122070312,104.45999908447266,104.5999984741211,89.1962661743164,3351000,0.0,0.0,0.0
2019-02-25,104.43000030517578,104.5,104.36000061035156,104.44000244140625,89.05985260009766,2849600,0.0,0.0,0.0
2019-02-26,104.75,104.79000091552734,104.5999984741211,104.75,89.32416534423828,2647700,0.0,0.0,0.0
2019-02-27,104.56999969482422,104.58000183105469,104.30000305175781,104.37999725341797,89.00873565673828,2530600,0.0,0.0,0.0
2019-02-28,104.33999633789062,104.3499984741211,104.05999755859375,104.11000061035156,88.7784652709961,4949900,0.0,0.0,0.0
2019-03-01,103.73999786376953,103.8499984741211,103.56999969482422,103.56999969482422,88.48712158203125,9003000,0.199,0.0,0.0
2019-03-04,103.7300033569336,103.94999694824219,103.66000366210938,103.88999938964844,88.76053619384766,3506600,0.0,0.0,0.0
2019-03-05,103.7699966430664,103.95999908447266,103.69999694824219,103.94999694824219,88.8117904663086,2112200,0.0,0.0,0.0
2019-03-06,103.98999786376953,104.29000091552734,103.98999786376953,104.23999786376953,89.05952453613281,2401600,0.0,0.0,0.0
2019-03-07,104.44000244140625,104.66999816894531,104.43000030517578,104.58999633789062,89.35859680175781,4822900,0.0,0.0,0.0
2019-03-08,104.69000244140625,104.83000183105469,104.58000183105469,104.73999786376953,89.48674011230469,5212000,0.0,0.0,0.0
2019-03-11,104.7300033569336,104.7300033569336,104.56999969482422,104.66000366210938,89.41838836669922,4654100,0.0,0.0,0.0
2019-03-12,104.73999786376953,105.0,104.69999694824219,104.94999694824219,89.6661605834961,4942800,0.0,0.0,0.0
2019-03-13,104.83999633789062,104.94000244140625,104.80000305175781,104.91000366210938,89.63198852539062,1715000,0.0,0.0,0.0
2019-03-14,104.86000061035156,104.91000366210938,104.6500015258789,104.76000213623047,89.50382995605469,2514700,0.0,0.0,0.0
2019-03-15,105.08000183105469,105.16999816894531,104.97000122070312,105.08999633789062,89.7857894897461,7846600,0.0,0.0,0.0
2019-03-18,104.98999786376953,105.08000183105469,104.94000244140625,104.94999694824219,89.6661605834961,4166200,0.0,0.0,0.0
2019-03-19,104.77999877929688,104.98999786376953,104.75,104.87999725341797,89.60636138916016,2138000,0.0,0.0,0.0
2019-03-20,105.02999877929688,105.63999938964844,105.01000213623047,105.61000061035156,90.23001098632812,8061700,0.0,0.0,0.0
2019-03-21,105.7300033569336,105.75,105.4800033569336,105.55999755859375,90.18731689453125,4633500,0.0,0.0,0.0
2019-03-22,106.08999633789062,106.51000213623047,106.04000091552734,106.33999633789062,90.85370635986328,4721900,0.0,0.0,0.0
2019-03-25,106.33999633789062,106.86000061035156,106.25,106.61000061035156,91.08441925048828,7828800,0.0,0.0,0.0
2019-03-26,106.38999938964844,106.69000244140625,106.33999633789062,106.5199966430664,91.0075454711914,7483700,0.0,0.0,0.0
2019-03-27,106.80999755859375,107.08000183105469,106.75,106.83000183105469,91.27237701416016,3555900,0.0,0.0,0.0
2019-03-28,106.80000305175781,106.91000366210938,106.66000366210938,106.83999633789062,91.28092956542969,3769600,0.0,0.0,0.0
2019-03-29,106.47000122070312,106.68000030517578,106.44000244140625,106.66999816894531,91.1356430053711,2748900,0.0,0.0,0.0
2019-04-01,106.0999984741211,106.12999725341797,105.68000030517578,105.72000122070312,90.50899505615234,9430400,0.218,0.0,0.0
2019-04-02,105.81999969482422,105.91999816894531,105.76000213623047,105.9000015258789,90.66310119628906,7318600,0.0,0.0,0.0
2019-04-03,105.56999969482422,105.69000244140625,105.5199966430664,105.56999969482422,90.38056945800781,5207300,0.0,0.0,0.0
2019-04-04,105.62000274658203,105.72000122070312,105.55000305175781,105.68000030517578,90.47474670410156,2293700,0.0,0.0,0.0
2019-04-05,105.5999984741211,105.80000305175781,105.58999633789062,105.7300033569336,90.51754760742188,1749900,0.0,0.0,0.0
2019-04-08,105.70999908447266,105.76000213623047,105.55999755859375,105.55999755859375,90.37200927734375,3591500,0.0,0.0,0.0
2019-04-09,105.81999969482422,105.87999725341797,105.72000122070312,105.75,90.53469848632812,3210600,0.0,0.0,0.0
2019-04-10,105.91999816894531,106.06999969482422,105.91000366210938,106.0,90.74870300292969,2059800,0.0,0.0,0.0
2019-04-11,105.83000183105469,105.87000274658203,105.72000122070312,105.76000213623047,90.54325103759766,1547500,0.0,0.0,0.0
2019-04-12,105.38999938964844,105.44999694824219,105.2699966430664,105.2699966430664,90.12371826171875,6032100,0.0,0.0,0.0
2019-04-15,105.29000091552734,105.41999816894531,105.29000091552734,105.41000366210938,90.24360656738281,2410700,0.0,0.0,0.0
2019-04-16,105.19000244140625,105.25,105.02999877929688,105.05000305175781,89.93541717529297,5003600,0.0,0.0,0.0
2019-04-17,105.0,105.18000030517578,105.0,105.06999969482422,89.95252990722656,2348800,0.0,0.0,0.0
2019-04-18,105.33000183105469,105.45999908447266,105.29000091552734,105.31999969482422,90.16653442382812,4893200,0.0,0.0,0.0
2019-04-22,105.26000213623047,105.2699966430664,105.12000274658203,105.16999816894531,90.03814697265625,3630000,0.0,0.0,0.0
2019-04-23,105.31999969482422,105.38999938964844,105.27999877929688,105.36000061035156,90.20079040527344,2462100,0.0,0.0,0.0
2019-04-24,105.66000366210938,105.7699966430664,105.63999938964844,105.76000213623047,90.54325103759766,3266700,0.0,0.0,0.0
2019-04-25,105.7300033569336,105.79000091552734,105.58999633789062,105.62999725341797,90.43191528320312,1457600,0.0,0.0,0.0
2019-04-26,105.97000122070312,105.98999786376953,105.8499984741211,105.91000366210938,90.6716537475586,2156100,0.0,0.0,0.0
2019-04-29,105.72000122070312,105.7699966430664,105.61000061035156,105.69000244140625,90.48333740234375,2715000,0.0,0.0,0.0
2019-04-30,105.62999725341797,105.93000030517578,105.62000274658203,105.9000015258789,90.66310119628906,3621900,0.0,0.0,0.0
2019-05-01,105.69999694824219,106.11000061035156,105.55000305175781,105.63999938964844,90.62187957763672,6870700,0.212,0.0,0.0
2019-05-02,105.52999877929688,105.56999969482422,105.2699966430664,105.33999633789062,90.36457824707031,3126200,0.0,0.0,0.0
2019-05-03,105.45999908447266,105.62000274658203,105.43000030517578,105.4800033569336,90.48470306396484,2625200,0.0,0.0,0.0
2019-05-06,105.87999725341797,105.91999816894531,105.7300033569336,105.75,90.71629333496094,3370100,0.0,0.0,0.0
2019-05-07,106.01000213623047,106.19000244140625,105.95999908447266,106.11000061035156,91.02507781982422,3965800,0.0,0.0,0.0
2019-05-08,106.20999908447266,106.25,105.86000061035156,105.91000366210938,90.85352325439453,4226600,0.0,0.0,0.0
2019-05-09,106.30000305175781,106.43000030517578,106.05000305175781,106.19000244140625,91.09374237060547,4224100,0.0,0.0,0.0
2019-05-10,106.23999786376953,106.41999816894531,106.05000305175781,106.12000274658203,91.03367614746094,2855400,0.0,0.0,0.0
2019-05-13,106.56999969482422,106.73999786376953,106.5199966430664,106.6500015258789,91.4883041381836,5653400,0.0,0.0,0.0
2019-05-14,106.56999969482422,106.62000274658203,106.44000244140625,106.55000305175781,91.40254974365234,2573200,0.0,0.0,0.0
2019-05-15,106.94000244140625,106.97000122070312,106.73999786376953,106.88999938964844,91.69420623779297,5512300,0.0,0.0,0.0
2019-05-16,106.6500015258789,106.72000122070312,106.55000305175781,106.68000030517578,91.51404571533203,3898400,0.0,0.0,0.0
2019-05-17,106.91000366210938,106.91000366210938,106.62000274658203,106.7300033569336,91.55696868896484,2128400,0.0,0.0,0.0
2019-05-20,106.75,106.83999633789062,106.52999877929688,106.55000305175781,91.40254974365234,2439600,0.0,0.0,0.0
2019-05-21,106.4800033569336,106.5199966430664,106.33999633789062,106.43000030517578,91.29962921142578,2675300,0.0,0.0,0.0
2019-05-22,106.5999984741211,106.80000305175781,106.56999969482422,106.75,91.57408905029297,3561900,0.0,0.0,0.0
2019-05-23,107.01000213623047,107.55999755859375,107.01000213623047,107.4000015258789,92.13165283203125,6184500,0.0,0.0,0.0
2019-05-24,107.33000183105469,107.37000274658203,107.2300033569336,107.37000274658203,92.10598754882812,2422800,0.0,0.0,0.0
2019-05-28,107.62000274658203,107.83999633789062,107.52999877929688,107.83999633789062,92.50914001464844,7039000,0.0,0.0,0.0
2019-05-29,108.08999633789062,108.23999786376953,107.77999877929688,107.80000305175781,92.47484588623047,5251800,0.0,0.0,0.0
2019-05-30,107.86000061035156,108.23999786376953,107.72000122070312,108.19000244140625,92.8094253540039,3461100,0.0,0.0,0.0
2019-05-31,108.55999755859375,108.94999694824219,108.48999786376953,108.91000366210938,93.42706298828125,6020600,0.0,0.0,0.0
2019-06-03,108.87999725341797,109.33999633789062,108.7699966430664,109.22000122070312,93.8765640258789,23830900,0.213,0.0,0.0
2019-06-04,108.76000213623047,108.98999786376953,108.5999984741211,108.81999969482422,93.53276062011719,5503200,0.0,0.0,0.0
2019-06-05,108.95999908447266,109.12999725341797,108.76000213623047,108.81999969482422,93.53276062011719,7712300,0.0,0.0,0.0
2019-06-06,108.91000366210938,109.0999984741211,108.7300033569336,108.80000305175781,93.51556396484375,2392400,0.0,0.0,0.0
2019-06-07,109.4000015258789,109.41999816894531,109.13999938964844,109.2300033569336,93.8851547241211,2805900,0.0,0.0,0.0
2019-06-10,108.86000061035156,108.87999725341797,108.68000030517578,108.69000244140625,93.4210433959961,6071200,0.0,0.0,0.0
2019-06-11,108.62000274658203,108.7699966430664,108.58000183105469,108.69000244140625,93.4210433959961,2735800,0.0,0.0,0.0
2019-06-12,108.7699966430664,108.98999786376953,108.76000213623047,108.97000122070312,93.66169738769531,2062800,0.0,0.0,0.0
2019-06-13,109.06999969482422,109.33000183105469,109.05000305175781,109.23999786376953,93.89375305175781,1684700,0.0,0.0,0.0
2019-06-14,109.16000366210938,109.37999725341797,109.1500015258789,109.31999969482422,93.9625015258789,3880700,0.0,0.0,0.0
2019-06-17,109.30000305175781,109.37999725341797,109.16999816894531,109.30000305175781,93.94535827636719,3038800,0.0,0.0,0.0
2019-06-18,109.75,109.80000305175781,109.41000366210938,109.51000213623047,94.12582397460938,4564900,0.0,0.0,0.0
2019-06-19,109.27999877929688,109.9000015258789,109.20999908447266,109.80999755859375,94.38367462158203,4541500,0.0,0.0,0.0
2019-06-20,110.04000091552734,110.27999877929688,109.97000122070312,109.98999786376953,94.53841400146484,4575000,0.0,0.0,0.0
2019-06-21,109.7300033569336,109.7699966430664,109.44999694824219,109.54000091552734,94.15159606933594,4305200,0.0,0.0,0.0
2019-06-24,109.73999786376953,109.94000244140625,109.70999908447266,109.91999816894531,94.47826385498047,3046300,0.0,0.0,0.0
2019-06-25,110.02999877929688,110.2300033569336,109.94999694824219,110.08999633789062,94.62435150146484,5251000,0.0,0.0,0.0
2019-06-26,109.94999694824219,109.94999694824219,109.5999984741211,109.63999938964844,94.23757934570312,6675000,0.0,0.0,0.0
2019-06-27,109.7699966430664,110.02999877929688,109.68000030517578,109.97000122070312,94.52120971679688,2538400,0.0,0.0,0.0
2019-06-28,109.87000274658203,110.11000061035156,109.80999755859375,110.0199966430664,94.5641860961914,4341500,0.0,0.0,0.0
2019-07-01,109.81999969482422,109.87000274658203,109.5,109.69000244140625,94.44538879394531,8183600,0.192,0.0,0.0
2019-07-02,109.80999755859375,110.1500015258789,109.79000091552734,110.08000183105469,94.78118896484375,3117100,0.0,0.0,0.0
2019-07-03,110.20999908447266,110.4000015258789,110.19999694824219,110.29000091552734,94.96197509765625,2607000,0.0,0.0,0.0
2019-07-05,109.6500015258789,109.6500015258789,109.33999633789062,109.58999633789062,94.35928344726562,3664100,0.0,0.0,0.0
2019-07-08,109.75,109.81999969482422,109.4800033569336,109.4800033569336,94.26453399658203,3254100,0.0,0.0,0.0
2019-07-09,109.48999786376953,109.5,109.33999633789062,109.41000366210938,94.20428466796875,2061800,0.0,0.0,0.0
2019-07-10,109.51000213623047,109.62000274658203,109.33999633789062,109.47000122070312,94.25593566894531,4343700,0.0,0.0,0.0
2019-07-11,109.33000183105469,109.4000015258789,108.87999725341797,108.93000030517578,93.79097747802734,4769800,0.0,0.0,0.0
2019-07-12,108.91999816894531,109.16999816894531,108.88999938964844,109.05000305175781,93.89430236816406,4141900,0.0,0.0,0.0
2019-07-15,109.13999938964844,109.27999877929688,109.06999969482422,109.27999877929688,94.09236145019531,1753200,0.0,0.0,0.0
2019-07-16,108.93000030517578,109.08000183105469,108.83000183105469,109.04000091552734,93.88567352294922,2766100,0.0,0.0,0.0
2019-07-17,109.2300033569336,109.55999755859375,109.22000122070312,109.55000305175781,94.32484436035156,2624400,0.0,0.0,0.0
2019-07-18,109.43000030517578,109.88999938964844,109.4000015258789,109.81999969482422,94.55728912353516,2386700,0.0,0.0,0.0
2019-07-19,109.58999633789062,109.7300033569336,109.51000213623047,109.62000274658203,94.38510131835938,1728100,0.0,0.0,0.0
2019-07-22,109.79000091552734,109.80000305175781,109.62999725341797,109.66999816894531,94.42813110351562,1629800,0.0,0.0,0.0
2019-07-23,109.55000305175781,109.66000366210938,109.41999816894531,109.48999786376953,94.2731704711914,2329800,0.0,0.0,0.0
2019-07-24,109.63999938964844,109.75,109.55999755859375,109.6500015258789,94.41094970703125,2268500,0.0,0.0,0.0
2019-07-25,109.5199966430664,109.52999877929688,109.2300033569336,109.45999908447266,94.24735260009766,3172000,0.0,0.0,0.0
2019-07-26,109.5,109.51000213623047,109.31999969482422,109.44000244140625,94.23014068603516,3004100,0.0,0.0,0.0
2019-07-29,109.62000274658203,109.66000366210938,109.5199966430664,109.54000091552734,94.31621551513672,2505600,0.0,0.0,0.0
2019-07-30,109.62999725341797,109.66999816894531,109.44999694824219,109.58999633789062,94.35928344726562,2514800,0.0,0.0,0.0
2019-07-31,109.55999755859375,109.98999786376953,109.38999938964844,109.87000274658203,94.600341796875,6669300,0.0,0.0,0.0
2019-08-01,109.83999633789062,110.91999816894531,109.79000091552734,110.91999816894531,95.67335510253906,16938700,0.194,0.0,0.0
2019-08-02,110.94000244140625,111.19999694824219,110.83999633789062,111.1500015258789,95.87176513671875,8503000,0.0,0.0,0.0
2019-08-05,111.81999969482422,112.19999694824219,111.76000213623047,112.11000061035156,96.69979095458984,7626200,0.0,0.0,0.0
2019-08-06,111.87999725341797,112.30000305175781,111.79000091552734,112.29000091552734,96.85504150390625,6462400,0.0,0.0,0.0
2019-08-07,113.06999969482422,113.2699966430664,112.16999816894531,112.29000091552734,96.85504150390625,9665300,0.0,0.0,0.0
2019-08-08,111.98999786376953,112.41000366210938,111.66000366210938,112.30000305175781,96.86370849609375,5178800,0.0,0.0,0.0
2019-08-09,112.37999725341797,112.5999984741211,112.05999755859375,112.12999725341797,96.71704864501953,2869000,0.0,0.0,0.0
2019-08-12,112.54000091552734,112.9800033569336,112.51000213623047,112.83999633789062,97.32946014404297,4739900,0.0,0.0,0.0
2019-08-13,112.86000061035156,112.88999938964844,112.1500015258789,112.44000244140625,96.98444366455078,5888000,0.0,0.0,0.0
2019-08-14,113.08999633789062,113.29000091552734,113.0,113.19000244140625,97.63133239746094,8124300,0.0,0.0,0.0
2019-08-15,113.33999633789062,114.16999816894531,113.27999877929688,113.91000366210938,98.25234985351562,5240200,0.0,0.0,0.0
2019-08-16,113.51000213623047,113.66999816894531,113.16999816894531,113.61000061035156,97.99356842041016,4957800,0.0,0.0,0.0
2019-08-19,113.04000091552734,113.26000213623047,113.01000213623047,113.06999969482422,97.52782440185547,3691400,0.0,0.0,0.0
2019-08-20,113.5199966430664,113.66000366210938,113.45999908447266,113.56999969482422,97.9591064453125,3161800,0.0,0.0,0.0
2019-08-21,113.2699966430664,113.56999969482422,113.20999908447266,113.2699966430664,97.7003173828125,4921700,0.0,0.0,0.0
2019-08-22,113.05000305175781,113.37000274658203,113.0,113.0199966430664,97.4847183227539,5860400,0.0,0.0,0.0
2019-08-23,113.12999725341797,113.94000244140625,113.01000213623047,113.77999877929688,98.14020538330078,8192600,0.0,0.0,0.0
2019-08-26,113.7300033569336,113.93000030517578,113.58000183105469,113.66999816894531,98.04534912109375,7581600,0.0,0.0,0.0
2019-08-27,113.80999755859375,114.19000244140625,113.80999755859375,114.16000366210938,98.46798706054688,3266900,0.0,0.0,0.0
2019-08-28,114.3499984741211,114.38999938964844,114.12000274658203,114.19999694824219,98.50253295898438,2505400,0.0,0.0,0.0
2019-08-29,114.0999984741211,114.0999984741211,113.69000244140625,113.9800033569336,98.31273651123047,4232400,0.0,0.0,0.0
2019-08-30,113.77999877929688,114.05000305175781,113.73999786376953,114.01000213623047,98.33856964111328,3651100,0.0,0.0,0.0
2019-09-03,113.87999725341797,114.44000244140625,113.69999694824219,114.06999969482422,98.55462646484375,11754000,0.19,0.0,0.0
2019-09-04,113.94999694824219,114.30000305175781,113.94999694824219,114.25,98.71014404296875,3447000,0.0,0.0,0.0
2019-09-05,113.58999633789062,113.62000274658203,113.08000183105469,113.33000183105469,97.9152603149414,4597800,0.0,0.0,0.0
2019-09-06,113.33999633789062,113.52999877929688,113.2699966430664,113.4000015258789,97.97574615478516,3111000,0.0,0.0,0.0
2019-09-09,112.86000061035156,112.94000244140625,112.69000244140625,112.69999694824219,97.37097930908203,4818700,0.0,0.0,0.0
2019-09-10,112.52999877929688,112.62999725341797,111.87999725341797,111.87999725341797,96.6624755859375,4797200,0.0,0.0,0.0
2019-09-11,111.77999877929688,111.97000122070312,111.75,111.7699966430664,96.56743621826172,4737000,0.0,0.0,0.0
2019-09-12,112.0999984741211,112.16000366210938,111.3499984741211,111.5199966430664,96.35147857666016,8612500,0.0,0.0,0.0
2019-09-13,111.0999984741211,111.20999908447266,110.5,110.5,95.4701919555664,24187700,0.0,0.0,0.0
2019-09-16,110.9000015258789,111.0999984741211,110.75,110.9800033569336,95.88491821289062,5388300,0.0,0.0,0.0
2019-09-17,111.04000091552734,111.37999725341797,110.94000244140625,111.2699966430664,96.1354751586914,8211700,0.0,0.0,0.0
2019-09-18,111.56999969482422,111.80000305175781,111.19999694824219,111.30999755859375,96.17001342773438,5170400,0.0,0.0,0.0
2019-09-19,111.58000183105469,111.58999633789062,111.31999969482422,111.36000061035156,96.21322631835938,7131900,0.0,0.0,0.0
2019-09-20,111.54000091552734,112.0199966430664,111.4800033569336,112.0,96.76619720458984,9915000,0.0,0.0,0.0
2019-09-23,112.13999938964844,112.4800033569336,112.05999755859375,112.16000366210938,96.90441131591797,13163900,0.0,0.0,0.0
2019-09-24,112.22000122070312,112.81999969482422,112.20999908447266,112.72000122070312,97.38822937011719,10459100,0.0,0.0,0.0
2019-09-25,112.58999633789062,112.69000244140625,111.9000015258789,111.9800033569336,96.74890899658203,8430900,0.0,0.0,0.0
2019-09-26,112.25,112.43000030517578,112.16000366210938,112.22000122070312,96.95625305175781,4233000,0.0,0.0,0.0
2019-09-27,112.2300033569336,112.48999786376953,112.19000244140625,112.37999725341797,97.09451293945312,4545500,0.0,0.0,0.0
2019-09-30,112.20999908447266,112.51000213623047,112.16999816894531,112.47000122070312,97.1722640991211,2797900,0.0,0.0,0.0
2019-10-01,111.8499984741211,112.86000061035156,111.80999755859375,112.61000061035156,97.44133758544922,8555100,0.171,0.0,0.0
2019-10-02,112.7300033569336,113.18000030517578,112.70999908447266,113.0,97.77883911132812,3908600,0.0,0.0,0.0
2019-10-03,113.16000366210938,113.87999725341797,113.13999938964844,113.58999633789062,98.28934478759766,6128300,0.0,0.0,0.0
2019-10-04,113.58000183105469,113.88999938964844,113.51000213623047,113.80999755859375,98.4797134399414,4707600,0.0,0.0,0.0
2019-10-07,113.55999755859375,113.68000030517578,113.4000015258789,113.43000030517578,98.15088653564453,3193100,0.0,0.0,0.0
2019-10-08,113.81999969482422,113.87000274658203,113.4800033569336,113.66999816894531,98.35856628417969,4304900,0.0,0.0,0.0
2019-10-09,113.55000305175781,113.55000305175781,113.19999694824219,113.37999725341797,98.10762786865234,3336800,0.0,0.0,0.0
2019-10-10,113.05999755859375,113.08000183105469,112.55999755859375,112.66999816894531,97.49324798583984,3924400,0.0,0.0,0.0
2019-10-11,112.12999725341797,112.18000030517578,111.72000122070312,111.9000015258789,96.82695770263672,8685300,0.0,0.0,0.0
2019-10-14,112.25,112.29000091552734,112.16000366210938,112.20999908447266,97.09520721435547,1932200,0.0,0.0,0.0
2019-10-15,112.16000366210938,112.23999786376953,111.63999938964844,111.66999816894531,96.62796783447266,6638500,0.0,0.0,0.0
2019-10-16,111.83999633789062,112.0199966430664,111.75,111.88999938964844,96.818359375,2755500,0.0,0.0,0.0
2019-10-17,111.80000305175781,112.08999633789062,111.72000122070312,111.8499984741211,96.78375244140625,3188700,0.0,0.0,0.0
2019-10-18,111.91999816894531,112.12000274658203,111.87000274658203,111.94999694824219,96.8702392578125,2406400,0.0,0.0,0.0
2019-10-21,111.66000366210938,111.79000091552734,111.51000213623047,111.54000091552734,96.51547241210938,1735300,0.0,0.0,0.0
2019-10-22,111.80999755859375,111.8499984741211,111.5,111.80000305175781,96.7404556274414,3334400,0.0,0.0,0.0
2019-10-23,112.0199966430664,112.06999969482422,111.79000091552734,111.83999633789062,96.77509307861328,3305600,0.0,0.0,0.0
2019-10-24,111.88999938964844,112.06999969482422,111.77999877929688,111.81999969482422,96.75775909423828,2645400,0.0,0.0,0.0
2019-10-25,111.9000015258789,111.91999816894531,111.41999816894531,111.58000183105469,96.55009460449219,2381000,0.0,0.0,0.0
2019-10-28,111.19000244140625,111.22000122070312,111.05000305175781,111.16000366210938,96.1866683959961,5837600,0.0,0.0,0.0
2019-10-29,111.30000305175781,111.3499984741211,111.1500015258789,111.26000213623047,96.27320861816406,2199500,0.0,0.0,0.0
2019-10-30,111.3499984741211,111.80999755859375,111.30999755859375,111.80000305175781,96.7404556274414,5276700,0.0,0.0,0.0
2019-10-31,112.11000061035156,112.58000183105469,112.06999969482422,112.51000213623047,97.35482788085938,5540700,0.0,0.0,0.0
2019-11-01,112.18000030517578,112.41999816894531,111.87999725341797,112.12999725341797,97.17112731933594,8149400,0.168,0.0,0.0
2019-11-04,111.62999725341797,111.69000244140625,111.5,111.55999755859375,96.6771469116211,4145200,0.0,0.0,0.0
2019-11-05,111.12999725341797,111.16999816894531,110.8499984741211,110.95999908447266,96.1572265625,6853500,0.0,0.0,0.0
2019-11-06,111.19000244140625,111.38999938964844,110.9800033569336,111.27999877929688,96.43451690673828,4129800,0.0,0.0,0.0
2019-11-07,110.70999908447266,110.70999908447266,109.9800033569336,110.38999938964844,95.6632080078125,5890100,0.0,0.0,0.0
2019-11-08,110.29000091552734,110.63999938964844,110.23999786376953,110.23999786376953,95.53327178955078,3037300,0.0,0.0,0.0
2019-11-11,110.48999786376953,110.5199966430664,110.23999786376953,110.36000061035156,95.6372299194336,1563000,0.0,0.0,0.0
2019-11-12,110.3499984741211,110.5,110.18000030517578,110.41000366210938,95.68058013916016,4446200,0.0,0.0,0.0
2019-11-13,110.81999969482422,110.86000061035156,110.62999725341797,110.70999908447266,95.94054412841797,2475200,0.0,0.0,0.0
2019-11-14,111.19000244140625,111.4000015258789,111.13999938964844,111.2699966430664,96.42583465576172,3189600,0.0,0.0,0.0
2019-11-15,111.08999633789062,111.29000091552734,111.08000183105469,111.18000030517578,96.34786224365234,2104500,0.0,0.0,0.0
2019-11-18,111.36000061035156,111.48999786376953,111.33000183105469,111.37000274658203,96.51246643066406,1893600,0.0,0.0,0.0
2019-11-19,111.38999938964844,111.62000274658203,111.38999938964844,111.58000183105469,96.69447326660156,8306500,0.0,0.0,0.0
2019-11-20,111.80000305175781,112.0199966430664,111.72000122070312,111.98999786376953,97.04975891113281,3838000,0.0,0.0,0.0
2019-11-21,111.72000122070312,111.83000183105469,111.56999969482422,111.70999908447266,96.80712890625,3034700,0.0,0.0,0.0
2019-11-22,111.7699966430664,111.80999755859375,111.5999984741211,111.69000244140625,96.78981018066406,1879700,0.0,0.0,0.0
2019-11-25,111.69999694824219,111.77999877929688,111.68000030517578,111.73999786376953,96.83312225341797,3573100,0.0,0.0,0.0
2019-11-26,111.91000366210938,111.98999786376953,111.8499984741211,111.94999694824219,97.0151138305664,3579300,0.0,0.0,0.0
2019-11-27,111.72000122070312,111.7699966430664,111.61000061035156,111.66000366210938,96.76380920410156,2351800,0.0,0.0,0.0
2019-11-29,111.62000274658203,111.62999725341797,111.44000244140625,111.56999969482422,96.68579864501953,2882300,0.0,0.0,0.0
2019-12-02,110.87000274658203,111.12000274658203,110.80999755859375,111.01000213623047,96.33868408203125,6826400,0.16,0.0,0.0
2019-12-03,111.58000183105469,112.16999816894531,111.56999969482422,112.0,97.1978530883789,6561900,0.0,0.0,0.0
2019-12-04,111.7699966430664,111.86000061035156,111.38999938964844,111.56999969482422,96.82466888427734,2072200,0.0,0.0,0.0
2019-12-05,111.1500015258789,111.41999816894531,111.13999938964844,111.30999755859375,96.59901428222656,3062000,0.0,0.0,0.0
2019-12-06,110.87999725341797,111.19000244140625,110.83000183105469,110.97000122070312,96.3039779663086,2717400,0.0,0.0,0.0
2019-12-09,111.20999908447266,111.22000122070312,111.04000091552734,111.05999755859375,96.38206481933594,1928500,0.0,0.0,0.0
2019-12-10,111.1500015258789,111.19000244140625,110.91000366210938,110.93000030517578,96.26923370361328,1707000,0.0,0.0,0.0
2019-12-11,111.0999984741211,111.47000122070312,111.08000183105469,111.38999938964844,96.66848754882812,2462600,0.0,0.0,0.0
2019-12-12,111.27999877929688,111.30000305175781,110.30999755859375,110.51000213623047,95.90474700927734,5490400,0.0,0.0,0.0
2019-12-13,110.80999755859375,111.2300033569336,110.4800033569336,111.16000366210938,96.46884155273438,4162000,0.0,0.0,0.0
2019-12-16,110.87999725341797,110.87999725341797,110.56999969482422,110.63999938964844,96.017578125,3028500,0.0,0.0,0.0
2019-12-17,110.7699966430664,110.81999969482422,110.58000183105469,110.6500015258789,96.02626037597656,3471400,0.0,0.0,0.0
2019-12-18,110.58000183105469,110.61000061035156,110.2300033569336,110.3499984741211,95.76589965820312,2249500,0.0,0.0,0.0
2019-12-19,110.12000274658203,110.41999816894531,110.08000183105469,110.27999877929688,95.84065246582031,1962500,0.156,0.0,0.0
2019-12-20,110.11000061035156,110.30000305175781,110.08000183105469,110.27999877929688,95.84065246582031,4660500,0.0,0.0,0.0
2019-12-23,110.30999755859375,110.37999725341797,110.08999633789062,110.18000030517578,95.7537612915039,1809400,0.0,0.0,0.0
2019-12-24,110.04000091552734,110.41000366210938,110.04000091552734,110.37000274658203,95.91886138916016,857600,0.0,0.0,0.0
2019-12-26,110.41000366210938,110.52999877929688,110.2699966430664,110.52999877929688,96.05789947509766,1285100,0.0,0.0,0.0
2019-12-27,110.62000274658203,110.7300033569336,110.62000274658203,110.69000244140625,96.19696807861328,1771100,0.0,0.0,0.0
2019-12-30,110.30999755859375,110.62000274658203,110.23999786376953,110.62000274658203,96.1361312866211,2035400,0.0,0.0,0.0
2019-12-31,110.44000244140625,110.48999786376953,110.20999908447266,110.22000122070312,95.7884521484375,2801600,0.0,0.0,0.0
2020-01-02,110.69000244140625,110.94999694824219,110.62999725341797,110.7300033569336,96.23172760009766,4022300,0.0,0.0,0.0
2020-01-03,111.1500015258789,111.48999786376953,111.04000091552734,111.47000122070312,96.87484741210938,3839600,0.0,0.0,0.0
2020-01-06,111.66000366210938,111.66999816894531,111.26000213623047,111.3499984741211,96.77056121826172,2714300,0.0,0.0,0.0
2020-01-07,111.33000183105469,111.43000030517578,111.19000244140625,111.19000244140625,96.63150024414062,2038800,0.0,0.0,0.0
2020-01-08,111.29000091552734,111.41999816894531,110.79000091552734,110.93000030517578,96.40548706054688,5081100,0.0,0.0,0.0
2020-01-09,110.68000030517578,111.04000091552734,110.62999725341797,111.01000213623047,96.4751205444336,3680600,0.0,0.0,0.0
2020-01-10,111.08999633789062,111.31999969482422,111.08999633789062,111.25,96.68363189697266,2600000,0.0,0.0,0.0
2020-01-13,111.11000061035156,111.13999938964844,110.9800033569336,111.12000274658203,96.57066345214844,2672600,0.0,0.0,0.0
2020-01-14,111.18000030517578,111.36000061035156,111.16000366210938,111.33999633789062,96.76183319091797,2376300,0.0,0.0,0.0
2020-01-15,111.55000305175781,111.62000274658203,111.43000030517578,111.62000274658203,97.00521850585938,2734800,0.0,0.0,0.0
2020-01-16,111.44999694824219,111.51000213623047,111.30000305175781,111.38999938964844,96.80530548095703,2200500,0.0,0.0,0.0
2020-01-17,111.12999725341797,111.30000305175781,111.08999633789062,111.30000305175781,96.72711181640625,2627000,0.0,0.0,0.0
2020-01-21,111.55000305175781,111.77999877929688,111.54000091552734,111.73999786376953,97.10946655273438,2355600,0.0,0.0,0.0
2020-01-22,111.73999786376953,111.81999969482422,111.68000030517578,111.76000213623047,97.12686920166016,1787600,0.0,0.0,0.0
2020-01-23,112.02999877929688,112.23999786376953,111.98999786376953,112.04000091552734,97.37020874023438,1891300,0.0,0.0,0.0
2020-01-24,112.18000030517578,112.61000061035156,112.16000366210938,112.44000244140625,97.71781158447266,7932600,0.0,0.0,0.0
2020-01-27,113.19000244140625,113.20999908447266,113.02999877929688,113.19999694824219,98.37830352783203,3824600,0.0,0.0,0.0
2020-01-28,113.08999633789062,113.12000274658203,112.77999877929688,112.81999969482422,98.0480728149414,1923600,0.0,0.0,0.0
2020-01-29,112.97000122070312,113.41000366210938,112.97000122070312,113.36000061035156,98.51737213134766,2429500,0.0,0.0,0.0
2020-01-30,113.55000305175781,113.83000183105469,113.4000015258789,113.47000122070312,98.61296081542969,4405500,0.0,0.0,0.0
2020-01-31,113.72000122070312,114.12000274658203,113.69000244140625,114.04000091552734,99.10832977294922,9764500,0.0,0.0,0.0
2020-02-03,113.61000061035156,113.83999633789062,113.31999969482422,113.79000091552734,99.02392578125,5722100,0.153,0.0,0.0
2020-02-04,113.23999786376953,113.25,112.95999908447266,113.12999725341797,98.44959259033203,2569600,0.0,0.0,0.0
2020-02-05,112.70999908447266,112.87000274658203,112.62000274658203,112.63999938964844,98.0231704711914,9027500,0.0,0.0,0.0
2020-02-06,112.61000061035156,112.80000305175781,112.55999755859375,112.72000122070312,98.09278106689453,1697100,0.0,0.0,0.0
2020-02-07,113.18000030517578,113.36000061035156,113.08999633789062,113.26000213623047,98.56269836425781,6177900,0.0,0.0,0.0
2020-02-10,113.5,113.62000274658203,113.37000274658203,113.4800033569336,98.754150390625,1909100,0.0,0.0,0.0
2020-02-11,113.33000183105469,113.37000274658203,113.13999938964844,113.20999908447266,98.51921844482422,1657100,0.0,0.0,0.0
2020-02-12,112.97000122070312,112.98999786376953,112.83000183105469,112.91999816894531,98.26681518554688,1473800,0.0,0.0,0.0
2020-02-13,112.9800033569336,113.13999938964844,112.94000244140625,113.0199966430664,98.35386657714844,1868000,0.0,0.0,0.0
2020-02-14,113.2699966430664,113.37000274658203,113.20999908447266,113.30000305175781,98.59750366210938,2043600,0.0,0.0,0.0
2020-02-18,113.44999694824219,113.6500015258789,113.3499984741211,113.4800033569336,98.754150390625,8356600,0.0,0.0,0.0
2020-02-19,113.36000061035156,113.51000213623047,113.30000305175781,113.45999908447266,98.73677825927734,1681800,0.0,0.0,0.0
2020-02-20,113.62999725341797,113.94000244140625,113.62000274658203,113.79000091552734,99.02392578125,3452900,0.0,0.0,0.0
2020-02-21,114.08999633789062,114.52999877929688,114.08000183105469,114.25,99.42426300048828,5381000,0.0,0.0,0.0
2020-02-24,115.19999694824219,115.29000091552734,115.0199966430664,115.13999938964844,100.19873046875,6803600,0.0,0.0,0.0
2020-02-25,115.11000061035156,115.70999908447266,115.08000183105469,115.45999908447266,100.47722625732422,10014300,0.0,0.0,0.0
2020-02-26,115.20999908447266,115.79000091552734,115.08999633789062,115.4000015258789,100.42501068115234,19649400,0.0,0.0,0.0
2020-02-27,116.13999938964844,116.33999633789062,115.58000183105469,115.95999908447266,100.9123306274414,8629700,0.0,0.0,0.0
2020-02-28,116.88999938964844,117.44999694824219,116.76000213623047,117.26000213623047,102.04362487792969,13437000,0.0,0.0,0.0
2020-03-02,117.55000305175781,117.94000244140625,116.97000122070312,117.04000091552734,101.97393798828125,19402100,0.14,0.0,0.0
2020-03-03,117.16000366210938,119.29000091552734,117.02999877929688,118.4000015258789,103.15888214111328,11462300,0.0,0.0,0.0
2020-03-04,118.56999969482422,118.91000366210938,118.05000305175781,118.13999938964844,102.9323501586914,7627100,0.0,0.0,0.0
2020-03-05,119.0,119.31999969482422,118.91999816894531,119.19000244140625,103.84718322753906,5284200,0.0,0.0,0.0
2020-03-06,120.9800033569336,121.30999755859375,120.08999633789062,120.4000015258789,104.90145874023438,11614800,0.0,0.0,0.0
2020-03-09,123.25,123.41000366210938,121.44999694824219,121.4800033569336,105.84242248535156,24791700,0.0,0.0,0.0
2020-03-10,120.87999725341797,121.76000213623047,119.25,119.25,103.89944458007812,15072900,0.0,0.0,0.0
2020-03-11,120.2699966430664,120.58999633789062,117.5999984741211,118.05999755859375,102.86260986328125,13316100,0.0,0.0,0.0
2020-03-12,120.1500015258789,120.7699966430664,114.4000015258789,118.12000274658203,102.91490936279297,10671600,0.0,0.0,0.0
2020-03-13,117.80000305175781,118.9800033569336,117.01000213623047,117.3499984741211,102.24400329589844,8697200,0.0,0.0,0.0
2020-03-16,120.02999877929688,120.68000030517578,119.0,120.44999694824219,104.94496154785156,6971700,0.0,0.0,0.0
2020-03-17,119.91000366210938,120.29000091552734,117.41999816894531,117.43000030517578,102.31373596191406,5680300,0.0,0.0,0.0
2020-03-18,116.5999984741211,117.80000305175781,115.33999633789062,115.80000305175781,100.89356231689453,13256300,0.0,0.0,0.0
2020-03-19,116.13999938964844,117.62999725341797,115.91999816894531,116.18000030517578,101.22467803955078,6702900,0.0,0.0,0.0
2020-03-20,117.63999938964844,119.87999725341797,117.41000366210938,119.13999938964844,103.8036117553711,9641600,0.0,0.0,0.0
2020-03-23,119.44999694824219,121.05999755859375,119.44999694824219,120.55000305175781,105.03211212158203,12234700,0.0,0.0,0.0
2020-03-24,119.5199966430664,119.97000122070312,119.26000213623047,119.7300033569336,104.31765747070312,5235500,0.0,0.0,0.0
2020-03-25,119.76000213623047,120.26000213623047,119.4000015258789,119.80000305175781,104.37865447998047,5527600,0.0,0.0,0.0
2020-03-26,120.19000244140625,120.5,119.91000366210938,120.08999633789062,104.63130950927734,3384400,0.0,0.0,0.0
2020-03-27,120.80999755859375,121.38999938964844,120.68000030517578,120.9800033569336,105.40676879882812,5282300,0.0,0.0,0.0
2020-03-30,121.79000091552734,122.08999633789062,121.18000030517578,121.26000213623047,105.65071105957031,4649400,0.0,0.0,0.0
2020-03-31,121.44999694824219,121.80999755859375,121.30999755859375,121.4800033569336,105.84242248535156,6356500,0.0,0.0,0.0
2020-04-01,122.12999725341797,122.26000213623047,121.7300033569336,121.83000183105469,106.27332305908203,9256400,0.144,0.0,0.0
2020-04-02,122.16999816894531,122.22000122070312,121.66999816894531,121.8499984741211,106.29072570800781,4789400,0.0,0.0,0.0
2020-04-03,122.04000091552734,122.29000091552734,121.81999969482422,121.94000244140625,106.36923217773438,3441100,0.0,0.0,0.0
2020-04-06,121.52999877929688,121.5999984741211,121.27999877929688,121.38999938964844,105.88946533203125,4697500,0.0,0.0,0.0
2020-04-07,120.55000305175781,120.88999938964844,120.2699966430664,120.8499984741211,105.41842651367188,9340600,0.0,0.0,0.0
2020-04-08,120.5999984741211,120.87000274658203,120.45999908447266,120.69999694824219,105.28760528564453,3341000,0.0,0.0,0.0
2020-04-09,120.63999938964844,121.11000061035156,120.52999877929688,120.95999908447266,105.51439666748047,4543600,0.0,0.0,0.0
2020-04-13,120.8499984741211,121.0199966430664,120.66999816894531,120.69999694824219,105.28760528564453,2103100,0.0,0.0,0.0
2020-04-14,120.83999633789062,121.05000305175781,120.80000305175781,120.86000061035156,105.42716979980469,2180100,0.0,0.0,0.0
2020-04-15,121.5199966430664,122.02999877929688,121.4800033569336,121.94000244140625,106.36923217773438,3137400,0.0,0.0,0.0
2020-04-16,122.11000061035156,122.25,121.98999786376953,122.06999969482422,106.482666015625,1901600,0.0,0.0,0.0
2020-04-17,121.97000122070312,122.30000305175781,121.63999938964844,121.75,106.20349884033203,2375000,0.0,0.0,0.0
2020-04-20,121.9800033569336,122.08000183105469,121.79000091552734,122.06999969482422,106.482666015625,4230700,0.0,0.0,0.0
2020-04-21,122.56999969482422,122.69000244140625,122.30000305175781,122.41000366210938,106.7792739868164,3287700,0.0,0.0,0.0
2020-04-22,122.12999725341797,122.25,121.80999755859375,122.02999877929688,106.44778442382812,3168700,0.0,0.0,0.0
2020-04-23,121.97000122070312,122.13999938964844,121.87000274658203,122.11000061035156,106.51753234863281,2345900,0.0,0.0,0.0
2020-04-24,121.88999938964844,122.1500015258789,121.87999725341797,122.13999938964844,106.54373931884766,2373500,0.0,0.0,0.0
2020-04-27,121.8499984741211,121.87999725341797,121.45999908447266,121.48999786376953,105.97671508789062,2508100,0.0,0.0,0.0
2020-04-28,121.75,122.08999633789062,121.73999786376953,122.0199966430664,106.43904113769531,2847600,0.0,0.0,0.0
2020-04-29,122.02999877929688,122.20999908447266,121.70999908447266,121.95999908447266,106.3867416381836,2600100,0.0,0.0,0.0
2020-04-30,122.05000305175781,122.26000213623047,121.66999816894531,121.66999816894531,106.13373565673828,5371500,0.0,0.0,0.0
2020-05-01,121.79000091552734,121.91000366210938,121.56999969482422,121.70999908447266,106.2804183959961,8357700,0.128,0.0,0.0
2020-05-04,121.68000030517578,121.81999969482422,121.55000305175781,121.7300033569336,106.2979507446289,3580500,0.0,0.0,0.0
2020-05-05,121.44999694824219,121.68000030517578,121.37000274658203,121.63999938964844,106.21927642822266,3487600,0.0,0.0,0.0
2020-05-06,120.98999786376953,121.27999877929688,120.8499984741211,121.19000244140625,105.82637786865234,3279500,0.0,0.0,0.0
2020-05-07,121.30000305175781,121.9800033569336,121.26000213623047,121.93000030517578,106.47254180908203,3252800,0.0,0.0,0.0
2020-05-08,121.62000274658203,121.9800033569336,121.44000244140625,121.52999877929688,106.12324523925781,3486800,0.0,0.0,0.0
2020-05-11,121.51000213623047,121.58000183105469,121.08999633789062,121.19000244140625,105.82637786865234,4569400,0.0,0.0,0.0
2020-05-12,121.12999725341797,121.62999725341797,121.11000061035156,121.58999633789062,106.17567443847656,4267700,0.0,0.0,0.0
2020-05-13,121.73999786376953,121.98999786376953,121.6500015258789,121.83999633789062,106.39395141601562,2615800,0.0,0.0,0.0
2020-05-14,122.05000305175781,122.20999908447266,121.9800033569336,122.02999877929688,106.55986785888672,2257600,0.0,0.0,0.0
2020-05-15,122.19999694824219,122.2300033569336,121.86000061035156,121.94999694824219,106.49002838134766,1828900,0.0,0.0,0.0
2020-05-18,121.66000366210938,121.66999816894531,121.05999755859375,121.19999694824219,105.83509063720703,3091200,0.0,0.0,0.0
2020-05-19,121.16999816894531,121.55999755859375,121.16999816894531,121.54000091552734,106.13197326660156,1941700,0.0,0.0,0.0
2020-05-20,121.37000274658203,121.70999908447266,121.27999877929688,121.56999969482422,106.15824890136719,2366700,0.0,0.0,0.0
2020-05-21,121.69000244140625,121.8499984741211,121.5999984741211,121.6500015258789,106.22807312011719,2063800,0.0,0.0,0.0
2020-05-22,121.70999908447266,121.87999725341797,121.69000244140625,121.87999725341797,106.42890930175781,1352400,0.0,0.0,0.0
2020-05-26,121.5,121.62999725341797,121.38999938964844,121.55999755859375,106.14945983886719,3484800,0.0,0.0,0.0
2020-05-27,121.48999786376953,121.83999633789062,121.4800033569336,121.66000366210938,106.23677062988281,2542900,0.0,0.0,0.0
2020-05-28,121.44000244140625,121.61000061035156,121.37000274658203,121.55000305175781,106.1407470703125,3873900,0.0,0.0,0.0
2020-05-29,121.75,121.98999786376953,121.62999725341797,121.94000244140625,106.48127746582031,2993800,0.0,0.0,0.0
2020-06-01,121.62000274658203,121.7699966430664,121.48999786376953,121.7699966430664,106.4393081665039,8531700,0.122,0.0,0.0
2020-06-02,121.62999725341797,121.73999786376953,121.48999786376953,121.56999969482422,106.2645034790039,4711800,0.0,0.0,0.0
2020-06-03,121.16999816894531,121.19000244140625,120.75,120.8499984741211,105.63516235351562,4226600,0.0,0.0,0.0
2020-06-04,120.66000366210938,120.66999816894531,120.30999755859375,120.37000274658203,105.215576171875,4744100,0.0,0.0,0.0
2020-06-05,119.5999984741211,119.80999755859375,119.3499984741211,119.7699966430664,104.69110107421875,10611700,0.0,0.0,0.0
2020-06-08,119.66999816894531,120.01000213623047,119.66000366210938,119.9000015258789,104.80472564697266,3314700,0.0,0.0,0.0
2020-06-09,120.37000274658203,120.52999877929688,120.25,120.33000183105469,105.18060302734375,3238600,0.0,0.0,0.0
2020-06-10,120.61000061035156,121.2300033569336,120.55000305175781,121.2300033569336,105.9673080444336,4944600,0.0,0.0,0.0
2020-06-11,121.68000030517578,121.8499984741211,121.58999633789062,121.66000366210938,106.34320831298828,6365800,0.0,0.0,0.0
2020-06-12,121.44000244140625,121.66000366210938,121.33000183105469,121.38999938964844,106.107177734375,3051000,0.0,0.0,0.0
2020-06-15,121.66000366210938,121.73999786376953,121.29000091552734,121.29000091552734,106.0197525024414,2658000,0.0,0.0,0.0
2020-06-16,120.83999633789062,121.2699966430664,120.7300033569336,121.04000091552734,105.80125427246094,5252000,0.0,0.0,0.0
2020-06-17,121.16000366210938,121.2699966430664,120.97000122070312,121.2300033569336,105.9673080444336,2308300,0.0,0.0,0.0
2020-06-18,121.51000213623047,121.55999755859375,121.41999816894531,121.5,106.20330810546875,1694600,0.0,0.0,0.0
2020-06-19,121.2300033569336,121.61000061035156,121.2300033569336,121.54000091552734,106.23828125,2033200,0.0,0.0,0.0
2020-06-22,121.66000366210938,121.70999908447266,121.37000274658203,121.43000030517578,106.14212799072266,2284900,0.0,0.0,0.0
2020-06-23,121.30999755859375,121.43000030517578,121.23999786376953,121.38999938964844,106.107177734375,2010600,0.0,0.0,0.0
2020-06-24,121.29000091552734,121.66000366210938,121.29000091552734,121.62000274658203,106.3082275390625,2310700,0.0,0.0,0.0
2020-06-25,121.80000305175781,121.83000183105469,121.61000061035156,121.63999938964844,106.32566833496094,1650900,0.0,0.0,0.0
2020-06-26,121.80000305175781,122.06999969482422,121.77999877929688,121.97000122070312,106.61412811279297,3413900,0.0,0.0,0.0
2020-06-29,121.93000030517578,122.13999938964844,121.91999816894531,122.08999633789062,106.71903991699219,28632400,0.0,0.0,0.0
2020-06-30,122.1500015258789,122.19000244140625,121.79000091552734,121.87000274658203,106.5267105102539,4126700,0.0,0.0,0.0
2020-07-01,121.52999877929688,121.66000366210938,121.3499984741211,121.56999969482422,106.36048889160156,8416500,0.11,0.0,0.0
2020-07-02,121.44000244140625,121.73999786376953,121.3499984741211,121.72000122070312,106.49175262451172,3054100,0.0,0.0,0.0
2020-07-06,121.41000366210938,121.55999755859375,121.29000091552734,121.54000091552734,106.33428192138672,2821900,0.0,0.0,0.0
2020-07-07,121.62999725341797,121.94000244140625,121.56999969482422,121.93000030517578,106.67548370361328,2920400,0.0,0.0,0.0
2020-07-08,121.72000122070312,121.87000274658203,121.61000061035156,121.73999786376953,106.50924682617188,2096700,0.0,0.0,0.0
2020-07-09,121.7699966430664,122.23999786376953,121.76000213623047,122.12999725341797,106.85045623779297,2769400,0.0,0.0,0.0
2020-07-10,122.25,122.29000091552734,121.8499984741211,121.88999938964844,106.64047241210938,1939000,0.0,0.0,0.0
2020-07-13,121.70999908447266,122.04000091552734,121.68000030517578,122.0199966430664,106.75420379638672,2051100,0.0,0.0,0.0
2020-07-14,122.18000030517578,122.2300033569336,121.98999786376953,122.01000213623047,106.74545288085938,1721500,0.0,0.0,0.0
2020-07-15,121.83000183105469,122.08999633789062,121.81999969482422,121.97000122070312,106.7104721069336,2085400,0.0,0.0,0.0
2020-07-16,122.16000366210938,122.25,122.05999755859375,122.05999755859375,106.7892074584961,1907100,0.0,0.0,0.0
2020-07-17,122.12000274658203,122.1500015258789,121.97000122070312,122.02999877929688,106.76297760009766,2405200,0.0,0.0,0.0
2020-07-20,122.19999694824219,122.22000122070312,122.0199966430664,122.11000061035156,106.83294677734375,2695900,0.0,0.0,0.0
2020-07-21,122.16000366210938,122.27999877929688,122.12000274658203,122.23999786376953,106.9466781616211,3228400,0.0,0.0,0.0
2020-07-22,122.38999938964844,122.38999938964844,122.23999786376953,122.27999877929688,106.98167419433594,2431500,0.0,0.0,0.0
2020-07-23,122.43000030517578,122.44999694824219,122.29000091552734,122.4000015258789,107.08666229248047,2006500,0.0,0.0,0.0
2020-07-24,122.30000305175781,122.43000030517578,122.2699966430664,122.33999633789062,107.03418731689453,3395600,0.0,0.0,0.0
2020-07-27,122.44000244140625,122.45999908447266,122.12000274658203,122.1500015258789,106.86793518066406,1976500,0.0,0.0,0.0
2020-07-28,122.30000305175781,122.47000122070312,122.26000213623047,122.44000244140625,107.12167358398438,1870300,0.0,0.0,0.0
2020-07-29,122.44999694824219,122.5999984741211,122.30999755859375,122.5999984741211,107.2616958618164,1874200,0.0,0.0,0.0
2020-07-30,122.75,122.77999877929688,122.66999816894531,122.7699966430664,107.41038513183594,28331800,0.0,0.0,0.0
2020-07-31,122.63999938964844,122.88999938964844,122.58999633789062,122.80000305175781,107.43665313720703,4039200,0.0,0.0,0.0
2020-08-03,122.5199966430664,122.6500015258789,122.45999908447266,122.63999938964844,107.38409423828125,6595900,0.1,0.0,0.0
2020-08-04,122.83000183105469,123.08999633789062,122.79000091552734,123.05999755859375,107.75183868408203,3842000,0.0,0.0,0.0
2020-08-05,122.75,122.77999877929688,122.61000061035156,122.6500015258789,107.39287567138672,2423700,0.0,0.0,0.0
2020-08-06,122.88999938964844,123.05999755859375,122.7300033569336,122.79000091552734,107.5154037475586,2286500,0.0,0.0,0.0
2020-08-07,122.83000183105469,122.9000015258789,122.48999786376953,122.52999877929688,107.28776550292969,2363400,0.0,0.0,0.0
2020-08-10,122.69999694824219,122.72000122070312,122.4000015258789,122.4000015258789,107.17394256591797,1994900,0.0,0.0,0.0
2020-08-11,121.95999908447266,122.04000091552734,121.69000244140625,121.9800033569336,106.8061752319336,7166500,0.0,0.0,0.0
2020-08-12,121.6500015258789,121.76000213623047,121.47000122070312,121.62000274658203,106.49098205566406,5538100,0.0,0.0,0.0
2020-08-13,121.5999984741211,121.70999908447266,121.25,121.37000274658203,106.27206420898438,5748400,0.0,0.0,0.0
2020-08-14,121.4800033569336,121.58999633789062,121.41999816894531,121.43000030517578,106.3246078491211,2722800,0.0,0.0,0.0
2020-08-17,121.69000244140625,121.83000183105469,121.5999984741211,121.62999725341797,106.4997329711914,3357700,0.0,0.0,0.0
2020-08-18,121.76000213623047,121.91999816894531,121.69000244140625,121.83999633789062,106.68360137939453,1853600,0.0,0.0,0.0
2020-08-19,121.9000015258789,121.97000122070312,121.6500015258789,121.68000030517578,106.54351043701172,4493800,0.0,0.0,0.0
2020-08-20,122.05000305175781,122.08000183105469,121.94999694824219,122.02999877929688,106.84996795654297,2880300,0.0,0.0,0.0
2020-08-21,122.11000061035156,122.1500015258789,121.91999816894531,122.12000274658203,106.92876434326172,2103700,0.0,0.0,0.0
2020-08-24,122.08999633789062,122.20999908447266,121.93000030517578,121.94999694824219,106.77992248535156,1974900,0.0,0.0,0.0
2020-08-25,121.55999755859375,121.72000122070312,121.38999938964844,121.66000366210938,106.5260009765625,3562800,0.0,0.0,0.0
2020-08-26,121.54000091552734,121.66999816894531,121.37999725341797,121.61000061035156,106.4822006225586,3337400,0.0,0.0,0.0
2020-08-27,121.87000274658203,121.87000274658203,121.18000030517578,121.18000030517578,106.10565948486328,4672900,0.0,0.0,0.0
2020-08-28,121.41000366210938,121.52999877929688,121.26000213623047,121.37999725341797,106.28079986572266,2277200,0.0,0.0,0.0
2020-08-31,121.4000015258789,121.70999908447266,121.37999725341797,121.51000213623047,106.3946533203125,3273300,0.0,0.0,0.0
2020-09-01,121.4000015258789,121.81999969482422,121.30000305175781,121.81999969482422,106.74341583251953,4622900,0.088,0.0,0.0
2020-09-02,121.72000122070312,122.04000091552734,121.69999694824219,121.98999786376953,106.89237976074219,3013400,0.0,0.0,0.0
2020-09-03,122.08000183105469,122.38999938964844,122.0199966430664,122.1500015258789,107.03255462646484,5750500,0.0,0.0,0.0
2020-09-04,121.83000183105469,121.91999816894531,121.37999725341797,121.47000122070312,106.43672180175781,7512800,0.0,0.0,0.0
2020-09-08,121.73999786376953,121.91999816894531,121.69999694824219,121.7300033569336,106.66454315185547,3442700,0.0,0.0,0.0
2020-09-09,121.76000213623047,121.83000183105469,121.54000091552734,121.66999816894531,106.61195373535156,3964300,0.0,0.0,0.0
2020-09-10,121.51000213623047,121.83999633789062,121.44000244140625,121.81999969482422,106.74341583251953,3164200,0.0,0.0,0.0
2020-09-11,121.87999725341797,122.01000213623047,121.83999633789062,122.01000213623047,106.90988159179688,4905000,0.0,0.0,0.0
2020-09-14,122.0199966430664,122.0999984741211,121.83000183105469,121.9000015258789,106.81348419189453,1797100,0.0,0.0,0.0
2020-09-15,121.83000183105469,121.9000015258789,121.76000213623047,121.83999633789062,106.76091003417969,2897600,0.0,0.0,0.0
2020-09-16,122.0,122.0,121.66000366210938,121.7699966430664,106.69955444335938,4015700,0.0,0.0,0.0
2020-09-17,122.05000305175781,122.05000305175781,121.7699966430664,121.80999755859375,106.73461151123047,3426800,0.0,0.0,0.0
2020-09-18,121.8499984741211,121.87999725341797,121.69999694824219,121.69999694824219,106.63819885253906,5606900,0.0,0.0,0.0
2020-09-21,122.01000213623047,122.1500015258789,121.9000015258789,121.91999816894531,106.83099365234375,5838100,0.0,0.0,0.0
2020-09-22,121.91999816894531,122.02999877929688,121.87999725341797,121.91999816894531,106.83099365234375,3387900,0.0,0.0,0.0
2020-09-23,121.91999816894531,121.95999908447266,121.76000213623047,121.91999816894531,106.83099365234375,3172000,0.0,0.0,0.0
2020-09-24,121.97000122070312,122.0199966430664,121.91000366210938,121.9800033569336,106.8835678100586,2866900,0.0,0.0,0.0
2020-09-25,122.05999755859375,122.12000274658203,122.0,122.08000183105469,106.97122192382812,2187400,0.0,0.0,0.0
2020-09-28,122.04000091552734,122.08000183105469,122.0,122.05999755859375,106.95366668701172,4167200,0.0,0.0,0.0
2020-09-29,122.12999725341797,122.22000122070312,122.08999633789062,122.1500015258789,107.03255462646484,2577100,0.0,0.0,0.0
2020-09-30,122.02999877929688,122.02999877929688,121.66000366210938,121.81999969482422,106.74341583251953,4276400,0.0,0.0,0.0
2020-10-01,121.52999877929688,121.9000015258789,121.43000030517578,121.80999755859375,106.80387115478516,8733800,0.079,0.0,0.0
2020-10-02,121.91000366210938,121.93000030517578,121.5999984741211,121.69000244140625,106.69867706298828,7509700,0.0,0.0,0.0
2020-10-05,121.3499984741211,121.36000061035156,120.91999816894531,120.91999816894531,106.02352142333984,6132200,0.0,0.0,0.0
2020-10-06,120.94999694824219,121.4000015258789,120.87000274658203,121.19999694824219,106.26902770996094,8516400,0.0,0.0,0.0
2020-10-07,120.97000122070312,121.0999984741211,120.77999877929688,120.8499984741211,105.96215057373047,7116700,0.0,0.0,0.0
2020-10-08,120.98999786376953,121.08999633789062,120.94000244140625,121.06999969482422,106.1550521850586,3499000,0.0,0.0,0.0
2020-10-09,120.97000122070312,121.12999725341797,120.77999877929688,121.01000213623047,106.10247039794922,4358500,0.0,0.0,0.0
2020-10-12,121.05999755859375,121.13999938964844,120.98999786376953,121.13999938964844,106.21642303466797,3287900,0.0,0.0,0.0
2020-10-13,121.2699966430664,121.43000030517578,121.2699966430664,121.41000366210938,106.45317077636719,6583300,0.0,0.0,0.0
2020-10-14,121.4800033569336,121.55000305175781,121.4000015258789,121.44999694824219,106.48825073242188,5200600,0.0,0.0,0.0
2020-10-15,121.58000183105469,121.5999984741211,121.29000091552734,121.31999969482422,106.37425231933594,3839200,0.0,0.0,0.0
2020-10-16,121.31999969482422,121.45999908447266,121.20999908447266,121.25,106.31289672851562,2726200,0.0,0.0,0.0
2020-10-19,121.0199966430664,121.12999725341797,120.9000015258789,121.05000305175781,106.13751220703125,3635800,0.0,0.0,0.0
2020-10-20,120.9000015258789,120.9800033569336,120.75,120.79000091552734,105.9095458984375,6129700,0.0,0.0,0.0
2020-10-21,120.63999938964844,120.76000213623047,120.55999755859375,120.62999725341797,105.76927185058594,6425300,0.0,0.0,0.0
2020-10-22,120.52999877929688,120.56999969482422,120.19999694824219,120.20999908447266,105.4010009765625,6749000,0.0,0.0,0.0
2020-10-23,120.19000244140625,120.48999786376953,120.18000030517578,120.37999725341797,105.55005645751953,5049900,0.0,0.0,0.0
2020-10-26,120.63999938964844,120.83000183105469,120.58999633789062,120.69999694824219,105.83062744140625,4817800,0.0,0.0,0.0
2020-10-27,120.87000274658203,121.01000213623047,120.81999969482422,120.97000122070312,106.06739807128906,3620100,0.0,0.0,0.0
2020-10-28,121.1500015258789,121.18000030517578,120.87999725341797,120.95999908447266,106.05857849121094,5586600,0.0,0.0,0.0
2020-10-29,120.91999816894531,120.94000244140625,120.37000274658203,120.44999694824219,105.61141967773438,7504800,0.0,0.0,0.0
2020-10-30,120.4000015258789,120.44999694824219,120.05999755859375,120.05999755859375,105.26949310302734,7246800,0.0,0.0,0.0
2020-11-02,120.33999633789062,120.41999816894531,120.12999725341797,120.19000244140625,105.45024108886719,7674300,0.076,0.0,0.0
2020-11-03,120.01000213623047,120.02999877929688,119.83000183105469,119.91999816894531,105.21333312988281,9203500,0.0,0.0,0.0
2020-11-04,120.93000030517578,121.05999755859375,120.77999877929688,120.93000030517578,106.09947967529297,14922300,0.0,0.0,0.0
2020-11-05,120.9800033569336,121.0199966430664,120.7699966430664,120.91000366210938,106.08191680908203,6250700,0.0,0.0,0.0
2020-11-06,120.52999877929688,120.58999633789062,120.36000061035156,120.5,105.72219848632812,10402200,0.0,0.0,0.0
2020-11-09,119.58999633789062,119.62999725341797,119.19000244140625,119.61000061035156,104.9413070678711,11195800,0.0,0.0,0.0
2020-11-10,119.22000122070312,119.5,119.20999908447266,119.2699966430664,104.6430435180664,4810500,0.0,0.0,0.0
2020-11-11,119.27999877929688,119.51000213623047,119.26000213623047,119.45999908447266,104.80972290039062,1699900,0.0,0.0,0.0
2020-11-12,119.81999969482422,120.1500015258789,119.77999877929688,120.13999938964844,105.4063491821289,6324000,0.0,0.0,0.0
2020-11-13,120.08999633789062,120.12999725341797,119.95999908447266,119.9800033569336,105.26593017578125,6766000,0.0,0.0,0.0
2020-11-16,119.9000015258789,120.0,119.87999725341797,119.88999938964844,105.18701934814453,3911400,0.0,0.0,0.0
2020-11-17,120.12000274658203,120.25,120.08999633789062,120.19999694824219,105.45896911621094,4707900,0.0,0.0,0.0
2020-11-18,120.27999877929688,120.27999877929688,119.98999786376953,120.16000366210938,105.42386627197266,7931200,0.0,0.0,0.0
2020-11-19,120.29000091552734,120.41000366210938,120.25,120.29000091552734,105.5379638671875,9323000,0.0,0.0,0.0
2020-11-20,120.3499984741211,120.5199966430664,120.33000183105469,120.5,105.72219848632812,16772200,0.0,0.0,0.0
2020-11-23,120.33999633789062,120.36000061035156,120.19999694824219,120.26000213623047,105.51161193847656,2511900,0.0,0.0,0.0
2020-11-24,120.16999816894531,120.19000244140625,120.01000213623047,120.06999969482422,105.34493255615234,4349300,0.0,0.0,0.0
2020-11-25,120.16000366210938,120.33000183105469,120.0999984741211,120.11000061035156,105.38003540039062,2125500,0.0,0.0,0.0
2020-11-27,120.30999755859375,120.47000122070312,120.30000305175781,120.47000122070312,105.69588470458984,2988100,0.0,0.0,0.0
2020-11-30,120.41999816894531,120.51000213623047,120.3499984741211,120.38999938964844,105.62569427490234,2390900,0.0,0.0,0.0
2020-12-01,119.97000122070312,120.01000213623047,119.52999877929688,119.66999816894531,105.06383514404297,13902200,0.08,0.0,0.0
2020-12-02,119.55999755859375,119.58000183105469,119.30000305175781,119.47000122070312,104.88821411132812,5578500,0.0,0.0,0.0
2020-12-03,119.6500015258789,119.9000015258789,119.5999984741211,119.79000091552734,105.16917419433594,4484900,0.0,0.0,0.0
2020-12-04,119.41000366210938,119.44000244140625,119.19999694824219,119.31999969482422,104.75653076171875,4709100,0.0,0.0,0.0
2020-12-07,119.61000061035156,119.76000213623047,119.58999633789062,119.69000244140625,105.08135986328125,4441600,0.0,0.0,0.0
2020-12-08,119.91000366210938,120.04000091552734,119.80000305175781,119.80999755859375,105.18672180175781,4735700,0.0,0.0,0.0
2020-12-09,119.58999633789062,119.7699966430664,119.47000122070312,119.63999938964844,105.03746032714844,3444100,0.0,0.0,0.0
2020-12-10,119.73999786376953,119.94999694824219,119.63999938964844,119.91000366210938,105.2745132446289,3557600,0.0,0.0,0.0
2020-12-11,120.08000183105469,120.2699966430664,120.05000305175781,120.1500015258789,105.4852066040039,4336600,0.0,0.0,0.0
2020-12-14,119.83999633789062,120.16000366210938,119.77999877929688,120.08000183105469,105.4237289428711,2870600,0.0,0.0,0.0
2020-12-15,119.93000030517578,120.02999877929688,119.83999633789062,119.95999908447266,105.31839752197266,2889200,0.0,0.0,0.0
2020-12-16,119.69000244140625,120.0,119.63999938964844,119.86000061035156,105.2306137084961,5058400,0.0,0.0,0.0
2020-12-17,119.98999786376953,120.06999969482422,119.62000274658203,119.69999694824219,105.1541748046875,3233200,0.073,0.0,0.0
2020-12-18,119.79000091552734,119.8499984741211,119.58000183105469,119.5999984741211,105.06634521484375,3189500,0.0,0.0,0.0
2020-12-21,119.79000091552734,119.83000183105469,119.58000183105469,119.68000030517578,105.13660430908203,2850500,0.0,0.0,0.0
2020-12-22,119.83000183105469,119.9000015258789,119.70999908447266,119.87999725341797,105.31230163574219,3688500,0.0,0.0,0.0
2020-12-23,119.6500015258789,119.66000366210938,119.41999816894531,119.62999725341797,105.09268951416016,3047100,0.0,0.0,0.0
2020-12-24,119.73999786376953,119.80000305175781,119.70999908447266,119.80000305175781,105.24203491210938,1529300,0.0,0.0,0.0
2020-12-28,119.61000061035156,119.80999755859375,119.54000091552734,119.80999755859375,105.2508316040039,3677500,0.0,0.0,0.0
2020-12-29,119.63999938964844,119.83000183105469,119.63999938964844,119.79000091552734,105.2332534790039,2157300,0.0,0.0,0.0
2020-12-30,119.73999786376953,119.87000274658203,119.7300033569336,119.87000274658203,105.30350494384766,2549100,0.0,0.0,0.0
2020-12-31,119.8499984741211,120.0,119.8499984741211,119.94999694824219,105.37380981445312,2626200,0.0,0.0,0.0
2021-01-04,119.68000030517578,120.05999755859375,119.6500015258789,119.9800033569336,105.40018463134766,5499000,0.0,0.0,0.0
2021-01-05,119.87000274658203,119.88999938964844,119.58000183105469,119.69999694824219,105.1541748046875,5004400,0.0,0.0,0.0
2021-01-06,119.12000274658203,119.12000274658203,118.7699966430664,119.0,104.53924560546875,10039300,0.0,0.0,0.0
2021-01-07,118.58000183105469,118.66000366210938,118.4800033569336,118.58000183105469,104.17029571533203,7751700,0.0,0.0,0.0
2021-01-08,118.3499984741211,118.43000030517578,118.12999725341797,118.23999786376953,103.87161254882812,8378700,0.0,0.0,0.0
2021-01-11,118.1500015258789,118.16000366210938,117.98999786376953,118.01000213623047,103.66952514648438,6061000,0.0,0.0,0.0
2021-01-12,117.7699966430664,118.04000091552734,117.56999969482422,117.98999786376953,103.65196228027344,6516600,0.0,0.0,0.0
2021-01-13,118.16999816894531,118.55000305175781,118.13999938964844,118.4000015258789,104.01216125488281,7562900,0.0,0.0,0.0
2021-01-14,118.38999938964844,118.47000122070312,118.02999877929688,118.12999725341797,103.77494812011719,8113000,0.0,0.0,0.0
2021-01-15,118.37999725341797,118.52999877929688,118.20999908447266,118.44999694824219,104.05609130859375,5978400,0.0,0.0,0.0
2021-01-19,118.27999877929688,118.5199966430664,118.2300033569336,118.5199966430664,104.1175765991211,4035700,0.0,0.0,0.0
2021-01-20,118.38999938964844,118.56999969482422,118.36000061035156,118.56999969482422,104.1615219116211,4277700,0.0,0.0,0.0
2021-01-21,118.37000274658203,118.4800033569336,118.30000305175781,118.4000015258789,104.01216125488281,4254500,0.0,0.0,0.0
2021-01-22,118.5,118.5999984741211,118.44000244140625,118.58000183105469,104.17029571533203,4706200,0.0,0.0,0.0
2021-01-25,118.75,119.05999755859375,118.70999908447266,119.05999755859375,104.5919418334961,5689200,0.0,0.0,0.0
2021-01-26,118.94000244140625,119.05999755859375,118.91999816894531,119.0199966430664,104.55681610107422,4257100,0.0,0.0,0.0
2021-01-27,119.22000122070312,119.33999633789062,119.12000274658203,119.16000366210938,104.67980194091797,5764700,0.0,0.0,0.0
2021-01-28,119.0,119.01000213623047,118.72000122070312,118.8499984741211,104.40747833251953,5394200,0.0,0.0,0.0
2021-01-29,118.51000213623047,118.79000091552734,118.47000122070312,118.63999938964844,104.2230224609375,7952100,0.0,0.0,0.0
2021-02-01,118.56999969482422,118.7699966430664,118.52999877929688,118.70999908447266,104.35310363769531,3640700,0.078,0.0,0.0
2021-02-02,118.33999633789062,118.45999908447266,118.30000305175781,118.41000366210938,104.08940124511719,3609800,0.0,0.0,0.0
2021-02-03,118.25,118.30999755859375,118.0999984741211,118.12000274658203,103.83445739746094,3844200,0.0,0.0,0.0
2021-02-04,117.9800033569336,118.12999725341797,117.88999938964844,118.08000183105469,103.7992935180664,2146000,0.0,0.0,0.0
2021-02-05,118.05000305175781,118.18000030517578,117.83000183105469,117.83000183105469,103.57955169677734,5498000,0.0,0.0,0.0
2021-02-08,117.80999755859375,118.04000091552734,117.73999786376953,117.87999725341797,103.62346649169922,2861300,0.0,0.0,0.0
2021-02-09,118.01000213623047,118.12999725341797,117.91999816894531,117.97000122070312,103.70259094238281,4458500,0.0,0.0,0.0
2021-02-10,118.0999984741211,118.2699966430664,118.08999633789062,118.2699966430664,103.96630096435547,6726800,0.0,0.0,0.0
2021-02-11,118.2699966430664,118.30999755859375,118.12999725341797,118.18000030517578,103.88717651367188,5949900,0.0,0.0,0.0
2021-02-12,117.88999938964844,118.0199966430664,117.75,117.79000091552734,103.54437255859375,8802400,0.0,0.0,0.0
2021-02-16,117.2699966430664,117.37999725341797,116.86000061035156,116.94000244140625,102.79716491699219,8909000,0.0,0.0,0.0
2021-02-17,117.0199966430664,117.16999816894531,116.87999725341797,117.0199966430664,102.86748504638672,4789700,0.0,0.0,0.0
2021-02-18,116.83000183105469,117.0999984741211,116.73999786376953,117.01000213623047,102.8586654663086,4469900,0.0,0.0,0.0
2021-02-19,116.66000366210938,116.7699966430664,116.37000274658203,116.54000091552734,102.44554901123047,5851800,0.0,0.0,0.0
2021-02-22,116.44999694824219,116.66999816894531,116.26000213623047,116.3499984741211,102.27851104736328,3828000,0.0,0.0,0.0
2021-02-23,116.2699966430664,116.58000183105469,116.16999816894531,116.44000244140625,102.35762023925781,7344900,0.0,0.0,0.0
2021-02-24,115.86000061035156,116.33999633789062,115.79000091552734,116.27999877929688,102.21697235107422,7133700,0.0,0.0,0.0
2021-02-25,115.61000061035156,115.72000122070312,114.0999984741211,114.7300033569336,100.85445404052734,35760600,0.0,0.0,0.0
2021-02-26,115.13999938964844,115.80999755859375,114.70999908447266,115.76000213623047,101.75988006591797,28188400,0.0,0.0,0.0
2021-03-01,115.47000122070312,115.69000244140625,115.25,115.55999755859375,101.64551544189453,9616500,0.07,0.0,0.0
2021-03-02,115.45999908447266,115.77999877929688,115.41000366210938,115.7699966430664,101.83023834228516,6271000,0.0,0.0,0.0
2021-03-03,115.22000122070312,115.23999786376953,114.93000030517578,115.1500015258789,101.28488159179688,8377300,0.0,0.0,0.0
2021-03-04,115.13999938964844,115.2699966430664,114.41000366210938,114.58000183105469,100.78350830078125,12327900,0.0,0.0,0.0
2021-03-05,114.12000274658203,114.56999969482422,114.0199966430664,114.41999816894531,100.64278411865234,8634600,0.0,0.0,0.0
2021-03-08,114.1500015258789,114.18000030517578,113.93000030517578,113.97000122070312,100.2469711303711,7416400,0.0,0.0,0.0
2021-03-09,114.47000122070312,114.61000061035156,114.29000091552734,114.51000213623047,100.72196960449219,7035000,0.0,0.0,0.0
2021-03-10,114.51000213623047,114.86000061035156,114.44999694824219,114.75,100.93305969238281,5683100,0.0,0.0,0.0
2021-03-11,114.73999786376953,114.87000274658203,114.54000091552734,114.70999908447266,100.89787292480469,7576500,0.0,0.0,0.0
2021-03-12,113.9800033569336,113.98999786376953,113.76000213623047,113.87999725341797,100.16777038574219,7332600,0.0,0.0,0.0
2021-03-15,113.94999694824219,114.12999725341797,113.91999816894531,114.0199966430664,100.29095458984375,4465500,0.0,0.0,0.0
2021-03-16,114.1500015258789,114.23999786376953,113.87000274658203,114.0,100.27336120605469,5479400,0.0,0.0,0.0
2021-03-17,113.56999969482422,114.05000305175781,113.36000061035156,113.80999755859375,100.10624694824219,8975900,0.0,0.0,0.0
2021-03-18,112.9000015258789,113.2300033569336,112.79000091552734,113.0999984741211,99.48174285888672,8281400,0.0,0.0,0.0
2021-03-19,112.86000061035156,113.19999694824219,112.83000183105469,113.02999877929688,99.420166015625,8748100,0.0,0.0,0.0
2021-03-22,113.31999969482422,113.45999908447266,113.2300033569336,113.4000015258789,99.74561309814453,4679800,0.0,0.0,0.0
2021-03-23,113.6500015258789,113.9800033569336,113.56999969482422,113.95999908447266,100.2381820678711,7544000,0.0,0.0,0.0
2021-03-24,113.7300033569336,114.12999725341797,113.69999694824219,114.11000061035156,100.3701171875,14634800,0.0,0.0,0.0
2021-03-25,114.16999816894531,114.23999786376953,113.79000091552734,113.95999908447266,100.2381820678711,10573800,0.0,0.0,0.0
2021-03-26,113.6500015258789,113.88999938964844,113.56999969482422,113.58000183105469,99.90392303466797,6409700,0.0,0.0,0.0
2021-03-29,113.68000030517578,113.69000244140625,113.08999633789062,113.19000244140625,99.5609130859375,6298000,0.0,0.0,0.0
2021-03-30,112.87999725341797,113.16000366210938,112.77999877929688,113.08999633789062,99.47295379638672,5784900,0.0,0.0,0.0
2021-03-31,113.05999755859375,113.19000244140625,112.79000091552734,112.93000030517578,99.33219146728516,8620000,0.0,0.0,0.0
2021-04-01,113.20999908447266,113.41999816894531,113.12999725341797,113.36000061035156,99.7722396850586,8535300,0.07,0.0,0.0
2021-04-05,112.97000122070312,113.12999725341797,112.80000305175781,113.04000091552734,99.4906234741211,9944500,0.0,0.0,0.0
2021-04-06,113.27999877929688,113.61000061035156,113.23999786376953,113.58999633789062,99.97469329833984,8765200,0.0,0.0,0.0
2021-04-07,113.56999969482422,113.80000305175781,113.4800033569336,113.5199966430664,99.9130630493164,6316800,0.0,0.0,0.0
2021-04-08,113.72000122070312,113.91999816894531,113.69999694824219,113.91000366210938,100.2563247680664,6334700,0.0,0.0,0.0
2021-04-09,113.54000091552734,113.81999969482422,113.44000244140625,113.61000061035156,99.9923095703125,5887400,0.0,0.0,0.0
2021-04-12,113.5199966430664,113.56999969482422,113.41999816894531,113.54000091552734,99.93069458007812,5466000,0.0,0.0,0.0
2021-04-13,113.56999969482422,114.01000213623047,113.54000091552734,114.01000213623047,100.3443832397461,7663800,0.0,0.0,0.0
2021-04-14,113.81999969482422,113.91000366210938,113.72000122070312,113.87000274658203,100.22111511230469,4876900,0.0,0.0,0.0
2021-04-15,114.2300033569336,114.7699966430664,114.2300033569336,114.5999984741211,100.8636474609375,9958500,0.0,0.0,0.0
2021-04-16,114.26000213623047,114.47000122070312,114.2300033569336,114.29000091552734,100.59078979492188,7334900,0.0,0.0,0.0
2021-04-19,114.0999984741211,114.36000061035156,114.04000091552734,114.16999816894531,100.48518371582031,5738600,0.0,0.0,0.0
2021-04-20,114.13999938964844,114.58999633789062,114.13999938964844,114.51000213623047,100.78446197509766,6468300,0.0,0.0,0.0
2021-04-21,114.5,114.62999725341797,114.33999633789062,114.56999969482422,100.83721923828125,7976500,0.0,0.0,0.0
2021-04-22,114.55999755859375,114.69000244140625,114.29000091552734,114.66000366210938,100.91646575927734,7681300,0.0,0.0,0.0
2021-04-23,114.63999938964844,114.6500015258789,114.33000183105469,114.51000213623047,100.78446197509766,5509900,0.0,0.0,0.0
2021-04-26,114.45999908447266,114.55000305175781,114.38999938964844,114.38999938964844,100.67879486083984,7145300,0.0,0.0,0.0
2021-04-27,114.2300033569336,114.33000183105469,113.94000244140625,113.94000244140625,100.28274536132812,7720500,0.0,0.0,0.0
2021-04-28,113.94999694824219,114.11000061035156,113.66000366210938,114.08999633789062,100.41473388671875,8692900,0.0,0.0,0.0
2021-04-29,113.55000305175781,113.9000015258789,113.44000244140625,113.88999938964844,100.23873138427734,5547800,0.0,0.0,0.0
2021-04-30,113.94000244140625,114.02999877929688,113.7699966430664,113.98999786376953,100.32674407958984,5160000,0.0,0.0,0.0
2021-05-03,113.95999908447266,114.3499984741211,113.91999816894531,114.11000061035156,100.49761199951172,8593300,0.074,0.0,0.0
2021-05-04,114.33999633789062,114.55999755859375,114.19999694824219,114.26000213623047,100.62972259521484,11171000,0.0,0.0,0.0
2021-05-05,114.13999938964844,114.43000030517578,114.13999938964844,114.4000015258789,100.75299835205078,6810000,0.0,0.0,0.0
2021-05-06,114.31999969482422,114.58000183105469,114.30000305175781,114.44999694824219,100.79706573486328,6546200,0.0,0.0,0.0
2021-05-07,114.72000122070312,114.94999694824219,114.38999938964844,114.48999786376953,100.832275390625,10657600,0.0,0.0,0.0
2021-05-10,114.54000091552734,114.62999725341797,114.20999908447266,114.26000213623047,100.62972259521484,5906800,0.0,0.0,0.0
2021-05-11,114.08999633789062,114.16999816894531,114.0199966430664,114.06999969482422,100.4623794555664,6591300,0.0,0.0,0.0
2021-05-12,113.6500015258789,113.7300033569336,113.47000122070312,113.5199966430664,99.97798156738281,14509800,0.0,0.0,0.0
2021-05-13,113.66000366210938,113.94000244140625,113.58999633789062,113.9000015258789,100.31265258789062,8242700,0.0,0.0,0.0
2021-05-14,114.06999969482422,114.19000244140625,113.94999694824219,114.1500015258789,100.53284454345703,7943100,0.0,0.0,0.0
2021-05-17,114.06999969482422,114.12000274658203,113.98999786376953,114.04000091552734,100.43595123291016,6711100,0.0,0.0,0.0
2021-05-18,114.02999877929688,114.08999633789062,113.91999816894531,114.04000091552734,100.43595123291016,4319600,0.0,0.0,0.0
2021-05-19,114.0199966430664,114.25,113.5999984741211,113.69999694824219,100.13652038574219,13156500,0.0,0.0,0.0
2021-05-20,113.9000015258789,114.18000030517578,113.87000274658203,114.16999816894531,100.55045318603516,8412700,0.0,0.0,0.0
2021-05-21,114.27999877929688,114.30999755859375,114.08000183105469,114.20999908447266,100.58566284179688,6648700,0.0,0.0,0.0
2021-05-24,114.2699966430664,114.43000030517578,114.22000122070312,114.31999969482422,100.68254089355469,4826000,0.0,0.0,0.0
2021-05-25,114.44000244140625,114.76000213623047,114.44000244140625,114.73999786376953,101.05243682861328,5748200,0.0,0.0,0.0
2021-05-26,114.66000366210938,114.80999755859375,114.55999755859375,114.61000061035156,100.93798828125,4501600,0.0,0.0,0.0
2021-05-27,114.36000061035156,114.41000366210938,114.19999694824219,114.41000366210938,100.76181030273438,5998100,0.0,0.0,0.0
2021-05-28,114.36000061035156,114.63999938964844,114.36000061035156,114.4000015258789,100.75299835205078,5575700,0.0,0.0,0.0
2021-06-01,114.19000244140625,114.31999969482422,114.05000305175781,114.30000305175781,100.73451232910156,9498100,0.079,0.0,0.0
2021-06-02,114.41999816894531,114.51000213623047,114.37000274658203,114.43000030517578,100.84906005859375,4269900,0.0,0.0,0.0
2021-06-03,114.33000183105469,114.33000183105469,114.08999633789062,114.13999938964844,100.593505859375,3591200,0.0,0.0,0.0
2021-06-04,114.43000030517578,114.77999877929688,114.41000366210938,114.7699966430664,101.14871215820312,6326000,0.0,0.0,0.0
2021-06-07,114.62999725341797,114.72000122070312,114.5999984741211,114.68000030517578,101.06941223144531,3068500,0.0,0.0,0.0
2021-06-08,115.04000091552734,115.06999969482422,114.95999908447266,115.01000213623047,101.3602523803711,4760500,0.0,0.0,0.0
2021-06-09,115.41999816894531,115.55000305175781,115.22000122070312,115.37000274658203,101.67750549316406,5679300,0.0,0.0,0.0
2021-06-10,115.12000274658203,115.79000091552734,115.06999969482422,115.77999877929688,102.03884887695312,6494800,0.0,0.0,0.0
2021-06-11,115.69999694824219,115.72000122070312,115.51000213623047,115.61000061035156,101.88902282714844,3914200,0.0,0.0,0.0
2021-06-14,115.48999786376953,115.5,115.19999694824219,115.25,101.57173156738281,3730900,0.0,0.0,0.0
2021-06-15,115.19000244140625,115.29000091552734,115.12999725341797,115.2699966430664,101.5893783569336,4212700,0.0,0.0,0.0
2021-06-16,115.31999969482422,115.37999725341797,114.30999755859375,114.4800033569336,100.89313507080078,13529000,0.0,0.0,0.0
2021-06-17,114.66000366210938,115.26000213623047,114.58000183105469,114.88999938964844,101.2544937133789,8838100,0.0,0.0,0.0
2021-06-18,115.04000091552734,115.58000183105469,114.80999755859375,115.54000091552734,101.82734680175781,13435000,0.0,0.0,0.0
2021-06-21,115.26000213623047,115.3499984741211,115.08000183105469,115.16999816894531,101.5012435913086,6460000,0.0,0.0,0.0
2021-06-22,115.04000091552734,115.41000366210938,115.01000213623047,115.37999725341797,101.68631744384766,5459700,0.0,0.0,0.0
2021-06-23,115.25,115.37000274658203,115.0999984741211,115.1500015258789,101.4836196899414,5429800,0.0,0.0,0.0
2021-06-24,115.1500015258789,115.27999877929688,115.08000183105469,115.12999725341797,101.46598815917969,3631700,0.0,0.0,0.0
2021-06-25,115.20999908447266,115.25,114.69000244140625,114.88999938964844,101.2544937133789,6716800,0.0,0.0,0.0
2021-06-28,115.11000061035156,115.36000061035156,115.0999984741211,115.25,101.57173156738281,4968900,0.0,0.0,0.0
2021-06-29,115.0999984741211,115.31999969482422,115.08999633789062,115.30999755859375,101.62462615966797,3373200,0.0,0.0,0.0
2021-06-30,115.4800033569336,115.66000366210938,115.45999908447266,115.48999786376953,101.78327941894531,6572800,0.0,0.0,0.0
2021-07-01,115.37999725341797,115.44999694824219,115.16999816894531,115.33000183105469,101.71007537841797,11966200,0.077,0.0,0.0
2021-07-02,115.47000122070312,115.75,115.44000244140625,115.75,102.08052825927734,5071900,0.0,0.0,0.0
2021-07-06,115.88999938964844,116.44000244140625,115.88999938964844,116.36000061035156,102.61845397949219,9095300,0.0,0.0,0.0
2021-07-07,116.58000183105469,116.91000366210938,116.47000122070312,116.69999694824219,102.91826629638672,7456400,0.0,0.0,0.0
2021-07-08,116.91999816894531,117.19000244140625,116.81999969482422,117.0,103.18285369873047,7368000,0.0,0.0,0.0
2021-07-09,116.5199966430664,116.54000091552734,116.4000015258789,116.41000366210938,102.66253662109375,5531200,0.0,0.0,0.0
2021-07-12,116.51000213623047,116.55999755859375,116.26000213623047,116.3499984741211,102.609619140625,3867700,0.0,0.0,0.0
2021-07-13,116.41000366210938,116.52999877929688,115.88999938964844,115.98999786376953,102.29209899902344,6926500,0.0,0.0,0.0
2021-07-14,116.30999755859375,116.5199966430664,116.20999908447266,116.48999786376953,102.73306274414062,6029200,0.0,0.0,0.0
2021-07-15,116.79000091552734,117.04000091552734,116.52999877929688,116.9800033569336,103.16520690917969,5704500,0.0,0.0,0.0
2021-07-16,116.66999816894531,116.9800033569336,116.66000366210938,116.95999908447266,103.1475830078125,3577900,0.0,0.0,0.0
2021-07-19,117.73999786376953,118.11000061035156,117.68000030517578,117.95999908447266,104.02950286865234,20557500,0.0,0.0,0.0
2021-07-20,118.47000122070312,118.5199966430664,117.70999908447266,117.80999755859375,103.89720153808594,8729000,0.0,0.0,0.0
2021-07-21,117.33000183105469,117.41000366210938,117.0199966430664,117.12999725341797,103.29751586914062,7438300,0.0,0.0,0.0
2021-07-22,117.12999725341797,117.63999938964844,117.12000274658203,117.4000015258789,103.53561401367188,6363500,0.0,0.0,0.0
2021-07-23,116.9800033569336,117.25,116.97000122070312,117.22000122070312,103.37687683105469,6804600,0.0,0.0,0.0
2021-07-26,117.4000015258789,117.41999816894531,117.12000274658203,117.13999938964844,103.30633544921875,6179600,0.0,0.0,0.0
2021-07-27,117.62000274658203,117.70999908447266,117.51000213623047,117.63999938964844,103.74727630615234,8621200,0.0,0.0,0.0
2021-07-28,117.41999816894531,117.75,117.26000213623047,117.73999786376953,103.83546447753906,11533500,0.0,0.0,0.0
2021-07-29,117.30999755859375,117.52999877929688,117.27999877929688,117.37999725341797,103.51799774169922,6203800,0.0,0.0,0.0
2021-07-30,117.58000183105469,117.77999877929688,117.56999969482422,117.70999908447266,103.80899047851562,5656400,0.0,0.0,0.0
2021-08-02,117.81999969482422,118.37999725341797,117.70999908447266,118.1500015258789,104.26435852050781,19495800,0.076,0.0,0.0
2021-08-03,118.18000030517578,118.37000274658203,118.12000274658203,118.18000030517578,104.29082489013672,6627300,0.0,0.0,0.0
2021-08-04,118.52999877929688,118.62999725341797,117.77999877929688,118.1500015258789,104.26435852050781,7545000,0.0,0.0,0.0
2021-08-05,117.9000015258789,117.95999908447266,117.63999938964844,117.72000122070312,103.88488006591797,5164600,0.0,0.0,0.0
2021-08-06,117.13999938964844,117.25,117.0,117.02999877929688,103.2760009765625,7807600,0.0,0.0,0.0
2021-08-09,117.19999694824219,117.30999755859375,116.77999877929688,116.77999877929688,103.05537414550781,10842500,0.0,0.0,0.0
2021-08-10,116.87000274658203,116.87999725341797,116.55000305175781,116.55999755859375,102.86126708984375,7192400,0.0,0.0,0.0
2021-08-11,116.63999938964844,116.98999786376953,116.44000244140625,116.69000244140625,102.9759750366211,7254300,0.0,0.0,0.0
2021-08-12,116.56999969482422,116.69999694824219,116.43000030517578,116.56999969482422,102.87006378173828,6932200,0.0,0.0,0.0
2021-08-13,116.75,117.23999786376953,116.7300033569336,117.23999786376953,103.46131134033203,6896500,0.0,0.0,0.0
2021-08-16,117.55000305175781,117.81999969482422,117.5,117.5,103.69075012207031,6928100,0.0,0.0,0.0
2021-08-17,117.4800033569336,117.69999694824219,117.41999816894531,117.44000244140625,103.6378173828125,7785500,0.0,0.0,0.0
2021-08-18,117.38999938964844,117.48999786376953,117.12999725341797,117.37999725341797,103.58489227294922,7025800,0.0,0.0,0.0
2021-08-19,117.62999725341797,117.72000122070312,117.52999877929688,117.63999938964844,103.81428527832031,6242600,0.0,0.0,0.0
2021-08-20,117.63999938964844,117.70999908447266,117.41000366210938,117.52999877929688,103.71722412109375,6510200,0.0,0.0,0.0
2021-08-23,117.5,117.58000183105469,117.4000015258789,117.55999755859375,103.74371337890625,3958500,0.0,0.0,0.0
2021-08-24,117.41000366210938,117.51000213623047,117.20999908447266,117.23999786376953,103.46131134033203,3649700,0.0,0.0,0.0
2021-08-25,117.19999694824219,117.23999786376953,116.72000122070312,116.77999877929688,103.05537414550781,5874700,0.0,0.0,0.0
2021-08-26,116.72000122070312,116.83000183105469,116.58999633789062,116.77999877929688,103.05537414550781,6850600,0.0,0.0,0.0
2021-08-27,116.77999877929688,117.16000366210938,116.62999725341797,117.16000366210938,103.39071655273438,6360700,0.0,0.0,0.0
2021-08-30,117.13999938964844,117.4000015258789,117.0999984741211,117.38999938964844,103.59368133544922,6546200,0.0,0.0,0.0
2021-08-31,117.33000183105469,117.48999786376953,117.12000274658203,117.16999816894531,103.39954376220703,7418400,0.0,0.0,0.0
2021-09-01,117.25,117.29000091552734,117.04000091552734,117.13999938964844,103.44369506835938,11908600,0.08,0.0,0.0
2021-09-02,117.2699966430664,117.27999877929688,117.13999938964844,117.27999877929688,103.56733703613281,2976200,0.0,0.0,0.0
2021-09-03,117.01000213623047,117.05000305175781,116.87999725341797,117.0,103.32006072998047,4988900,0.0,0.0,0.0
2021-09-07,116.58999633789062,116.68000030517578,116.44000244140625,116.54000091552734,102.9138412475586,7098600,0.0,0.0,0.0
2021-09-08,116.69999694824219,116.94000244140625,116.62999725341797,116.86000061035156,103.19647216796875,6046200,0.0,0.0,0.0
2021-09-09,116.91000366210938,117.31999969482422,116.80999755859375,117.19000244140625,103.48784637451172,7009500,0.0,0.0,0.0
2021-09-10,116.93000030517578,117.02999877929688,116.70999908447266,116.81999969482422,103.16114807128906,8147100,0.0,0.0,0.0
2021-09-13,116.93000030517578,117.05999755859375,116.91000366210938,116.95999908447266,103.28472137451172,4269300,0.0,0.0,0.0
2021-09-14,117.16000366210938,117.5199966430664,117.0999984741211,117.4000015258789,103.67328643798828,6991000,0.0,0.0,0.0
2021-09-15,117.33000183105469,117.3499984741211,117.0,117.19999694824219,103.49667358398438,5108900,0.0,0.0,0.0
2021-09-16,116.79000091552734,117.01000213623047,116.68000030517578,116.83000183105469,103.169921875,5682700,0.0,0.0,0.0
2021-09-17,116.54000091552734,116.56999969482422,116.37999725341797,116.48999786376953,102.86968994140625,7611700,0.0,0.0,0.0
2021-09-20,116.91000366210938,117.20999908447266,116.81999969482422,117.08000183105469,103.39070892333984,8781600,0.0,0.0,0.0
2021-09-21,117.12000274658203,117.1500015258789,116.94000244140625,117.01000213623047,103.32891082763672,4867900,0.0,0.0,0.0
2021-09-22,117.01000213623047,117.22000122070312,116.79000091552734,117.12000274658203,103.42606353759766,10966400,0.0,0.0,0.0
2021-09-23,116.58000183105469,116.61000061035156,116.05999755859375,116.05999755859375,102.489990234375,10650100,0.0,0.0,0.0
2021-09-24,115.9000015258789,115.91000366210938,115.63999938964844,115.70999908447266,102.18091583251953,10528000,0.0,0.0,0.0
2021-09-27,115.4000015258789,115.5999984741211,115.37000274658203,115.4000015258789,101.90714263916016,6742100,0.0,0.0,0.0
2021-09-28,114.9800033569336,115.22000122070312,114.7300033569336,114.95999908447266,101.51858520507812,10295500,0.0,0.0,0.0
2021-09-29,115.19999694824219,115.36000061035156,114.87000274658203,115.08000183105469,101.62455749511719,8364000,0.0,0.0,0.0
2021-09-30,114.97000122070312,115.26000213623047,114.91999816894531,115.22000122070312,101.7481918334961,7307900,0.0,0.0,0.0
2021-10-01,115.36000061035156,115.66000366210938,115.26000213623047,115.61000061035156,102.16355895996094,19830100,0.08,0.0,0.0
2021-10-04,115.41000366210938,115.66999816894531,115.26000213623047,115.47000122070312,102.039794921875,7691800,0.0,0.0,0.0
2021-10-05,115.29000091552734,115.31999969482422,114.98999786376953,115.11000061035156,101.7216796875,6861900,0.0,0.0,0.0
2021-10-06,115.1500015258789,115.26000213623047,115.05000305175781,115.13999938964844,101.7481918334961,7473500,0.0,0.0,0.0
2021-10-07,114.87999725341797,114.91000366210938,114.66999816894531,114.68000030517578,101.3416976928711,8160200,0.0,0.0,0.0
2021-10-08,114.62000274658203,114.62000274658203,114.30000305175781,114.43000030517578,101.12076568603516,9455100,0.0,0.0,0.0
2021-10-11,114.2300033569336,114.31999969482422,114.12999725341797,114.1500015258789,100.87334442138672,2261300,0.0,0.0,0.0
2021-10-12,114.3499984741211,114.70999908447266,114.27999877929688,114.66999816894531,101.3328628540039,7938400,0.0,0.0,0.0
2021-10-13,114.73999786376953,115.05000305175781,114.68000030517578,114.88999938964844,101.52725982666016,11662400,0.0,0.0,0.0
2021-10-14,115.0199966430664,115.20999908447266,114.9000015258789,115.16000366210938,101.765869140625,9518200,0.0,0.0,0.0
2021-10-15,114.73999786376953,114.7699966430664,114.52999877929688,114.58999633789062,101.26213836669922,8689700,0.0,0.0,0.0
2021-10-18,114.25,114.5199966430664,114.06999969482422,114.43000030517578,101.12076568603516,8703300,0.0,0.0,0.0
2021-10-19,114.2699966430664,114.31999969482422,114.0,114.0199966430664,100.75846862792969,7445200,0.0,0.0,0.0
2021-10-20,114.0199966430664,114.20999908447266,113.94000244140625,113.97000122070312,100.71428680419922,6230000,0.0,0.0,0.0
2021-10-21,113.9000015258789,113.94999694824219,113.62999725341797,113.66999816894531,100.44917297363281,7103900,0.0,0.0,0.0
2021-10-22,113.77999877929688,114.05000305175781,113.66999816894531,113.95999908447266,100.70543670654297,10204600,0.0,0.0,0.0
2021-10-25,113.9800033569336,114.22000122070312,113.9800033569336,114.0999984741211,100.82914733886719,4835000,0.0,0.0,0.0
2021-10-26,114.12000274658203,114.23999786376953,113.9000015258789,114.23999786376953,100.95285034179688,5603100,0.0,0.0,0.0
2021-10-27,114.63999938964844,115.05999755859375,114.31999969482422,114.87999725341797,101.51842498779297,16140300,0.0,0.0,0.0
2021-10-28,114.76000213623047,114.91000366210938,114.45999908447266,114.58000183105469,101.25331115722656,9940400,0.0,0.0,0.0
2021-10-29,114.2699966430664,114.86000061035156,114.19000244140625,114.62999725341797,101.29751586914062,11254300,0.0,0.0,0.0
2021-11-01,114.22000122070312,114.62999725341797,114.19000244140625,114.54000091552734,101.28955078125,14479000,0.081,0.0,0.0
2021-11-02,114.66999816894531,114.95999908447266,114.66000366210938,114.81999969482422,101.5371322631836,12191100,0.0,0.0,0.0
2021-11-03,114.83999633789062,114.87999725341797,114.2699966430664,114.45999908447266,101.21880340576172,17031100,0.0,0.0,0.0
2021-11-04,114.66000366210938,115.16999816894531,114.66000366210938,115.08000183105469,101.76708221435547,12665400,0.0,0.0,0.0
2021-11-05,115.33999633789062,115.80999755859375,115.22000122070312,115.70999908447266,102.32421112060547,12955100,0.0,0.0,0.0
2021-11-08,115.5199966430664,115.5199966430664,115.16000366210938,115.20999908447266,101.88204193115234,7404300,0.0,0.0,0.0
2021-11-09,115.69999694824219,115.9800033569336,115.6500015258789,115.73999786376953,102.35073852539062,12345400,0.0,0.0,0.0
2021-11-10,115.54000091552734,115.56999969482422,114.54000091552734,114.75,101.47523498535156,19425100,0.0,0.0,0.0
2021-11-11,114.75,114.80000305175781,114.37999725341797,114.37999725341797,101.14803314208984,3746100,0.0,0.0,0.0
2021-11-12,114.80000305175781,114.94000244140625,114.5199966430664,114.62000274658203,101.36029815673828,10613400,0.0,0.0,0.0
2021-11-15,114.55000305175781,114.58000183105469,114.12999725341797,114.16999816894531,100.96235656738281,8021400,0.0,0.0,0.0
2021-11-16,114.18000030517578,114.4000015258789,114.05000305175781,114.06999969482422,100.87393188476562,6573700,0.0,0.0,0.0
2021-11-17,114.06999969482422,114.48999786376953,114.05000305175781,114.4800033569336,101.23648071289062,10006200,0.0,0.0,0.0
2021-11-18,114.30999755859375,114.58000183105469,114.29000091552734,114.55000305175781,101.29837036132812,10183400,0.0,0.0,0.0
2021-11-19,114.91999816894531,115.11000061035156,114.79000091552734,114.86000061035156,101.57252502441406,10731600,0.0,0.0,0.0
2021-11-22,114.33000183105469,114.44000244140625,113.94999694824219,114.0199966430664,100.8296890258789,10876200,0.0,0.0,0.0
2021-11-23,113.81999969482422,113.87999725341797,113.55000305175781,113.55000305175781,100.41407775878906,11543700,0.0,0.0,0.0
2021-11-24,113.56999969482422,113.91999816894531,113.5,113.9000015258789,100.72357177734375,8322900,0.0,0.0,0.0
2021-11-26,114.9800033569336,115.38999938964844,114.91999816894531,115.37000274658203,102.02351379394531,13878500,0.0,0.0,0.0
2021-11-29,114.69000244140625,115.19999694824219,114.66000366210938,115.11000061035156,101.79361724853516,13908200,0.0,0.0,0.0
2021-11-30,115.81999969482422,116.1500015258789,115.22000122070312,115.80000305175781,102.40377044677734,19416800,0.0,0.0,0.0
2021-12-01,115.30000305175781,115.93000030517578,115.16000366210938,115.93000030517578,102.5967025756836,24991000,0.088,0.0,0.0
2021-12-02,115.9000015258789,115.94999694824219,115.41000366210938,115.68000030517578,102.37548065185547,11448900,0.0,0.0,0.0
2021-12-03,115.48999786376953,116.63999938964844,115.38999938964844,116.36000061035156,102.97726440429688,19790900,0.0,0.0,0.0
2021-12-06,116.19000244140625,116.27999877929688,115.6500015258789,115.77999877929688,102.4639663696289,9863200,0.0,0.0,0.0
2021-12-07,115.45999908447266,115.69999694824219,115.26000213623047,115.33999633789062,102.07454681396484,7678400,0.0,0.0,0.0
2021-12-08,115.16999816894531,115.19999694824219,114.81999969482422,114.97000122070312,101.74712371826172,11126500,0.0,0.0,0.0
2021-12-09,115.25,115.44000244140625,115.0999984741211,115.26000213623047,102.00375366210938,9198400,0.0,0.0,0.0
2021-12-10,115.44000244140625,115.66000366210938,115.27999877929688,115.33999633789062,102.07454681396484,5051500,0.0,0.0,0.0
2021-12-13,115.62999725341797,115.98999786376953,115.61000061035156,115.88999938964844,102.5613021850586,5706900,0.0,0.0,0.0
2021-12-14,115.6500015258789,115.80999755859375,115.43000030517578,115.69000244140625,102.38432312011719,4749500,0.0,0.0,0.0
2021-12-15,115.41000366210938,115.7300033569336,115.27999877929688,115.5199966430664,102.23385620117188,8428000,0.0,0.0,0.0
2021-12-16,115.58000183105469,115.91000366210938,115.55999755859375,115.75,102.53148651123047,9085400,0.106,0.0,0.0
2021-12-17,116.12000274658203,116.33999633789062,115.94000244140625,116.01000213623047,102.76180267333984,7933100,0.0,0.0,0.0
2021-12-20,116.19999694824219,116.3499984741211,115.87999725341797,115.91000366210938,102.6731948852539,13772100,0.0,0.0,0.0
2021-12-21,115.48999786376953,115.54000091552734,115.2300033569336,115.44999694824219,102.2657470703125,7672800,0.0,0.0,0.0
2021-12-22,115.62999725341797,115.63999938964844,115.33999633789062,115.55999755859375,102.36318969726562,5538200,0.0,0.0,0.0
2021-12-23,115.4800033569336,115.48999786376953,115.18000030517578,115.31999969482422,102.15060424804688,7209700,0.0,0.0,0.0
2021-12-27,115.27999877929688,115.41999816894531,115.25,115.36000061035156,102.18603515625,3471800,0.0,0.0,0.0
2021-12-28,115.55000305175781,115.58000183105469,115.27999877929688,115.33999633789062,102.1683120727539,8314500,0.0,0.0,0.0
2021-12-29,114.97000122070312,115.06999969482422,114.66999816894531,114.75,101.64569854736328,11879900,0.0,0.0,0.0
2021-12-30,114.9800033569336,115.13999938964844,114.79000091552734,115.12999725341797,101.98230743408203,10296000,0.0,0.0,0.0
2021-12-31,115.16000366210938,115.30999755859375,115.0,115.0,101.86715698242188,7584500,0.0,0.0,0.0
2022-01-03,114.37000274658203,114.41000366210938,113.93000030517578,113.93000030517578,100.91934204101562,27744600,0.0,0.0,0.0
2022-01-04,113.66999816894531,113.88999938964844,113.58000183105469,113.87000274658203,100.8662109375,15911800,0.0,0.0,0.0
2022-01-05,113.88999938964844,113.9000015258789,113.30999755859375,113.38999938964844,100.44098663330078,13715700,0.0,0.0,0.0
2022-01-06,113.12999725341797,113.20999908447266,112.9800033569336,113.11000061035156,100.19300079345703,10957400,0.0,0.0,0.0
2022-01-07,112.95999908447266,113.0,112.47000122070312,112.73999786376953,99.865234375,13318200,0.0,0.0,0.0
2022-01-10,112.44999694824219,112.75,112.37999725341797,112.70999908447266,99.83866119384766,8430700,0.0,0.0,0.0
2022-01-11,112.66000366210938,112.98999786376953,112.55999755859375,112.9800033569336,100.07781982421875,8086500,0.0,0.0,0.0
2022-01-12,113.16999816894531,113.43000030517578,112.9800033569336,113.0,100.09554290771484,7996500,0.0,0.0,0.0
2022-01-13,113.06999969482422,113.4000015258789,112.9800033569336,113.36000061035156,100.41445922851562,8431100,0.0,0.0,0.0
2022-01-14,113.06999969482422,113.08999633789062,112.55000305175781,112.58000183105469,99.7234878540039,10595700,0.0,0.0,0.0
2022-01-18,112.0999984741211,112.19999694824219,111.69000244140625,111.7300033569336,98.97058868408203,11594100,0.0,0.0,0.0
2022-01-19,111.91000366210938,112.22000122070312,111.83999633789062,112.0,99.20975494384766,10349700,0.0,0.0,0.0
2022-01-20,112.18000030517578,112.23999786376953,112.02999877929688,112.23999786376953,99.42233276367188,8297300,0.0,0.0,0.0
2022-01-21,112.87000274658203,113.05000305175781,112.6500015258789,112.88999938964844,99.99810791015625,13250000,0.0,0.0,0.0
2022-01-24,113.23999786376953,113.29000091552734,112.7699966430664,112.79000091552734,99.90950012207031,22377400,0.0,0.0,0.0
2022-01-25,112.88999938964844,113.08999633789062,112.56999969482422,112.63999938964844,99.77664947509766,13534000,0.0,0.0,0.0
2022-01-26,112.66000366210938,112.76000213623047,111.83999633789062,111.83999633789062,99.06800842285156,12694700,0.0,0.0,0.0
2022-01-27,112.11000061035156,112.5199966430664,112.08999633789062,112.30999755859375,99.48433685302734,11609400,0.0,0.0,0.0
2022-01-28,112.1500015258789,112.66000366210938,112.12000274658203,112.56999969482422,99.71466064453125,6713500,0.0,0.0,0.0
2022-01-31,112.36000061035156,112.6500015258789,112.29000091552734,112.56999969482422,99.71466064453125,8258600,0.0,0.0,0.0
2022-02-01,112.5,112.54000091552734,112.12999725341797,112.30999755859375,99.57987213134766,16338700,0.108,0.0,0.0
2022-02-02,112.4000015258789,112.80999755859375,112.4000015258789,112.54000091552734,99.78382110595703,5997100,0.0,0.0,0.0
2022-02-03,112.04000091552734,112.16000366210938,111.91999816894531,112.05999755859375,99.35820007324219,8032600,0.0,0.0,0.0
2022-02-04,111.41999816894531,111.44999694824219,111.08999633789062,111.19999694824219,98.59568786621094,8616400,0.0,0.0,0.0
2022-02-07,111.2300033569336,111.3499984741211,111.08999633789062,111.2300033569336,98.62229919433594,10294700,0.0,0.0,0.0
2022-02-08,110.93000030517578,110.98999786376953,110.80999755859375,110.87000274658203,98.3031005859375,8111500,0.0,0.0,0.0
2022-02-09,111.12999725341797,111.37000274658203,110.9800033569336,111.0199966430664,98.43608093261719,10113400,0.0,0.0,0.0
2022-02-10,110.61000061035156,110.68000030517578,109.95999908447266,110.0,97.53170776367188,16633900,0.0,0.0,0.0
2022-02-11,110.47000122070312,111.2300033569336,109.91999816894531,111.13999938964844,98.54248046875,18315600,0.0,0.0,0.0
2022-02-14,110.54000091552734,110.83000183105469,110.20999908447266,110.37000274658203,97.85974884033203,11090000,0.0,0.0,0.0
2022-02-15,110.05000305175781,110.23999786376953,109.95999908447266,110.04000091552734,97.5671615600586,8490500,0.0,0.0,0.0
2022-02-16,110.31999969482422,110.33999633789062,109.94000244140625,110.2699966430664,97.77111053466797,9007700,0.0,0.0,0.0
2022-02-17,110.52999877929688,110.9000015258789,110.5199966430664,110.86000061035156,98.29424285888672,8749500,0.0,0.0,0.0
2022-02-18,111.04000091552734,111.2300033569336,110.97000122070312,111.22000122070312,98.61341857910156,8486800,0.0,0.0,0.0
2022-02-22,110.97000122070312,111.22000122070312,110.83999633789062,111.20999908447266,98.6045913696289,8392500,0.0,0.0,0.0
2022-02-23,110.80000305175781,110.9000015258789,110.51000213623047,110.62999725341797,98.09028625488281,7941800,0.0,0.0,0.0
2022-02-24,111.5199966430664,111.55000305175781,110.7300033569336,110.88999938964844,98.32084655761719,19162100,0.0,0.0,0.0
2022-02-25,110.72000122070312,110.87999725341797,110.4800033569336,110.86000061035156,98.29424285888672,8101900,0.0,0.0,0.0
2022-02-28,111.62000274658203,112.13999938964844,111.58000183105469,112.12000274658203,99.41143798828125,12291800,0.0,0.0,0.0
2022-03-01,112.5999984741211,113.48999786376953,112.55000305175781,113.11000061035156,100.3796157836914,28285600,0.101,0.0,0.0
2022-03-02,112.45999908447266,112.55999755859375,111.38999938964844,111.41000366210938,98.8709487915039,12303800,0.0,0.0,0.0
2022-03-03,111.69000244140625,112.0999984741211,111.48999786376953,111.88999938964844,99.29694366455078,12247400,0.0,0.0,0.0
2022-03-04,112.87999725341797,113.30000305175781,112.7699966430664,113.0,100.2820053100586,20102300,0.0,0.0,0.0
2022-03-07,112.47000122070312,113.08000183105469,112.44000244140625,112.5199966430664,99.85604095458984,13633200,0.0,0.0,0.0
2022-03-08,111.87000274658203,112.06999969482422,111.6500015258789,111.79000091552734,99.20816802978516,10819400,0.0,0.0,0.0
2022-03-09,111.33000183105469,111.43000030517578,110.9800033569336,111.0999984741211,98.5958251953125,7932300,0.0,0.0,0.0
2022-03-10,110.72000122070312,110.83000183105469,110.36000061035156,110.58999633789062,98.14324188232422,11100100,0.0,0.0,0.0
2022-03-11,110.47000122070312,110.69999694824219,110.3499984741211,110.55999755859375,98.11663055419922,5567600,0.0,0.0,0.0
2022-03-14,109.66999816894531,109.73999786376953,109.16000366210938,109.16000366210938,96.87416076660156,8622500,0.0,0.0,0.0
2022-03-15,109.73999786376953,109.80000305175781,109.02999877929688,109.11000061035156,96.82980346679688,9294400,0.0,0.0,0.0
2022-03-16,109.0,109.12000274658203,108.25,108.95999908447266,96.69668579101562,12847300,0.0,0.0,0.0
2022-03-17,109.02999877929688,109.23999786376953,108.55000305175781,108.75,96.51033020019531,7215900,0.0,0.0,0.0
2022-03-18,108.93000030517578,109.22000122070312,108.93000030517578,109.06999969482422,96.79431915283203,7509200,0.0,0.0,0.0
2022-03-21,108.27999877929688,108.44999694824219,107.56999969482422,107.6500015258789,95.53411865234375,11003600,0.0,0.0,0.0
2022-03-22,107.19999694824219,107.23999786376953,106.97000122070312,107.05999755859375,95.01056671142578,7710300,0.0,0.0,0.0
2022-03-23,107.31999969482422,107.77999877929688,107.08999633789062,107.77999877929688,95.6495132446289,11222700,0.0,0.0,0.0
2022-03-24,107.1500015258789,107.5,107.11000061035156,107.18000030517578,95.11703491210938,11112300,0.0,0.0,0.0
2022-03-25,106.69000244140625,106.69999694824219,105.97000122070312,106.08000183105469,94.14083099365234,9055600,0.0,0.0,0.0
2022-03-28,106.25,106.69999694824219,106.12000274658203,106.31999969482422,94.35381317138672,12858500,0.0,0.0,0.0
2022-03-29,106.58000183105469,106.9800033569336,106.3499984741211,106.8499984741211,94.82415771484375,7539900,0.0,0.0,0.0
2022-03-30,106.62999725341797,107.30000305175781,106.55999755859375,107.2699966430664,95.19690704345703,6430100,0.0,0.0,0.0
2022-03-31,107.43000030517578,107.62000274658203,107.2699966430664,107.47000122070312,95.37442779541016,9147200,0.0,0.0,0.0
2022-04-01,106.30999755859375,107.01000213623047,106.19999694824219,106.6500015258789,94.75337982177734,10237000,0.121,0.0,0.0
2022-04-04,106.76000213623047,106.77999877929688,106.37999725341797,106.58000183105469,94.6911849975586,7372100,0.0,0.0,0.0
2022-04-05,106.2699966430664,106.29000091552734,105.19999694824219,105.30999755859375,93.56283569335938,9675600,0.0,0.0,0.0
2022-04-06,104.6500015258789,105.31999969482422,104.6500015258789,104.94000244140625,93.23410034179688,9054400,0.0,0.0,0.0
2022-04-07,104.68000030517578,104.97000122070312,104.45999908447266,104.68000030517578,93.00313568115234,5518900,0.0,0.0,0.0
2022-04-08,104.08000183105469,104.41999816894531,104.0,104.1500015258789,92.53221893310547,8091800,0.0,0.0,0.0
2022-04-11,103.77999877929688,103.9000015258789,103.5199966430664,103.6500015258789,92.08802795410156,7356400,0.0,0.0,0.0
2022-04-12,104.19000244140625,104.58999633789062,104.02999877929688,104.1500015258789,92.53221893310547,12211000,0.0,0.0,0.0
2022-04-13,104.44000244140625,104.91000366210938,104.30999755859375,104.37999725341797,92.7365493774414,6346100,0.0,0.0,0.0
2022-04-14,104.2300033569336,104.2699966430664,103.31999969482422,103.44000244140625,91.90143585205078,6158700,0.0,0.0,0.0
2022-04-18,103.52999877929688,103.55000305175781,103.11000061035156,103.13999938964844,91.6348876953125,4591500,0.0,0.0,0.0
2022-04-19,102.73999786376953,102.93000030517578,102.38999938964844,102.45999908447266,91.03076171875,7004900,0.0,0.0,0.0
2022-04-20,102.87999725341797,103.41999816894531,102.76000213623047,103.26000213623047,91.74150848388672,7479300,0.0,0.0,0.0
2022-04-21,102.97000122070312,102.9800033569336,102.2699966430664,102.69000244140625,91.235107421875,9137500,0.0,0.0,0.0
2022-04-22,102.43000030517578,103.0199966430664,102.37999725341797,102.73999786376953,91.27952575683594,5451600,0.0,0.0,0.0
2022-04-25,103.55000305175781,103.9800033569336,103.33999633789062,103.4000015258789,91.86589050292969,8617400,0.0,0.0,0.0
2022-04-26,104.0999984741211,104.2699966430664,103.76000213623047,104.08999633789062,92.47894287109375,9575400,0.0,0.0,0.0
2022-04-27,104.02999877929688,104.12999725341797,103.45999908447266,103.51000213623047,91.96360778808594,7908900,0.0,0.0,0.0
2022-04-28,103.16000366210938,103.38999938964844,102.95999908447266,103.36000061035156,91.83037567138672,6943500,0.0,0.0,0.0
2022-04-29,102.5999984741211,103.20999908447266,102.55000305175781,102.80999755859375,91.3416976928711,10012500,0.0,0.0,0.0
2022-05-02,102.1500015258789,102.22000122070312,101.81999969482422,101.91999816894531,90.66122436523438,11327000,0.125,0.0,0.0
2022-05-03,102.5199966430664,102.5999984741211,102.0199966430664,102.04000091552734,90.76793670654297,8129100,0.0,0.0,0.0
2022-05-04,102.0,102.77999877929688,101.80999755859375,102.69999694824219,91.35505676269531,11934700,0.0,0.0,0.0
2022-05-05,101.88999938964844,102.02999877929688,101.1500015258789,101.66999816894531,90.43882751464844,11675700,0.0,0.0,0.0
2022-05-06,101.1500015258789,101.61000061035156,100.98999786376953,101.08999633789062,89.92292022705078,12538400,0.0,0.0,0.0
2022-05-09,101.13999938964844,101.88999938964844,101.08999633789062,101.83999633789062,90.59005737304688,7301200,0.0,0.0,0.0
2022-05-10,102.30999755859375,102.58000183105469,102.12000274658203,102.18000030517578,90.89251708984375,8054600,0.0,0.0,0.0
2022-05-11,101.93000030517578,102.8499984741211,101.79000091552734,102.80999755859375,91.45289611816406,7167900,0.0,0.0,0.0
2022-05-12,103.12000274658203,103.56999969482422,103.01000213623047,103.1500015258789,91.7553482055664,8132400,0.0,0.0,0.0
2022-05-13,102.87000274658203,102.94000244140625,102.55000305175781,102.61000061035156,91.27499389648438,6016900,0.0,0.0,0.0
2022-05-16,102.9800033569336,103.33000183105469,102.87000274658203,103.04000091552734,91.6574935913086,3315600,0.0,0.0,0.0
2022-05-17,102.3499984741211,102.6500015258789,102.2300033569336,102.26000213623047,90.96367645263672,4286800,0.0,0.0,0.0
2022-05-18,102.26000213623047,103.0999984741211,102.19000244140625,102.98999786376953,91.61302185058594,4465500,0.0,0.0,0.0
2022-05-19,103.9000015258789,103.93000030517578,103.27999877929688,103.36000061035156,91.9421615600586,5137600,0.0,0.0,0.0
2022-05-20,103.30000305175781,103.98999786376953,103.2699966430664,103.83999633789062,92.36912536621094,5908800,0.0,0.0,0.0
2022-05-23,103.56999969482422,103.7699966430664,103.19999694824219,103.20999908447266,91.80870819091797,5720600,0.0,0.0,0.0
2022-05-24,103.73999786376953,104.47000122070312,103.70999908447266,104.0999984741211,92.60041046142578,6786600,0.0,0.0,0.0
2022-05-25,104.47000122070312,104.47000122070312,104.06999969482422,104.30999755859375,92.7872085571289,4274500,0.0,0.0,0.0
2022-05-26,104.37000274658203,104.41000366210938,103.87999725341797,104.26000213623047,92.74271392822266,3478900,0.0,0.0,0.0
2022-05-27,104.44999694824219,104.58999633789062,104.22000122070312,104.41000366210938,92.87618255615234,2508200,0.0,0.0,0.0
2022-05-31,103.62000274658203,103.62999725341797,103.1500015258789,103.31999969482422,91.90657043457031,6773200,0.0,0.0,0.0
2022-06-01,103.2699966430664,103.37000274658203,102.41999816894531,102.61000061035156,91.38910675048828,5555900,0.129,0.0,0.0
2022-06-02,102.91000366210938,102.91999816894531,102.5199966430664,102.76000213623047,91.52268981933594,3014300,0.0,0.0,0.0
2022-06-03,102.36000061035156,102.6500015258789,102.33000183105469,102.55999755859375,91.34456634521484,2687800,0.0,0.0,0.0
2022-06-06,102.30999755859375,102.41000366210938,101.7300033569336,101.79000091552734,90.65874481201172,4800600,0.0,0.0,0.0
2022-06-07,102.05999755859375,102.43000030517578,102.04000091552734,102.19999694824219,91.02392578125,3230000,0.0,0.0,0.0
2022-06-08,102.01000213623047,102.16999816894531,101.80999755859375,101.81999969482422,90.68550109863281,2917900,0.0,0.0,0.0
2022-06-09,101.69000244140625,101.94000244140625,101.51000213623047,101.7300033569336,90.6053237915039,4178600,0.0,0.0,0.0
2022-06-10,101.20999908447266,101.30999755859375,100.5999984741211,100.7300033569336,89.71467590332031,4443400,0.0,0.0,0.0
2022-06-13,99.66000366210938,99.80000305175781,98.41999816894531,98.94000244140625,88.12042236328125,9200800,0.0,0.0,0.0
2022-06-14,99.16000366210938,99.30000305175781,97.98999786376953,98.1500015258789,87.41680908203125,7829800,0.0,0.0,0.0
2022-06-15,98.94999694824219,99.55999755859375,98.4000015258789,99.5199966430664,88.63703918457031,10256200,0.0,0.0,0.0
2022-06-16,98.55000305175781,100.22000122070312,98.43000030517578,100.16999816894531,89.2159194946289,9168800,0.0,0.0,0.0
2022-06-17,100.26000213623047,100.45999908447266,99.55000305175781,100.19999694824219,89.24261474609375,7029700,0.0,0.0,0.0
2022-06-21,99.66000366210938,99.94999694824219,99.55000305175781,99.68000030517578,88.7795181274414,10342000,0.0,0.0,0.0
2022-06-22,100.83999633789062,101.12000274658203,100.70999908447266,100.94000244140625,89.90170288085938,9501900,0.0,0.0,0.0
2022-06-23,101.55999755859375,102.16999816894531,101.4000015258789,101.51000213623047,90.40940856933594,9247200,0.0,0.0,0.0
2022-06-24,101.37999725341797,101.76000213623047,101.06999969482422,101.1500015258789,90.08875274658203,5127000,0.0,0.0,0.0
2022-06-27,100.56999969482422,101.0199966430664,100.44999694824219,100.58000183105469,89.58110809326172,5439400,0.0,0.0,0.0
2022-06-28,100.47000122070312,100.73999786376953,100.33000183105469,100.70999908447266,89.69686889648438,3763300,0.0,0.0,0.0
2022-06-29,100.87999725341797,101.5199966430664,100.79000091552734,101.5199966430664,90.4183120727539,3559600,0.0,0.0,0.0
2022-06-30,102.0999984741211,102.54000091552734,102.01000213623047,102.30000305175781,91.1130142211914,5409500,0.0,0.0,0.0
2022-07-01,103.12000274658203,103.97000122070312,102.9800033569336,103.23999786376953,92.08971405029297,63222900,0.155,0.0,0.0
2022-07-05,103.75,104.0199966430664,103.44000244140625,103.62000274658203,92.4287109375,6651400,0.0,0.0,0.0
2022-07-06,104.0,104.01000213623047,102.72000122070312,102.73999786376953,91.64371490478516,4754700,0.0,0.0,0.0
2022-07-07,102.7699966430664,102.7699966430664,102.02999877929688,102.11000061035156,91.0817642211914,4058100,0.0,0.0,0.0
2022-07-08,101.83000183105469,101.83999633789062,101.37000274658203,101.48999786376953,90.52875518798828,3664900,0.0,0.0,0.0
2022-07-11,102.02999877929688,102.45999908447266,101.9800033569336,102.29000091552734,91.24234771728516,2765700,0.0,0.0,0.0
2022-07-12,102.83000183105469,103.02999877929688,102.44999694824219,102.52999877929688,91.45643615722656,3669200,0.0,0.0,0.0
2022-07-13,101.91000366210938,103.05000305175781,101.77999877929688,102.97000122070312,91.8488998413086,6809400,0.0,0.0,0.0
2022-07-14,102.19999694824219,102.63999938964844,101.93000030517578,102.4000015258789,91.34043884277344,5370400,0.0,0.0,0.0
2022-07-15,102.47000122070312,102.98999786376953,102.44000244140625,102.75,91.65265655517578,3834000,0.0,0.0,0.0
2022-07-18,102.41999816894531,102.5999984741211,102.02999877929688,102.44999694824219,91.38507843017578,3150700,0.0,0.0,0.0
2022-07-19,102.31999969482422,102.41000366210938,101.87999725341797,101.9800033569336,90.96580505371094,2996100,0.0,0.0,0.0
2022-07-20,102.4800033569336,102.48999786376953,101.80000305175781,101.87999725341797,90.87660217285156,53057500,0.0,0.0,0.0
2022-07-21,102.29000091552734,103.04000091552734,102.19000244140625,103.04000091552734,91.91133117675781,5344300,0.0,0.0,0.0
2022-07-22,104.0,104.45999908447266,103.81999969482422,104.22000122070312,92.9638900756836,7747100,0.0,0.0,0.0
2022-07-25,103.58000183105469,103.9000015258789,103.55000305175781,103.8499984741211,92.63385772705078,2994500,0.0,0.0,0.0
2022-07-26,104.55000305175781,104.69999694824219,103.8499984741211,103.88999938964844,92.66952514648438,4736300,0.0,0.0,0.0
2022-07-27,104.13999938964844,104.61000061035156,104.0199966430664,104.0999984741211,92.85684967041016,7475300,0.0,0.0,0.0
2022-07-28,105.0999984741211,105.31999969482422,104.75,105.12999725341797,93.77561950683594,5768100,0.0,0.0,0.0
2022-07-29,104.91999816894531,105.58000183105469,104.80999755859375,105.16999816894531,93.81127166748047,5961100,0.0,0.0,0.0
2022-08-01,105.29000091552734,105.66999816894531,105.12999725341797,105.5999984741211,94.3599624633789,9672400,0.184,0.0,0.0
2022-08-02,105.55999755859375,105.75,104.06999969482422,104.13999938964844,93.05533599853516,9269700,0.0,0.0,0.0
2022-08-03,103.9800033569336,104.58000183105469,103.43000030517578,104.56999969482422,93.43959045410156,7829500,0.0,0.0,0.0
2022-08-04,104.68000030517578,105.12999725341797,104.52999877929688,105.0999984741211,93.91315460205078,9873200,0.0,0.0,0.0
2022-08-05,103.7300033569336,103.7699966430664,103.3499984741211,103.58000183105469,92.55494689941406,10047200,0.0,0.0,0.0
2022-08-08,104.0,104.23999786376953,103.91000366210938,104.19000244140625,93.10002136230469,6681300,0.0,0.0,0.0
2022-08-09,103.9000015258789,104.08000183105469,103.77999877929688,103.87999725341797,92.8230209350586,3814700,0.0,0.0,0.0
2022-08-10,104.3499984741211,104.70999908447266,103.93000030517578,103.94000244140625,92.87663269042969,7260300,0.0,0.0,0.0
2022-08-11,104.18000030517578,104.29000091552734,103.13999938964844,103.25,92.26006317138672,8309300,0.0,0.0,0.0
2022-08-12,103.6500015258789,103.69999694824219,103.31999969482422,103.66000366210938,92.62642669677734,4128600,0.0,0.0,0.0
2022-08-15,104.16999816894531,104.33000183105469,103.94999694824219,103.98999786376953,92.92131805419922,3441100,0.0,0.0,0.0
2022-08-16,103.79000091552734,103.91000366210938,103.38999938964844,103.87000274658203,92.8140640258789,3241800,0.0,0.0,0.0
2022-08-17,103.30999755859375,103.36000061035156,102.95999908447266,103.16999816894531,92.18858337402344,6366700,0.0,0.0,0.0
2022-08-18,103.44999694824219,103.7300033569336,103.27999877929688,103.37000274658203,92.3672866821289,3709200,0.0,0.0,0.0
2022-08-19,102.62000274658203,102.69000244140625,102.36000061035156,102.4800033569336,91.57203674316406,6678000,0.0,0.0,0.0
2022-08-22,102.4000015258789,102.44999694824219,101.9800033569336,102.02999877929688,91.16990661621094,4125800,0.0,0.0,0.0
2022-08-23,101.86000061035156,102.48999786376953,101.70999908447266,101.77999877929688,90.94654083251953,7755000,0.0,0.0,0.0
2022-08-24,101.54000091552734,101.63999938964844,101.29000091552734,101.44000244140625,90.64273071289062,3504600,0.0,0.0,0.0
2022-08-25,101.5199966430664,102.12999725341797,101.38999938964844,102.08999633789062,91.22350311279297,6645300,0.0,0.0,0.0
2022-08-26,101.86000061035156,102.2300033569336,101.62000274658203,101.97000122070312,91.11631774902344,5535900,0.0,0.0,0.0
2022-08-29,101.58000183105469,101.58000183105469,101.25,101.38999938964844,90.5980453491211,4416900,0.0,0.0,0.0
2022-08-30,101.38999938964844,101.72000122070312,101.0199966430664,101.36000061035156,90.57123565673828,4474200,0.0,0.0,0.0
2022-08-31,101.20999908447266,101.44000244140625,100.7699966430664,100.94000244140625,90.19595336914062,5797600,0.0,0.0,0.0
2022-09-01,100.08999633789062,100.30999755859375,99.7300033569336,99.95999908447266,89.47892761230469,10324200,0.179,0.0,0.0
2022-09-02,100.36000061035156,100.79000091552734,100.22000122070312,100.5199966430664,89.9802017211914,5741900,0.0,0.0,0.0
2022-09-06,99.91000366210938,99.94000244140625,99.3499984741211,99.4000015258789,88.9776611328125,6769400,0.0,0.0,0.0
2022-09-07,99.79000091552734,100.16999816894531,99.73999786376953,100.05000305175781,89.55948638916016,7169700,0.0,0.0,0.0
2022-09-08,100.04000091552734,100.26000213623047,99.68000030517578,99.68000030517578,89.2282943725586,5773600,0.0,0.0,0.0
2022-09-09,99.9000015258789,100.08999633789062,99.56999969482422,99.69000244140625,89.23723602294922,5780600,0.0,0.0,0.0
2022-09-12,99.97000122070312,100.05000305175781,99.2699966430664,99.44999694824219,89.02243041992188,4034200,0.0,0.0,0.0
2022-09-13,98.76000213623047,98.94999694824219,98.6500015258789,98.88999938964844,88.52112579345703,5100500,0.0,0.0,0.0
2022-09-14,98.73999786376953,99.18000030517578,98.69000244140625,98.94000244140625,88.56588745117188,3866600,0.0,0.0,0.0
2022-09-15,98.66999816894531,98.79000091552734,98.5,98.5999984741211,88.26154327392578,4622600,0.0,0.0,0.0
2022-09-16,98.5199966430664,98.98999786376953,98.44999694824219,98.68000030517578,88.3331298828125,4718200,0.0,0.0,0.0
2022-09-19,98.30999755859375,98.61000061035156,98.23999786376953,98.4000015258789,88.08252716064453,3879000,0.0,0.0,0.0
2022-09-20,97.69999694824219,98.04000091552734,97.54000091552734,97.79000091552734,87.53645324707031,4869100,0.0,0.0,0.0
2022-09-21,97.95999908447266,98.27999877929688,97.30000305175781,98.18000030517578,87.88555145263672,5414900,0.0,0.0,0.0
2022-09-22,97.16000366210938,97.22000122070312,96.58999633789062,96.69999694824219,86.5607681274414,6662400,0.0,0.0,0.0
2022-09-23,96.66000366210938,96.97000122070312,96.27999877929688,96.81999969482422,86.66818237304688,7630600,0.0,0.0,0.0
2022-09-26,96.29000091552734,96.30000305175781,95.06999969482422,95.20999908447266,85.22695922851562,8015500,0.0,0.0,0.0
2022-09-27,95.23999786376953,95.3499984741211,94.51000213623047,94.55999755859375,84.64513397216797,8668400,0.0,0.0,0.0
2022-09-28,95.9000015258789,96.80000305175781,95.5199966430664,96.69000244140625,86.55180358886719,8471700,0.0,0.0,0.0
2022-09-29,95.9800033569336,96.58000183105469,95.88999938964844,96.23999786376953,86.14899444580078,6056500,0.0,0.0,0.0
2022-09-30,96.66000366210938,96.87999725341797,95.66000366210938,95.98999786376953,85.92520904541016,8847200,0.0,0.0,0.0
2022-10-03,96.72000122070312,97.6500015258789,96.48999786376953,96.94000244140625,86.9449462890625,10579900,0.187,0.0,0.0
2022-10-04,97.33000183105469,97.69999694824219,96.95999908447266,97.13999938964844,87.12434387207031,7361400,0.0,0.0,0.0
2022-10-05,96.55999755859375,96.58999633789062,95.9800033569336,96.22000122070312,86.29920959472656,8603700,0.0,0.0,0.0
2022-10-06,96.05999755859375,96.19000244140625,95.55999755859375,95.69000244140625,85.82383728027344,11298400,0.0,0.0,0.0
2022-10-07,95.19000244140625,95.52999877929688,95.06999969482422,95.22000122070312,85.40233612060547,5085300,0.0,0.0,0.0
2022-10-10,95.08000183105469,95.13999938964844,94.31999969482422,94.66000366210938,84.90005493164062,3829100,0.0,0.0,0.0
2022-10-11,94.9800033569336,95.43000030517578,94.63999938964844,94.9000015258789,85.11531829833984,5498500,0.0,0.0,0.0
2022-10-12,94.7699966430664,95.33999633789062,94.70999908447266,95.20999908447266,85.3933334350586,5847400,0.0,0.0,0.0
2022-10-13,93.9800033569336,95.23999786376953,93.97000122070312,94.80999755859375,85.0345687866211,6220100,0.0,0.0,0.0
2022-10-14,95.31999969482422,95.33000183105469,94.2300033569336,94.27999877929688,84.5592269897461,5886200,0.0,0.0,0.0
2022-10-17,94.95999908447266,95.11000061035156,94.33000183105469,94.37999725341797,84.64891815185547,3215200,0.0,0.0,0.0
2022-10-18,94.62999725341797,94.80000305175781,94.06999969482422,94.62000274658203,84.86418914794922,4006600,0.0,0.0,0.0
2022-10-19,93.87999725341797,94.06999969482422,93.55999755859375,93.62999725341797,83.97622680664062,5762600,0.0,0.0,0.0
2022-10-20,93.41000366210938,93.6500015258789,92.86000061035156,92.93000030517578,83.34841918945312,5738400,0.0,0.0,0.0
2022-10-21,92.5999984741211,93.33000183105469,92.4800033569336,93.13999938964844,83.53675842285156,7528500,0.0,0.0,0.0
2022-10-24,93.11000061035156,93.43000030517578,92.69000244140625,93.0199966430664,83.42913055419922,6210800,0.0,0.0,0.0
2022-10-25,94.04000091552734,94.44000244140625,93.95999908447266,94.18000030517578,84.46953582763672,6301500,0.0,0.0,0.0
2022-10-26,94.41000366210938,94.81999969482422,94.4000015258789,94.66000366210938,84.90005493164062,6692700,0.0,0.0,0.0
2022-10-27,94.95999908447266,95.47000122070312,94.66999816894531,95.33000183105469,85.50096893310547,7238100,0.0,0.0,0.0
2022-10-28,94.72000122070312,95.19000244140625,94.58000183105469,94.83999633789062,85.06149291992188,5659800,0.0,0.0,0.0
2022-10-31,94.43000030517578,94.55999755859375,94.01000213623047,94.41000366210938,84.67582702636719,4586900,0.0,0.0,0.0
2022-11-01,94.95999908447266,94.98999786376953,94.02999877929688,94.19000244140625,84.66055297851562,6066400,0.203,0.0,0.0
2022-11-02,94.30999755859375,94.87000274658203,93.79000091552734,94.02999877929688,84.51673889160156,7581400,0.0,0.0,0.0
2022-11-03,93.19000244140625,93.79000091552734,93.18000030517578,93.62000274658203,84.1482162475586,8403900,0.0,0.0,0.0
2022-11-04,93.63999938964844,93.94999694824219,93.4000015258789,93.41999816894531,83.96841430664062,5287000,0.0,0.0,0.0
2022-11-07,93.54000091552734,93.58999633789062,93.06999969482422,93.08999633789062,83.67184448242188,4289300,0.0,0.0,0.0
2022-11-08,93.3499984741211,93.87999725341797,93.31999969482422,93.70999908447266,84.22911834716797,4679200,0.0,0.0,0.0
2022-11-09,93.61000061035156,94.08999633789062,93.54000091552734,94.02999877929688,84.51673889160156,3658100,0.0,0.0,0.0
2022-11-10,95.43000030517578,96.18000030517578,95.43000030517578,96.13999938964844,86.41327667236328,9608300,0.0,0.0,0.0
2022-11-11,95.69999694824219,96.05999755859375,95.6500015258789,95.94000244140625,86.23348999023438,2840200,0.0,0.0,0.0
2022-11-14,95.83999633789062,95.8499984741211,95.52999877929688,95.70999908447266,86.0267562866211,4130800,0.0,0.0,0.0
2022-11-15,96.18000030517578,96.48999786376953,95.94000244140625,96.41999816894531,86.66495513916016,6841600,0.0,0.0,0.0
2022-11-16,96.87000274658203,97.2300033569336,96.63999938964844,97.12999725341797,87.30308532714844,6140100,0.0,0.0,0.0
2022-11-17,96.52999877929688,96.62999725341797,96.26000213623047,96.47000122070312,86.70989227294922,5986800,0.0,0.0,0.0
2022-11-18,96.47000122070312,96.58999633789062,96.11000061035156,96.12999725341797,86.40426635742188,3102100,0.0,0.0,0.0
2022-11-21,96.54000091552734,96.61000061035156,96.04000091552734,96.06999969482422,86.350341796875,4477700,0.0,0.0,0.0
2022-11-22,96.4800033569336,96.72000122070312,96.37999725341797,96.62000274658203,86.84468078613281,5532800,0.0,0.0,0.0
2022-11-23,96.75,97.18000030517578,96.6500015258789,97.13999938964844,87.31210327148438,5236500,0.0,0.0,0.0
2022-11-25,96.87000274658203,97.12000274658203,96.8499984741211,97.11000061035156,87.28509521484375,1345400,0.0,0.0,0.0
2022-11-28,97.22000122070312,97.3499984741211,97.01000213623047,97.1500015258789,87.3210678100586,4218400,0.0,0.0,0.0
2022-11-29,96.76000213623047,97.08000183105469,96.70999908447266,96.73999786376953,86.9525375366211,3356600,0.0,0.0,0.0
2022-11-30,96.56999969482422,97.61000061035156,96.4000015258789,97.61000061035156,87.73454284667969,7127100,0.0,0.0,0.0
2022-12-01,97.5999984741211,98.5,97.56999969482422,98.4800033569336,88.6927719116211,17629100,0.194,0.0,0.0
2022-12-02,97.91999816894531,98.69000244140625,97.61000061035156,98.68000030517578,88.87290954589844,5783700,0.0,0.0,0.0
2022-12-05,98.08999633789062,98.12999725341797,97.62999725341797,97.68000030517578,87.9722900390625,6295800,0.0,0.0,0.0
2022-12-06,97.93000030517578,98.41000366210938,97.8499984741211,98.27999877929688,88.51268768310547,5745500,0.0,0.0,0.0
2022-12-07,98.68000030517578,99.25,98.62000274658203,99.13999938964844,89.28721618652344,5386200,0.0,0.0,0.0
2022-12-08,98.62000274658203,98.87999725341797,98.44999694824219,98.58000183105469,88.78286743164062,5325800,0.0,0.0,0.0
2022-12-09,98.29000091552734,98.37000274658203,97.8499984741211,97.8499984741211,88.1253890991211,4343100,0.0,0.0,0.0
2022-12-12,98.30000305175781,98.38999938964844,97.58000183105469,97.70999908447266,87.9992904663086,5192200,0.0,0.0,0.0
2022-12-13,99.13999938964844,99.26000213623047,98.5,98.58999633789062,88.79185485839844,7856600,0.0,0.0,0.0
2022-12-14,98.6500015258789,98.98999786376953,98.20999908447266,98.86000061035156,89.0350341796875,6533200,0.0,0.0,0.0
2022-12-15,98.80999755859375,99.01000213623047,98.55000305175781,98.86000061035156,89.20829772949219,4344200,0.192,0.0,0.0
2022-12-16,98.16999816894531,98.79000091552734,98.06999969482422,98.61000061035156,88.98270416259766,4432800,0.0,0.0,0.0
2022-12-19,98.05000305175781,98.05999755859375,97.7300033569336,97.80999755859375,88.26079559326172,3951100,0.0,0.0,0.0
2022-12-20,97.08000183105469,97.30999755859375,96.98999786376953,97.0999984741211,87.62010955810547,4199800,0.0,0.0,0.0
2022-12-21,97.5,97.54000091552734,97.08999633789062,97.22000122070312,87.72840118408203,4406600,0.0,0.0,0.0
2022-12-22,97.23999786376953,97.4800033569336,97.13999938964844,97.19000244140625,87.70132446289062,2143100,0.0,0.0,0.0
2022-12-23,96.7300033569336,96.94999694824219,96.69000244140625,96.75,87.30429077148438,3164900,0.0,0.0,0.0
2022-12-27,96.22000122070312,96.41000366210938,95.9000015258789,95.94000244140625,86.57335662841797,4780800,0.0,0.0,0.0
2022-12-28,96.08000183105469,96.16000366210938,95.69000244140625,95.70999908447266,86.36578369140625,3161200,0.0,0.0,0.0
2022-12-29,95.97000122070312,96.2699966430664,95.91999816894531,96.18000030517578,86.78992462158203,4021800,0.0,0.0,0.0
2022-12-30,95.86000061035156,96.2699966430664,95.62000274658203,95.77999877929688,86.4289779663086,5043800,0.0,0.0,0.0
2023-01-03,96.91000366210938,97.0,96.33999633789062,96.52999877929688,87.10575103759766,6808300,0.0,0.0,0.0
2023-01-04,97.33999633789062,97.41999816894531,96.98999786376953,97.2699966430664,87.77352905273438,7800100,0.0,0.0,0.0
2023-01-05,96.69999694824219,97.22000122070312,96.56999969482422,97.12999725341797,87.64717102050781,3177900,0.0,0.0,0.0
2023-01-06,97.16999816894531,98.43000030517578,97.08000183105469,98.37999725341797,88.7751235961914,6807700,0.0,0.0,0.0
2023-01-09,98.26000213623047,98.80999755859375,98.19999694824219,98.62999725341797,89.000732421875,4988000,0.0,0.0,0.0
2023-01-10,98.22000122070312,98.33000183105469,97.83000183105469,98.01000213623047,88.44129180908203,4026900,0.0,0.0,0.0
2023-01-11,98.30000305175781,98.66000366210938,98.23999786376953,98.63999938964844,89.009765625,7118700,0.0,0.0,0.0
2023-01-12,98.95999908447266,99.5199966430664,98.4800033569336,99.5199966430664,89.80384063720703,5768000,0.0,0.0,0.0
2023-01-13,99.26000213623047,99.5,98.86000061035156,98.98999786376953,89.32557678222656,5573500,0.0,0.0,0.0
2023-01-17,98.66000366210938,99.0199966430664,98.63999938964844,98.68000030517578,89.04584503173828,3709000,0.0,0.0,0.0
2023-01-18,99.87000274658203,100.05999755859375,99.55000305175781,100.0199966430664,90.25504302978516,7926400,0.0,0.0,0.0
2023-01-19,99.81999969482422,99.9800033569336,99.62999725341797,99.83000183105469,90.0835952758789,4234100,0.0,0.0,0.0
2023-01-20,99.31999969482422,99.44999694824219,99.05999755859375,99.16999816894531,89.48802185058594,8822700,0.0,0.0,0.0
2023-01-23,98.83999633789062,99.13999938964844,98.80999755859375,98.8499984741211,89.1992416381836,4334900,0.0,0.0,0.0
2023-01-24,98.9800033569336,99.44000244140625,98.6500015258789,99.41999816894531,89.71360778808594,3540300,0.0,0.0,0.0
2023-01-25,99.48999786376953,99.7300033569336,99.20999908447266,99.52999877929688,89.81287384033203,2924700,0.0,0.0,0.0
2023-01-26,99.33999633789062,99.52999877929688,99.02999877929688,99.16999816894531,89.48802185058594,2875400,0.0,0.0,0.0
2023-01-27,98.80000305175781,99.0199966430664,98.7699966430664,99.0199966430664,89.35265350341797,5524100,0.0,0.0,0.0
2023-01-30,98.73999786376953,98.94999694824219,98.66000366210938,98.70999908447266,89.07292175292969,2584600,0.0,0.0,0.0
2023-01-31,99.16000366210938,99.25,98.73999786376953,99.20999908447266,89.52411651611328,4856400,0.0,0.0,0.0
2023-02-01,99.19999694824219,99.7699966430664,98.83000183105469,99.70999908447266,90.16798400878906,20159100,0.212,0.0,0.0
2023-02-02,100.0199966430664,100.20999908447266,99.63999938964844,99.66999816894531,90.13180541992188,5823000,0.0,0.0,0.0
2023-02-03,98.80999755859375,99.0,98.47000122070312,98.5999984741211,89.16419982910156,5267000,0.0,0.0,0.0
2023-02-06,97.9000015258789,98.04000091552734,97.69999694824219,97.75,88.39553833007812,5500400,0.0,0.0,0.0
2023-02-07,97.6500015258789,98.12999725341797,97.45999908447266,97.51000213623047,88.17852020263672,5678900,0.0,0.0,0.0
2023-02-08,97.61000061035156,97.87999725341797,97.4000015258789,97.87000274658203,88.5040512084961,6137600,0.0,0.0,0.0
2023-02-09,98.12000274658203,98.13999938964844,97.31999969482422,97.43000030517578,88.10615539550781,7358300,0.0,0.0,0.0
2023-02-10,97.3499984741211,97.37999725341797,96.88999938964844,96.95999908447266,87.68115234375,5290000,0.0,0.0,0.0
2023-02-13,96.97000122070312,97.23999786376953,96.94999694824219,97.19000244140625,87.88912963867188,17262300,0.0,0.0,0.0
2023-02-14,96.88999938964844,97.12000274658203,96.48999786376953,96.75,87.49125671386719,7133600,0.0,0.0,0.0
2023-02-15,96.58000183105469,96.80000305175781,96.33000183105469,96.45999908447266,87.2289810180664,4964700,0.0,0.0,0.0
2023-02-16,96.2300033569336,96.43000030517578,96.05000305175781,96.13999938964844,86.93961334228516,27126400,0.0,0.0,0.0
2023-02-17,95.93000030517578,96.44000244140625,95.9000015258789,96.41000366210938,87.18376922607422,4540500,0.0,0.0,0.0
2023-02-21,95.75,95.83000183105469,95.33999633789062,95.36000061035156,86.23426818847656,11382100,0.0,0.0,0.0
2023-02-22,95.63999938964844,95.80999755859375,95.4800033569336,95.52999877929688,86.38798522949219,30136400,0.0,0.0,0.0
2023-02-23,95.55999755859375,96.0,95.51000213623047,95.9000015258789,86.72258758544922,7059800,0.0,0.0,0.0
2023-02-24,95.29000091552734,95.44999694824219,95.11000061035156,95.31999969482422,86.19808959960938,10757200,0.0,0.0,0.0
2023-02-27,95.66000366210938,95.76000213623047,95.44999694824219,95.61000061035156,86.46033477783203,3693200,0.0,0.0,0.0
2023-02-28,95.31999969482422,95.79000091552734,95.19999694824219,95.76000213623047,86.59597778320312,4690000,0.0,0.0,0.0
2023-03-01,95.13999938964844,95.30000305175781,94.75,94.80000305175781,85.90370178222656,8328600,0.196,0.0,0.0
2023-03-02,94.29000091552734,94.48999786376953,94.20999908447266,94.41000366210938,85.5502700805664,12952800,0.0,0.0,0.0
2023-03-03,94.91000366210938,95.16999816894531,94.62999725341797,95.16999816894531,86.23894500732422,5696900,0.0,0.0,0.0
2023-03-06,95.38999938964844,95.41999816894531,94.93000030517578,95.0,86.08492279052734,3766400,0.0,0.0,0.0
2023-03-07,95.16999816894531,95.29000091552734,94.77999877929688,95.01000213623047,86.0939712524414,5053300,0.0,0.0,0.0
2023-03-08,95.37999725341797,95.55999755859375,94.86000061035156,94.9800033569336,86.0667724609375,5163500,0.0,0.0,0.0
2023-03-09,95.13999938964844,95.72000122070312,95.08000183105469,95.56999969482422,86.60143280029297,12498800,0.0,0.0,0.0
2023-03-10,96.80999755859375,97.41999816894531,96.66999816894531,97.33000183105469,88.19625854492188,11041300,0.0,0.0,0.0
2023-03-13,98.94999694824219,99.41999816894531,98.13999938964844,98.51000213623047,89.2655258178711,23930600,0.0,0.0,0.0
2023-03-14,98.08999633789062,98.18000030517578,97.37999725341797,97.58000183105469,88.42278289794922,47886700,0.0,0.0,0.0
2023-03-15,99.26000213623047,99.77999877929688,98.5199966430664,98.98999786376953,89.70045471191406,25157400,0.0,0.0,0.0
2023-03-16,99.52999877929688,99.76000213623047,97.9800033569336,98.0999984741211,88.89398956298828,13961000,0.0,0.0,0.0
2023-03-17,98.86000061035156,99.62999725341797,98.7699966430664,99.26000213623047,89.94513702392578,12293700,0.0,0.0,0.0
2023-03-20,99.41999816894531,99.43000030517578,98.62999725341797,98.86000061035156,89.58269500732422,7982400,0.0,0.0,0.0
2023-03-21,98.18000030517578,98.45999908447266,97.86000061035156,98.0,88.80338287353516,9851600,0.0,0.0,0.0
2023-03-22,97.83000183105469,99.37000274658203,97.75,99.29000091552734,89.97232055664062,10705200,0.0,0.0,0.0
2023-03-23,99.12999725341797,99.94000244140625,98.9800033569336,99.86000061035156,90.48882293701172,7118800,0.0,0.0,0.0
2023-03-24,100.44000244140625,100.58000183105469,99.76000213623047,99.88999938964844,90.5160140991211,9135800,0.0,0.0,0.0
2023-03-27,98.94000244140625,99.13999938964844,98.62999725341797,98.66000366210938,89.4014663696289,8284400,0.0,0.0,0.0
2023-03-28,98.44999694824219,98.75,98.36000061035156,98.5999984741211,89.34707641601562,13324800,0.0,0.0,0.0
2023-03-29,98.2300033569336,98.62000274658203,98.19000244140625,98.43000030517578,89.19303894042969,13404700,0.0,0.0,0.0
2023-03-30,98.33999633789062,98.66999816894531,98.30999755859375,98.58000183105469,89.32894897460938,4157500,0.0,0.0,0.0
2023-03-31,98.73999786376953,99.19000244140625,98.58000183105469,99.12000274658203,89.81825256347656,6330100,0.0,0.0,0.0
2023-04-03,98.80999755859375,99.55999755859375,98.73999786376953,99.38999938964844,90.24138641357422,7226600,0.196,0.0,0.0
2023-04-04,98.97000122070312,100.13999938964844,98.94999694824219,100.02999877929688,90.82246398925781,6763200,0.0,0.0,0.0
2023-04-05,100.4000015258789,100.7699966430664,100.30000305175781,100.44999694824219,91.20381927490234,6257100,0.0,0.0,0.0
2023-04-06,100.48999786376953,100.72000122070312,100.45999908447266,100.4800033569336,91.23103332519531,4264700,0.0,0.0,0.0
2023-04-10,99.69000244140625,99.76000213623047,99.37000274658203,99.48999786376953,90.3321762084961,6025100,0.0,0.0,0.0
2023-04-11,99.56999969482422,99.58000183105469,99.22000122070312,99.44999694824219,90.29582977294922,5459000,0.0,0.0,0.0
2023-04-12,99.91000366210938,99.94999694824219,99.29000091552734,99.73999786376953,90.55915832519531,5857200,0.0,0.0,0.0
2023-04-13,99.9000015258789,100.06999969482422,99.33000183105469,99.41000366210938,90.25952911376953,39858200,0.0,0.0,0.0
2023-04-14,99.08000183105469,99.0999984741211,98.79000091552734,98.91999816894531,89.81462097167969,4968500,0.0,0.0,0.0
2023-04-17,98.54000091552734,98.5999984741211,98.26000213623047,98.29000091552734,89.24262237548828,5681000,0.0,0.0,0.0
2023-04-18,98.31999969482422,98.66999816894531,98.30000305175781,98.44999694824219,89.38788604736328,5061300,0.0,0.0,0.0
2023-04-19,98.22000122070312,98.30999755859375,97.9800033569336,98.23999786376953,89.19723510742188,4648100,0.0,0.0,0.0
2023-04-20,98.77999877929688,98.88999938964844,98.68000030517578,98.80999755859375,89.71475982666016,4608000,0.0,0.0,0.0
2023-04-21,99.0199966430664,99.0999984741211,98.48999786376953,98.56999969482422,89.49685668945312,5948100,0.0,0.0,0.0
2023-04-24,98.83999633789062,99.06999969482422,98.7699966430664,99.05000305175781,89.93270111083984,5143700,0.0,0.0,0.0
2023-04-25,99.61000061035156,100.06999969482422,99.58999633789062,100.02999877929688,90.82246398925781,13076800,0.0,0.0,0.0
2023-04-26,100.01000213623047,100.12999725341797,99.48999786376953,99.63999938964844,90.46835327148438,5903000,0.0,0.0,0.0
2023-04-27,99.2300033569336,99.27999877929688,98.87999725341797,98.98999786376953,89.87818908691406,5065800,0.0,0.0,0.0
2023-04-28,99.58999633789062,99.73999786376953,99.37000274658203,99.7300033569336,90.55007934570312,8525900,0.0,0.0,0.0
2023-05-01,99.11000061035156,99.16999816894531,98.19000244140625,98.31999969482422,89.48430633544922,17442000,0.239,0.0,0.0
2023-05-02,98.66000366210938,99.62999725341797,98.5999984741211,99.5999984741211,90.64928436279297,8540700,0.0,0.0,0.0
2023-05-03,99.87000274658203,100.27999877929688,99.69000244140625,100.25,91.24087524414062,9534800,0.0,0.0,0.0
2023-05-04,99.9800033569336,100.80000305175781,99.95999908447266,100.2300033569336,91.22269439697266,12014100,0.0,0.0,0.0
2023-05-05,99.6500015258789,99.7300033569336,99.44000244140625,99.69000244140625,90.73120880126953,11254400,0.0,0.0,0.0
2023-05-08,99.06999969482422,99.29000091552734,99.02999877929688,99.08000183105469,90.176025390625,7022400,0.0,0.0,0.0
2023-05-09,99.06999969482422,99.16999816894531,98.94000244140625,98.95999908447266,90.06681060791016,7317200,0.0,0.0,0.0
2023-05-10,99.41000366210938,99.77999877929688,99.4000015258789,99.69999694824219,90.74029541015625,9930800,0.0,0.0,0.0
2023-05-11,100.29000091552734,100.41000366210938,99.95999908447266,100.06999969482422,91.07704162597656,5979600,0.0,0.0,0.0
2023-05-12,99.98999786376953,100.06999969482422,99.44000244140625,99.47000122070312,90.53097534179688,5107300,0.0,0.0,0.0
2023-05-15,99.19000244140625,99.25,99.12000274658203,99.25,90.33074951171875,4459100,0.0,0.0,0.0
2023-05-16,98.87000274658203,99.0,98.6500015258789,98.93000030517578,90.03949737548828,7194000,0.0,0.0,0.0
2023-05-17,98.98999786376953,99.0199966430664,98.48999786376953,98.61000061035156,89.74824523925781,5542600,0.0,0.0,0.0
2023-05-18,98.25,98.26000213623047,97.95999908447266,98.0,89.19306182861328,9448900,0.0,0.0,0.0
2023-05-19,97.6500015258789,98.0999984741211,97.45999908447266,97.62999725341797,88.8563232421875,12923500,0.0,0.0,0.0
2023-05-22,97.6500015258789,97.9000015258789,97.4000015258789,97.44999694824219,88.69249725341797,7034700,0.0,0.0,0.0
2023-05-23,97.30999755859375,97.7300033569336,97.2300033569336,97.61000061035156,88.8381118774414,8264200,0.0,0.0,0.0
2023-05-24,97.7300033569336,97.7699966430664,97.30999755859375,97.36000061035156,88.61060333251953,7415400,0.0,0.0,0.0
2023-05-25,97.18000030517578,97.26000213623047,96.66999816894531,96.75,88.055419921875,11647700,0.0,0.0,0.0
2023-05-26,96.5999984741211,96.93000030517578,96.38999938964844,96.93000030517578,88.21923828125,7408900,0.0,0.0,0.0
2023-05-30,97.22000122070312,97.69000244140625,97.1500015258789,97.69000244140625,88.91094970703125,7883000,0.0,0.0,0.0
2023-05-31,97.75,98.20999908447266,97.62000274658203,98.05999755859375,89.2476806640625,10817900,0.0,0.0,0.0
2023-06-01,98.12000274658203,98.37999725341797,97.97000122070312,98.0999984741211,89.49580383300781,18161600,0.232,0.0,0.0
2023-06-02,97.93000030517578,97.95999908447266,97.23999786376953,97.31999969482422,88.78421020507812,7585400,0.0,0.0,0.0
2023-06-05,96.91999816894531,97.55999755859375,96.81999969482422,97.29000091552734,88.75686645507812,6243100,0.0,0.0,0.0
2023-06-06,97.33000183105469,97.37999725341797,97.05999755859375,97.3499984741211,88.81160736083984,3986200,0.0,0.0,0.0
2023-06-07,97.22000122070312,97.31999969482422,96.54000091552734,96.63999938964844,88.16387939453125,8226600,0.0,0.0,0.0
2023-06-08,96.80999755859375,97.30999755859375,96.7699966430664,97.29000091552734,88.75686645507812,5841900,0.0,0.0,0.0
2023-06-09,96.95999908447266,97.08000183105469,96.7699966430664,96.94000244140625,88.43756866455078,6421900,0.0,0.0,0.0
2023-06-12,97.08999633789062,97.12000274658203,96.66999816894531,97.0999984741211,88.58353424072266,5261700,0.0,0.0,0.0
2023-06-13,97.25,97.31999969482422,96.26000213623047,96.41000366210938,87.95404052734375,9173500,0.0,0.0,0.0
2023-06-14,96.69999694824219,96.83000183105469,96.18000030517578,96.54000091552734,88.07266235351562,7704400,0.0,0.0,0.0
2023-06-15,97.11000061035156,97.36000061035156,96.9800033569336,97.29000091552734,88.75686645507812,5959100,0.0,0.0,0.0
2023-06-16,96.80999755859375,97.05000305175781,96.58999633789062,96.87000274658203,88.37371826171875,6538100,0.0,0.0,0.0
2023-06-20,97.05000305175781,97.38999938964844,97.05000305175781,97.16000366210938,88.63827514648438,5477300,0.0,0.0,0.0
2023-06-21,96.9000015258789,97.33000183105469,96.75,97.25,88.72038269042969,5119600,0.0,0.0,0.0
2023-06-22,96.95999908447266,97.12999725341797,96.62999725341797,96.69999694824219,88.2186050415039,4102100,0.0,0.0,0.0
2023-06-23,97.47000122070312,97.5,96.9800033569336,97.0999984741211,88.58353424072266,4112100,0.0,0.0,0.0
2023-06-26,97.3499984741211,97.43000030517578,97.16000366210938,97.33999633789062,88.802490234375,2976600,0.0,0.0,0.0
2023-06-27,97.31999969482422,97.5,96.87000274658203,97.0,88.4922866821289,4752500,0.0,0.0,0.0
2023-06-28,97.13999938964844,97.43000030517578,96.94999694824219,97.38999938964844,88.84809875488281,5257300,0.0,0.0,0.0
2023-06-29,96.51000213623047,96.58000183105469,96.22000122070312,96.38999938964844,87.93579864501953,8268700,0.0,0.0,0.0
2023-06-30,96.41999816894531,96.66000366210938,96.30999755859375,96.5999984741211,88.12738037109375,7450600,0.0,0.0,0.0
2023-07-03,96.31999969482422,96.62000274658203,95.94999694824219,95.94999694824219,87.74513244628906,4687100,0.232,0.0,0.0
2023-07-05,95.94999694824219,96.0,95.37000274658203,95.48999786376953,87.32445526123047,10181200,0.0,0.0,0.0
2023-07-06,94.76000213623047,94.86000061035156,94.36000061035156,94.70999908447266,86.61116790771484,9285100,0.0,0.0,0.0
2023-07-07,94.58000183105469,94.94999694824219,94.54000091552734,94.58999633789062,86.50141906738281,6577600,0.0,0.0,0.0
2023-07-10,94.73999786376953,95.22000122070312,94.7300033569336,95.08000183105469,86.94952392578125,6622700,0.0,0.0,0.0
2023-07-11,95.26000213623047,95.41999816894531,95.12999725341797,95.27999877929688,87.1324234008789,6327100,0.0,0.0,0.0
2023-07-12,95.91000366210938,96.33999633789062,95.7699966430664,96.20999908447266,87.98289489746094,8255100,0.0,0.0,0.0
2023-07-13,96.68000030517578,97.06999969482422,96.58000183105469,97.01000213623047,88.71449279785156,9742600,0.0,0.0,0.0
2023-07-14,96.80000305175781,96.91999816894531,96.48999786376953,96.52999877929688,88.27552032470703,7491100,0.0,0.0,0.0
2023-07-17,96.5999984741211,96.77999877929688,96.4800033569336,96.69000244140625,88.4218521118164,3182400,0.0,0.0,0.0
2023-07-18,97.0,97.12000274658203,96.73999786376953,96.80000305175781,88.52244567871094,3626500,0.0,0.0,0.0
2023-07-19,96.9800033569336,97.19000244140625,96.79000091552734,97.12999725341797,88.82422637939453,5059300,0.0,0.0,0.0
2023-07-20,96.62999725341797,96.66999816894531,96.19000244140625,96.36000061035156,88.12007904052734,9486600,0.0,0.0,0.0
2023-07-21,96.56999969482422,96.66000366210938,96.41000366210938,96.44000244140625,88.19322204589844,4560100,0.0,0.0,0.0
2023-07-24,96.61000061035156,96.70999908447266,96.16999816894531,96.20999908447266,87.98289489746094,7451100,0.0,0.0,0.0
2023-07-25,95.83000183105469,96.08999633789062,95.81999969482422,96.02999877929688,87.81829071044922,4079300,0.0,0.0,0.0
2023-07-26,96.25,96.41000366210938,95.97000122070312,96.36000061035156,88.12007904052734,4880100,0.0,0.0,0.0
2023-07-27,95.98999786376953,96.0999984741211,95.18000030517578,95.30999755859375,87.15986633300781,8522800,0.0,0.0,0.0
2023-07-28,95.52999877929688,95.73999786376953,95.44000244140625,95.62000274658203,87.443359375,5794100,0.0,0.0,0.0
2023-07-31,95.58000183105469,95.91000366210938,95.56999969482422,95.73999786376953,87.55309295654297,6347000,0.0,0.0,0.0
2023-08-01,95.04000091552734,95.18000030517578,94.77999877929688,94.94000244140625,87.04150390625,7714000,0.242,0.0,0.0
2023-08-02,94.66000366210938,94.79000091552734,94.36000061035156,94.75,86.86730194091797,8009200,0.0,0.0,0.0
2023-08-03,94.11000061035156,94.25,93.95999908447266,94.05000305175781,86.22555541992188,11057900,0.0,0.0,0.0
2023-08-04,94.4000015258789,95.12999725341797,94.4000015258789,95.05000305175781,87.1423568725586,10189900,0.0,0.0,0.0
2023-08-07,94.93000030517578,94.9800033569336,94.70999908447266,94.81999969482422,86.9314956665039,4007400,0.0,0.0,0.0
2023-08-08,95.30999755859375,95.54000091552734,95.19000244140625,95.30000305175781,87.37157440185547,5401400,0.0,0.0,0.0
2023-08-09,95.30000305175781,95.5199966430664,95.26000213623047,95.36000061035156,87.42656707763672,5317200,0.0,0.0,0.0
2023-08-10,95.36000061035156,95.54000091552734,94.62000274658203,94.62999725341797,86.75729370117188,8462100,0.0,0.0,0.0
2023-08-11,94.23999786376953,94.55999755859375,94.08999633789062,94.12999725341797,86.29890441894531,5915000,0.0,0.0,0.0
2023-08-14,93.9800033569336,94.26000213623047,93.77999877929688,93.9800033569336,86.16138458251953,6218400,0.0,0.0,0.0
2023-08-15,93.87999725341797,94.18000030517578,93.75,93.80000305175781,85.99634552001953,9602600,0.0,0.0,0.0
2023-08-16,93.77999877929688,94.0,93.37000274658203,93.44000244140625,85.66629791259766,7199600,0.0,0.0,0.0
2023-08-17,93.41000366210938,93.47000122070312,93.05999755859375,93.31999969482422,85.5562744140625,9858300,0.0,0.0,0.0
2023-08-18,93.48999786376953,93.80999755859375,93.44000244140625,93.5999984741211,85.81298065185547,7510500,0.0,0.0,0.0
2023-08-21,93.16000366210938,93.19999694824219,92.91000366210938,93.0199966430664,85.28125,10864000,0.0,0.0,0.0
2023-08-22,92.94000244140625,93.16000366210938,92.8499984741211,93.05999755859375,85.31791687011719,6330500,0.0,0.0,0.0
2023-08-23,93.62999725341797,94.06999969482422,93.5999984741211,94.06999969482422,86.24390411376953,8550500,0.0,0.0,0.0
2023-08-24,93.77999877929688,94.05000305175781,93.69000244140625,93.72000122070312,85.92301177978516,5735800,0.0,0.0,0.0
2023-08-25,93.58999633789062,93.93000030517578,93.33999633789062,93.69000244140625,85.89551544189453,7895700,0.0,0.0,0.0
2023-08-28,93.91000366210938,93.9800033569336,93.70999908447266,93.94999694824219,86.13388061523438,3301700,0.0,0.0,0.0
2023-08-29,93.7300033569336,94.66000366210938,93.70999908447266,94.62000274658203,86.74813079833984,7064200,0.0,0.0,0.0
2023-08-30,94.73999786376953,94.79000091552734,94.55000305175781,94.61000061035156,86.73896789550781,6346700,0.0,0.0,0.0
2023-08-31,94.72000122070312,94.94000244140625,94.62999725341797,94.80000305175781,86.91316986083984,6167300,0.0,0.0,0.0
2023-09-01,94.56999969482422,94.58000183105469,93.86000061035156,93.9800033569336,86.38188934326172,7746600,0.242,0.0,0.0
2023-09-05,93.70999908447266,93.72000122070312,93.37000274658203,93.41000366210938,85.85796356201172,4993400,0.0,0.0,0.0
2023-09-06,93.56999969482422,93.58999633789062,93.12000274658203,93.16999816894531,85.63735961914062,7344100,0.0,0.0,0.0
2023-09-07,93.38999938964844,93.52999877929688,93.29000091552734,93.48999786376953,85.93148803710938,7137500,0.0,0.0,0.0
2023-09-08,93.72000122070312,93.86000061035156,93.47000122070312,93.51000213623047,85.94989013671875,4648500,0.0,0.0,0.0
2023-09-11,93.30999755859375,93.44000244140625,93.23999786376953,93.3499984741211,85.80280303955078,4321700,0.0,0.0,0.0
2023-09-12,93.37999725341797,93.5,93.2699966430664,93.4800033569336,85.92230224609375,4998400,0.0,0.0,0.0
2023-09-13,93.33999633789062,93.72000122070312,93.31999969482422,93.58999633789062,86.0234146118164,6675400,0.0,0.0,0.0
2023-09-14,93.66000366210938,93.73999786376953,93.31999969482422,93.37999725341797,85.83041381835938,6421000,0.0,0.0,0.0
2023-09-15,93.2300033569336,93.29000091552734,93.0199966430664,93.08999633789062,85.56382751464844,9367700,0.0,0.0,0.0
2023-09-18,92.97000122070312,93.25,92.97000122070312,93.18000030517578,85.64655303955078,4622200,0.0,0.0,0.0
2023-09-19,92.97000122070312,93.13999938964844,92.80000305175781,92.83999633789062,85.33406829833984,7536800,0.0,0.0,0.0
2023-09-20,93.0999984741211,93.23999786376953,92.75,92.7699966430664,85.26970672607422,10751800,0.0,0.0,0.0
2023-09-21,92.12999725341797,92.22000122070312,92.0199966430664,92.08000183105469,84.63549041748047,8702500,0.0,0.0,0.0
2023-09-22,92.16999816894531,92.5199966430664,92.0999984741211,92.44000244140625,84.96640014648438,8637800,0.0,0.0,0.0
2023-09-25,91.8499984741211,92.0199966430664,91.72000122070312,91.76000213623047,84.34137725830078,11712000,0.0,0.0,0.0
2023-09-26,91.93000030517578,91.98999786376953,91.62000274658203,91.7300033569336,84.31378936767578,8281800,0.0,0.0,0.0
2023-09-27,91.97000122070312,92.01000213623047,91.08000183105469,91.31999969482422,83.93694305419922,10586100,0.0,0.0,0.0
2023-09-28,91.11000061035156,91.58999633789062,90.8499984741211,91.56999969482422,84.16674041748047,11654600,0.0,0.0,0.0
2023-09-29,91.94999694824219,92.04000091552734,91.44999694824219,91.58999633789062,84.18508911132812,13488300,0.0,0.0,0.0
2023-10-02,90.88999938964844,90.98999786376953,90.5,90.61000061035156,83.50222778320312,21010000,0.239,0.0,0.0
2023-10-03,90.41999816894531,90.58999633789062,89.80999755859375,89.86000061035156,82.8110580444336,21364700,0.0,0.0,0.0
2023-10-04,90.13999938964844,90.4800033569336,89.93000030517578,90.43000030517578,83.33634948730469,14054000,0.0,0.0,0.0
2023-10-05,90.63999938964844,90.66000366210938,90.41000366210938,90.5999984741211,83.49301147460938,11315900,0.0,0.0,0.0
2023-10-06,89.7699966430664,90.36000061035156,89.69000244140625,90.06999969482422,83.00460052490234,12257100,0.0,0.0,0.0
2023-10-09,90.75,91.22000122070312,90.61000061035156,91.22000122070312,84.06439208984375,5816700,0.0,0.0,0.0
2023-10-10,90.76000213623047,91.29000091552734,90.6500015258789,91.04000091552734,83.89847564697266,11508300,0.0,0.0,0.0
2023-10-11,91.4000015258789,91.5999984741211,91.19999694824219,91.54000091552734,84.35928344726562,14815800,0.0,0.0,0.0
2023-10-12,91.33999633789062,91.38999938964844,90.55000305175781,90.66000366210938,83.5483169555664,12855900,0.0,0.0,0.0
2023-10-13,91.31999969482422,91.36000061035156,91.05999755859375,91.23999786376953,84.08282470703125,9872500,0.0,0.0,0.0
2023-10-16,90.70999908447266,90.7699966430664,90.58000183105469,90.69999694824219,83.58517456054688,7248000,0.0,0.0,0.0
2023-10-17,89.9000015258789,90.04000091552734,89.6500015258789,89.80999755859375,82.7649917602539,11191600,0.0,0.0,0.0
2023-10-18,89.55999755859375,89.69000244140625,89.23999786376953,89.38999938964844,82.3779296875,13794200,0.0,0.0,0.0
2023-10-19,89.13999938964844,89.5,88.86000061035156,88.94999694824219,81.97245788574219,27116700,0.0,0.0,0.0
2023-10-20,89.2699966430664,89.5999984741211,89.25,89.47000122070312,82.45165252685547,12587100,0.0,0.0,0.0
2023-10-23,89.1500015258789,90.0,89.01000213623047,89.88999938964844,82.83869171142578,12365000,0.0,0.0,0.0
2023-10-24,89.81999969482422,90.05999755859375,89.61000061035156,90.05000305175781,82.98616027832031,10906000,0.0,0.0,0.0
2023-10-25,89.58000183105469,89.61000061035156,89.1500015258789,89.26000213623047,82.25814056396484,15170200,0.0,0.0,0.0
2023-10-26,89.3499984741211,89.9800033569336,89.33000183105469,89.94000244140625,82.88480377197266,15901300,0.0,0.0,0.0
2023-10-27,89.87000274658203,90.08999633789062,89.70999908447266,90.08000183105469,83.0138168334961,11628200,0.0,0.0,0.0
2023-10-30,89.63999938964844,89.93000030517578,89.4800033569336,89.77999877929688,82.73735046386719,11022500,0.0,0.0,0.0
2023-10-31,89.83000183105469,90.0199966430664,89.56999969482422,89.58999633789062,82.5622329711914,11574700,0.0,0.0,0.0
2023-11-01,89.5999984741211,90.41999816894531,89.55999755859375,90.37000274658203,83.51317596435547,22448900,0.249,0.0,0.0
2023-11-02,91.05999755859375,91.22000122070312,90.7300033569336,90.93000030517578,84.03067016601562,14046200,0.0,0.0,0.0
2023-11-03,92.04000091552734,92.23999786376953,91.62000274658203,91.62999725341797,84.67756652832031,23133700,0.0,0.0,0.0
2023-11-06,91.29000091552734,91.31999969482422,91.0,91.0999984741211,84.18779754638672,11246700,0.0,0.0,0.0
2023-11-07,91.38999938964844,91.81999969482422,91.38999938964844,91.62000274658203,84.6683349609375,13189400,0.0,0.0,0.0
2023-11-08,91.63999938964844,92.08000183105469,91.62999725341797,91.98999786376953,85.01026153564453,11117600,0.0,0.0,0.0
2023-11-09,91.83000183105469,91.83999633789062,91.02999877929688,91.08000183105469,84.16930389404297,17067900,0.0,0.0,0.0
2023-11-10,91.45999908447266,91.4800033569336,91.08000183105469,91.18000030517578,84.26170349121094,10674700,0.0,0.0,0.0
2023-11-13,90.83000183105469,91.16000366210938,90.69000244140625,91.12999725341797,84.21549987792969,8930200,0.0,0.0,0.0
2023-11-14,92.43000030517578,92.56999969482422,92.27999877929688,92.5,85.4815673828125,14313600,0.0,0.0,0.0
2023-11-15,92.05000305175781,92.05999755859375,91.69999694824219,91.77999877929688,84.8161849975586,12969400,0.0,0.0,0.0
2023-11-16,92.31999969482422,92.61000061035156,92.30999755859375,92.47000122070312,85.4538345336914,10375600,0.0,0.0,0.0
2023-11-17,92.58000183105469,92.62999725341797,92.3499984741211,92.52999877929688,85.5093002319336,8462000,0.0,0.0,0.0
2023-11-20,92.33999633789062,92.72000122070312,92.30999755859375,92.66000366210938,85.6294174194336,7481200,0.0,0.0,0.0
2023-11-21,92.7699966430664,92.91000366210938,92.54000091552734,92.77999877929688,85.74031066894531,9153300,0.0,0.0,0.0
2023-11-22,92.91999816894531,92.98999786376953,92.5199966430664,92.75,85.71260070800781,7255100,0.0,0.0,0.0
2023-11-24,92.3499984741211,92.41999816894531,92.26000213623047,92.2699966430664,85.26900482177734,4125800,0.0,0.0,0.0
2023-11-27,92.55000305175781,92.9800033569336,92.48999786376953,92.97000122070312,85.9159164428711,9539800,0.0,0.0,0.0
2023-11-28,92.86000061035156,93.41000366210938,92.80999755859375,93.37999725341797,86.29479217529297,13563300,0.0,0.0,0.0
2023-11-29,93.72000122070312,93.97000122070312,93.58999633789062,93.87000274658203,86.74761199951172,19075400,0.0,0.0,0.0
2023-11-30,93.5199966430664,93.55000305175781,93.22000122070312,93.41000366210938,86.32249450683594,18446700,0.0,0.0,0.0
2023-12-01,93.13999938964844,94.08999633789062,93.11000061035156,94.04000091552734,87.1369857788086,21393200,0.249,0.0,0.0
2023-12-04,93.68000030517578,93.88999938964844,93.44999694824219,93.6500015258789,86.77560424804688,16402000,0.0,0.0,0.0
2023-12-05,94.05000305175781,94.41000366210938,93.98999786376953,94.30999755859375,87.38716888427734,25452100,0.0,0.0,0.0
2023-12-06,94.5199966430664,94.79000091552734,94.41000366210938,94.69999694824219,87.74853515625,14023400,0.0,0.0,0.0
2023-12-07,94.5,94.86000061035156,94.45999908447266,94.55999755859375,87.61880493164062,13730100,0.0,0.0,0.0
2023-12-08,94.02999877929688,94.1500015258789,93.7300033569336,93.94999694824219,87.0535888671875,13825300,0.0,0.0,0.0
2023-12-11,93.75,94.0,93.55999755859375,93.95999908447266,87.06285858154297,10484600,0.0,0.0,0.0
2023-12-12,93.94999694824219,94.22000122070312,93.86000061035156,94.16000366210938,87.2481918334961,7248000,0.0,0.0,0.0
2023-12-13,94.44000244140625,95.68000030517578,94.37000274658203,95.55999755859375,88.54540252685547,16155200,0.0,0.0,0.0
2023-12-14,95.7699966430664,96.2699966430664,95.72000122070312,96.06999969482422,89.28142547607422,32373200,0.282,0.0,0.0
2023-12-15,95.88999938964844,96.1500015258789,95.83999633789062,95.98999786376953,89.20710754394531,9407100,0.0,0.0,0.0
2023-12-18,95.80999755859375,95.81999969482422,95.62999725341797,95.77999877929688,89.0119400024414,8634100,0.0,0.0,0.0
2023-12-19,95.94000244140625,96.13999938964844,95.88999938964844,95.95999908447266,89.17919921875,9047100,0.0,0.0,0.0
2023-12-20,96.18000030517578,96.48999786376953,95.9800033569336,96.43000030517578,89.61602020263672,12659100,0.0,0.0,0.0
2023-12-21,96.63999938964844,96.69999694824219,96.1500015258789,96.27999877929688,89.47659301757812,8939700,0.0,0.0,0.0
2023-12-22,96.45999908447266,96.4800033569336,96.05000305175781,96.19000244140625,89.3929672241211,4956400,0.0,0.0,0.0
2023-12-26,96.1500015258789,96.33999633789062,96.12999725341797,96.25,89.44871520996094,3342500,0.0,0.0,0.0
2023-12-27,96.66000366210938,97.04000091552734,96.58999633789062,97.0,90.14571380615234,7362400,0.0,0.0,0.0
2023-12-28,96.80000305175781,96.95999908447266,96.52999877929688,96.62999725341797,89.8018798828125,4858500,0.0,0.0,0.0
2023-12-29,96.3499984741211,96.63999938964844,96.29000091552734,96.38999938964844,89.5788345336914,7820500,0.0,0.0,0.0
2024-01-02,95.94000244140625,96.1500015258789,95.91999816894531,96.02999877929688,89.2442855834961,9444000,0.0,0.0,0.0
2024-01-03,95.61000061035156,96.33999633789062,95.52999877929688,96.26000213623047,89.4580078125,11040500,0.0,0.0,0.0
2024-01-04,95.69000244140625,95.83000183105469,95.58000183105469,95.68000030517578,88.91901397705078,7354800,0.0,0.0,0.0
2024-01-05,95.33000183105469,96.0199966430664,95.26000213623047,95.33000183105469,88.59373474121094,10001000,0.0,0.0,0.0
2024-01-08,95.38999938964844,95.95999908447266,95.36000061035156,95.6500015258789,88.8911361694336,7044700,0.0,0.0,0.0
2024-01-09,95.5199966430664,95.75,95.5199966430664,95.61000061035156,88.85395812988281,7360800,0.0,0.0,0.0
2024-01-10,95.79000091552734,95.86000061035156,95.44000244140625,95.45999908447266,88.71454620361328,9212700,0.0,0.0,0.0
2024-01-11,95.5999984741211,96.04000091552734,95.4800033569336,95.97000122070312,89.18850708007812,10305400,0.0,0.0,0.0
2024-01-12,96.2300033569336,96.4800033569336,96.0199966430664,96.2300033569336,89.43013763427734,8469600,0.0,0.0,0.0
2024-01-16,95.83999633789062,95.95999908447266,95.31999969482422,95.44999694824219,88.70526885986328,9847100,0.0,0.0,0.0
2024-01-17,95.16999816894531,95.2300033569336,94.94999694824219,95.13999938964844,88.41716003417969,9170700,0.0,0.0,0.0
2024-01-18,95.0999984741211,95.16999816894531,94.83000183105469,94.93000030517578,88.22200775146484,8910100,0.0,0.0,0.0
2024-01-19,94.77999877929688,94.95999908447266,94.54000091552734,94.94000244140625,88.2313003540039,17711100,0.0,0.0,0.0
2024-01-22,95.27999877929688,95.38999938964844,95.1500015258789,95.2300033569336,88.50081634521484,9831500,0.0,0.0,0.0
2024-01-23,95.0,95.0199966430664,94.87000274658203,94.98999786376953,88.27775573730469,6428600,0.0,0.0,0.0
2024-01-24,95.33999633789062,95.37000274658203,94.66000366210938,94.72000122070312,88.02686309814453,9718000,0.0,0.0,0.0
2024-01-25,95.05000305175781,95.16000366210938,94.9000015258789,95.12999725341797,88.40786743164062,11588100,0.0,0.0,0.0
2024-01-26,95.05000305175781,95.05000305175781,94.83999633789062,94.95999908447266,88.2498779296875,9134600,0.0,0.0,0.0
2024-01-29,95.25,95.62000274658203,95.18000030517578,95.52999877929688,88.77960968017578,6947500,0.0,0.0,0.0
2024-01-30,95.69000244140625,95.73999786376953,95.1500015258789,95.66000366210938,88.90043640136719,7265800,0.0,0.0,0.0
2024-01-31,96.08999633789062,96.4800033569336,95.98999786376953,96.45999908447266,89.64388275146484,15778300,0.0,0.0,0.0
2024-02-01,96.5999984741211,97.11000061035156,96.33999633789062,96.81999969482422,90.19913482666016,33372900,0.236,0.0,0.0
2024-02-02,95.73999786376953,95.9000015258789,95.37999725341797,95.55999755859375,89.02529907226562,13809200,0.0,0.0,0.0
2024-02-05,94.9000015258789,94.98999786376953,94.52999877929688,94.62999725341797,88.15887451171875,12147700,0.0,0.0,0.0
2024-02-06,94.73999786376953,95.2300033569336,94.70999908447266,95.13999938964844,88.6340103149414,9327000,0.0,0.0,0.0
2024-02-07,94.97000122070312,95.3499984741211,94.94000244140625,94.97000122070312,88.47563171386719,8619800,0.0,0.0,0.0
2024-02-08,94.76000213623047,94.83999633789062,94.56999969482422,94.66000366210938,88.1868667602539,7808000,0.0,0.0,0.0
2024-02-09,94.43000030517578,94.56999969482422,94.4000015258789,94.48999786376953,88.0284652709961,8492500,0.0,0.0,0.0
2024-02-12,94.56999969482422,94.69000244140625,94.4000015258789,94.58000183105469,88.11231994628906,7023600,0.0,0.0,0.0
2024-02-13,93.87999725341797,93.97000122070312,93.5199966430664,93.54000091552734,87.1434326171875,11978400,0.0,0.0,0.0
2024-02-14,93.63999938964844,94.05999755859375,93.63999938964844,93.88999938964844,87.4695053100586,8979600,0.0,0.0,0.0
2024-02-15,94.30000305175781,94.4000015258789,94.02999877929688,94.1500015258789,87.71172332763672,6788300,0.0,0.0,0.0
2024-02-16,93.5999984741211,93.79000091552734,93.55000305175781,93.73999786376953,87.32974243164062,7147400,0.0,0.0,0.0
2024-02-20,93.93000030517578,94.12000274658203,93.88999938964844,93.9000015258789,87.47881317138672,8286300,0.0,0.0,0.0
2024-02-21,93.97000122070312,94.0199966430664,93.54000091552734,93.5999984741211,87.1993408203125,6433900,0.0,0.0,0.0
2024-02-22,93.56999969482422,93.79000091552734,93.44000244140625,93.61000061035156,87.2086410522461,8688500,0.0,0.0,0.0
2024-02-23,93.63999938964844,94.11000061035156,93.63999938964844,94.04000091552734,87.60923767089844,6426700,0.0,0.0,0.0
2024-02-26,94.05000305175781,94.05999755859375,93.68000030517578,93.9000015258789,87.47881317138672,6417200,0.0,0.0,0.0
2024-02-27,93.76000213623047,93.91999816894531,93.62999725341797,93.69000244140625,87.2831802368164,7540600,0.0,0.0,0.0
2024-02-28,93.80000305175781,94.02999877929688,93.73999786376953,94.02999877929688,87.59992218017578,5293600,0.0,0.0,0.0
2024-02-29,94.0999984741211,94.33000183105469,94.08000183105469,94.22000122070312,87.77693176269531,11919200,0.0,0.0,0.0
2024-03-01,93.8499984741211,94.45999908447266,93.62000274658203,94.4000015258789,88.17765045166016,11857200,0.249,0.0,0.0
2024-03-04,94.08000183105469,94.29000091552734,94.06999969482422,94.19000244140625,87.98149871826172,6641600,0.0,0.0,0.0
2024-03-05,94.66999816894531,94.94000244140625,94.55999755859375,94.7699966430664,88.52326202392578,7673100,0.0,0.0,0.0
2024-03-06,94.94000244140625,95.19000244140625,94.88999938964844,95.0,88.73811340332031,9499200,0.0,0.0,0.0
2024-03-07,95.19000244140625,95.22000122070312,94.91999816894531,95.16000366210938,88.88755798339844,8420900,0.0,0.0,0.0
2024-03-08,95.31999969482422,95.38999938964844,95.1500015258789,95.2300033569336,88.95294952392578,8103600,0.0,0.0,0.0
2024-03-11,95.26000213623047,95.29000091552734,95.0199966430664,95.11000061035156,88.8408432006836,5568200,0.0,0.0,0.0
2024-03-12,94.83999633789062,94.87000274658203,94.61000061035156,94.72000122070312,88.47657775878906,6556500,0.0,0.0,0.0
2024-03-13,94.58000183105469,94.6500015258789,94.47000122070312,94.51000213623047,88.28040313720703,9708400,0.0,0.0,0.0
2024-03-14,94.16000366210938,94.16999816894531,93.79000091552734,93.80999755859375,87.62652587890625,10055900,0.0,0.0,0.0
2024-03-15,93.73999786376953,93.81999969482422,93.62999725341797,93.6500015258789,87.4770736694336,6591400,0.0,0.0,0.0
2024-03-18,93.62000274658203,93.69999694824219,93.44999694824219,93.54000091552734,87.37434387207031,5319700,0.0,0.0,0.0
2024-03-19,93.7300033569336,93.94000244140625,93.66999816894531,93.80999755859375,87.62652587890625,5470300,0.0,0.0,0.0
2024-03-20,93.91000366210938,94.3499984741211,93.69999694824219,94.02999877929688,87.83203887939453,10190800,0.0,0.0,0.0
2024-03-21,94.20999908447266,94.27999877929688,93.95999908447266,94.04000091552734,87.84137725830078,8271200,0.0,0.0,0.0
2024-03-22,94.55999755859375,94.55999755859375,94.41000366210938,94.5,88.27105712890625,6119800,0.0,0.0,0.0
2024-03-25,94.41000366210938,94.41000366210938,94.19000244140625,94.25,88.03754425048828,4488900,0.0,0.0,0.0
2024-03-26,94.22000122070312,94.41000366210938,94.11000061035156,94.38999938964844,88.16831970214844,5477600,0.0,0.0,0.0
2024-03-27,94.5,94.79000091552734,94.48999786376953,94.75,88.50457000732422,4838500,0.0,0.0,0.0
2024-03-28,94.54000091552734,94.7699966430664,94.4800033569336,94.66000366210938,88.42053985595703,7561400,0.0,0.0,0.0
2024-04-01,93.98999786376953,93.98999786376953,93.45999908447266,93.52999877929688,87.62046813964844,10854000,0.276,0.0,0.0
2024-04-02,93.11000061035156,93.37000274658203,93.0199966430664,93.33000183105469,87.43310546875,7214900,0.0,0.0,0.0
2024-04-03,92.94999694824219,93.44000244140625,92.86000061035156,93.44000244140625,87.53617858886719,12908000,0.0,0.0,0.0
2024-04-04,93.63999938964844,93.77999877929688,93.37999725341797,93.76000213623047,87.83592987060547,6960500,0.0,0.0,0.0
2024-04-05,93.25,93.54000091552734,93.12999725341797,93.13999938964844,87.25511169433594,6334600,0.0,0.0,0.0
2024-04-08,92.91000366210938,93.05999755859375,92.80999755859375,92.93000030517578,87.05838012695312,7115100,0.0,0.0,0.0
2024-04-09,93.19999694824219,93.37999725341797,93.19999694824219,93.30000305175781,87.4050064086914,5151100,0.0,0.0,0.0
2024-04-10,92.51000213623047,92.56999969482422,91.91999816894531,92.05999755859375,86.24333953857422,14993700,0.0,0.0,0.0
2024-04-11,92.2300033569336,92.2699966430664,91.80999755859375,91.93000030517578,86.12155151367188,9371400,0.0,0.0,0.0
2024-04-12,92.41000366210938,92.55999755859375,92.30999755859375,92.30999755859375,86.4775390625,11675600,0.0,0.0,0.0
2024-04-15,91.68000030517578,91.73999786376953,91.3499984741211,91.72000122070312,85.92483520507812,12315300,0.0,0.0,0.0
2024-04-16,91.31999969482422,91.52999877929688,91.18000030517578,91.36000061035156,85.58758544921875,12027200,0.0,0.0,0.0
2024-04-17,91.69000244140625,92.01000213623047,91.54000091552734,91.94000244140625,86.13093566894531,10515400,0.0,0.0,0.0
2024-04-18,91.8499984741211,91.8499984741211,91.5,91.62000274658203,85.83116912841797,6964500,0.0,0.0,0.0
2024-04-19,91.83999633789062,91.86000061035156,91.63999938964844,91.73999786376953,85.94356536865234,6125800,0.0,0.0,0.0
2024-04-22,91.56999969482422,91.81999969482422,91.55000305175781,91.75,85.95294189453125,4002900,0.0,0.0,0.0
2024-04-23,91.62999725341797,92.0999984741211,91.54000091552734,91.87000274658203,86.06534576416016,8319800,0.0,0.0,0.0
2024-04-24,91.66000366210938,91.69000244140625,91.44000244140625,91.58999633789062,85.80303955078125,7567400,0.0,0.0,0.0
2024-04-25,91.08999633789062,91.33000183105469,91.0199966430664,91.23999786376953,85.47515106201172,5784300,0.0,0.0,0.0
2024-04-26,91.44999694824219,91.62999725341797,91.41999816894531,91.48999786376953,85.70935821533203,5432600,0.0,0.0,0.0
2024-04-29,91.69999694824219,91.87999725341797,91.62000274658203,91.86000061035156,86.05597686767578,4846500,0.0,0.0,0.0
2024-04-30,91.51000213623047,91.6500015258789,91.3499984741211,91.43000030517578,85.65314483642578,7516700,0.0,0.0,0.0
2024-05-01,91.43000030517578,91.86000061035156,91.19000244140625,91.5199966430664,85.99236297607422,12392500,0.271,0.0,0.0
2024-05-02,91.5199966430664,92.01000213623047,91.44999694824219,91.94999694824219,86.39636993408203,8661500,0.0,0.0,0.0
2024-05-03,92.61000061035156,92.69999694824219,92.22000122070312,92.45999908447266,86.87557983398438,8501100,0.0,0.0,0.0
2024-05-06,92.5,92.63999938964844,92.41000366210938,92.54000091552734,86.95074462890625,4043400,0.0,0.0,0.0
2024-05-07,92.87000274658203,93.0199966430664,92.69999694824219,92.77999877929688,87.17623138427734,7776200,0.0,0.0,0.0
2024-05-08,92.58000183105469,92.66000366210938,92.51000213623047,92.5199966430664,86.93194580078125,9024000,0.0,0.0,0.0
2024-05-09,92.5,92.87000274658203,92.47000122070312,92.80000305175781,87.19503021240234,9625200,0.0,0.0,0.0
2024-05-10,92.5999984741211,92.63999938964844,92.44999694824219,92.5,86.91316986083984,3205000,0.0,0.0,0.0
2024-05-13,92.73999786376953,92.7699966430664,92.5999984741211,92.61000061035156,87.01651763916016,3228700,0.0,0.0,0.0
2024-05-14,92.79000091552734,92.91999816894531,92.69000244140625,92.87999725341797,87.27021026611328,4688800,0.0,0.0,0.0
2024-05-15,93.41999816894531,93.6500015258789,93.30000305175781,93.58000183105469,87.92793273925781,11384500,0.0,0.0,0.0
2024-05-16,93.61000061035156,93.61000061035156,93.37000274658203,93.4000015258789,87.7588119506836,4278400,0.0,0.0,0.0
2024-05-17,93.25,93.33000183105469,93.08999633789062,93.11000061035156,87.48632049560547,3883900,0.0,0.0,0.0
2024-05-20,92.9800033569336,93.05999755859375,92.94000244140625,92.97000122070312,87.35477447509766,4575900,0.0,0.0,0.0
2024-05-21,93.25,93.29000091552734,93.16000366210938,93.20999908447266,87.58026885986328,2669700,0.0,0.0,0.0
2024-05-22,92.9800033569336,93.19999694824219,92.97000122070312,93.08999633789062,87.46752166748047,3616300,0.0,0.0,0.0
2024-05-23,93.12999725341797,93.13999938964844,92.62000274658203,92.76000213623047,87.15746307373047,6005500,0.0,0.0,0.0
2024-05-24,92.66999816894531,92.88999938964844,92.63999938964844,92.87999725341797,87.27021026611328,3926400,0.0,0.0,0.0
2024-05-28,92.95999908447266,92.9800033569336,92.33999633789062,92.36000061035156,86.78162384033203,8761400,0.0,0.0,0.0
2024-05-29,92.12999725341797,92.13999938964844,91.72000122070312,91.91000366210938,86.35880279541016,10126800,0.0,0.0,0.0
2024-05-30,92.22000122070312,92.38999938964844,92.16999816894531,92.37000274658203,86.79103088378906,5069500,0.0,0.0,0.0
2024-05-31,92.6500015258789,92.81999969482422,92.61000061035156,92.80000305175781,87.19503021240234,4807400,0.0,0.0,0.0
2024-06-03,92.6500015258789,93.18000030517578,92.6500015258789,93.12999725341797,87.76612091064453,7675900,0.276,0.0,0.0
2024-06-04,93.44000244140625,93.7300033569336,93.37999725341797,93.63999938964844,88.24675750732422,8752000,0.0,0.0,0.0
2024-06-05,93.76000213623047,93.98999786376953,93.48999786376953,93.9800033569336,88.56717681884766,6466800,0.0,0.0,0.0
2024-06-06,93.81999969482422,94.02999877929688,93.79000091552734,93.94000244140625,88.52947998046875,5849400,0.0,0.0,0.0
2024-06-07,93.13999938964844,93.16000366210938,92.94000244140625,92.94999694824219,87.59649658203125,7125100,0.0,0.0,0.0
2024-06-10,92.77999877929688,92.83999633789062,92.66000366210938,92.75,87.40803527832031,3938900,0.0,0.0,0.0
2024-06-11,92.91000366210938,93.26000213623047,92.81999969482422,93.23999786376953,87.86980438232422,3954700,0.0,0.0,0.0
2024-06-12,94.08000183105469,94.31999969482422,93.73999786376953,93.76000213623047,88.35984802246094,9243200,0.0,0.0,0.0
2024-06-13,94.18000030517578,94.5199966430664,94.08000183105469,94.37999725341797,88.94415283203125,6529900,0.0,0.0,0.0
2024-06-14,94.51000213623047,94.69000244140625,94.45999908447266,94.5999984741211,89.15147399902344,5424600,0.0,0.0,0.0
2024-06-17,94.13999938964844,94.22000122070312,94.02999877929688,94.16000366210938,88.73681640625,4957200,0.0,0.0,0.0
2024-06-18,94.31999969482422,94.68000030517578,94.27999877929688,94.56999969482422,89.1231918334961,5232600,0.0,0.0,0.0
2024-06-20,94.0999984741211,94.36000061035156,94.05000305175781,94.33000183105469,88.89702606201172,3573100,0.0,0.0,0.0
2024-06-21,94.51000213623047,94.5999984741211,94.18000030517578,94.3499984741211,88.91587829589844,6908700,0.0,0.0,0.0
2024-06-24,94.37000274658203,94.43000030517578,94.2300033569336,94.43000030517578,88.99126434326172,5276000,0.0,0.0,0.0
2024-06-25,94.37000274658203,94.55000305175781,94.33000183105469,94.51000213623047,89.066650390625,3790100,0.0,0.0,0.0
2024-06-26,94.0199966430664,94.08999633789062,93.91999816894531,93.94000244140625,88.52947998046875,4196400,0.0,0.0,0.0
2024-06-27,94.12000274658203,94.23999786376953,94.11000061035156,94.1500015258789,88.7273941040039,4946600,0.0,0.0,0.0
2024-06-28,94.36000061035156,94.37999725341797,93.6500015258789,93.6500015258789,88.25617218017578,6032400,0.0,0.0,0.0
2024-07-01,92.83999633789062,93.11000061035156,92.58000183105469,92.66999816894531,87.59920501708984,13662800,0.285,0.0,0.0
2024-07-02,93.05999755859375,93.12999725341797,92.87999725341797,93.0199966430664,87.93006134033203,8195700,0.0,0.0,0.0
2024-07-03,93.25,93.68000030517578,93.19999694824219,93.63999938964844,88.51612854003906,3861000,0.0,0.0,0.0
2024-07-05,93.97000122070312,94.22000122070312,93.8499984741211,94.16000366210938,89.0076904296875,5111500,0.0,0.0,0.0
2024-07-08,94.12999725341797,94.26000213623047,93.98999786376953,94.19000244140625,89.03605651855469,5294600,0.0,0.0,0.0
2024-07-09,94.04000091552734,94.16999816894531,93.83000183105469,94.05999755859375,88.91315460205078,3006900,0.0,0.0,0.0
2024-07-10,94.13999938964844,94.19999694824219,94.01000213623047,94.1500015258789,88.99823760986328,4076600,0.0,0.0,0.0
2024-07-11,94.81999969482422,94.9800033569336,94.70999908447266,94.75,89.56539154052734,9658400,0.0,0.0,0.0
2024-07-12,94.7699966430664,94.94999694824219,94.70999908447266,94.94999694824219,89.75445556640625,4304500,0.0,0.0,0.0
2024-07-15,94.70999908447266,94.83000183105469,94.56999969482422,94.6500015258789,89.47089385986328,3754500,0.0,0.0,0.0
2024-07-16,94.81999969482422,95.08000183105469,94.7300033569336,95.06999969482422,89.8678970336914,4705800,0.0,0.0,0.0
2024-07-17,94.93000030517578,95.20999908447266,94.83999633789062,95.1500015258789,89.94351196289062,5113500,0.0,0.0,0.0
2024-07-18,94.94000244140625,95.1500015258789,94.81999969482422,94.87999725341797,89.68829345703125,8640600,0.0,0.0,0.0
2024-07-19,94.62999725341797,94.69999694824219,94.52999877929688,94.58000183105469,89.40469360351562,5274400,0.0,0.0,0.0
2024-07-22,94.69000244140625,94.76000213623047,94.33999633789062,94.48999786376953,89.31963348388672,3869800,0.0,0.0,0.0
2024-07-23,94.62000274658203,94.75,94.55000305175781,94.55999755859375,89.38578796386719,5095600,0.0,0.0,0.0
2024-07-24,94.7300033569336,94.87999725341797,94.33999633789062,94.3499984741211,89.18729400634766,4733500,0.0,0.0,0.0
2024-07-25,94.54000091552734,94.87999725341797,94.48999786376953,94.55999755859375,89.38578796386719,4335600,0.0,0.0,0.0
2024-07-26,94.95999908447266,95.04000091552734,94.87000274658203,95.01000213623047,89.81116485595703,5217500,0.0,0.0,0.0
2024-07-29,95.25,95.26000213623047,95.08000183105469,95.16999816894531,89.96241760253906,6165600,0.0,0.0,0.0
2024-07-30,95.27999877929688,95.47000122070312,95.11000061035156,95.37000274658203,90.1514892578125,4419200,0.0,0.0,0.0
2024-07-31,95.6500015258789,96.08000183105469,95.44999694824219,96.06999969482422,90.81316375732422,10982900,0.0,0.0,0.0
2024-08-01,96.0,96.43000030517578,95.9800033569336,96.19000244140625,91.20095825195312,10492600,0.289,0.0,0.0
2024-08-02,97.19000244140625,97.75,97.12999725341797,97.68000030517578,92.61367797851562,18286500,0.0,0.0,0.0
2024-08-05,98.38999938964844,98.58000183105469,97.4000015258789,97.77999877929688,92.70848846435547,19098200,0.0,0.0,0.0
2024-08-06,97.54000091552734,97.58000183105469,96.83999633789062,96.91000366210938,91.88362121582031,9507000,0.0,0.0,0.0
2024-08-07,96.62999725341797,96.7300033569336,96.37999725341797,96.55999755859375,91.55176544189453,8419700,0.0,0.0,0.0
2024-08-08,96.16000366210938,96.33999633789062,96.06999969482422,96.2699966430664,91.27681732177734,4856100,0.0,0.0,0.0
2024-08-09,96.77999877929688,96.79000091552734,96.58000183105469,96.66000366210938,91.64659881591797,5174900,0.0,0.0,0.0
2024-08-12,96.54000091552734,96.9800033569336,96.4800033569336,96.93000030517578,91.902587890625,4166400,0.0,0.0,0.0
2024-08-13,97.33000183105469,97.36000061035156,97.19000244140625,97.36000061035156,92.31028747558594,6458700,0.0,0.0,0.0
2024-08-14,97.31999969482422,97.62999725341797,97.30000305175781,97.48999786376953,92.43351745605469,4275700,0.0,0.0,0.0
2024-08-15,96.69999694824219,96.87999725341797,96.62000274658203,96.87999725341797,91.85517120361328,5507000,0.0,0.0,0.0
2024-08-16,97.08000183105469,97.08999633789062,96.80999755859375,97.06999969482422,92.03530883789062,4437000,0.0,0.0,0.0
2024-08-19,97.04000091552734,97.30999755859375,97.0199966430664,97.19999694824219,92.15858459472656,4437600,0.0,0.0,0.0
2024-08-20,97.44000244140625,97.62999725341797,97.36000061035156,97.58999633789062,92.52833557128906,4886000,0.0,0.0,0.0
2024-08-21,97.69000244140625,98.01000213623047,97.45999908447266,97.79000091552734,92.71797943115234,5386000,0.0,0.0,0.0
2024-08-22,97.55000305175781,97.56999969482422,97.19999694824219,97.33999633789062,92.29130554199219,4819500,0.0,0.0,0.0
2024-08-23,97.54000091552734,97.86000061035156,97.43000030517578,97.79000091552734,92.71797943115234,5475400,0.0,0.0,0.0
2024-08-26,97.95999908447266,97.97000122070312,97.66999816894531,97.66999816894531,92.60418701171875,3062400,0.0,0.0,0.0
2024-08-27,97.41000366210938,97.69999694824219,97.36000061035156,97.62999725341797,92.5662841796875,4433700,0.0,0.0,0.0
2024-08-28,97.6500015258789,97.7300033569336,97.54000091552734,97.58000183105469,92.51886749267578,8147000,0.0,0.0,0.0
2024-08-29,97.36000061035156,97.44999694824219,97.26000213623047,97.41000366210938,92.35768127441406,6199800,0.0,0.0,0.0
2024-08-30,97.43000030517578,97.55000305175781,97.05000305175781,97.06999969482422,92.03530883789062,4802600,0.0,0.0,0.0
2024-09-03,97.30999755859375,97.56999969482422,97.25,97.41999816894531,92.64202880859375,8232700,0.288,0.0,0.0
2024-09-04,97.52999877929688,98.04000091552734,97.5,97.98999786376953,93.18406677246094,9914900,0.0,0.0,0.0
2024-09-05,98.25,98.30000305175781,97.91000366210938,98.22000122070312,93.40280151367188,33635000,0.0,0.0,0.0
2024-09-06,98.26000213623047,98.8499984741211,98.0199966430664,98.36000061035156,93.53594207763672,17777600,0.0,0.0,0.0
2024-09-09,98.30000305175781,98.56999969482422,98.18000030517578,98.5,93.66905212402344,8532500,0.0,0.0,0.0
2024-09-10,98.51000213623047,98.97000122070312,98.48999786376953,98.91999816894531,94.0684585571289,7921400,0.0,0.0,0.0
2024-09-11,98.72000122070312,99.1500015258789,98.66000366210938,98.8499984741211,94.00189971923828,7286200,0.0,0.0,0.0
2024-09-12,98.7699966430664,98.87999725341797,98.51000213623047,98.69000244140625,93.84972381591797,5929800,0.0,0.0,0.0
2024-09-13,98.95999908447266,99.0,98.76000213623047,98.87999725341797,94.0304183959961,5305500,0.0,0.0,0.0
2024-09-16,98.98999786376953,99.18000030517578,98.87000274658203,99.13999938964844,94.27766418457031,6666900,0.0,0.0,0.0
2024-09-17,99.08000183105469,99.13999938964844,98.88999938964844,98.95999908447266,94.10650634765625,7807000,0.0,0.0,0.0
2024-09-18,98.7300033569336,99.05000305175781,98.4800033569336,98.52999877929688,93.69758605957031,8584500,0.0,0.0,0.0
2024-09-19,98.26000213623047,98.47000122070312,98.22000122070312,98.44999694824219,93.62150573730469,16770800,0.0,0.0,0.0
2024-09-20,98.30999755859375,98.55000305175781,98.18000030517578,98.41999816894531,93.59300231933594,6580600,0.0,0.0,0.0
2024-09-23,98.22000122070312,98.44999694824219,97.98999786376953,98.36000061035156,93.53594207763672,7491700,0.0,0.0,0.0
2024-09-24,98.08999633789062,98.5,98.01000213623047,98.47000122070312,93.64053344726562,6580800,0.0,0.0,0.0
2024-09-25,98.2699966430664,98.2699966430664,98.06999969482422,98.06999969482422,93.2601547241211,10455100,0.0,0.0,0.0
2024-09-26,98.1500015258789,98.19999694824219,97.83999633789062,98.0,93.19358825683594,8026500,0.0,0.0,0.0
2024-09-27,98.2300033569336,98.44000244140625,98.1500015258789,98.38999938964844,93.564453125,6207700,0.0,0.0,0.0
2024-09-30,98.31999969482422,98.3499984741211,97.95999908447266,98.12000274658203,93.3077163696289,8902400,0.0,0.0,0.0
2024-10-01,98.16999816894531,98.47000122070312,98.08000183105469,98.19000244140625,93.64723205566406,11665600,0.286,0.0,0.0
2024-10-02,97.75,97.94999694824219,97.63999938964844,97.91000366210938,93.38018035888672,7742100,0.0,0.0,0.0
2024-10-03,97.6500015258789,97.72000122070312,97.37999725341797,97.41000366210938,92.90331268310547,11556100,0.0,0.0,0.0
2024-10-04,96.56999969482422,96.77999877929688,96.41999816894531,96.47000122070312,92.00680541992188,8878300,0.0,0.0,0.0
2024-10-07,96.11000061035156,96.2699966430664,96.06999969482422,96.12000274658203,91.67301177978516,10152600,0.0,0.0,0.0
2024-10-08,95.97000122070312,96.19999694824219,95.93000030517578,96.19999694824219,91.74928283691406,5975200,0.0,0.0,0.0
2024-10-09,96.02999877929688,96.08000183105469,95.79000091552734,95.83999633789062,91.40594482421875,6769200,0.0,0.0,0.0
2024-10-10,95.7699966430664,95.87999725341797,95.52999877929688,95.83000183105469,91.39640808105469,5959000,0.0,0.0,0.0
2024-10-11,95.7300033569336,95.94999694824219,95.68000030517578,95.86000061035156,91.42501831054688,5394100,0.0,0.0,0.0
2024-10-14,95.45999908447266,95.69000244140625,95.41000366210938,95.69000244140625,91.26288604736328,3850900,0.0,0.0,0.0
2024-10-15,96.05999755859375,96.22000122070312,96.01000213623047,96.18000030517578,91.73021697998047,7736900,0.0,0.0,0.0
2024-10-16,96.36000061035156,96.45999908447266,96.2699966430664,96.33000183105469,91.87327575683594,5041100,0.0,0.0,0.0
2024-10-17,95.91000366210938,95.94999694824219,95.75,95.83000183105469,91.39640808105469,5460200,0.0,0.0,0.0
2024-10-18,95.98999786376953,96.05000305175781,95.91999816894531,95.94000244140625,91.50132751464844,5174700,0.0,0.0,0.0
2024-10-21,95.56999969482422,95.5999984741211,95.19000244140625,95.19999694824219,90.79557037353516,6633600,0.0,0.0,0.0
2024-10-22,95.31999969482422,95.37999725341797,95.02999877929688,95.11000061035156,90.70972442626953,5433900,0.0,0.0,0.0
2024-10-23,94.83000183105469,95.0,94.73999786376953,94.88999938964844,90.4999008178711,6914300,0.0,0.0,0.0
2024-10-24,94.9800033569336,95.26000213623047,94.87000274658203,95.0999984741211,90.70018005371094,5486300,0.0,0.0,0.0
2024-10-25,95.30999755859375,95.31999969482422,94.81999969482422,94.88999938964844,90.4999008178711,6455300,0.0,0.0,0.0
2024-10-28,94.91000366210938,94.91999816894531,94.48999786376953,94.66999816894531,90.29006958007812,5447300,0.0,0.0,0.0
2024-10-29,94.2699966430664,94.7300033569336,94.22000122070312,94.70999908447266,90.32823181152344,8475400,0.0,0.0,0.0
2024-10-30,94.93000030517578,95.16999816894531,94.52999877929688,94.56999969482422,90.1947021484375,6341100,0.0,0.0,0.0
2024-10-31,94.41999816894531,94.69999694824219,94.22000122070312,94.5199966430664,90.14702606201172,8662900,0.0,0.0,0.0
2024-11-01,94.37000274658203,94.45999908447266,93.63999938964844,93.66999816894531,89.61319732666016,15659500,0.292,0.0,0.0
2024-11-04,94.31999969482422,94.44000244140625,93.98999786376953,94.16999816894531,90.09153747558594,8179300,0.0,0.0,0.0
2024-11-05,94.05000305175781,94.33999633789062,93.73999786376953,94.22000122070312,90.1393814086914,8118500,0.0,0.0,0.0
2024-11-06,93.04000091552734,93.51000213623047,93.01000213623047,93.25,89.21138763427734,15261400,0.0,0.0,0.0
2024-11-07,93.62999725341797,94.16999816894531,93.58000183105469,94.0,89.92890930175781,15674000,0.0,0.0,0.0
2024-11-08,94.19999694824219,94.4800033569336,94.08999633789062,94.19999694824219,90.12022399902344,12335300,0.0,0.0,0.0
2024-11-11,93.91999816894531,93.95999908447266,93.77999877929688,93.94000244140625,89.87149810791016,3980000,0.0,0.0,0.0
2024-11-12,93.56999969482422,93.76000213623047,93.23999786376953,93.3499984741211,89.30703735351562,8037600,0.0,0.0,0.0
2024-11-13,93.7699966430664,93.77999877929688,93.16999816894531,93.29000091552734,89.24964141845703,6661800,0.0,0.0,0.0
2024-11-14,93.44000244140625,93.66000366210938,93.16999816894531,93.27999877929688,89.2400894165039,7510000,0.0,0.0,0.0
2024-11-15,93.0999984741211,93.62999725341797,92.9000015258789,93.31999969482422,89.27835083007812,16761500,0.0,0.0,0.0
2024-11-18,93.27999877929688,93.58999633789062,93.16999816894531,93.52999877929688,89.479248046875,4788200,0.0,0.0,0.0
2024-11-19,93.81999969482422,93.87999725341797,93.69000244140625,93.7300033569336,89.67059326171875,4951500,0.0,0.0,0.0
2024-11-20,93.47000122070312,93.76000213623047,93.44000244140625,93.58999633789062,89.5366439819336,5752900,0.0,0.0,0.0
2024-11-21,93.66000366210938,93.83000183105469,93.41999816894531,93.54000091552734,89.48880767822266,5098200,0.0,0.0,0.0
2024-11-22,93.66999816894531,93.7300033569336,93.5,93.5999984741211,89.54621124267578,5373900,0.0,0.0,0.0
2024-11-25,94.45999908447266,94.63999938964844,94.31999969482422,94.61000061035156,90.5124740600586,7716000,0.0,0.0,0.0
2024-11-26,94.41000366210938,94.44000244140625,94.22000122070312,94.41000366210938,90.32115173339844,5093100,0.0,0.0,0.0
2024-11-27,94.79000091552734,94.91999816894531,94.5999984741211,94.79000091552734,90.68466186523438,5587600,0.0,0.0,0.0
2024-11-29,95.12999725341797,95.19999694824219,95.0,95.19000244140625,91.06736755371094,5136200,0.0,0.0,0.0
2024-12-02,94.61000061035156,95.01000213623047,94.5,94.88999938964844,91.05967712402344,5950600,0.292,0.0,0.0
2024-12-03,94.98999786376953,95.02999877929688,94.55999755859375,94.62000274658203,90.80056762695312,5364800,0.0,0.0,0.0
2024-12-04,94.37999725341797,95.01000213623047,94.3499984741211,94.9800033569336,91.14604949951172,5908800,0.0,0.0,0.0
2024-12-05,94.69999694824219,95.02999877929688,94.69999694824219,94.97000122070312,91.1364517211914,5210300,0.0,0.0,0.0
2024-12-06,95.36000061035156,95.41999816894531,95.06999969482422,95.2699966430664,91.4243392944336,6880200,0.0,0.0,0.0
2024-12-09,95.1500015258789,95.16000366210938,94.94000244140625,94.94000244140625,91.107666015625,4303100,0.0,0.0,0.0
2024-12-10,94.73999786376953,94.83999633789062,94.6500015258789,94.7699966430664,90.94452667236328,3543400,0.0,0.0,0.0
2024-12-11,94.91000366210938,95.0,94.45999908447266,94.48999786376953,90.67583465576172,6452800,0.0,0.0,0.0
2024-12-12,94.37999725341797,94.45999908447266,94.0999984741211,94.12999725341797,90.33036041259766,4518000,0.0,0.0,0.0
2024-12-13,93.9800033569336,94.01000213623047,93.63999938964844,93.69000244140625,89.90813446044922,5230100,0.0,0.0,0.0
2024-12-16,93.86000061035156,93.87000274658203,93.62000274658203,93.72000122070312,89.93689727783203,4607600,0.0,0.0,0.0
2024-12-17,93.69999694824219,93.87000274658203,93.66999816894531,93.72000122070312,89.93689727783203,4881100,0.0,0.0,0.0
2024-12-18,93.4000015258789,93.5199966430664,92.62000274658203,92.69000244140625,89.24176788330078,11553900,0.308,0.0,0.0
2024-12-19,92.37999725341797,92.44000244140625,92.12000274658203,92.2699966430664,88.83739471435547,9273800,0.0,0.0,0.0
2024-12-20,92.75,92.9000015258789,92.58999633789062,92.61000061035156,89.16474914550781,6070900,0.0,0.0,0.0
2024-12-23,92.54000091552734,92.58000183105469,92.12999725341797,92.19999694824219,88.7699966430664,5954500,0.0,0.0,0.0
2024-12-24,92.01000213623047,92.26000213623047,91.97000122070312,92.25,88.81812286376953,3076100,0.0,0.0,0.0
2024-12-26,91.95999908447266,92.36000061035156,91.93000030517578,92.31999969482422,88.88552856445312,3703300,0.0,0.0,0.0
2024-12-27,92.26000213623047,92.38999938964844,92.05999755859375,92.08000183105469,88.65445709228516,3752500,0.0,0.0,0.0
2024-12-30,92.52999877929688,92.66999816894531,92.5199966430664,92.62000274658203,89.17438507080078,4797700,0.0,0.0,0.0
2024-12-31,92.75,92.81999969482422,92.37999725341797,92.44999694824219,89.01068115234375,5856000,0.0,0.0,0.0
2025-01-02,92.6500015258789,92.77999877929688,92.30999755859375,92.5,89.05882263183594,5034800,0.0,0.0,0.0
2025-01-03,92.5999984741211,92.66999816894531,92.31999969482422,92.3499984741211,88.9144058227539,2863700,0.0,0.0,0.0
2025-01-06,92.23999786376953,92.33000183105469,92.05999755859375,92.26000213623047,88.82776641845703,3894600,0.0,0.0,0.0
2025-01-07,92.13999938964844,92.20999908447266,91.75,91.83999633789062,88.42337799072266,5524400,0.0,0.0,0.0
2025-01-08,91.70999908447266,92.0199966430664,91.69000244140625,92.0,88.57742309570312,6402900,0.0,0.0,0.0
2025-01-10,91.45999908447266,91.62999725341797,91.2300033569336,91.33000183105469,87.93236541748047,8210900,0.0,0.0,0.0
2025-01-13,91.27999877929688,91.30999755859375,91.08000183105469,91.16999816894531,87.77830505371094,5094300,0.0,0.0,0.0
2025-01-14,91.20999908447266,91.27999877929688,91.08000183105469,91.19999694824219,87.80719757080078,4365500,0.0,0.0,0.0
2025-01-15,92.12999725341797,92.2300033569336,91.9800033569336,92.16000366210938,88.73147583007812,7846600,0.0,0.0,0.0
2025-01-16,92.08000183105469,92.58000183105469,91.94999694824219,92.37999725341797,88.94329833984375,7550900,0.0,0.0,0.0
2025-01-17,92.5199966430664,92.58000183105469,92.36000061035156,92.44999694824219,89.01068115234375,3912800,0.0,0.0,0.0
2025-01-21,92.75,92.83000183105469,92.61000061035156,92.76000213623047,89.30915069580078,4431300,0.0,0.0,0.0
2025-01-22,92.72000122070312,92.7300033569336,92.41000366210938,92.5199966430664,89.07808685302734,3656400,0.0,0.0,0.0
2025-01-23,92.12999725341797,92.3499984741211,92.12999725341797,92.27999877929688,88.84701538085938,4860900,0.0,0.0,0.0
2025-01-24,92.25,92.58000183105469,92.19999694824219,92.47000122070312,89.02995300292969,4468700,0.0,0.0,0.0
2025-01-27,93.08000183105469,93.1500015258789,92.87000274658203,93.06999969482422,89.60763549804688,4297100,0.0,0.0,0.0
2025-01-28,92.83999633789062,93.0999984741211,92.77999877929688,93.08000183105469,89.61726379394531,3906600,0.0,0.0,0.0
2025-01-29,93.18000030517578,93.25,92.69999694824219,92.97000122070312,89.51134490966797,4918400,0.0,0.0,0.0
2025-01-30,93.16999816894531,93.31999969482422,93.08000183105469,93.16999816894531,89.70391845703125,4365600,0.0,0.0,0.0
2025-01-31,93.19999694824219,93.33999633789062,92.80999755859375,93.0199966430664,89.55948638916016,6277400,0.0,0.0,0.0
2025-02-03,92.98999786376953,93.27999877929688,92.66000366210938,92.79000091552734,89.62324523925781,8294000,0.296,0.0,0.0
2025-02-04,92.5999984741211,93.0199966430664,92.5999984741211,93.0199966430664,89.84539031982422,6742300,0.0,0.0,0.0
2025-02-05,93.4000015258789,93.7300033569336,93.37000274658203,93.55999755859375,90.36695098876953,6576300,0.0,0.0,0.0
2025-02-06,93.45999908447266,93.58000183105469,93.30999755859375,93.44999694824219,90.26071166992188,5268500,0.0,0.0,0.0
2025-02-07,93.1500015258789,93.2300033569336,92.9800033569336,93.13999938964844,89.96129608154297,4565300,0.0,0.0,0.0
2025-02-10,93.23999786376953,93.37000274658203,93.06999969482422,93.12000274658203,89.94197845458984,3229100,0.0,0.0,0.0
2025-02-11,92.88999938964844,92.95999908447266,92.81999969482422,92.87999725341797,89.71016693115234,3379500,0.0,0.0,0.0
2025-02-12,92.26000213623047,92.31999969482422,92.08000183105469,92.23999786376953,89.09200286865234,7280200,0.0,0.0,0.0
2025-02-13,92.72000122070312,93.0,92.69999694824219,92.93000030517578,89.75845336914062,6121900,0.0,0.0,0.0
2025-02-14,93.37000274658203,93.51000213623047,93.27999877929688,93.31999969482422,90.13513946533203,5157900,0.0,0.0,0.0
2025-02-18,93.02999877929688,93.12999725341797,92.80999755859375,92.81999969482422,89.65220642089844,4484100,0.0,0.0,0.0
2025-02-19,92.7699966430664,93.01000213623047,92.7699966430664,92.97000122070312,89.7970962524414,4607000,0.0,0.0,0.0
2025-02-20,93.12000274658203,93.26000213623047,93.11000061035156,93.16000366210938,89.9806137084961,7545400,0.0,0.0,0.0
2025-02-21,93.27999877929688,93.83000183105469,93.2699966430664,93.70999908447266,90.51184844970703,6156500,0.0,0.0,0.0
2025-02-24,93.62000274658203,93.97000122070312,93.58999633789062,93.91000366210938,90.70502471923828,4109500,0.0,0.0,0.0
2025-02-25,94.5,94.69999694824219,94.41999816894531,94.6500015258789,91.41976165771484,7697100,0.0,0.0,0.0
2025-02-26,94.61000061035156,94.97000122070312,94.48999786376953,94.91000366210938,91.67089080810547,7379800,0.0,0.0,0.0
2025-02-27,94.58999633789062,94.83000183105469,94.55000305175781,94.80000305175781,91.56464385986328,5907900,0.0,0.0,0.0
2025-02-28,95.08999633789062,95.36000061035156,94.9000015258789,95.31999969482422,92.06687927246094,11831500,0.0,0.0,0.0
2025-03-03,94.72000122070312,95.44999694824219,94.70999908447266,95.38999938964844,92.40109252929688,9637400,0.275,0.0,0.0
2025-03-04,95.54000091552734,95.77999877929688,94.93000030517578,95.08999633789062,92.11048889160156,12745500,0.0,0.0,0.0
2025-03-05,95.11000061035156,95.23999786376953,94.52999877929688,94.55999755859375,91.59709167480469,15590000,0.0,0.0,0.0
2025-03-06,94.51000213623047,94.69000244140625,94.16000366210938,94.51000213623047,91.54865264892578,9318900,0.0,0.0,0.0
2025-03-07,94.9800033569336,95.0199966430664,94.30000305175781,94.38999938964844,91.43241882324219,9210200,0.0,0.0,0.0
2025-03-10,94.94000244140625,95.19999694824219,94.8499984741211,95.05000305175781,92.07173919677734,7698500,0.0,0.0,0.0
2025-03-11,95.05000305175781,95.30999755859375,94.58000183105469,94.70999908447266,91.74239349365234,10408600,0.0,0.0,0.0
2025-03-12,94.41000366210938,94.66000366210938,94.38999938964844,94.43000030517578,91.4711685180664,7610300,0.0,0.0,0.0
2025-03-13,94.29000091552734,94.8499984741211,94.19999694824219,94.80999755859375,91.83924865722656,6902300,0.0,0.0,0.0
2025-03-14,94.56999969482422,94.6500015258789,94.44999694824219,94.4800033569336,91.51960754394531,4390900,0.0,0.0,0.0
2025-03-17,94.6500015258789,94.8499984741211,94.45999908447266,94.55999755859375,91.59709167480469,6734000,0.0,0.0,0.0
2025-03-18,94.41999816894531,94.83000183105469,94.41000366210938,94.66999816894531,91.7036361694336,8993300,0.0,0.0,0.0
2025-03-19,94.58999633789062,94.98999786376953,94.44000244140625,94.95999908447266,91.98455047607422,5854500,0.0,0.0,0.0
2025-03-20,95.47000122070312,95.48999786376953,94.98999786376953,95.0999984741211,92.12017059326172,4409100,0.0,0.0,0.0
2025-03-21,95.25,95.33999633789062,95.0,95.0199966430664,92.04267120361328,4919600,0.0,0.0,0.0
2025-03-24,94.76000213623047,94.77999877929688,94.44000244140625,94.47000122070312,91.5099105834961,4823500,0.0,0.0,0.0
2025-03-25,94.47000122070312,94.73999786376953,94.44999694824219,94.62999725341797,91.6648941040039,6825800,0.0,0.0,0.0
2025-03-26,94.47000122070312,94.56999969482422,94.33000183105469,94.41000366210938,91.45178985595703,8281700,0.0,0.0,0.0
2025-03-27,94.30000305175781,94.41000366210938,94.20999908447266,94.33000183105469,91.37429809570312,5085100,0.0,0.0,0.0
2025-03-28,94.77999877929688,95.1500015258789,94.75,95.08999633789062,92.11048889160156,6224500,0.0,0.0,0.0
2025-03-31,95.48999786376953,95.55999755859375,95.08999633789062,95.37000274658203,92.3817138671875,13255800,0.0,0.0,0.0
2025-04-01,95.2699966430664,95.66000366210938,95.2699966430664,95.4000015258789,92.70628356933594,18128800,0.304,0.0,0.0
2025-04-02,95.80000305175781,95.80000305175781,95.01000213623047,95.30999755859375,92.61881256103516,7635900,0.0,0.0,0.0
2025-04-03,96.41000366210938,96.6500015258789,96.18000030517578,96.29000091552734,93.57115173339844,18188000,0.0,0.0,0.0
2025-04-04,97.19999694824219,97.5199966430664,96.55000305175781,96.55999755859375,93.83352661132812,27006500,0.0,0.0,0.0
2025-04-07,96.48999786376953,96.66000366210938,95.19000244140625,95.41000366210938,92.71601104736328,68670600,0.0,0.0,0.0
2025-04-08,94.91000366210938,95.58999633789062,94.87999725341797,94.93000030517578,92.24955749511719,19508000,0.0,0.0,0.0
2025-04-09,94.2300033569336,94.68000030517578,93.61000061035156,94.62999725341797,91.95802307128906,24170800,0.0,0.0,0.0
2025-04-10,94.5199966430664,94.77999877929688,93.98999786376953,94.04000091552734,91.38468170166016,12093800,0.0,0.0,0.0
2025-04-11,93.47000122070312,93.7300033569336,92.79000091552734,93.51000213623047,90.8696517944336,55446600,0.0,0.0,0.0
2025-04-14,93.91999816894531,94.36000061035156,93.80000305175781,94.26000213623047,91.59847259521484,12630900,0.0,0.0,0.0
2025-04-15,94.25,94.76000213623047,94.23999786376953,94.54000091552734,91.8705825805664,7708100,0.0,0.0,0.0
2025-04-16,94.66000366210938,95.08000183105469,94.45999908447266,94.94999694824219,92.26898193359375,8708400,0.0,0.0,0.0
2025-04-17,94.9000015258789,94.98999786376953,94.58999633789062,94.68000030517578,92.00662231445312,6987000,0.0,0.0,0.0
2025-04-21,94.4000015258789,94.75,94.1500015258789,94.16999816894531,91.5110092163086,4901300,0.0,0.0,0.0
2025-04-22,94.41999816894531,94.44000244140625,94.2300033569336,94.23999786376953,91.57904052734375,5233000,0.0,0.0,0.0
2025-04-23,95.04000091552734,95.22000122070312,94.22000122070312,94.33999633789062,91.67620086669922,8041300,0.0,0.0,0.0
2025-04-24,94.72000122070312,94.87999725341797,94.62000274658203,94.8499984741211,92.17180633544922,7308900,0.0,0.0,0.0
2025-04-25,95.11000061035156,95.27999877929688,94.9800033569336,95.20999908447266,92.52165222167969,5341300,0.0,0.0,0.0
2025-04-28,95.0999984741211,95.62000274658203,95.06999969482422,95.58999633789062,92.89091491699219,4950500,0.0,0.0,0.0
2025-04-29,95.54000091552734,95.93000030517578,95.52999877929688,95.91999816894531,93.21160125732422,5350200,0.0,0.0,0.0
2025-04-30,95.9000015258789,96.16000366210938,95.80000305175781,96.06999969482422,93.35736846923828,13923200,0.0,0.0,0.0
2025-05-01,95.87999725341797,95.9000015258789,95.1500015258789,95.33999633789062,92.95081329345703,13703300,0.313,0.0,0.0
2025-05-02,94.8499984741211,94.98999786376953,94.54000091552734,94.69999694824219,92.32685089111328,9331600,0.0,0.0,0.0
2025-05-05,94.66999816894531,94.68000030517578,94.33000183105469,94.52999877929688,92.16111755371094,10089400,0.0,0.0,0.0
2025-05-06,94.48999786376953,94.79000091552734,94.4000015258789,94.7699966430664,92.39509582519531,6081200,0.0,0.0,0.0
2025-05-07,94.87000274658203,95.13999938964844,94.8499984741211,95.0199966430664,92.63883209228516,9471100,0.0,0.0,0.0
2025-05-08,94.95999908447266,94.9800033569336,94.26000213623047,94.27999877929688,91.9173812866211,6409000,0.0,0.0,0.0
2025-05-09,94.44999694824219,94.61000061035156,94.31999969482422,94.3499984741211,91.9856185913086,3698700,0.0,0.0,0.0
2025-05-12,93.7300033569336,93.97000122070312,93.7300033569336,93.75,91.4006576538086,9483700,0.0,0.0,0.0
2025-05-13,93.87000274658203,93.91999816894531,93.52999877929688,93.68000030517578,91.33241271972656,13166800,0.0,0.0,0.0
2025-05-14,93.63999938964844,93.70999908447266,93.2699966430664,93.33000183105469,90.99117279052734,6994700,0.0,0.0,0.0
2025-05-15,93.72000122070312,93.98999786376953,93.5999984741211,93.94000244140625,91.58590698242188,9024900,0.0,0.0,0.0
2025-05-16,94.30999755859375,94.33000183105469,93.95999908447266,93.97000122070312,91.61515045166016,6819200,0.0,0.0,0.0
2025-05-19,93.43000030517578,93.94000244140625,93.38999938964844,93.91999816894531,91.56639099121094,11704900,0.0,0.0,0.0
2025-05-20,93.66999816894531,93.87000274658203,93.52999877929688,93.80000305175781,91.44940948486328,8929600,0.0,0.0,0.0
2025-05-21,93.43000030517578,93.55999755859375,93.02999877929688,93.1500015258789,90.81568908691406,11383500,0.0,0.0,0.0
2025-05-22,93.18000030517578,93.54000091552734,93.05999755859375,93.5,91.15692138671875,10981200,0.0,0.0,0.0
2025-05-23,93.91000366210938,93.91999816894531,93.63999938964844,93.7699966430664,91.42015075683594,9860700,0.0,0.0,0.0
2025-05-27,93.9800033569336,94.26000213623047,93.87000274658203,94.16000366210938,91.8003921508789,10834400,0.0,0.0,0.0
2025-05-28,93.97000122070312,94.04000091552734,93.79000091552734,93.9000015258789,91.54689025878906,8591500,0.0,0.0,0.0
2025-05-29,94.1500015258789,94.37999725341797,94.0999984741211,94.29000091552734,91.92713165283203,9679100,0.0,0.0,0.0
2025-05-30,94.36000061035156,94.62000274658203,94.30000305175781,94.56999969482422,92.20011138916016,10268600,0.0,0.0,0.0
2025-06-02,94.0,94.13999938964844,93.77999877929688,93.94000244140625,91.88711547851562,13341900,0.31,0.0,0.0
2025-06-03,94.06999969482422,94.19999694824219,93.7699966430664,93.8499984741211,91.799072265625,8508900,0.0,0.0,0.0
2025-06-04,94.20999908447266,94.62000274658203,94.12999725341797,94.54000091552734,92.4739990234375,10115900,0.0,0.0,0.0
2025-06-05,94.54000091552734,94.66000366210938,94.2300033569336,94.26000213623047,92.20010375976562,8762800,0.0,0.0,0.0
2025-06-06,93.77999877929688,93.86000061035156,93.4800033569336,93.51000213623047,91.46650695800781,7624200,0.0,0.0,0.0
2025-06-09,93.5199966430664,93.80000305175781,93.51000213623047,93.68000030517578,91.63278198242188,6061200,0.0,0.0,0.0
2025-06-10,93.9800033569336,94.0199966430664,93.73999786376953,93.83999633789062,91.7892837524414,5579900,0.0,0.0,0.0
2025-06-11,94.0199966430664,94.2699966430664,93.94000244140625,94.2300033569336,92.17078399658203,6594900,0.0,0.0,0.0
2025-06-12,94.58999633789062,94.6500015258789,94.41999816894531,94.63999938964844,92.57180786132812,7795400,0.0,0.0,0.0
2025-06-13,94.43000030517578,94.5,94.04000091552734,94.29000091552734,92.22945404052734,9195200,0.0,0.0,0.0
2025-06-16,94.18000030517578,94.37999725341797,94.0,94.0199966430664,91.9653549194336,7508400,0.0,0.0,0.0
2025-06-17,94.26000213623047,94.5199966430664,94.11000061035156,94.4800033569336,92.4153060913086,5285000,0.0,0.0,0.0
2025-06-18,94.63999938964844,94.83999633789062,94.37999725341797,94.54000091552734,92.4739990234375,6732400,0.0,0.0,0.0
2025-06-20,94.3499984741211,94.73999786376953,94.29000091552734,94.5999984741211,92.53268432617188,6261700,0.0,0.0,0.0
2025-06-23,94.87000274658203,95.23999786376953,94.80000305175781,94.93000030517578,92.85547637939453,9310300,0.0,0.0,0.0
2025-06-24,94.83999633789062,95.30999755859375,94.80000305175781,95.26000213623047,93.17826843261719,7694500,0.0,0.0,0.0
2025-06-25,95.08000183105469,95.33999633789062,94.9800033569336,95.30000305175781,93.2173843383789,6393300,0.0,0.0,0.0
2025-06-26,95.4800033569336,95.6500015258789,95.3499984741211,95.63999938964844,93.54995727539062,7131900,0.0,0.0,0.0
2025-06-27,95.38999938964844,95.68000030517578,95.33000183105469,95.38999938964844,93.305419921875,8402400,0.0,0.0,0.0
2025-06-30,95.5999984741211,95.80999755859375,95.45999908447266,95.7699966430664,93.67711639404297,10542300,0.0,0.0,0.0
2025-07-01,95.41999816894531,95.51000213623047,95.12000274658203,95.29000091552734,93.5034408569336,10659800,0.303,0.0,0.0
2025-07-02,94.98999786376953,95.13999938964844,94.93000030517578,95.08999633789062,93.30717468261719,6026200,0.0,0.0,0.0
2025-07-03,94.80000305175781,94.86000061035156,94.63999938964844,94.76000213623047,92.9833755493164,7398900,0.0,0.0,0.0
2025-07-07,94.61000061035156,94.62000274658203,94.37999725341797,94.45999908447266,92.6889877319336,8518600,0.0,0.0,0.0
2025-07-08,94.20999908447266,94.33000183105469,94.16000366210938,94.31999969482422,92.55162048339844,5282800,0.0,0.0,0.0
2025-07-09,94.45999908447266,94.81999969482422,94.45999908447266,94.80999755859375,93.03243255615234,6900800,0.0,0.0,0.0
2025-07-10,94.73999786376953,94.77999877929688,94.56999969482422,94.76000213623047,92.9833755493164,4451900,0.0,0.0,0.0
2025-07-11,94.44000244140625,94.47000122070312,94.2699966430664,94.31999969482422,92.55162048339844,6004300,0.0,0.0,0.0
2025-07-14,94.31999969482422,94.45999908447266,94.16999816894531,94.27999877929688,92.51237487792969,5101600,0.0,0.0,0.0
2025-07-15,94.38999938964844,94.4000015258789,93.86000061035156,93.91000366210938,92.14930725097656,5628100,0.0,0.0,0.0
2025-07-16,94.05999755859375,94.23999786376953,93.93000030517578,94.16999816894531,92.40442657470703,12786300,0.0,0.0,0.0
2025-07-17,94.22000122070312,94.33000183105469,94.05999755859375,94.13999938964844,92.375,4747200,0.0,0.0,0.0
2025-07-18,94.41000366210938,94.4800033569336,94.30000305175781,94.4000015258789,92.63011169433594,4035000,0.0,0.0,0.0
2025-07-21,94.80000305175781,94.9000015258789,94.68000030517578,94.7300033569336,92.95393371582031,5232300,0.0,0.0,0.0
2025-07-22,94.83000183105469,95.05999755859375,94.80999755859375,95.0,93.21886444091797,6098000,0.0,0.0,0.0
2025-07-23,94.77999877929688,94.83999633789062,94.61000061035156,94.66000366210938,92.88524627685547,5074000,0.0,0.0,0.0
2025-07-24,94.33000183105469,94.62000274658203,94.31999969482422,94.5199966430664,92.74785614013672,5867400,0.0,0.0,0.0
2025-07-25,94.48999786376953,94.73999786376953,94.44999694824219,94.73999786376953,92.9637451171875,3614000,0.0,0.0,0.0
2025-07-28,94.56999969482422,94.63999938964844,94.48999786376953,94.52999877929688,92.75767517089844,5073200,0.0,0.0,0.0
2025-07-29,94.66999816894531,95.1500015258789,94.6500015258789,95.1500015258789,93.36605834960938,7864000,0.0,0.0,0.0
2025-07-30,94.81999969482422,95.08000183105469,94.75,94.81999969482422,93.04224395751953,7425600,0.0,0.0,0.0
2025-07-31,94.97000122070312,95.12999725341797,94.86000061035156,94.9000015258789,93.12074279785156,10411800,0.0,0.0,0.0
2025-08-01,95.36000061035156,95.7300033569336,95.33999633789062,95.68000030517578,94.19282531738281,11870100,0.309,0.0,0.0
2025-08-04,95.7699966430664,95.8499984741211,95.52999877929688,95.80999755859375,94.32080078125,8449500,0.0,0.0,0.0
2025-08-05,95.63999938964844,95.86000061035156,95.62000274658203,95.73999786376953,94.25188446044922,8218700,0.0,0.0,0.0
2025-08-06,95.5999984741211,95.72000122070312,95.26000213623047,95.66999816894531,94.18297576904297,10107500,0.0,0.0,0.0
2025-08-07,95.66999816894531,95.7699966430664,95.52999877929688,95.5999984741211,94.11405944824219,5725900,0.0,0.0,0.0
2025-08-08,95.47000122070312,95.47000122070312,95.33000183105469,95.37999725341797,93.8974838256836,5623800,0.0,0.0,0.0
2025-08-11,95.44999694824219,95.54000091552734,95.36000061035156,95.41000366210938,93.92701721191406,4920200,0.0,0.0,0.0
2025-08-12,95.29000091552734,95.38999938964844,95.18000030517578,95.38999938964844,93.9073257446289,6724600,0.0,0.0,0.0
2025-08-13,95.66000366210938,95.83000183105469,95.63999938964844,95.7300033569336,94.24205780029297,5925200,0.0,0.0,0.0
2025-08-14,95.56999969482422,95.5999984741211,95.3499984741211,95.41999816894531,93.93685913085938,5527500,0.0,0.0,0.0
2025-08-15,95.37999725341797,95.44000244140625,95.16999816894531,95.2300033569336,93.74981689453125,7428500,0.0,0.0,0.0
2025-08-18,95.30000305175781,95.30999755859375,95.05000305175781,95.13999938964844,93.66120910644531,9669600,0.0,0.0,0.0
2025-08-19,95.27999877929688,95.41999816894531,95.2699966430664,95.37999725341797,93.8974838256836,6499300,0.0,0.0,0.0
2025-08-20,95.37999725341797,95.61000061035156,95.36000061035156,95.5199966430664,94.03530883789062,6270700,0.0,0.0,0.0
2025-08-21,95.38999938964844,95.44000244140625,95.11000061035156,95.23999786376953,93.75965118408203,5351300,0.0,0.0,0.0
2025-08-22,95.4000015258789,95.87999725341797,95.37000274658203,95.7699966430664,94.28141784667969,10867700,0.0,0.0,0.0
2025-08-25,95.5999984741211,95.70999908447266,95.52999877929688,95.58000183105469,94.09436798095703,9936400,0.0,0.0,0.0
2025-08-26,95.66000366210938,95.86000061035156,95.5999984741211,95.83000183105469,94.34049224853516,5871200,0.0,0.0,0.0
2025-08-27,95.69999694824219,96.01000213623047,95.63999938964844,96.01000213623047,94.51768493652344,5222800,0.0,0.0,0.0
2025-08-28,95.9800033569336,96.2300033569336,95.94000244140625,96.2300033569336,94.7342758178711,6544700,0.0,0.0,0.0
2025-08-29,96.12000274658203,96.2300033569336,96.02999877929688,96.1500015258789,94.65550994873047,6818900,0.0,0.0,0.0
2025-09-02,95.45999908447266,95.62999725341797,95.43000030517578,95.55000305175781,94.37303924560547,8623200,0.314,0.0,0.0
2025-09-03,95.55999755859375,96.0199966430664,95.55999755859375,95.87999725341797,94.698974609375,7586100,0.0,0.0,0.0
2025-09-04,96.12000274658203,96.30999755859375,96.0,96.30999755859375,95.1236801147461,6395300,0.0,0.0,0.0
2025-09-05,96.91000366210938,97.0199966430664,96.77999877929688,96.77999877929688,95.587890625,9566300,0.0,0.0,0.0
2025-09-08,97.0199966430664,97.08999633789062,96.91999816894531,97.08000183105469,95.88418579101562,7599600,0.0,0.0,0.0
2025-09-09,97.02999877929688,97.13999938964844,96.76000213623047,96.8499984741211,95.65702819824219,8223100,0.0,0.0,0.0
2025-09-10,97.05000305175781,97.2300033569336,96.95999908447266,97.11000061035156,95.91382598876953,8864500,0.0,0.0,0.0
2025-09-11,97.23999786376953,97.45999908447266,97.2300033569336,97.26000213623047,96.06197357177734,8554300,0.0,0.0,0.0
2025-09-12,97.02999877929688,97.04000091552734,96.83999633789062,96.9800033569336,95.7854232788086,36502700,0.0,0.0,0.0
2025-09-15,97.1500015258789,97.22000122070312,97.0999984741211,97.13999938964844,95.94344329833984,4990100,0.0,0.0,0.0
2025-09-16,97.1500015258789,97.29000091552734,97.11000061035156,97.19999694824219,96.0027084350586,5847700,0.0,0.0,0.0
2025-09-17,97.30000305175781,97.5199966430664,96.87000274658203,96.98999786376953,95.79529571533203,10701700,0.0,0.0,0.0
2025-09-18,96.6500015258789,96.80999755859375,96.51000213623047,96.66999816894531,95.47924041748047,7589200,0.0,0.0,0.0
2025-09-19,96.62000274658203,96.69999694824219,96.5,96.62999725341797,95.4397201538086,5528800,0.0,0.0,0.0
2025-09-22,96.62999725341797,96.66000366210938,96.45999908447266,96.47000122070312,95.28170776367188,5282700,0.0,0.0,0.0
2025-09-23,96.61000061035156,96.75,96.48999786376953,96.73999786376953,95.54837036132812,7077500,0.0,0.0,0.0
2025-09-24,96.62000274658203,96.62999725341797,96.44000244140625,96.4800033569336,95.29158020019531,5419700,0.0,0.0,0.0
2025-09-25,96.26000213623047,96.31999969482422,96.0999984741211,96.2699966430664,95.08416748046875,6517500,0.0,0.0,0.0
2025-09-26,96.25,96.43000030517578,96.12999725341797,96.22000122070312,95.0347900390625,7295300,0.0,0.0,0.0
2025-09-29,96.33999633789062,96.55000305175781,96.33000183105469,96.5,95.31133270263672,6357500,0.0,0.0,0.0
2025-09-30,96.58000183105469,96.76000213623047,96.41999816894531,96.45999908447266,95.2718276977539,9257800,0.0,0.0,0.0
2025-10-01,96.55999755859375,96.62999725341797,96.33999633789062,96.48999786376953,95.59281158447266,8347000,0.294,0.0,0.0
2025-10-02,96.44999694824219,96.6500015258789,96.38999938964844,96.58999633789062,95.69187927246094,9420600,0.0,0.0,0.0
2025-10-03,96.5999984741211,96.63999938964844,96.37999725341797,96.4000015258789,95.50365447998047,5154300,0.0,0.0,0.0
2025-10-06,96.16999816894531,96.33999633789062,96.11000061035156,96.12000274658203,95.22625732421875,6319600,0.0,0.0,0.0
2025-10-07,96.23999786376953,96.48999786376953,96.18000030517578,96.36000061035156,95.46401977539062,5119900,0.0,0.0,0.0
2025-10-08,96.54000091552734,96.55999755859375,96.31999969482422,96.37999725341797,95.48383331298828,5141900,0.0,0.0,0.0
2025-10-09,96.29000091552734,96.36000061035156,96.2300033569336,96.30999755859375,95.41448211669922,7130600,0.0,0.0,0.0
2025-10-10,96.6500015258789,97.0199966430664,96.56999969482422,96.91000366210938,96.0089111328125,10417700,0.0,0.0,0.0
2025-10-13,96.9000015258789,96.98999786376953,96.77999877929688,96.95999908447266,96.05844116210938,5607600,0.0,0.0,0.0
2025-10-14,97.05999755859375,97.23999786376953,96.9800033569336,97.20999908447266,96.30612182617188,7650600,0.0,0.0,0.0
2025-10-15,97.20999908447266,97.33000183105469,97.0199966430664,97.0999984741211,96.19713592529297,7769300,0.0,0.0,0.0
2025-10-16,97.0199966430664,97.58999633789062,97.0,97.55000305175781,96.6429672241211,11627200,0.0,0.0,0.0
2025-10-17,97.45999908447266,97.4800033569336,97.2699966430664,97.38999938964844,96.48444366455078,12491000,0.0,0.0,0.0
2025-10-20,97.44999694824219,97.52999877929688,97.37000274658203,97.5199966430664,96.61322784423828,10437800,0.0,0.0,0.0
2025-10-21,97.69000244140625,97.7699966430664,97.62999725341797,97.69999694824219,96.79156494140625,7642000,0.0,0.0,0.0
2025-10-22,97.6500015258789,97.7699966430664,97.55999755859375,97.72000122070312,96.8113784790039,6523500,0.0,0.0,0.0
2025-10-23,97.5199966430664,97.58000183105469,97.37999725341797,97.4000015258789,96.4943618774414,6138300,0.0,0.0,0.0
2025-10-24,97.5199966430664,97.54000091552734,97.33000183105469,97.48999786376953,96.58351135253906,7555200,0.0,0.0,0.0
2025-10-27,97.33999633789062,97.48999786376953,97.20999908447266,97.48999786376953,96.58351135253906,7272300,0.0,0.0,0.0
2025-10-28,97.43000030517578,97.62999725341797,97.43000030517578,97.58000183105469,96.67267608642578,5539600,0.0,0.0,0.0
2025-10-29,97.52999877929688,97.52999877929688,96.9000015258789,96.94999694824219,96.04853820800781,11223300,0.0,0.0,0.0
2025-10-30,96.66999816894531,96.95999908447266,96.6500015258789,96.80999755859375,95.90983581542969,8958800,0.0,0.0,0.0
2025-10-31,96.87000274658203,96.94999694824219,96.79000091552734,96.8499984741211,95.94947052001953,9739900,0.0,0.0,0.0
2025-11-03,96.41999816894531,96.55999755859375,96.37000274658203,96.5,95.90375518798828,8012500,0.304,0.0,0.0
2025-11-04,96.56999969482422,96.66999816894531,96.55000305175781,96.62000274658203,96.02301025390625,6119000,0.0,0.0,0.0
2025-11-05,96.44999694824219,96.47000122070312,96.12999725341797,96.16000366210938,95.56585693359375,11749200,0.0,0.0,0.0
2025-11-06,96.5199966430664,96.72000122070312,96.51000213623047,96.6500015258789,96.0528335571289,7665000,0.0,0.0,0.0
2025-11-07,96.55999755859375,96.86000061035156,96.55000305175781,96.69000244140625,96.09258270263672,11460300,0.0,0.0,0.0
2025-11-10,96.56999969482422,96.6500015258789,96.51000213623047,96.55999755859375,95.96337890625,9097300,0.0,0.0,0.0
2025-11-11,96.80999755859375,96.88999938964844,96.7300033569336,96.86000061035156,96.26152801513672,4937700,0.0,0.0,0.0
2025-11-12,96.80999755859375,96.94999694824219,96.77999877929688,96.87999725341797,96.28140258789062,7188200,0.0,0.0,0.0
2025-11-13,96.6500015258789,96.80000305175781,96.5999984741211,96.5999984741211,96.00313568115234,46965300,0.0,0.0,0.0
2025-11-14,96.87999725341797,96.93000030517578,96.41999816894531,96.44000244140625,95.84412384033203,11288500,0.0,0.0,0.0
2025-11-17,96.54000091552734,96.62000274658203,96.48999786376953,96.55000305175781,95.95344543457031,6648500,0.0,0.0,0.0
2025-11-18,96.83999633789062,96.93000030517578,96.56999969482422,96.70999908447266,96.1124496459961,8769000,0.0,0.0,0.0
2025-11-19,96.80999755859375,96.86000061035156,96.5999984741211,96.63999938964844,96.04288482666016,13075900,0.0,0.0,0.0
2025-11-20,96.73999786376953,96.94999694824219,96.69999694824219,96.87000274658203,96.27146911621094,9076400,0.0,0.0,0.0
2025-11-21,97.19000244140625,97.2300033569336,97.0,97.19000244140625,96.58949279785156,12551100,0.0,0.0,0.0
2025-11-24,97.29000091552734,97.36000061035156,97.18000030517578,97.33999633789062,96.73855590820312,6903900,0.0,0.0,0.0
2025-11-25,97.44000244140625,97.69999694824219,97.43000030517578,97.58999633789062,96.98701477050781,9193400,0.0,0.0,0.0
2025-11-26,97.4800033569336,97.66999816894531,97.33000183105469,97.66999816894531,97.0665283203125,7747100,0.0,0.0,0.0
2025-11-28,97.62999725341797,97.6500015258789,97.38999938964844,97.5,96.89757537841797,7798000,0.0,0.0,0.0
2025-12-01,96.7699966430664,96.83999633789062,96.68000030517578,96.69000244140625,96.37726593017578,9898100,0.288,0.0,0.0
2025-12-02,96.66000366210938,96.81999969482422,96.5999984741211,96.7699966430664,96.45700073242188,7317200,0.0,0.0,0.0
2025-12-03,96.93000030517578,97.02999877929688,96.80999755859375,96.97000122070312,96.65635681152344,6855100,0.0,0.0,0.0
2025-12-04,96.81999969482422,96.83000183105469,96.62000274658203,96.66999816894531,96.3573226928711,8928900,0.0,0.0,0.0
2025-12-05,96.69000244140625,96.69999694824219,96.41999816894531,96.47000122070312,96.15797424316406,9118700,0.0,0.0,0.0
2025-12-08,96.41000366210938,96.41999816894531,96.08999633789062,96.2699966430664,95.9586181640625,14728300,0.0,0.0,0.0
2025-12-09,96.41000366210938,96.41000366210938,96.11000061035156,96.12999725341797,95.8190689086914,8509200,0.0,0.0,0.0
2025-12-10,96.08999633789062,96.47000122070312,96.08000183105469,96.44000244140625,96.1280746459961,13356900,0.0,0.0,0.0
2025-12-11,96.68000030517578,96.7300033569336,96.41999816894531,96.44999694824219,96.13803100585938,8672800,0.0,0.0,0.0
2025-12-12,96.19000244140625,96.2699966430664,96.16999816894531,96.19000244140625,95.8788833618164,8348700,0.0,0.0,0.0
2025-12-15,96.41000366210938,96.51000213623047,96.25,96.2699966430664,95.9586181640625,6117000,0.0,0.0,0.0
2025-12-16,96.23999786376953,96.55999755859375,96.2300033569336,96.54000091552734,96.22774505615234,7456400,0.0,0.0,0.0
2025-12-17,96.41999816894531,96.56999969482422,96.4000015258789,96.5199966430664,96.20780944824219,5673200,0.0,0.0,0.0
2025-12-18,96.7699966430664,96.83000183105469,96.63999938964844,96.7699966430664,96.45700073242188,7357600,0.0,0.0,0.0
2025-12-19,96.30000305175781,96.38999938964844,96.19999694824219,96.23999786376953,96.23999786376953,5806600,0.313,0.0,0.0
2025-12-22,96.16000366210938,96.19000244140625,96.08000183105469,96.13999938964844,96.13999938964844,4672800,0.0,0.0,0.0
2025-12-23,95.93000030517578,96.12999725341797,95.87999725341797,96.0999984741211,96.0999984741211,5093900,0.0,0.0,0.0
2025-12-24,96.22000122070312,96.37000274658203,96.16999816894531,96.3499984741211,96.3499984741211,3967700,0.0,0.0,0.0
2025-12-26,96.48999786376953,96.51000213623047,96.33000183105469,96.44000244140625,96.44000244140625,3491500,0.0,0.0,0.0
2025-12-29,96.55000305175781,96.5999984741211,96.44999694824219,96.58000183105469,96.58000183105469,5034600,0.0,0.0,0.0
2025-12-30,96.44000244140625,96.55999755859375,96.4000015258789,96.4800033569336,96.4800033569336,4108600,0.0,0.0,0.0
2025-12-31,96.33999633789062,96.47000122070312,96.1500015258789,96.16000366210938,96.16000366210938,6802100,0.0,0.0,0.0
2026-01-02,96.29000091552734,96.29000091552734,96.06999969482422,96.08000183105469,96.08000183105469,6611800,0.0,0.0,0.0
2026-01-05,96.2300033569336,96.37999725341797,96.16999816894531,96.37000274658203,96.37000274658203,8693200,0.0,0.0,0.0
2026-01-06,96.25,96.31999969482422,96.0999984741211,96.30000305175781,96.30000305175781,12834100,0.0,0.0,0.0
2026-01-07,96.5199966430664,96.55000305175781,96.33999633789062,96.4800033569336,96.4800033569336,7990900,0.0,0.0,0.0
2026-01-08,96.2300033569336,96.30999755859375,96.18000030517578,96.19000244140625,96.19000244140625,6931700,0.0,0.0,0.0
2026-01-09,96.16000366210938,96.37999725341797,96.06999969482422,96.30000305175781,96.30000305175781,10277300,0.0,0.0,0.0
2026-01-12,96.1500015258789,96.30000305175781,96.12000274658203,96.18000030517578,96.18000030517578,6360600,0.0,0.0,0.0
2026-01-13,96.33999633789062,96.37000274658203,96.19999694824219,96.30000305175781,96.30000305175781,7622500,0.0,0.0,0.0
2026-01-14,96.37999725341797,96.5999984741211,96.37000274658203,96.5,96.5,7331200,0.0,0.0,0.0
2026-01-15,96.51000213623047,96.5199966430664,96.27999877929688,96.30000305175781,96.30000305175781,6172500,0.0,0.0,0.0
2026-01-16,96.2300033569336,96.26000213623047,95.91000366210938,95.93000030517578,95.93000030517578,11979300,0.0,0.0,0.0
2026-01-20,95.5999984741211,95.72000122070312,95.52999877929688,95.55000305175781,95.55000305175781,13607700,0.0,0.0,0.0
2026-01-21,95.66000366210938,95.83999633789062,95.55999755859375,95.80000305175781,95.80000305175781,11969000,0.0,0.0,0.0
2026-01-22,95.69499969482422,95.75,95.6449966430664,95.71499633789062,95.71499633789062,2370266,0.0,0.0,0.0
