Date,open,high,low,close,adjclose,volume,dividends,stock_splits,capital_gains
2002-07-30,101.30000305175781,102.0,101.25,101.37000274658203,37.522830963134766,21200,0.0,0.0,0.0
2002-07-31,101.80000305175781,102.25,101.55000305175781,101.98999786376953,37.75231170654297,272000,0.0,0.0,0.0
2002-08-01,102.4000015258789,103.0999984741211,102.30000305175781,102.98999786376953,38.12247848510742,111700,0.0,0.0,0.0
2002-08-02,102.9000015258789,103.30000305175781,102.44999694824219,103.19999694824219,38.20021057128906,29200,0.0,0.0,0.0
2002-08-05,103.6500015258789,103.6500015258789,102.51000213623047,102.94999694824219,38.1076545715332,166500,0.0,0.0,0.0
2002-08-06,102.5,102.6500015258789,102.0999984741211,102.5999984741211,37.97810363769531,430100,0.0,0.0,0.0
2002-08-07,102.69999694824219,103.0999984741211,102.19999694824219,102.88999938964844,38.08546447753906,33100,0.0,0.0,0.0
2002-08-08,103.0,103.0,102.33000183105469,102.58999633789062,37.97440719604492,83600,0.0,0.0,0.0
2002-08-09,102.80000305175781,103.18000030517578,102.61000061035156,103.0,38.12618637084961,273800,0.0,0.0,0.0
2002-08-12,103.0999984741211,103.30999755859375,102.94999694824219,103.13999938964844,38.17802047729492,69100,0.0,0.0,0.0
2002-08-13,103.4800033569336,103.98999786376953,103.1500015258789,103.98999786376953,38.49262237548828,36400,0.0,0.0,0.0
2002-08-14,104.0199966430664,104.69999694824219,104.0,104.02999877929688,38.50746154785156,76400,0.0,0.0,0.0
2002-08-15,104.25,104.25,103.5,103.72000122070312,38.39268493652344,132000,0.0,0.0,0.0
2002-08-16,104.4000015258789,104.4000015258789,103.19999694824219,103.22000122070312,38.20762634277344,57400,0.0,0.0,0.0
2002-08-19,103.6500015258789,104.04000091552734,103.5999984741211,103.80000305175781,38.422306060791016,18700,0.0,0.0,0.0
2002-08-20,104.80000305175781,104.94999694824219,104.44000244140625,104.91000366210938,38.83317184448242,262800,0.0,0.0,0.0
2002-08-21,105.0,105.1500015258789,104.69999694824219,105.05000305175781,38.884979248046875,22300,0.0,0.0,0.0
2002-08-22,105.25,105.25,104.7699966430664,104.9000015258789,38.82947540283203,161800,0.0,0.0,0.0
2002-08-23,105.19999694824219,105.30000305175781,104.8499984741211,105.19999694824219,38.94050598144531,47500,0.0,0.0,0.0
2002-08-26,105.0,105.4000015258789,105.0,105.30999755859375,38.98121643066406,28900,0.0,0.0,0.0
2002-08-27,105.19999694824219,105.25,104.75,105.05000305175781,38.884979248046875,202400,0.0,0.0,0.0
2002-08-28,105.4000015258789,105.69000244140625,105.1500015258789,105.25,38.958988189697266,307900,0.0,0.0,0.0
2002-08-29,105.80000305175781,105.9000015258789,105.30000305175781,105.63999938964844,39.10336685180664,42900,0.0,0.0,0.0
2002-08-30,106.0,106.0,105.30000305175781,105.69999694824219,39.125587463378906,36500,0.0,0.0,0.0
2002-09-03,105.9000015258789,106.05000305175781,105.6500015258789,105.6500015258789,39.31127166748047,49300,0.549,0.0,0.0
2002-09-04,106.0999984741211,106.1500015258789,105.75,106.04000091552734,39.456363677978516,1690000,0.0,0.0,0.0
2002-09-05,106.5999984741211,106.69999694824219,105.81999969482422,106.33999633789062,39.5679817199707,138300,0.0,0.0,0.0
2002-09-06,106.33000183105469,106.33000183105469,105.19999694824219,105.62000274658203,39.30009460449219,224800,0.0,0.0,0.0
2002-09-09,105.25,106.0,105.25,105.69000244140625,39.32612991333008,53600,0.0,0.0,0.0
2002-09-10,105.26000213623047,106.3499984741211,105.25,106.13999938964844,39.49355697631836,176800,0.0,0.0,0.0
2002-09-11,105.5,106.0,105.22000122070312,106.0,39.4415168762207,125500,0.0,0.0,0.0
2002-09-12,106.19999694824219,106.73999786376953,105.9000015258789,106.55000305175781,39.64613342285156,523900,0.0,0.0,0.0
2002-09-13,106.80000305175781,106.91999816894531,106.25,106.7300033569336,39.7131233215332,93400,0.0,0.0,0.0
2002-09-16,107.58999633789062,107.58999633789062,106.91999816894531,107.1500015258789,39.86940383911133,32200,0.0,0.0,0.0
2002-09-17,107.25,108.2300033569336,106.75,107.2300033569336,39.8991584777832,135500,0.0,0.0,0.0
2002-09-18,107.4000015258789,107.4000015258789,106.83999633789062,107.0999984741211,39.85080337524414,214400,0.0,0.0,0.0
2002-09-19,107.4000015258789,107.45999908447266,106.8499984741211,107.0999984741211,39.85080337524414,143000,0.0,0.0,0.0
2002-09-20,107.0999984741211,107.1500015258789,106.69999694824219,107.1500015258789,39.86940383911133,46900,0.0,0.0,0.0
2002-09-23,107.5,107.5,106.80000305175781,106.81999969482422,39.746612548828125,75100,0.0,0.0,0.0
2002-09-24,106.9000015258789,107.69999694824219,106.4000015258789,106.80000305175781,39.739158630371094,229100,0.0,0.0,0.0
2002-09-25,106.69999694824219,106.94999694824219,106.12000274658203,106.58000183105469,39.657318115234375,97000,0.0,0.0,0.0
2002-09-26,106.01000213623047,106.76000213623047,105.80000305175781,106.69999694824219,39.70195388793945,280200,0.0,0.0,0.0
2002-09-27,106.9000015258789,107.55000305175781,106.55999755859375,107.55000305175781,40.01821517944336,301400,0.0,0.0,0.0
2002-09-30,107.5999984741211,107.8499984741211,107.1500015258789,107.3499984741211,39.94378662109375,105200,0.0,0.0,0.0
2002-10-01,106.9000015258789,107.0,106.5,106.83000183105469,39.91653060913086,333500,0.447,0.0,0.0
2002-10-02,107.0,107.0,106.4800033569336,106.80000305175781,39.905330657958984,314000,0.0,0.0,0.0
2002-10-03,107.05000305175781,107.05000305175781,106.5,106.75,39.88667678833008,160500,0.0,0.0,0.0
2002-10-04,105.6500015258789,106.6500015258789,105.6500015258789,106.5,39.7932243347168,123300,0.0,0.0,0.0
2002-10-07,106.4000015258789,106.4000015258789,106.0,106.0,39.606422424316406,61300,0.0,0.0,0.0
2002-10-08,105.0,105.80000305175781,105.0,105.01000213623047,39.23651123046875,281800,0.0,0.0,0.0
2002-10-09,105.0,105.0,104.1500015258789,104.62000274658203,39.09079360961914,300600,0.0,0.0,0.0
2002-10-10,104.0999984741211,104.5999984741211,103.69999694824219,104.5999984741211,39.08329772949219,116600,0.0,0.0,0.0
2002-10-11,105.3499984741211,105.3499984741211,104.4800033569336,104.9000015258789,39.195404052734375,86100,0.0,0.0,0.0
2002-10-14,104.9000015258789,105.2699966430664,104.7699966430664,105.08999633789062,39.26639175415039,47600,0.0,0.0,0.0
2002-10-15,103.80000305175781,104.6500015258789,103.80000305175781,103.8499984741211,38.803043365478516,47600,0.0,0.0,0.0
2002-10-16,103.75,104.69999694824219,103.4000015258789,103.5999984741211,38.70965576171875,1124900,0.0,0.0,0.0
2002-10-17,103.25,103.25,102.4000015258789,102.81999969482422,38.41822052001953,638900,0.0,0.0,0.0
2002-10-18,102.75,103.0999984741211,101.9000015258789,103.08999633789062,38.51907730102539,599800,0.0,0.0,0.0
2002-10-21,103.4000015258789,103.4000015258789,102.30999755859375,102.4800033569336,38.291175842285156,183400,0.0,0.0,0.0
2002-10-22,102.44999694824219,103.08999633789062,102.44999694824219,102.9000015258789,38.4481201171875,464900,0.0,0.0,0.0
2002-10-23,102.80999755859375,103.5,102.5999984741211,103.0999984741211,38.52281188964844,128500,0.0,0.0,0.0
2002-10-24,103.0,103.5,102.69999694824219,103.48999786376953,38.66854476928711,30600,0.0,0.0,0.0
2002-10-25,104.06999969482422,104.19999694824219,103.44000244140625,104.19999694824219,38.933841705322266,58500,0.0,0.0,0.0
2002-10-28,104.48999786376953,104.5,104.19999694824219,104.48999786376953,39.04219436645508,771200,0.0,0.0,0.0
2002-10-29,104.9000015258789,105.4800033569336,104.5,105.0999984741211,39.270145416259766,29200,0.0,0.0,0.0
2002-10-30,105.0,105.4800033569336,104.75,105.12000274658203,39.277587890625,828500,0.0,0.0,0.0
2002-10-31,105.43000030517578,106.25,105.43000030517578,106.25,39.6998176574707,111000,0.0,0.0,0.0
2002-11-01,105.7300033569336,105.7300033569336,104.69999694824219,104.9800033569336,39.41708755493164,13100,0.517,0.0,0.0
2002-11-04,105.0,105.19999694824219,104.3499984741211,105.19999694824219,39.499725341796875,155200,0.0,0.0,0.0
2002-11-05,105.69999694824219,105.69999694824219,104.6500015258789,105.08999633789062,39.45841979980469,53100,0.0,0.0,0.0
2002-11-06,105.6500015258789,106.27999877929688,105.0199966430664,105.41000366210938,39.57856369018555,598300,0.0,0.0,0.0
2002-11-07,106.44000244140625,106.9000015258789,106.22000122070312,106.9000015258789,40.13798522949219,247800,0.0,0.0,0.0
2002-11-08,107.1500015258789,107.1500015258789,102.56999969482422,107.04000091552734,40.190555572509766,847700,0.0,0.0,0.0
2002-11-11,107.5,107.5,107.16000366210938,107.33000183105469,40.2994270324707,18100,0.0,0.0,0.0
2002-11-12,107.30000305175781,107.30000305175781,106.44000244140625,106.44000244140625,39.96527862548828,26300,0.0,0.0,0.0
2002-11-13,106.97000122070312,106.97000122070312,106.43000030517578,106.8499984741211,40.11924743652344,339400,0.0,0.0,0.0
2002-11-14,106.19999694824219,106.80999755859375,106.01000213623047,106.13999938964844,39.85264587402344,120300,0.0,0.0,0.0
2002-11-15,106.30000305175781,106.80000305175781,106.1500015258789,106.75,40.08168411254883,112900,0.0,0.0,0.0
2002-11-18,106.86000061035156,107.55000305175781,106.61000061035156,107.48999786376953,40.3595085144043,50400,0.0,0.0,0.0
2002-11-19,107.63999938964844,107.63999938964844,107.02999877929688,107.29000091552734,40.2844352722168,22600,0.0,0.0,0.0
2002-11-20,107.93000030517578,107.93000030517578,106.94000244140625,106.94000244140625,40.15302658081055,81200,0.0,0.0,0.0
2002-11-21,106.9000015258789,106.98999786376953,106.33999633789062,106.94000244140625,40.15302658081055,239200,0.0,0.0,0.0
2002-11-22,106.75,106.88999938964844,106.5,106.5,39.987796783447266,1099900,0.0,0.0,0.0
2002-11-25,106.80999755859375,106.83999633789062,106.41000366210938,106.48999786376953,39.98402404785156,28100,0.0,0.0,0.0
2002-11-26,106.6500015258789,107.08999633789062,106.5999984741211,107.08999633789062,40.2093505859375,75800,0.0,0.0,0.0
2002-11-27,106.9000015258789,106.98999786376953,106.19999694824219,106.48999786376953,39.98402404785156,123000,0.0,0.0,0.0
2002-11-29,106.69999694824219,106.80000305175781,106.0199966430664,106.48999786376953,39.98402404785156,17200,0.0,0.0,0.0
2002-12-02,105.77999877929688,106.38999938964844,105.30000305175781,106.20999908447266,40.050045013427734,63300,0.455,0.0,0.0
2002-12-03,106.19999694824219,106.58999633789062,106.16000366210938,106.4000015258789,40.12168884277344,2064200,0.0,0.0,0.0
2002-12-04,106.4000015258789,106.54000091552734,106.0999984741211,106.4000015258789,40.12168884277344,248700,0.0,0.0,0.0
2002-12-05,106.12000274658203,106.83999633789062,106.0999984741211,106.63999938964844,40.21219253540039,123500,0.0,0.0,0.0
2002-12-06,107.19999694824219,107.33999633789062,106.11000061035156,106.69999694824219,40.234825134277344,297400,0.0,0.0,0.0
2002-12-09,106.8499984741211,107.0999984741211,106.5,106.69999694824219,40.234825134277344,63500,0.0,0.0,0.0
2002-12-10,106.51000213623047,106.98999786376953,106.51000213623047,106.9000015258789,40.31019973754883,115600,0.0,0.0,0.0
2002-12-11,107.30000305175781,107.44999694824219,106.80999755859375,107.3499984741211,40.479915618896484,217600,0.0,0.0,0.0
2002-12-12,107.25,107.58999633789062,106.93000030517578,107.3499984741211,40.479915618896484,26800,0.0,0.0,0.0
2002-12-13,106.9000015258789,107.38999938964844,106.76000213623047,106.80000305175781,40.27253723144531,44900,0.0,0.0,0.0
2002-12-16,107.3499984741211,107.3499984741211,106.75,106.75,40.253684997558594,317400,0.0,0.0,0.0
2002-12-17,107.5999984741211,107.5999984741211,106.80999755859375,107.1500015258789,40.404518127441406,294400,0.0,0.0,0.0
2002-12-18,107.5,107.72000122070312,107.25,107.69000244140625,40.60811233520508,46800,0.0,0.0,0.0
2002-12-19,108.05000305175781,108.37999725341797,107.55000305175781,108.37999725341797,40.868316650390625,50600,0.0,0.0,0.0
2002-12-20,108.44999694824219,108.44999694824219,108.01000213623047,108.41000366210938,40.87961959838867,39800,0.0,0.0,0.0
2002-12-23,108.30000305175781,108.5,108.04000091552734,108.43000030517578,40.88715362548828,23900,0.0,0.0,0.0
2002-12-24,108.5,109.0,108.4000015258789,108.66000366210938,40.973915100097656,14500,0.0,0.0,0.0
2002-12-26,108.33000183105469,109.0199966430664,108.33000183105469,109.0199966430664,41.10964584350586,14100,0.0,0.0,0.0
2002-12-27,109.25,109.66999816894531,109.0,109.6500015258789,41.34720993041992,16500,0.0,0.0,0.0
2002-12-30,109.8499984741211,110.0999984741211,109.5,109.9800033569336,41.471622467041016,30200,0.0,0.0,0.0
2002-12-31,109.69999694824219,109.91000366210938,109.3499984741211,109.69000244140625,41.55461120605469,96100,0.509,0.0,0.0
2003-01-02,108.97000122070312,108.97000122070312,107.01000213623047,107.33000183105469,40.660545349121094,66700,0.0,0.0,0.0
2003-01-03,107.5999984741211,107.94000244140625,107.26000213623047,107.94000244140625,40.89166259765625,23800,0.0,0.0,0.0
2003-01-06,107.75,107.88999938964844,107.1500015258789,107.88999938964844,40.87272644042969,623000,0.0,0.0,0.0
2003-01-07,107.8499984741211,108.41999816894531,107.41000366210938,108.30000305175781,41.02804946899414,45100,0.0,0.0,0.0
2003-01-08,108.5999984741211,108.75,108.19999694824219,108.41000366210938,41.069698333740234,107600,0.0,0.0,0.0
2003-01-09,108.0,108.0,107.02999877929688,107.54000091552734,40.740108489990234,55600,0.0,0.0,0.0
2003-01-10,108.19999694824219,108.19999694824219,107.31999969482422,107.81999969482422,40.846195220947266,82100,0.0,0.0,0.0
2003-01-13,108.0,108.25,107.54000091552734,107.69999694824219,40.80072021484375,53300,0.0,0.0,0.0
2003-01-14,108.69999694824219,108.69999694824219,107.81999969482422,108.0,40.91436767578125,239200,0.0,0.0,0.0
2003-01-15,108.19999694824219,108.25,107.72000122070312,108.0,40.91436767578125,111500,0.0,0.0,0.0
2003-01-16,108.0,108.04000091552734,107.25,107.75,40.81966781616211,185900,0.0,0.0,0.0
2003-01-17,108.25,108.30000305175781,107.76000213623047,108.25,41.00910186767578,1489000,0.0,0.0,0.0
2003-01-21,108.0,108.37999725341797,107.75,108.31999969482422,41.03560256958008,37600,0.0,0.0,0.0
2003-01-22,108.25,108.6500015258789,108.0999984741211,108.54000091552734,41.11895751953125,39300,0.0,0.0,0.0
2003-01-23,108.30000305175781,108.75,108.2699966430664,108.58999633789062,41.13791275024414,200300,0.0,0.0,0.0
2003-01-24,108.94000244140625,109.36000061035156,108.66000366210938,109.08000183105469,41.32350158691406,1025300,0.0,0.0,0.0
2003-01-27,109.05000305175781,109.05000305175781,108.13999938964844,108.44000244140625,41.0810661315918,819100,0.0,0.0,0.0
2003-01-28,108.30000305175781,108.77999877929688,108.16999816894531,108.7699966430664,41.20606231689453,691100,0.0,0.0,0.0
2003-01-29,108.9000015258789,108.9000015258789,108.05000305175781,108.12999725341797,40.96363067626953,38100,0.0,0.0,0.0
2003-01-30,108.30000305175781,108.68000030517578,108.01000213623047,108.5,41.10381317138672,812000,0.0,0.0,0.0
2003-01-31,108.75,108.8499984741211,108.19999694824219,108.80000305175781,41.21747589111328,128300,0.0,0.0,0.0
2003-02-03,107.75,108.5199966430664,107.75,108.44999694824219,41.257408142089844,25300,0.455,0.0,0.0
2003-02-04,108.19999694824219,108.80000305175781,108.12999725341797,108.66000366210938,41.3372917175293,557200,0.0,0.0,0.0
2003-02-05,108.62000274658203,108.79000091552734,108.01000213623047,108.5,41.27642059326172,118900,0.0,0.0,0.0
2003-02-06,108.69999694824219,108.77999877929688,108.26000213623047,108.69000244140625,41.348716735839844,29600,0.0,0.0,0.0
2003-02-07,108.5999984741211,109.01000213623047,108.25,108.93000030517578,41.439971923828125,266500,0.0,0.0,0.0
2003-02-10,108.8499984741211,108.9000015258789,108.05999755859375,108.26000213623047,41.18515396118164,425700,0.0,0.0,0.0
2003-02-11,108.20999908447266,108.66000366210938,108.20999908447266,108.66000366210938,41.3372917175293,133300,0.0,0.0,0.0
2003-02-12,108.94000244140625,108.94000244140625,108.5,108.51000213623047,41.28023147583008,35300,0.0,0.0,0.0
2003-02-13,108.73999786376953,109.25,108.51000213623047,108.51000213623047,41.28023147583008,79200,0.0,0.0,0.0
2003-02-14,108.94999694824219,108.94999694824219,108.25,108.45999908447266,41.26118850708008,75900,0.0,0.0,0.0
2003-02-18,108.5,108.83999633789062,108.25,108.80000305175781,41.39056396484375,930400,0.0,0.0,0.0
2003-02-19,108.94000244140625,109.30999755859375,108.69999694824219,109.1500015258789,41.523681640625,27200,0.0,0.0,0.0
2003-02-20,109.16000366210938,109.68000030517578,109.0,109.43000030517578,41.63020324707031,164900,0.0,0.0,0.0
2003-02-21,109.75,109.75,109.0,109.12999725341797,41.51609802246094,81200,0.0,0.0,0.0
2003-02-24,109.5999984741211,109.72000122070312,109.30999755859375,109.48999786376953,41.65304946899414,125200,0.0,0.0,0.0
2003-02-25,109.98999786376953,109.98999786376953,109.45999908447266,109.69000244140625,41.729129791259766,163800,0.0,0.0,0.0
2003-02-26,109.98999786376953,110.0,109.55000305175781,109.98999786376953,41.843265533447266,32300,0.0,0.0,0.0
2003-02-27,110.0,110.48999786376953,109.72000122070312,110.44999694824219,42.01826858520508,89700,0.0,0.0,0.0
2003-02-28,110.45999908447266,110.77999877929688,109.9800033569336,110.48999786376953,42.03346633911133,81000,0.0,0.0,0.0
2003-03-03,110.5999984741211,110.87000274658203,110.11000061035156,110.69999694824219,42.27519607543945,196700,0.423,0.0,0.0
2003-03-04,110.41000366210938,110.83999633789062,110.25,110.76000213623047,42.298091888427734,96400,0.0,0.0,0.0
2003-03-05,110.9000015258789,110.9000015258789,110.25,110.69999694824219,42.27519607543945,23900,0.0,0.0,0.0
2003-03-06,110.9000015258789,110.9000015258789,110.25,110.51000213623047,42.20265579223633,48000,0.0,0.0,0.0
2003-03-07,110.76000213623047,110.95999908447266,110.23999786376953,110.54000091552734,42.21411895751953,28400,0.0,0.0,0.0
2003-03-10,110.54000091552734,111.05999755859375,110.52999877929688,110.8499984741211,42.33250427246094,48600,0.0,0.0,0.0
2003-03-11,110.9800033569336,110.9800033569336,110.3499984741211,110.5999984741211,42.237003326416016,49700,0.0,0.0,0.0
2003-03-12,110.5,110.8499984741211,110.19999694824219,110.4000015258789,42.16066360473633,139500,0.0,0.0,0.0
2003-03-13,109.5199966430664,109.9800033569336,109.2699966430664,109.69999694824219,41.89331817626953,190500,0.0,0.0,0.0
2003-03-14,109.55000305175781,109.94000244140625,109.3499984741211,109.56999969482422,41.843685150146484,212800,0.0,0.0,0.0
2003-03-17,109.80000305175781,110.08999633789062,108.8499984741211,109.0,41.6259880065918,502800,0.0,0.0,0.0
2003-03-18,109.0199966430664,109.62000274658203,108.27999877929688,108.56999969482422,41.46179962158203,1098700,0.0,0.0,0.0
2003-03-19,108.69999694824219,108.7300033569336,107.83000183105469,108.0,41.24409866333008,869800,0.0,0.0,0.0
2003-03-20,108.63999938964844,108.79000091552734,107.75,108.19000244140625,41.31666946411133,44700,0.0,0.0,0.0
2003-03-21,108.30000305175781,108.3499984741211,107.56999969482422,107.63999938964844,41.10662841796875,142200,0.0,0.0,0.0
2003-03-24,108.0,108.69000244140625,107.9800033569336,108.5,41.435028076171875,123000,0.0,0.0,0.0
2003-03-25,108.55000305175781,108.80000305175781,108.3499984741211,108.62000274658203,41.48088836669922,30700,0.0,0.0,0.0
2003-03-26,108.6500015258789,109.19000244140625,108.6500015258789,109.0999984741211,41.6641731262207,129600,0.0,0.0,0.0
2003-03-27,109.44000244140625,109.44000244140625,109.01000213623047,109.25,41.7214241027832,54600,0.0,0.0,0.0
2003-03-28,109.44999694824219,109.98999786376953,109.4000015258789,109.69000244140625,41.889488220214844,650500,0.0,0.0,0.0
2003-03-31,109.69999694824219,110.25,109.69999694824219,110.19999694824219,42.08423614501953,59000,0.0,0.0,0.0
2003-04-01,109.80000305175781,110.13999938964844,109.30000305175781,110.05999755859375,42.31147003173828,94500,0.731,0.0,0.0
2003-04-02,109.4000015258789,109.80999755859375,109.20999908447266,109.73999786376953,42.18844223022461,155700,0.0,0.0,0.0
2003-04-03,109.73999786376953,110.08999633789062,109.5,109.75,42.192291259765625,31200,0.0,0.0,0.0
2003-04-04,109.73999786376953,109.83000183105469,109.30999755859375,109.4800033569336,42.0885009765625,680000,0.0,0.0,0.0
2003-04-07,109.0199966430664,109.5199966430664,108.56999969482422,109.27999877929688,42.01161575317383,61800,0.0,0.0,0.0
2003-04-08,109.5,109.73999786376953,109.13999938964844,109.68000030517578,42.16538619995117,377400,0.0,0.0,0.0
2003-04-09,109.80000305175781,110.08999633789062,109.41000366210938,110.04000091552734,42.30373764038086,31500,0.0,0.0,0.0
2003-04-10,110.0,110.0,109.5,109.63999938964844,42.149993896484375,795300,0.0,0.0,0.0
2003-04-11,109.30000305175781,109.58000183105469,109.05999755859375,109.25,42.00005340576172,106100,0.0,0.0,0.0
2003-04-14,109.31999969482422,109.48999786376953,108.69999694824219,109.30999755859375,42.02312088012695,145200,0.0,0.0,0.0
2003-04-15,109.81999969482422,110.0,109.31999969482422,109.51000213623047,42.10004806518555,824100,0.0,0.0,0.0
2003-04-16,110.0999984741211,110.30000305175781,109.75,110.25,42.38450622558594,196400,0.0,0.0,0.0
2003-04-17,110.5999984741211,110.61000061035156,110.01000213623047,110.0199966430664,42.29608917236328,54800,0.0,0.0,0.0
2003-04-21,110.0999984741211,110.37999725341797,109.87999725341797,110.25,42.38450622558594,89000,0.0,0.0,0.0
2003-04-22,110.58999633789062,110.8499984741211,110.19999694824219,110.30000305175781,42.40374755859375,35500,0.0,0.0,0.0
2003-04-23,110.3499984741211,111.05000305175781,110.3499984741211,110.94000244140625,42.649757385253906,51700,0.0,0.0,0.0
2003-04-24,111.13999938964844,111.80000305175781,111.13999938964844,111.58999633789062,42.899627685546875,344000,0.0,0.0,0.0
2003-04-25,111.80000305175781,111.88999938964844,111.30000305175781,111.5999984741211,42.903499603271484,128400,0.0,0.0,0.0
2003-04-28,111.63999938964844,111.7300033569336,111.20999908447266,111.66000366210938,42.92655563354492,50300,0.0,0.0,0.0
2003-04-29,111.4000015258789,111.66999816894531,111.0199966430664,111.26000213623047,42.77278137207031,275900,0.0,0.0,0.0
2003-04-30,111.30000305175781,112.27999877929688,111.20999908447266,112.05000305175781,43.07652282714844,345500,0.0,0.0,0.0
2003-05-01,112.0999984741211,112.37999725341797,111.47000122070312,111.83000183105469,43.317779541015625,47700,0.843,0.0,0.0
2003-05-02,111.61000061035156,112.08999633789062,111.23999786376953,111.44999694824219,43.17061233520508,49200,0.0,0.0,0.0
2003-05-05,111.69999694824219,111.94999694824219,111.22000122070312,111.94999694824219,43.36431121826172,32100,0.0,0.0,0.0
2003-05-06,112.1500015258789,112.8499984741211,111.66000366210938,112.54000091552734,43.59281921386719,139900,0.0,0.0,0.0
2003-05-07,113.25,113.3499984741211,112.80999755859375,113.29000091552734,43.88336944580078,102300,0.0,0.0,0.0
2003-05-08,113.80000305175781,113.88999938964844,113.16000366210938,113.30000305175781,43.887245178222656,1671300,0.0,0.0,0.0
2003-05-09,113.44999694824219,113.44999694824219,112.76000213623047,113.0999984741211,43.80978012084961,36100,0.0,0.0,0.0
2003-05-12,113.98999786376953,113.98999786376953,113.16000366210938,113.48999786376953,43.960792541503906,59500,0.0,0.0,0.0
2003-05-13,113.2699966430664,113.52999877929688,113.0199966430664,113.5,43.964725494384766,73100,0.0,0.0,0.0
2003-05-14,113.8499984741211,114.18000030517578,113.5,114.0,44.158363342285156,36500,0.0,0.0,0.0
2003-05-15,113.5999984741211,114.25,113.51000213623047,113.95999908447266,44.142887115478516,55200,0.0,0.0,0.0
2003-05-16,114.0,114.7300033569336,113.5999984741211,114.72000122070312,44.437252044677734,84400,0.0,0.0,0.0
2003-05-19,114.45999908447266,114.9000015258789,113.9800033569336,114.25,44.255191802978516,751100,0.0,0.0,0.0
2003-05-20,114.4000015258789,114.9000015258789,113.8499984741211,114.5999984741211,44.39078903198242,559100,0.0,0.0,0.0
2003-05-21,114.5999984741211,114.98999786376953,114.12000274658203,114.5999984741211,44.39078903198242,52700,0.0,0.0,0.0
2003-05-22,114.5999984741211,115.37000274658203,114.5999984741211,115.37000274658203,44.68909454345703,39200,0.0,0.0,0.0
2003-05-23,115.69999694824219,115.80000305175781,115.12999725341797,115.52999877929688,44.75104522705078,2946200,0.0,0.0,0.0
2003-05-27,115.62999725341797,115.63999938964844,114.63999938964844,115.12999725341797,44.596099853515625,63800,0.0,0.0,0.0
2003-05-28,115.0,115.16999816894531,114.30000305175781,114.66999816894531,44.41792678833008,711900,0.0,0.0,0.0
2003-05-29,115.3499984741211,115.7300033569336,115.0199966430664,115.5,44.739402770996094,134300,0.0,0.0,0.0
2003-05-30,115.5,115.58000183105469,114.86000061035156,115.55000305175781,44.75876235961914,32900,0.0,0.0,0.0
2003-06-02,114.75,114.83000183105469,114.0199966430664,114.3499984741211,44.568965911865234,73100,0.713,0.0,0.0
2003-06-03,114.94000244140625,115.47000122070312,114.52999877929688,115.4000015258789,44.978233337402344,43600,0.0,0.0,0.0
2003-06-04,115.48999786376953,115.73999786376953,114.91000366210938,115.55000305175781,45.03668212890625,344300,0.0,0.0,0.0
2003-06-05,115.5999984741211,116.0,115.01000213623047,115.36000061035156,44.96263122558594,124600,0.0,0.0,0.0
2003-06-06,115.31999969482422,115.61000061035156,115.0,115.55000305175781,45.03668212890625,81600,0.0,0.0,0.0
2003-06-09,115.98999786376953,116.16000366210938,115.48999786376953,115.80000305175781,45.134098052978516,38600,0.0,0.0,0.0
2003-06-10,116.3499984741211,116.69999694824219,116.12000274658203,116.69999694824219,45.484928131103516,32100,0.0,0.0,0.0
2003-06-11,116.51000213623047,116.94999694824219,116.30999755859375,116.56999969482422,45.43421936035156,191600,0.0,0.0,0.0
2003-06-12,116.4800033569336,117.1500015258789,116.4800033569336,116.98999786376953,45.597923278808594,70200,0.0,0.0,0.0
2003-06-13,117.25,117.69999694824219,116.98999786376953,117.4800033569336,45.78891372680664,26800,0.0,0.0,0.0
2003-06-16,117.9000015258789,117.95999908447266,116.75,117.05000305175781,45.621307373046875,173500,0.0,0.0,0.0
2003-06-17,117.04000091552734,117.04000091552734,116.19999694824219,116.68000030517578,45.47710037231445,43000,0.0,0.0,0.0
2003-06-18,116.05000305175781,116.44000244140625,115.5999984741211,115.5999984741211,45.05617141723633,75200,0.0,0.0,0.0
2003-06-19,115.5,116.12999725341797,115.3499984741211,115.80000305175781,45.134098052978516,107700,0.0,0.0,0.0
2003-06-20,115.80000305175781,115.80000305175781,115.1500015258789,115.25,44.91974639892578,57900,0.0,0.0,0.0
2003-06-23,115.30000305175781,115.97000122070312,115.26000213623047,115.83000183105469,45.145809173583984,233500,0.0,0.0,0.0
2003-06-24,115.9000015258789,116.25,115.61000061035156,116.0,45.212059020996094,365000,0.0,0.0,0.0
2003-06-25,116.75,116.83000183105469,115.2300033569336,115.41000366210938,44.982086181640625,76700,0.0,0.0,0.0
2003-06-26,115.22000122070312,115.22000122070312,114.1500015258789,114.4000015258789,44.58850860595703,98400,0.0,0.0,0.0
2003-06-27,114.8499984741211,114.87000274658203,113.80999755859375,114.0999984741211,44.471519470214844,47700,0.0,0.0,0.0
2003-06-30,114.5,114.62999725341797,114.01000213623047,114.62999725341797,44.67807388305664,279500,0.0,0.0,0.0
2003-07-01,114.19999694824219,114.3499984741211,113.27999877929688,113.3499984741211,44.43620300292969,1089100,0.663,0.0,0.0
2003-07-02,113.31999969482422,114.0999984741211,112.87000274658203,113.75,44.5930290222168,1120200,0.0,0.0,0.0
2003-07-03,114.0,114.08999633789062,113.0,113.05000305175781,44.318626403808594,118500,0.0,0.0,0.0
2003-07-07,112.9000015258789,112.98999786376953,112.33000183105469,112.5,44.10301208496094,211300,0.0,0.0,0.0
2003-07-08,112.69999694824219,113.0,112.0999984741211,112.5999984741211,44.14220428466797,191600,0.0,0.0,0.0
2003-07-09,112.9000015258789,113.30999755859375,112.6500015258789,113.0,44.299007415771484,131800,0.0,0.0,0.0
2003-07-10,113.5999984741211,113.5999984741211,113.0,113.2300033569336,44.38917922973633,68000,0.0,0.0,0.0
2003-07-11,113.44999694824219,113.48999786376953,113.19999694824219,113.37000274658203,44.4440803527832,43700,0.0,0.0,0.0
2003-07-14,113.25,113.94999694824219,113.06999969482422,113.06999969482422,44.32643508911133,47400,0.0,0.0,0.0
2003-07-15,113.25,113.25,111.43000030517578,111.77999877929688,43.82075119018555,64700,0.0,0.0,0.0
2003-07-16,111.0,111.94000244140625,111.0,111.73999786376953,43.805049896240234,191200,0.0,0.0,0.0
2003-07-17,111.6500015258789,111.76000213623047,111.0,111.22000122070312,43.6012077331543,80600,0.0,0.0,0.0
2003-07-18,111.75,111.83999633789062,111.20999908447266,111.69000244140625,43.78544616699219,74100,0.0,0.0,0.0
2003-07-21,111.5999984741211,111.5999984741211,110.01000213623047,110.33999633789062,43.256221771240234,40900,0.0,0.0,0.0
2003-07-22,110.1500015258789,110.72000122070312,109.83000183105469,110.25,43.220909118652344,116500,0.0,0.0,0.0
2003-07-23,111.0999984741211,111.31999969482422,110.69999694824219,110.9800033569336,43.507102966308594,172300,0.0,0.0,0.0
2003-07-24,110.73999786376953,110.73999786376953,110.12999725341797,110.5,43.318973541259766,73000,0.0,0.0,0.0
2003-07-25,110.69999694824219,111.16999816894531,109.94999694824219,110.25,43.220909118652344,95300,0.0,0.0,0.0
2003-07-28,109.75,110.12000274658203,109.1500015258789,109.1500015258789,42.789703369140625,142100,0.0,0.0,0.0
2003-07-29,109.0,110.0,108.12000274658203,108.1500015258789,42.39767074584961,355200,0.0,0.0,0.0
2003-07-30,108.4800033569336,109.25,108.37000274658203,108.69999694824219,42.613311767578125,565300,0.0,0.0,0.0
2003-07-31,108.3499984741211,108.43000030517578,107.0,107.3499984741211,42.08405685424805,165400,0.0,0.0,0.0
2003-08-01,106.69999694824219,107.31999969482422,106.19999694824219,106.94999694824219,42.20915985107422,179400,0.717,0.0,0.0
2003-08-04,106.72000122070312,107.75,106.72000122070312,107.58000183105469,42.45779800415039,74200,0.0,0.0,0.0
2003-08-05,107.30000305175781,107.8499984741211,106.7300033569336,107.08999633789062,42.26443099975586,82500,0.0,0.0,0.0
2003-08-06,107.30000305175781,107.94000244140625,106.80000305175781,107.5,42.42626190185547,103500,0.0,0.0,0.0
2003-08-07,108.25,108.27999877929688,107.4000015258789,108.08999633789062,42.659061431884766,62800,0.0,0.0,0.0
2003-08-08,108.0999984741211,108.73999786376953,107.80000305175781,108.1500015258789,42.6827278137207,40500,0.0,0.0,0.0
2003-08-11,108.0999984741211,108.16999816894531,107.41000366210938,107.7300033569336,42.517032623291016,76500,0.0,0.0,0.0
2003-08-12,107.55000305175781,108.20999908447266,107.4000015258789,107.61000061035156,42.469669342041016,55600,0.0,0.0,0.0
2003-08-13,107.4000015258789,107.4000015258789,106.29000091552734,106.4000015258789,41.99208068847656,88100,0.0,0.0,0.0
2003-08-14,106.05999755859375,106.97000122070312,105.7699966430664,106.54000091552734,42.04738235473633,456200,0.0,0.0,0.0
2003-08-15,106.4000015258789,107.75,106.4000015258789,106.75,42.13021469116211,8000,0.0,0.0,0.0
2003-08-18,107.05000305175781,107.36000061035156,106.5999984741211,107.0999984741211,42.26834487915039,40800,0.0,0.0,0.0
2003-08-19,107.4000015258789,108.05999755859375,106.91999816894531,108.05000305175781,42.64326477050781,101100,0.0,0.0,0.0
2003-08-20,108.01000213623047,108.38999938964844,107.41999816894531,107.72000122070312,42.513065338134766,32100,0.0,0.0,0.0
2003-08-21,107.94999694824219,108.0,107.0999984741211,107.19999694824219,42.30780792236328,88100,0.0,0.0,0.0
2003-08-22,107.69999694824219,107.91000366210938,107.22000122070312,107.72000122070312,42.513065338134766,66500,0.0,0.0,0.0
2003-08-25,107.4000015258789,107.88999938964844,107.01000213623047,107.23999786376953,42.323631286621094,55400,0.0,0.0,0.0
2003-08-26,107.19999694824219,107.62999725341797,106.7699966430664,107.44999694824219,42.40651321411133,47200,0.0,0.0,0.0
2003-08-27,107.91999816894531,107.91999816894531,107.05999755859375,107.43000030517578,42.398597717285156,23700,0.0,0.0,0.0
2003-08-28,107.72000122070312,108.4000015258789,107.51000213623047,108.22000122070312,42.710357666015625,105300,0.0,0.0,0.0
2003-08-29,108.68000030517578,108.68000030517578,107.80000305175781,108.18000030517578,42.694580078125,42600,0.0,0.0,0.0
2003-09-02,106.88999938964844,107.62999725341797,106.88999938964844,107.16000366210938,42.5928955078125,135100,0.764,0.0,0.0
2003-09-03,107.05999755859375,107.5199966430664,106.80999755859375,107.47000122070312,42.716068267822266,69500,0.0,0.0,0.0
2003-09-04,107.47000122070312,107.97000122070312,107.05999755859375,107.83999633789062,42.863128662109375,364600,0.0,0.0,0.0
2003-09-05,108.05000305175781,109.0,107.93000030517578,108.66000366210938,43.1890983581543,738700,0.0,0.0,0.0
2003-09-08,108.79000091552734,109.3499984741211,108.25,108.26000213623047,43.03008270263672,264900,0.0,0.0,0.0
2003-09-09,108.81999969482422,108.81999969482422,107.86000061035156,108.5999984741211,43.165199279785156,193200,0.0,0.0,0.0
2003-09-10,108.8499984741211,109.47000122070312,108.6500015258789,109.47000122070312,43.5109748840332,50600,0.0,0.0,0.0
2003-09-11,109.19999694824219,109.33000183105469,108.69999694824219,108.9000015258789,43.28446578979492,137900,0.0,0.0,0.0
2003-09-12,109.52999877929688,110.13999938964844,109.36000061035156,109.69999694824219,43.60240936279297,33300,0.0,0.0,0.0
2003-09-15,109.69999694824219,109.8499984741211,109.08000183105469,109.73999786376953,43.618324279785156,345300,0.0,0.0,0.0
2003-09-16,109.80000305175781,109.98999786376953,109.26000213623047,109.9800033569336,43.71370315551758,44300,0.0,0.0,0.0
2003-09-17,110.31999969482422,110.7699966430664,109.69999694824219,110.6500015258789,43.98002624511719,87700,0.0,0.0,0.0
2003-09-18,110.5,110.80000305175781,110.01000213623047,110.5,43.920406341552734,83300,0.0,0.0,0.0
2003-09-19,110.5999984741211,110.77999877929688,110.27999877929688,110.61000061035156,43.96413803100586,33700,0.0,0.0,0.0
2003-09-22,110.16999816894531,110.27999877929688,109.5199966430664,110.19999694824219,43.8011474609375,161300,0.0,0.0,0.0
2003-09-23,110.19999694824219,110.37999725341797,109.51000213623047,110.36000061035156,43.864749908447266,551000,0.0,0.0,0.0
2003-09-24,110.11000061035156,110.94000244140625,110.11000061035156,110.77999877929688,44.03164291381836,58900,0.0,0.0,0.0
2003-09-25,110.94000244140625,111.16000366210938,110.56999969482422,111.16000366210938,44.18273162841797,50600,0.0,0.0,0.0
2003-09-26,111.3499984741211,111.8499984741211,111.11000061035156,111.8499984741211,44.45701217651367,36700,0.0,0.0,0.0
2003-09-29,111.6500015258789,111.73999786376953,111.19999694824219,111.55000305175781,44.337745666503906,79800,0.0,0.0,0.0
2003-09-30,111.69999694824219,112.33000183105469,111.43000030517578,112.29000091552734,44.63186264038086,57500,0.0,0.0,0.0
2003-10-01,111.80000305175781,112.0,111.38999938964844,111.87999725341797,44.76030349731445,420900,0.731,0.0,0.0
2003-10-02,110.80000305175781,111.75,110.80000305175781,111.44999694824219,44.588279724121094,105300,0.0,0.0,0.0
2003-10-03,110.25,110.70999908447266,109.72000122070312,109.9000015258789,43.96811294555664,584500,0.0,0.0,0.0
2003-10-06,109.55999755859375,110.19999694824219,109.55999755859375,110.01000213623047,44.012176513671875,111800,0.0,0.0,0.0
2003-10-07,110.05999755859375,110.43000030517578,109.62000274658203,109.63999938964844,43.8641357421875,33200,0.0,0.0,0.0
2003-10-08,109.55000305175781,110.33999633789062,109.55000305175781,110.04000091552734,44.024169921875,524800,0.0,0.0,0.0
2003-10-09,109.44000244140625,109.77999877929688,109.05000305175781,109.66000366210938,43.87217330932617,71700,0.0,0.0,0.0
2003-10-10,109.5999984741211,110.41000366210938,109.5999984741211,110.19999694824219,44.08814239501953,286000,0.0,0.0,0.0
2003-10-13,109.6500015258789,110.1500015258789,109.6500015258789,110.12999725341797,44.060157775878906,26800,0.0,0.0,0.0
2003-10-14,109.8499984741211,110.13999938964844,109.51000213623047,109.68000030517578,43.88011169433594,47700,0.0,0.0,0.0
2003-10-15,109.6500015258789,109.73999786376953,109.23999786376953,109.69000244140625,43.884124755859375,53600,0.0,0.0,0.0
2003-10-16,109.83999633789062,109.83999633789062,109.06999969482422,109.33999633789062,43.74407958984375,752200,0.0,0.0,0.0
2003-10-17,109.06999969482422,109.9800033569336,109.06999969482422,109.94000244140625,43.98411178588867,35600,0.0,0.0,0.0
2003-10-20,109.93000030517578,110.27999877929688,109.54000091552734,110.04000091552734,44.024169921875,26500,0.0,0.0,0.0
2003-10-21,110.4000015258789,110.44000244140625,109.58000183105469,110.08000183105469,44.0401725769043,233000,0.0,0.0,0.0
2003-10-22,110.4000015258789,110.5,110.0999984741211,110.4000015258789,44.16815948486328,57900,0.0,0.0,0.0
2003-10-23,110.5,110.5,109.44000244140625,109.80000305175781,43.9281120300293,54000,0.0,0.0,0.0
2003-10-24,110.5999984741211,110.5999984741211,110.12999725341797,110.5999984741211,44.24818420410156,190300,0.0,0.0,0.0
2003-10-27,110.5999984741211,110.6500015258789,110.05000305175781,110.3499984741211,44.1481819152832,35000,0.0,0.0,0.0
2003-10-28,110.43000030517578,111.08999633789062,109.9000015258789,111.08000183105469,44.44022750854492,68100,0.0,0.0,0.0
2003-10-29,110.76000213623047,111.08000183105469,110.22000122070312,110.30000305175781,44.128150939941406,72500,0.0,0.0,0.0
2003-10-30,109.75,110.1500015258789,109.5,110.1500015258789,44.068172454833984,64700,0.0,0.0,0.0
2003-10-31,109.94999694824219,110.43000030517578,109.91000366210938,110.1500015258789,44.068172454833984,45100,0.0,0.0,0.0
2003-11-03,110.30000305175781,110.30000305175781,109.16999816894531,109.77999877929688,44.09108352661133,150800,0.427,0.0,0.0
2003-11-04,109.73999786376953,109.97000122070312,109.5,109.94999694824219,44.15932083129883,89800,0.0,0.0,0.0
2003-11-05,109.94999694824219,109.94999694824219,109.18000030517578,109.18000030517578,43.850093841552734,50900,0.0,0.0,0.0
2003-11-06,109.1500015258789,109.19000244140625,108.56999969482422,108.58000183105469,43.60911178588867,50200,0.0,0.0,0.0
2003-11-07,108.56999969482422,108.86000061035156,108.12000274658203,108.79000091552734,43.69347381591797,71500,0.0,0.0,0.0
2003-11-10,108.94999694824219,109.02999877929688,108.30000305175781,108.47000122070312,43.56493377685547,78200,0.0,0.0,0.0
2003-11-11,108.12000274658203,108.98999786376953,108.11000061035156,108.94000244140625,43.753662109375,32200,0.0,0.0,0.0
2003-11-12,109.0999984741211,109.19999694824219,108.86000061035156,109.0,43.77779769897461,76100,0.0,0.0,0.0
2003-11-13,109.4000015258789,110.3499984741211,109.4000015258789,110.02999877929688,44.19146728515625,62000,0.0,0.0,0.0
2003-11-14,110.0,110.69000244140625,110.0,110.62999725341797,44.432437896728516,322000,0.0,0.0,0.0
2003-11-17,111.25,111.27999877929688,110.79000091552734,110.83999633789062,44.51680374145508,165700,0.0,0.0,0.0
2003-11-18,110.80000305175781,111.33000183105469,110.4800033569336,111.33000183105469,44.71357727050781,30500,0.0,0.0,0.0
2003-11-19,111.0999984741211,111.55999755859375,110.3499984741211,110.3499984741211,44.3199577331543,436800,0.0,0.0,0.0
2003-11-20,111.0,111.2300033569336,110.30000305175781,110.87999725341797,44.53286361694336,40500,0.0,0.0,0.0
2003-11-21,111.25,111.43000030517578,110.8499984741211,111.25,44.68143844604492,33200,0.0,0.0,0.0
2003-11-24,110.4000015258789,110.97000122070312,110.27999877929688,110.5,44.380218505859375,29500,0.0,0.0,0.0
2003-11-25,110.51000213623047,111.08000183105469,110.5,110.8499984741211,44.52080535888672,32600,0.0,0.0,0.0
2003-11-26,111.05000305175781,111.18000030517578,110.5199966430664,110.61000061035156,44.42442321777344,18900,0.0,0.0,0.0
2003-11-28,110.6500015258789,110.6500015258789,110.0,110.05999755859375,44.203521728515625,32900,0.0,0.0,0.0
2003-12-01,109.0,109.44000244140625,108.75,109.38999938964844,44.11155319213867,183000,0.442,0.0,0.0
2003-12-02,109.47000122070312,109.80999755859375,108.69999694824219,109.69000244140625,44.232547760009766,227300,0.0,0.0,0.0
2003-12-03,110.0,110.0,109.12999725341797,109.5,44.15591049194336,181500,0.0,0.0,0.0
2003-12-04,109.8499984741211,109.8499984741211,109.08000183105469,109.58999633789062,44.19219970703125,672300,0.0,0.0,0.0
2003-12-05,110.38999938964844,110.93000030517578,109.97000122070312,110.7300033569336,44.65195083618164,81900,0.0,0.0,0.0
2003-12-08,110.79000091552734,110.79000091552734,109.72000122070312,109.9000015258789,44.317230224609375,275000,0.0,0.0,0.0
2003-12-09,110.0,110.48999786376953,109.0999984741211,109.55000305175781,44.176082611083984,38100,0.0,0.0,0.0
2003-12-10,110.3499984741211,110.3499984741211,109.30000305175781,109.80000305175781,44.27690887451172,34200,0.0,0.0,0.0
2003-12-11,109.0999984741211,110.31999969482422,109.0999984741211,110.30000305175781,44.47852325439453,65000,0.0,0.0,0.0
2003-12-12,110.62999725341797,110.7300033569336,110.25,110.5999984741211,44.59950637817383,78200,0.0,0.0,0.0
2003-12-15,110.0999984741211,110.69999694824219,110.0199966430664,110.3499984741211,44.49869155883789,275500,0.0,0.0,0.0
2003-12-16,110.75,110.75,110.05999755859375,110.5999984741211,45.16638946533203,40600,1.385,0.0,0.0
2003-12-17,110.5999984741211,111.23999786376953,110.55000305175781,110.8499984741211,45.26845932006836,41900,0.0,0.0,0.0
2003-12-18,111.05999755859375,111.48999786376953,110.86000061035156,111.48999786376953,45.52981948852539,45700,0.0,0.0,0.0
2003-12-19,111.48999786376953,111.56999969482422,111.0,111.55999755859375,45.558433532714844,152700,0.0,0.0,0.0
2003-12-22,111.9000015258789,112.0,111.01000213623047,111.3499984741211,45.47267532348633,299400,0.0,0.0,0.0
2003-12-23,111.4000015258789,111.4000015258789,110.63999938964844,110.70999908447266,45.211307525634766,39900,0.0,0.0,0.0
2003-12-24,111.19999694824219,111.37000274658203,110.76000213623047,111.37000274658203,45.48081588745117,29700,0.0,0.0,0.0
2003-12-26,111.77999877929688,111.77999877929688,111.19999694824219,111.4000015258789,45.49307632446289,17600,0.0,0.0,0.0
2003-12-29,111.6500015258789,111.6500015258789,110.75,111.18000030517578,45.40324020385742,82400,0.0,0.0,0.0
2003-12-30,110.88999938964844,111.13999938964844,110.52999877929688,110.75,45.2276496887207,55700,0.0,0.0,0.0
2003-12-31,110.8499984741211,110.8499984741211,110.19999694824219,110.56999969482422,45.34038162231445,53600,0.455,0.0,0.0
2004-01-02,110.56999969482422,110.56999969482422,109.6500015258789,109.77999877929688,45.016475677490234,209600,0.0,0.0,0.0
2004-01-05,110.05000305175781,110.1500015258789,109.6500015258789,109.9000015258789,45.065670013427734,69900,0.0,0.0,0.0
2004-01-06,110.4000015258789,110.94999694824219,110.0,110.88999938964844,45.471614837646484,304400,0.0,0.0,0.0
2004-01-07,110.8499984741211,111.29000091552734,110.69999694824219,110.9800033569336,45.50852966308594,60600,0.0,0.0,0.0
2004-01-08,111.1500015258789,111.30000305175781,110.80000305175781,111.16000366210938,45.582313537597656,63400,0.0,0.0,0.0
2004-01-09,111.9000015258789,112.19999694824219,111.58999633789062,112.05999755859375,45.951393127441406,86600,0.0,0.0,0.0
2004-01-12,112.0,112.72000122070312,112.0,112.25,46.029327392578125,114500,0.0,0.0,0.0
2004-01-13,111.8499984741211,112.87999725341797,111.8499984741211,112.55000305175781,46.15236282348633,72500,0.0,0.0,0.0
2004-01-14,112.8499984741211,113.11000061035156,112.30000305175781,112.79000091552734,46.250755310058594,272300,0.0,0.0,0.0
2004-01-15,113.0999984741211,113.30000305175781,112.69999694824219,113.30000305175781,46.459877014160156,165700,0.0,0.0,0.0
2004-01-16,113.01000213623047,113.44000244140625,112.77999877929688,112.80000305175781,46.254817962646484,45600,0.0,0.0,0.0
2004-01-20,112.69999694824219,113.18000030517578,112.43000030517578,112.56999969482422,46.1605110168457,76100,0.0,0.0,0.0
2004-01-21,112.81999969482422,112.98999786376953,112.30000305175781,112.83000183105469,46.26713180541992,43800,0.0,0.0,0.0
2004-01-22,113.0,113.62000274658203,112.63999938964844,113.4000015258789,46.50086212158203,77800,0.0,0.0,0.0
2004-01-23,113.75,113.87000274658203,112.4800033569336,112.5,46.1318244934082,112900,0.0,0.0,0.0
2004-01-26,112.75,112.75,111.87999725341797,111.87999725341797,45.87757873535156,239100,0.0,0.0,0.0
2004-01-27,112.4000015258789,112.77999877929688,112.19999694824219,112.55999755859375,46.156410217285156,571700,0.0,0.0,0.0
2004-01-28,112.80000305175781,113.12000274658203,111.5,111.66999816894531,45.79145812988281,70100,0.0,0.0,0.0
2004-01-29,111.69999694824219,111.95999908447266,111.30000305175781,111.6500015258789,45.783260345458984,133100,0.0,0.0,0.0
2004-01-30,112.25,112.36000061035156,111.5199966430664,111.91999816894531,45.893985748291016,80000,0.0,0.0,0.0
2004-02-02,111.80000305175781,111.87999725341797,111.4000015258789,111.44999694824219,45.88164138793945,320600,0.44,0.0,0.0
2004-02-03,111.94999694824219,111.94999694824219,111.33999633789062,111.68000030517578,45.97633743286133,152200,0.0,0.0,0.0
2004-02-04,111.66999816894531,111.8499984741211,111.30000305175781,111.58999633789062,45.93922805786133,55000,0.0,0.0,0.0
2004-02-05,111.58000183105469,111.9000015258789,111.13999938964844,111.4000015258789,45.861045837402344,47100,0.0,0.0,0.0
2004-02-06,111.94999694824219,112.0999984741211,111.5,111.7300033569336,45.996925354003906,122500,0.0,0.0,0.0
2004-02-09,111.77999877929688,112.30000305175781,111.66999816894531,112.19999694824219,46.19039535522461,130400,0.0,0.0,0.0
2004-02-10,112.25,112.25,111.72000122070312,111.87000274658203,46.054534912109375,52400,0.0,0.0,0.0
2004-02-11,111.51000213623047,112.86000061035156,111.51000213623047,112.55000305175781,46.33447265625,41700,0.0,0.0,0.0
2004-02-12,112.83000183105469,112.83000183105469,112.08000183105469,112.3499984741211,46.252174377441406,106100,0.0,0.0,0.0
2004-02-13,113.0,113.01000213623047,112.47000122070312,112.98999786376953,46.515621185302734,92300,0.0,0.0,0.0
2004-02-17,113.02999877929688,113.02999877929688,112.5999984741211,112.66000366210938,46.37974548339844,64800,0.0,0.0,0.0
2004-02-18,113.08999633789062,113.0999984741211,112.2300033569336,112.4000015258789,46.27275085449219,52400,0.0,0.0,0.0
2004-02-19,112.68000030517578,113.51000213623047,112.36000061035156,112.80000305175781,46.43742370605469,51900,0.0,0.0,0.0
2004-02-20,112.95999908447266,112.95999908447266,112.22000122070312,112.25,46.210994720458984,119300,0.0,0.0,0.0
2004-02-23,112.5,112.83999633789062,112.30000305175781,112.55999755859375,46.338600158691406,33600,0.0,0.0,0.0
2004-02-24,112.36000061035156,113.08000183105469,112.36000061035156,112.66999816894531,46.38390350341797,63100,0.0,0.0,0.0
2004-02-25,113.05000305175781,113.23999786376953,112.44999694824219,112.75,46.416831970214844,49500,0.0,0.0,0.0
2004-02-26,112.83999633789062,112.94999694824219,112.52999877929688,112.83000183105469,46.449764251708984,37700,0.0,0.0,0.0
2004-02-27,112.86000061035156,113.30999755859375,112.81999969482422,113.16000366210938,46.585628509521484,39700,0.0,0.0,0.0
2004-03-01,112.93000030517578,113.05000305175781,112.43000030517578,112.69000244140625,46.571144104003906,291000,0.435,0.0,0.0
2004-03-02,112.79000091552734,112.83999633789062,112.01000213623047,112.47000122070312,46.48024368286133,51800,0.0,0.0,0.0
2004-03-03,112.47000122070312,112.5,111.79000091552734,112.41999816894531,46.45953369140625,58800,0.0,0.0,0.0
2004-03-04,111.9000015258789,112.6500015258789,111.9000015258789,112.5999984741211,46.53394317626953,128000,0.0,0.0,0.0
2004-03-05,114.30000305175781,114.3499984741211,113.5199966430664,113.80000305175781,47.02985382080078,158600,0.0,0.0,0.0
2004-03-08,114.4000015258789,114.4800033569336,113.91999816894531,114.12000274658203,47.1621208190918,61000,0.0,0.0,0.0
2004-03-09,114.5,114.76000213623047,114.06999969482422,114.3499984741211,47.257198333740234,71000,0.0,0.0,0.0
2004-03-10,114.4000015258789,114.75,114.30000305175781,114.72000122070312,47.41006851196289,60300,0.0,0.0,0.0
2004-03-11,114.69000244140625,114.79000091552734,113.81999969482422,114.2300033569336,47.20760726928711,145800,0.0,0.0,0.0
2004-03-12,114.69999694824219,114.69999694824219,113.88999938964844,114.0999984741211,47.153846740722656,69700,0.0,0.0,0.0
2004-03-15,113.91000366210938,114.43000030517578,113.86000061035156,114.2300033569336,47.20760726928711,67900,0.0,0.0,0.0
2004-03-16,114.01000213623047,114.8499984741211,113.77999877929688,114.75,47.42247009277344,98400,0.0,0.0,0.0
2004-03-17,114.98999786376953,115.0,114.5999984741211,114.80999755859375,47.44725799560547,34700,0.0,0.0,0.0
2004-03-18,114.80000305175781,114.9800033569336,114.19999694824219,114.33000183105469,47.248905181884766,173700,0.0,0.0,0.0
2004-03-19,114.56999969482422,114.56999969482422,113.91999816894531,114.1500015258789,47.174537658691406,139700,0.0,0.0,0.0
2004-03-22,114.48999786376953,114.83000183105469,114.18000030517578,114.58999633789062,47.35635757446289,48400,0.0,0.0,0.0
2004-03-23,114.66999816894531,114.80000305175781,114.26000213623047,114.80000305175781,47.44316101074219,65600,0.0,0.0,0.0
2004-03-24,114.91000366210938,114.91000366210938,114.5,114.69000244140625,47.39766311645508,38200,0.0,0.0,0.0
2004-03-25,114.66000366210938,114.69999694824219,114.27999877929688,114.37999725341797,47.269554138183594,50500,0.0,0.0,0.0
2004-03-26,114.44000244140625,114.4800033569336,113.5199966430664,113.52999877929688,46.91829299926758,139200,0.0,0.0,0.0
2004-03-29,113.6500015258789,113.70999908447266,113.12999725341797,113.70999908447266,46.9926872253418,153900,0.0,0.0,0.0
2004-03-30,113.8499984741211,113.91000366210938,113.41000366210938,113.43000030517578,46.8769416809082,60900,0.0,0.0,0.0
2004-03-31,113.7300033569336,114.19999694824219,113.33000183105469,113.83999633789062,47.04644012451172,246500,0.0,0.0,0.0
2004-04-01,113.9000015258789,113.9000015258789,113.0999984741211,113.36000061035156,47.02604675292969,393100,0.431,0.0,0.0
2004-04-02,111.8499984741211,111.98999786376953,111.37999725341797,111.58999633789062,46.291786193847656,226800,0.0,0.0,0.0
2004-04-05,110.9000015258789,111.33999633789062,110.75,111.02999877929688,46.05951690673828,127600,0.0,0.0,0.0
2004-04-06,111.3499984741211,111.69000244140625,111.20999908447266,111.55000305175781,46.27518081665039,48800,0.0,0.0,0.0
2004-04-07,111.5999984741211,112.0999984741211,111.31999969482422,111.58000183105469,46.28765106201172,29900,0.0,0.0,0.0
2004-04-08,111.5999984741211,111.80000305175781,111.1500015258789,111.69000244140625,46.333274841308594,36000,0.0,0.0,0.0
2004-04-12,111.41999816894531,111.41999816894531,110.80999755859375,111.01000213623047,46.05121994018555,79900,0.0,0.0,0.0
2004-04-13,110.19999694824219,110.83999633789062,110.19999694824219,110.30999755859375,45.76082229614258,91300,0.0,0.0,0.0
2004-04-14,109.98999786376953,110.31999969482422,109.7300033569336,110.16000366210938,45.69860076904297,134200,0.0,0.0,0.0
2004-04-15,110.0,110.4000015258789,109.63999938964844,109.69999694824219,45.50773620605469,144000,0.0,0.0,0.0
2004-04-16,110.0199966430664,110.48999786376953,110.01000213623047,110.33000183105469,45.76914596557617,32200,0.0,0.0,0.0
2004-04-19,110.48999786376953,110.5,109.8499984741211,110.12999725341797,45.68613815307617,47300,0.0,0.0,0.0
2004-04-20,109.5,110.1500015258789,109.37999725341797,109.41000366210938,45.38749313354492,35000,0.0,0.0,0.0
2004-04-21,109.30000305175781,109.80000305175781,109.18000030517578,109.5,45.42477798461914,245500,0.0,0.0,0.0
2004-04-22,109.62999725341797,110.22000122070312,109.55999755859375,110.0999984741211,45.67372131347656,37000,0.0,0.0,0.0
2004-04-23,109.43000030517578,109.83999633789062,109.30000305175781,109.62999725341797,45.47870635986328,67100,0.0,0.0,0.0
2004-04-26,109.80000305175781,109.94999694824219,109.44000244140625,109.63999938964844,45.4828987121582,61000,0.0,0.0,0.0
2004-04-27,109.44999694824219,110.16000366210938,109.44999694824219,110.16000366210938,45.69860076904297,105000,0.0,0.0,0.0
2004-04-28,109.5,110.05999755859375,109.2699966430664,109.48999786376953,45.420658111572266,132200,0.0,0.0,0.0
2004-04-29,109.0999984741211,109.73999786376953,108.62000274658203,109.0,45.21736145019531,235200,0.0,0.0,0.0
2004-04-30,109.1500015258789,109.5,108.70999908447266,109.0,45.21736145019531,74100,0.0,0.0,0.0
2004-05-03,108.8499984741211,108.88999938964844,108.41000366210938,108.70999908447266,45.276554107666016,210800,0.432,0.0,0.0
2004-05-04,109.0,109.1500015258789,108.33999633789062,108.3499984741211,45.12657928466797,78200,0.0,0.0,0.0
2004-05-05,108.41999816894531,108.72000122070312,107.80999755859375,108.19000244140625,45.059974670410156,262200,0.0,0.0,0.0
2004-05-06,107.94000244140625,107.9800033569336,107.58000183105469,107.69999694824219,44.8558349609375,53700,0.0,0.0,0.0
2004-05-07,106.9000015258789,106.9000015258789,106.1500015258789,106.30000305175781,44.272769927978516,136200,0.0,0.0,0.0
2004-05-10,106.05999755859375,106.19999694824219,105.5,105.51000213623047,43.94377899169922,338300,0.0,0.0,0.0
2004-05-11,105.61000061035156,105.94000244140625,105.56999969482422,105.72000122070312,44.03120040893555,224200,0.0,0.0,0.0
2004-05-12,106.19999694824219,106.23999786376953,105.5,105.76000213623047,44.047874450683594,98200,0.0,0.0,0.0
2004-05-13,105.38999938964844,105.5,105.12999725341797,105.19999694824219,43.814640045166016,106400,0.0,0.0,0.0
2004-05-14,105.91000366210938,106.27999877929688,105.36000061035156,105.83999633789062,44.08119583129883,60300,0.0,0.0,0.0
2004-05-17,106.45999908447266,106.5,106.1500015258789,106.3499984741211,44.293601989746094,162000,0.0,0.0,0.0
2004-05-18,106.7300033569336,106.7300033569336,106.01000213623047,106.5,44.3560676574707,47400,0.0,0.0,0.0
2004-05-19,106.5,106.5,105.97000122070312,106.1500015258789,44.21028137207031,36500,0.0,0.0,0.0
2004-05-20,106.33000183105469,106.75,106.26000213623047,106.73999786376953,44.4560432434082,47800,0.0,0.0,0.0
2004-05-21,106.9000015258789,106.9000015258789,106.41999816894531,106.6500015258789,44.418556213378906,282900,0.0,0.0,0.0
2004-05-24,107.0,107.11000061035156,106.70999908447266,107.08000183105469,44.59765625,187500,0.0,0.0,0.0
2004-05-25,107.3499984741211,107.37000274658203,106.77999877929688,107.19000244140625,44.64347457885742,219100,0.0,0.0,0.0
2004-05-26,107.5999984741211,107.66999816894531,106.98999786376953,107.66999816894531,44.843360900878906,159300,0.0,0.0,0.0
2004-05-27,108.06999969482422,108.18000030517578,107.48999786376953,108.16000366210938,45.047462463378906,179700,0.0,0.0,0.0
2004-05-28,108.0,108.2300033569336,107.77999877929688,108.0,44.98084259033203,80900,0.0,0.0,0.0
2004-06-01,107.29000091552734,107.29000091552734,106.69999694824219,106.98999786376953,44.74077224731445,114000,0.436,0.0,0.0
2004-06-02,106.97000122070312,107.01000213623047,106.5999984741211,106.70999908447266,44.623714447021484,73800,0.0,0.0,0.0
2004-06-03,106.66999816894531,107.05999755859375,106.55000305175781,106.98999786376953,44.74077224731445,91600,0.0,0.0,0.0
2004-06-04,107.0,107.0,106.41999816894531,106.61000061035156,44.5818977355957,94300,0.0,0.0,0.0
2004-06-07,106.5999984741211,106.7699966430664,106.38999938964844,106.75,44.64040756225586,52500,0.0,0.0,0.0
2004-06-08,106.20999908447266,106.80999755859375,106.20999908447266,106.76000213623047,44.64460372924805,83200,0.0,0.0,0.0
2004-06-09,106.8499984741211,106.86000061035156,106.16000366210938,106.29000091552734,44.44804000854492,91300,0.0,0.0,0.0
2004-06-10,106.06999969482422,106.5,105.94999694824219,106.3499984741211,44.47315216064453,162400,0.0,0.0,0.0
2004-06-14,106.45999908447266,106.45999908447266,105.80000305175781,105.80999755859375,44.247314453125,68400,0.0,0.0,0.0
2004-06-15,106.30000305175781,107.25,106.12999725341797,107.01000213623047,44.74911880493164,116100,0.0,0.0,0.0
2004-06-16,107.0999984741211,107.13999938964844,106.5,107.0199966430664,44.75330352783203,87200,0.0,0.0,0.0
2004-06-17,107.04000091552734,107.33000183105469,106.6500015258789,107.2300033569336,44.841129302978516,63300,0.0,0.0,0.0
2004-06-18,107.05999755859375,107.48999786376953,106.86000061035156,107.0999984741211,44.78676223754883,52500,0.0,0.0,0.0
2004-06-21,107.3499984741211,107.5,107.11000061035156,107.29000091552734,44.86622619628906,66800,0.0,0.0,0.0
2004-06-22,107.55000305175781,107.55000305175781,106.66999816894531,107.13999938964844,44.803504943847656,268800,0.0,0.0,0.0
2004-06-23,107.33999633789062,107.5999984741211,106.86000061035156,107.06999969482422,44.77425765991211,163900,0.0,0.0,0.0
2004-06-24,107.91000366210938,107.91999816894531,107.41999816894531,107.41999816894531,44.92060089111328,93500,0.0,0.0,0.0
2004-06-25,107.19999694824219,107.7300033569336,107.19999694824219,107.5,44.95408248901367,211700,0.0,0.0,0.0
2004-06-28,107.54000091552734,107.54000091552734,106.72000122070312,106.75,44.64040756225586,53900,0.0,0.0,0.0
2004-06-29,107.20999908447266,107.5,106.56999969482422,107.5,44.95408248901367,110700,0.0,0.0,0.0
2004-06-30,107.58999633789062,107.9800033569336,107.20999908447266,107.69999694824219,45.03766632080078,52400,0.0,0.0,0.0
2004-07-01,107.22000122070312,107.83999633789062,107.0999984741211,107.80000305175781,45.26276397705078,422400,0.436,0.0,0.0
2004-07-02,108.30999755859375,108.6500015258789,108.25,108.55000305175781,45.577632904052734,40900,0.0,0.0,0.0
2004-07-06,108.66999816894531,108.66999816894531,108.0,108.30000305175781,45.4726448059082,49900,0.0,0.0,0.0
2004-07-07,108.30000305175781,108.52999877929688,108.30000305175781,108.38999938964844,45.510440826416016,27800,0.0,0.0,0.0
2004-07-08,108.51000213623047,108.6500015258789,108.3499984741211,108.44999694824219,45.53565216064453,46600,0.0,0.0,0.0
2004-07-09,108.5,108.55000305175781,108.0999984741211,108.48999786376953,45.55243682861328,32600,0.0,0.0,0.0
2004-07-12,108.7699966430664,108.81999969482422,108.52999877929688,108.70999908447266,45.64486312866211,70300,0.0,0.0,0.0
2004-07-13,108.5999984741211,108.5999984741211,108.25,108.5,45.556644439697266,64500,0.0,0.0,0.0
2004-07-14,108.6500015258789,108.69000244140625,108.3499984741211,108.55000305175781,45.577632904052734,22600,0.0,0.0,0.0
2004-07-15,108.68000030517578,108.7300033569336,108.25,108.33000183105469,45.485286712646484,233500,0.0,0.0,0.0
2004-07-16,108.95999908447266,109.37999725341797,108.5,109.37999725341797,45.92613983154297,191200,0.0,0.0,0.0
2004-07-19,109.4000015258789,109.5,109.16000366210938,109.44999694824219,45.955528259277344,38700,0.0,0.0,0.0
2004-07-20,109.20999908447266,109.4000015258789,108.66999816894531,108.69999694824219,45.64061737060547,37800,0.0,0.0,0.0
2004-07-21,108.72000122070312,108.72000122070312,108.16999816894531,108.68000030517578,45.6322135925293,49700,0.0,0.0,0.0
2004-07-22,108.68000030517578,108.93000030517578,108.43000030517578,108.43000030517578,45.52725601196289,38900,0.0,0.0,0.0
2004-07-23,108.91000366210938,109.0,108.56999969482422,108.9000015258789,45.72458267211914,34600,0.0,0.0,0.0
2004-07-26,108.88999938964844,108.9000015258789,108.5,108.83999633789062,45.699424743652344,44000,0.0,0.0,0.0
2004-07-27,108.41000366210938,108.69999694824219,107.83000183105469,108.08000183105469,45.38032150268555,379000,0.0,0.0,0.0
2004-07-28,107.94999694824219,108.05000305175781,107.55999755859375,107.76000213623047,45.24592208862305,67900,0.0,0.0,0.0
2004-07-29,107.55000305175781,108.25,107.55000305175781,108.16999816894531,45.418113708496094,45100,0.0,0.0,0.0
2004-07-30,108.9000015258789,108.94000244140625,108.43000030517578,108.94000244140625,45.74140930175781,135800,0.0,0.0,0.0
2004-08-02,108.73999786376953,108.83999633789062,108.44999694824219,108.7300033569336,45.835411071777344,77500,0.433,0.0,0.0
2004-08-03,108.94999694824219,108.9800033569336,108.13999938964844,108.61000061035156,45.78482437133789,147900,0.0,0.0,0.0
2004-08-04,108.80000305175781,109.08999633789062,108.55999755859375,108.9000015258789,45.90706253051758,34300,0.0,0.0,0.0
2004-08-05,109.30000305175781,109.30000305175781,108.80000305175781,109.0999984741211,45.99141311645508,77300,0.0,0.0,0.0
2004-08-06,110.30999755859375,110.41999816894531,109.95999908447266,110.08000183105469,46.40452575683594,102700,0.0,0.0,0.0
2004-08-09,110.4000015258789,110.4000015258789,109.98999786376953,110.0999984741211,46.412899017333984,46800,0.0,0.0,0.0
2004-08-10,110.19000244140625,110.19000244140625,109.44999694824219,109.73999786376953,46.26115036010742,38600,0.0,0.0,0.0
2004-08-11,109.9000015258789,109.97000122070312,109.37000274658203,109.66000366210938,46.227439880371094,25500,0.0,0.0,0.0
2004-08-12,109.5,110.19999694824219,109.4000015258789,109.80999755859375,46.290687561035156,84400,0.0,0.0,0.0
2004-08-13,109.94999694824219,110.5999984741211,109.94999694824219,110.25,46.47618103027344,61400,0.0,0.0,0.0
2004-08-16,110.16999816894531,110.23999786376953,109.7300033569336,110.13999938964844,46.429805755615234,131200,0.0,0.0,0.0
2004-08-17,110.11000061035156,110.73999786376953,110.0999984741211,110.73999786376953,46.682716369628906,39000,0.0,0.0,0.0
2004-08-18,111.04000091552734,111.04000091552734,110.22000122070312,110.41999816894531,46.5478401184082,82900,0.0,0.0,0.0
2004-08-19,110.4000015258789,110.93000030517578,110.33000183105469,110.80999755859375,46.71222686767578,51300,0.0,0.0,0.0
2004-08-20,110.80999755859375,110.87999725341797,110.4000015258789,110.41000366210938,46.54363250732422,48300,0.0,0.0,0.0
2004-08-23,110.31999969482422,110.3499984741211,109.95999908447266,110.19999694824219,46.4550895690918,33400,0.0,0.0,0.0
2004-08-24,109.75,110.2300033569336,109.75,110.0999984741211,46.412899017333984,385100,0.0,0.0,0.0
2004-08-25,110.56999969482422,110.76000213623047,110.30000305175781,110.62000274658203,46.632118225097656,233400,0.0,0.0,0.0
2004-08-26,110.81999969482422,110.9000015258789,110.37999725341797,110.69000244140625,46.661651611328125,42300,0.0,0.0,0.0
2004-08-27,110.69000244140625,111.0,110.63999938964844,110.94999694824219,46.7712516784668,142800,0.0,0.0,0.0
2004-08-30,111.19999694824219,111.37999725341797,110.70999908447266,111.37999725341797,46.95250701904297,67400,0.0,0.0,0.0
2004-08-31,111.4800033569336,112.0,111.25,111.8499984741211,47.15064239501953,68100,0.0,0.0,0.0
2004-09-01,111.55999755859375,111.63999938964844,111.02999877929688,111.19999694824219,47.06052017211914,128200,0.437,0.0,0.0
2004-09-02,111.01000213623047,111.3499984741211,110.55000305175781,110.7300033569336,46.86159896850586,70200,0.0,0.0,0.0
2004-09-03,110.22000122070312,110.55000305175781,109.83999633789062,109.86000061035156,46.493412017822266,92800,0.0,0.0,0.0
2004-09-07,110.05000305175781,110.4800033569336,110.0,110.4800033569336,46.75579833984375,70800,0.0,0.0,0.0
2004-09-08,110.37999725341797,111.18000030517578,110.29000091552734,110.94999694824219,46.954715728759766,63700,0.0,0.0,0.0
2004-09-09,111.0199966430664,111.48999786376953,110.9000015258789,111.18000030517578,47.05204391479492,50100,0.0,0.0,0.0
2004-09-10,111.47000122070312,111.47000122070312,111.0,111.12000274658203,47.026649475097656,47000,0.0,0.0,0.0
2004-09-13,111.29000091552734,111.54000091552734,110.95999908447266,111.5,47.18743896484375,148600,0.0,0.0,0.0
2004-09-14,111.48999786376953,111.69000244140625,111.30999755859375,111.52999877929688,47.200157165527344,47600,0.0,0.0,0.0
2004-09-15,111.66000366210938,111.66000366210938,111.31999969482422,111.52999877929688,47.200157165527344,25400,0.0,0.0,0.0
2004-09-16,111.66000366210938,112.30000305175781,111.54000091552734,112.16999816894531,47.47100830078125,64600,0.0,0.0,0.0
2004-09-17,112.16000366210938,112.19000244140625,111.70999908447266,111.75,47.293270111083984,56500,0.0,0.0,0.0
2004-09-20,112.11000061035156,112.37999725341797,111.87999725341797,112.36000061035156,47.551395416259766,106000,0.0,0.0,0.0
2004-09-21,112.19999694824219,112.52999877929688,111.91999816894531,112.4000015258789,47.568382263183594,54600,0.0,0.0,0.0
2004-09-22,112.37999725341797,112.94999694824219,112.13999938964844,112.80000305175781,47.7376594543457,1033000,0.0,0.0,0.0
2004-09-23,112.68000030517578,112.94999694824219,112.33999633789062,112.3499984741211,47.54717254638672,98000,0.0,0.0,0.0
2004-09-24,112.05999755859375,112.43000030517578,112.01000213623047,112.30999755859375,47.5302619934082,83600,0.0,0.0,0.0
2004-09-27,112.41000366210938,112.7699966430664,112.3499984741211,112.69999694824219,47.6953239440918,45500,0.0,0.0,0.0
2004-09-28,112.80000305175781,112.81999969482422,112.31999969482422,112.62000274658203,47.66147232055664,52000,0.0,0.0,0.0
2004-09-29,112.2300033569336,112.2300033569336,111.66999816894531,112.08999633789062,47.437164306640625,43300,0.0,0.0,0.0
2004-09-30,111.38999938964844,111.91999816894531,111.38999938964844,111.76000213623047,47.29750442504883,50400,0.0,0.0,0.0
2004-10-01,111.22000122070312,111.47000122070312,110.66999816894531,110.83999633789062,47.088043212890625,442000,0.427,0.0,0.0
2004-10-04,110.51000213623047,111.19000244140625,110.5,110.7699966430664,47.05831527709961,244800,0.0,0.0,0.0
2004-10-05,110.9000015258789,111.23999786376953,110.75,111.2300033569336,47.25372314453125,61800,0.0,0.0,0.0
2004-10-06,111.16000366210938,111.19999694824219,110.9000015258789,110.91000366210938,47.11778259277344,47200,0.0,0.0,0.0
2004-10-07,110.87999725341797,110.94999694824219,110.55999755859375,110.66999816894531,47.01585006713867,64600,0.0,0.0,0.0
2004-10-08,111.4000015258789,111.9000015258789,111.26000213623047,111.75,47.47465133666992,48100,0.0,0.0,0.0
2004-10-11,111.80000305175781,111.8499984741211,111.47000122070312,111.8499984741211,47.51713562011719,34400,0.0,0.0,0.0
2004-10-12,112.05000305175781,112.12000274658203,111.69999694824219,111.91000366210938,47.54261016845703,68000,0.0,0.0,0.0
2004-10-13,111.83999633789062,112.61000061035156,111.76000213623047,112.33999633789062,47.72528076171875,526400,0.0,0.0,0.0
2004-10-14,112.33000183105469,112.80000305175781,112.01000213623047,112.80000305175781,47.920753479003906,46700,0.0,0.0,0.0
2004-10-15,112.47000122070312,112.79000091552734,111.8499984741211,112.30000305175781,47.70831298828125,85400,0.0,0.0,0.0
2004-10-18,112.20999908447266,112.5199966430664,112.11000061035156,112.48999786376953,47.78904342651367,35600,0.0,0.0,0.0
2004-10-19,112.1500015258789,112.5999984741211,112.0,112.47000122070312,47.780540466308594,42300,0.0,0.0,0.0
2004-10-20,112.58999633789062,112.83999633789062,112.54000091552734,112.83999633789062,47.937740325927734,108300,0.0,0.0,0.0
2004-10-21,112.80000305175781,112.88999938964844,112.58000183105469,112.73999786376953,47.89523696899414,51200,0.0,0.0,0.0
2004-10-22,112.58000183105469,112.8499984741211,112.37000274658203,112.6500015258789,47.85700607299805,166500,0.0,0.0,0.0
2004-10-25,112.80999755859375,113.13999938964844,112.70999908447266,112.9000015258789,47.963218688964844,50600,0.0,0.0,0.0
2004-10-26,112.98999786376953,113.0,112.69999694824219,112.77999877929688,47.912235260009766,37000,0.0,0.0,0.0
2004-10-27,112.9800033569336,113.16000366210938,112.0,112.0999984741211,47.62333679199219,108400,0.0,0.0,0.0
2004-10-28,112.4000015258789,112.55000305175781,111.91000366210938,112.29000091552734,47.70405960083008,81000,0.0,0.0,0.0
2004-10-29,112.5,112.8499984741211,112.30000305175781,112.6500015258789,47.85700607299805,55400,0.0,0.0,0.0
2004-11-01,112.29000091552734,112.29000091552734,111.75,111.75,47.657012939453125,73900,0.431,0.0,0.0
2004-11-02,111.8499984741211,112.12000274658203,111.75,111.91999816894531,47.72946548461914,97800,0.0,0.0,0.0
2004-11-03,111.69999694824219,112.58999633789062,111.54000091552734,111.69999694824219,47.63564682006836,315700,0.0,0.0,0.0
2004-11-04,112.63999938964844,112.70999908447266,112.13999938964844,112.18000030517578,47.840328216552734,53100,0.0,0.0,0.0
2004-11-05,111.69999694824219,111.7699966430664,111.13999938964844,111.69999694824219,47.63564682006836,99500,0.0,0.0,0.0
2004-11-08,111.2300033569336,111.5999984741211,110.80999755859375,111.2300033569336,47.43525314331055,123000,0.0,0.0,0.0
2004-11-09,111.29000091552734,111.6500015258789,111.11000061035156,111.25,47.443729400634766,172200,0.0,0.0,0.0
2004-11-10,111.44000244140625,111.44999694824219,111.01000213623047,111.1500015258789,47.40111541748047,34000,0.0,0.0,0.0
2004-11-11,111.48999786376953,111.5,111.0,111.16000366210938,47.40537643432617,52100,0.0,0.0,0.0
2004-11-12,111.63999938964844,111.94999694824219,111.1500015258789,111.72000122070312,47.64421081542969,355400,0.0,0.0,0.0
2004-11-15,111.69000244140625,111.94999694824219,111.3499984741211,111.76000213623047,47.661285400390625,61500,0.0,0.0,0.0
2004-11-16,111.80999755859375,111.80999755859375,110.95999908447266,111.69999694824219,47.63564682006836,932500,0.0,0.0,0.0
2004-11-17,111.87999725341797,112.41000366210938,111.69999694824219,112.31999969482422,47.90005874633789,79300,0.0,0.0,0.0
2004-11-18,112.3499984741211,112.61000061035156,111.8499984741211,112.5,47.97683334350586,274900,0.0,0.0,0.0
2004-11-19,112.44000244140625,112.44000244140625,111.30999755859375,111.91000366210938,47.725196838378906,105700,0.0,0.0,0.0
2004-11-22,111.98999786376953,112.13999938964844,111.69999694824219,111.86000061035156,47.70391082763672,171300,0.0,0.0,0.0
2004-11-23,111.8499984741211,112.12999725341797,111.62999725341797,112.0,47.76359939575195,53800,0.0,0.0,0.0
2004-11-24,112.19999694824219,112.23999786376953,111.86000061035156,111.98999786376953,47.75937271118164,42900,0.0,0.0,0.0
2004-11-26,111.56999969482422,111.86000061035156,111.56999969482422,111.58999633789062,47.5887565612793,18300,0.0,0.0,0.0
2004-11-29,111.30000305175781,111.30000305175781,110.69000244140625,110.70999908447266,47.21348190307617,259300,0.0,0.0,0.0
2004-11-30,110.83999633789062,111.0999984741211,110.55999755859375,110.8499984741211,47.27320861816406,163200,0.0,0.0,0.0
2004-12-01,110.5199966430664,110.80999755859375,110.05000305175781,110.36000061035156,47.24492645263672,159900,0.424,0.0,0.0
2004-12-02,110.30000305175781,110.30000305175781,109.81999969482422,110.01000213623047,47.0950927734375,129300,0.0,0.0,0.0
2004-12-03,110.75,111.45999908447266,110.62999725341797,110.62999725341797,47.36052703857422,180100,0.0,0.0,0.0
2004-12-06,111.19000244140625,111.19999694824219,110.70999908447266,110.94000244140625,47.493228912353516,140200,0.0,0.0,0.0
2004-12-07,111.12999725341797,111.3499984741211,110.80000305175781,111.19999694824219,47.604515075683594,665400,0.0,0.0,0.0
2004-12-08,111.73999786376953,111.94000244140625,111.38999938964844,111.58000183105469,47.767173767089844,558700,0.0,0.0,0.0
2004-12-09,111.73999786376953,112.0,111.5,111.83999633789062,47.87853240966797,91100,0.0,0.0,0.0
2004-12-10,111.97000122070312,112.22000122070312,111.51000213623047,111.88999938964844,47.899906158447266,98600,0.0,0.0,0.0
2004-12-13,112.1500015258789,112.16000366210938,111.81999969482422,112.11000061035156,47.994102478027344,90200,0.0,0.0,0.0
2004-12-14,112.0,112.16000366210938,111.5999984741211,112.16000366210938,48.0155029296875,77600,0.0,0.0,0.0
2004-12-15,112.19999694824219,112.76000213623047,112.19999694824219,112.76000213623047,48.27235412597656,64400,0.0,0.0,0.0
2004-12-16,112.5999984741211,112.5999984741211,111.61000061035156,111.79000091552734,47.85707473754883,45400,0.0,0.0,0.0
2004-12-17,111.6500015258789,111.91000366210938,111.5199966430664,111.91000366210938,47.908443450927734,36000,0.0,0.0,0.0
2004-12-20,111.7699966430664,112.05999755859375,111.5199966430664,111.83000183105469,47.87424850463867,80000,0.0,0.0,0.0
2004-12-21,111.8499984741211,112.29000091552734,111.3499984741211,111.87999725341797,47.89564895629883,240000,0.0,0.0,0.0
2004-12-22,112.05000305175781,112.11000061035156,111.70999908447266,112.0,47.94700241088867,54300,0.0,0.0,0.0
2004-12-23,112.12999725341797,112.20999908447266,111.87999725341797,112.19999694824219,48.032649993896484,49300,0.0,0.0,0.0
2004-12-27,111.83000183105469,111.93000030517578,111.30999755859375,111.5999984741211,47.77577209472656,71400,0.0,0.0,0.0
2004-12-28,111.61000061035156,111.73999786376953,111.22000122070312,111.72000122070312,47.82716751098633,75500,0.0,0.0,0.0
2004-12-29,111.83000183105469,111.83000183105469,111.4000015258789,111.55000305175781,47.754356384277344,72300,0.0,0.0,0.0
2004-12-30,111.73999786376953,111.95999908447266,111.4800033569336,111.94999694824219,47.92559814453125,122700,0.0,0.0,0.0
2004-12-31,111.8499984741211,111.9800033569336,111.52999877929688,111.52999877929688,47.93077087402344,100600,0.432,0.0,0.0
2005-01-03,111.70999908447266,112.25,111.5,112.25,48.24015808105469,1497800,0.0,0.0,0.0
2005-01-04,112.2699966430664,112.29000091552734,111.5,111.62000274658203,47.969459533691406,90200,0.0,0.0,0.0
2005-01-05,111.6500015258789,111.91000366210938,111.45999908447266,111.70999908447266,48.00812530517578,120700,0.0,0.0,0.0
2005-01-06,111.55000305175781,111.94999694824219,111.55000305175781,111.79000091552734,48.04246520996094,43900,0.0,0.0,0.0
2005-01-07,111.91000366210938,111.91999816894531,111.43000030517578,111.73999786376953,48.02099609375,68300,0.0,0.0,0.0
2005-01-10,111.76000213623047,111.76000213623047,111.4000015258789,111.55000305175781,47.93934631347656,73200,0.0,0.0,0.0
2005-01-11,111.79000091552734,112.12999725341797,111.37999725341797,111.80999755859375,48.051090240478516,265900,0.0,0.0,0.0
2005-01-12,111.3499984741211,112.05000305175781,111.3499984741211,111.91999816894531,48.09835433959961,46100,0.0,0.0,0.0
2005-01-13,111.98999786376953,112.41000366210938,111.9000015258789,112.22000122070312,48.22727584838867,61100,0.0,0.0,0.0
2005-01-14,112.1500015258789,112.54000091552734,111.87000274658203,112.3499984741211,48.28314208984375,61300,0.0,0.0,0.0
2005-01-18,111.9800033569336,112.43000030517578,111.91000366210938,112.41000366210938,48.3089485168457,145600,0.0,0.0,0.0
2005-01-19,112.4800033569336,112.5999984741211,112.11000061035156,112.58000183105469,48.38199234008789,78900,0.0,0.0,0.0
2005-01-20,112.27999877929688,112.69000244140625,112.26000213623047,112.37999725341797,48.29606246948242,62200,0.0,0.0,0.0
2005-01-21,112.45999908447266,112.7300033569336,112.1500015258789,112.62999725341797,48.403472900390625,111900,0.0,0.0,0.0
2005-01-24,112.8499984741211,112.87999725341797,112.5199966430664,112.83000183105469,48.48945236206055,100500,0.0,0.0,0.0
2005-01-25,112.91999816894531,112.91999816894531,112.36000061035156,112.44999694824219,48.32615280151367,72900,0.0,0.0,0.0
2005-01-26,112.5999984741211,112.70999908447266,112.44999694824219,112.48999786376953,48.343292236328125,47000,0.0,0.0,0.0
2005-01-27,112.37999725341797,112.58999633789062,111.66999816894531,112.25,48.24015808105469,1000300,0.0,0.0,0.0
2005-01-28,112.6500015258789,113.0199966430664,112.61000061035156,112.9000015258789,48.51955032348633,64500,0.0,0.0,0.0
2005-01-31,112.52999877929688,112.98999786376953,112.52999877929688,112.9000015258789,48.51955032348633,83100,0.0,0.0,0.0
2005-02-01,112.62999725341797,112.69999694824219,112.3499984741211,112.44999694824219,48.50959014892578,57000,0.427,0.0,0.0
2005-02-02,112.36000061035156,112.62999725341797,112.20999908447266,112.3499984741211,48.466426849365234,118600,0.0,0.0,0.0
2005-02-03,112.30000305175781,112.48999786376953,112.0199966430664,112.48999786376953,48.526859283447266,46800,0.0,0.0,0.0
2005-02-04,113.16000366210938,113.19999694824219,112.33999633789062,112.8499984741211,48.68212890625,749000,0.0,0.0,0.0
2005-02-07,112.98999786376953,113.16000366210938,112.83999633789062,112.88999938964844,48.699398040771484,218400,0.0,0.0,0.0
2005-02-08,113.29000091552734,113.30999755859375,112.91000366210938,113.30000305175781,48.876285552978516,101800,0.0,0.0,0.0
2005-02-09,113.37000274658203,113.80000305175781,113.23999786376953,113.69999694824219,49.048851013183594,78800,0.0,0.0,0.0
2005-02-10,113.56999969482422,113.56999969482422,113.01000213623047,113.30000305175781,48.876285552978516,56600,0.0,0.0,0.0
2005-02-11,113.11000061035156,113.19000244140625,112.73999786376953,112.97000122070312,48.733882904052734,65000,0.0,0.0,0.0
2005-02-14,113.19000244140625,113.29000091552734,112.80000305175781,113.16000366210938,48.81588363647461,69600,0.0,0.0,0.0
2005-02-15,112.94999694824219,113.19000244140625,112.76000213623047,112.98999786376953,48.7425537109375,52800,0.0,0.0,0.0
2005-02-16,113.0999984741211,113.0999984741211,112.30000305175781,112.44999694824219,48.50959014892578,194700,0.0,0.0,0.0
2005-02-17,112.0999984741211,112.5999984741211,111.87000274658203,112.19999694824219,48.40177917480469,73800,0.0,0.0,0.0
2005-02-18,112.0,112.08999633789062,111.81999969482422,112.01000213623047,48.31980895996094,55400,0.0,0.0,0.0
2005-02-22,111.73999786376953,112.05000305175781,111.69999694824219,111.91000366210938,48.27666091918945,56400,0.0,0.0,0.0
2005-02-23,112.0999984741211,112.44999694824219,111.91999816894531,112.06999969482422,48.34564208984375,66900,0.0,0.0,0.0
2005-02-24,112.19999694824219,112.4000015258789,111.8499984741211,111.8499984741211,48.25078582763672,86400,0.0,0.0,0.0
2005-02-25,112.1500015258789,112.22000122070312,111.87000274658203,112.05000305175781,48.33707046508789,66600,0.0,0.0,0.0
2005-02-28,111.5,112.0,111.30000305175781,111.41999816894531,48.065277099609375,192300,0.0,0.0,0.0
2005-03-01,111.0199966430664,111.18000030517578,110.75,110.97000122070312,48.0561637878418,92400,0.429,0.0,0.0
2005-03-02,110.95999908447266,111.19999694824219,110.87999725341797,111.01000213623047,48.073482513427734,60300,0.0,0.0,0.0
2005-03-03,111.0999984741211,111.2699966430664,110.8499984741211,111.0,48.069149017333984,109400,0.0,0.0,0.0
2005-03-04,111.43000030517578,111.62999725341797,111.25,111.36000061035156,48.22505569458008,64100,0.0,0.0,0.0
2005-03-07,111.36000061035156,111.80000305175781,111.30000305175781,111.68000030517578,48.363616943359375,53100,0.0,0.0,0.0
2005-03-08,111.37999725341797,111.37999725341797,111.01000213623047,111.18000030517578,48.147098541259766,65600,0.0,0.0,0.0
2005-03-09,110.75,110.83999633789062,110.12000274658203,110.12000274658203,47.688079833984375,69800,0.0,0.0,0.0
2005-03-10,110.5999984741211,110.5999984741211,110.05999755859375,110.2699966430664,47.75303268432617,93500,0.0,0.0,0.0
2005-03-11,110.01000213623047,110.30000305175781,109.83999633789062,110.08000183105469,47.67076110839844,71100,0.0,0.0,0.0
2005-03-14,110.0,110.19999694824219,109.72000122070312,110.06999969482422,47.66642761230469,55200,0.0,0.0,0.0
2005-03-15,110.02999877929688,110.30000305175781,109.61000061035156,109.62000274658203,47.4715461730957,73700,0.0,0.0,0.0
2005-03-16,109.80000305175781,110.41000366210938,109.75,110.0,47.63610076904297,60200,0.0,0.0,0.0
2005-03-17,110.12999725341797,110.16999816894531,109.4000015258789,109.75,47.527870178222656,252800,0.0,0.0,0.0
2005-03-18,109.83999633789062,109.8499984741211,109.20999908447266,109.41999816894531,47.38493728637695,62000,0.0,0.0,0.0
2005-03-21,109.30000305175781,109.68000030517578,109.20999908447266,109.29000091552734,47.32864761352539,95900,0.0,0.0,0.0
2005-03-22,109.30000305175781,109.75,108.3499984741211,108.3499984741211,46.92160415649414,97500,0.0,0.0,0.0
2005-03-23,108.06999969482422,108.81999969482422,108.05000305175781,108.66999816894531,47.0601806640625,124800,0.0,0.0,0.0
2005-03-24,109.04000091552734,109.04000091552734,108.7300033569336,108.9000015258789,47.159759521484375,48500,0.0,0.0,0.0
2005-03-28,108.9000015258789,108.9000015258789,108.5999984741211,108.73999786376953,47.09047317504883,53000,0.0,0.0,0.0
2005-03-29,108.68000030517578,109.22000122070312,108.5999984741211,108.93000030517578,47.17272186279297,83700,0.0,0.0,0.0
2005-03-30,108.5999984741211,109.30000305175781,108.5999984741211,109.20999908447266,47.29399490356445,91400,0.0,0.0,0.0
2005-03-31,109.30999755859375,109.61000061035156,109.2699966430664,109.58999633789062,47.45856857299805,69100,0.0,0.0,0.0
2005-04-01,109.54000091552734,109.55999755859375,108.91000366210938,109.25,47.50202178955078,104000,0.44,0.0,0.0
2005-04-04,109.11000061035156,109.48999786376953,108.51000213623047,108.58000183105469,47.21070861816406,379500,0.0,0.0,0.0
2005-04-05,108.80000305175781,108.9800033569336,108.30000305175781,108.91000366210938,47.35420608520508,141300,0.0,0.0,0.0
2005-04-06,109.0999984741211,109.2300033569336,108.68000030517578,108.8499984741211,47.32809829711914,259800,0.0,0.0,0.0
2005-04-07,108.80000305175781,109.41000366210938,108.30000305175781,108.30000305175781,47.08897018432617,156800,0.0,0.0,0.0
2005-04-08,108.69000244140625,108.69000244140625,108.12000274658203,108.6500015258789,47.24116897583008,115700,0.0,0.0,0.0
2005-04-11,108.63999938964844,109.08999633789062,108.62000274658203,108.94999694824219,47.37162399291992,71600,0.0,0.0,0.0
2005-04-12,108.56999969482422,109.58000183105469,108.56999969482422,109.38999938964844,47.56292724609375,57100,0.0,0.0,0.0
2005-04-13,109.4000015258789,109.7300033569336,109.38999938964844,109.6500015258789,47.67594909667969,58400,0.0,0.0,0.0
2005-04-14,109.58999633789062,109.5999984741211,109.19999694824219,109.25,47.50202178955078,67400,0.0,0.0,0.0
2005-04-15,109.9000015258789,109.9000015258789,109.30000305175781,109.75,47.719459533691406,93900,0.0,0.0,0.0
2005-04-18,109.83999633789062,110.0,109.70999908447266,109.7699966430664,47.72811508178711,116400,0.0,0.0,0.0
2005-04-19,110.02999877929688,110.25,109.70999908447266,110.2300033569336,47.928131103515625,60500,0.0,0.0,0.0
2005-04-20,109.80000305175781,110.31999969482422,109.80000305175781,110.29000091552734,47.954227447509766,324400,0.0,0.0,0.0
2005-04-21,110.25,110.30999755859375,109.70999908447266,109.70999908447266,47.702049255371094,81200,0.0,0.0,0.0
2005-04-22,110.37999725341797,110.51000213623047,110.0199966430664,110.2300033569336,47.928131103515625,149000,0.0,0.0,0.0
2005-04-25,110.30000305175781,110.5,110.13999938964844,110.5,48.045562744140625,45200,0.0,0.0,0.0
2005-04-26,110.05000305175781,110.55999755859375,109.94999694824219,110.31999969482422,47.96729278564453,49400,0.0,0.0,0.0
2005-04-27,110.69999694824219,110.97000122070312,110.4000015258789,110.86000061035156,48.20206069946289,350000,0.0,0.0,0.0
2005-04-28,110.88999938964844,111.33999633789062,110.87999725341797,111.31999969482422,48.40206527709961,315000,0.0,0.0,0.0
2005-04-29,111.1500015258789,111.41999816894531,110.83000183105469,110.91999816894531,48.22817611694336,92200,0.0,0.0,0.0
2005-05-02,110.56999969482422,110.66999816894531,110.20999908447266,110.52999877929688,48.2447624206543,52400,0.428,0.0,0.0
2005-05-03,110.51000213623047,110.5999984741211,110.18000030517578,110.58999633789062,48.270931243896484,52400,0.0,0.0,0.0
2005-05-04,109.5999984741211,110.55999755859375,109.5999984741211,110.33999633789062,48.16181182861328,58900,0.0,0.0,0.0
2005-05-05,110.4800033569336,110.72000122070312,110.12999725341797,110.5,48.231666564941406,80700,0.0,0.0,0.0
2005-05-06,109.88999938964844,110.05000305175781,109.62999725341797,109.9000015258789,47.969757080078125,60700,0.0,0.0,0.0
2005-05-09,109.6500015258789,109.7300033569336,109.26000213623047,109.5199966430664,47.803897857666016,473600,0.0,0.0,0.0
2005-05-10,109.48999786376953,110.0199966430664,109.41000366210938,109.5,47.7951774597168,134800,0.0,0.0,0.0
2005-05-11,109.69000244140625,109.9800033569336,109.55000305175781,109.5999984741211,47.83881759643555,157600,0.0,0.0,0.0
2005-05-12,109.47000122070312,109.62000274658203,108.6500015258789,109.25,47.68600845336914,803900,0.0,0.0,0.0
2005-05-13,109.27999877929688,109.9800033569336,109.27999877929688,109.86000061035156,47.952301025390625,57300,0.0,0.0,0.0
2005-05-16,110.0,110.05999755859375,109.44000244140625,109.69000244140625,47.87815475463867,133500,0.0,0.0,0.0
2005-05-17,109.83999633789062,109.9000015258789,108.94999694824219,109.75,47.904300689697266,584300,0.0,0.0,0.0
2005-05-18,110.0,110.19000244140625,109.76000213623047,110.13999938964844,48.07448959350586,54800,0.0,0.0,0.0
2005-05-19,110.0999984741211,110.19999694824219,109.7300033569336,109.9800033569336,48.00470733642578,55500,0.0,0.0,0.0
2005-05-20,109.6500015258789,110.0999984741211,109.6500015258789,109.94999694824219,47.9915885925293,143100,0.0,0.0,0.0
2005-05-23,110.41999816894531,110.41999816894531,109.75,110.41000366210938,48.192378997802734,339700,0.0,0.0,0.0
2005-05-24,110.72000122070312,110.80000305175781,110.5199966430664,110.6500015258789,48.29713821411133,161300,0.0,0.0,0.0
2005-05-25,110.6500015258789,110.76000213623047,110.33999633789062,110.63999938964844,48.29275131225586,48500,0.0,0.0,0.0
2005-05-26,110.5,110.76000213623047,110.44999694824219,110.70999908447266,48.32332229614258,76200,0.0,0.0,0.0
2005-05-27,110.79000091552734,110.80000305175781,110.51000213623047,110.69999694824219,48.31892013549805,62400,0.0,0.0,0.0
2005-05-31,111.16000366210938,111.27999877929688,110.97000122070312,111.18000030517578,48.5284309387207,172900,0.0,0.0,0.0
2005-06-01,110.98999786376953,111.6500015258789,110.98999786376953,111.51000213623047,48.86193084716797,195600,0.431,0.0,0.0
2005-06-02,111.41000366210938,111.94999694824219,111.3499984741211,111.94000244140625,49.05031967163086,1231800,0.0,0.0,0.0
2005-06-03,112.44000244140625,112.44000244140625,111.25,111.3499984741211,48.79182434082031,70400,0.0,0.0,0.0
2005-06-06,111.58999633789062,111.69000244140625,111.36000061035156,111.66000366210938,48.9276237487793,195200,0.0,0.0,0.0
2005-06-07,112.04000091552734,112.55000305175781,111.75,111.88999938964844,49.0284309387207,796500,0.0,0.0,0.0
2005-06-08,111.94000244140625,111.94000244140625,111.61000061035156,111.66000366210938,48.9276237487793,37200,0.0,0.0,0.0
2005-06-09,111.63999938964844,111.63999938964844,110.41000366210938,111.44999694824219,48.83561325073242,171000,0.0,0.0,0.0
2005-06-10,111.44000244140625,111.44000244140625,110.8499984741211,110.94999694824219,48.61652374267578,64200,0.0,0.0,0.0
2005-06-13,110.83999633789062,111.04000091552734,110.58999633789062,110.69000244140625,48.50257110595703,138400,0.0,0.0,0.0
2005-06-14,110.69000244140625,110.70999908447266,110.3499984741211,110.56999969482422,48.450035095214844,107300,0.0,0.0,0.0
2005-06-15,110.45999908447266,110.58999633789062,110.18000030517578,110.36000061035156,48.35802459716797,106400,0.0,0.0,0.0
2005-06-16,110.58999633789062,110.58999633789062,110.19999694824219,110.47000122070312,48.40621566772461,175800,0.0,0.0,0.0
2005-06-17,110.55999755859375,110.69999694824219,110.31999969482422,110.44999694824219,48.39744567871094,209500,0.0,0.0,0.0
2005-06-20,110.41999816894531,110.41999816894531,110.13999938964844,110.31999969482422,48.340476989746094,194600,0.0,0.0,0.0
2005-06-21,110.58999633789062,110.73999786376953,110.41999816894531,110.69000244140625,48.50257110595703,73200,0.0,0.0,0.0
2005-06-22,111.31999969482422,111.66000366210938,111.01000213623047,111.4800033569336,48.848793029785156,229700,0.0,0.0,0.0
2005-06-23,111.4800033569336,111.5999984741211,111.30999755859375,111.55000305175781,48.879432678222656,119600,0.0,0.0,0.0
2005-06-24,111.83999633789062,111.83999633789062,111.6500015258789,111.83000183105469,49.00213623046875,57000,0.0,0.0,0.0
2005-06-27,111.8499984741211,112.0,111.75,111.98999786376953,49.07225036621094,55300,0.0,0.0,0.0
2005-06-28,111.83999633789062,111.93000030517578,111.5,111.63999938964844,48.91886520385742,42600,0.0,0.0,0.0
2005-06-29,111.93000030517578,111.98999786376953,111.5999984741211,111.69999694824219,48.94514083862305,57600,0.0,0.0,0.0
2005-06-30,112.05999755859375,112.2699966430664,111.69000244140625,112.0999984741211,49.12043762207031,94300,0.0,0.0,0.0
2005-07-01,111.83999633789062,111.9000015258789,111.13999938964844,111.16000366210938,48.89480972290039,77500,0.427,0.0,0.0
2005-07-05,110.83000183105469,110.91000366210938,110.63999938964844,110.80000305175781,48.736488342285156,47500,0.0,0.0,0.0
2005-07-06,110.94999694824219,111.12000274658203,110.80999755859375,111.04000091552734,48.84203338623047,70100,0.0,0.0,0.0
2005-07-07,111.05000305175781,111.4800033569336,111.05000305175781,111.33000183105469,48.9695930480957,45700,0.0,0.0,0.0
2005-07-08,111.45999908447266,111.45999908447266,111.0,111.11000061035156,48.872806549072266,62300,0.0,0.0,0.0
2005-07-11,110.83999633789062,110.9000015258789,110.5,110.5,48.6045036315918,220300,0.0,0.0,0.0
2005-07-12,110.69999694824219,110.69999694824219,110.1500015258789,110.25,48.49452590942383,242100,0.0,0.0,0.0
2005-07-13,110.4800033569336,110.66000366210938,110.30000305175781,110.5,48.6045036315918,102400,0.0,0.0,0.0
2005-07-14,110.72000122070312,110.73999786376953,110.5,110.5999984741211,48.64847183227539,132000,0.0,0.0,0.0
2005-07-15,110.58999633789062,110.75,110.5,110.6500015258789,48.67048263549805,178000,0.0,0.0,0.0
2005-07-18,110.83999633789062,110.83999633789062,110.36000061035156,110.55999755859375,48.630889892578125,85900,0.0,0.0,0.0
2005-07-19,110.48999786376953,110.80000305175781,110.31999969482422,110.6500015258789,48.67048263549805,102300,0.0,0.0,0.0
2005-07-20,110.7300033569336,111.0199966430664,110.3499984741211,110.7699966430664,48.72323989868164,132000,0.0,0.0,0.0
2005-07-21,110.5999984741211,110.75,110.16999816894531,110.19999694824219,48.4725341796875,187300,0.0,0.0,0.0
2005-07-22,110.20999908447266,110.80000305175781,110.19999694824219,110.70999908447266,48.696868896484375,58100,0.0,0.0,0.0
2005-07-25,110.69999694824219,110.91000366210938,110.6500015258789,110.69999694824219,48.69243621826172,59100,0.0,0.0,0.0
2005-07-26,110.80000305175781,110.98999786376953,110.63999938964844,110.72000122070312,48.70125961303711,1058300,0.0,0.0,0.0
2005-07-27,110.72000122070312,110.72000122070312,110.31999969482422,110.58000183105469,48.639686584472656,66500,0.0,0.0,0.0
2005-07-28,110.81999969482422,111.16999816894531,110.58999633789062,111.0,48.82444763183594,105500,0.0,0.0,0.0
2005-07-29,111.04000091552734,111.0999984741211,110.58999633789062,110.75,48.714454650878906,76500,0.0,0.0,0.0
2005-08-01,110.05999755859375,110.30000305175781,109.61000061035156,110.04000091552734,48.5987434387207,139000,0.448,0.0,0.0
2005-08-02,109.98999786376953,110.19000244140625,109.68000030517578,109.83999633789062,48.51041793823242,88900,0.0,0.0,0.0
2005-08-03,110.04000091552734,110.33000183105469,109.87000274658203,110.0999984741211,48.62522506713867,74200,0.0,0.0,0.0
2005-08-04,110.0199966430664,110.3499984741211,110.0,110.0999984741211,48.62522506713867,112700,0.0,0.0,0.0
2005-08-05,110.05000305175781,110.05000305175781,109.5999984741211,109.91000366210938,48.54131317138672,57900,0.0,0.0,0.0
2005-08-08,109.70999908447266,109.76000213623047,109.31999969482422,109.41000366210938,48.32053756713867,102900,0.0,0.0,0.0
2005-08-09,109.68000030517578,109.70999908447266,109.31999969482422,109.58999633789062,48.39999771118164,56400,0.0,0.0,0.0
2005-08-10,109.87000274658203,109.91999816894531,109.54000091552734,109.68000030517578,48.43975830078125,72700,0.0,0.0,0.0
2005-08-11,109.62999725341797,110.06999969482422,108.8499984741211,110.0199966430664,48.58989715576172,69400,0.0,0.0,0.0
2005-08-12,110.16000366210938,110.55000305175781,110.12000274658203,110.55000305175781,48.8239860534668,46000,0.0,0.0,0.0
2005-08-15,110.58999633789062,110.62000274658203,110.1500015258789,110.38999938964844,48.75333023071289,77000,0.0,0.0,0.0
2005-08-16,110.69999694824219,111.0,110.47000122070312,110.68000030517578,48.88140106201172,2083500,0.0,0.0,0.0
2005-08-17,110.51000213623047,110.83999633789062,110.30999755859375,110.38999938964844,48.75333023071289,69800,0.0,0.0,0.0
2005-08-18,110.55999755859375,110.86000061035156,110.52999877929688,110.69999694824219,48.890201568603516,139900,0.0,0.0,0.0
2005-08-19,110.66000366210938,110.69000244140625,110.47000122070312,110.5999984741211,48.8460693359375,101600,0.0,0.0,0.0
2005-08-22,110.73999786376953,110.73999786376953,110.1500015258789,110.55000305175781,48.8239860534668,206500,0.0,0.0,0.0
2005-08-23,110.4000015258789,110.75,110.36000061035156,110.63999938964844,48.863731384277344,265800,0.0,0.0,0.0
2005-08-24,110.72000122070312,110.83999633789062,110.5199966430664,110.5999984741211,48.8460693359375,77600,0.0,0.0,0.0
2005-08-25,110.80000305175781,111.23999786376953,110.61000061035156,110.80999755859375,48.93879318237305,54000,0.0,0.0,0.0
2005-08-26,110.81999969482422,110.98999786376953,110.6500015258789,110.98999786376953,49.0183219909668,82200,0.0,0.0,0.0
2005-08-29,111.0,111.12999725341797,110.7699966430664,111.0,49.02274703979492,105800,0.0,0.0,0.0
2005-08-30,111.4000015258789,111.5199966430664,111.05000305175781,111.18000030517578,49.10219955444336,187900,0.0,0.0,0.0
2005-08-31,111.54000091552734,111.9800033569336,111.54000091552734,111.95999908447266,49.44670867919922,47700,0.0,0.0,0.0
2005-09-01,111.58000183105469,111.7300033569336,110.51000213623047,111.19000244140625,49.30704116821289,803700,0.455,0.0,0.0
2005-09-02,110.94999694824219,111.38999938964844,110.93000030517578,111.22000122070312,49.32027816772461,54800,0.0,0.0,0.0
2005-09-06,110.80000305175781,111.27999877929688,110.80000305175781,110.98999786376953,49.21834182739258,72700,0.0,0.0,0.0
2005-09-07,110.87999725341797,110.9000015258789,110.33999633789062,110.58999633789062,49.04093551635742,105300,0.0,0.0,0.0
2005-09-08,110.87999725341797,110.87999725341797,110.51000213623047,110.62000274658203,49.054256439208984,201400,0.0,0.0,0.0
2005-09-09,110.62999725341797,110.87000274658203,110.4800033569336,110.66999816894531,49.076416015625,119700,0.0,0.0,0.0
2005-09-12,110.63999938964844,110.63999938964844,110.18000030517578,110.38999938964844,48.9522705078125,90800,0.0,0.0,0.0
2005-09-13,110.66999816894531,110.75,110.43000030517578,110.58000183105469,49.036529541015625,120300,0.0,0.0,0.0
2005-09-14,110.56999969482422,110.69000244140625,110.30000305175781,110.30999755859375,48.9167594909668,72100,0.0,0.0,0.0
2005-09-15,110.30999755859375,110.38999938964844,109.7699966430664,109.91999816894531,48.743804931640625,92900,0.0,0.0,0.0
2005-09-16,109.91999816894531,109.94999694824219,109.52999877929688,109.62000274658203,48.61079025268555,83900,0.0,0.0,0.0
2005-09-19,109.69999694824219,109.95999908447266,109.56999969482422,109.91999816894531,48.743804931640625,88100,0.0,0.0,0.0
2005-09-20,109.87000274658203,109.97000122070312,109.13999938964844,109.75,48.66845703125,108500,0.0,0.0,0.0
2005-09-21,110.0,110.37000274658203,109.45999908447266,110.23999786376953,48.88575744628906,102500,0.0,0.0,0.0
2005-09-22,110.38999938964844,110.41000366210938,109.95999908447266,110.18000030517578,48.85914611816406,113400,0.0,0.0,0.0
2005-09-23,110.05000305175781,110.05000305175781,109.75,109.86000061035156,48.71723175048828,46500,0.0,0.0,0.0
2005-09-26,109.5,109.70999908447266,109.4000015258789,109.51000213623047,48.562015533447266,95800,0.0,0.0,0.0
2005-09-27,109.52999877929688,109.87999725341797,109.30000305175781,109.61000061035156,48.60636520385742,137600,0.0,0.0,0.0
2005-09-28,109.56999969482422,109.94999694824219,109.5199966430664,109.83999633789062,48.708370208740234,85400,0.0,0.0,0.0
2005-09-29,109.81999969482422,109.9000015258789,109.66000366210938,109.80000305175781,48.690650939941406,105100,0.0,0.0,0.0
2005-09-30,109.58000183105469,109.8499984741211,109.37000274658203,109.43000030517578,48.52652359008789,145600,0.0,0.0,0.0
2005-10-03,109.19999694824219,109.19999694824219,108.55999755859375,108.66000366210938,48.37786102294922,146000,0.436,0.0,0.0
2005-10-04,108.91000366210938,109.0199966430664,108.5999984741211,108.80000305175781,48.44017791748047,87200,0.0,0.0,0.0
2005-10-05,108.76000213623047,109.02999877929688,108.72000122070312,108.94999694824219,48.50697708129883,50700,0.0,0.0,0.0
2005-10-06,108.93000030517578,109.05000305175781,108.62999725341797,108.70999908447266,48.40011978149414,75500,0.0,0.0,0.0
2005-10-07,108.56999969482422,108.98999786376953,108.5,108.88999938964844,48.48023986816406,51100,0.0,0.0,0.0
2005-10-10,108.88999938964844,109.06999969482422,108.4800033569336,108.81999969482422,48.44905471801758,51600,0.0,0.0,0.0
2005-10-11,108.88999938964844,108.88999938964844,108.56999969482422,108.63999938964844,48.36894226074219,73500,0.0,0.0,0.0
2005-10-12,108.55999755859375,108.55999755859375,108.04000091552734,108.18000030517578,48.164146423339844,204100,0.0,0.0,0.0
2005-10-13,108.0199966430664,108.13999938964844,107.70999908447266,108.0,48.08397674560547,71100,0.0,0.0,0.0
2005-10-14,108.16000366210938,108.16000366210938,107.56999969482422,107.77999877929688,47.986026763916016,76200,0.0,0.0,0.0
2005-10-17,107.5,108.12999725341797,107.5,107.93000030517578,48.052852630615234,69600,0.0,0.0,0.0
2005-10-18,107.91000366210938,108.0999984741211,107.9000015258789,108.06999969482422,48.11515426635742,66500,0.0,0.0,0.0
2005-10-19,108.11000061035156,108.31999969482422,108.05999755859375,108.18000030517578,48.164146423339844,84000,0.0,0.0,0.0
2005-10-20,107.86000061035156,108.05999755859375,107.75,107.91000366210938,48.04391098022461,58200,0.0,0.0,0.0
2005-10-21,108.3499984741211,108.6500015258789,108.0999984741211,108.4800033569336,48.297664642333984,56600,0.0,0.0,0.0
2005-10-24,108.62000274658203,108.66000366210938,108.01000213623047,108.06999969482422,48.11515426635742,137000,0.0,0.0,0.0
2005-10-25,107.5999984741211,108.30000305175781,107.4000015258789,107.54000091552734,47.87916564941406,110800,0.0,0.0,0.0
2005-10-26,107.1500015258789,107.36000061035156,107.02999877929688,107.22000122070312,47.73674392700195,119600,0.0,0.0,0.0
2005-10-27,107.22000122070312,107.47000122070312,107.04000091552734,107.30000305175781,47.77235794067383,56700,0.0,0.0,0.0
2005-10-28,107.55000305175781,107.55000305175781,106.95999908447266,107.30000305175781,47.77235794067383,84800,0.0,0.0,0.0
2005-10-31,107.33999633789062,107.48999786376953,107.1500015258789,107.2699966430664,47.75895309448242,87300,0.0,0.0,0.0
2005-11-01,107.0,107.0999984741211,106.6500015258789,106.81999969482422,47.74201965332031,66500,0.412,0.0,0.0
2005-11-02,106.81999969482422,107.0199966430664,106.61000061035156,106.61000061035156,47.64814376831055,104100,0.0,0.0,0.0
2005-11-03,106.7300033569336,106.7699966430664,106.20999908447266,106.23999786376953,47.48278045654297,125000,0.0,0.0,0.0
2005-11-04,106.26000213623047,106.51000213623047,106.08000183105469,106.31999969482422,47.51854705810547,76900,0.0,0.0,0.0
2005-11-07,106.55999755859375,106.62000274658203,106.36000061035156,106.43000030517578,47.56769561767578,77200,0.0,0.0,0.0
2005-11-08,106.70999908447266,107.13999938964844,106.69999694824219,107.06999969482422,47.85371017456055,148600,0.0,0.0,0.0
2005-11-09,106.94000244140625,106.94000244140625,106.06999969482422,106.5,47.59897232055664,164900,0.0,0.0,0.0
2005-11-10,106.68000030517578,107.06999969482422,106.56999969482422,107.05999755859375,47.84925842285156,71900,0.0,0.0,0.0
2005-11-11,106.6500015258789,107.19000244140625,106.6500015258789,107.1500015258789,47.889488220214844,92500,0.0,0.0,0.0
2005-11-14,107.08999633789062,107.11000061035156,106.41999816894531,106.61000061035156,47.64814376831055,105500,0.0,0.0,0.0
2005-11-15,106.51000213623047,107.04000091552734,106.51000213623047,106.88999938964844,47.77328872680664,111300,0.0,0.0,0.0
2005-11-16,106.95999908447266,107.47000122070312,106.95999908447266,107.33999633789062,47.97439956665039,78300,0.0,0.0,0.0
2005-11-17,107.08999633789062,107.69999694824219,107.08999633789062,107.5199966430664,48.05485916137695,89800,0.0,0.0,0.0
2005-11-18,107.38999938964844,107.5,107.11000061035156,107.30999755859375,47.96101760864258,100200,0.0,0.0,0.0
2005-11-21,107.55999755859375,107.80000305175781,107.41000366210938,107.66000366210938,48.117427825927734,147000,0.0,0.0,0.0
2005-11-22,107.69999694824219,107.9000015258789,107.4800033569336,107.86000061035156,48.20680618286133,182000,0.0,0.0,0.0
2005-11-23,108.04000091552734,108.04000091552734,107.5999984741211,107.76000213623047,48.16212844848633,475800,0.0,0.0,0.0
2005-11-25,107.66999816894531,108.0,107.66999816894531,107.9000015258789,48.22469711303711,27100,0.0,0.0,0.0
2005-11-28,107.9800033569336,108.3499984741211,107.86000061035156,108.26000213623047,48.38558578491211,1690700,0.0,0.0,0.0
2005-11-29,108.2699966430664,108.30999755859375,107.6500015258789,107.76000213623047,48.16212844848633,97300,0.0,0.0,0.0
2005-11-30,107.7300033569336,107.95999908447266,107.5199966430664,107.55999755859375,48.07272720336914,49900,0.0,0.0,0.0
2005-12-01,107.55999755859375,107.58999633789062,106.91999816894531,106.94999694824219,47.97540283203125,92400,0.393,0.0,0.0
2005-12-02,106.7699966430664,107.0999984741211,106.7699966430664,106.9800033569336,47.98887634277344,99100,0.0,0.0,0.0
2005-12-05,106.91000366210938,107.05000305175781,106.61000061035156,106.69999694824219,47.86326599121094,58400,0.0,0.0,0.0
2005-12-06,107.0,107.23999786376953,106.76000213623047,106.91999816894531,47.961952209472656,332500,0.0,0.0,0.0
2005-12-07,106.6500015258789,107.02999877929688,106.62999725341797,106.79000091552734,47.903663635253906,93300,0.0,0.0,0.0
2005-12-08,106.69999694824219,107.12000274658203,106.69999694824219,107.01000213623047,48.00230407714844,244000,0.0,0.0,0.0
2005-12-09,106.86000061035156,107.01000213623047,106.70999908447266,106.81999969482422,47.91708755493164,62700,0.0,0.0,0.0
2005-12-12,106.76000213623047,106.94999694824219,106.55999755859375,106.58999633789062,47.813934326171875,71200,0.0,0.0,0.0
2005-12-13,106.5999984741211,106.88999938964844,106.52999877929688,106.68000030517578,47.85429000854492,104200,0.0,0.0,0.0
2005-12-14,107.0,107.4000015258789,106.91000366210938,107.2300033569336,48.10095977783203,62800,0.0,0.0,0.0
2005-12-15,107.4000015258789,107.4000015258789,106.9000015258789,107.13999938964844,48.06063461303711,134000,0.0,0.0,0.0
2005-12-16,107.30999755859375,107.75,107.30999755859375,107.58999633789062,48.262481689453125,356700,0.0,0.0,0.0
2005-12-19,107.6500015258789,107.75,107.2699966430664,107.41000366210938,48.181732177734375,88600,0.0,0.0,0.0
2005-12-20,107.20999908447266,107.69000244140625,107.1500015258789,107.5,48.222145080566406,143200,0.0,0.0,0.0
2005-12-21,107.26000213623047,107.54000091552734,107.1500015258789,107.54000091552734,48.240055084228516,79900,0.0,0.0,0.0
2005-12-22,107.31999969482422,107.69000244140625,107.31999969482422,107.55000305175781,48.24454879760742,88500,0.0,0.0,0.0
2005-12-23,107.5,108.19999694824219,107.26000213623047,107.97000122070312,48.43292999267578,123900,0.0,0.0,0.0
2005-12-27,108.08000183105469,108.54000091552734,107.87999725341797,108.45999908447266,48.65272521972656,157500,0.0,0.0,0.0
2005-12-28,108.0,108.16000366210938,107.70999908447266,108.11000061035156,48.675697326660156,93000,0.401,0.0,0.0
2005-12-29,107.9000015258789,108.04000091552734,107.55000305175781,107.81999969482422,48.54511642456055,123100,0.0,0.0,0.0
2005-12-30,107.86000061035156,108.1500015258789,107.61000061035156,107.69000244140625,48.48663330078125,97500,0.0,0.0,0.0
2006-01-03,107.69000244140625,108.30000305175781,107.41000366210938,108.27999877929688,48.75229263305664,676400,0.0,0.0,0.0
2006-01-04,108.2699966430664,108.43000030517578,107.95999908447266,108.27999877929688,48.75229263305664,66500,0.0,0.0,0.0
2006-01-05,108.2699966430664,108.44999694824219,108.26000213623047,108.37000274658203,48.79276657104492,63500,0.0,0.0,0.0
2006-01-06,108.3499984741211,108.36000061035156,107.94999694824219,108.19999694824219,48.716243743896484,112000,0.0,0.0,0.0
2006-01-09,108.02999877929688,108.2300033569336,107.97000122070312,108.22000122070312,48.725250244140625,60400,0.0,0.0,0.0
2006-01-10,108.0199966430664,108.1500015258789,107.80000305175781,107.93000030517578,48.59469223022461,94000,0.0,0.0,0.0
2006-01-11,107.69999694824219,108.06999969482422,107.69999694824219,107.75,48.51366424560547,150800,0.0,0.0,0.0
2006-01-12,107.93000030517578,108.1500015258789,107.70999908447266,108.08999633789062,48.66670608520508,127600,0.0,0.0,0.0
2006-01-13,107.97000122070312,108.44000244140625,107.97000122070312,108.41000366210938,48.810752868652344,77000,0.0,0.0,0.0
2006-01-17,108.30000305175781,108.55999755859375,108.1500015258789,108.41000366210938,48.810752868652344,138200,0.0,0.0,0.0
2006-01-18,108.5199966430664,108.6500015258789,108.3499984741211,108.37999725341797,48.79731369018555,80200,0.0,0.0,0.0
2006-01-19,108.20999908447266,108.58000183105469,108.12999725341797,108.36000061035156,48.78825759887695,97400,0.0,0.0,0.0
2006-01-20,108.5,108.62999725341797,108.25,108.44999694824219,48.828800201416016,111000,0.0,0.0,0.0
2006-01-23,108.30999755859375,108.69999694824219,108.19999694824219,108.69999694824219,48.94135284423828,580000,0.0,0.0,0.0
2006-01-24,108.58999633789062,108.58999633789062,108.4000015258789,108.45999908447266,48.833282470703125,92900,0.0,0.0,0.0
2006-01-25,108.41999816894531,108.41999816894531,107.69000244140625,107.86000061035156,48.56316375732422,100500,0.0,0.0,0.0
2006-01-26,107.87999725341797,107.9000015258789,107.45999908447266,107.69999694824219,48.4911003112793,75800,0.0,0.0,0.0
2006-01-27,107.88999938964844,107.9000015258789,107.62999725341797,107.86000061035156,48.56316375732422,107000,0.0,0.0,0.0
2006-01-30,107.76000213623047,107.83000183105469,107.45999908447266,107.45999908447266,48.38306427001953,113000,0.0,0.0,0.0
2006-01-31,107.5,107.77999877929688,107.0,107.22000122070312,48.2750129699707,1313000,0.0,0.0,0.0
2006-02-01,107.05000305175781,107.13999938964844,106.69000244140625,106.83999633789062,48.28812026977539,98800,0.409,0.0,0.0
2006-02-02,106.79000091552734,107.13999938964844,106.73999786376953,106.75,48.24738693237305,83800,0.0,0.0,0.0
2006-02-03,106.69999694824219,107.13999938964844,106.61000061035156,106.91999816894531,48.324249267578125,92900,0.0,0.0,0.0
2006-02-06,106.87000274658203,107.1500015258789,106.8499984741211,107.0999984741211,48.40562438964844,108700,0.0,0.0,0.0
2006-02-07,106.9000015258789,107.44000244140625,106.80000305175781,106.83000183105469,48.2835807800293,90400,0.0,0.0,0.0
2006-02-08,106.9000015258789,107.05000305175781,106.75,106.83000183105469,48.2835807800293,76300,0.0,0.0,0.0
2006-02-09,106.83000183105469,107.11000061035156,106.7699966430664,107.0,48.360408782958984,91300,0.0,0.0,0.0
2006-02-10,107.0999984741211,107.26000213623047,106.72000122070312,106.80000305175781,48.27003479003906,85200,0.0,0.0,0.0
2006-02-13,106.9800033569336,107.06999969482422,106.76000213623047,106.95999908447266,48.34233093261719,71600,0.0,0.0,0.0
2006-02-14,106.83999633789062,107.02999877929688,106.66999816894531,106.8499984741211,48.29261016845703,55600,0.0,0.0,0.0
2006-02-15,106.97000122070312,107.27999877929688,106.80999755859375,106.91999816894531,48.324249267578125,140500,0.0,0.0,0.0
2006-02-16,106.91000366210938,107.19000244140625,106.87000274658203,107.06999969482422,48.392059326171875,99500,0.0,0.0,0.0
2006-02-17,107.38999938964844,107.6500015258789,107.30999755859375,107.41999816894531,48.55025100708008,101200,0.0,0.0,0.0
2006-02-21,107.51000213623047,107.5199966430664,107.26000213623047,107.37000274658203,48.527626037597656,92300,0.0,0.0,0.0
2006-02-22,107.58999633789062,107.7699966430664,107.44000244140625,107.7699966430664,48.708431243896484,74200,0.0,0.0,0.0
2006-02-23,107.63999938964844,107.6500015258789,107.25,107.52999877929688,48.5999755859375,63500,0.0,0.0,0.0
2006-02-24,107.69000244140625,107.69000244140625,107.38999938964844,107.4800033569336,48.57733154296875,75300,0.0,0.0,0.0
2006-02-27,107.69999694824219,107.69999694824219,107.30999755859375,107.43000030517578,48.554744720458984,71900,0.0,0.0,0.0
2006-02-28,107.5,107.77999877929688,107.41000366210938,107.54000091552734,48.604454040527344,71900,0.0,0.0,0.0
2006-03-01,107.0,107.30000305175781,106.43000030517578,106.69000244140625,48.41706848144531,220400,0.437,0.0,0.0
2006-03-02,106.5,106.76000213623047,106.06999969482422,106.19999694824219,48.19466781616211,136700,0.0,0.0,0.0
2006-03-03,106.4000015258789,106.41999816894531,105.68000030517578,106.0,48.103946685791016,132300,0.0,0.0,0.0
2006-03-06,106.04000091552734,106.05000305175781,105.44999694824219,105.44999694824219,47.85438537597656,157800,0.0,0.0,0.0
2006-03-07,105.66999816894531,105.83999633789062,105.2300033569336,105.4000015258789,47.83163833618164,120500,0.0,0.0,0.0
2006-03-08,105.55999755859375,105.63999938964844,105.19999694824219,105.44999694824219,47.85438537597656,75300,0.0,0.0,0.0
2006-03-09,105.3499984741211,105.9000015258789,105.3499984741211,105.43000030517578,47.84528350830078,84300,0.0,0.0,0.0
2006-03-10,105.4800033569336,105.69999694824219,105.16000366210938,105.69999694824219,47.96775436401367,100900,0.0,0.0,0.0
2006-03-13,105.5,105.76000213623047,105.04000091552734,105.55999755859375,47.90424346923828,69200,0.0,0.0,0.0
2006-03-14,105.98999786376953,106.33000183105469,105.7300033569336,106.23999786376953,48.21281433105469,61600,0.0,0.0,0.0
2006-03-15,106.19000244140625,106.2300033569336,105.91000366210938,106.08000183105469,48.1402473449707,117700,0.0,0.0,0.0
2006-03-16,106.12000274658203,106.80000305175781,106.12000274658203,106.66000366210938,48.4034423828125,101000,0.0,0.0,0.0
2006-03-17,106.66000366210938,106.70999908447266,106.5,106.55999755859375,48.358089447021484,56200,0.0,0.0,0.0
2006-03-20,106.73999786376953,106.7699966430664,106.12000274658203,106.68000030517578,48.412532806396484,63500,0.0,0.0,0.0
2006-03-21,106.26000213623047,106.75,106.19999694824219,106.27999877929688,48.23100280761719,80000,0.0,0.0,0.0
2006-03-22,106.30000305175781,106.68000030517578,105.94999694824219,106.26000213623047,48.22187805175781,75100,0.0,0.0,0.0
2006-03-23,106.38999938964844,106.44999694824219,105.75,106.19999694824219,48.19466781616211,79400,0.0,0.0,0.0
2006-03-24,106.41000366210938,106.76000213623047,105.8499984741211,106.45999908447266,48.31266403198242,85800,0.0,0.0,0.0
2006-03-27,106.22000122070312,106.75,106.22000122070312,106.45999908447266,48.31266403198242,92800,0.0,0.0,0.0
2006-03-28,106.0199966430664,106.36000061035156,105.87999725341797,105.95999908447266,48.08575439453125,61800,0.0,0.0,0.0
2006-03-29,105.95999908447266,105.97000122070312,105.6500015258789,105.86000061035156,48.040409088134766,83800,0.0,0.0,0.0
2006-03-30,105.69999694824219,105.75,105.20999908447266,105.54000091552734,47.89518737792969,93700,0.0,0.0,0.0
2006-03-31,105.66999816894531,105.66999816894531,105.2699966430664,105.30000305175781,47.7862663269043,102200,0.0,0.0,0.0
2006-04-03,104.80000305175781,105.1500015258789,104.55000305175781,104.94999694824219,47.82637023925781,114200,0.438,0.0,0.0
2006-04-04,104.81999969482422,105.30000305175781,104.81999969482422,105.05000305175781,47.87194061279297,83000,0.0,0.0,0.0
2006-04-05,105.43000030517578,105.48999786376953,105.0999984741211,105.4000015258789,48.031436920166016,80200,0.0,0.0,0.0
2006-04-06,105.19999694824219,105.19999694824219,104.8499984741211,105.0199966430664,47.85823059082031,82400,0.0,0.0,0.0
2006-04-07,104.80999755859375,104.87000274658203,104.36000061035156,104.61000061035156,47.67143630981445,80100,0.0,0.0,0.0
2006-04-10,104.66000366210938,104.73999786376953,104.25,104.37999725341797,47.56660461425781,299000,0.0,0.0,0.0
2006-04-11,104.5,104.83999633789062,104.41999816894531,104.68000030517578,47.70331954956055,101600,0.0,0.0,0.0
2006-04-12,104.69000244140625,104.97000122070312,104.19999694824219,104.3499984741211,47.55295944213867,138700,0.0,0.0,0.0
2006-04-13,104.30000305175781,104.30000305175781,103.80000305175781,104.1500015258789,47.461822509765625,100500,0.0,0.0,0.0
2006-04-17,103.94999694824219,104.3499984741211,103.41000366210938,104.12999725341797,47.452667236328125,110300,0.0,0.0,0.0
2006-04-18,104.30000305175781,104.58999633789062,104.19999694824219,104.55000305175781,47.64408874511719,76700,0.0,0.0,0.0
2006-04-19,104.3499984741211,104.48999786376953,104.26000213623047,104.4800033569336,47.61216354370117,87200,0.0,0.0,0.0
2006-04-20,104.52999877929688,104.55999755859375,104.30000305175781,104.43000030517578,47.589420318603516,63400,0.0,0.0,0.0
2006-04-21,104.62999725341797,104.69000244140625,104.36000061035156,104.62999725341797,47.6805305480957,84200,0.0,0.0,0.0
2006-04-24,104.69000244140625,104.9800033569336,104.56999969482422,104.83999633789062,47.77621078491211,82200,0.0,0.0,0.0
2006-04-25,104.86000061035156,104.86000061035156,104.2699966430664,104.33999633789062,47.548336029052734,93100,0.0,0.0,0.0
2006-04-26,104.26000213623047,104.3499984741211,104.06999969482422,104.22000122070312,47.49371337890625,173100,0.0,0.0,0.0
2006-04-27,104.19999694824219,104.75,104.08000183105469,104.41000366210938,47.580284118652344,74300,0.0,0.0,0.0
2006-04-28,104.56999969482422,104.69000244140625,104.44000244140625,104.6500015258789,47.68962478637695,90600,0.0,0.0,0.0
2006-05-01,104.01000213623047,104.13999938964844,103.61000061035156,103.66000366210938,47.44799041748047,72800,0.462,0.0,0.0
2006-05-02,103.63999938964844,104.0,103.63999938964844,103.81999969482422,47.52119445800781,76600,0.0,0.0,0.0
2006-05-03,103.66000366210938,103.97000122070312,103.55999755859375,103.81999969482422,47.52119445800781,85900,0.0,0.0,0.0
2006-05-04,103.9000015258789,103.9000015258789,103.55000305175781,103.77999877929688,47.50288772583008,86900,0.0,0.0,0.0
2006-05-05,104.0,104.0999984741211,103.86000061035156,103.9000015258789,47.557830810546875,72700,0.0,0.0,0.0
2006-05-08,104.06999969482422,104.1500015258789,103.86000061035156,104.02999877929688,47.61734390258789,87100,0.0,0.0,0.0
2006-05-09,103.9000015258789,104.12999725341797,103.9000015258789,104.06999969482422,47.6356315612793,108300,0.0,0.0,0.0
2006-05-10,104.01000213623047,104.4000015258789,104.0,104.13999938964844,47.66769027709961,76600,0.0,0.0,0.0
2006-05-11,104.0,104.04000091552734,103.80000305175781,103.95999908447266,47.58530807495117,80900,0.0,0.0,0.0
2006-05-12,103.80000305175781,103.86000061035156,103.5,103.69999694824219,47.466270446777344,111200,0.0,0.0,0.0
2006-05-15,103.5199966430664,103.9000015258789,103.5199966430664,103.79000091552734,47.50748825073242,68500,0.0,0.0,0.0
2006-05-16,103.79000091552734,104.19000244140625,103.79000091552734,104.16999816894531,47.681419372558594,105600,0.0,0.0,0.0
2006-05-17,103.83000183105469,103.88999938964844,103.30999755859375,103.83999633789062,47.53038787841797,127900,0.0,0.0,0.0
2006-05-18,103.9000015258789,104.5,103.9000015258789,104.5,47.83245849609375,68900,0.0,0.0,0.0
2006-05-19,104.33999633789062,104.62999725341797,104.27999877929688,104.44999694824219,47.80959701538086,68500,0.0,0.0,0.0
2006-05-22,104.58999633789062,104.97000122070312,104.37999725341797,104.51000213623047,47.83705520629883,71300,0.0,0.0,0.0
2006-05-23,104.19999694824219,104.48999786376953,104.19999694824219,104.44000244140625,47.80501174926758,59200,0.0,0.0,0.0
2006-05-24,104.5999984741211,104.7699966430664,104.20999908447266,104.55000305175781,47.85536575317383,120600,0.0,0.0,0.0
2006-05-25,104.58999633789062,104.61000061035156,104.30999755859375,104.41000366210938,47.791263580322266,84700,0.0,0.0,0.0
2006-05-26,104.44999694824219,104.58000183105469,104.33000183105469,104.41999816894531,47.79583740234375,81800,0.0,0.0,0.0
2006-05-30,104.38999938964844,104.41000366210938,104.13999938964844,104.19000244140625,47.690555572509766,148700,0.0,0.0,0.0
2006-05-31,104.37999725341797,104.4000015258789,103.8499984741211,103.98999786376953,47.59901428222656,130500,0.0,0.0,0.0
2006-06-01,103.61000061035156,103.83000183105469,103.47000122070312,103.73999786376953,47.68223571777344,102400,0.431,0.0,0.0
2006-06-02,104.0999984741211,104.44999694824219,104.05000305175781,104.38999938964844,47.98097610473633,63200,0.0,0.0,0.0
2006-06-05,104.25,104.4000015258789,104.05999755859375,104.06999969482422,47.83388900756836,79100,0.0,0.0,0.0
2006-06-06,104.25,104.3499984741211,104.05999755859375,104.30000305175781,47.9395866394043,116100,0.0,0.0,0.0
2006-06-07,104.12999725341797,104.26000213623047,103.91999816894531,104.0199966430664,47.8109130859375,82200,0.0,0.0,0.0
2006-06-08,104.30000305175781,104.55999755859375,104.05000305175781,104.36000061035156,47.96720886230469,76600,0.0,0.0,0.0
2006-06-09,104.30000305175781,104.48999786376953,104.26000213623047,104.47000122070312,48.01777648925781,67500,0.0,0.0,0.0
2006-06-12,104.37000274658203,104.41000366210938,104.1500015258789,104.19000244140625,47.88903045654297,75900,0.0,0.0,0.0
2006-06-13,104.30999755859375,104.41000366210938,104.11000061035156,104.30000305175781,47.9395866394043,108600,0.0,0.0,0.0
2006-06-14,104.01000213623047,104.16000366210938,103.75,103.8499984741211,47.73273849487305,66600,0.0,0.0,0.0
2006-06-15,103.61000061035156,103.87999725341797,103.5,103.63999938964844,47.63627243041992,79400,0.0,0.0,0.0
2006-06-16,103.77999877929688,103.83000183105469,103.30999755859375,103.5,47.571861267089844,98500,0.0,0.0,0.0
2006-06-19,103.4000015258789,103.45999908447266,103.23999786376953,103.37000274658203,47.51215744018555,76200,0.0,0.0,0.0
2006-06-20,103.25,103.3499984741211,103.16000366210938,103.29000091552734,47.47538375854492,53500,0.0,0.0,0.0
2006-06-21,103.30000305175781,103.37000274658203,103.13999938964844,103.16000366210938,47.41562271118164,48000,0.0,0.0,0.0
2006-06-22,103.19000244140625,103.19999694824219,102.8499984741211,102.91999816894531,47.30534362792969,86500,0.0,0.0,0.0
2006-06-23,102.97000122070312,103.0,102.66999816894531,102.75,47.227176666259766,62700,0.0,0.0,0.0
2006-06-26,102.83000183105469,102.8499984741211,102.51000213623047,102.75,47.227176666259766,54000,0.0,0.0,0.0
2006-06-27,102.72000122070312,102.9000015258789,102.38999938964844,102.58999633789062,47.15366744995117,480300,0.0,0.0,0.0
2006-06-28,102.41999816894531,102.75,102.3499984741211,102.36000061035156,47.04790115356445,91400,0.0,0.0,0.0
2006-06-29,102.6500015258789,102.9000015258789,102.41999816894531,102.9000015258789,47.296104431152344,64600,0.0,0.0,0.0
2006-06-30,102.9000015258789,103.47000122070312,102.76000213623047,103.47000122070312,47.55810546875,58500,0.0,0.0,0.0
2006-07-03,100.0,103.23999786376953,100.0,102.88999938964844,47.499473571777344,245800,0.453,0.0,0.0
2006-07-05,102.6500015258789,102.72000122070312,102.19999694824219,102.23999786376953,47.19941711425781,939300,0.0,0.0,0.0
2006-07-06,102.41999816894531,102.80999755859375,102.3499984741211,102.75,47.43485641479492,86500,0.0,0.0,0.0
2006-07-07,102.98999786376953,103.25,102.87999725341797,103.13999938964844,47.61488723754883,77900,0.0,0.0,0.0
2006-07-10,103.13999938964844,103.31999969482422,103.05999755859375,103.2699966430664,47.67491912841797,59300,0.0,0.0,0.0
2006-07-11,103.43000030517578,103.58999633789062,103.30000305175781,103.43000030517578,47.74878692626953,108400,0.0,0.0,0.0
2006-07-12,103.29000091552734,103.66999816894531,103.0999984741211,103.5999984741211,47.827247619628906,94900,0.0,0.0,0.0
2006-07-13,103.5,103.80000305175781,103.5,103.58999633789062,47.822635650634766,92200,0.0,0.0,0.0
2006-07-14,103.70999908447266,103.88999938964844,103.55000305175781,103.68000030517578,47.86418151855469,122300,0.0,0.0,0.0
2006-07-17,103.6500015258789,103.80999755859375,103.5199966430664,103.79000091552734,47.91497039794922,104200,0.0,0.0,0.0
2006-07-18,103.52999877929688,103.52999877929688,103.1500015258789,103.25,47.66568374633789,208700,0.0,0.0,0.0
2006-07-19,103.1500015258789,103.9000015258789,103.05000305175781,103.72000122070312,47.88263702392578,80600,0.0,0.0,0.0
2006-07-20,103.54000091552734,104.18000030517578,103.54000091552734,104.16999816894531,48.090415954589844,97900,0.0,0.0,0.0
2006-07-21,104.19000244140625,104.29000091552734,104.0199966430664,104.08999633789062,48.053504943847656,83700,0.0,0.0,0.0
2006-07-24,104.05999755859375,104.1500015258789,104.02999877929688,104.12000274658203,48.06726837158203,108300,0.0,0.0,0.0
2006-07-25,103.9800033569336,104.13999938964844,103.93000030517578,104.04000091552734,48.030399322509766,60100,0.0,0.0,0.0
2006-07-26,103.91000366210938,104.27999877929688,103.9000015258789,104.26000213623047,48.13194274902344,69200,0.0,0.0,0.0
2006-07-27,104.30000305175781,104.31999969482422,104.0999984741211,104.0999984741211,48.05809020996094,74900,0.0,0.0,0.0
2006-07-28,104.26000213623047,104.55999755859375,104.0,104.5,48.24274444580078,195200,0.0,0.0,0.0
2006-07-31,104.55000305175781,104.58000183105469,104.37999725341797,104.5199966430664,48.251956939697266,108600,0.0,0.0,0.0
2006-08-01,104.25,104.25,103.94999694824219,104.20999908447266,48.319664001464844,76000,0.456,0.0,0.0
2006-08-02,104.11000061035156,104.5,104.0999984741211,104.38999938964844,48.40314865112305,60300,0.0,0.0,0.0
2006-08-03,104.0,104.55000305175781,104.0,104.4000015258789,48.40779113769531,110700,0.0,0.0,0.0
2006-08-04,104.8499984741211,104.94000244140625,104.69999694824219,104.80999755859375,48.59786605834961,57300,0.0,0.0,0.0
2006-08-07,104.6500015258789,104.80000305175781,104.6500015258789,104.72000122070312,48.55614471435547,76900,0.0,0.0,0.0
2006-08-08,104.8499984741211,104.9800033569336,104.58000183105469,104.77999877929688,48.58399200439453,62000,0.0,0.0,0.0
2006-08-09,104.4000015258789,104.7699966430664,104.4000015258789,104.7300033569336,48.56077194213867,58300,0.0,0.0,0.0
2006-08-10,104.77999877929688,104.77999877929688,104.54000091552734,104.72000122070312,48.55614471435547,61300,0.0,0.0,0.0
2006-08-11,104.54000091552734,104.58000183105469,104.4000015258789,104.51000213623047,48.458778381347656,54200,0.0,0.0,0.0
2006-08-14,104.41000366210938,104.44999694824219,104.22000122070312,104.37999725341797,48.398460388183594,48000,0.0,0.0,0.0
2006-08-15,104.61000061035156,104.9800033569336,104.55999755859375,104.91999816894531,48.64884948730469,99200,0.0,0.0,0.0
2006-08-16,105.05000305175781,105.41999816894531,105.05000305175781,105.36000061035156,48.852901458740234,69700,0.0,0.0,0.0
2006-08-17,105.44000244140625,105.5,105.22000122070312,105.30999755859375,48.829708099365234,84900,0.0,0.0,0.0
2006-08-18,105.30999755859375,105.6500015258789,105.30999755859375,105.5199966430664,48.92707824707031,115700,0.0,0.0,0.0
2006-08-21,105.5,105.68000030517578,105.44999694824219,105.66999816894531,48.99665832519531,77300,0.0,0.0,0.0
2006-08-22,105.75,105.8499984741211,105.56999969482422,105.73999786376953,49.02909851074219,194100,0.0,0.0,0.0
2006-08-23,105.73999786376953,105.77999877929688,105.58999633789062,105.69999694824219,49.01054382324219,107400,0.0,0.0,0.0
2006-08-24,105.6500015258789,105.87000274658203,105.6500015258789,105.69999694824219,49.01054382324219,54800,0.0,0.0,0.0
2006-08-25,105.76000213623047,105.9800033569336,105.70999908447266,105.8499984741211,49.08012008666992,105800,0.0,0.0,0.0
2006-08-28,105.91000366210938,105.9800033569336,105.76000213623047,105.87999725341797,49.09397888183594,101300,0.0,0.0,0.0
2006-08-29,105.7300033569336,105.95999908447266,105.55000305175781,105.94999694824219,49.1264533996582,110000,0.0,0.0,0.0
2006-08-30,105.95999908447266,106.1500015258789,105.95999908447266,106.0199966430664,49.158897399902344,80100,0.0,0.0,0.0
2006-08-31,106.05000305175781,106.37999725341797,105.80000305175781,106.37999725341797,49.32583999633789,125600,0.0,0.0,0.0
2006-09-01,105.7699966430664,105.94000244140625,104.87000274658203,105.77999877929688,49.267147064208984,139900,0.474,0.0,0.0
2006-09-05,105.7699966430664,105.77999877929688,105.44999694824219,105.45999908447266,49.11812973022461,74900,0.0,0.0,0.0
2006-09-06,105.41000366210938,105.52999877929688,105.29000091552734,105.45999908447266,49.11812973022461,158200,0.0,0.0,0.0
2006-09-07,105.5,105.66999816894531,105.23999786376953,105.56999969482422,49.16936492919922,280100,0.0,0.0,0.0
2006-09-08,105.80000305175781,105.87000274658203,105.61000061035156,105.68000030517578,49.22056579589844,130200,0.0,0.0,0.0
2006-09-11,105.7699966430664,105.80000305175781,105.52999877929688,105.63999938964844,49.20195770263672,81200,0.0,0.0,0.0
2006-09-12,105.4800033569336,105.88999938964844,105.4800033569336,105.80000305175781,49.27649688720703,72500,0.0,0.0,0.0
2006-09-13,105.81999969482422,106.19999694824219,105.81999969482422,106.08000183105469,49.40687942504883,173000,0.0,0.0,0.0
2006-09-14,106.01000213623047,106.05000305175781,105.80000305175781,105.80999755859375,49.281124114990234,63800,0.0,0.0,0.0
2006-09-15,105.91999816894531,106.08000183105469,105.72000122070312,105.73999786376953,49.248558044433594,116400,0.0,0.0,0.0
2006-09-18,105.55000305175781,105.77999877929688,105.4000015258789,105.76000213623047,49.257843017578125,55100,0.0,0.0,0.0
2006-09-19,105.91999816894531,106.30000305175781,105.91999816894531,106.16999816894531,49.448795318603516,239900,0.0,0.0,0.0
2006-09-20,106.44000244140625,106.48999786376953,106.29000091552734,106.33999633789062,49.527976989746094,124600,0.0,0.0,0.0
2006-09-21,106.31999969482422,106.9800033569336,106.31999969482422,106.9800033569336,49.82606506347656,232400,0.0,0.0,0.0
2006-09-22,107.04000091552734,107.16000366210938,106.94000244140625,107.04000091552734,49.85400390625,152600,0.0,0.0,0.0
2006-09-25,107.23999786376953,107.30999755859375,107.08000183105469,107.19999694824219,49.92852020263672,366900,0.0,0.0,0.0
2006-09-26,107.29000091552734,107.29000091552734,106.88999938964844,106.9000015258789,49.788822174072266,243200,0.0,0.0,0.0
2006-09-27,107.0999984741211,107.29000091552734,106.76000213623047,106.8499984741211,49.76554870605469,559500,0.0,0.0,0.0
2006-09-28,106.88999938964844,106.9800033569336,106.69000244140625,106.87999725341797,49.77948760986328,255400,0.0,0.0,0.0
2006-09-29,106.94999694824219,107.12000274658203,106.75,106.83000183105469,49.75618362426758,110100,0.0,0.0,0.0
2006-10-02,100.0,106.69999694824219,100.0,106.52999877929688,49.838077545166016,102700,0.475,0.0,0.0
2006-10-03,106.69000244140625,106.69000244140625,106.30999755859375,106.5999984741211,49.87079620361328,118200,0.0,0.0,0.0
2006-10-04,106.79000091552734,107.12000274658203,106.72000122070312,107.11000061035156,50.10940933227539,162700,0.0,0.0,0.0
2006-10-05,106.95999908447266,107.0,106.63999938964844,106.76000213623047,49.945674896240234,78900,0.0,0.0,0.0
2006-10-06,106.56999969482422,106.56999969482422,106.05999755859375,106.16000366210938,49.66497802734375,124500,0.0,0.0,0.0
2006-10-09,106.30000305175781,106.38999938964844,106.11000061035156,106.23999786376953,49.70237731933594,51600,0.0,0.0,0.0
2006-10-10,106.05000305175781,106.05000305175781,105.7699966430664,105.7699966430664,49.48250198364258,121000,0.0,0.0,0.0
2006-10-11,106.0,106.0199966430664,105.5,105.52999877929688,49.370269775390625,130800,0.0,0.0,0.0
2006-10-12,105.83000183105469,105.87000274658203,105.5999984741211,105.77999877929688,49.487178802490234,91000,0.0,0.0,0.0
2006-10-13,105.5999984741211,105.68000030517578,105.36000061035156,105.38999938964844,49.304725646972656,215000,0.0,0.0,0.0
2006-10-16,105.37000274658203,105.7300033569336,105.37000274658203,105.6500015258789,49.426387786865234,113000,0.0,0.0,0.0
2006-10-17,105.93000030517578,106.12000274658203,105.77999877929688,105.8499984741211,49.51996994018555,153100,0.0,0.0,0.0
2006-10-18,106.04000091552734,106.06999969482422,105.5,106.06999969482422,49.62285614013672,363600,0.0,0.0,0.0
2006-10-19,105.87999725341797,105.93000030517578,105.62999725341797,105.7300033569336,49.46381759643555,665000,0.0,0.0,0.0
2006-10-20,105.76000213623047,105.83999633789062,105.56999969482422,105.7699966430664,49.48250198364258,101600,0.0,0.0,0.0
2006-10-23,105.58000183105469,105.68000030517578,105.45999908447266,105.52999877929688,49.370269775390625,116200,0.0,0.0,0.0
2006-10-24,105.58000183105469,105.72000122070312,105.58000183105469,105.70999908447266,49.454490661621094,95200,0.0,0.0,0.0
2006-10-25,105.72000122070312,106.16999816894531,105.6500015258789,106.16000366210938,49.66497802734375,91700,0.0,0.0,0.0
2006-10-26,106.3499984741211,106.51000213623047,106.30000305175781,106.5,49.824092864990234,79500,0.0,0.0,0.0
2006-10-27,107.08999633789062,107.08999633789062,106.63999938964844,106.83999633789062,49.98312759399414,88400,0.0,0.0,0.0
2006-10-30,106.9000015258789,106.98999786376953,106.77999877929688,106.94000244140625,50.02989196777344,56200,0.0,0.0,0.0
2006-10-31,107.04000091552734,107.4800033569336,107.0,107.41999816894531,50.254432678222656,144100,0.0,0.0,0.0
2006-11-01,107.25,107.4800033569336,107.08999633789062,107.30999755859375,50.4202995300293,220200,0.463,0.0,0.0
2006-11-02,107.11000061035156,107.23999786376953,107.11000061035156,107.18000030517578,50.359230041503906,319200,0.0,0.0,0.0
2006-11-03,106.5999984741211,106.62000274658203,106.33000183105469,106.43000030517578,50.00678253173828,73000,0.0,0.0,0.0
2006-11-06,106.3499984741211,106.55000305175781,106.22000122070312,106.55000305175781,50.06320571899414,80600,0.0,0.0,0.0
2006-11-07,106.94000244140625,107.08999633789062,106.83000183105469,106.93000030517578,50.24176788330078,130000,0.0,0.0,0.0
2006-11-08,107.0,107.08999633789062,106.94000244140625,107.05999755859375,50.302833557128906,124800,0.0,0.0,0.0
2006-11-09,107.1500015258789,107.26000213623047,107.05999755859375,107.16999816894531,50.35457229614258,111500,0.0,0.0,0.0
2006-11-10,107.37999725341797,107.5999984741211,107.30000305175781,107.45999908447266,50.49079132080078,62200,0.0,0.0,0.0
2006-11-13,107.44000244140625,107.44999694824219,107.20999908447266,107.38999938964844,50.457881927490234,100400,0.0,0.0,0.0
2006-11-14,107.6500015258789,107.79000091552734,107.55999755859375,107.55999755859375,50.537750244140625,120600,0.0,0.0,0.0
2006-11-15,107.55000305175781,107.55000305175781,107.19999694824219,107.27999877929688,50.40622329711914,103000,0.0,0.0,0.0
2006-11-16,107.54000091552734,107.54000091552734,107.06999969482422,107.12999725341797,50.33574676513672,108400,0.0,0.0,0.0
2006-11-17,107.19999694824219,107.63999938964844,107.1500015258789,107.4800033569336,50.50019073486328,99600,0.0,0.0,0.0
2006-11-20,107.6500015258789,107.6500015258789,107.48999786376953,107.55999755859375,50.537750244140625,81300,0.0,0.0,0.0
2006-11-21,107.6500015258789,107.8499984741211,107.52999877929688,107.70999908447266,50.6082878112793,155500,0.0,0.0,0.0
2006-11-22,107.81999969482422,107.87999725341797,107.66999816894531,107.83000183105469,50.664634704589844,75000,0.0,0.0,0.0
2006-11-24,108.1500015258789,108.19999694824219,107.98999786376953,108.0,50.74457550048828,48600,0.0,0.0,0.0
2006-11-27,107.7699966430664,108.19000244140625,107.66999816894531,108.01000213623047,50.74918746948242,147500,0.0,0.0,0.0
2006-11-28,108.3499984741211,108.37000274658203,108.06999969482422,108.20999908447266,50.84321594238281,182300,0.0,0.0,0.0
2006-11-29,108.38999938964844,108.43000030517578,108.11000061035156,108.11000061035156,50.796207427978516,102800,0.0,0.0,0.0
2006-11-30,108.4000015258789,108.66000366210938,108.2699966430664,108.5199966430664,50.98883819580078,108600,0.0,0.0,0.0
2006-12-01,108.25,108.58999633789062,108.0999984741211,108.19999694824219,51.048728942871094,175400,0.447,0.0,0.0
2006-12-04,108.30000305175781,108.55000305175781,108.0199966430664,108.44999694824219,51.16667938232422,97200,0.0,0.0,0.0
2006-12-05,108.44999694824219,108.6500015258789,108.22000122070312,108.4000015258789,51.14313888549805,109700,0.0,0.0,0.0
2006-12-06,108.33000183105469,108.33000183105469,107.94999694824219,108.12999725341797,51.01572036743164,101900,0.0,0.0,0.0
2006-12-07,108.33000183105469,108.33000183105469,108.08999633789062,108.18000030517578,51.03934860229492,99600,0.0,0.0,0.0
2006-12-08,108.25,108.25,107.76000213623047,107.77999877929688,50.85059356689453,109900,0.0,0.0,0.0
2006-12-11,107.94999694824219,108.12999725341797,107.94999694824219,108.0199966430664,50.96384811401367,69400,0.0,0.0,0.0
2006-12-12,108.12000274658203,108.33000183105469,108.05000305175781,108.25,51.07234573364258,85500,0.0,0.0,0.0
2006-12-13,107.91999816894531,108.01000213623047,107.69000244140625,107.70999908447266,50.81755065917969,116600,0.0,0.0,0.0
2006-12-14,107.70999908447266,107.70999908447266,107.54000091552734,107.61000061035156,50.77040100097656,73400,0.0,0.0,0.0
2006-12-15,108.12000274658203,108.22000122070312,107.5199966430664,107.58999633789062,50.76093673706055,103700,0.0,0.0,0.0
2006-12-18,107.5999984741211,107.63999938964844,107.5,107.5999984741211,50.76567459106445,69800,0.0,0.0,0.0
2006-12-19,107.5199966430664,107.70999908447266,107.4800033569336,107.58000183105469,50.75625228881836,115400,0.0,0.0,0.0
2006-12-20,107.48999786376953,107.72000122070312,107.48999786376953,107.66000366210938,50.79397964477539,73200,0.0,0.0,0.0
2006-12-21,107.73999786376953,108.05999755859375,107.66999816894531,107.94000244140625,50.92607116699219,145000,0.0,0.0,0.0
2006-12-22,107.80000305175781,107.83999633789062,107.44999694824219,107.5999984741211,50.76567459106445,100200,0.0,0.0,0.0
2006-12-26,107.6500015258789,107.7300033569336,107.51000213623047,107.72000122070312,50.822288513183594,61800,0.0,0.0,0.0
2006-12-27,107.25,107.29000091552734,106.7300033569336,106.94999694824219,50.659828186035156,114500,0.427,0.0,0.0
2006-12-28,107.05000305175781,107.05000305175781,106.51000213623047,106.7300033569336,50.55559158325195,129300,0.0,0.0,0.0
2006-12-29,106.72000122070312,106.72000122070312,106.55999755859375,106.68000030517578,50.53193283081055,120500,0.0,0.0,0.0
2007-01-03,107.1500015258789,107.19999694824219,106.19000244140625,106.44999694824219,50.42300796508789,1597400,0.0,0.0,0.0
2007-01-04,106.73999786376953,107.30000305175781,106.73999786376953,107.25,50.801910400390625,111600,0.0,0.0,0.0
2007-01-05,107.0,107.19999694824219,106.87000274658203,107.18000030517578,50.76877212524414,103200,0.0,0.0,0.0
2007-01-08,106.97000122070312,107.22000122070312,106.97000122070312,107.1500015258789,50.75457000732422,120600,0.0,0.0,0.0
2007-01-09,107.16000366210938,107.2300033569336,107.08000183105469,107.16999816894531,50.76405334472656,127200,0.0,0.0,0.0
2007-01-10,107.0999984741211,107.1500015258789,106.94999694824219,107.02999877929688,50.69770812988281,66500,0.0,0.0,0.0
2007-01-11,106.9000015258789,106.95999908447266,106.62999725341797,106.69999694824219,50.541404724121094,73600,0.0,0.0,0.0
2007-01-12,106.66000366210938,106.66999816894531,106.51000213623047,106.58999633789062,50.489315032958984,86400,0.0,0.0,0.0
2007-01-16,106.6500015258789,106.76000213623047,106.44999694824219,106.70999908447266,50.54616928100586,205300,0.0,0.0,0.0
2007-01-17,106.77999877929688,106.77999877929688,106.43000030517578,106.55999755859375,50.475074768066406,100400,0.0,0.0,0.0
2007-01-18,106.68000030517578,106.87000274658203,106.5,106.87000274658203,50.621910095214844,91700,0.0,0.0,0.0
2007-01-19,106.87999725341797,106.87999725341797,106.69999694824219,106.80999755859375,50.593502044677734,181100,0.0,0.0,0.0
2007-01-22,106.87000274658203,106.87999725341797,106.76000213623047,106.87999725341797,50.626651763916016,73200,0.0,0.0,0.0
2007-01-23,106.80000305175781,106.80000305175781,106.41999816894531,106.58999633789062,50.489315032958984,142800,0.0,0.0,0.0
2007-01-24,106.62999725341797,106.6500015258789,106.51000213623047,106.63999938964844,50.51293182373047,84900,0.0,0.0,0.0
2007-01-25,106.52999877929688,106.55999755859375,106.19999694824219,106.30000305175781,50.351932525634766,168800,0.0,0.0,0.0
2007-01-26,106.19999694824219,106.38999938964844,106.13999938964844,106.2300033569336,50.31875991821289,97900,0.0,0.0,0.0
2007-01-29,106.36000061035156,106.44000244140625,106.05999755859375,106.18000030517578,50.2950553894043,154100,0.0,0.0,0.0
2007-01-30,106.33999633789062,106.3499984741211,106.22000122070312,106.33000183105469,50.366172790527344,77100,0.0,0.0,0.0
2007-01-31,106.29000091552734,106.80999755859375,106.26000213623047,106.77999877929688,50.57929611206055,166800,0.0,0.0,0.0
2007-02-01,106.88999938964844,106.88999938964844,106.19000244140625,106.27999877929688,50.5588264465332,135300,0.457,0.0,0.0
2007-02-02,106.38999938964844,106.61000061035156,106.27999877929688,106.37999725341797,50.60641860961914,174000,0.0,0.0,0.0
2007-02-05,106.47000122070312,106.52999877929688,106.41000366210938,106.5199966430664,50.67295837402344,101400,0.0,0.0,0.0
2007-02-06,106.4000015258789,106.80000305175781,106.33000183105469,106.80000305175781,50.80622482299805,168100,0.0,0.0,0.0
2007-02-07,107.0,107.01000213623047,106.80999755859375,106.94999694824219,50.87758255004883,156700,0.0,0.0,0.0
2007-02-08,106.94000244140625,107.16000366210938,106.83999633789062,107.06999969482422,50.93463134765625,113600,0.0,0.0,0.0
2007-02-09,106.94999694824219,106.94999694824219,106.52999877929688,106.62000274658203,50.7205924987793,175400,0.0,0.0,0.0
2007-02-12,106.69000244140625,106.73999786376953,105.75,106.63999938964844,50.73007583618164,572300,0.0,0.0,0.0
2007-02-13,106.69000244140625,106.69000244140625,106.26000213623047,106.56999969482422,50.69680404663086,97600,0.0,0.0,0.0
2007-02-14,106.80000305175781,107.18000030517578,106.69000244140625,107.18000030517578,50.98698806762695,102700,0.0,0.0,0.0
2007-02-15,107.30999755859375,107.48999786376953,107.20999908447266,107.37999725341797,51.08210372924805,141900,0.0,0.0,0.0
2007-02-16,107.5,107.6500015258789,107.41999816894531,107.48999786376953,51.134464263916016,149700,0.0,0.0,0.0
2007-02-20,107.52999877929688,107.68000030517578,107.4000015258789,107.66000366210938,51.21533203125,101600,0.0,0.0,0.0
2007-02-21,107.47000122070312,107.8499984741211,107.33000183105469,107.58999633789062,51.182037353515625,120500,0.0,0.0,0.0
2007-02-22,107.56999969482422,107.56999969482422,107.30999755859375,107.44000244140625,51.11067581176758,101800,0.0,0.0,0.0
2007-02-23,107.58000183105469,107.88999938964844,107.58000183105469,107.79000091552734,51.27717971801758,161400,0.0,0.0,0.0
2007-02-26,108.0999984741211,108.2300033569336,107.93000030517578,108.2300033569336,51.48645782470703,109700,0.0,0.0,0.0
2007-02-27,108.27999877929688,109.13999938964844,108.27999877929688,108.6500015258789,51.68629455566406,143800,0.0,0.0,0.0
2007-02-28,108.5999984741211,108.5999984741211,108.20999908447266,108.44999694824219,51.59111022949219,87000,0.0,0.0,0.0
2007-03-01,107.9000015258789,108.36000061035156,107.80000305175781,108.0199966430664,51.60120391845703,143000,0.451,0.0,0.0
2007-03-02,108.23999786376953,108.31999969482422,107.76000213623047,108.31999969482422,51.744449615478516,145600,0.0,0.0,0.0
2007-03-05,108.30000305175781,108.30999755859375,108.0,108.16000366210938,51.668087005615234,98100,0.0,0.0,0.0
2007-03-06,107.98999786376953,108.0,107.62000274658203,107.75,51.47217559814453,348200,0.0,0.0,0.0
2007-03-07,107.95999908447266,108.0199966430664,107.61000061035156,107.8499984741211,51.51993942260742,120300,0.0,0.0,0.0
2007-03-08,107.95999908447266,107.98999786376953,107.69999694824219,107.98999786376953,51.58684539794922,123800,0.0,0.0,0.0
2007-03-09,107.44999694824219,107.76000213623047,107.36000061035156,107.70999908447266,51.45308303833008,95000,0.0,0.0,0.0
2007-03-12,107.69999694824219,108.02999877929688,107.69999694824219,107.94000244140625,51.562965393066406,79100,0.0,0.0,0.0
2007-03-13,107.95999908447266,108.20999908447266,107.80000305175781,108.0,51.59164047241211,217500,0.0,0.0,0.0
2007-03-14,108.0999984741211,108.0999984741211,107.56999969482422,107.9000015258789,51.54389190673828,144900,0.0,0.0,0.0
2007-03-15,108.0,108.0,107.66999816894531,107.91999816894531,51.55337905883789,74000,0.0,0.0,0.0
2007-03-16,107.72000122070312,107.94999694824219,107.31999969482422,107.5,51.35272979736328,199800,0.0,0.0,0.0
2007-03-19,107.5,107.58000183105469,107.30000305175781,107.30000305175781,51.25724411010742,108800,0.0,0.0,0.0
2007-03-20,107.43000030517578,107.66000366210938,107.33000183105469,107.58999633789062,51.39577102661133,100200,0.0,0.0,0.0
2007-03-21,107.58000183105469,108.01000213623047,107.20999908447266,107.91000366210938,51.548648834228516,116200,0.0,0.0,0.0
2007-03-22,107.72000122070312,107.87000274658203,107.47000122070312,107.61000061035156,51.40534210205078,67900,0.0,0.0,0.0
2007-03-23,107.76000213623047,107.76000213623047,107.2300033569336,107.33000183105469,51.27157211303711,74500,0.0,0.0,0.0
2007-03-26,107.3499984741211,107.80000305175781,107.33000183105469,107.52999877929688,51.36707305908203,69500,0.0,0.0,0.0
2007-03-27,107.4000015258789,107.5999984741211,107.33000183105469,107.51000213623047,51.3575439453125,84500,0.0,0.0,0.0
2007-03-28,107.54000091552734,107.80000305175781,107.30999755859375,107.44000244140625,51.32411575317383,82500,0.0,0.0,0.0
2007-03-29,107.37999725341797,107.45999908447266,107.25,107.30999755859375,51.26201248168945,119400,0.0,0.0,0.0
2007-03-30,107.43000030517578,107.44000244140625,107.0199966430664,107.2699966430664,51.242889404296875,127000,0.0,0.0,0.0
2007-04-02,106.83000183105469,106.86000061035156,106.68000030517578,106.83999633789062,51.27264404296875,77000,0.492,0.0,0.0
2007-04-03,106.79000091552734,106.80999755859375,106.62999725341797,106.77999877929688,51.24382400512695,158900,0.0,0.0,0.0
2007-04-04,106.83000183105469,107.01000213623047,106.75,106.87000274658203,51.28701400756836,93600,0.0,0.0,0.0
2007-04-05,106.80000305175781,106.88999938964844,106.56999969482422,106.6500015258789,51.181434631347656,129900,0.0,0.0,0.0
2007-04-09,106.0199966430664,106.33999633789062,106.0199966430664,106.30000305175781,51.01348876953125,137400,0.0,0.0,0.0
2007-04-10,106.5199966430664,106.58999633789062,106.3499984741211,106.5199966430664,51.11902618408203,115800,0.0,0.0,0.0
2007-04-11,106.5999984741211,106.68000030517578,106.31999969482422,106.31999969482422,51.023075103759766,103400,0.0,0.0,0.0
2007-04-12,106.43000030517578,106.58999633789062,106.33999633789062,106.4800033569336,51.09989929199219,83700,0.0,0.0,0.0
2007-04-13,106.55999755859375,106.55999755859375,106.26000213623047,106.30000305175781,51.01348876953125,96400,0.0,0.0,0.0
2007-04-16,106.58999633789062,106.58999633789062,106.30000305175781,106.38999938964844,51.05670166015625,180500,0.0,0.0,0.0
2007-04-17,106.75,106.9800033569336,106.62999725341797,106.97000122070312,51.33502960205078,101200,0.0,0.0,0.0
2007-04-18,107.20999908447266,107.23999786376953,106.81999969482422,107.0,51.349449157714844,127300,0.0,0.0,0.0
2007-04-19,107.1500015258789,107.2699966430664,106.98999786376953,107.06999969482422,51.38301086425781,124200,0.0,0.0,0.0
2007-04-20,107.18000030517578,107.26000213623047,106.9000015258789,107.04000091552734,51.36860656738281,92500,0.0,0.0,0.0
2007-04-23,107.22000122070312,107.38999938964844,107.0,107.3499984741211,51.517398834228516,100600,0.0,0.0,0.0
2007-04-24,107.30000305175781,107.6500015258789,107.16999816894531,107.62000274658203,51.6469612121582,105900,0.0,0.0,0.0
2007-04-25,107.5999984741211,107.73999786376953,107.41999816894531,107.47000122070312,51.57498550415039,125200,0.0,0.0,0.0
2007-04-26,107.4000015258789,107.44999694824219,107.13999938964844,107.23999786376953,51.464637756347656,194500,0.0,0.0,0.0
2007-04-27,107.31999969482422,107.3499984741211,107.16000366210938,107.20999908447266,51.450225830078125,235700,0.0,0.0,0.0
2007-04-30,107.30999755859375,107.76000213623047,107.30999755859375,107.7300033569336,51.699745178222656,362600,0.0,0.0,0.0
2007-05-01,107.12999725341797,107.33000183105469,106.91000366210938,107.19000244140625,51.67082214355469,226900,0.48,0.0,0.0
2007-05-02,107.23999786376953,107.25,107.0,107.16000366210938,51.65640640258789,145000,0.0,0.0,0.0
2007-05-03,107.0199966430664,107.11000061035156,106.80000305175781,107.01000213623047,51.584068298339844,157200,0.0,0.0,0.0
2007-05-04,107.3499984741211,107.3499984741211,107.0999984741211,107.2699966430664,51.70939254760742,100900,0.0,0.0,0.0
2007-05-07,107.29000091552734,107.4000015258789,107.20999908447266,107.4000015258789,51.772071838378906,136900,0.0,0.0,0.0
2007-05-08,107.5,107.5,107.19999694824219,107.33999633789062,51.74312210083008,134500,0.0,0.0,0.0
2007-05-09,107.38999938964844,107.38999938964844,107.08000183105469,107.16999816894531,51.661190032958984,107200,0.0,0.0,0.0
2007-05-10,107.22000122070312,107.30999755859375,107.12999725341797,107.22000122070312,51.68532180786133,75900,0.0,0.0,0.0
2007-05-11,107.44999694824219,107.48999786376953,107.01000213623047,107.11000061035156,51.632266998291016,87100,0.0,0.0,0.0
2007-05-14,107.13999938964844,107.16999816894531,106.87000274658203,107.0,51.5792350769043,121600,0.0,0.0,0.0
2007-05-15,107.0,107.13999938964844,106.66999816894531,106.76000213623047,51.46354293823242,174200,0.0,0.0,0.0
2007-05-16,106.94999694824219,107.02999877929688,106.69999694824219,107.01000213623047,51.584068298339844,157200,0.0,0.0,0.0
2007-05-17,106.80000305175781,106.86000061035156,106.62000274658203,106.69000244140625,51.42982482910156,126100,0.0,0.0,0.0
2007-05-18,106.5,106.66000366210938,106.30000305175781,106.38999938964844,51.28518295288086,147700,0.0,0.0,0.0
2007-05-21,106.30000305175781,106.55999755859375,106.23999786376953,106.52999877929688,51.35270690917969,88700,0.0,0.0,0.0
2007-05-22,106.5,106.5199966430664,106.12000274658203,106.19000244140625,51.18880081176758,83100,0.0,0.0,0.0
2007-05-23,106.30000305175781,106.33000183105469,105.91000366210938,106.08999633789062,51.14054489135742,128200,0.0,0.0,0.0
2007-05-24,106.11000061035156,106.22000122070312,105.7699966430664,106.22000122070312,51.20327377319336,92800,0.0,0.0,0.0
2007-05-25,106.08000183105469,106.37999725341797,105.94000244140625,106.1500015258789,51.169456481933594,104000,0.0,0.0,0.0
2007-05-29,106.0999984741211,106.12000274658203,105.79000091552734,105.94000244140625,51.068321228027344,139700,0.0,0.0,0.0
2007-05-30,106.13999938964844,106.20999908447266,105.87999725341797,106.0199966430664,51.106842041015625,94700,0.0,0.0,0.0
2007-05-31,106.04000091552734,106.04000091552734,105.58999633789062,105.93000030517578,51.063472747802734,130100,0.0,0.0,0.0
2007-06-01,105.20999908447266,105.25,104.91999816894531,105.02999877929688,50.867820739746094,105200,0.496,0.0,0.0
2007-06-04,104.94999694824219,105.22000122070312,104.91999816894531,105.19999694824219,50.950138092041016,111300,0.0,0.0,0.0
2007-06-05,104.95999908447266,105.0,104.76000213623047,104.86000061035156,50.785438537597656,97200,0.0,0.0,0.0
2007-06-06,104.9000015258789,105.0199966430664,104.80000305175781,104.94999694824219,50.82902908325195,64800,0.0,0.0,0.0
2007-06-07,104.55000305175781,104.55000305175781,103.7300033569336,103.83000183105469,50.28661346435547,179800,0.0,0.0,0.0
2007-06-08,103.61000061035156,103.94999694824219,103.3499984741211,103.87999725341797,50.310848236083984,404300,0.0,0.0,0.0
2007-06-11,103.77999877929688,103.95999908447266,103.5199966430664,103.55999755859375,50.15586471557617,109700,0.0,0.0,0.0
2007-06-12,103.37999725341797,103.44999694824219,102.95999908447266,103.0,49.8846549987793,129400,0.0,0.0,0.0
2007-06-13,103.41999816894531,103.62000274658203,103.05999755859375,103.44999694824219,50.10259246826172,249400,0.0,0.0,0.0
2007-06-14,103.27999877929688,103.61000061035156,103.19999694824219,103.41999816894531,50.088043212890625,110100,0.0,0.0,0.0
2007-06-15,103.5,103.94999694824219,103.47000122070312,103.83000183105469,50.28661346435547,100100,0.0,0.0,0.0
2007-06-18,103.68000030517578,103.94999694824219,103.47000122070312,103.81999969482422,50.28175735473633,101100,0.0,0.0,0.0
2007-06-19,103.9800033569336,104.48999786376953,103.9000015258789,104.48999786376953,50.60627365112305,121000,0.0,0.0,0.0
2007-06-20,104.0999984741211,104.2300033569336,103.86000061035156,103.98999786376953,50.364097595214844,77700,0.0,0.0,0.0
2007-06-21,103.70999908447266,104.04000091552734,103.63999938964844,103.72000122070312,50.23334503173828,83200,0.0,0.0,0.0
2007-06-22,103.66000366210938,104.01000213623047,103.5,104.0,50.36895751953125,73900,0.0,0.0,0.0
2007-06-25,104.30000305175781,104.37999725341797,103.97000122070312,104.12000274658203,50.42702102661133,82500,0.0,0.0,0.0
2007-06-26,104.30999755859375,104.3499984741211,103.98999786376953,104.0999984741211,50.417354583740234,68900,0.0,0.0,0.0
2007-06-27,104.37999725341797,104.48999786376953,104.06999969482422,104.0999984741211,50.417354583740234,105900,0.0,0.0,0.0
2007-06-28,104.12999725341797,104.30000305175781,103.87000274658203,103.98999786376953,50.364097595214844,63100,0.0,0.0,0.0
2007-06-29,104.18000030517578,104.75,104.18000030517578,104.58000183105469,50.64986038208008,191400,0.0,0.0,0.0
2007-07-02,104.19999694824219,104.19999694824219,103.69999694824219,103.8499984741211,50.524330139160156,3074400,0.472,0.0,0.0
2007-07-03,104.27999877929688,104.29000091552734,103.66999816894531,103.87000274658203,50.53407669067383,45900,0.0,0.0,0.0
2007-07-05,103.4000015258789,103.6500015258789,103.18000030517578,103.19999694824219,50.20811462402344,83600,0.0,0.0,0.0
2007-07-06,103.11000061035156,103.26000213623047,102.81999969482422,103.0,50.11082077026367,83700,0.0,0.0,0.0
2007-07-09,103.30000305175781,103.33999633789062,103.02999877929688,103.20999908447266,50.21295166015625,100900,0.0,0.0,0.0
2007-07-10,103.88999938964844,104.11000061035156,103.51000213623047,103.91999816894531,50.55839538574219,159600,0.0,0.0,0.0
2007-07-11,104.0199966430664,104.06999969482422,103.38999938964844,103.44999694824219,50.329769134521484,86000,0.0,0.0,0.0
2007-07-12,103.66999816894531,103.66999816894531,102.94999694824219,103.04000091552734,50.13028335571289,129500,0.0,0.0,0.0
2007-07-13,103.3499984741211,103.54000091552734,103.06999969482422,103.48999786376953,50.349185943603516,71800,0.0,0.0,0.0
2007-07-16,103.68000030517578,103.83000183105469,103.4000015258789,103.76000213623047,50.48054122924805,90500,0.0,0.0,0.0
2007-07-17,103.73999786376953,103.93000030517578,103.37999725341797,103.54000091552734,50.373531341552734,86600,0.0,0.0,0.0
2007-07-18,103.56999969482422,104.1500015258789,103.52999877929688,103.83999633789062,50.51945495605469,85900,0.0,0.0,0.0
2007-07-19,103.66000366210938,103.88999938964844,103.33999633789062,103.62000274658203,50.412418365478516,170900,0.0,0.0,0.0
2007-07-20,104.0999984741211,104.33999633789062,103.86000061035156,103.91000366210938,50.553497314453125,181000,0.0,0.0,0.0
2007-07-23,104.06999969482422,104.12999725341797,103.75,103.79000091552734,50.495147705078125,56900,0.0,0.0,0.0
2007-07-24,104.19999694824219,104.19999694824219,103.5999984741211,103.66000366210938,50.431884765625,101600,0.0,0.0,0.0
2007-07-25,104.05000305175781,104.0999984741211,103.73999786376953,103.73999786376953,50.470794677734375,239800,0.0,0.0,0.0
2007-07-26,104.18000030517578,104.5999984741211,103.5199966430664,103.5199966430664,50.363746643066406,104600,0.0,0.0,0.0
2007-07-27,103.98999786376953,104.30000305175781,103.0,103.13999938964844,50.178932189941406,91400,0.0,0.0,0.0
2007-07-30,103.7300033569336,103.83999633789062,102.8499984741211,103.30000305175781,50.25673294067383,138300,0.0,0.0,0.0
2007-07-31,103.4000015258789,103.87000274658203,103.25,103.25,50.23240280151367,152700,0.0,0.0,0.0
2007-08-01,103.55000305175781,103.75,102.91999816894531,103.08999633789062,50.39469909667969,77200,0.492,0.0,0.0
2007-08-02,103.22000122070312,103.52999877929688,102.88999938964844,102.94999694824219,50.3262939453125,117400,0.0,0.0,0.0
2007-08-03,103.36000061035156,103.91999816894531,103.19999694824219,103.45999908447266,50.57555389404297,109200,0.0,0.0,0.0
2007-08-06,103.80999755859375,104.0,103.04000091552734,103.0999984741211,50.39957046508789,99100,0.0,0.0,0.0
2007-08-07,103.62000274658203,103.69000244140625,103.0999984741211,103.37999725341797,50.536460876464844,100500,0.0,0.0,0.0
2007-08-08,102.76000213623047,103.76000213623047,102.76000213623047,103.48999786376953,50.59025573730469,92500,0.0,0.0,0.0
2007-08-09,103.68000030517578,103.7699966430664,103.0999984741211,103.4000015258789,50.54623794555664,69300,0.0,0.0,0.0
2007-08-10,103.5,104.44000244140625,102.73999786376953,102.94000244140625,50.321380615234375,142700,0.0,0.0,0.0
2007-08-13,103.1500015258789,103.72000122070312,103.01000213623047,103.30000305175781,50.49735641479492,155100,0.0,0.0,0.0
2007-08-14,103.52999877929688,104.0,103.26000213623047,103.94999694824219,50.81509017944336,115800,0.0,0.0,0.0
2007-08-15,103.95999908447266,103.97000122070312,103.43000030517578,103.66999816894531,50.67825698852539,125700,0.0,0.0,0.0
2007-08-16,103.79000091552734,104.0199966430664,102.58999633789062,102.66000366210938,50.18452453613281,438800,0.0,0.0,0.0
2007-08-17,102.80999755859375,103.38999938964844,102.5999984741211,102.83999633789062,50.2724723815918,234100,0.0,0.0,0.0
2007-08-20,102.86000061035156,103.70999908447266,102.86000061035156,103.58000183105469,50.634273529052734,129100,0.0,0.0,0.0
2007-08-21,103.5999984741211,103.91000366210938,103.47000122070312,103.79000091552734,50.736934661865234,104000,0.0,0.0,0.0
2007-08-22,103.79000091552734,104.0999984741211,103.55999755859375,104.0,50.839569091796875,102600,0.0,0.0,0.0
2007-08-23,103.93000030517578,104.25,103.66999816894531,104.05000305175781,50.86400604248047,88600,0.0,0.0,0.0
2007-08-24,104.36000061035156,104.36000061035156,103.7699966430664,104.27999877929688,50.9764518737793,231600,0.0,0.0,0.0
2007-08-27,104.44999694824219,104.55999755859375,104.0,104.0,50.839569091796875,82200,0.0,0.0,0.0
2007-08-28,104.45999908447266,104.88999938964844,104.20999908447266,104.88999938964844,51.27462387084961,145100,0.0,0.0,0.0
2007-08-29,105.1500015258789,105.1500015258789,104.41000366210938,104.41000366210938,51.04002380371094,63100,0.0,0.0,0.0
2007-08-30,104.69999694824219,104.80000305175781,104.43000030517578,104.72000122070312,51.1915283203125,155200,0.0,0.0,0.0
2007-08-31,104.30000305175781,105.31999969482422,103.88999938964844,105.20999908447266,51.43104934692383,290200,0.0,0.0,0.0
2007-09-04,104.58999633789062,104.5999984741211,104.16999816894531,104.48999786376953,51.31711959838867,148500,0.488,0.0,0.0
2007-09-05,104.55000305175781,104.91999816894531,104.05999755859375,104.9000015258789,51.51847839355469,69600,0.0,0.0,0.0
2007-09-06,104.81999969482422,104.83000183105469,104.4800033569336,104.66000366210938,51.40062713623047,106600,0.0,0.0,0.0
2007-09-07,104.61000061035156,105.30999755859375,104.61000061035156,105.2300033569336,51.68055725097656,102300,0.0,0.0,0.0
2007-09-10,105.0999984741211,105.66999816894531,104.9000015258789,105.54000091552734,51.83282470703125,118800,0.0,0.0,0.0
2007-09-11,105.0999984741211,105.43000030517578,104.91999816894531,104.93000030517578,51.533226013183594,98500,0.0,0.0,0.0
2007-09-12,104.88999938964844,104.97000122070312,104.4800033569336,104.5,51.32202911376953,94800,0.0,0.0,0.0
2007-09-13,104.52999877929688,104.58999633789062,104.19999694824219,104.3499984741211,51.24835205078125,134300,0.0,0.0,0.0
2007-09-14,104.62999725341797,104.86000061035156,104.20999908447266,104.63999938964844,51.390811920166016,83300,0.0,0.0,0.0
2007-09-17,104.0,104.63999938964844,104.0,104.5999984741211,51.371131896972656,70700,0.0,0.0,0.0
2007-09-18,104.5,104.95999908447266,104.0999984741211,104.8499984741211,51.493934631347656,78200,0.0,0.0,0.0
2007-09-19,104.43000030517578,104.72000122070312,104.11000061035156,104.2699966430664,51.20906066894531,141100,0.0,0.0,0.0
2007-09-20,103.9000015258789,104.68000030517578,103.80000305175781,104.08000183105469,51.115753173828125,113700,0.0,0.0,0.0
2007-09-21,104.25,104.80999755859375,104.0999984741211,104.56999969482422,51.35641098022461,103300,0.0,0.0,0.0
2007-09-24,104.83999633789062,105.08999633789062,104.31999969482422,105.08999633789062,51.61180877685547,64100,0.0,0.0,0.0
2007-09-25,104.94000244140625,105.33999633789062,104.91000366210938,105.02999877929688,51.58232498168945,78400,0.0,0.0,0.0
2007-09-26,105.37999725341797,105.4000015258789,104.76000213623047,105.29000091552734,51.71003341674805,111700,0.0,0.0,0.0
2007-09-27,105.29000091552734,105.6500015258789,104.83999633789062,105.55999755859375,51.84262466430664,65600,0.0,0.0,0.0
2007-09-28,105.83000183105469,105.8499984741211,105.19999694824219,105.48999786376953,51.80826950073242,95800,0.0,0.0,0.0
2007-10-01,105.81999969482422,105.81999969482422,104.2699966430664,104.33000183105469,51.4742317199707,1038900,0.483,0.0,0.0
2007-10-02,104.06999969482422,104.6500015258789,104.06999969482422,104.2300033569336,51.424903869628906,187300,0.0,0.0,0.0
2007-10-03,104.66999816894531,104.81999969482422,104.23999786376953,104.69999694824219,51.65679168701172,253900,0.0,0.0,0.0
2007-10-04,104.80999755859375,105.52999877929688,104.80999755859375,105.52999877929688,52.06626892089844,768400,0.0,0.0,0.0
2007-10-05,104.91000366210938,105.2699966430664,104.61000061035156,105.0999984741211,51.85411834716797,75200,0.0,0.0,0.0
2007-10-08,104.51000213623047,105.5199966430664,104.51000213623047,105.47000122070312,52.036651611328125,78100,0.0,0.0,0.0
2007-10-09,105.19999694824219,105.44999694824219,104.95999908447266,105.01000213623047,51.80973815917969,70200,0.0,0.0,0.0
2007-10-10,105.22000122070312,105.5199966430664,104.94000244140625,105.37999725341797,51.9922981262207,69200,0.0,0.0,0.0
2007-10-11,105.26000213623047,105.62999725341797,104.93000030517578,105.5999984741211,52.10079574584961,138700,0.0,0.0,0.0
2007-10-12,105.51000213623047,105.51000213623047,104.7699966430664,105.0199966430664,51.81465148925781,149400,0.0,0.0,0.0
2007-10-15,105.31999969482422,105.3499984741211,104.9000015258789,105.3499984741211,51.97747039794922,101700,0.0,0.0,0.0
2007-10-16,105.41999816894531,105.61000061035156,105.11000061035156,105.52999877929688,52.06626892089844,123700,0.0,0.0,0.0
2007-10-17,105.75,106.23999786376953,105.33999633789062,106.02999877929688,52.31294631958008,65900,0.0,0.0,0.0
2007-10-18,106.23999786376953,106.25,105.86000061035156,106.04000091552734,52.317893981933594,96800,0.0,0.0,0.0
2007-10-19,106.30000305175781,106.7300033569336,105.88999938964844,106.7300033569336,52.65831756591797,97700,0.0,0.0,0.0
2007-10-22,106.33999633789062,106.7300033569336,106.33999633789062,106.7300033569336,52.65831756591797,73100,0.0,0.0,0.0
2007-10-23,106.20999908447266,106.6500015258789,106.05999755859375,106.0999984741211,52.3475456237793,157500,0.0,0.0,0.0
2007-10-24,106.63999938964844,107.0,106.43000030517578,106.75,52.668212890625,114900,0.0,0.0,0.0
2007-10-25,106.91000366210938,106.91000366210938,106.5,106.5,52.544864654541016,51400,0.0,0.0,0.0
2007-10-26,106.3499984741211,106.7699966430664,106.1500015258789,106.33000183105469,52.46099090576172,73500,0.0,0.0,0.0
2007-10-29,106.05000305175781,106.5999984741211,106.05000305175781,106.58000183105469,52.58433151245117,84200,0.0,0.0,0.0
2007-10-30,106.5199966430664,106.58999633789062,106.23999786376953,106.56999969482422,52.57936477661133,55400,0.0,0.0,0.0
2007-10-31,106.38999938964844,106.68000030517578,105.87999725341797,106.0199966430664,52.308006286621094,101100,0.0,0.0,0.0
2007-11-01,105.30000305175781,106.3499984741211,105.30000305175781,106.3499984741211,52.70750427246094,70300,0.476,0.0,0.0
2007-11-02,105.9000015258789,106.45999908447266,105.61000061035156,105.69000244140625,52.380401611328125,132300,0.0,0.0,0.0
2007-11-05,106.2300033569336,106.2300033569336,105.8499984741211,105.94999694824219,52.5092658996582,60300,0.0,0.0,0.0
2007-11-06,105.41000366210938,105.77999877929688,105.30000305175781,105.30000305175781,52.18710708618164,82700,0.0,0.0,0.0
2007-11-07,105.54000091552734,105.6500015258789,105.16000366210938,105.2300033569336,52.152408599853516,93000,0.0,0.0,0.0
2007-11-08,105.55000305175781,105.5999984741211,105.20999908447266,105.4000015258789,52.2366828918457,174600,0.0,0.0,0.0
2007-11-09,105.69999694824219,105.9000015258789,105.30999755859375,105.87000274658203,52.46955871582031,42700,0.0,0.0,0.0
2007-11-12,104.87000274658203,105.83999633789062,104.87000274658203,105.83000183105469,52.449798583984375,89900,0.0,0.0,0.0
2007-11-13,105.76000213623047,105.76000213623047,105.0199966430664,105.30000305175781,52.18710708618164,112500,0.0,0.0,0.0
2007-11-14,105.22000122070312,105.36000061035156,104.8499984741211,104.8499984741211,51.96409606933594,102700,0.0,0.0,0.0
2007-11-15,105.2699966430664,105.4800033569336,105.01000213623047,105.25,52.16232681274414,88900,0.0,0.0,0.0
2007-11-16,105.12000274658203,105.56999969482422,105.12000274658203,105.26000213623047,52.16727066040039,72100,0.0,0.0,0.0
2007-11-19,105.55000305175781,106.2300033569336,105.30000305175781,106.06999969482422,52.5687255859375,73000,0.0,0.0,0.0
2007-11-20,105.87999725341797,105.9000015258789,105.4000015258789,105.4000015258789,52.2366828918457,77800,0.0,0.0,0.0
2007-11-21,105.98999786376953,106.30000305175781,105.79000091552734,106.13999938964844,52.60338592529297,269500,0.0,0.0,0.0
2007-11-23,105.88999938964844,106.02999877929688,105.61000061035156,105.61000061035156,52.34072494506836,49800,0.0,0.0,0.0
2007-11-26,106.05999755859375,107.48999786376953,105.75,107.36000061035156,53.20806121826172,142400,0.0,0.0,0.0
2007-11-27,105.93000030517578,106.75,105.93000030517578,106.44000244140625,52.752105712890625,280100,0.0,0.0,0.0
2007-11-28,106.05000305175781,106.80000305175781,105.66999816894531,105.69999694824219,52.38532638549805,152400,0.0,0.0,0.0
2007-11-29,106.47000122070312,106.75,105.9800033569336,106.0999984741211,52.58360290527344,134400,0.0,0.0,0.0
2007-11-30,105.55000305175781,106.62000274658203,105.22000122070312,106.62000274658203,52.841331481933594,1046100,0.0,0.0,0.0
2007-12-03,107.25,107.25,105.98999786376953,106.19999694824219,52.85969161987305,97900,0.457,0.0,0.0
2007-12-04,106.12000274658203,106.79000091552734,105.86000061035156,106.25,52.88461685180664,72800,0.0,0.0,0.0
2007-12-05,105.45999908447266,106.0,105.45999908447266,105.8499984741211,52.68552017211914,143900,0.0,0.0,0.0
2007-12-06,105.62000274658203,105.62000274658203,105.05000305175781,105.06999969482422,52.297264099121094,88500,0.0,0.0,0.0
2007-12-07,105.08000183105469,105.08000183105469,104.12999725341797,104.16999816894531,51.84931564331055,106800,0.0,0.0,0.0
2007-12-10,104.4800033569336,104.55999755859375,103.91999816894531,104.23999786376953,51.8841667175293,118000,0.0,0.0,0.0
2007-12-11,104.6500015258789,105.5999984741211,104.05000305175781,105.25,52.38688659667969,101100,0.0,0.0,0.0
2007-12-12,103.61000061035156,105.20999908447266,103.61000061035156,104.91999816894531,52.22261428833008,125700,0.0,0.0,0.0
2007-12-13,104.12999725341797,104.72000122070312,104.01000213623047,104.31999969482422,51.92397689819336,126700,0.0,0.0,0.0
2007-12-14,103.86000061035156,104.23999786376953,103.13999938964844,103.13999938964844,51.336612701416016,328500,0.0,0.0,0.0
2007-12-17,103.66999816894531,104.30000305175781,103.66999816894531,104.13999938964844,51.8343620300293,112400,0.0,0.0,0.0
2007-12-18,104.73999786376953,104.9000015258789,104.18000030517578,104.45999908447266,51.993629455566406,119100,0.0,0.0,0.0
2007-12-19,105.33999633789062,105.52999877929688,104.45999908447266,105.27999877929688,52.40180969238281,131400,0.0,0.0,0.0
2007-12-20,105.30999755859375,105.58999633789062,104.7699966430664,104.7699966430664,52.14794158935547,162800,0.0,0.0,0.0
2007-12-21,105.30999755859375,105.30999755859375,104.44000244140625,104.66000366210938,52.093257904052734,123200,0.0,0.0,0.0
2007-12-24,104.5,104.58999633789062,104.12000274658203,104.12999725341797,51.829402923583984,61700,0.0,0.0,0.0
2007-12-26,104.25,104.66000366210938,104.02999877929688,104.16000366210938,51.8443489074707,78900,0.0,0.0,0.0
2007-12-27,104.47000122070312,104.47000122070312,103.72000122070312,104.30999755859375,52.151817321777344,139400,0.465,0.0,0.0
2007-12-28,104.52999877929688,105.41999816894531,104.52999877929688,104.63999938964844,52.3167839050293,177600,0.0,0.0,0.0
2007-12-31,105.0,105.55999755859375,104.80000305175781,104.83999633789062,52.41680908203125,93900,0.0,0.0,0.0
2008-01-02,105.61000061035156,106.22000122070312,105.05999755859375,106.08000183105469,53.036773681640625,728300,0.0,0.0,0.0
2008-01-03,105.36000061035156,106.04000091552734,105.36000061035156,105.7300033569336,52.86175537109375,151300,0.0,0.0,0.0
2008-01-04,106.29000091552734,106.61000061035156,106.05000305175781,106.5999984741211,53.29670333862305,135900,0.0,0.0,0.0
2008-01-07,106.55000305175781,106.70999908447266,106.25,106.47000122070312,53.23173904418945,148300,0.0,0.0,0.0
2008-01-08,106.54000091552734,106.61000061035156,105.98999786376953,106.2699966430664,53.131710052490234,127100,0.0,0.0,0.0
2008-01-09,105.88999938964844,106.5,105.86000061035156,106.05000305175781,53.02176284790039,146200,0.0,0.0,0.0
2008-01-10,106.05999755859375,106.16999816894531,105.58999633789062,105.73999786376953,52.86676025390625,388300,0.0,0.0,0.0
2008-01-11,105.75,106.54000091552734,105.75,106.51000213623047,53.25174331665039,98800,0.0,0.0,0.0
2008-01-14,106.11000061035156,106.55999755859375,104.9800033569336,106.06999969482422,53.031761169433594,335000,0.0,0.0,0.0
2008-01-15,106.41000366210938,106.79000091552734,106.06999969482422,106.63999938964844,53.31676483154297,159800,0.0,0.0,0.0
2008-01-16,106.62000274658203,107.0999984741211,106.11000061035156,106.4800033569336,53.236732482910156,173400,0.0,0.0,0.0
2008-01-17,106.20999908447266,106.9800033569336,106.05999755859375,106.9800033569336,53.486717224121094,152700,0.0,0.0,0.0
2008-01-18,106.2300033569336,107.68000030517578,106.2300033569336,106.80000305175781,53.39678192138672,195800,0.0,0.0,0.0
2008-01-22,106.9800033569336,107.2699966430664,106.16000366210938,107.02999877929688,53.511741638183594,267100,0.0,0.0,0.0
2008-01-23,107.81999969482422,108.26000213623047,106.77999877929688,107.16999816894531,53.58173370361328,440200,0.0,0.0,0.0
2008-01-24,106.97000122070312,107.0,106.26000213623047,106.26000213623047,53.12678146362305,244400,0.0,0.0,0.0
2008-01-25,105.91000366210938,107.5,105.83000183105469,107.41000366210938,53.70172119140625,159700,0.0,0.0,0.0
2008-01-28,107.26000213623047,107.6500015258789,106.55000305175781,107.37999725341797,53.68672180175781,272100,0.0,0.0,0.0
2008-01-29,107.33999633789062,107.33999633789062,106.75,107.19999694824219,53.5966911315918,152000,0.0,0.0,0.0
2008-01-30,106.62000274658203,107.26000213623047,106.62000274658203,107.18000030517578,53.58673858642578,147200,0.0,0.0,0.0
2008-01-31,107.4000015258789,107.5999984741211,106.94000244140625,107.52999877929688,53.76175308227539,162900,0.0,0.0,0.0
2008-02-01,107.66999816894531,107.68000030517578,107.0,107.48999786376953,53.98975372314453,188500,0.494,0.0,0.0
2008-02-04,107.13999938964844,107.3499984741211,107.0,107.19999694824219,53.844085693359375,155800,0.0,0.0,0.0
2008-02-05,107.88999938964844,107.88999938964844,107.2300033569336,107.56999969482422,54.029930114746094,212400,0.0,0.0,0.0
2008-02-06,107.44999694824219,107.4800033569336,106.80999755859375,106.98999786376953,53.73859405517578,215000,0.0,0.0,0.0
2008-02-07,107.0,107.05999755859375,105.5,105.76000213623047,53.12083053588867,206400,0.0,0.0,0.0
2008-02-08,106.25,106.37999725341797,105.81999969482422,106.16000366210938,53.32175064086914,210000,0.0,0.0,0.0
2008-02-11,106.6500015258789,106.97000122070312,106.08999633789062,106.4800033569336,53.4824333190918,146100,0.0,0.0,0.0
2008-02-12,106.45999908447266,106.45999908447266,105.7300033569336,106.33000183105469,53.407135009765625,270400,0.0,0.0,0.0
2008-02-13,105.9800033569336,106.20999908447266,105.25,105.26000213623047,52.869651794433594,200500,0.0,0.0,0.0
2008-02-14,105.51000213623047,105.62000274658203,104.73999786376953,105.02999877929688,52.75414276123047,172700,0.0,0.0,0.0
2008-02-15,105.55999755859375,105.55999755859375,104.98999786376953,105.37000274658203,52.92491149902344,179400,0.0,0.0,0.0
2008-02-19,104.87999725341797,105.20999908447266,104.19999694824219,104.33000183105469,52.40257263183594,220800,0.0,0.0,0.0
2008-02-20,104.31999969482422,104.61000061035156,104.0,104.55999755859375,52.5180778503418,151000,0.0,0.0,0.0
2008-02-21,104.83999633789062,105.37000274658203,104.5999984741211,105.27999877929688,52.87971115112305,264600,0.0,0.0,0.0
2008-02-22,105.2300033569336,105.38999938964844,104.4800033569336,104.87000274658203,52.673797607421875,276800,0.0,0.0,0.0
2008-02-25,104.8499984741211,104.91999816894531,104.19999694824219,104.19999694824219,52.33724594116211,194200,0.0,0.0,0.0
2008-02-26,104.58000183105469,104.94999694824219,104.19999694824219,104.94999694824219,52.7139778137207,235600,0.0,0.0,0.0
2008-02-27,104.98999786376953,105.2300033569336,104.31999969482422,104.8499984741211,52.66374969482422,286900,0.0,0.0,0.0
2008-02-28,105.3499984741211,105.68000030517578,105.01000213623047,105.61000061035156,53.045475006103516,214400,0.0,0.0,0.0
2008-02-29,106.0,106.27999877929688,105.51000213623047,106.27999877929688,53.38201141357422,211800,0.0,0.0,0.0
2008-03-03,106.19999694824219,106.37000274658203,105.30999755859375,105.83000183105469,53.38098907470703,571400,0.448,0.0,0.0
2008-03-04,105.83000183105469,106.0199966430664,104.86000061035156,105.20999908447266,53.06826400756836,335900,0.0,0.0,0.0
2008-03-05,105.08000183105469,105.08000183105469,104.20999908447266,104.47000122070312,52.69499588012695,391400,0.0,0.0,0.0
2008-03-06,104.63999938964844,104.86000061035156,104.19000244140625,104.33000183105469,52.624393463134766,151600,0.0,0.0,0.0
2008-03-07,104.08000183105469,104.83999633789062,103.68000030517578,104.11000061035156,52.513427734375,317200,0.0,0.0,0.0
2008-03-10,104.51000213623047,104.51000213623047,103.72000122070312,104.08999633789062,52.503334045410156,139400,0.0,0.0,0.0
2008-03-11,104.0,104.0,102.9000015258789,102.9000015258789,51.90310287475586,149700,0.0,0.0,0.0
2008-03-12,103.33999633789062,104.25,102.7699966430664,104.13999938964844,52.52853012084961,523400,0.0,0.0,0.0
2008-03-13,104.08000183105469,104.08000183105469,102.80000305175781,103.01000213623047,51.95856475830078,402100,0.0,0.0,0.0
2008-03-14,103.54000091552734,103.88999938964844,102.70999908447266,102.94999694824219,51.92833709716797,96200,0.0,0.0,0.0
2008-03-17,104.0,105.0,103.4800033569336,103.79000091552734,52.35200500488281,175400,0.0,0.0,0.0
2008-03-18,103.5,104.13999938964844,103.04000091552734,103.5999984741211,52.25614929199219,103700,0.0,0.0,0.0
2008-03-19,104.12000274658203,104.44000244140625,103.87000274658203,104.05000305175781,52.48316955566406,187400,0.0,0.0,0.0
2008-03-20,104.19999694824219,104.75,103.98999786376953,104.5999984741211,52.76060104370117,118100,0.0,0.0,0.0
2008-03-24,104.51000213623047,105.0,104.0,104.4000015258789,52.659690856933594,107100,0.0,0.0,0.0
2008-03-25,104.0999984741211,104.9800033569336,104.0999984741211,104.87000274658203,52.89674758911133,95300,0.0,0.0,0.0
2008-03-26,104.80000305175781,105.16999816894531,104.62999725341797,105.0,52.962364196777344,140500,0.0,0.0,0.0
2008-03-27,104.52999877929688,104.79000091552734,104.05999755859375,104.36000061035156,52.63954544067383,126900,0.0,0.0,0.0
2008-03-28,104.58000183105469,105.05000305175781,104.08000183105469,104.91999816894531,52.921958923339844,119900,0.0,0.0,0.0
2008-03-31,105.25,105.69999694824219,105.0,105.19999694824219,53.063228607177734,435100,0.0,0.0,0.0
2008-04-01,105.19000244140625,105.19000244140625,104.02999877929688,104.5199966430664,52.97854995727539,395100,0.513,0.0,0.0
2008-04-02,105.12000274658203,105.12000274658203,104.5,104.69999694824219,53.0698127746582,261400,0.0,0.0,0.0
2008-04-03,104.95999908447266,104.9800033569336,104.5,104.75,53.095157623291016,143700,0.0,0.0,0.0
2008-04-04,105.73999786376953,106.02999877929688,105.30999755859375,106.0199966430664,53.738861083984375,308700,0.0,0.0,0.0
2008-04-07,105.8499984741211,106.2300033569336,105.4000015258789,106.13999938964844,53.79969024658203,302900,0.0,0.0,0.0
2008-04-08,106.33999633789062,106.3499984741211,105.26000213623047,105.76000213623047,53.60710906982422,168100,0.0,0.0,0.0
2008-04-09,105.87000274658203,106.13999938964844,105.38999938964844,105.44999694824219,53.44998550415039,150000,0.0,0.0,0.0
2008-04-10,105.54000091552734,105.63999938964844,105.04000091552734,105.55000305175781,53.50065231323242,126600,0.0,0.0,0.0
2008-04-11,105.81999969482422,106.05000305175781,105.23999786376953,105.6500015258789,53.551300048828125,176800,0.0,0.0,0.0
2008-04-14,105.73999786376953,105.73999786376953,104.9000015258789,105.0,53.22187805175781,115500,0.0,0.0,0.0
2008-04-15,104.9800033569336,105.08999633789062,104.47000122070312,104.77999877929688,53.110374450683594,90200,0.0,0.0,0.0
2008-04-16,104.83999633789062,104.94999694824219,104.05999755859375,104.18000030517578,52.80619812011719,111400,0.0,0.0,0.0
2008-04-17,104.56999969482422,104.5999984741211,103.83000183105469,104.44999694824219,52.94309616088867,139800,0.0,0.0,0.0
2008-04-18,104.33000183105469,104.91999816894531,103.79000091552734,104.91000366210938,53.17625427246094,118200,0.0,0.0,0.0
2008-04-21,104.83999633789062,105.02999877929688,104.33000183105469,104.56999969482422,53.00389862060547,164600,0.0,0.0,0.0
2008-04-22,104.4000015258789,104.94999694824219,104.33999633789062,104.33999633789062,52.88732147216797,298500,0.0,0.0,0.0
2008-04-23,104.79000091552734,105.05000305175781,104.5199966430664,104.66000366210938,53.04955291748047,455600,0.0,0.0,0.0
2008-04-24,104.68000030517578,104.91000366210938,104.16999816894531,104.5199966430664,52.97854995727539,238600,0.0,0.0,0.0
2008-04-25,104.5999984741211,104.70999908447266,104.2300033569336,104.56999969482422,53.00389862060547,120100,0.0,0.0,0.0
2008-04-28,104.6500015258789,105.06999969482422,104.56999969482422,105.06999969482422,53.25733947753906,178400,0.0,0.0,0.0
2008-04-29,105.3499984741211,105.73999786376953,105.05000305175781,105.4000015258789,53.42461013793945,226700,0.0,0.0,0.0
2008-04-30,105.54000091552734,105.98999786376953,105.23999786376953,105.98999786376953,53.72368621826172,196500,0.0,0.0,0.0
2008-05-01,106.25,106.29000091552734,105.80000305175781,106.1500015258789,54.0408821105957,221300,0.463,0.0,0.0
2008-05-02,105.0,106.5199966430664,105.0,105.52999877929688,53.7252082824707,236900,0.0,0.0,0.0
2008-05-05,105.5999984741211,105.98999786376953,105.51000213623047,105.68000030517578,53.801578521728516,129900,0.0,0.0,0.0
2008-05-06,106.0,106.0199966430664,105.0,105.0,53.45539855957031,143500,0.0,0.0,0.0
2008-05-07,105.25,105.37999725341797,104.54000091552734,105.27999877929688,53.597938537597656,401700,0.0,0.0,0.0
2008-05-08,105.5199966430664,105.83000183105469,105.26000213623047,105.75,53.83721923828125,139700,0.0,0.0,0.0
2008-05-09,105.91000366210938,105.9800033569336,105.54000091552734,105.75,53.83721923828125,225400,0.0,0.0,0.0
2008-05-12,106.37999725341797,106.37999725341797,105.58999633789062,105.6500015258789,53.78627395629883,205100,0.0,0.0,0.0
2008-05-13,105.30000305175781,105.5,104.93000030517578,105.05000305175781,53.480831146240234,276300,0.0,0.0,0.0
2008-05-14,105.29000091552734,105.3499984741211,104.70999908447266,105.11000061035156,53.51136779785156,324000,0.0,0.0,0.0
2008-05-15,105.13999938964844,105.80999755859375,105.05999755859375,105.80999755859375,53.867740631103516,243800,0.0,0.0,0.0
2008-05-16,105.5199966430664,106.23999786376953,105.44000244140625,105.66999816894531,53.79643630981445,155300,0.0,0.0,0.0
2008-05-19,105.91999816894531,106.0,105.44999694824219,105.69000244140625,53.806617736816406,206100,0.0,0.0,0.0
2008-05-20,105.91999816894531,106.0199966430664,105.5199966430664,105.7300033569336,53.82699966430664,159600,0.0,0.0,0.0
2008-05-21,105.55999755859375,105.75,105.13999938964844,105.2699966430664,53.592838287353516,184600,0.0,0.0,0.0
2008-05-22,104.87000274658203,105.0,103.77999877929688,104.11000061035156,53.002288818359375,219600,0.0,0.0,0.0
2008-05-23,104.36000061035156,104.62000274658203,104.08000183105469,104.58999633789062,53.24663162231445,129500,0.0,0.0,0.0
2008-05-27,104.31999969482422,104.5,103.87000274658203,103.95999908447266,52.925899505615234,150300,0.0,0.0,0.0
2008-05-28,103.7699966430664,103.87000274658203,103.2300033569336,103.29000091552734,52.5848388671875,151200,0.0,0.0,0.0
2008-05-29,103.16000366210938,103.16000366210938,102.66999816894531,102.79000091552734,52.33027648925781,159000,0.0,0.0,0.0
2008-05-30,103.2699966430664,103.38999938964844,103.02999877929688,103.19999694824219,52.53901290893555,171900,0.0,0.0,0.0
2008-06-02,102.52999877929688,103.51000213623047,102.29000091552734,103.08000183105469,52.719539642333984,151900,0.473,0.0,0.0
2008-06-03,103.44000244140625,103.5999984741211,102.5999984741211,103.4800033569336,52.92416000366211,149300,0.0,0.0,0.0
2008-06-04,103.83999633789062,103.83999633789062,103.01000213623047,103.16000366210938,52.760467529296875,127600,0.0,0.0,0.0
2008-06-05,102.75,103.01000213623047,102.5999984741211,102.61000061035156,52.47919464111328,118700,0.0,0.0,0.0
2008-06-06,103.02999877929688,103.61000061035156,103.02999877929688,103.12000274658203,52.74001693725586,118900,0.0,0.0,0.0
2008-06-09,103.13999938964844,103.38999938964844,102.72000122070312,103.02999877929688,52.6939811706543,124200,0.0,0.0,0.0
2008-06-10,103.0,103.16000366210938,102.25,102.44000244140625,52.39218521118164,135900,0.0,0.0,0.0
2008-06-11,102.48999786376953,102.83999633789062,101.91999816894531,102.4000015258789,52.37177276611328,230800,0.0,0.0,0.0
2008-06-12,101.56999969482422,102.19999694824219,101.5199966430664,101.52999877929688,51.92679977416992,189800,0.0,0.0,0.0
2008-06-13,101.75,102.0,100.91000366210938,101.0,51.6557731628418,215900,0.0,0.0,0.0
2008-06-16,101.6500015258789,101.6500015258789,101.06999969482422,101.36000061035156,51.83986282348633,123500,0.0,0.0,0.0
2008-06-17,101.8499984741211,101.94999694824219,101.47000122070312,101.69000244140625,52.00865173339844,271500,0.0,0.0,0.0
2008-06-18,102.02999877929688,102.25,101.7699966430664,102.19999694824219,52.26944351196289,300100,0.0,0.0,0.0
2008-06-19,101.93000030517578,102.11000061035156,101.38999938964844,101.66999816894531,51.99838638305664,98000,0.0,0.0,0.0
2008-06-20,101.9000015258789,102.06999969482422,101.5,101.7300033569336,52.02910614013672,74000,0.0,0.0,0.0
2008-06-23,101.68000030517578,102.0199966430664,101.41999816894531,101.69000244140625,52.00865173339844,128800,0.0,0.0,0.0
2008-06-24,101.81999969482422,102.02999877929688,101.45999908447266,101.62999725341797,51.977970123291016,153200,0.0,0.0,0.0
2008-06-25,101.81999969482422,102.11000061035156,100.91000366210938,101.70999908447266,52.018863677978516,228400,0.0,0.0,0.0
2008-06-26,102.44000244140625,102.5,101.68000030517578,101.79000091552734,52.05976104736328,342300,0.0,0.0,0.0
2008-06-27,101.94000244140625,102.01000213623047,101.47000122070312,101.69000244140625,52.00865173339844,203700,0.0,0.0,0.0
2008-06-30,101.97000122070312,102.04000091552734,101.4000015258789,101.4000015258789,51.860347747802734,97700,0.0,0.0,0.0
2008-07-01,101.63999938964844,101.7300033569336,100.83999633789062,100.91999816894531,51.83668899536133,308700,0.434,0.0,0.0
2008-07-02,101.1500015258789,101.37999725341797,100.72000122070312,100.8499984741211,51.80072021484375,212300,0.0,0.0,0.0
2008-07-03,100.94999694824219,101.0999984741211,100.61000061035156,100.72000122070312,51.73398208618164,49900,0.0,0.0,0.0
2008-07-07,101.36000061035156,101.37000274658203,100.5999984741211,101.19000244140625,51.97538757324219,367800,0.0,0.0,0.0
2008-07-08,100.8499984741211,101.76000213623047,100.77999877929688,101.73999786376953,52.25786590576172,352100,0.0,0.0,0.0
2008-07-09,101.7699966430664,102.06999969482422,101.2300033569336,101.80999755859375,52.2938346862793,135300,0.0,0.0,0.0
2008-07-10,101.37000274658203,101.9000015258789,100.9000015258789,101.2300033569336,51.99594497680664,275700,0.0,0.0,0.0
2008-07-11,101.52999877929688,101.52999877929688,100.36000061035156,100.44999694824219,51.59526443481445,159400,0.0,0.0,0.0
2008-07-14,101.4000015258789,101.44999694824219,100.36000061035156,100.5,51.62096405029297,207300,0.0,0.0,0.0
2008-07-15,100.0999984741211,100.94999694824219,100.0999984741211,100.4800033569336,51.610633850097656,145800,0.0,0.0,0.0
2008-07-16,100.5,100.5999984741211,99.5,99.69000244140625,51.20486831665039,264100,0.0,0.0,0.0
2008-07-17,100.16000366210938,100.16000366210938,98.91000366210938,99.3499984741211,51.03031921386719,195900,0.0,0.0,0.0
2008-07-18,98.91000366210938,99.80000305175781,98.91000366210938,99.16999816894531,50.937774658203125,175200,0.0,0.0,0.0
2008-07-21,99.05999755859375,99.87999725341797,99.0199966430664,99.27999877929688,50.99433898925781,217000,0.0,0.0,0.0
2008-07-22,99.33999633789062,100.05000305175781,99.33999633789062,99.91999816894531,51.323055267333984,713000,0.0,0.0,0.0
2008-07-23,99.7699966430664,99.94999694824219,99.26000213623047,99.56999969482422,51.143272399902344,232300,0.0,0.0,0.0
2008-07-24,99.9000015258789,100.47000122070312,99.66999816894531,100.44999694824219,51.59526443481445,92000,0.0,0.0,0.0
2008-07-25,100.04000091552734,100.22000122070312,99.69999694824219,99.91999816894531,51.323055267333984,148000,0.0,0.0,0.0
2008-07-28,100.08999633789062,100.73999786376953,100.08999633789062,100.5,51.62096405029297,264700,0.0,0.0,0.0
2008-07-29,100.27999877929688,100.33999633789062,99.94999694824219,100.25,51.49259567260742,135000,0.0,0.0,0.0
2008-07-30,100.30000305175781,100.80999755859375,100.02999877929688,100.7300033569336,51.739112854003906,293100,0.0,0.0,0.0
2008-07-31,100.55000305175781,101.36000061035156,100.55000305175781,101.36000061035156,52.062686920166016,1078000,0.0,0.0,0.0
2008-08-01,100.88999938964844,101.0999984741211,100.11000061035156,100.52999877929688,51.874881744384766,109800,0.466,0.0,0.0
2008-08-04,100.5,100.73999786376953,100.12999725341797,100.54000091552734,51.88001251220703,244200,0.0,0.0,0.0
2008-08-05,100.11000061035156,100.45999908447266,100.0999984741211,100.0999984741211,51.65297317504883,113300,0.0,0.0,0.0
2008-08-06,100.4000015258789,100.4000015258789,100.02999877929688,100.25,51.73038101196289,280700,0.0,0.0,0.0
2008-08-07,100.33000183105469,101.13999938964844,100.22000122070312,101.08000183105469,52.15869903564453,169800,0.0,0.0,0.0
2008-08-08,101.05999755859375,101.19999694824219,100.7300033569336,101.18000030517578,52.21023941040039,356000,0.0,0.0,0.0
2008-08-11,101.44000244140625,101.44000244140625,100.29000091552734,100.72000122070312,51.97289276123047,170000,0.0,0.0,0.0
2008-08-12,101.12000274658203,101.33000183105469,100.75,101.33000183105469,52.28767395019531,188800,0.0,0.0,0.0
2008-08-13,101.05000305175781,101.30000305175781,100.5,100.80000305175781,52.014198303222656,141400,0.0,0.0,0.0
2008-08-14,101.1500015258789,101.27999877929688,100.55999755859375,101.08999633789062,52.163841247558594,219100,0.0,0.0,0.0
2008-08-15,101.33000183105469,101.4000015258789,100.91999816894531,101.31999969482422,52.28248977661133,116600,0.0,0.0,0.0
2008-08-18,101.0,101.36000061035156,101.0,101.36000061035156,52.303157806396484,107900,0.0,0.0,0.0
2008-08-19,101.41000366210938,101.41000366210938,101.0,101.19999694824219,52.2205924987793,160300,0.0,0.0,0.0
2008-08-20,100.80999755859375,101.27999877929688,100.62000274658203,101.20999908447266,52.22578430175781,509200,0.0,0.0,0.0
2008-08-21,101.30999755859375,101.30999755859375,100.52999877929688,100.61000061035156,51.916168212890625,234600,0.0,0.0,0.0
2008-08-22,101.1500015258789,101.1500015258789,100.08000183105469,100.6500015258789,51.936805725097656,187300,0.0,0.0,0.0
2008-08-25,101.31999969482422,101.37000274658203,101.04000091552734,101.30000305175781,52.27219772338867,101700,0.0,0.0,0.0
2008-08-26,101.22000122070312,101.51000213623047,100.91000366210938,101.41999816894531,52.33414077758789,727400,0.0,0.0,0.0
2008-08-27,100.87000274658203,101.30999755859375,100.72000122070312,101.26000213623047,52.251529693603516,164600,0.0,0.0,0.0
2008-08-28,101.27999877929688,101.27999877929688,100.83999633789062,101.23999786376953,52.24122619628906,143900,0.0,0.0,0.0
2008-08-29,101.56999969482422,101.56999969482422,100.06999969482422,101.04000091552734,52.13801574707031,535000,0.0,0.0,0.0
2008-09-02,100.88999938964844,101.26000213623047,100.33999633789062,100.9800033569336,52.34385681152344,134200,0.457,0.0,0.0
2008-09-03,101.18000030517578,101.37000274658203,100.9000015258789,101.18000030517578,52.447486877441406,225200,0.0,0.0,0.0
2008-09-04,101.01000213623047,101.37999725341797,100.7300033569336,101.20999908447266,52.463043212890625,333900,0.0,0.0,0.0
2008-09-05,101.52999877929688,101.69000244140625,101.01000213623047,101.11000061035156,52.411216735839844,119600,0.0,0.0,0.0
2008-09-08,101.22000122070312,101.66000366210938,100.81999969482422,101.27999877929688,52.49930953979492,356400,0.0,0.0,0.0
2008-09-09,101.3499984741211,101.83999633789062,101.05999755859375,101.62999725341797,52.680816650390625,263600,0.0,0.0,0.0
2008-09-10,100.81999969482422,101.91999816894531,100.80999755859375,101.58999633789062,52.659996032714844,834400,0.0,0.0,0.0
2008-09-11,100.47000122070312,101.18000030517578,100.44000244140625,100.80000305175781,52.25050354003906,438100,0.0,0.0,0.0
2008-09-12,100.43000030517578,100.52999877929688,99.72000122070312,100.02999877929688,51.851402282714844,226600,0.0,0.0,0.0
2008-09-15,100.08999633789062,100.08999633789062,98.05999755859375,99.29000091552734,51.467769622802734,227400,0.0,0.0,0.0
2008-09-16,97.7300033569336,98.93000030517578,90.88999938964844,92.98999786376953,48.20217514038086,2894600,0.0,0.0,0.0
2008-09-17,93.13999938964844,93.7300033569336,85.04000091552734,88.7300033569336,45.993927001953125,993700,0.0,0.0,0.0
2008-09-18,89.33999633789062,92.93000030517578,87.0,89.94000244140625,46.621124267578125,800200,0.0,0.0,0.0
2008-09-19,92.55999755859375,93.48999786376953,91.75,92.75,48.0777473449707,818900,0.0,0.0,0.0
2008-09-22,93.93000030517578,94.16000366210938,92.01000213623047,93.30000305175781,48.36286163330078,862000,0.0,0.0,0.0
2008-09-23,93.63999938964844,93.94999694824219,92.19000244140625,92.33999633789062,47.86520004272461,311900,0.0,0.0,0.0
2008-09-24,93.63999938964844,93.63999938964844,91.7300033569336,92.0999984741211,47.74081039428711,207800,0.0,0.0,0.0
2008-09-25,91.87999725341797,92.69000244140625,91.75,92.5,47.948158264160156,365500,0.0,0.0,0.0
2008-09-26,91.69999694824219,92.0,87.25,90.0,46.65225601196289,513400,0.0,0.0,0.0
2008-09-29,88.5,89.48999786376953,80.0,81.80000305175781,42.40169906616211,787300,0.0,0.0,0.0
2008-09-30,85.9000015258789,89.79000091552734,85.0999984741211,89.79000091552734,46.54340362548828,905100,0.0,0.0,0.0
2008-10-01,88.68000030517578,90.30000305175781,87.52999877929688,90.20999908447266,46.972965240478516,639700,0.405,0.0,0.0
2008-10-02,88.30000305175781,89.70999908447266,88.0,88.9000015258789,46.29085922241211,340400,0.0,0.0,0.0
2008-10-03,90.1500015258789,90.1500015258789,88.11000061035156,88.86000061035156,46.270015716552734,273400,0.0,0.0,0.0
2008-10-06,88.5999984741211,88.9000015258789,84.44999694824219,87.83000183105469,45.733707427978516,380800,0.0,0.0,0.0
2008-10-07,88.0,91.36000061035156,88.0,89.47000122070312,46.58766174316406,581200,0.0,0.0,0.0
2008-10-08,87.4800033569336,89.9800033569336,86.30000305175781,88.83000183105469,46.25442123413086,524800,0.0,0.0,0.0
2008-10-09,89.9000015258789,89.9000015258789,84.75,86.45999908447266,45.020362854003906,353900,0.0,0.0,0.0
2008-10-10,80.0,87.0,76.05000305175781,81.69999694824219,42.54176712036133,905400,0.0,0.0,0.0
2008-10-13,79.56999969482422,87.19999694824219,79.56999969482422,86.19999694824219,44.88494873046875,481100,0.0,0.0,0.0
2008-10-14,90.5,91.23999786376953,84.02999877929688,84.8499984741211,44.181976318359375,610300,0.0,0.0,0.0
2008-10-15,83.80000305175781,86.97000122070312,83.52999877929688,84.8499984741211,44.181976318359375,238900,0.0,0.0,0.0
2008-10-16,86.0999984741211,88.06999969482422,84.94999694824219,85.73999786376953,44.64540481567383,221500,0.0,0.0,0.0
2008-10-17,86.0,86.87000274658203,84.23999786376953,85.01000213623047,44.265316009521484,494800,0.0,0.0,0.0
2008-10-20,86.1500015258789,87.83999633789062,85.5,87.5999984741211,45.61393737792969,945600,0.0,0.0,0.0
2008-10-21,87.77999877929688,88.9000015258789,86.51000213623047,88.47000122070312,46.06694412231445,1048700,0.0,0.0,0.0
2008-10-22,87.26000213623047,88.37000274658203,86.01000213623047,87.44999694824219,45.53583908081055,691500,0.0,0.0,0.0
2008-10-23,87.70999908447266,88.69000244140625,87.6500015258789,88.0,45.82221603393555,1166100,0.0,0.0,0.0
2008-10-24,86.0,88.5,86.0,88.3499984741211,46.004459381103516,1777300,0.0,0.0,0.0
2008-10-27,87.98999786376953,87.98999786376953,86.93000030517578,87.77999877929688,45.707672119140625,975300,0.0,0.0,0.0
2008-10-28,87.8499984741211,88.16000366210938,86.54000091552734,87.19999694824219,45.40565872192383,732000,0.0,0.0,0.0
2008-10-29,86.4000015258789,89.23999786376953,86.0,88.66999816894531,46.171085357666016,1970600,0.0,0.0,0.0
2008-10-30,88.66999816894531,89.05000305175781,88.0,88.01000213623047,45.82743835449219,1219400,0.0,0.0,0.0
2008-10-31,88.73999786376953,88.73999786376953,87.0999984741211,87.6500015258789,45.639984130859375,636300,0.0,0.0,0.0
2008-11-03,87.5,88.08999633789062,87.19999694824219,87.93000030517578,46.014122009277344,374200,0.435,0.0,0.0
2008-11-04,88.30000305175781,89.13999938964844,88.0,88.52999877929688,46.328125,1376400,0.0,0.0,0.0
2008-11-05,88.6500015258789,90.44999694824219,88.6500015258789,90.25,47.22819519042969,654400,0.0,0.0,0.0
2008-11-06,90.94999694824219,91.12000274658203,90.01000213623047,90.87000274658203,47.55265808105469,2814300,0.0,0.0,0.0
2008-11-07,90.6500015258789,91.18000030517578,90.0999984741211,90.2300033569336,47.21771240234375,2126600,0.0,0.0,0.0
2008-11-10,90.16000366210938,90.66000366210938,89.73999786376953,90.2699966430664,47.23869323730469,452100,0.0,0.0,0.0
2008-11-11,90.66000366210938,91.62000274658203,90.30000305175781,90.55999755859375,47.390445709228516,621000,0.0,0.0,0.0
2008-11-12,90.18000030517578,90.6500015258789,90.18000030517578,90.54000091552734,47.37995529174805,1815700,0.0,0.0,0.0
2008-11-13,90.4000015258789,90.44999694824219,89.5,89.91999816894531,47.05549621582031,858300,0.0,0.0,0.0
2008-11-14,89.41000366210938,90.2300033569336,87.0,89.9000015258789,47.045040130615234,409400,0.0,0.0,0.0
2008-11-17,90.48999786376953,90.5999984741211,90.0,90.55000305175781,47.38517379760742,360300,0.0,0.0,0.0
2008-11-18,90.22000122070312,91.16999816894531,90.22000122070312,90.66000366210938,47.44275665283203,450300,0.0,0.0,0.0
2008-11-19,90.7699966430664,91.11000061035156,90.30999755859375,90.80000305175781,47.516014099121094,487200,0.0,0.0,0.0
2008-11-20,91.06999969482422,91.93000030517578,89.6500015258789,89.80999755859375,46.9979248046875,756600,0.0,0.0,0.0
2008-11-21,90.5999984741211,91.38999938964844,89.9000015258789,90.8499984741211,47.54220199584961,756500,0.0,0.0,0.0
2008-11-24,91.75,92.02999877929688,90.01000213623047,90.44999694824219,47.332828521728516,1088800,0.0,0.0,0.0
2008-11-25,91.2300033569336,91.44000244140625,90.13999938964844,90.87999725341797,47.55785369873047,1002200,0.0,0.0,0.0
2008-11-26,91.33000183105469,91.33000183105469,90.01000213623047,90.4000015258789,47.30668640136719,2219400,0.0,0.0,0.0
2008-11-28,90.98999786376953,91.0999984741211,90.0999984741211,90.13999938964844,47.170623779296875,825200,0.0,0.0,0.0
2008-12-01,90.98999786376953,91.1500015258789,89.5199966430664,91.08999633789062,47.908016204833984,1636600,0.452,0.0,0.0
2008-12-02,91.3499984741211,92.0999984741211,90.8499984741211,91.77999877929688,48.27088165283203,949600,0.0,0.0,0.0
2008-12-03,92.30000305175781,92.41999816894531,91.30000305175781,92.41999816894531,48.60747146606445,739000,0.0,0.0,0.0
2008-12-04,91.76000213623047,92.77999877929688,91.72000122070312,92.51000213623047,48.654815673828125,1064600,0.0,0.0,0.0
2008-12-05,92.05000305175781,92.41999816894531,91.51000213623047,91.87999725341797,48.323490142822266,1339700,0.0,0.0,0.0
2008-12-08,92.30000305175781,93.19000244140625,92.0,92.83000183105469,48.823116302490234,1697800,0.0,0.0,0.0
2008-12-09,92.98999786376953,93.5199966430664,92.75,93.45999908447266,49.15447235107422,1440300,0.0,0.0,0.0
2008-12-10,93.16000366210938,93.68000030517578,92.87999725341797,93.68000030517578,49.270198822021484,807200,0.0,0.0,0.0
2008-12-11,93.94999694824219,94.12999725341797,93.25,94.0,49.438480377197266,950400,0.0,0.0,0.0
2008-12-12,94.0999984741211,94.52999877929688,93.26000213623047,94.51000213623047,49.70671081542969,945300,0.0,0.0,0.0
2008-12-15,94.3499984741211,94.5199966430664,94.0999984741211,94.4800033569336,49.690948486328125,906000,0.0,0.0,0.0
2008-12-16,96.41999816894531,96.47000122070312,94.29000091552734,96.41999816894531,50.71129608154297,1581500,0.0,0.0,0.0
2008-12-17,97.27999877929688,98.31999969482422,97.0,97.8499984741211,51.46335983276367,2113300,0.0,0.0,0.0
2008-12-18,98.81999969482422,100.9800033569336,98.66999816894531,100.22000122070312,52.709869384765625,2787900,0.0,0.0,0.0
2008-12-19,99.06999969482422,100.06999969482422,98.0999984741211,98.7300033569336,51.92616653442383,1669000,0.0,0.0,0.0
2008-12-22,99.7300033569336,100.0999984741211,99.0,99.91999816894531,52.55204391479492,2562500,0.0,0.0,0.0
2008-12-23,99.44999694824219,100.43000030517578,99.4000015258789,100.25,52.72567367553711,1677900,0.0,0.0,0.0
2008-12-24,99.66000366210938,101.75,99.61000061035156,100.5,52.857078552246094,886300,0.0,0.0,0.0
2008-12-26,100.0999984741211,100.91999816894531,100.0999984741211,100.69000244140625,52.95703125,515500,0.0,0.0,0.0
2008-12-29,100.19000244140625,100.98999786376953,100.08999633789062,100.58000183105469,53.121803283691406,1503900,0.422,0.0,0.0
2008-12-30,100.16999816894531,101.45999908447266,100.16999816894531,101.45999908447266,53.58658981323242,1129400,0.0,0.0,0.0
2008-12-31,101.36000061035156,101.75,100.41000366210938,101.6500015258789,53.68695831298828,1232800,0.0,0.0,0.0
2009-01-02,101.5,101.66000366210938,100.48999786376953,100.61000061035156,53.13765335083008,1095800,0.0,0.0,0.0
2009-01-05,100.1500015258789,101.73999786376953,100.0999984741211,101.30000305175781,53.50209045410156,2938400,0.0,0.0,0.0
2009-01-06,101.25,101.87000274658203,100.69999694824219,101.47000122070312,53.59188461303711,2036600,0.0,0.0,0.0
2009-01-07,101.23999786376953,101.29000091552734,100.25,100.62000274658203,53.142940521240234,1675100,0.0,0.0,0.0
2009-01-08,100.5999984741211,101.3499984741211,100.55000305175781,101.33999633789062,53.52321243286133,1445200,0.0,0.0,0.0
2009-01-09,101.62000274658203,102.5999984741211,101.3499984741211,102.5999984741211,54.188697814941406,2232600,0.0,0.0,0.0
2009-01-12,102.19999694824219,102.43000030517578,101.5999984741211,102.06999969482422,53.908756256103516,1053300,0.0,0.0,0.0
2009-01-13,101.62000274658203,101.88999938964844,101.4000015258789,101.8499984741211,53.792572021484375,1165400,0.0,0.0,0.0
2009-01-14,101.66999816894531,101.94999694824219,100.5199966430664,101.4000015258789,53.554901123046875,2006000,0.0,0.0,0.0
2009-01-15,101.4000015258789,101.68000030517578,100.9000015258789,101.5999984741211,53.66054916381836,2086000,0.0,0.0,0.0
2009-01-16,100.95999908447266,101.62999725341797,100.51000213623047,101.5999984741211,53.66054916381836,1484300,0.0,0.0,0.0
2009-01-20,101.12999725341797,101.44999694824219,100.01000213623047,100.0999984741211,52.86830520629883,1458600,0.0,0.0,0.0
2009-01-21,100.01000213623047,100.22000122070312,99.0999984741211,99.5999984741211,52.60422134399414,1845200,0.0,0.0,0.0
2009-01-22,99.68000030517578,99.70999908447266,98.29000091552734,99.2300033569336,52.40883255004883,1310800,0.0,0.0,0.0
2009-01-23,98.05999755859375,98.88999938964844,98.05999755859375,98.56999969482422,52.060237884521484,1353600,0.0,0.0,0.0
2009-01-26,98.20999908447266,98.75,97.31999969482422,97.69000244140625,51.59547805786133,1641000,0.0,0.0,0.0
2009-01-27,98.20999908447266,99.87999725341797,98.05000305175781,99.52999877929688,52.56724166870117,1628700,0.0,0.0,0.0
2009-01-28,100.23999786376953,101.0,99.66000366210938,100.31999969482422,52.9845085144043,1436500,0.0,0.0,0.0
2009-01-29,99.94000244140625,100.58999633789062,99.08999633789062,99.12000274658203,52.3507080078125,1098000,0.0,0.0,0.0
2009-01-30,99.5,100.4000015258789,99.30000305175781,99.81999969482422,52.72041702270508,1373200,0.0,0.0,0.0
2009-02-02,98.98999786376953,99.5999984741211,98.80000305175781,98.8499984741211,52.4661979675293,1616700,0.491,0.0,0.0
2009-02-03,98.98999786376953,98.98999786376953,98.25,98.5199966430664,52.29106903076172,1799100,0.0,0.0,0.0
2009-02-04,98.51000213623047,98.79000091552734,98.4000015258789,98.55999755859375,52.312259674072266,4207300,0.0,0.0,0.0
2009-02-05,98.69999694824219,98.70999908447266,97.5999984741211,97.69999694824219,51.85578155517578,1820400,0.0,0.0,0.0
2009-02-06,97.72000122070312,98.41000366210938,97.51000213623047,98.27999877929688,52.16366195678711,1855200,0.0,0.0,0.0
2009-02-09,98.0999984741211,98.5199966430664,97.69999694824219,98.45999908447266,52.25918960571289,872900,0.0,0.0,0.0
2009-02-10,98.16000366210938,99.16999816894531,98.16000366210938,98.94000244140625,52.513954162597656,1109400,0.0,0.0,0.0
2009-02-11,99.29000091552734,99.66000366210938,99.0,99.27999877929688,52.69441223144531,1118500,0.0,0.0,0.0
2009-02-12,99.44999694824219,99.7300033569336,99.12000274658203,99.36000061035156,52.736900329589844,1050400,0.0,0.0,0.0
2009-02-13,99.05000305175781,99.33000183105469,98.19999694824219,98.5999984741211,52.3334846496582,1249600,0.0,0.0,0.0
2009-02-17,99.0,99.44000244140625,98.58000183105469,99.13999938964844,52.62008285522461,1136200,0.0,0.0,0.0
2009-02-18,99.36000061035156,99.37999725341797,98.55999755859375,98.6500015258789,52.36005783081055,1288600,0.0,0.0,0.0
2009-02-19,97.87999725341797,98.63999938964844,97.22000122070312,97.83999633789062,51.93008804321289,1349200,0.0,0.0,0.0
2009-02-20,97.51000213623047,97.6500015258789,96.63999938964844,97.43000030517578,51.71248245239258,2035700,0.0,0.0,0.0
2009-02-23,96.9800033569336,97.19999694824219,96.5999984741211,97.0999984741211,51.53736114501953,1171500,0.0,0.0,0.0
2009-02-24,97.37000274658203,97.7300033569336,96.5199966430664,96.75,51.35161590576172,1777200,0.0,0.0,0.0
2009-02-25,96.91000366210938,96.94000244140625,95.0,95.43000030517578,50.65095138549805,2134700,0.0,0.0,0.0
2009-02-26,95.43000030517578,95.43000030517578,94.81999969482422,94.81999969482422,50.327213287353516,1365800,0.0,0.0,0.0
2009-02-27,94.80999755859375,95.05000305175781,94.0,94.16000366210938,49.97690963745117,1583900,0.0,0.0,0.0
2009-03-02,94.27999877929688,94.48999786376953,93.04000091552734,93.69000244140625,49.98328399658203,1936200,0.482,0.0,0.0
2009-03-03,93.75,93.9800033569336,92.8499984741211,93.18000030517578,49.71122741699219,1375700,0.0,0.0,0.0
2009-03-04,93.22000122070312,93.44000244140625,93.0,93.1500015258789,49.69524383544922,1186600,0.0,0.0,0.0
2009-03-05,92.91000366210938,93.6500015258789,92.51000213623047,92.9000015258789,49.56182861328125,1645100,0.0,0.0,0.0
2009-03-06,93.36000061035156,94.04000091552734,92.80000305175781,93.0999984741211,49.66855239868164,1349600,0.0,0.0,0.0
2009-03-09,92.87999725341797,93.23999786376953,90.51000213623047,90.54000091552734,48.30278396606445,2680200,0.0,0.0,0.0
2009-03-10,91.25,91.98999786376953,91.0,91.8499984741211,49.001651763916016,2112800,0.0,0.0,0.0
2009-03-11,92.01000213623047,92.01000213623047,91.0,91.87999725341797,49.017662048339844,2179000,0.0,0.0,0.0
2009-03-12,91.72000122070312,91.98999786376953,91.38999938964844,91.80000305175781,48.97500991821289,1108400,0.0,0.0,0.0
2009-03-13,92.05999755859375,92.72000122070312,91.79000091552734,92.6500015258789,49.4284553527832,1547000,0.0,0.0,0.0
2009-03-16,92.33999633789062,92.9000015258789,92.1500015258789,92.77999877929688,49.497806549072266,959300,0.0,0.0,0.0
2009-03-17,92.76000213623047,92.94999694824219,92.2300033569336,92.52999877929688,49.36446762084961,1909700,0.0,0.0,0.0
2009-03-18,92.55999755859375,95.37000274658203,92.23999786376953,94.5,50.41545486450195,1934400,0.0,0.0,0.0
2009-03-19,95.0,97.70999908447266,94.33000183105469,94.69999694824219,50.52212142944336,4319900,0.0,0.0,0.0
2009-03-20,95.04000091552734,95.58000183105469,93.55000305175781,93.73999786376953,50.009971618652344,1293200,0.0,0.0,0.0
2009-03-23,93.8499984741211,94.2699966430664,93.6500015258789,94.02999877929688,50.164695739746094,1631700,0.0,0.0,0.0
2009-03-24,93.56999969482422,93.69000244140625,93.0999984741211,93.0999984741211,49.66855239868164,1220100,0.0,0.0,0.0
2009-03-25,93.44999694824219,93.5199966430664,92.47000122070312,92.6500015258789,49.4284553527832,1392700,0.0,0.0,0.0
2009-03-26,92.83999633789062,93.3499984741211,92.44000244140625,93.12999725341797,49.68453598022461,1486100,0.0,0.0,0.0
2009-03-27,93.48999786376953,93.80999755859375,93.30000305175781,93.41999816894531,49.83922576904297,1703900,0.0,0.0,0.0
2009-03-30,93.68000030517578,93.70999908447266,93.11000061035156,93.3499984741211,49.801902770996094,944200,0.0,0.0,0.0
2009-03-31,93.58999633789062,94.13999938964844,93.5,94.12000274658203,50.212730407714844,1093000,0.0,0.0,0.0
2009-04-01,93.66999816894531,93.95999908447266,93.26000213623047,93.45999908447266,50.137088775634766,1401200,0.519,0.0,0.0
2009-04-02,93.73999786376953,93.97000122070312,93.26000213623047,93.48999786376953,50.15315246582031,1233700,0.0,0.0,0.0
2009-04-03,93.4800033569336,93.6500015258789,92.81999969482422,92.91000366210938,49.842002868652344,1359400,0.0,0.0,0.0
2009-04-06,93.12999725341797,93.16000366210938,92.70999908447266,92.86000061035156,49.815208435058594,911600,0.0,0.0,0.0
2009-04-07,92.80000305175781,92.94000244140625,92.4800033569336,92.81999969482422,49.79372024536133,1245200,0.0,0.0,0.0
2009-04-08,93.23999786376953,93.79000091552734,92.97000122070312,93.75,50.29261779785156,1135900,0.0,0.0,0.0
2009-04-09,93.6500015258789,94.6500015258789,93.61000061035156,94.37999725341797,50.630577087402344,1395000,0.0,0.0,0.0
2009-04-13,94.63999938964844,95.3499984741211,94.33000183105469,95.29000091552734,51.1187858581543,1581700,0.0,0.0,0.0
2009-04-14,95.44000244140625,95.58000183105469,94.91000366210938,95.54000091552734,51.2529182434082,1687200,0.0,0.0,0.0
2009-04-15,95.7300033569336,96.27999877929688,95.23999786376953,96.27999877929688,51.649879455566406,1922400,0.0,0.0,0.0
2009-04-16,96.19999694824219,96.69999694824219,96.04000091552734,96.69000244140625,51.86982727050781,1764500,0.0,0.0,0.0
2009-04-17,96.68000030517578,96.94999694824219,96.05000305175781,96.56999969482422,51.8054084777832,1720500,0.0,0.0,0.0
2009-04-20,97.0,97.0,95.23999786376953,96.04000091552734,51.52111053466797,1915300,0.0,0.0,0.0
2009-04-21,96.23999786376953,96.43000030517578,95.68000030517578,96.33999633789062,51.682029724121094,574500,0.0,0.0,0.0
2009-04-22,96.12999725341797,96.30000305175781,95.7300033569336,96.0999984741211,51.55329132080078,1781700,0.0,0.0,0.0
2009-04-23,96.23999786376953,96.36000061035156,95.5999984741211,96.0199966430664,51.510398864746094,1302700,0.0,0.0,0.0
2009-04-24,96.04000091552734,96.4800033569336,95.87000274658203,96.2300033569336,51.62306213378906,1541400,0.0,0.0,0.0
2009-04-27,96.16999816894531,96.3499984741211,95.6500015258789,96.11000061035156,51.55866241455078,1201600,0.0,0.0,0.0
2009-04-28,96.2699966430664,96.4000015258789,95.75,95.80000305175781,51.39237976074219,1468200,0.0,0.0,0.0
2009-04-29,96.37000274658203,96.75,95.80999755859375,96.26000213623047,51.63914108276367,1089900,0.0,0.0,0.0
2009-04-30,96.30000305175781,96.4000015258789,95.83999633789062,96.19999694824219,51.60697937011719,1129800,0.0,0.0,0.0
2009-05-01,95.58000183105469,96.04000091552734,95.44999694824219,95.97000122070312,51.73524856567383,1183900,0.468,0.0,0.0
2009-05-04,96.0999984741211,96.19999694824219,95.5999984741211,96.19999694824219,51.8592643737793,984400,0.0,0.0,0.0
2009-05-05,96.30000305175781,96.62999725341797,96.0,96.51000213623047,52.026336669921875,1009000,0.0,0.0,0.0
2009-05-06,96.66000366210938,97.04000091552734,96.33000183105469,96.94000244140625,52.258155822753906,1815600,0.0,0.0,0.0
2009-05-07,96.56999969482422,97.19999694824219,96.0,96.01000213623047,51.75684356689453,1783000,0.0,0.0,0.0
2009-05-08,96.48999786376953,96.8499984741211,96.22000122070312,96.62000274658203,52.085662841796875,1313200,0.0,0.0,0.0
2009-05-11,96.86000061035156,97.0,96.26000213623047,96.91000366210938,52.242000579833984,1045200,0.0,0.0,0.0
2009-05-12,96.98999786376953,97.38999938964844,96.86000061035156,97.18000030517578,52.38752365112305,1073900,0.0,0.0,0.0
2009-05-13,97.37000274658203,97.54000091552734,96.93000030517578,97.0,52.2905387878418,1615400,0.0,0.0,0.0
2009-05-14,97.16999816894531,97.63999938964844,96.68000030517578,97.22000122070312,52.409088134765625,1112700,0.0,0.0,0.0
2009-05-15,97.22000122070312,97.2699966430664,96.69999694824219,97.19999694824219,52.3983039855957,1025900,0.0,0.0,0.0
2009-05-18,97.58999633789062,97.66999816894531,96.91999816894531,97.05999755859375,52.32283020019531,1259800,0.0,0.0,0.0
2009-05-19,96.91000366210938,97.45999908447266,96.69999694824219,97.44999694824219,52.533077239990234,1366600,0.0,0.0,0.0
2009-05-20,97.58999633789062,98.13999938964844,97.33000183105469,98.01000213623047,52.83496856689453,1324200,0.0,0.0,0.0
2009-05-21,98.37999725341797,98.37999725341797,96.69999694824219,97.01000213623047,52.29587173461914,1540900,0.0,0.0,0.0
2009-05-22,96.7699966430664,97.0199966430664,96.5999984741211,96.87999725341797,52.225799560546875,1070100,0.0,0.0,0.0
2009-05-26,97.0,97.05000305175781,96.55000305175781,96.83999633789062,52.204280853271484,1056100,0.0,0.0,0.0
2009-05-27,97.01000213623047,97.29000091552734,95.9800033569336,96.16999816894531,51.84307098388672,1422100,0.0,0.0,0.0
2009-05-28,96.56999969482422,96.83999633789062,96.04000091552734,96.52999877929688,52.03714370727539,1084600,0.0,0.0,0.0
2009-05-29,96.86000061035156,98.08999633789062,96.5,97.94999694824219,52.80263137817383,1280400,0.0,0.0,0.0
2009-06-01,97.8499984741211,98.05000305175781,97.11000061035156,97.43000030517578,52.78529357910156,1234400,0.488,0.0,0.0
2009-06-02,97.66000366210938,98.55999755859375,97.6500015258789,98.1500015258789,53.17536163330078,1882900,0.0,0.0,0.0
2009-06-03,98.31999969482422,99.0199966430664,98.2300033569336,98.6500015258789,53.44623947143555,1156300,0.0,0.0,0.0
2009-06-04,98.79000091552734,98.79000091552734,98.01000213623047,98.22000122070312,53.213287353515625,1109500,0.0,0.0,0.0
2009-06-05,98.06999969482422,98.12999725341797,97.19999694824219,97.69999694824219,52.93156814575195,1133900,0.0,0.0,0.0
2009-06-08,97.5199966430664,98.0999984741211,97.5,97.5,52.82319259643555,885000,0.0,0.0,0.0
2009-06-09,97.5,98.31999969482422,97.3499984741211,98.23999786376953,53.2241325378418,809500,0.0,0.0,0.0
2009-06-10,97.94000244140625,98.7300033569336,97.6500015258789,97.94999694824219,53.067012786865234,1526400,0.0,0.0,0.0
2009-06-11,98.3499984741211,98.6500015258789,97.73999786376953,98.29000091552734,53.2512092590332,948000,0.0,0.0,0.0
2009-06-12,98.5199966430664,99.23999786376953,98.30000305175781,99.0199966430664,53.64667892456055,854600,0.0,0.0,0.0
2009-06-15,99.0,99.41999816894531,98.51000213623047,99.05000305175781,53.66297149658203,809000,0.0,0.0,0.0
2009-06-16,99.3499984741211,99.69999694824219,98.43000030517578,98.98999786376953,53.63045120239258,1000100,0.0,0.0,0.0
2009-06-17,98.79000091552734,99.37000274658203,98.5999984741211,99.11000061035156,53.69546127319336,1070900,0.0,0.0,0.0
2009-06-18,98.72000122070312,98.72000122070312,97.69999694824219,97.8499984741211,53.01285934448242,1363500,0.0,0.0,0.0
2009-06-19,97.87999725341797,98.88999938964844,97.69000244140625,98.58999633789062,53.413761138916016,1395400,0.0,0.0,0.0
2009-06-22,98.9800033569336,99.30000305175781,98.66999816894531,98.94999694824219,53.608787536621094,878800,0.0,0.0,0.0
2009-06-23,99.41999816894531,99.75,99.05000305175781,99.75,54.04219436645508,816400,0.0,0.0,0.0
2009-06-24,99.80000305175781,100.27999877929688,99.44999694824219,99.58999633789062,53.95552444458008,995600,0.0,0.0,0.0
2009-06-25,99.5999984741211,100.41999816894531,99.33000183105469,100.37000274658203,54.37811279296875,618900,0.0,0.0,0.0
2009-06-26,100.4800033569336,100.5,100.02999877929688,100.41999816894531,54.405181884765625,924000,0.0,0.0,0.0
2009-06-29,100.5,100.55000305175781,100.1500015258789,100.30999755859375,54.3455924987793,828500,0.0,0.0,0.0
2009-06-30,100.12000274658203,100.44000244140625,99.55999755859375,100.27999877929688,54.329376220703125,967700,0.0,0.0,0.0
2009-07-01,99.2699966430664,99.79000091552734,99.20999908447266,99.69999694824219,54.255859375,2274400,0.445,0.0,0.0
2009-07-02,99.45999908447266,99.98999786376953,99.43000030517578,99.70999908447266,54.261322021484375,660700,0.0,0.0,0.0
2009-07-06,99.55000305175781,100.0,99.41999816894531,99.94999694824219,54.391944885253906,1346200,0.0,0.0,0.0
2009-07-07,99.5999984741211,100.0199966430664,99.4000015258789,99.55000305175781,54.17424774169922,1242800,0.0,0.0,0.0
2009-07-08,99.86000061035156,100.5,99.61000061035156,100.45999908447266,54.66942596435547,918700,0.0,0.0,0.0
2009-07-09,100.05999755859375,100.5,100.05999755859375,100.5,54.69124221801758,706300,0.0,0.0,0.0
2009-07-10,100.2300033569336,100.9000015258789,100.08999633789062,100.9000015258789,54.90888977050781,827100,0.0,0.0,0.0
2009-07-13,100.75,100.98999786376953,100.22000122070312,100.83999633789062,54.87624740600586,720200,0.0,0.0,0.0
2009-07-14,100.88999938964844,100.88999938964844,100.33000183105469,100.62000274658203,54.75654602050781,951900,0.0,0.0,0.0
2009-07-15,100.33999633789062,100.55999755859375,99.5199966430664,99.69000244140625,54.250450134277344,1671600,0.0,0.0,0.0
2009-07-16,99.8499984741211,100.37999725341797,99.81999969482422,100.37999725341797,54.625938415527344,989700,0.0,0.0,0.0
2009-07-17,100.06999969482422,100.4800033569336,99.79000091552734,100.06999969482422,54.45722579956055,1502600,0.0,0.0,0.0
2009-07-20,100.4800033569336,100.9800033569336,99.80999755859375,100.4800033569336,54.68031692504883,884400,0.0,0.0,0.0
2009-07-21,100.69999694824219,101.94999694824219,100.56999969482422,101.9000015258789,55.453094482421875,1271000,0.0,0.0,0.0
2009-07-22,102.0,102.1500015258789,101.33999633789062,101.62999725341797,55.30615997314453,869000,0.0,0.0,0.0
2009-07-23,101.69999694824219,101.86000061035156,101.0,101.45999908447266,55.21366500854492,802300,0.0,0.0,0.0
2009-07-24,101.25,101.73999786376953,101.05999755859375,101.73999786376953,55.36602783203125,1183200,0.0,0.0,0.0
2009-07-27,101.19999694824219,101.5199966430664,101.0999984741211,101.51000213623047,55.24088668823242,631300,0.0,0.0,0.0
2009-07-28,101.33000183105469,102.23999786376953,101.33000183105469,101.9000015258789,55.453094482421875,943100,0.0,0.0,0.0
2009-07-29,102.23999786376953,102.55000305175781,101.75,102.54000091552734,55.801368713378906,956100,0.0,0.0,0.0
2009-07-30,102.56999969482422,103.3499984741211,102.16000366210938,103.0999984741211,56.10612106323242,1118800,0.0,0.0,0.0
2009-07-31,103.19000244140625,104.5999984741211,103.19000244140625,104.45999908447266,56.846229553222656,1604600,0.0,0.0,0.0
2009-08-03,103.5199966430664,103.94999694824219,102.94999694824219,103.0,56.31695556640625,1396500,0.492,0.0,0.0
2009-08-04,103.56999969482422,103.56999969482422,102.30000305175781,102.4800033569336,56.03264617919922,1103500,0.0,0.0,0.0
2009-08-05,102.52999877929688,103.1500015258789,102.25,102.5,56.04358673095703,1383600,0.0,0.0,0.0
2009-08-06,102.94000244140625,102.9800033569336,102.0999984741211,102.22000122070312,55.89047622680664,996200,0.0,0.0,0.0
2009-08-07,101.83999633789062,102.33999633789062,101.54000091552734,102.19999694824219,55.87958526611328,945900,0.0,0.0,0.0
2009-08-10,102.45999908447266,102.94000244140625,102.05999755859375,102.5199966430664,56.05451583862305,909900,0.0,0.0,0.0
2009-08-11,103.1500015258789,103.25,102.5,103.05000305175781,56.344322204589844,595100,0.0,0.0,0.0
2009-08-12,103.0,103.0,101.80000305175781,102.1500015258789,55.85221862792969,1328300,0.0,0.0,0.0
2009-08-13,102.6500015258789,103.2699966430664,102.0999984741211,103.13999938964844,56.39350891113281,1213800,0.0,0.0,0.0
2009-08-14,103.20999908447266,103.54000091552734,103.06999969482422,103.12000274658203,56.3825798034668,746500,0.0,0.0,0.0
2009-08-17,102.8499984741211,103.52999877929688,102.5999984741211,103.29000091552734,56.475563049316406,722800,0.0,0.0,0.0
2009-08-18,103.12999725341797,103.36000061035156,102.7300033569336,103.02999877929688,56.33336639404297,870300,0.0,0.0,0.0
2009-08-19,103.55000305175781,103.75,103.2699966430664,103.36000061035156,56.5138053894043,905800,0.0,0.0,0.0
2009-08-20,103.55000305175781,104.0,103.26000213623047,103.8499984741211,56.78171920776367,789200,0.0,0.0,0.0
2009-08-21,103.98999786376953,104.0,103.26000213623047,103.37999725341797,56.52470779418945,724100,0.0,0.0,0.0
2009-08-24,103.5,104.02999877929688,103.2699966430664,103.91000366210938,56.814537048339844,1031100,0.0,0.0,0.0
2009-08-25,104.16000366210938,104.41000366210938,103.75,104.08999633789062,56.912960052490234,1209400,0.0,0.0,0.0
2009-08-26,104.45999908447266,104.79000091552734,104.22000122070312,104.77999877929688,57.290225982666016,702000,0.0,0.0,0.0
2009-08-27,104.51000213623047,104.58000183105469,104.12999725341797,104.30000305175781,57.02776336669922,1136200,0.0,0.0,0.0
2009-08-28,104.20999908447266,104.83999633789062,104.12999725341797,104.81999969482422,57.31208038330078,981900,0.0,0.0,0.0
2009-08-31,104.58000183105469,105.33999633789062,104.37000274658203,105.33000183105469,57.59092712402344,2122200,0.0,0.0,0.0
2009-09-01,104.51000213623047,104.95999908447266,104.1500015258789,104.30999755859375,57.30195999145508,1077500,0.494,0.0,0.0
2009-09-02,104.25,105.12999725341797,104.04000091552734,104.62000274658203,57.472232818603516,1225400,0.0,0.0,0.0
2009-09-03,104.68000030517578,105.16999816894531,104.44999694824219,104.80000305175781,57.5711555480957,865400,0.0,0.0,0.0
2009-09-04,105.04000091552734,105.1500015258789,104.80000305175781,104.87000274658203,57.60963439941406,757200,0.0,0.0,0.0
2009-09-08,104.83999633789062,105.0999984741211,104.5,104.5999984741211,57.4613151550293,817900,0.0,0.0,0.0
2009-09-09,104.61000061035156,104.66000366210938,104.33000183105469,104.56999969482422,57.444801330566406,873800,0.0,0.0,0.0
2009-09-10,104.98999786376953,105.55999755859375,104.04000091552734,105.26000213623047,57.823883056640625,873700,0.0,0.0,0.0
2009-09-11,105.77999877929688,106.37999725341797,105.5,106.20999908447266,58.34571838378906,704700,0.0,0.0,0.0
2009-09-14,106.12999725341797,106.20999908447266,105.48999786376953,105.66999816894531,58.049110412597656,850700,0.0,0.0,0.0
2009-09-15,105.79000091552734,105.8499984741211,105.5199966430664,105.61000061035156,58.01612854003906,1052800,0.0,0.0,0.0
2009-09-16,106.1500015258789,106.1500015258789,105.52999877929688,105.94000244140625,58.197410583496094,1097900,0.0,0.0,0.0
2009-09-17,105.94999694824219,106.47000122070312,105.75,106.45999908447266,58.48307800292969,985000,0.0,0.0,0.0
2009-09-18,106.2300033569336,106.38999938964844,105.79000091552734,105.79000091552734,58.11500930786133,759700,0.0,0.0,0.0
2009-09-21,106.19999694824219,106.29000091552734,105.87999725341797,106.04000091552734,58.252349853515625,586600,0.0,0.0,0.0
2009-09-22,105.83999633789062,106.31999969482422,105.75,106.29000091552734,58.38971710205078,815300,0.0,0.0,0.0
2009-09-23,106.1500015258789,106.4000015258789,105.8499984741211,106.33999633789062,58.417144775390625,980900,0.0,0.0,0.0
2009-09-24,106.12999725341797,106.66000366210938,106.12999725341797,106.51000213623047,58.510562896728516,634000,0.0,0.0,0.0
2009-09-25,106.5199966430664,106.94000244140625,106.30000305175781,106.91999816894531,58.735782623291016,722400,0.0,0.0,0.0
2009-09-28,107.0,107.19000244140625,106.72000122070312,107.19000244140625,58.88408660888672,731500,0.0,0.0,0.0
2009-09-29,106.7300033569336,107.0199966430664,106.55000305175781,106.7699966430664,58.65337371826172,1299100,0.0,0.0,0.0
2009-09-30,106.63999938964844,106.83999633789062,106.36000061035156,106.68000030517578,58.60393524169922,1447400,0.0,0.0,0.0
2009-10-01,106.1500015258789,106.22000122070312,104.79000091552734,105.12000274658203,58.00358963012695,3051300,0.472,0.0,0.0
2009-10-02,105.4000015258789,105.4000015258789,104.30000305175781,104.44000244140625,57.628360748291016,3318300,0.0,0.0,0.0
2009-10-05,104.37000274658203,105.0,104.37000274658203,105.0,57.93736267089844,1066700,0.0,0.0,0.0
2009-10-06,105.38999938964844,105.38999938964844,104.72000122070312,104.77999877929688,57.81597137451172,1470300,0.0,0.0,0.0
2009-10-07,105.06999969482422,105.5,104.77999877929688,105.44999694824219,58.185665130615234,900800,0.0,0.0,0.0
2009-10-08,105.58000183105469,105.6500015258789,104.8499984741211,104.86000061035156,57.860103607177734,1012500,0.0,0.0,0.0
2009-10-09,104.87999725341797,104.87999725341797,103.75,103.94000244140625,57.35249710083008,1497300,0.0,0.0,0.0
2009-10-12,103.61000061035156,104.38999938964844,103.61000061035156,104.30000305175781,57.551090240478516,687200,0.0,0.0,0.0
2009-10-13,104.38999938964844,104.63999938964844,104.19999694824219,104.5,57.66145706176758,803100,0.0,0.0,0.0
2009-10-14,104.25,104.56999969482422,104.0,104.0,57.38560104370117,1181600,0.0,0.0,0.0
2009-10-15,104.0,104.20999908447266,103.58000183105469,103.9800033569336,57.37455749511719,1096300,0.0,0.0,0.0
2009-10-16,103.97000122070312,104.22000122070312,103.76000213623047,104.05999755859375,57.4187126159668,876200,0.0,0.0,0.0
2009-10-19,104.27999877929688,104.87999725341797,104.11000061035156,104.58999633789062,57.71113204956055,825100,0.0,0.0,0.0
2009-10-20,105.19999694824219,105.58999633789062,105.12999725341797,105.26000213623047,58.08086013793945,873400,0.0,0.0,0.0
2009-10-21,105.04000091552734,105.16999816894531,104.7300033569336,104.81999969482422,57.838050842285156,984600,0.0,0.0,0.0
2009-10-22,105.12999725341797,105.44000244140625,104.81999969482422,105.44000244140625,58.18012619018555,707200,0.0,0.0,0.0
2009-10-23,105.0,105.37000274658203,104.8499984741211,104.86000061035156,57.860103607177734,640500,0.0,0.0,0.0
2009-10-26,105.0,105.05999755859375,104.36000061035156,104.41999816894531,57.617340087890625,953700,0.0,0.0,0.0
2009-10-27,104.94999694824219,105.47000122070312,104.55000305175781,105.31999969482422,58.11391830444336,732600,0.0,0.0,0.0
2009-10-28,105.19999694824219,105.44999694824219,104.31999969482422,104.61000061035156,57.7221565246582,1114300,0.0,0.0,0.0
2009-10-29,105.01000213623047,105.05999755859375,104.37999725341797,104.73999786376953,57.79389953613281,932500,0.0,0.0,0.0
2009-10-30,105.08999633789062,105.68000030517578,104.93000030517578,105.68000030517578,58.312583923339844,1419700,0.0,0.0,0.0
2009-11-02,105.33000183105469,105.36000061035156,104.76000213623047,105.04000091552734,58.22614669799805,983600,0.484,0.0,0.0
2009-11-03,105.0199966430664,105.02999877929688,104.37000274658203,104.55999755859375,57.96005630493164,810500,0.0,0.0,0.0
2009-11-04,104.5199966430664,105.01000213623047,104.48999786376953,104.97000122070312,58.18730163574219,760100,0.0,0.0,0.0
2009-11-05,104.9000015258789,105.05000305175781,104.7300033569336,105.04000091552734,58.22614669799805,705000,0.0,0.0,0.0
2009-11-06,105.02999877929688,105.31999969482422,104.6500015258789,105.31999969482422,58.38129425048828,693100,0.0,0.0,0.0
2009-11-09,105.37999725341797,105.5199966430664,105.26000213623047,105.37999725341797,58.414573669433594,594100,0.0,0.0,0.0
2009-11-10,105.5,105.66999816894531,105.29000091552734,105.30999755859375,58.37577438354492,606400,0.0,0.0,0.0
2009-11-11,105.58999633789062,106.0,105.47000122070312,105.69999694824219,58.591941833496094,688100,0.0,0.0,0.0
2009-11-12,105.6500015258789,105.93000030517578,105.06999969482422,105.69999694824219,58.591941833496094,1043100,0.0,0.0,0.0
2009-11-13,105.94000244140625,106.01000213623047,105.55000305175781,106.01000213623047,58.76382064819336,655800,0.0,0.0,0.0
2009-11-16,106.0,106.51000213623047,105.8499984741211,106.51000213623047,59.040977478027344,1141700,0.0,0.0,0.0
2009-11-17,106.30000305175781,106.66999816894531,106.1500015258789,106.66999816894531,59.129642486572266,587100,0.0,0.0,0.0
2009-11-18,106.41000366210938,106.8499984741211,106.12999725341797,106.31999969482422,58.93564224243164,718900,0.0,0.0,0.0
2009-11-19,106.33000183105469,106.62999725341797,106.18000030517578,106.44999694824219,59.007659912109375,855100,0.0,0.0,0.0
2009-11-20,106.52999877929688,106.61000061035156,105.93000030517578,105.94999694824219,58.73051452636719,628600,0.0,0.0,0.0
2009-11-23,105.5999984741211,105.98999786376953,105.44000244140625,105.94999694824219,58.73051452636719,1143000,0.0,0.0,0.0
2009-11-24,105.94999694824219,106.54000091552734,105.94999694824219,106.36000061035156,58.95780944824219,768100,0.0,0.0,0.0
2009-11-25,106.43000030517578,106.79000091552734,106.20999908447266,106.75,59.17399597167969,670900,0.0,0.0,0.0
2009-11-27,106.02999877929688,106.7300033569336,106.0,106.72000122070312,59.15737533569336,344600,0.0,0.0,0.0
2009-11-30,106.68000030517578,107.25,106.51000213623047,107.25,59.45115280151367,1399900,0.0,0.0,0.0
2009-12-01,106.58000183105469,106.72000122070312,106.26000213623047,106.26000213623047,59.153900146484375,867400,0.456,0.0,0.0
2009-12-02,106.23999786376953,106.43000030517578,106.0,106.27999877929688,59.16501235961914,1171600,0.0,0.0,0.0
2009-12-03,106.19000244140625,106.31999969482422,106.08000183105469,106.25,59.148319244384766,543300,0.0,0.0,0.0
2009-12-04,106.0,106.02999877929688,105.5,105.80999755859375,58.90337371826172,1285900,0.0,0.0,0.0
2009-12-07,105.94999694824219,105.94999694824219,105.5,105.76000213623047,58.87552261352539,1128000,0.0,0.0,0.0
2009-12-08,106.33999633789062,106.4800033569336,106.16999816894531,106.20999908447266,59.126033782958984,951700,0.0,0.0,0.0
2009-12-09,106.30000305175781,106.4800033569336,105.55000305175781,105.5999984741211,58.7864875793457,1547200,0.0,0.0,0.0
2009-12-10,105.33000183105469,105.91999816894531,105.33000183105469,105.69000244140625,58.83656692504883,1253200,0.0,0.0,0.0
2009-12-11,105.75,105.75,105.06999969482422,105.19000244140625,58.55825424194336,1340800,0.0,0.0,0.0
2009-12-14,105.55999755859375,105.77999877929688,105.33999633789062,105.7699966430664,58.88108444213867,1017300,0.0,0.0,0.0
2009-12-15,105.41000366210938,105.47000122070312,105.01000213623047,105.01000213623047,58.458045959472656,884200,0.0,0.0,0.0
2009-12-16,105.16999816894531,105.83999633789062,105.16999816894531,105.41000366210938,58.68067932128906,962300,0.0,0.0,0.0
2009-12-17,105.63999938964844,105.9000015258789,105.33000183105469,105.86000061035156,58.93122863769531,1426400,0.0,0.0,0.0
2009-12-18,106.01000213623047,106.19000244140625,105.63999938964844,105.69000244140625,58.83656692504883,792400,0.0,0.0,0.0
2009-12-21,105.51000213623047,105.62999725341797,105.05999755859375,105.18000030517578,58.55267333984375,683800,0.0,0.0,0.0
2009-12-22,105.43000030517578,105.43000030517578,104.5,104.73999786376953,58.307674407958984,1590500,0.0,0.0,0.0
2009-12-23,104.9800033569336,105.22000122070312,104.8499984741211,105.06999969482422,58.49143981933594,678000,0.0,0.0,0.0
2009-12-24,104.69999694824219,105.0,104.55000305175781,104.58000183105469,58.21866226196289,529300,0.0,0.0,0.0
2009-12-28,104.2699966430664,104.66000366210938,104.05999755859375,104.30000305175781,58.06276321411133,1017600,0.0,0.0,0.0
2009-12-29,103.87999725341797,104.19000244140625,103.80000305175781,104.18000030517578,58.23886489868164,610100,0.435,0.0,0.0
2009-12-30,104.29000091552734,104.52999877929688,104.08000183105469,104.30000305175781,58.305931091308594,1405500,0.0,0.0,0.0
2009-12-31,104.02999877929688,104.3499984741211,103.7699966430664,104.1500015258789,58.22212600708008,499100,0.0,0.0,0.0
2010-01-04,104.7699966430664,104.7699966430664,104.33999633789062,104.69999694824219,58.52958679199219,2017600,0.0,0.0,0.0
2010-01-05,104.9800033569336,105.44999694824219,104.86000061035156,105.19999694824219,58.80906295776367,1143800,0.0,0.0,0.0
2010-01-06,105.38999938964844,105.44999694824219,104.81999969482422,104.88999938964844,58.63574981689453,1005500,0.0,0.0,0.0
2010-01-07,104.97000122070312,105.22000122070312,104.87000274658203,105.0199966430664,58.70847702026367,1264100,0.0,0.0,0.0
2010-01-08,105.13999938964844,105.25,104.97000122070312,105.25,58.837032318115234,704600,0.0,0.0,0.0
2010-01-11,105.0,105.37999725341797,105.0,105.36000061035156,58.89848709106445,817500,0.0,0.0,0.0
2010-01-12,105.41999816894531,105.6500015258789,105.31999969482422,105.55999755859375,59.01030349731445,1343100,0.0,0.0,0.0
2010-01-13,105.54000091552734,105.56999969482422,105.0,105.12000274658203,58.76435852050781,1090700,0.0,0.0,0.0
2010-01-14,105.45999908447266,105.5,105.02999877929688,105.5,58.97675323486328,873200,0.0,0.0,0.0
2010-01-15,105.72000122070312,105.80000305175781,105.43000030517578,105.45999908447266,58.95439910888672,834300,0.0,0.0,0.0
2010-01-19,105.2699966430664,105.56999969482422,105.0199966430664,105.55000305175781,59.00471496582031,822100,0.0,0.0,0.0
2010-01-20,105.69999694824219,105.83999633789062,105.43000030517578,105.4800033569336,58.965614318847656,1112000,0.0,0.0,0.0
2010-01-21,105.75,106.2699966430664,105.69999694824219,105.76000213623047,59.12210464477539,1333400,0.0,0.0,0.0
2010-01-22,105.77999877929688,105.80000305175781,105.5,105.5999984741211,59.03268814086914,1003800,0.0,0.0,0.0
2010-01-25,105.55000305175781,105.62999725341797,105.43000030517578,105.58999633789062,59.02712631225586,765100,0.0,0.0,0.0
2010-01-26,105.69000244140625,105.69999694824219,105.23999786376953,105.30999755859375,58.87055206298828,887200,0.0,0.0,0.0
2010-01-27,105.44000244140625,105.44000244140625,104.68000030517578,104.93000030517578,58.658138275146484,1496100,0.0,0.0,0.0
2010-01-28,104.97000122070312,105.25,104.76000213623047,104.77999877929688,58.57424545288086,1158800,0.0,0.0,0.0
2010-01-29,104.98999786376953,105.45999908447266,104.9000015258789,105.44999694824219,58.94882583618164,1218600,0.0,0.0,0.0
2010-02-01,105.05000305175781,105.08000183105469,104.41999816894531,104.52999877929688,58.68605422973633,1202800,0.452,0.0,0.0
2010-02-02,104.6500015258789,105.06999969482422,104.6500015258789,104.86000061035156,58.871337890625,1950500,0.0,0.0,0.0
2010-02-03,104.83000183105469,104.9000015258789,104.5199966430664,104.75,58.809566497802734,1478800,0.0,0.0,0.0
2010-02-04,104.8499984741211,104.88999938964844,104.54000091552734,104.73999786376953,58.8039665222168,1116700,0.0,0.0,0.0
2010-02-05,104.62999725341797,104.72000122070312,104.22000122070312,104.41999816894531,58.62430191040039,2204600,0.0,0.0,0.0
2010-02-08,104.52999877929688,104.68000030517578,104.30999755859375,104.5199966430664,58.680450439453125,1736500,0.0,0.0,0.0
2010-02-09,104.58999633789062,104.69999694824219,104.27999877929688,104.27999877929688,58.545719146728516,969800,0.0,0.0,0.0
2010-02-10,104.20999908447266,104.31999969482422,103.37999725341797,103.47000122070312,58.09095001220703,1178000,0.0,0.0,0.0
2010-02-11,103.5999984741211,103.7699966430664,103.33999633789062,103.70999908447266,58.2256965637207,1045500,0.0,0.0,0.0
2010-02-12,103.83000183105469,103.9800033569336,103.68000030517578,103.83000183105469,58.293060302734375,707100,0.0,0.0,0.0
2010-02-16,103.61000061035156,104.23999786376953,103.5,104.23999786376953,58.523223876953125,1029500,0.0,0.0,0.0
2010-02-17,104.19000244140625,104.20999908447266,103.62999725341797,103.88999938964844,58.326786041259766,717200,0.0,0.0,0.0
2010-02-18,103.91000366210938,104.06999969482422,103.5,103.81999969482422,58.287445068359375,1717100,0.0,0.0,0.0
2010-02-19,103.69999694824219,104.19000244140625,103.66000366210938,104.19000244140625,58.49518966674805,1827800,0.0,0.0,0.0
2010-02-22,104.12000274658203,104.25,104.01000213623047,104.25,58.528812408447266,585900,0.0,0.0,0.0
2010-02-23,104.33000183105469,104.54000091552734,104.19000244140625,104.5,58.66923904418945,1095300,0.0,0.0,0.0
2010-02-24,104.6500015258789,105.0,104.55000305175781,104.94999694824219,58.92188262939453,924400,0.0,0.0,0.0
2010-02-25,105.12000274658203,105.12000274658203,104.83000183105469,104.83999633789062,58.860111236572266,572300,0.0,0.0,0.0
2010-02-26,104.98999786376953,105.55999755859375,104.98999786376953,105.52999877929688,59.247528076171875,804600,0.0,0.0,0.0
2010-03-01,105.19000244140625,105.29000091552734,104.9000015258789,105.22000122070312,59.32362365722656,598700,0.445,0.0,0.0
2010-03-02,105.02999877929688,105.55000305175781,105.0,105.44000244140625,59.44763946533203,625600,0.0,0.0,0.0
2010-03-03,105.19000244140625,105.66000366210938,105.19000244140625,105.66000366210938,59.571659088134766,746300,0.0,0.0,0.0
2010-03-04,105.55999755859375,105.80999755859375,105.37999725341797,105.70999908447266,59.599891662597656,492300,0.0,0.0,0.0
2010-03-05,105.62000274658203,105.63999938964844,105.11000061035156,105.58000183105469,59.52656173706055,786000,0.0,0.0,0.0
2010-03-08,105.58000183105469,105.75,105.37999725341797,105.75,59.6224365234375,966800,0.0,0.0,0.0
2010-03-09,105.70999908447266,105.81999969482422,105.58999633789062,105.6500015258789,59.566036224365234,722100,0.0,0.0,0.0
2010-03-10,105.48999786376953,105.75,105.37000274658203,105.75,59.6224365234375,688200,0.0,0.0,0.0
2010-03-11,105.58000183105469,105.75,105.44000244140625,105.70999908447266,59.599891662597656,480000,0.0,0.0,0.0
2010-03-12,105.62000274658203,105.9800033569336,105.5,105.93000030517578,59.723876953125,819100,0.0,0.0,0.0
2010-03-15,105.97000122070312,105.9800033569336,105.66999816894531,105.91000366210938,59.712615966796875,497200,0.0,0.0,0.0
2010-03-16,106.0,106.4000015258789,105.86000061035156,106.4000015258789,59.9889030456543,635600,0.0,0.0,0.0
2010-03-17,106.58000183105469,106.86000061035156,106.4000015258789,106.79000091552734,60.20881271362305,983900,0.0,0.0,0.0
2010-03-18,106.75,106.80999755859375,106.58000183105469,106.58000183105469,60.09040451049805,497200,0.0,0.0,0.0
2010-03-19,106.5,106.76000213623047,106.4000015258789,106.5,60.045265197753906,621500,0.0,0.0,0.0
2010-03-22,106.37999725341797,106.75,106.37999725341797,106.66999816894531,60.14115524291992,406000,0.0,0.0,0.0
2010-03-23,106.73999786376953,106.8499984741211,106.5999984741211,106.5999984741211,60.101654052734375,463300,0.0,0.0,0.0
2010-03-24,106.16000366210938,106.2699966430664,105.58999633789062,105.80999755859375,59.65627670288086,801600,0.0,0.0,0.0
2010-03-25,105.66000366210938,105.79000091552734,105.23999786376953,105.43000030517578,59.44198226928711,985400,0.0,0.0,0.0
2010-03-26,105.3499984741211,105.75,105.30999755859375,105.75,59.6224365234375,614000,0.0,0.0,0.0
2010-03-29,105.73999786376953,105.79000091552734,105.37000274658203,105.66000366210938,59.571659088134766,597600,0.0,0.0,0.0
2010-03-30,105.62999725341797,105.79000091552734,105.44999694824219,105.72000122070312,59.605525970458984,616100,0.0,0.0,0.0
2010-03-31,105.81999969482422,106.01000213623047,105.7300033569336,105.7699966430664,59.633724212646484,997800,0.0,0.0,0.0
2010-04-01,105.44999694824219,105.62000274658203,105.29000091552734,105.52999877929688,59.76342010498047,1565600,0.469,0.0,0.0
2010-04-05,105.01000213623047,105.12000274658203,104.44000244140625,104.55999755859375,59.21409606933594,1417800,0.0,0.0,0.0
2010-04-06,104.9000015258789,105.13999938964844,104.73999786376953,104.80999755859375,59.35563659667969,1175000,0.0,0.0,0.0
2010-04-07,104.93000030517578,105.48999786376953,104.93000030517578,105.33999633789062,59.65578079223633,1041200,0.0,0.0,0.0
2010-04-08,105.58999633789062,105.6500015258789,105.13999938964844,105.13999938964844,59.54252624511719,938600,0.0,0.0,0.0
2010-04-09,105.25,105.4000015258789,105.02999877929688,105.20999908447266,59.582149505615234,657800,0.0,0.0,0.0
2010-04-12,105.3499984741211,105.5999984741211,105.30000305175781,105.51000213623047,59.7520637512207,502800,0.0,0.0,0.0
2010-04-13,105.76000213623047,105.91999816894531,105.58000183105469,105.88999938964844,59.9672737121582,728100,0.0,0.0,0.0
2010-04-14,105.94999694824219,106.0,105.6500015258789,105.80000305175781,59.91633224487305,697200,0.0,0.0,0.0
2010-04-15,105.79000091552734,106.13999938964844,105.66000366210938,105.9800033569336,60.01823043823242,766300,0.0,0.0,0.0
2010-04-16,106.16000366210938,106.45999908447266,105.9800033569336,106.2300033569336,60.15980911254883,1091800,0.0,0.0,0.0
2010-04-19,106.36000061035156,106.36000061035156,105.95999908447266,105.95999908447266,60.00685501098633,643900,0.0,0.0,0.0
2010-04-20,106.16999816894531,106.20999908447266,106.0199966430664,106.19000244140625,60.137184143066406,923200,0.0,0.0,0.0
2010-04-21,106.4800033569336,106.72000122070312,106.2699966430664,106.55999755859375,60.3466911315918,646600,0.0,0.0,0.0
2010-04-22,106.55999755859375,106.75,106.30000305175781,106.31999969482422,60.21080017089844,248000,0.0,0.0,0.0
2010-04-23,106.2699966430664,106.37999725341797,106.16000366210938,106.30000305175781,60.199459075927734,327400,0.0,0.0,0.0
2010-04-26,106.4800033569336,106.55999755859375,106.20999908447266,106.3499984741211,60.22776794433594,839900,0.0,0.0,0.0
2010-04-27,106.58000183105469,106.93000030517578,106.25,106.41999816894531,60.26742935180664,590500,0.0,0.0,0.0
2010-04-28,106.33999633789062,106.8499984741211,106.25,106.5999984741211,60.36933898925781,1670600,0.0,0.0,0.0
2010-04-29,106.86000061035156,106.94999694824219,106.62999725341797,106.87000274658203,60.52226638793945,1102600,0.0,0.0,0.0
2010-04-30,107.0,107.54000091552734,106.87000274658203,107.30999755859375,60.77145004272461,1031700,0.0,0.0,0.0
2010-05-03,106.91000366210938,106.94999694824219,106.68000030517578,106.88999938964844,60.78966522216797,495800,0.452,0.0,0.0
2010-05-04,107.05999755859375,107.3499984741211,106.94999694824219,107.0199966430664,60.863582611083984,844700,0.0,0.0,0.0
2010-05-05,107.01000213623047,107.19000244140625,106.12999725341797,106.55999755859375,60.601951599121094,1288500,0.0,0.0,0.0
2010-05-06,106.3499984741211,106.61000061035156,102.47000122070312,104.80000305175781,59.601016998291016,1687800,0.0,0.0,0.0
2010-05-07,105.58999633789062,106.12000274658203,104.83000183105469,105.13999938964844,59.794395446777344,1758600,0.0,0.0,0.0
2010-05-10,105.4000015258789,105.97000122070312,105.4000015258789,105.80000305175781,60.16977310180664,1275900,0.0,0.0,0.0
2010-05-11,105.69999694824219,105.95999908447266,105.37000274658203,105.91000366210938,60.23227310180664,997500,0.0,0.0,0.0
2010-05-12,105.77999877929688,106.04000091552734,105.5999984741211,105.87000274658203,60.20956039428711,1034900,0.0,0.0,0.0
2010-05-13,106.19000244140625,106.2300033569336,105.70999908447266,106.18000030517578,60.385860443115234,585100,0.0,0.0,0.0
2010-05-14,106.33999633789062,106.68000030517578,105.97000122070312,106.1500015258789,60.368778228759766,575700,0.0,0.0,0.0
2010-05-17,106.5199966430664,106.79000091552734,106.0,106.33000183105469,60.47115707397461,877200,0.0,0.0,0.0
2010-05-18,106.66000366210938,106.9000015258789,106.29000091552734,106.66999816894531,60.66454315185547,582100,0.0,0.0,0.0
2010-05-19,106.41000366210938,107.0,106.41000366210938,106.7300033569336,60.69862747192383,503300,0.0,0.0,0.0
2010-05-20,106.80000305175781,106.93000030517578,106.26000213623047,106.48999786376953,60.56216812133789,1009400,0.0,0.0,0.0
2010-05-21,106.55999755859375,106.66000366210938,105.93000030517578,106.30999755859375,60.45976638793945,1775500,0.0,0.0,0.0
2010-05-24,106.36000061035156,106.68000030517578,106.3499984741211,106.58999633789062,60.61902618408203,717800,0.0,0.0,0.0
2010-05-25,106.41999816894531,106.4800033569336,105.95999908447266,106.08000183105469,60.3289680480957,901500,0.0,0.0,0.0
2010-05-26,106.13999938964844,106.19999694824219,105.76000213623047,106.1500015258789,60.368778228759766,562000,0.0,0.0,0.0
2010-05-27,105.7300033569336,105.73999786376953,105.37999725341797,105.5999984741211,60.05599594116211,767600,0.0,0.0,0.0
2010-05-28,105.79000091552734,106.02999877929688,105.4000015258789,105.45999908447266,59.97637176513672,1042200,0.0,0.0,0.0
2010-06-01,105.02999877929688,105.33000183105469,104.87000274658203,104.93000030517578,59.92668914794922,782400,0.443,0.0,0.0
2010-06-02,104.93000030517578,105.30000305175781,104.93000030517578,105.30000305175781,60.13798904418945,521000,0.0,0.0,0.0
2010-06-03,105.2699966430664,105.55000305175781,104.95999908447266,104.95999908447266,59.94386291503906,1017000,0.0,0.0,0.0
2010-06-04,105.22000122070312,105.66000366210938,105.0999984741211,105.5999984741211,60.309288024902344,745200,0.0,0.0,0.0
2010-06-07,105.5,106.12999725341797,105.5,106.04000091552734,60.560646057128906,551500,0.0,0.0,0.0
2010-06-08,105.9800033569336,106.2699966430664,105.76000213623047,106.04000091552734,60.560646057128906,953500,0.0,0.0,0.0
2010-06-09,105.88999938964844,106.2300033569336,105.66000366210938,106.08000183105469,60.58344650268555,526900,0.0,0.0,0.0
2010-06-10,105.73999786376953,105.94999694824219,105.45999908447266,105.63999938964844,60.332176208496094,1037200,0.0,0.0,0.0
2010-06-11,105.88999938964844,106.08000183105469,105.62000274658203,106.02999877929688,60.55491256713867,483100,0.0,0.0,0.0
2010-06-14,105.66999816894531,105.83000183105469,105.44000244140625,105.83000183105469,60.44071960449219,712900,0.0,0.0,0.0
2010-06-15,105.87000274658203,105.91999816894531,105.5199966430664,105.69999694824219,60.36644744873047,663100,0.0,0.0,0.0
2010-06-16,105.83999633789062,105.9000015258789,105.55000305175781,105.80999755859375,60.429256439208984,568000,0.0,0.0,0.0
2010-06-17,106.1500015258789,106.58999633789062,106.0,106.51000213623047,60.82905578613281,1487500,0.0,0.0,0.0
2010-06-18,106.52999877929688,106.66999816894531,106.36000061035156,106.5,60.823333740234375,726300,0.0,0.0,0.0
2010-06-21,106.33000183105469,106.79000091552734,106.26000213623047,106.7699966430664,60.97754669189453,686300,0.0,0.0,0.0
2010-06-22,106.63999938964844,107.33000183105469,106.61000061035156,107.29000091552734,61.27448654174805,657000,0.0,0.0,0.0
2010-06-23,107.13999938964844,107.79000091552734,107.12999725341797,107.73999786376953,61.53152847290039,1105800,0.0,0.0,0.0
2010-06-24,107.77999877929688,107.83000183105469,107.25,107.30999755859375,61.28594970703125,743000,0.0,0.0,0.0
2010-06-25,107.31999969482422,107.73999786376953,107.20999908447266,107.48999786376953,61.38875961303711,485000,0.0,0.0,0.0
2010-06-28,107.9000015258789,108.12000274658203,107.7300033569336,108.08000183105469,61.725669860839844,772700,0.0,0.0,0.0
2010-06-29,108.26000213623047,108.26000213623047,107.94000244140625,108.02999877929688,61.697147369384766,1007200,0.0,0.0,0.0
2010-06-30,108.2300033569336,108.45999908447266,108.18000030517578,108.45999908447266,61.942684173583984,850800,0.0,0.0,0.0
2010-07-01,108.16000366210938,108.45999908447266,108.01000213623047,108.13999938964844,62.01152420043945,1478700,0.44,0.0,0.0
2010-07-02,108.1500015258789,108.22000122070312,107.7699966430664,107.83000183105469,61.833770751953125,600400,0.0,0.0,0.0
2010-07-06,108.19999694824219,108.5999984741211,108.0,108.27999877929688,62.0918083190918,993400,0.0,0.0,0.0
2010-07-07,108.22000122070312,108.54000091552734,108.20999908447266,108.3499984741211,62.131988525390625,634100,0.0,0.0,0.0
2010-07-08,108.12000274658203,108.1500015258789,107.87000274658203,108.08000183105469,61.97716522216797,738200,0.0,0.0,0.0
2010-07-09,108.08000183105469,108.12000274658203,107.86000061035156,107.94999694824219,61.90256881713867,530000,0.0,0.0,0.0
2010-07-12,108.16999816894531,108.26000213623047,107.94000244140625,108.08000183105469,61.97716522216797,585100,0.0,0.0,0.0
2010-07-13,108.19999694824219,108.30000305175781,107.95999908447266,108.13999938964844,62.01152420043945,709000,0.0,0.0,0.0
2010-07-14,108.2300033569336,108.72000122070312,108.19999694824219,108.62000274658203,62.28680419921875,1880300,0.0,0.0,0.0
2010-07-15,108.62000274658203,108.91999816894531,108.62000274658203,108.80999755859375,62.39570617675781,1038800,0.0,0.0,0.0
2010-07-16,108.98999786376953,109.37000274658203,108.88999938964844,109.0,62.50469207763672,814100,0.0,0.0,0.0
2010-07-19,108.95999908447266,109.13999938964844,108.87999725341797,108.9800033569336,62.49324035644531,580700,0.0,0.0,0.0
2010-07-20,108.95999908447266,109.37000274658203,108.95999908447266,109.0999984741211,62.56204605102539,1052100,0.0,0.0,0.0
2010-07-21,108.98999786376953,109.62999725341797,108.94000244140625,109.62999725341797,62.865909576416016,779400,0.0,0.0,0.0
2010-07-22,109.66000366210938,109.68000030517578,109.18000030517578,109.48999786376953,62.78567123413086,827300,0.0,0.0,0.0
2010-07-23,109.66000366210938,109.69000244140625,109.37000274658203,109.62999725341797,62.865909576416016,675800,0.0,0.0,0.0
2010-07-26,109.47000122070312,109.75,109.3499984741211,109.7300033569336,62.923309326171875,538000,0.0,0.0,0.0
2010-07-27,109.51000213623047,109.80000305175781,109.36000061035156,109.36000061035156,62.711151123046875,1108600,0.0,0.0,0.0
2010-07-28,109.58999633789062,109.7699966430664,109.23999786376953,109.75,62.93478012084961,777600,0.0,0.0,0.0
2010-07-29,109.66000366210938,109.9000015258789,109.54000091552734,109.79000091552734,62.95768356323242,513000,0.0,0.0,0.0
2010-07-30,110.02999877929688,110.41999816894531,110.02999877929688,110.30000305175781,63.25015640258789,796300,0.0,0.0,0.0
2010-08-02,109.91000366210938,109.94999694824219,109.55999755859375,109.62999725341797,63.11600112915039,764100,0.437,0.0,0.0
2010-08-03,109.9000015258789,110.04000091552734,109.69999694824219,109.9000015258789,63.271461486816406,1060700,0.0,0.0,0.0
2010-08-04,109.83000183105469,109.94999694824219,109.55000305175781,109.55999755859375,63.075653076171875,859900,0.0,0.0,0.0
2010-08-05,109.69000244140625,109.88999938964844,109.58999633789062,109.76000213623047,63.190853118896484,1093400,0.0,0.0,0.0
2010-08-06,110.19000244140625,110.4800033569336,110.05999755859375,110.38999938964844,63.553558349609375,685700,0.0,0.0,0.0
2010-08-09,110.45999908447266,110.77999877929688,110.30000305175781,110.75,63.76082992553711,844400,0.0,0.0,0.0
2010-08-10,110.5999984741211,110.7300033569336,110.37999725341797,110.61000061035156,63.680213928222656,1260100,0.0,0.0,0.0
2010-08-11,110.62999725341797,110.94000244140625,110.54000091552734,110.5999984741211,63.6744499206543,934600,0.0,0.0,0.0
2010-08-12,110.54000091552734,110.69999694824219,110.18000030517578,110.20999908447266,63.449947357177734,1427100,0.0,0.0,0.0
2010-08-13,110.38999938964844,110.77999877929688,110.33999633789062,110.63999938964844,63.69745635986328,894800,0.0,0.0,0.0
2010-08-16,111.27999877929688,111.97000122070312,111.27999877929688,111.86000061035156,64.39989471435547,786200,0.0,0.0,0.0
2010-08-17,111.9000015258789,111.9800033569336,111.47000122070312,111.68000030517578,64.2962417602539,799600,0.0,0.0,0.0
2010-08-18,111.79000091552734,111.98999786376953,111.5999984741211,111.77999877929688,64.3537826538086,1889200,0.0,0.0,0.0
2010-08-19,111.58999633789062,112.37999725341797,111.58000183105469,111.9000015258789,64.42290496826172,1439500,0.0,0.0,0.0
2010-08-20,111.8499984741211,112.25,111.80000305175781,112.0999984741211,64.5380630493164,1402000,0.0,0.0,0.0
2010-08-23,111.98999786376953,112.36000061035156,111.83000183105469,112.33999633789062,64.67623138427734,549100,0.0,0.0,0.0
2010-08-24,112.61000061035156,112.80000305175781,112.3499984741211,112.5999984741211,64.82587432861328,826000,0.0,0.0,0.0
2010-08-25,113.0,113.0,112.4000015258789,112.80999755859375,64.94684600830078,1820000,0.0,0.0,0.0
2010-08-26,112.75,112.95999908447266,112.58000183105469,112.91000366210938,65.00439453125,703600,0.0,0.0,0.0
2010-08-27,112.72000122070312,112.91000366210938,111.81999969482422,111.88999938964844,64.41715240478516,1642300,0.0,0.0,0.0
2010-08-30,112.45999908447266,112.72000122070312,111.9800033569336,112.62000274658203,64.83739471435547,1574500,0.0,0.0,0.0
2010-08-31,112.66000366210938,113.05000305175781,112.4000015258789,113.0,65.05616760253906,1450700,0.0,0.0,0.0
2010-09-01,112.3499984741211,112.38999938964844,111.44999694824219,111.7300033569336,64.56731414794922,2395600,0.424,0.0,0.0
2010-09-02,111.47000122070312,111.66999816894531,111.33000183105469,111.58999633789062,64.48637390136719,1243900,0.0,0.0,0.0
2010-09-03,110.72000122070312,111.1500015258789,110.66999816894531,110.75,64.00096130371094,1184800,0.0,0.0,0.0
2010-09-07,111.58999633789062,111.73999786376953,111.0,111.56999969482422,64.47482299804688,1128300,0.0,0.0,0.0
2010-09-08,111.4800033569336,111.5,111.19999694824219,111.3499984741211,64.34770202636719,556200,0.0,0.0,0.0
2010-09-09,111.18000030517578,111.19999694824219,110.55999755859375,110.7699966430664,64.01251220703125,967700,0.0,0.0,0.0
2010-09-10,110.51000213623047,110.94000244140625,110.41999816894531,110.8499984741211,64.05872344970703,1105900,0.0,0.0,0.0
2010-09-13,110.83000183105469,111.30000305175781,110.75,111.0,64.14543151855469,987900,0.0,0.0,0.0
2010-09-14,111.19999694824219,111.5999984741211,111.12999725341797,111.5199966430664,64.4459457397461,1846500,0.0,0.0,0.0
2010-09-15,111.33999633789062,111.55999755859375,111.19999694824219,111.33999633789062,64.34191131591797,983200,0.0,0.0,0.0
2010-09-16,111.04000091552734,111.05000305175781,110.70999908447266,110.98999786376953,64.13970184326172,1382000,0.0,0.0,0.0
2010-09-17,111.33999633789062,111.45999908447266,111.04000091552734,111.3499984741211,64.34770202636719,2647200,0.0,0.0,0.0
2010-09-20,111.48999786376953,111.58999633789062,111.30999755859375,111.48999786376953,64.42862701416016,775000,0.0,0.0,0.0
2010-09-21,111.62000274658203,112.4800033569336,111.5999984741211,112.33999633789062,64.91981506347656,1416600,0.0,0.0,0.0
2010-09-22,112.44999694824219,112.58999633789062,112.18000030517578,112.2699966430664,64.87932586669922,851200,0.0,0.0,0.0
2010-09-23,112.68000030517578,112.69999694824219,112.2699966430664,112.3499984741211,64.925537109375,594200,0.0,0.0,0.0
2010-09-24,112.33999633789062,112.33999633789062,112.01000213623047,112.0999984741211,64.78114318847656,1064700,0.0,0.0,0.0
2010-09-27,112.52999877929688,112.75,112.41000366210938,112.68000030517578,65.11629486083984,770900,0.0,0.0,0.0
2010-09-28,112.68000030517578,113.19000244140625,112.61000061035156,112.87999725341797,65.23184967041016,595900,0.0,0.0,0.0
2010-09-29,112.91999816894531,112.98999786376953,112.68000030517578,112.7699966430664,65.16831970214844,751900,0.0,0.0,0.0
2010-09-30,112.76000213623047,113.1500015258789,112.19999694824219,113.08999633789062,65.35321044921875,1089800,0.0,0.0,0.0
2010-10-01,112.36000061035156,112.54000091552734,108.9800033569336,112.11000061035156,65.03651428222656,3916600,0.434,0.0,0.0
2010-10-04,112.12000274658203,112.36000061035156,112.12000274658203,112.29000091552734,65.14089965820312,847300,0.0,0.0,0.0
2010-10-05,112.58999633789062,112.72000122070312,112.37999725341797,112.5199966430664,65.2742919921875,1236000,0.0,0.0,0.0
2010-10-06,113.12999725341797,113.9800033569336,113.06999969482422,113.25,65.69781494140625,1457100,0.0,0.0,0.0
2010-10-07,113.43000030517578,113.48999786376953,113.16999816894531,113.22000122070312,65.6803970336914,713800,0.0,0.0,0.0
2010-10-08,113.5,113.58999633789062,113.06999969482422,113.11000061035156,65.6166000366211,1160400,0.0,0.0,0.0
2010-10-11,113.08999633789062,113.4000015258789,113.06999969482422,113.20999908447266,65.67459106445312,460300,0.0,0.0,0.0
2010-10-12,113.27999877929688,113.48999786376953,112.95999908447266,113.04000091552734,65.57595825195312,748800,0.0,0.0,0.0
2010-10-13,112.93000030517578,113.18000030517578,112.69999694824219,112.9800033569336,65.54114532470703,996600,0.0,0.0,0.0
2010-10-14,112.83999633789062,112.94999694824219,112.05000305175781,112.06999969482422,65.01329803466797,1236100,0.0,0.0,0.0
2010-10-15,111.68000030517578,111.97000122070312,111.36000061035156,111.36000061035156,64.60143280029297,1287700,0.0,0.0,0.0
2010-10-18,111.79000091552734,112.1500015258789,111.76000213623047,112.12999725341797,65.04801940917969,662600,0.0,0.0,0.0
2010-10-19,111.79000091552734,112.37999725341797,111.73999786376953,112.13999938964844,65.05386352539062,685300,0.0,0.0,0.0
2010-10-20,112.19000244140625,112.62000274658203,111.91000366210938,112.33999633789062,65.16989135742188,632700,0.0,0.0,0.0
2010-10-21,112.29000091552734,112.56999969482422,112.04000091552734,112.04000091552734,64.995849609375,841200,0.0,0.0,0.0
2010-10-22,112.08999633789062,112.33999633789062,112.0,112.18000030517578,65.07707977294922,640000,0.0,0.0,0.0
2010-10-25,112.81999969482422,112.91000366210938,112.55000305175781,112.58000183105469,65.30912780761719,716400,0.0,0.0,0.0
2010-10-26,112.16000366210938,112.44000244140625,111.9800033569336,111.9800033569336,64.96104431152344,598800,0.0,0.0,0.0
2010-10-27,111.66999816894531,111.91999816894531,111.66000366210938,111.69000244140625,64.79287719726562,1751000,0.0,0.0,0.0
2010-10-28,111.98999786376953,112.33999633789062,111.91000366210938,112.13999938964844,65.05386352539062,1264500,0.0,0.0,0.0
2010-10-29,112.16000366210938,112.5,112.12000274658203,112.36000061035156,65.18154907226562,583800,0.0,0.0,0.0
2010-11-01,112.08000183105469,112.56999969482422,111.7699966430664,111.88999938964844,65.15937805175781,865500,0.432,0.0,0.0
2010-11-02,112.08000183105469,112.45999908447266,112.08000183105469,112.41000366210938,65.46224975585938,555600,0.0,0.0,0.0
2010-11-03,112.61000061035156,112.9000015258789,111.80000305175781,112.04000091552734,65.24674224853516,932000,0.0,0.0,0.0
2010-11-04,112.58000183105469,113.19000244140625,112.58000183105469,113.0999984741211,65.86402130126953,990300,0.0,0.0,0.0
2010-11-05,112.87000274658203,113.02999877929688,112.61000061035156,112.73999786376953,65.65437316894531,455800,0.0,0.0,0.0
2010-11-08,112.8499984741211,112.9800033569336,112.56999969482422,112.80000305175781,65.68937683105469,432500,0.0,0.0,0.0
2010-11-09,112.91000366210938,112.91999816894531,111.91000366210938,111.95999908447266,65.20005798339844,1438900,0.0,0.0,0.0
2010-11-10,111.62999725341797,111.93000030517578,110.80999755859375,111.72000122070312,65.0604019165039,1169900,0.0,0.0,0.0
2010-11-11,111.69999694824219,111.75,111.22000122070312,111.2300033569336,64.77503204345703,778500,0.0,0.0,0.0
2010-11-12,111.0999984741211,111.25,110.41999816894531,110.44999694824219,64.32079315185547,1351700,0.0,0.0,0.0
2010-11-15,110.05999755859375,110.27999877929688,109.23999786376953,109.23999786376953,63.61613464355469,1294100,0.0,0.0,0.0
2010-11-16,109.5,109.9000015258789,109.0199966430664,109.81999969482422,63.95391082763672,2219600,0.0,0.0,0.0
2010-11-17,109.91000366210938,110.37000274658203,109.7699966430664,109.81999969482422,63.95391082763672,1237000,0.0,0.0,0.0
2010-11-18,109.93000030517578,110.08000183105469,109.4800033569336,109.9000015258789,64.00049591064453,1001200,0.0,0.0,0.0
2010-11-19,110.06999969482422,110.36000061035156,109.9000015258789,110.27999877929688,64.22175598144531,676400,0.0,0.0,0.0
2010-11-22,110.5,110.91000366210938,110.5,110.88999938964844,64.57705688476562,759800,0.0,0.0,0.0
2010-11-23,111.16000366210938,111.19000244140625,110.75,110.94999694824219,64.61199951171875,749200,0.0,0.0,0.0
2010-11-24,110.44000244140625,110.45999908447266,109.86000061035156,110.04000091552734,64.0820083618164,644500,0.0,0.0,0.0
2010-11-26,110.18000030517578,110.33999633789062,109.95999908447266,110.18000030517578,64.16352081298828,233400,0.0,0.0,0.0
2010-11-29,110.31999969482422,110.5,110.19000244140625,110.29000091552734,64.22762298583984,494600,0.0,0.0,0.0
2010-11-30,110.5999984741211,110.73999786376953,110.08000183105469,110.12000274658203,64.12863159179688,1324500,0.0,0.0,0.0
2010-12-01,109.4000015258789,109.55999755859375,109.06999969482422,109.44999694824219,63.98595428466797,1473400,0.426,0.0,0.0
2010-12-02,109.11000061035156,109.48999786376953,108.91999816894531,109.20999908447266,63.84569549560547,1011600,0.0,0.0,0.0
2010-12-03,109.43000030517578,109.66999816894531,108.86000061035156,108.9000015258789,63.66439437866211,1391800,0.0,0.0,0.0
2010-12-06,109.41000366210938,109.66000366210938,109.30999755859375,109.66000366210938,64.1087646484375,670700,0.0,0.0,0.0
2010-12-07,109.1500015258789,109.3499984741211,108.27999877929688,108.63999938964844,63.51248550415039,1302200,0.0,0.0,0.0
2010-12-08,108.25,108.2699966430664,107.2300033569336,107.94000244140625,63.10318374633789,3831100,0.0,0.0,0.0
2010-12-09,108.05999755859375,108.4000015258789,107.77999877929688,108.19999694824219,63.255218505859375,1967300,0.0,0.0,0.0
2010-12-10,107.94999694824219,108.23999786376953,107.56999969482422,107.69999694824219,62.96287536621094,1335200,0.0,0.0,0.0
2010-12-13,107.61000061035156,108.37999725341797,107.56999969482422,108.0999984741211,63.19672393798828,1670200,0.0,0.0,0.0
2010-12-14,107.6500015258789,107.93000030517578,107.01000213623047,107.44000244140625,62.81087875366211,1976500,0.0,0.0,0.0
2010-12-15,107.62000274658203,107.81999969482422,106.68000030517578,106.7699966430664,62.41924285888672,2601900,0.0,0.0,0.0
2010-12-16,106.69000244140625,107.33999633789062,106.33999633789062,107.29000091552734,62.723236083984375,1892500,0.0,0.0,0.0
2010-12-17,107.37000274658203,108.31999969482422,107.36000061035156,108.2699966430664,63.29615020751953,1678700,0.0,0.0,0.0
2010-12-20,108.41999816894531,108.63999938964844,108.05999755859375,108.19999694824219,63.255218505859375,1438200,0.0,0.0,0.0
2010-12-21,108.33999633789062,108.47000122070312,107.93000030517578,108.43000030517578,63.38967514038086,985200,0.0,0.0,0.0
2010-12-22,108.48999786376953,108.55999755859375,108.19999694824219,108.33999633789062,63.337066650390625,749800,0.0,0.0,0.0
2010-12-23,108.22000122070312,108.38999938964844,108.08999633789062,108.38999938964844,63.366241455078125,861300,0.0,0.0,0.0
2010-12-27,108.12999725341797,108.69000244140625,107.97000122070312,108.5999984741211,63.48906326293945,781400,0.0,0.0,0.0
2010-12-28,108.0999984741211,108.19000244140625,107.22000122070312,107.30999755859375,62.983131408691406,584800,0.428,0.0,0.0
2010-12-29,107.23999786376953,108.4000015258789,107.16999816894531,108.12000274658203,63.45853042602539,1031600,0.0,0.0,0.0
2010-12-30,107.97000122070312,108.20999908447266,107.69000244140625,108.16999816894531,63.48786926269531,562900,0.0,0.0,0.0
2010-12-31,108.25,108.75,108.25,108.44000244140625,63.64632797241211,914800,0.0,0.0,0.0
2011-01-03,108.22000122070312,108.88999938964844,108.05999755859375,108.86000061035156,63.89286804199219,2447900,0.0,0.0,0.0
2011-01-04,108.9800033569336,109.19000244140625,108.75,109.0,63.975032806396484,962500,0.0,0.0,0.0
2011-01-05,108.51000213623047,108.58000183105469,108.0,108.19999694824219,63.50547790527344,1209200,0.0,0.0,0.0
2011-01-06,108.31999969482422,108.63999938964844,108.19999694824219,108.36000061035156,63.599388122558594,1089700,0.0,0.0,0.0
2011-01-07,108.26000213623047,109.05999755859375,108.19999694824219,108.91000366210938,63.92222213745117,1118600,0.0,0.0,0.0
2011-01-10,108.77999877929688,109.19999694824219,108.77999877929688,109.0999984741211,64.03372955322266,909200,0.0,0.0,0.0
2011-01-11,108.9000015258789,109.16999816894531,108.58000183105469,109.05000305175781,64.00435638427734,845000,0.0,0.0,0.0
2011-01-12,108.80999755859375,109.0199966430664,108.66999816894531,108.9800033569336,63.963287353515625,1291600,0.0,0.0,0.0
2011-01-13,108.8499984741211,109.45999908447266,108.7699966430664,109.44999694824219,64.23912811279297,971000,0.0,0.0,0.0
2011-01-14,109.38999938964844,109.43000030517578,108.88999938964844,108.93000030517578,63.93392562866211,1629900,0.0,0.0,0.0
2011-01-18,108.80000305175781,109.08000183105469,108.4000015258789,108.87000274658203,63.898746490478516,1422700,0.0,0.0,0.0
2011-01-19,108.83000183105469,108.97000122070312,108.68000030517578,108.79000091552734,63.85177230834961,1685300,0.0,0.0,0.0
2011-01-20,108.58000183105469,108.75,107.69999694824219,108.31999969482422,63.575904846191406,1699200,0.0,0.0,0.0
2011-01-21,108.18000030517578,108.55000305175781,108.13999938964844,108.4800033569336,63.66982650756836,1056600,0.0,0.0,0.0
2011-01-24,108.55000305175781,108.81999969482422,108.45999908447266,108.52999877929688,63.69916915893555,727200,0.0,0.0,0.0
2011-01-25,108.81999969482422,109.18000030517578,108.41999816894531,109.06999969482422,64.01612091064453,1302200,0.0,0.0,0.0
2011-01-26,108.83000183105469,108.98999786376953,108.45999908447266,108.45999908447266,63.65809631347656,1647100,0.0,0.0,0.0
2011-01-27,108.5,108.79000091552734,108.33999633789062,108.63999938964844,63.76375961303711,1094300,0.0,0.0,0.0
2011-01-28,108.37000274658203,109.0199966430664,108.33999633789062,108.77999877929688,63.84591293334961,1388100,0.0,0.0,0.0
2011-01-31,108.72000122070312,109.0,108.44000244140625,108.4800033569336,63.66982650756836,1849900,0.0,0.0,0.0
2011-02-01,107.95999908447266,108.11000061035156,107.72000122070312,107.91000366210938,63.58553695678711,989200,0.427,0.0,0.0
2011-02-02,108.12000274658203,108.1500015258789,107.55999755859375,107.69999694824219,63.46180725097656,1975700,0.0,0.0,0.0
2011-02-03,107.51000213623047,107.7699966430664,107.41999816894531,107.44000244140625,63.308616638183594,1645800,0.0,0.0,0.0
2011-02-04,107.30000305175781,107.44000244140625,106.87999725341797,107.11000061035156,63.11418151855469,1367700,0.0,0.0,0.0
2011-02-07,106.93000030517578,107.3499984741211,106.87999725341797,107.2300033569336,63.184837341308594,1709500,0.0,0.0,0.0
2011-02-08,107.26000213623047,107.47000122070312,106.79000091552734,106.83999633789062,62.95504379272461,1263200,0.0,0.0,0.0
2011-02-09,106.94999694824219,107.66000366210938,106.81999969482422,107.52999877929688,63.361602783203125,2124900,0.0,0.0,0.0
2011-02-10,107.19999694824219,107.38999938964844,106.94000244140625,107.0,63.049346923828125,690600,0.0,0.0,0.0
2011-02-11,107.3499984741211,107.66000366210938,107.2300033569336,107.58999633789062,63.396968841552734,817300,0.0,0.0,0.0
2011-02-14,107.33000183105469,107.86000061035156,107.33000183105469,107.66000366210938,63.438262939453125,785400,0.0,0.0,0.0
2011-02-15,107.69000244140625,107.9000015258789,107.52999877929688,107.9000015258789,63.57963180541992,621800,0.0,0.0,0.0
2011-02-16,107.88999938964844,108.16999816894531,107.6500015258789,107.7699966430664,63.50303268432617,1892600,0.0,0.0,0.0
2011-02-17,108.12000274658203,108.19999694824219,107.9000015258789,107.97000122070312,63.62093734741211,585600,0.0,0.0,0.0
2011-02-18,107.70999908447266,108.12999725341797,107.66000366210938,108.12999725341797,63.71525573730469,505900,0.0,0.0,0.0
2011-02-22,107.98999786376953,108.68000030517578,107.98999786376953,108.43000030517578,63.89192581176758,1225300,0.0,0.0,0.0
2011-02-23,108.6500015258789,108.75,108.25,108.30000305175781,63.81536865234375,1293600,0.0,0.0,0.0
2011-02-24,108.58999633789062,108.75,108.36000061035156,108.41999816894531,63.88605499267578,718900,0.0,0.0,0.0
2011-02-25,108.70999908447266,108.95999908447266,108.54000091552734,108.93000030517578,64.18656158447266,722900,0.0,0.0,0.0
2011-02-28,108.94000244140625,109.22000122070312,108.94000244140625,109.22000122070312,64.35750579833984,718600,0.0,0.0,0.0
2011-03-01,108.43000030517578,108.80000305175781,108.37999725341797,108.79000091552734,64.35862731933594,1332300,0.432,0.0,0.0
2011-03-02,108.68000030517578,108.81999969482422,108.20999908447266,108.20999908447266,64.01557159423828,837100,0.0,0.0,0.0
2011-03-03,108.08000183105469,108.1500015258789,107.69000244140625,107.75,63.743431091308594,1024200,0.0,0.0,0.0
2011-03-04,107.8499984741211,108.2699966430664,107.81999969482422,108.16000366210938,63.985992431640625,1385200,0.0,0.0,0.0
2011-03-07,107.73999786376953,108.27999877929688,107.73999786376953,107.88999938964844,63.82622146606445,451800,0.0,0.0,0.0
2011-03-08,107.91999816894531,108.01000213623047,107.66000366210938,107.75,63.743431091308594,745900,0.0,0.0,0.0
2011-03-09,107.9000015258789,108.38999938964844,107.80000305175781,108.30999755859375,64.07469940185547,1745300,0.0,0.0,0.0
2011-03-10,108.5,108.83999633789062,108.12999725341797,108.75,64.33500671386719,965400,0.0,0.0,0.0
2011-03-11,108.70999908447266,109.0,108.52999877929688,108.6500015258789,64.27581024169922,1541500,0.0,0.0,0.0
2011-03-14,108.94000244140625,109.0999984741211,108.69999694824219,108.7699966430664,64.34681701660156,1095700,0.0,0.0,0.0
2011-03-15,109.02999877929688,109.06999969482422,108.62000274658203,108.76000213623047,64.34089660644531,1659400,0.0,0.0,0.0
2011-03-16,109.26000213623047,109.98999786376953,109.05999755859375,109.41000366210938,64.7254409790039,2000100,0.0,0.0,0.0
2011-03-17,109.06999969482422,109.45999908447266,108.97000122070312,109.33999633789062,64.68401336669922,1117800,0.0,0.0,0.0
2011-03-18,108.94000244140625,109.48999786376953,108.93000030517578,109.41000366210938,64.7254409790039,693500,0.0,0.0,0.0
2011-03-21,109.0999984741211,109.36000061035156,108.94000244140625,109.05999755859375,64.51841735839844,870400,0.0,0.0,0.0
2011-03-22,108.83000183105469,109.29000091552734,108.83000183105469,109.26000213623047,64.6366958618164,463300,0.0,0.0,0.0
2011-03-23,109.4000015258789,109.4800033569336,109.0,109.19000244140625,64.59528350830078,537800,0.0,0.0,0.0
2011-03-24,109.08999633789062,109.13999938964844,108.77999877929688,108.83000183105469,64.38232421875,516800,0.0,0.0,0.0
2011-03-25,108.87000274658203,109.08000183105469,108.55000305175781,108.66999816894531,64.28768920898438,420200,0.0,0.0,0.0
2011-03-28,108.5,108.86000061035156,108.36000061035156,108.70999908447266,64.31130981445312,573000,0.0,0.0,0.0
2011-03-29,108.4000015258789,108.73999786376953,108.12000274658203,108.18000030517578,63.9977912902832,625000,0.0,0.0,0.0
2011-03-30,108.19999694824219,108.55000305175781,108.19000244140625,108.55000305175781,64.21666717529297,754700,0.0,0.0,0.0
2011-03-31,108.61000061035156,108.61000061035156,108.11000061035156,108.19999694824219,64.00963592529297,832900,0.0,0.0,0.0
2011-04-01,107.76000213623047,108.38999938964844,107.5199966430664,108.27999877929688,64.31194305419922,2873600,0.429,0.0,0.0
2011-04-04,108.30000305175781,108.63999938964844,108.30000305175781,108.52999877929688,64.46041107177734,767300,0.0,0.0,0.0
2011-04-05,108.61000061035156,108.61000061035156,108.25,108.58999633789062,64.4960708618164,1901800,0.0,0.0,0.0
2011-04-06,108.55999755859375,108.56999969482422,108.18000030517578,108.23999786376953,64.28817749023438,1253300,0.0,0.0,0.0
2011-04-07,108.30000305175781,108.33999633789062,108.0,108.08000183105469,64.19317626953125,641400,0.0,0.0,0.0
2011-04-08,108.0,108.2300033569336,107.9000015258789,108.0199966430664,64.15753173828125,572200,0.0,0.0,0.0
2011-04-11,107.9000015258789,108.18000030517578,107.9000015258789,108.02999877929688,64.16342163085938,667500,0.0,0.0,0.0
2011-04-12,108.43000030517578,108.58000183105469,108.25,108.41000366210938,64.38911437988281,625100,0.0,0.0,0.0
2011-04-13,108.23999786376953,108.66999816894531,108.23999786376953,108.5999984741211,64.50196838378906,673700,0.0,0.0,0.0
2011-04-14,108.76000213623047,108.76000213623047,108.26000213623047,108.33000183105469,64.34162902832031,1076400,0.0,0.0,0.0
2011-04-15,108.7300033569336,109.0,108.7300033569336,108.9000015258789,64.68016815185547,662600,0.0,0.0,0.0
2011-04-18,108.80999755859375,109.16000366210938,108.55999755859375,109.05000305175781,64.76924133300781,822800,0.0,0.0,0.0
2011-04-19,109.19000244140625,109.44000244140625,109.08000183105469,109.27999877929688,64.90586853027344,467300,0.0,0.0,0.0
2011-04-20,109.41000366210938,109.43000030517578,109.20999908447266,109.33000183105469,64.93555450439453,515400,0.0,0.0,0.0
2011-04-21,109.37999725341797,109.69999694824219,109.26000213623047,109.43000030517578,64.99496459960938,624800,0.0,0.0,0.0
2011-04-25,109.41000366210938,109.61000061035156,109.33999633789062,109.54000091552734,65.060302734375,687000,0.0,0.0,0.0
2011-04-26,109.62000274658203,110.08000183105469,109.61000061035156,110.05000305175781,65.36324310302734,953600,0.0,0.0,0.0
2011-04-27,109.8499984741211,110.0,109.68000030517578,109.91000366210938,65.28002166748047,716100,0.0,0.0,0.0
2011-04-28,109.94999694824219,110.29000091552734,109.8499984741211,110.26000213623047,65.48795318603516,508700,0.0,0.0,0.0
2011-04-29,110.19000244140625,110.4800033569336,110.16000366210938,110.47000122070312,65.61265563964844,756000,0.0,0.0,0.0
2011-05-02,110.05000305175781,110.43000030517578,109.95999908447266,110.30000305175781,65.76592254638672,1771000,0.427,0.0,0.0
2011-05-03,110.33000183105469,110.4000015258789,110.08999633789062,110.25,65.73607635498047,661300,0.0,0.0,0.0
2011-05-04,110.45999908447266,110.58999633789062,110.30999755859375,110.41000366210938,65.83148193359375,720600,0.0,0.0,0.0
2011-05-05,110.51000213623047,110.87999725341797,110.51000213623047,110.79000091552734,66.05804443359375,771600,0.0,0.0,0.0
2011-05-06,110.55999755859375,111.02999877929688,110.41999816894531,110.79000091552734,66.05804443359375,857100,0.0,0.0,0.0
2011-05-09,110.80999755859375,111.0,110.7300033569336,110.9000015258789,66.12366485595703,485200,0.0,0.0,0.0
2011-05-10,110.80000305175781,110.83000183105469,110.4000015258789,110.44999694824219,65.85536193847656,974700,0.0,0.0,0.0
2011-05-11,110.44999694824219,110.7699966430664,110.30999755859375,110.62999725341797,65.9626693725586,538900,0.0,0.0,0.0
2011-05-12,110.56999969482422,110.69999694824219,110.18000030517578,110.37000274658203,65.80766296386719,595000,0.0,0.0,0.0
2011-05-13,110.63999938964844,110.93000030517578,110.55000305175781,110.69999694824219,66.00442504882812,1062900,0.0,0.0,0.0
2011-05-16,110.63999938964844,111.08000183105469,110.5999984741211,111.0199966430664,66.1952133178711,614900,0.0,0.0,0.0
2011-05-17,111.05000305175781,111.3499984741211,110.98999786376953,111.16999816894531,66.28462219238281,1227800,0.0,0.0,0.0
2011-05-18,111.23999786376953,111.36000061035156,110.87000274658203,110.88999938964844,66.11770629882812,477800,0.0,0.0,0.0
2011-05-19,110.58999633789062,111.0999984741211,110.5,111.08000183105469,66.23097229003906,430800,0.0,0.0,0.0
2011-05-20,110.95999908447266,111.08999633789062,110.80000305175781,111.0,66.1832504272461,585600,0.0,0.0,0.0
2011-05-23,111.29000091552734,111.3499984741211,110.9000015258789,110.93000030517578,66.14154052734375,1200000,0.0,0.0,0.0
2011-05-24,110.86000061035156,111.19000244140625,110.80999755859375,111.06999969482422,66.22502899169922,590500,0.0,0.0,0.0
2011-05-25,111.22000122070312,111.22000122070312,110.77999877929688,110.8499984741211,66.09386444091797,675300,0.0,0.0,0.0
2011-05-26,111.0999984741211,111.33999633789062,110.9800033569336,111.33000183105469,66.38009643554688,1042600,0.0,0.0,0.0
2011-05-27,111.12000274658203,111.44999694824219,111.11000061035156,111.44999694824219,66.4515380859375,510300,0.0,0.0,0.0
2011-05-31,111.43000030517578,111.58000183105469,111.30000305175781,111.44000244140625,66.44564819335938,1022400,0.0,0.0,0.0
2011-06-01,111.37999725341797,111.9000015258789,111.30999755859375,111.56999969482422,66.77777099609375,1467600,0.425,0.0,0.0
2011-06-02,111.25,111.25,110.54000091552734,110.55999755859375,66.17333221435547,1448900,0.0,0.0,0.0
2011-06-03,111.02999877929688,111.23999786376953,110.52999877929688,110.80000305175781,66.31694030761719,684700,0.0,0.0,0.0
2011-06-06,110.52999877929688,110.77999877929688,110.44999694824219,110.61000061035156,66.20319366455078,445500,0.0,0.0,0.0
2011-06-07,110.52999877929688,111.02999877929688,110.47000122070312,110.98999786376953,66.4306640625,405200,0.0,0.0,0.0
2011-06-08,111.02999877929688,111.23999786376953,110.91000366210938,111.05999755859375,66.4725112915039,450600,0.0,0.0,0.0
2011-06-09,111.1500015258789,111.25,110.55999755859375,110.76000213623047,66.2929916381836,1355700,0.0,0.0,0.0
2011-06-10,110.81999969482422,110.98999786376953,110.52999877929688,110.62999725341797,66.2152099609375,1379300,0.0,0.0,0.0
2011-06-13,110.58999633789062,110.87000274658203,110.4800033569336,110.75,66.28699493408203,908900,0.0,0.0,0.0
2011-06-14,110.41999816894531,110.55000305175781,110.30999755859375,110.41999816894531,66.08946990966797,690200,0.0,0.0,0.0
2011-06-15,110.3499984741211,111.05000305175781,110.30000305175781,111.02999877929688,66.45462036132812,1024100,0.0,0.0,0.0
2011-06-16,111.0,111.08999633789062,110.7300033569336,110.81999969482422,66.32891082763672,1002000,0.0,0.0,0.0
2011-06-17,110.77999877929688,111.05000305175781,110.76000213623047,110.86000061035156,66.35282135009766,556100,0.0,0.0,0.0
2011-06-20,110.98999786376953,111.0,110.62000274658203,110.87999725341797,66.36483764648438,619400,0.0,0.0,0.0
2011-06-21,110.8499984741211,111.05999755859375,110.6500015258789,110.8499984741211,66.34687805175781,692800,0.0,0.0,0.0
2011-06-22,111.08999633789062,111.0999984741211,110.69999694824219,111.0,66.43668365478516,703200,0.0,0.0,0.0
2011-06-23,111.05999755859375,111.43000030517578,111.0,111.29000091552734,66.61019134521484,796100,0.0,0.0,0.0
2011-06-24,111.30999755859375,111.55999755859375,111.19000244140625,111.3499984741211,66.64611053466797,716900,0.0,0.0,0.0
2011-06-27,111.38999938964844,111.41999816894531,110.91000366210938,110.98999786376953,66.4306640625,995100,0.0,0.0,0.0
2011-06-28,110.73999786376953,110.81999969482422,110.12999725341797,110.22000122070312,65.96978759765625,863400,0.0,0.0,0.0
2011-06-29,110.19000244140625,110.33999633789062,109.80000305175781,109.97000122070312,65.82019805908203,1041200,0.0,0.0,0.0
2011-06-30,110.16999816894531,110.20999908447266,109.56999969482422,110.12999725341797,65.91590881347656,1004100,0.0,0.0,0.0
2011-07-01,109.95999908447266,109.95999908447266,109.38999938964844,109.70999908447266,65.91952514648438,1495800,0.426,0.0,0.0
2011-07-05,109.72000122070312,110.37999725341797,109.72000122070312,110.0999984741211,66.15389251708984,1116100,0.0,0.0,0.0
2011-07-06,110.18000030517578,110.33999633789062,110.01000213623047,110.33000183105469,66.29206848144531,1343800,0.0,0.0,0.0
2011-07-07,110.06999969482422,110.43000030517578,110.0,110.36000061035156,66.31008911132812,1463800,0.0,0.0,0.0
2011-07-08,110.80000305175781,111.1500015258789,110.51000213623047,111.06999969482422,66.7366714477539,1044300,0.0,0.0,0.0
2011-07-11,111.36000061035156,111.5,111.0,111.44000244140625,66.9590072631836,1397100,0.0,0.0,0.0
2011-07-12,111.75,111.75,111.33999633789062,111.52999877929688,67.01306915283203,694400,0.0,0.0,0.0
2011-07-13,111.66000366210938,111.8499984741211,111.41000366210938,111.80999755859375,67.18134307861328,1014400,0.0,0.0,0.0
2011-07-14,111.5999984741211,111.6500015258789,111.06999969482422,111.12000274658203,66.76673889160156,761200,0.0,0.0,0.0
2011-07-15,111.06999969482422,111.37999725341797,110.97000122070312,111.37000274658203,66.91693115234375,531400,0.0,0.0,0.0
2011-07-18,111.30999755859375,111.33999633789062,110.81999969482422,110.94000244140625,66.65858459472656,1163600,0.0,0.0,0.0
2011-07-19,110.9800033569336,111.56999969482422,110.93000030517578,111.4800033569336,66.9830093383789,1230200,0.0,0.0,0.0
2011-07-20,111.41999816894531,111.58999633789062,111.12000274658203,111.22000122070312,66.82677459716797,1019800,0.0,0.0,0.0
2011-07-21,111.05000305175781,111.26000213623047,110.8499984741211,111.05000305175781,66.7247085571289,931400,0.0,0.0,0.0
2011-07-22,111.33000183105469,111.52999877929688,111.18000030517578,111.5,66.99502563476562,1121000,0.0,0.0,0.0
2011-07-25,111.0199966430664,111.44000244140625,110.81999969482422,110.97000122070312,66.67655181884766,1166900,0.0,0.0,0.0
2011-07-26,111.08999633789062,111.68000030517578,111.08999633789062,111.45999908447266,66.97099304199219,900200,0.0,0.0,0.0
2011-07-27,111.31999969482422,111.43000030517578,110.98999786376953,111.12999725341797,66.77272033691406,762400,0.0,0.0,0.0
2011-07-28,111.45999908447266,111.52999877929688,111.29000091552734,111.37000274658203,66.91693115234375,890200,0.0,0.0,0.0
2011-07-29,111.69999694824219,112.44000244140625,111.54000091552734,112.37000274658203,67.517822265625,1680200,0.0,0.0,0.0
2011-08-01,112.23999786376953,112.83000183105469,112.12999725341797,112.27999877929688,67.7174301147461,2151200,0.421,0.0,0.0
2011-08-02,112.58999633789062,113.23999786376953,112.3499984741211,113.22000122070312,68.28437042236328,1427300,0.0,0.0,0.0
2011-08-03,113.37000274658203,113.70999908447266,113.1500015258789,113.18000030517578,68.26019287109375,2093400,0.0,0.0,0.0
2011-08-04,113.41000366210938,114.16999816894531,113.29000091552734,114.0,68.7547378540039,2160900,0.0,0.0,0.0
2011-08-05,113.86000061035156,113.91999816894531,112.37999725341797,112.58999633789062,67.90438079833984,2470900,0.0,0.0,0.0
2011-08-08,112.47000122070312,112.47000122070312,111.51000213623047,111.5199966430664,67.25904846191406,2548400,0.0,0.0,0.0
2011-08-09,111.68000030517578,113.63999938964844,111.55000305175781,112.5199966430664,67.8621826171875,2109000,0.0,0.0,0.0
2011-08-10,113.18000030517578,113.73999786376953,112.79000091552734,113.52999877929688,68.47130584716797,1264900,0.0,0.0,0.0
2011-08-11,112.19999694824219,113.30000305175781,110.80999755859375,111.19999694824219,67.06603240966797,1858300,0.0,0.0,0.0
2011-08-12,111.7699966430664,112.62999725341797,111.5199966430664,112.47000122070312,67.8320083618164,1962400,0.0,0.0,0.0
2011-08-15,112.52999877929688,112.80999755859375,112.30000305175781,112.68000030517578,67.95870971679688,1884300,0.0,0.0,0.0
2011-08-16,112.5199966430664,113.30999755859375,112.41000366210938,113.08999633789062,68.2059555053711,1692300,0.0,0.0,0.0
2011-08-17,113.37999725341797,113.7300033569336,112.9800033569336,113.4000015258789,68.39290618896484,1050200,0.0,0.0,0.0
2011-08-18,113.93000030517578,114.0,113.20999908447266,113.55000305175781,68.48336029052734,1358100,0.0,0.0,0.0
2011-08-19,113.44999694824219,113.61000061035156,113.18000030517578,113.41000366210938,68.39896392822266,1749300,0.0,0.0,0.0
2011-08-22,113.55000305175781,113.6500015258789,112.91000366210938,112.98999786376953,68.1456298828125,1464200,0.0,0.0,0.0
2011-08-23,112.45999908447266,112.5,111.44999694824219,111.69999694824219,67.36762237548828,2340100,0.0,0.0,0.0
2011-08-24,111.4800033569336,111.62000274658203,110.19999694824219,110.37999725341797,66.57147979736328,1513600,0.0,0.0,0.0
2011-08-25,110.91000366210938,111.18000030517578,110.66999816894531,110.98999786376953,66.93944549560547,1480200,0.0,0.0,0.0
2011-08-26,111.13999938964844,111.62000274658203,110.88999938964844,111.04000091552734,66.96958923339844,1134400,0.0,0.0,0.0
2011-08-29,110.94999694824219,111.47000122070312,110.8499984741211,111.4000015258789,67.18669891357422,1186200,0.0,0.0,0.0
2011-08-30,111.7699966430664,112.16000366210938,111.66000366210938,111.98999786376953,67.54252624511719,1420000,0.0,0.0,0.0
2011-08-31,112.44999694824219,112.73999786376953,112.19999694824219,112.33000183105469,67.74756622314453,1332700,0.0,0.0,0.0
2011-09-01,112.37999725341797,112.55999755859375,111.52999877929688,112.0,67.79777526855469,2821200,0.413,0.0,0.0
2011-09-02,112.80000305175781,113.0,112.25,112.69000244140625,68.21553802490234,1386300,0.0,0.0,0.0
2011-09-06,112.83999633789062,113.95999908447266,112.51000213623047,113.3499984741211,68.61499786376953,4665100,0.0,0.0,0.0
2011-09-07,113.56999969482422,113.81999969482422,113.26000213623047,113.56999969482422,68.74819946289062,826700,0.0,0.0,0.0
2011-09-08,113.73999786376953,113.73999786376953,113.1500015258789,113.47000122070312,68.68769073486328,1397100,0.0,0.0,0.0
2011-09-09,113.4000015258789,113.9000015258789,113.08000183105469,113.58999633789062,68.76032257080078,1029500,0.0,0.0,0.0
2011-09-12,113.05000305175781,113.5199966430664,112.81999969482422,112.9000015258789,68.3426513671875,1749500,0.0,0.0,0.0
2011-09-13,112.69000244140625,112.9800033569336,112.5,112.87999725341797,68.33049011230469,1536800,0.0,0.0,0.0
2011-09-14,112.68000030517578,113.11000061035156,112.68000030517578,112.83000183105469,68.30025482177734,954900,0.0,0.0,0.0
2011-09-15,112.41999816894531,112.62999725341797,112.25,112.44000244140625,68.06414794921875,1326900,0.0,0.0,0.0
2011-09-16,112.30000305175781,112.81999969482422,112.30000305175781,112.44000244140625,68.06414794921875,1528700,0.0,0.0,0.0
2011-09-19,113.0,113.19999694824219,112.91999816894531,113.05999755859375,68.43946075439453,903300,0.0,0.0,0.0
2011-09-20,113.0999984741211,113.31999969482422,113.0,113.11000061035156,68.46977233886719,889200,0.0,0.0,0.0
2011-09-21,113.11000061035156,113.55000305175781,112.75,113.37000274658203,68.62714385986328,1006500,0.0,0.0,0.0
2011-09-22,113.68000030517578,113.80999755859375,112.9000015258789,113.58999633789062,68.76032257080078,1304000,0.0,0.0,0.0
2011-09-23,113.44999694824219,113.5199966430664,112.88999938964844,112.88999938964844,68.33655548095703,686500,0.0,0.0,0.0
2011-09-26,112.69999694824219,113.0199966430664,112.44999694824219,112.68000030517578,68.20945739746094,811500,0.0,0.0,0.0
2011-09-27,112.1500015258789,112.55000305175781,112.04000091552734,112.31999969482422,67.99150848388672,1298700,0.0,0.0,0.0
2011-09-28,112.18000030517578,112.18000030517578,111.66000366210938,111.87000274658203,67.71912384033203,1238500,0.0,0.0,0.0
2011-09-29,112.0999984741211,112.2699966430664,111.75,111.75,67.64653015136719,864500,0.0,0.0,0.0
2011-09-30,112.33000183105469,112.43000030517578,111.9000015258789,112.30999755859375,67.98546600341797,1483800,0.0,0.0,0.0
2011-10-03,112.0199966430664,112.19000244140625,111.69000244140625,112.0999984741211,68.11185455322266,3575400,0.418,0.0,0.0
2011-10-04,112.13999938964844,112.1500015258789,110.75,111.12000274658203,67.51634979248047,1753300,0.0,0.0,0.0
2011-10-05,111.26000213623047,111.5999984741211,110.69000244140625,111.58000183105469,67.79592895507812,4530500,0.0,0.0,0.0
2011-10-06,111.63999938964844,111.81999969482422,111.08000183105469,111.12999725341797,67.52252960205078,1410900,0.0,0.0,0.0
2011-10-07,111.1500015258789,111.48999786376953,110.94999694824219,111.02999877929688,67.46173095703125,2117800,0.0,0.0,0.0
2011-10-10,111.02999877929688,111.36000061035156,110.6500015258789,111.23999786376953,67.58934783935547,953700,0.0,0.0,0.0
2011-10-11,111.54000091552734,111.75,111.13999938964844,111.54000091552734,67.77162170410156,2097300,0.0,0.0,0.0
2011-10-12,111.54000091552734,111.87999725341797,111.20999908447266,111.70999908447266,67.87488555908203,1613100,0.0,0.0,0.0
2011-10-13,111.9800033569336,112.01000213623047,111.66000366210938,111.80999755859375,67.9356689453125,1494400,0.0,0.0,0.0
2011-10-14,111.13999938964844,111.91999816894531,111.08000183105469,111.73999786376953,67.89312744140625,1051900,0.0,0.0,0.0
2011-10-17,111.94999694824219,111.94999694824219,111.62999725341797,111.66000366210938,67.8445053100586,979000,0.0,0.0,0.0
2011-10-18,111.8499984741211,112.27999877929688,111.80000305175781,112.05000305175781,68.08151245117188,835100,0.0,0.0,0.0
2011-10-19,112.27999877929688,112.5,112.0,112.33999633789062,68.2576904296875,1839700,0.0,0.0,0.0
2011-10-20,112.30000305175781,112.6500015258789,112.06999969482422,112.58999633789062,68.4095687866211,937600,0.0,0.0,0.0
2011-10-21,112.6500015258789,113.0199966430664,112.63999938964844,112.95999908447266,68.63435363769531,850600,0.0,0.0,0.0
2011-10-24,113.22000122070312,113.54000091552734,113.19999694824219,113.54000091552734,68.98680877685547,1341200,0.0,0.0,0.0
2011-10-25,113.4800033569336,114.19999694824219,113.43000030517578,114.0999984741211,69.32705688476562,1546300,0.0,0.0,0.0
2011-10-26,114.22000122070312,114.30999755859375,113.7699966430664,114.0199966430664,69.2784194946289,1035800,0.0,0.0,0.0
2011-10-27,113.97000122070312,114.63999938964844,113.9000015258789,114.0,69.2662353515625,2364200,0.0,0.0,0.0
2011-10-28,114.25,114.72000122070312,114.04000091552734,114.44000244140625,69.53361511230469,2102500,0.0,0.0,0.0
2011-10-31,114.63999938964844,114.94999694824219,114.3499984741211,114.69999694824219,69.691650390625,1548300,0.0,0.0,0.0
2011-11-01,114.69999694824219,114.98999786376953,114.36000061035156,114.87000274658203,70.0404052734375,1530900,0.402,0.0,0.0
2011-11-02,114.73999786376953,115.31999969482422,114.5999984741211,115.29000091552734,70.29647064208984,1871200,0.0,0.0,0.0
2011-11-03,115.16999816894531,115.52999877929688,114.86000061035156,115.3499984741211,70.33304595947266,1868200,0.0,0.0,0.0
2011-11-04,115.30000305175781,115.68000030517578,115.0199966430664,115.58000183105469,70.47329711914062,1489300,0.0,0.0,0.0
2011-11-07,115.4000015258789,115.68000030517578,115.06999969482422,115.12000274658203,70.19285583496094,757000,0.0,0.0,0.0
2011-11-08,115.11000061035156,115.23999786376953,114.37000274658203,114.41000366210938,69.75989532470703,4358700,0.0,0.0,0.0
2011-11-09,114.62000274658203,114.87999725341797,114.05999755859375,114.11000061035156,69.57701873779297,1252300,0.0,0.0,0.0
2011-11-10,113.77999877929688,113.87000274658203,113.05999755859375,113.54000091552734,69.22943878173828,1487800,0.0,0.0,0.0
2011-11-11,113.56999969482422,113.58000183105469,112.9800033569336,113.33999633789062,69.10748291015625,1114200,0.0,0.0,0.0
2011-11-14,113.41000366210938,113.61000061035156,113.19999694824219,113.33000183105469,69.10139465332031,821400,0.0,0.0,0.0
2011-11-15,113.26000213623047,113.55000305175781,113.01000213623047,113.22000122070312,69.03433990478516,1425200,0.0,0.0,0.0
2011-11-16,113.37000274658203,113.37000274658203,112.75,112.86000061035156,68.81480407714844,2641800,0.0,0.0,0.0
2011-11-17,112.7300033569336,112.93000030517578,111.9000015258789,111.97000122070312,68.27215576171875,4230700,0.0,0.0,0.0
2011-11-18,111.97000122070312,112.19999694824219,111.77999877929688,112.1500015258789,68.38188171386719,1280400,0.0,0.0,0.0
2011-11-21,112.12000274658203,112.12000274658203,111.58000183105469,111.69000244140625,68.1014404296875,1355300,0.0,0.0,0.0
2011-11-22,111.51000213623047,111.72000122070312,111.4000015258789,111.4000015258789,67.92460632324219,1391700,0.0,0.0,0.0
2011-11-23,111.19999694824219,111.19999694824219,110.6500015258789,110.83000183105469,67.57707214355469,1796600,0.0,0.0,0.0
2011-11-25,110.61000061035156,110.83000183105469,110.33000183105469,110.38999938964844,67.30876159667969,660100,0.0,0.0,0.0
2011-11-28,110.12999725341797,110.80999755859375,109.80999755859375,110.44000244140625,67.33927917480469,2416000,0.0,0.0,0.0
2011-11-29,110.38999938964844,110.43000030517578,109.93000030517578,110.19000244140625,67.18684387207031,1460500,0.0,0.0,0.0
2011-11-30,110.80000305175781,110.9000015258789,110.44000244140625,110.69000244140625,67.49170684814453,1759300,0.0,0.0,0.0
2011-12-01,110.30000305175781,110.63999938964844,110.11000061035156,110.55999755859375,67.64833068847656,1661300,0.386,0.0,0.0
2011-12-02,110.8499984741211,111.55000305175781,110.56999969482422,111.5,68.2235107421875,1882200,0.0,0.0,0.0
2011-12-05,111.5,112.33000183105469,111.44999694824219,112.33000183105469,68.73133850097656,1826300,0.0,0.0,0.0
2011-12-06,112.05999755859375,112.37000274658203,111.66999816894531,111.7300033569336,68.36422729492188,1166900,0.0,0.0,0.0
2011-12-07,112.16000366210938,112.47000122070312,111.98999786376953,112.43000030517578,68.79254150390625,1560000,0.0,0.0,0.0
2011-12-08,112.30000305175781,112.33999633789062,111.95999908447266,112.05000305175781,68.56001281738281,1110300,0.0,0.0,0.0
2011-12-09,112.37999725341797,112.44000244140625,111.5,111.62000274658203,68.29690551757812,1018000,0.0,0.0,0.0
2011-12-12,111.91000366210938,111.95999908447266,111.47000122070312,111.62999725341797,68.30306243896484,574500,0.0,0.0,0.0
2011-12-13,111.68000030517578,112.29000091552734,111.6500015258789,112.01000213623047,68.53555297851562,1206100,0.0,0.0,0.0
2011-12-14,112.1500015258789,112.29000091552734,111.9000015258789,112.19999694824219,68.65178680419922,1085400,0.0,0.0,0.0
2011-12-15,112.19999694824219,112.5,112.19000244140625,112.37999725341797,68.76193237304688,912600,0.0,0.0,0.0
2011-12-16,112.5,113.05000305175781,112.44999694824219,113.01000213623047,69.1474380493164,1464900,0.0,0.0,0.0
2011-12-19,113.12999725341797,113.48999786376953,112.87000274658203,113.41000366210938,69.39215850830078,1061800,0.0,0.0,0.0
2011-12-20,113.31999969482422,113.58000183105469,113.19999694824219,113.33000183105469,69.34323120117188,1127900,0.0,0.0,0.0
2011-12-21,113.37999725341797,113.44000244140625,112.8499984741211,112.8499984741211,69.04948425292969,1159500,0.0,0.0,0.0
2011-12-22,113.19000244140625,113.5,113.11000061035156,113.44000244140625,69.41053009033203,1762800,0.0,0.0,0.0
2011-12-23,113.3499984741211,113.3499984741211,112.94999694824219,113.08999633789062,69.19636535644531,830600,0.0,0.0,0.0
2011-12-27,112.81999969482422,113.13999938964844,112.43000030517578,113.12999725341797,69.45915985107422,872900,0.388,0.0,0.0
2011-12-28,113.27999877929688,113.5,113.05000305175781,113.33999633789062,69.58808135986328,501500,0.0,0.0,0.0
2011-12-29,113.48999786376953,113.5,113.0199966430664,113.27999877929688,69.55123138427734,971600,0.0,0.0,0.0
2011-12-30,113.44999694824219,113.8499984741211,113.33000183105469,113.76000213623047,69.84595489501953,807100,0.0,0.0,0.0
2012-01-03,113.80000305175781,114.0,113.5,113.66999816894531,69.79071044921875,2509400,0.0,0.0,0.0
2012-01-04,113.75,113.94999694824219,113.44000244140625,113.76000213623047,69.84595489501953,1641400,0.0,0.0,0.0
2012-01-05,113.69999694824219,113.76000213623047,113.19999694824219,113.2699966430664,69.54511260986328,1454800,0.0,0.0,0.0
2012-01-06,113.48999786376953,113.81999969482422,113.38999938964844,113.70999908447266,69.81523895263672,781000,0.0,0.0,0.0
2012-01-09,113.83000183105469,113.93000030517578,113.54000091552734,113.54000091552734,69.71089935302734,1184400,0.0,0.0,0.0
2012-01-10,113.69999694824219,113.91999816894531,113.61000061035156,113.86000061035156,69.9073486328125,1946400,0.0,0.0,0.0
2012-01-11,113.88999938964844,114.05000305175781,113.80999755859375,113.83999633789062,69.89505004882812,2382700,0.0,0.0,0.0
2012-01-12,114.18000030517578,114.37999725341797,114.01000213623047,114.0999984741211,70.0546875,1820800,0.0,0.0,0.0
2012-01-13,114.44000244140625,114.81999969482422,114.3499984741211,114.51000213623047,70.30640411376953,3220100,0.0,0.0,0.0
2012-01-17,114.77999877929688,114.88999938964844,114.61000061035156,114.86000061035156,70.52130126953125,1689000,0.0,0.0,0.0
2012-01-18,115.0,115.04000091552734,114.58999633789062,114.62999725341797,70.38005828857422,1643200,0.0,0.0,0.0
2012-01-19,114.7699966430664,114.93000030517578,114.41999816894531,114.5999984741211,70.36170196533203,1268300,0.0,0.0,0.0
2012-01-20,114.52999877929688,114.61000061035156,114.20999908447266,114.30999755859375,70.18362426757812,1140300,0.0,0.0,0.0
2012-01-23,114.23999786376953,114.4000015258789,114.13999938964844,114.13999938964844,70.0792465209961,1129000,0.0,0.0,0.0
2012-01-24,114.23999786376953,114.56999969482422,114.16000366210938,114.55000305175781,70.33100128173828,1321300,0.0,0.0,0.0
2012-01-25,114.61000061035156,115.52999877929688,114.38999938964844,114.94000244140625,70.57041931152344,1697600,0.0,0.0,0.0
2012-01-26,115.62999725341797,115.87000274658203,115.51000213623047,115.83999633789062,71.12303924560547,1342800,0.0,0.0,0.0
2012-01-27,115.91000366210938,116.20999908447266,115.75,116.01000213623047,71.22737121582031,1148400,0.0,0.0,0.0
2012-01-30,116.4000015258789,116.41000366210938,115.83999633789062,115.86000061035156,71.13529968261719,1325500,0.0,0.0,0.0
2012-01-31,116.13999938964844,116.37999725341797,115.94999694824219,116.19999694824219,71.34407806396484,1504000,0.0,0.0,0.0
2012-02-01,116.08000183105469,116.31999969482422,115.73999786376953,116.2699966430664,71.62806701660156,3195600,0.391,0.0,0.0
2012-02-02,116.27999877929688,116.56999969482422,116.19999694824219,116.51000213623047,71.7759017944336,2860600,0.0,0.0,0.0
2012-02-03,116.0999984741211,116.38999938964844,115.9000015258789,116.33999633789062,71.67115783691406,2148400,0.0,0.0,0.0
2012-02-06,116.23999786376953,116.83999633789062,116.23999786376953,116.63999938964844,71.85598754882812,1141700,0.0,0.0,0.0
2012-02-07,116.44000244140625,116.55999755859375,116.19999694824219,116.41999816894531,71.72040557861328,1061100,0.0,0.0,0.0
2012-02-08,116.47000122070312,116.6500015258789,116.31999969482422,116.54000091552734,71.79439544677734,1651200,0.0,0.0,0.0
2012-02-09,116.5,116.51000213623047,115.9800033569336,116.16999816894531,71.5664291381836,2439000,0.0,0.0,0.0
2012-02-10,116.18000030517578,116.25,115.83000183105469,116.05999755859375,71.49866485595703,1776500,0.0,0.0,0.0
2012-02-13,116.5,116.52999877929688,116.29000091552734,116.45999908447266,71.74507904052734,1061300,0.0,0.0,0.0
2012-02-14,116.5199966430664,116.73999786376953,116.4000015258789,116.55000305175781,71.80056762695312,1972900,0.0,0.0,0.0
2012-02-15,116.6500015258789,116.86000061035156,116.3499984741211,116.38999938964844,71.70197296142578,1025100,0.0,0.0,0.0
2012-02-16,116.43000030517578,116.43000030517578,116.0199966430664,116.19000244140625,71.57876586914062,1821400,0.0,0.0,0.0
2012-02-17,115.95999908447266,116.13999938964844,115.83000183105469,116.01000213623047,71.46784973144531,1858600,0.0,0.0,0.0
2012-02-21,116.16999816894531,116.30000305175781,115.81999969482422,115.81999969482422,71.35078430175781,1887500,0.0,0.0,0.0
2012-02-22,116.16999816894531,116.58000183105469,115.94000244140625,116.54000091552734,71.79439544677734,2834500,0.0,0.0,0.0
2012-02-23,116.44999694824219,116.72000122070312,116.22000122070312,116.69999694824219,71.8929443359375,1590800,0.0,0.0,0.0
2012-02-24,116.83000183105469,116.98999786376953,116.52999877929688,116.79000091552734,71.94837951660156,2175100,0.0,0.0,0.0
2012-02-27,117.18000030517578,117.30000305175781,116.97000122070312,117.22000122070312,72.21332550048828,1160200,0.0,0.0,0.0
2012-02-28,117.5,117.80000305175781,117.41000366210938,117.58999633789062,72.44125366210938,2136700,0.0,0.0,0.0
2012-02-29,117.5999984741211,117.87000274658203,117.4000015258789,117.69999694824219,72.5090103149414,1769800,0.0,0.0,0.0
2012-03-01,116.94000244140625,117.19000244140625,116.79000091552734,117.0199966430664,72.33772277832031,2300600,0.403,0.0,0.0
2012-03-02,117.02999877929688,117.37000274658203,117.01000213623047,117.05999755859375,72.36251831054688,1880600,0.0,0.0,0.0
2012-03-05,117.18000030517578,117.30999755859375,116.69000244140625,116.8499984741211,72.23267364501953,1646400,0.0,0.0,0.0
2012-03-06,116.81999969482422,116.91000366210938,116.5,116.66999816894531,72.12137603759766,1682900,0.0,0.0,0.0
2012-03-07,116.68000030517578,116.8499984741211,116.5199966430664,116.62000274658203,72.09053802490234,1410400,0.0,0.0,0.0
2012-03-08,116.72000122070312,116.83000183105469,116.52999877929688,116.63999938964844,72.10285949707031,1202400,0.0,0.0,0.0
2012-03-09,116.52999877929688,116.5999984741211,116.2699966430664,116.58000183105469,72.0657730102539,1659400,0.0,0.0,0.0
2012-03-12,116.75,116.77999877929688,116.33999633789062,116.3499984741211,71.92356872558594,2027900,0.0,0.0,0.0
2012-03-13,116.2699966430664,116.4000015258789,115.91999816894531,116.02999877929688,71.72581481933594,2230100,0.0,0.0,0.0
2012-03-14,115.73999786376953,115.73999786376953,114.5999984741211,114.6500015258789,70.87263488769531,3067800,0.0,0.0,0.0
2012-03-15,114.72000122070312,115.12000274658203,114.29000091552734,114.4000015258789,70.7181625366211,2035800,0.0,0.0,0.0
2012-03-16,114.19999694824219,114.58999633789062,114.0,114.56999969482422,70.82323455810547,3390500,0.0,0.0,0.0
2012-03-19,114.54000091552734,114.62999725341797,114.16000366210938,114.41000366210938,70.7243423461914,1961200,0.0,0.0,0.0
2012-03-20,114.18000030517578,114.5,114.05000305175781,114.33999633789062,70.68109130859375,1825900,0.0,0.0,0.0
2012-03-21,114.58000183105469,114.9000015258789,114.45999908447266,114.86000061035156,71.00253295898438,2112500,0.0,0.0,0.0
2012-03-22,114.81999969482422,114.83999633789062,114.5999984741211,114.66999816894531,70.88505554199219,3073000,0.0,0.0,0.0
2012-03-23,114.91999816894531,115.0999984741211,114.76000213623047,114.76000213623047,70.94071960449219,2235200,0.0,0.0,0.0
2012-03-26,115.0199966430664,115.27999877929688,114.81999969482422,115.01000213623047,71.0952377319336,1600200,0.0,0.0,0.0
2012-03-27,115.0199966430664,115.94999694824219,115.0199966430664,115.9000015258789,71.64541625976562,2904800,0.0,0.0,0.0
2012-03-28,115.7300033569336,116.0,115.5199966430664,115.68000030517578,71.50946044921875,1666400,0.0,0.0,0.0
2012-03-29,115.87000274658203,116.04000091552734,115.62000274658203,115.91000366210938,71.651611328125,1632100,0.0,0.0,0.0
2012-03-30,116.0999984741211,116.18000030517578,115.4800033569336,115.62999725341797,71.478515625,4285000,0.0,0.0,0.0
2012-04-02,115.43000030517578,115.5999984741211,115.16000366210938,115.52999877929688,71.66272735595703,6107600,0.397,0.0,0.0
2012-04-03,115.5,115.80000305175781,114.38999938964844,114.43000030517578,70.98046875,2724100,0.0,0.0,0.0
2012-04-04,114.80999755859375,114.98999786376953,114.63999938964844,114.6500015258789,71.11679077148438,1620100,0.0,0.0,0.0
2012-04-05,114.87999725341797,115.12999725341797,114.5999984741211,114.83999633789062,71.23473358154297,1646300,0.0,0.0,0.0
2012-04-09,115.6500015258789,115.73999786376953,115.38999938964844,115.58999633789062,71.699951171875,1026600,0.0,0.0,0.0
2012-04-10,115.80999755859375,115.80999755859375,115.47000122070312,115.5199966430664,71.65650177001953,2263600,0.0,0.0,0.0
2012-04-11,115.5199966430664,115.58000183105469,114.98999786376953,115.4000015258789,71.58209991455078,1311400,0.0,0.0,0.0
2012-04-12,115.5999984741211,115.69999694824219,115.38999938964844,115.44999694824219,71.61311340332031,1400700,0.0,0.0,0.0
2012-04-13,115.69999694824219,116.04000091552734,115.69999694824219,116.0,71.95426177978516,1012800,0.0,0.0,0.0
2012-04-16,115.97000122070312,116.29000091552734,115.9000015258789,116.0,71.95426177978516,2396800,0.0,0.0,0.0
2012-04-17,115.97000122070312,116.16999816894531,115.80999755859375,116.1500015258789,72.04733276367188,2229300,0.0,0.0,0.0
2012-04-18,116.2300033569336,116.27999877929688,116.05000305175781,116.12999725341797,72.034912109375,2663500,0.0,0.0,0.0
2012-04-19,116.38999938964844,116.4000015258789,116.12999725341797,116.20999908447266,72.08455657958984,1141800,0.0,0.0,0.0
2012-04-20,116.08000183105469,116.2699966430664,115.93000030517578,116.18000030517578,72.06596374511719,663400,0.0,0.0,0.0
2012-04-23,116.4000015258789,116.41000366210938,116.1500015258789,116.19999694824219,72.07832336425781,976400,0.0,0.0,0.0
2012-04-24,116.16000366210938,116.20999908447266,115.94000244140625,115.98999786376953,71.94803619384766,1988800,0.0,0.0,0.0
2012-04-25,115.8499984741211,116.2300033569336,115.75,116.19000244140625,72.07211303710938,1709800,0.0,0.0,0.0
2012-04-26,116.25,116.54000091552734,116.23999786376953,116.37999725341797,72.18999481201172,1116300,0.0,0.0,0.0
2012-04-27,116.47000122070312,116.5999984741211,116.2699966430664,116.55000305175781,72.29546356201172,1601000,0.0,0.0,0.0
2012-04-30,116.68000030517578,116.76000213623047,116.41999816894531,116.4800033569336,72.25205993652344,1733000,0.0,0.0,0.0
2012-05-01,116.38999938964844,116.51000213623047,115.83000183105469,115.87000274658203,72.1144790649414,2430700,0.389,0.0,0.0
2012-05-02,116.12999725341797,116.29000091552734,116.05999755859375,116.25,72.35098266601562,2046500,0.0,0.0,0.0
2012-05-03,116.25,116.44999694824219,116.11000061035156,116.31999969482422,72.39453887939453,1356300,0.0,0.0,0.0
2012-05-04,116.4800033569336,116.58000183105469,116.44000244140625,116.44999694824219,72.47547912597656,686400,0.0,0.0,0.0
2012-05-07,116.5,116.69999694824219,116.4000015258789,116.6500015258789,72.59993743896484,787200,0.0,0.0,0.0
2012-05-08,116.75,117.0,116.62000274658203,116.94000244140625,72.78040313720703,1570700,0.0,0.0,0.0
2012-05-09,116.6500015258789,116.98999786376953,116.56999969482422,116.73999786376953,72.65595245361328,2175700,0.0,0.0,0.0
2012-05-10,116.62000274658203,116.68000030517578,116.30000305175781,116.5,72.506591796875,1600000,0.0,0.0,0.0
2012-05-11,116.77999877929688,117.0,116.75,116.8499984741211,72.72438049316406,2977200,0.0,0.0,0.0
2012-05-14,117.05999755859375,117.18000030517578,116.76000213623047,116.87999725341797,72.7430648803711,1925800,0.0,0.0,0.0
2012-05-15,117.05999755859375,117.05999755859375,116.62000274658203,116.7300033569336,72.64970397949219,2455300,0.0,0.0,0.0
2012-05-16,116.30999755859375,116.91000366210938,116.22000122070312,116.79000091552734,72.68706512451172,2700500,0.0,0.0,0.0
2012-05-17,116.38999938964844,116.44999694824219,115.9000015258789,115.91999816894531,72.1456298828125,2367900,0.0,0.0,0.0
2012-05-18,115.75,115.7699966430664,115.38999938964844,115.47000122070312,71.8655014038086,1969000,0.0,0.0,0.0
2012-05-21,115.47000122070312,115.66000366210938,115.25,115.5999984741211,71.94642639160156,1387000,0.0,0.0,0.0
2012-05-22,115.37999725341797,115.5999984741211,115.22000122070312,115.29000091552734,71.75350189208984,1728300,0.0,0.0,0.0
2012-05-23,115.38999938964844,115.80000305175781,115.37000274658203,115.56999969482422,71.92778015136719,1870700,0.0,0.0,0.0
2012-05-24,115.58999633789062,115.63999938964844,115.43000030517578,115.58999633789062,71.940185546875,1212900,0.0,0.0,0.0
2012-05-25,115.68000030517578,115.91000366210938,115.5999984741211,115.87999725341797,72.1207046508789,594000,0.0,0.0,0.0
2012-05-29,115.9800033569336,116.29000091552734,115.94999694824219,116.05000305175781,72.22650146484375,2514200,0.0,0.0,0.0
2012-05-30,116.4800033569336,116.56999969482422,116.12999725341797,116.1500015258789,72.28874969482422,1919500,0.0,0.0,0.0
2012-05-31,116.48999786376953,117.0,116.25,116.97000122070312,72.799072265625,4629800,0.0,0.0,0.0
2012-06-01,116.58999633789062,117.30000305175781,116.33000183105469,117.29000091552734,73.24622344970703,3800200,0.396,0.0,0.0
2012-06-04,116.75,116.91000366210938,116.36000061035156,116.4000015258789,72.69042205810547,2643900,0.0,0.0,0.0
2012-06-05,116.2699966430664,116.48999786376953,116.06999969482422,116.1500015258789,72.53433227539062,2430900,0.0,0.0,0.0
2012-06-06,116.2699966430664,116.2699966430664,115.56999969482422,115.80999755859375,72.32197570800781,2499400,0.0,0.0,0.0
2012-06-07,115.88999938964844,116.0999984741211,115.7300033569336,116.05000305175781,72.47184753417969,2929700,0.0,0.0,0.0
2012-06-08,116.55999755859375,116.66999816894531,116.19999694824219,116.4800033569336,72.7403793334961,1713000,0.0,0.0,0.0
2012-06-11,116.45999908447266,116.7300033569336,116.27999877929688,116.45999908447266,72.72789764404297,1354200,0.0,0.0,0.0
2012-06-12,116.3499984741211,116.43000030517578,115.93000030517578,116.12000274658203,72.51555633544922,926300,0.0,0.0,0.0
2012-06-13,116.19000244140625,116.55000305175781,116.04000091552734,116.54000091552734,72.77784729003906,1333000,0.0,0.0,0.0
2012-06-14,116.4800033569336,116.55999755859375,116.16999816894531,116.4000015258789,72.69042205810547,1574900,0.0,0.0,0.0
2012-06-15,116.75,116.95999908447266,116.62000274658203,116.87999725341797,72.99020385742188,1347100,0.0,0.0,0.0
2012-06-18,116.95999908447266,117.0,116.69999694824219,116.83000183105469,72.95897674560547,996800,0.0,0.0,0.0
2012-06-19,116.97000122070312,117.30999755859375,116.66999816894531,116.72000122070312,72.89024353027344,2159200,0.0,0.0,0.0
2012-06-20,116.66000366210938,116.9800033569336,116.4800033569336,116.7699966430664,72.92144775390625,2579000,0.0,0.0,0.0
2012-06-21,116.9800033569336,117.2699966430664,116.91999816894531,116.94999694824219,73.03386688232422,2229400,0.0,0.0,0.0
2012-06-22,116.94000244140625,117.12000274658203,116.80000305175781,116.86000061035156,72.97767639160156,1245600,0.0,0.0,0.0
2012-06-25,117.12000274658203,117.33999633789062,116.95999908447266,117.16000366210938,73.16506958007812,1702300,0.0,0.0,0.0
2012-06-26,117.08999633789062,117.41999816894531,117.0199966430664,117.27999877929688,73.23995971679688,1642300,0.0,0.0,0.0
2012-06-27,117.48999786376953,117.61000061035156,117.31999969482422,117.44000244140625,73.33992004394531,2352100,0.0,0.0,0.0
2012-06-28,117.68000030517578,117.86000061035156,117.61000061035156,117.62000274658203,73.4522705078125,2286500,0.0,0.0,0.0
2012-06-29,117.5,117.80999755859375,117.4000015258789,117.58999633789062,73.43354034423828,2348600,0.0,0.0,0.0
2012-07-02,117.58000183105469,118.0,117.44999694824219,117.81999969482422,73.82328796386719,2310500,0.392,0.0,0.0
2012-07-03,117.86000061035156,117.98999786376953,117.73999786376953,117.91999816894531,73.88600158691406,808800,0.0,0.0,0.0
2012-07-05,117.9800033569336,118.33999633789062,117.93000030517578,118.22000122070312,74.07392120361328,1982300,0.0,0.0,0.0
2012-07-06,118.38999938964844,118.56999969482422,118.0199966430664,118.5199966430664,74.26190185546875,1533100,0.0,0.0,0.0
2012-07-09,118.41000366210938,118.76000213623047,118.37999725341797,118.5999984741211,74.31200408935547,1119500,0.0,0.0,0.0
2012-07-10,118.7699966430664,118.86000061035156,118.56999969482422,118.56999969482422,74.29325103759766,1385600,0.0,0.0,0.0
2012-07-11,118.80000305175781,119.11000061035156,118.75,118.7699966430664,74.41853332519531,1210000,0.0,0.0,0.0
2012-07-12,118.94999694824219,119.41000366210938,118.81999969482422,119.37000274658203,74.7945327758789,1716700,0.0,0.0,0.0
2012-07-13,119.31999969482422,119.5199966430664,119.05000305175781,119.41000366210938,74.81952667236328,1634700,0.0,0.0,0.0
2012-07-16,119.83000183105469,119.86000061035156,119.58999633789062,119.73999786376953,75.02630615234375,750100,0.0,0.0,0.0
2012-07-17,119.7699966430664,119.9000015258789,119.52999877929688,119.73999786376953,75.02630615234375,2479000,0.0,0.0,0.0
2012-07-18,120.12000274658203,120.48999786376953,120.06999969482422,120.4000015258789,75.4399185180664,2351900,0.0,0.0,0.0
2012-07-19,120.41000366210938,120.87000274658203,120.41000366210938,120.61000061035156,75.57140350341797,3499900,0.0,0.0,0.0
2012-07-20,120.80000305175781,120.91999816894531,120.66000366210938,120.69999694824219,75.62785339355469,1144600,0.0,0.0,0.0
2012-07-23,120.72000122070312,120.80000305175781,120.25,120.30999755859375,75.3834457397461,1328000,0.0,0.0,0.0
2012-07-24,120.22000122070312,120.62999725341797,120.16999816894531,120.5,75.50253295898438,1333100,0.0,0.0,0.0
2012-07-25,120.69000244140625,120.86000061035156,120.54000091552734,120.7300033569336,75.64663696289062,2551400,0.0,0.0,0.0
2012-07-26,120.7300033569336,120.97000122070312,120.7300033569336,120.91999816894531,75.76571655273438,1094600,0.0,0.0,0.0
2012-07-27,120.55999755859375,120.6500015258789,119.73999786376953,120.3499984741211,75.40853118896484,2952200,0.0,0.0,0.0
2012-07-30,120.22000122070312,120.77999877929688,120.22000122070312,120.66000366210938,75.60276794433594,2581500,0.0,0.0,0.0
2012-07-31,121.05000305175781,121.29000091552734,120.83999633789062,121.27999877929688,75.99124908447266,1563500,0.0,0.0,0.0
2012-08-01,120.66000366210938,120.97000122070312,120.4000015258789,120.76000213623047,75.90642547607422,2583100,0.385,0.0,0.0
2012-08-02,121.0,121.05999755859375,120.19999694824219,120.83999633789062,75.95667266845703,1500000,0.0,0.0,0.0
2012-08-03,120.54000091552734,120.68000030517578,120.19000244140625,120.55000305175781,75.77438354492188,2259800,0.0,0.0,0.0
2012-08-06,120.72000122070312,120.79000091552734,120.5999984741211,120.70999908447266,75.87496948242188,1596300,0.0,0.0,0.0
2012-08-07,120.2300033569336,120.33999633789062,120.0,120.08000183105469,75.47895812988281,4136600,0.0,0.0,0.0
2012-08-08,120.2300033569336,120.2699966430664,119.69999694824219,119.73999786376953,75.26522827148438,2310300,0.0,0.0,0.0
2012-08-09,119.58000183105469,119.7699966430664,119.30000305175781,119.66000366210938,75.2149887084961,2496100,0.0,0.0,0.0
2012-08-10,120.08999633789062,120.0999984741211,119.79000091552734,120.0,75.4286880493164,1482700,0.0,0.0,0.0
2012-08-13,119.95999908447266,120.06999969482422,119.7300033569336,119.75,75.27152252197266,1127000,0.0,0.0,0.0
2012-08-14,119.47000122070312,119.47000122070312,119.18000030517578,119.20999908447266,74.93208312988281,1593600,0.0,0.0,0.0
2012-08-15,119.02999877929688,119.06999969482422,118.6500015258789,118.6500015258789,74.5801010131836,3995300,0.0,0.0,0.0
2012-08-16,118.75,118.9000015258789,118.12999725341797,118.30000305175781,74.36011505126953,1895700,0.0,0.0,0.0
2012-08-17,118.41000366210938,118.79000091552734,118.4000015258789,118.45999908447266,74.46067810058594,1734500,0.0,0.0,0.0
2012-08-20,118.2699966430664,118.81999969482422,118.26000213623047,118.79000091552734,74.66812133789062,1813900,0.0,0.0,0.0
2012-08-21,118.76000213623047,118.98999786376953,118.4800033569336,118.98999786376953,74.79388427734375,2010000,0.0,0.0,0.0
2012-08-22,119.44999694824219,119.69999694824219,119.19000244140625,119.66999816894531,75.22119903564453,2281400,0.0,0.0,0.0
2012-08-23,119.83999633789062,119.91000366210938,119.72000122070312,119.76000213623047,75.27783966064453,883300,0.0,0.0,0.0
2012-08-24,119.94999694824219,119.94999694824219,119.7300033569336,119.88999938964844,75.35954284667969,1335300,0.0,0.0,0.0
2012-08-27,120.1500015258789,120.26000213623047,120.0,120.04000091552734,75.4538345336914,1879300,0.0,0.0,0.0
2012-08-28,120.19000244140625,120.27999877929688,120.05999755859375,120.20999908447266,75.56068420410156,908300,0.0,0.0,0.0
2012-08-29,120.19000244140625,120.19000244140625,119.87999725341797,119.95999908447266,75.40359497070312,1777000,0.0,0.0,0.0
2012-08-30,120.05999755859375,120.12999725341797,119.94999694824219,120.0,75.4286880493164,1888000,0.0,0.0,0.0
2012-08-31,120.04000091552734,120.83000183105469,120.04000091552734,120.83000183105469,75.95043182373047,1766500,0.0,0.0,0.0
2012-09-04,120.55999755859375,120.56999969482422,120.05000305175781,120.16000366210938,75.77068328857422,3788800,0.385,0.0,0.0
2012-09-05,120.1500015258789,120.80000305175781,120.05999755859375,120.20999908447266,75.80221557617188,817600,0.0,0.0,0.0
2012-09-06,119.8499984741211,119.91999816894531,119.61000061035156,119.68000030517578,75.46802520751953,2078500,0.0,0.0,0.0
2012-09-07,120.5999984741211,120.62000274658203,119.9000015258789,119.93000030517578,75.62566375732422,2192700,0.0,0.0,0.0
2012-09-10,119.93000030517578,120.01000213623047,119.72000122070312,119.91999816894531,75.6193618774414,1075900,0.0,0.0,0.0
2012-09-11,120.0,120.12000274658203,119.80000305175781,120.0199966430664,75.6823959350586,2641500,0.0,0.0,0.0
2012-09-12,119.77999877929688,119.83000183105469,119.56999969482422,119.77999877929688,75.53108978271484,1334800,0.0,0.0,0.0
2012-09-13,120.0199966430664,120.58999633789062,119.6500015258789,120.41999816894531,75.93464660644531,3618500,0.0,0.0,0.0
2012-09-14,120.0999984741211,120.0999984741211,119.36000061035156,119.69999694824219,75.48062133789062,3164800,0.0,0.0,0.0
2012-09-17,120.02999877929688,120.33999633789062,119.91999816894531,120.11000061035156,75.73914337158203,898100,0.0,0.0,0.0
2012-09-18,120.48999786376953,120.6500015258789,120.31999969482422,120.4800033569336,75.97245788574219,1563000,0.0,0.0,0.0
2012-09-19,120.83000183105469,120.94000244140625,120.6500015258789,120.68000030517578,76.09857177734375,1237400,0.0,0.0,0.0
2012-09-20,120.9800033569336,121.05999755859375,120.55000305175781,120.58000183105469,76.03556060791016,1165200,0.0,0.0,0.0
2012-09-21,120.52999877929688,120.86000061035156,120.44999694824219,120.80000305175781,76.17427825927734,1305900,0.0,0.0,0.0
2012-09-24,120.97000122070312,121.02999877929688,120.83999633789062,120.9800033569336,76.28778076171875,1191700,0.0,0.0,0.0
2012-09-25,121.01000213623047,121.22000122070312,120.83000183105469,121.22000122070312,76.4391098022461,3287800,0.0,0.0,0.0
2012-09-26,121.26000213623047,121.56999969482422,121.19999694824219,121.55999755859375,76.65351104736328,1162900,0.0,0.0,0.0
2012-09-27,121.5199966430664,121.73999786376953,121.43000030517578,121.5,76.61571502685547,1720200,0.0,0.0,0.0
2012-09-28,121.75,121.91000366210938,121.55999755859375,121.7699966430664,76.78589630126953,2519100,0.0,0.0,0.0
2012-10-01,121.66999816894531,121.76000213623047,121.4000015258789,121.70999908447266,76.9908447265625,3318000,0.384,0.0,0.0
2012-10-02,121.58999633789062,121.79000091552734,121.55999755859375,121.75,77.01618957519531,2188900,0.0,0.0,0.0
2012-10-03,121.6500015258789,121.83000183105469,121.52999877929688,121.83000183105469,77.06681823730469,6193600,0.0,0.0,0.0
2012-10-04,121.7300033569336,121.91999816894531,121.66999816894531,121.7300033569336,77.00353240966797,1710500,0.0,0.0,0.0
2012-10-05,121.56999969482422,121.69000244140625,121.5,121.54000091552734,76.88339233398438,1711500,0.0,0.0,0.0
2012-10-08,121.86000061035156,121.94999694824219,121.7300033569336,121.86000061035156,77.08580017089844,715300,0.0,0.0,0.0
2012-10-09,121.6500015258789,122.22000122070312,121.6500015258789,121.98999786376953,77.16799926757812,3132200,0.0,0.0,0.0
2012-10-10,121.88999938964844,122.36000061035156,121.76000213623047,122.20999908447266,77.30715942382812,2418400,0.0,0.0,0.0
2012-10-11,122.05999755859375,122.69000244140625,122.02999877929688,122.61000061035156,77.56022644042969,2165200,0.0,0.0,0.0
2012-10-12,122.76000213623047,122.95999908447266,122.66000366210938,122.75,77.64872741699219,1712000,0.0,0.0,0.0
2012-10-15,122.79000091552734,123.1500015258789,122.7300033569336,123.12999725341797,77.88915252685547,2144800,0.0,0.0,0.0
2012-10-16,123.05999755859375,123.19999694824219,122.93000030517578,123.05000305175781,77.83857727050781,2177900,0.0,0.0,0.0
2012-10-17,123.0199966430664,123.1500015258789,122.76000213623047,122.80999755859375,77.68672180175781,6454900,0.0,0.0,0.0
2012-10-18,122.95999908447266,123.0,122.5,122.58000183105469,77.54121398925781,1541400,0.0,0.0,0.0
2012-10-19,122.69999694824219,123.01000213623047,122.5999984741211,122.80000305175781,77.68038940429688,1716000,0.0,0.0,0.0
2012-10-22,122.54000091552734,122.70999908447266,122.45999908447266,122.51000213623047,77.49693298339844,2030300,0.0,0.0,0.0
2012-10-23,122.4000015258789,122.75,122.37000274658203,122.72000122070312,77.62977600097656,1188600,0.0,0.0,0.0
2012-10-24,122.61000061035156,122.76000213623047,122.37000274658203,122.38999938964844,77.42101287841797,2842400,0.0,0.0,0.0
2012-10-25,122.23999786376953,122.43000030517578,122.0,122.04000091552734,77.19962310791016,1511200,0.0,0.0,0.0
2012-10-26,122.37000274658203,122.66000366210938,122.22000122070312,122.63999938964844,77.57917022705078,1206500,0.0,0.0,0.0
2012-10-31,122.94000244140625,123.18000030517578,122.69000244140625,123.0199966430664,77.8195571899414,1286500,0.0,0.0,0.0
2012-11-01,122.58999633789062,122.7699966430664,122.38999938964844,122.4800033569336,77.4779281616211,1953700,0.0,0.0,0.0
2012-11-02,122.38999938964844,122.48999786376953,122.02999877929688,122.23999786376953,77.32613372802734,1940300,0.0,0.0,0.0
2012-11-05,122.26000213623047,122.51000213623047,122.26000213623047,122.30000305175781,77.3641128540039,2073200,0.0,0.0,0.0
2012-11-06,122.11000061035156,122.2300033569336,121.6500015258789,121.70999908447266,76.9908447265625,1459400,0.0,0.0,0.0
2012-11-07,122.41000366210938,122.44999694824219,121.95999908447266,121.95999908447266,77.14904022216797,1585400,0.0,0.0,0.0
2012-11-08,121.9000015258789,122.0,121.5999984741211,121.83999633789062,77.0730972290039,3176500,0.0,0.0,0.0
2012-11-09,121.69000244140625,121.83000183105469,121.37999725341797,121.54000091552734,76.88339233398438,2850300,0.0,0.0,0.0
2012-11-12,121.54000091552734,121.77999877929688,121.5,121.55999755859375,76.89600372314453,991500,0.0,0.0,0.0
2012-11-13,121.8499984741211,121.9800033569336,121.55000305175781,121.61000061035156,76.92762756347656,1849500,0.0,0.0,0.0
2012-11-14,121.37999725341797,121.93000030517578,121.37999725341797,121.86000061035156,77.08580017089844,2445600,0.0,0.0,0.0
2012-11-15,121.52999877929688,121.70999908447266,121.5199966430664,121.62000274658203,76.93395233154297,2218400,0.0,0.0,0.0
2012-11-16,121.62999725341797,121.8499984741211,121.5999984741211,121.66000366210938,76.959228515625,2181100,0.0,0.0,0.0
2012-11-19,121.56999969482422,122.06999969482422,121.55000305175781,122.04000091552734,77.19962310791016,2385000,0.0,0.0,0.0
2012-11-20,121.9800033569336,122.04000091552734,121.62999725341797,121.66000366210938,76.959228515625,3229500,0.0,0.0,0.0
2012-11-21,121.63999938964844,121.80000305175781,121.55000305175781,121.75,77.01618957519531,2263700,0.0,0.0,0.0
2012-11-23,121.80000305175781,121.94000244140625,121.75,121.80000305175781,77.04780578613281,929000,0.0,0.0,0.0
2012-11-26,122.0,122.18000030517578,121.91000366210938,122.0,77.17431640625,2412300,0.0,0.0,0.0
2012-11-27,121.97000122070312,122.1500015258789,121.97000122070312,122.06999969482422,77.21859741210938,2243300,0.0,0.0,0.0
2012-11-28,122.16000366210938,122.30000305175781,122.0199966430664,122.05000305175781,77.20592498779297,1479700,0.0,0.0,0.0
2012-11-29,122.13999938964844,122.20999908447266,122.05000305175781,122.13999938964844,77.26287078857422,1052700,0.0,0.0,0.0
2012-11-30,122.27999877929688,122.37000274658203,122.0999984741211,122.12999725341797,77.25656127929688,2129200,0.0,0.0,0.0
2012-12-03,121.7300033569336,121.98999786376953,121.52999877929688,121.88999938964844,77.34223175048828,3859100,0.375,0.0,0.0
2012-12-04,122.04000091552734,122.0999984741211,121.88999938964844,122.0,77.41205596923828,2387600,0.0,0.0,0.0
2012-12-05,122.11000061035156,122.30999755859375,122.0199966430664,122.25,77.57061767578125,1943900,0.0,0.0,0.0
2012-12-06,122.33000183105469,122.4800033569336,122.19999694824219,122.2300033569336,77.55801391601562,2737400,0.0,0.0,0.0
2012-12-07,122.05000305175781,122.08999633789062,121.93000030517578,121.94000244140625,77.37394714355469,1947300,0.0,0.0,0.0
2012-12-10,122.0999984741211,122.1500015258789,121.97000122070312,122.05000305175781,77.4437484741211,2290200,0.0,0.0,0.0
2012-12-11,122.0,122.0199966430664,121.55999755859375,121.5999984741211,77.15818786621094,2365400,0.0,0.0,0.0
2012-12-12,121.58999633789062,121.80000305175781,121.1500015258789,121.2300033569336,76.92341613769531,2390900,0.0,0.0,0.0
2012-12-13,121.02999877929688,121.22000122070312,120.87000274658203,121.04000091552734,76.8028793334961,3635100,0.0,0.0,0.0
2012-12-14,121.16000366210938,121.29000091552734,121.0999984741211,121.12999725341797,76.86000061035156,2844200,0.0,0.0,0.0
2012-12-17,121.13999938964844,121.19999694824219,120.73999786376953,120.73999786376953,76.6125259399414,1983300,0.0,0.0,0.0
2012-12-18,120.87000274658203,120.88999938964844,120.30000305175781,120.44000244140625,76.42221069335938,2278500,0.0,0.0,0.0
2012-12-19,120.6500015258789,120.94999694824219,120.6500015258789,120.91000366210938,76.72039794921875,3112200,0.0,0.0,0.0
2012-12-20,121.12000274658203,121.25,120.94000244140625,121.02999877929688,76.79654693603516,2545200,0.0,0.0,0.0
2012-12-21,121.19000244140625,121.33000183105469,121.08999633789062,121.23999786376953,76.92977905273438,2649700,0.0,0.0,0.0
2012-12-24,121.08000183105469,121.27999877929688,121.05999755859375,121.16000366210938,76.87902069091797,1902500,0.0,0.0,0.0
2012-12-26,121.12000274658203,121.13999938964844,120.94999694824219,120.97000122070312,76.98848724365234,1642000,0.362,0.0,0.0
2012-12-27,121.0,121.41999816894531,120.97000122070312,121.36000061035156,77.23670196533203,1556900,0.0,0.0,0.0
2012-12-28,121.5,121.62999725341797,121.41000366210938,121.62999725341797,77.40853118896484,1894500,0.0,0.0,0.0
2012-12-31,121.41000366210938,121.5,120.9000015258789,120.98999786376953,77.00121307373047,1867700,0.0,0.0,0.0
2013-01-02,120.95999908447266,121.30999755859375,120.80999755859375,121.2699966430664,77.1794204711914,4058400,0.0,0.0,0.0
2013-01-03,121.13999938964844,121.18000030517578,120.55999755859375,120.61000061035156,76.75940704345703,3207900,0.0,0.0,0.0
2013-01-04,120.56999969482422,120.6500015258789,120.26000213623047,120.55000305175781,76.72116088867188,4663300,0.0,0.0,0.0
2013-01-07,120.69000244140625,120.80000305175781,120.51000213623047,120.75,76.84848022460938,3832600,0.0,0.0,0.0
2013-01-08,120.80000305175781,120.94000244140625,120.76000213623047,120.86000061035156,76.91848754882812,2534900,0.0,0.0,0.0
2013-01-09,120.9800033569336,121.0,120.79000091552734,120.81999969482422,76.89300537109375,1867600,0.0,0.0,0.0
2013-01-10,120.63999938964844,120.97000122070312,120.62999725341797,120.87999725341797,76.93119049072266,1439900,0.0,0.0,0.0
2013-01-11,120.75,121.11000061035156,120.66000366210938,121.0999984741211,77.0712661743164,758200,0.0,0.0,0.0
2013-01-14,121.19000244140625,121.19000244140625,120.83000183105469,120.86000061035156,76.91848754882812,1569400,0.0,0.0,0.0
2013-01-15,120.98999786376953,121.13999938964844,120.66999816894531,120.76000213623047,76.85486602783203,3042900,0.0,0.0,0.0
2013-01-16,120.83999633789062,120.94000244140625,120.70999908447266,120.76000213623047,76.85486602783203,4199900,0.0,0.0,0.0
2013-01-17,120.56999969482422,120.61000061035156,120.30000305175781,120.55000305175781,76.72116088867188,2225700,0.0,0.0,0.0
2013-01-18,120.55999755859375,120.79000091552734,120.4800033569336,120.66999816894531,76.79753875732422,2704400,0.0,0.0,0.0
2013-01-22,120.5199966430664,120.77999877929688,120.37999725341797,120.66999816894531,76.79753875732422,1730300,0.0,0.0,0.0
2013-01-23,120.8499984741211,120.94000244140625,120.76000213623047,120.81999969482422,76.89300537109375,2446600,0.0,0.0,0.0
2013-01-24,120.76000213623047,120.80000305175781,120.58000183105469,120.6500015258789,76.78479766845703,1873600,0.0,0.0,0.0
2013-01-25,120.44000244140625,120.44000244140625,120.02999877929688,120.0999984741211,76.43478393554688,2434600,0.0,0.0,0.0
2013-01-28,119.69999694824219,120.02999877929688,119.0,120.0,76.37112426757812,2434200,0.0,0.0,0.0
2013-01-29,119.7699966430664,120.05000305175781,119.62000274658203,119.7300033569336,76.1993179321289,1424100,0.0,0.0,0.0
2013-01-30,119.38999938964844,119.5999984741211,119.22000122070312,119.33000183105469,75.94477081298828,3009300,0.0,0.0,0.0
2013-01-31,119.43000030517578,119.4800033569336,119.23999786376953,119.41999816894531,76.00204467773438,2804100,0.0,0.0,0.0
2013-02-01,119.44000244140625,119.6500015258789,118.7300033569336,118.73999786376953,75.80476379394531,4589000,0.371,0.0,0.0
2013-02-04,118.9800033569336,119.30000305175781,118.97000122070312,119.13999938964844,76.06011199951172,2581400,0.0,0.0,0.0
2013-02-05,118.91999816894531,119.08000183105469,118.87000274658203,118.9000015258789,75.9068832397461,2814700,0.0,0.0,0.0
2013-02-06,119.08000183105469,119.27999877929688,118.95999908447266,119.20999908447266,76.10476684570312,1970200,0.0,0.0,0.0
2013-02-07,119.12000274658203,119.5,119.11000061035156,119.25,76.13034057617188,1680000,0.0,0.0,0.0
2013-02-08,119.4000015258789,119.51000213623047,119.16999816894531,119.51000213623047,76.29634857177734,1496700,0.0,0.0,0.0
2013-02-11,119.4800033569336,119.5199966430664,119.41000366210938,119.44999694824219,76.25801086425781,749100,0.0,0.0,0.0
2013-02-12,119.16999816894531,119.44999694824219,119.16000366210938,119.33000183105469,76.1814193725586,1520200,0.0,0.0,0.0
2013-02-13,118.93000030517578,119.16999816894531,118.93000030517578,119.05000305175781,76.00267028808594,2317800,0.0,0.0,0.0
2013-02-14,119.08000183105469,119.45999908447266,119.06999969482422,119.37999725341797,76.21331787109375,3180500,0.0,0.0,0.0
2013-02-15,119.37999725341797,119.41999816894531,119.19999694824219,119.33000183105469,76.1814193725586,1363600,0.0,0.0,0.0
2013-02-19,119.37000274658203,119.5999984741211,119.20999908447266,119.30000305175781,76.1622543334961,1842300,0.0,0.0,0.0
2013-02-20,119.16000366210938,119.5199966430664,119.16000366210938,119.5,76.28994750976562,1369800,0.0,0.0,0.0
2013-02-21,119.68000030517578,119.81999969482422,119.61000061035156,119.69000244140625,76.4112319946289,3578100,0.0,0.0,0.0
2013-02-22,119.76000213623047,119.8499984741211,119.66999816894531,119.7699966430664,76.46231079101562,1914300,0.0,0.0,0.0
2013-02-25,119.41999816894531,120.52999877929688,119.41000366210938,120.4800033569336,76.91557312011719,2643500,0.0,0.0,0.0
2013-02-26,120.31999969482422,120.58999633789062,120.26000213623047,120.33000183105469,76.81981658935547,1574100,0.0,0.0,0.0
2013-02-27,120.5199966430664,120.58000183105469,120.16999816894531,120.29000091552734,76.79427337646484,941400,0.0,0.0,0.0
2013-02-28,120.38999938964844,120.38999938964844,120.11000061035156,120.33000183105469,76.81981658935547,2231100,0.0,0.0,0.0
2013-03-01,120.12000274658203,120.29000091552734,119.98999786376953,120.2300033569336,76.99531555175781,1363700,0.374,0.0,0.0
2013-03-04,120.19000244140625,120.2300033569336,120.04000091552734,120.13999938964844,76.9376449584961,1733400,0.0,0.0,0.0
2013-03-05,120.13999938964844,120.1500015258789,119.8499984741211,119.94000244140625,76.80957794189453,1395400,0.0,0.0,0.0
2013-03-06,119.63999938964844,119.80999755859375,119.54000091552734,119.58999633789062,76.58544158935547,1014700,0.0,0.0,0.0
2013-03-07,119.29000091552734,119.4000015258789,119.19999694824219,119.19999694824219,76.33565521240234,1964000,0.0,0.0,0.0
2013-03-08,118.87000274658203,119.02999877929688,118.6500015258789,118.77999877929688,76.0666732788086,2526900,0.0,0.0,0.0
2013-03-11,118.77999877929688,118.95999908447266,118.77999877929688,118.86000061035156,76.11788940429688,2632500,0.0,0.0,0.0
2013-03-12,118.98999786376953,119.16999816894531,118.94999694824219,119.0999984741211,76.27165985107422,3172900,0.0,0.0,0.0
2013-03-13,118.88999938964844,119.11000061035156,118.88999938964844,118.98999786376953,76.20121002197266,1958600,0.0,0.0,0.0
2013-03-14,118.83000183105469,119.12999725341797,118.81999969482422,119.04000091552734,76.23323059082031,1669600,0.0,0.0,0.0
2013-03-15,118.9800033569336,119.29000091552734,118.9800033569336,119.19999694824219,76.33565521240234,1188500,0.0,0.0,0.0
2013-03-18,119.41000366210938,119.5199966430664,119.33000183105469,119.48999786376953,76.52140045166016,1665700,0.0,0.0,0.0
2013-03-19,119.58999633789062,119.81999969482422,119.56999969482422,119.69000244140625,76.64947509765625,1354600,0.0,0.0,0.0
2013-03-20,119.43000030517578,119.58000183105469,119.33000183105469,119.33999633789062,76.42533874511719,1905100,0.0,0.0,0.0
2013-03-21,119.58000183105469,119.5999984741211,119.31999969482422,119.45999908447266,76.50220489501953,1854000,0.0,0.0,0.0
2013-03-22,119.4000015258789,119.62000274658203,119.33999633789062,119.47000122070312,76.50859069824219,997900,0.0,0.0,0.0
2013-03-25,119.37000274658203,119.58000183105469,119.25,119.47000122070312,76.50859069824219,1089700,0.0,0.0,0.0
2013-03-26,119.27999877929688,119.56999969482422,119.26000213623047,119.55000305175781,76.55982971191406,918000,0.0,0.0,0.0
2013-03-27,119.6500015258789,120.05000305175781,119.6500015258789,119.97000122070312,76.8287582397461,1847200,0.0,0.0,0.0
2013-03-28,119.73999786376953,119.94000244140625,119.7300033569336,119.9000015258789,76.78394317626953,1874300,0.0,0.0,0.0
2013-04-01,119.41999816894531,119.7699966430664,119.29000091552734,119.36000061035156,76.67344665527344,5877400,0.368,0.0,0.0
2013-04-02,119.43000030517578,119.47000122070312,119.27999877929688,119.3499984741211,76.66703796386719,1319200,0.0,0.0,0.0
2013-04-03,119.5199966430664,119.83000183105469,119.48999786376953,119.83000183105469,76.97541809082031,1421000,0.0,0.0,0.0
2013-04-04,119.95999908447266,120.48999786376953,119.95999908447266,120.47000122070312,77.38653564453125,2660900,0.0,0.0,0.0
2013-04-05,120.83999633789062,121.05000305175781,120.73999786376953,120.83999633789062,77.62417602539062,3268500,0.0,0.0,0.0
2013-04-08,121.0,121.04000091552734,120.88999938964844,120.94999694824219,77.69486236572266,2276800,0.0,0.0,0.0
2013-04-09,121.0199966430664,121.18000030517578,120.9800033569336,121.06999969482422,77.77191925048828,3157000,0.0,0.0,0.0
2013-04-10,120.80000305175781,120.94999694824219,120.66000366210938,120.75,77.56639862060547,2181600,0.0,0.0,0.0
2013-04-11,120.87999725341797,120.9800033569336,120.76000213623047,120.83000183105469,77.6177749633789,1496900,0.0,0.0,0.0
2013-04-12,121.19999694824219,121.5,121.05000305175781,121.43000030517578,78.00313568115234,1358900,0.0,0.0,0.0
2013-04-15,121.4000015258789,121.52999877929688,121.31999969482422,121.47000122070312,78.02892303466797,1024800,0.0,0.0,0.0
2013-04-16,121.25,121.37000274658203,121.2300033569336,121.25,77.8875503540039,1629800,0.0,0.0,0.0
2013-04-17,121.31999969482422,121.62999725341797,121.31999969482422,121.41999816894531,77.99677276611328,1373200,0.0,0.0,0.0
2013-04-18,121.44999694824219,121.66000366210938,121.44999694824219,121.52999877929688,78.06742858886719,1656700,0.0,0.0,0.0
2013-04-19,121.62000274658203,121.7699966430664,121.47000122070312,121.70999908447266,78.18306732177734,877900,0.0,0.0,0.0
2013-04-22,121.75,121.80999755859375,121.66999816894531,121.75,78.20878601074219,1271500,0.0,0.0,0.0
2013-04-23,121.91000366210938,122.08999633789062,121.80999755859375,121.91000366210938,78.31151580810547,1659700,0.0,0.0,0.0
2013-04-24,121.86000061035156,122.04000091552734,121.80999755859375,121.95999908447266,78.34362030029297,1366900,0.0,0.0,0.0
2013-04-25,121.91000366210938,122.0199966430664,121.83000183105469,121.88999938964844,78.29869842529297,1067100,0.0,0.0,0.0
2013-04-26,122.1500015258789,122.3499984741211,122.1500015258789,122.33000183105469,78.58133697509766,1294500,0.0,0.0,0.0
2013-04-29,122.54000091552734,122.55000305175781,122.30000305175781,122.33999633789062,78.58772277832031,875700,0.0,0.0,0.0
2013-04-30,122.31999969482422,122.56999969482422,122.0999984741211,122.12999725341797,78.45284271240234,2347500,0.0,0.0,0.0
2013-05-01,121.94999694824219,122.38999938964844,121.94999694824219,122.30999755859375,78.80207061767578,4063500,0.362,0.0,0.0
2013-05-02,122.08999633789062,122.4000015258789,122.08999633789062,122.30999755859375,78.80207061767578,1799000,0.0,0.0,0.0
2013-05-03,121.88999938964844,121.88999938964844,121.1500015258789,121.16000366210938,78.06110382080078,2882200,0.0,0.0,0.0
2013-05-06,121.30000305175781,121.4000015258789,121.08000183105469,121.13999938964844,78.04825592041016,1839300,0.0,0.0,0.0
2013-05-07,121.05000305175781,121.26000213623047,120.98999786376953,121.05000305175781,77.99030303955078,3886100,0.0,0.0,0.0
2013-05-08,121.0199966430664,121.2699966430664,120.95999908447266,121.16000366210938,78.06110382080078,2379000,0.0,0.0,0.0
2013-05-09,121.1500015258789,121.41000366210938,120.9000015258789,120.9000015258789,77.89359283447266,825800,0.0,0.0,0.0
2013-05-10,120.86000061035156,120.86000061035156,120.05000305175781,120.2699966430664,77.48770141601562,2808200,0.0,0.0,0.0
2013-05-13,120.02999877929688,120.16000366210938,119.9000015258789,119.95999908447266,77.28797149658203,2498400,0.0,0.0,0.0
2013-05-14,120.2300033569336,120.30999755859375,119.61000061035156,119.63999938964844,77.081787109375,2325000,0.0,0.0,0.0
2013-05-15,120.12999725341797,120.1500015258789,119.66999816894531,120.05999755859375,77.35246276855469,2081600,0.0,0.0,0.0
2013-05-16,120.27999877929688,120.75,120.27999877929688,120.61000061035156,77.706787109375,2916500,0.0,0.0,0.0
2013-05-17,120.5,120.55000305175781,120.04000091552734,120.08999633789062,77.37173461914062,909500,0.0,0.0,0.0
2013-05-20,120.2300033569336,120.30999755859375,119.87000274658203,119.94999694824219,77.28156280517578,2097100,0.0,0.0,0.0
2013-05-21,119.91000366210938,120.41000366210938,119.7300033569336,120.4000015258789,77.57144927978516,2007700,0.0,0.0,0.0
2013-05-22,120.41999816894531,120.5999984741211,119.44000244140625,119.44999694824219,76.95941925048828,2886300,0.0,0.0,0.0
2013-05-23,119.7300033569336,119.80999755859375,119.2300033569336,119.56999969482422,77.0367202758789,2568500,0.0,0.0,0.0
2013-05-24,119.63999938964844,119.80999755859375,119.45999908447266,119.48999786376953,76.98519897460938,1090900,0.0,0.0,0.0
2013-05-28,119.33000183105469,119.48999786376953,118.33000183105469,118.33999633789062,76.24424743652344,1683700,0.0,0.0,0.0
2013-05-29,118.41000366210938,118.58000183105469,118.1500015258789,118.29000091552734,76.21205139160156,3574100,0.0,0.0,0.0
2013-05-30,118.31999969482422,118.5999984741211,118.25,118.44000244140625,76.30867767333984,1759000,0.0,0.0,0.0
2013-05-31,118.31999969482422,118.44999694824219,117.4800033569336,117.8499984741211,75.92850494384766,4297500,0.0,0.0,0.0
2013-06-03,117.25,117.75,116.93000030517578,117.18000030517578,75.72886657714844,10863900,0.361,0.0,0.0
2013-06-04,116.94999694824219,117.25,116.70999908447266,116.72000122070312,75.43158721923828,3726500,0.0,0.0,0.0
2013-06-05,116.80999755859375,117.0,116.4800033569336,116.55000305175781,75.32171630859375,4575200,0.0,0.0,0.0
2013-06-06,116.56999969482422,117.45999908447266,116.41999816894531,117.05000305175781,75.64485168457031,2500000,0.0,0.0,0.0
2013-06-07,116.88999938964844,117.19999694824219,116.38999938964844,116.58999633789062,75.3475341796875,3159800,0.0,0.0,0.0
2013-06-10,116.22000122070312,116.4800033569336,116.06999969482422,116.2300033569336,75.11492156982422,2911100,0.0,0.0,0.0
2013-06-11,115.5,116.05000305175781,115.2300033569336,116.01000213623047,74.97273254394531,3983700,0.0,0.0,0.0
2013-06-12,115.80000305175781,116.0999984741211,115.5,115.61000061035156,74.71418762207031,3469000,0.0,0.0,0.0
2013-06-13,115.83999633789062,116.91000366210938,115.79000091552734,116.8499984741211,75.515625,2474400,0.0,0.0,0.0
2013-06-14,116.93000030517578,117.1500015258789,116.73999786376953,116.7699966430664,75.46387481689453,1283900,0.0,0.0,0.0
2013-06-17,116.91000366210938,117.11000061035156,116.55000305175781,116.5999984741211,75.35403442382812,1868600,0.0,0.0,0.0
2013-06-18,116.27999877929688,116.55999755859375,116.16000366210938,116.37000274658203,75.20539855957031,1748400,0.0,0.0,0.0
2013-06-19,116.5,116.55999755859375,114.66999816894531,114.72000122070312,74.13909912109375,2823000,0.0,0.0,0.0
2013-06-20,113.87000274658203,113.88999938964844,112.79000091552734,113.13999938964844,73.11796569824219,6649600,0.0,0.0,0.0
2013-06-21,113.26000213623047,113.4800033569336,112.19999694824219,112.20999908447266,72.51692962646484,4107600,0.0,0.0,0.0
2013-06-24,111.43000030517578,112.0999984741211,110.91000366210938,111.4800033569336,72.04519653320312,6063600,0.0,0.0,0.0
2013-06-25,112.19000244140625,112.47000122070312,111.66000366210938,111.8499984741211,72.28429412841797,3653200,0.0,0.0,0.0
2013-06-26,112.75,113.0,112.51000213623047,112.69999694824219,72.8335952758789,2010000,0.0,0.0,0.0
2013-06-27,113.23999786376953,113.79000091552734,113.23999786376953,113.72000122070312,73.49278259277344,1544800,0.0,0.0,0.0
2013-06-28,113.12999725341797,113.69999694824219,112.87999725341797,113.6500015258789,73.447509765625,2960300,0.0,0.0,0.0
2013-07-01,113.08000183105469,113.94000244140625,113.08000183105469,113.58000183105469,73.63748931884766,2849900,0.363,0.0,0.0
2013-07-02,113.80999755859375,114.16999816894531,113.66000366210938,113.94000244140625,73.87088012695312,2214800,0.0,0.0,0.0
2013-07-03,113.9000015258789,114.08000183105469,113.56999969482422,113.61000061035156,73.65697479248047,2132000,0.0,0.0,0.0
2013-07-05,112.18000030517578,112.43000030517578,111.69999694824219,112.16999816894531,72.72334289550781,2500100,0.0,0.0,0.0
2013-07-08,112.54000091552734,113.08999633789062,112.54000091552734,113.08999633789062,73.31982421875,3096700,0.0,0.0,0.0
2013-07-09,113.05000305175781,113.51000213623047,113.05000305175781,113.19000244140625,73.38467407226562,4037000,0.0,0.0,0.0
2013-07-10,113.26000213623047,113.44999694824219,112.80000305175781,112.86000061035156,73.17070770263672,2908800,0.0,0.0,0.0
2013-07-11,113.86000061035156,114.19999694824219,113.5999984741211,114.19000244140625,74.03301239013672,2179100,0.0,0.0,0.0
2013-07-12,114.31999969482422,114.5,113.73999786376953,113.87000274658203,73.82552337646484,2008800,0.0,0.0,0.0
2013-07-15,114.08999633789062,114.62000274658203,113.94999694824219,114.5999984741211,74.2988052368164,3308200,0.0,0.0,0.0
2013-07-16,114.52999877929688,114.5999984741211,114.29000091552734,114.43000030517578,74.18859100341797,1625900,0.0,0.0,0.0
2013-07-17,114.87999725341797,115.1500015258789,114.73999786376953,114.86000061035156,74.4673843383789,1248400,0.0,0.0,0.0
2013-07-18,114.94999694824219,114.94999694824219,114.41999816894531,114.55999755859375,74.2728500366211,1119900,0.0,0.0,0.0
2013-07-19,114.7699966430664,115.20999908447266,114.7300033569336,115.19000244140625,74.681396484375,2734900,0.0,0.0,0.0
2013-07-22,115.31999969482422,115.47000122070312,115.29000091552734,115.44999694824219,74.84986877441406,2235900,0.0,0.0,0.0
2013-07-23,115.12999725341797,115.37999725341797,115.01000213623047,115.2699966430664,74.73320007324219,827300,0.0,0.0,0.0
2013-07-24,114.72000122070312,114.87999725341797,114.29000091552734,114.70999908447266,74.37012481689453,1960700,0.0,0.0,0.0
2013-07-25,114.18000030517578,114.56999969482422,114.12999725341797,114.56999969482422,74.27936553955078,2109200,0.0,0.0,0.0
2013-07-26,114.66999816894531,114.79000091552734,114.48999786376953,114.69000244140625,74.35720825195312,1022700,0.0,0.0,0.0
2013-07-29,114.54000091552734,114.68000030517578,114.44000244140625,114.5,74.2339859008789,2211900,0.0,0.0,0.0
2013-07-30,114.72000122070312,114.77999877929688,114.36000061035156,114.52999877929688,74.2533950805664,1331900,0.0,0.0,0.0
2013-07-31,113.87999725341797,114.6500015258789,113.69999694824219,114.54000091552734,74.25988006591797,2282100,0.0,0.0,0.0
2013-08-01,113.94999694824219,113.94999694824219,113.12000274658203,113.27999877929688,73.6680908203125,1845700,0.35,0.0,0.0
2013-08-02,113.6500015258789,113.97000122070312,113.62000274658203,113.83999633789062,74.03227233886719,1772000,0.0,0.0,0.0
2013-08-05,113.68000030517578,113.83000183105469,113.37999725341797,113.41000366210938,73.75264739990234,3111500,0.0,0.0,0.0
2013-08-06,113.36000061035156,113.5999984741211,113.27999877929688,113.4800033569336,73.79818725585938,1047200,0.0,0.0,0.0
2013-08-07,113.61000061035156,113.86000061035156,113.58999633789062,113.7300033569336,73.96076965332031,946000,0.0,0.0,0.0
2013-08-08,113.91000366210938,114.16999816894531,113.88999938964844,113.97000122070312,74.11685180664062,960900,0.0,0.0,0.0
2013-08-09,114.0199966430664,114.08000183105469,113.75,113.97000122070312,74.11685180664062,539600,0.0,0.0,0.0
2013-08-12,114.08000183105469,114.18000030517578,113.8499984741211,113.91000366210938,74.07782745361328,1042800,0.0,0.0,0.0
2013-08-13,113.27999877929688,113.41000366210938,113.0,113.0999984741211,73.55107879638672,1221600,0.0,0.0,0.0
2013-08-14,113.0199966430664,113.1500015258789,112.87000274658203,112.91000366210938,73.42752075195312,1723700,0.0,0.0,0.0
2013-08-15,112.08999633789062,112.41999816894531,111.98999786376953,112.11000061035156,72.90727996826172,1793800,0.0,0.0,0.0
2013-08-16,112.06999969482422,112.20999908447266,111.36000061035156,111.55000305175781,72.54307556152344,2469000,0.0,0.0,0.0
2013-08-19,111.31999969482422,111.44000244140625,110.93000030517578,110.94000244140625,72.14636993408203,4884400,0.0,0.0,0.0
2013-08-20,111.29000091552734,111.73999786376953,111.29000091552734,111.62000274658203,72.58856201171875,2100500,0.0,0.0,0.0
2013-08-21,111.41000366210938,111.66000366210938,110.88999938964844,110.94999694824219,72.15287780761719,2310800,0.0,0.0,0.0
2013-08-22,111.05000305175781,111.5,111.05000305175781,111.45999908447266,72.4845199584961,2507700,0.0,0.0,0.0
2013-08-23,111.43000030517578,112.22000122070312,111.37999725341797,112.20999908447266,72.97228240966797,2327600,0.0,0.0,0.0
2013-08-26,112.31999969482422,112.47000122070312,112.26000213623047,112.44000244140625,73.12184143066406,1385700,0.0,0.0,0.0
2013-08-27,112.51000213623047,112.97000122070312,112.44999694824219,112.91999816894531,73.43402099609375,2398500,0.0,0.0,0.0
2013-08-28,112.73999786376953,112.94000244140625,112.55000305175781,112.94000244140625,73.4470443725586,2488300,0.0,0.0,0.0
2013-08-29,112.6500015258789,113.06999969482422,112.5199966430664,113.05000305175781,73.5185546875,2273100,0.0,0.0,0.0
2013-08-30,113.0,113.29000091552734,112.80999755859375,113.05000305175781,73.5185546875,1668800,0.0,0.0,0.0
2013-09-03,112.0,112.2699966430664,111.51000213623047,112.23999786376953,73.22886657714844,5473600,0.366,0.0,0.0
2013-09-04,112.2699966430664,112.37000274658203,111.79000091552734,111.83000183105469,72.96138763427734,2335000,0.0,0.0,0.0
2013-09-05,111.38999938964844,111.41999816894531,110.7300033569336,110.91000366210938,72.36116027832031,2703800,0.0,0.0,0.0
2013-09-06,111.41000366210938,111.6500015258789,110.98999786376953,111.06999969482422,72.46553039550781,1960600,0.0,0.0,0.0
2013-09-09,111.45999908447266,111.5999984741211,111.2699966430664,111.36000061035156,72.65471649169922,1615600,0.0,0.0,0.0
2013-09-10,111.04000091552734,111.31999969482422,110.81999969482422,110.87000274658203,72.33504486083984,2115900,0.0,0.0,0.0
2013-09-11,111.11000061035156,111.38999938964844,110.81999969482422,111.38999938964844,72.67428588867188,2301300,0.0,0.0,0.0
2013-09-12,111.5999984741211,111.76000213623047,111.2300033569336,111.30999755859375,72.62210845947266,1860200,0.0,0.0,0.0
2013-09-13,111.33999633789062,111.54000091552734,111.31999969482422,111.37999725341797,72.66777038574219,1255400,0.0,0.0,0.0
2013-09-16,112.41999816894531,112.44000244140625,111.44000244140625,111.51000213623047,72.75257873535156,2311100,0.0,0.0,0.0
2013-09-17,111.68000030517578,111.83999633789062,111.55999755859375,111.80999755859375,72.94831848144531,1020100,0.0,0.0,0.0
2013-09-18,111.69999694824219,113.70999908447266,111.41999816894531,113.44999694824219,74.018310546875,5100000,0.0,0.0,0.0
2013-09-19,113.4000015258789,113.55999755859375,112.66000366210938,112.7300033569336,73.54855346679688,5030300,0.0,0.0,0.0
2013-09-20,112.93000030517578,113.08999633789062,112.75,112.83000183105469,73.61378479003906,1089700,0.0,0.0,0.0
2013-09-23,112.88999938964844,113.5199966430664,112.88999938964844,113.5,74.05091857910156,3719000,0.0,0.0,0.0
2013-09-24,113.62000274658203,113.93000030517578,113.4000015258789,113.79000091552734,74.24011993408203,2576200,0.0,0.0,0.0
2013-09-25,113.72000122070312,114.18000030517578,113.62999725341797,114.13999938964844,74.46846771240234,1931100,0.0,0.0,0.0
2013-09-26,113.7300033569336,113.94999694824219,113.7300033569336,113.86000061035156,74.28578186035156,921300,0.0,0.0,0.0
2013-09-27,113.75,113.8499984741211,113.66000366210938,113.7699966430664,74.22705841064453,1194100,0.0,0.0,0.0
2013-09-30,113.5999984741211,113.77999877929688,113.41999816894531,113.5199966430664,74.06398010253906,1800800,0.0,0.0,0.0
2013-10-01,113.06999969482422,113.18000030517578,112.93000030517578,113.04000091552734,73.98936462402344,3172400,0.366,0.0,0.0
2013-10-02,113.19999694824219,113.55999755859375,113.19000244140625,113.37999725341797,74.2118911743164,910300,0.0,0.0,0.0
2013-10-03,113.29000091552734,113.62999725341797,113.29000091552734,113.44000244140625,74.25116729736328,1411600,0.0,0.0,0.0
2013-10-04,113.29000091552734,113.43000030517578,113.19000244140625,113.33000183105469,74.17919921875,569300,0.0,0.0,0.0
2013-10-07,113.45999908447266,113.69000244140625,113.43000030517578,113.52999877929688,74.31006622314453,1374600,0.0,0.0,0.0
2013-10-08,113.4800033569336,113.62000274658203,113.27999877929688,113.51000213623047,74.29705047607422,1667900,0.0,0.0,0.0
2013-10-09,113.43000030517578,113.52999877929688,113.20999908447266,113.2699966430664,74.13990783691406,1017300,0.0,0.0,0.0
2013-10-10,113.08999633789062,113.48999786376953,113.0199966430664,113.43000030517578,74.2446060180664,1978400,0.0,0.0,0.0
2013-10-11,113.68000030517578,113.80999755859375,113.52999877929688,113.58000183105469,74.34278869628906,3275900,0.0,0.0,0.0
2013-10-14,113.51000213623047,113.63999938964844,113.11000061035156,113.2300033569336,74.11372375488281,525100,0.0,0.0,0.0
2013-10-15,113.56999969482422,113.58000183105469,113.19999694824219,113.25,74.12682342529297,1430400,0.0,0.0,0.0
2013-10-16,113.26000213623047,114.1500015258789,113.20999908447266,114.08999633789062,74.67659759521484,1395200,0.0,0.0,0.0
2013-10-17,114.41000366210938,115.0,114.33999633789062,114.93000030517578,75.22640991210938,2697900,0.0,0.0,0.0
2013-10-18,115.0999984741211,115.2699966430664,114.98999786376953,115.08000183105469,75.32462310791016,1071200,0.0,0.0,0.0
2013-10-21,115.01000213623047,115.18000030517578,114.73999786376953,114.77999877929688,75.12828063964844,1031400,0.0,0.0,0.0
2013-10-22,115.30999755859375,115.48999786376953,115.26000213623047,115.4800033569336,75.58647155761719,1372100,0.0,0.0,0.0
2013-10-23,115.47000122070312,115.66999816894531,115.41000366210938,115.44999694824219,75.56680297851562,1514800,0.0,0.0,0.0
2013-10-24,115.55999755859375,115.63999938964844,115.2699966430664,115.33000183105469,75.48825073242188,1500200,0.0,0.0,0.0
2013-10-25,115.30999755859375,115.52999877929688,115.30000305175781,115.31999969482422,75.48168182373047,708700,0.0,0.0,0.0
2013-10-28,115.26000213623047,115.5199966430664,115.25,115.43000030517578,75.55369567871094,2958700,0.0,0.0,0.0
2013-10-29,115.3499984741211,115.5999984741211,115.26000213623047,115.58999633789062,75.658447265625,1584300,0.0,0.0,0.0
2013-10-30,115.58999633789062,115.75,115.08000183105469,115.36000061035156,75.5079116821289,1436200,0.0,0.0,0.0
2013-10-31,115.44999694824219,115.5,115.08999633789062,115.19999694824219,75.40316772460938,1072800,0.0,0.0,0.0
2013-11-01,114.80999755859375,114.93000030517578,114.29000091552734,114.51000213623047,75.1995849609375,1965300,0.38,0.0,0.0
2013-11-04,114.66000366210938,114.79000091552734,114.5199966430664,114.54000091552734,75.21932983398438,772400,0.0,0.0,0.0
2013-11-05,114.33000183105469,114.33000183105469,113.91999816894531,114.05000305175781,74.89751434326172,1264700,0.0,0.0,0.0
2013-11-06,114.2300033569336,114.23999786376953,114.08000183105469,114.18000030517578,74.98287963867188,1060000,0.0,0.0,0.0
2013-11-07,114.37000274658203,114.48999786376953,114.20999908447266,114.41000366210938,75.13392639160156,1337000,0.0,0.0,0.0
2013-11-08,113.4800033569336,113.51000213623047,113.27999877929688,113.29000091552734,74.39839935302734,1634000,0.0,0.0,0.0
2013-11-11,113.22000122070312,113.27999877929688,113.01000213623047,113.0999984741211,74.27362060546875,1241500,0.0,0.0,0.0
2013-11-12,113.04000091552734,113.22000122070312,113.0,113.18000030517578,74.32614135742188,2301900,0.0,0.0,0.0
2013-11-13,113.33000183105469,113.56999969482422,113.30000305175781,113.44000244140625,74.49693298339844,4339700,0.0,0.0,0.0
2013-11-14,113.73999786376953,114.13999938964844,113.66000366210938,114.05999755859375,74.90406799316406,1355100,0.0,0.0,0.0
2013-11-15,114.08000183105469,114.1500015258789,113.93000030517578,114.05999755859375,74.90406799316406,1451200,0.0,0.0,0.0
2013-11-18,114.12000274658203,114.56999969482422,114.12000274658203,114.56999969482422,75.239013671875,3003900,0.0,0.0,0.0
2013-11-19,114.36000061035156,114.45999908447266,114.16999816894531,114.16999816894531,74.9762954711914,914200,0.0,0.0,0.0
2013-11-20,114.13999938964844,114.44000244140625,113.5199966430664,113.68000030517578,74.65451049804688,1881300,0.0,0.0,0.0
2013-11-21,113.58999633789062,113.93000030517578,113.33000183105469,113.9000015258789,74.79901123046875,3320600,0.0,0.0,0.0
2013-11-22,114.02999877929688,114.30000305175781,114.0,114.30000305175781,75.06167602539062,1190900,0.0,0.0,0.0
2013-11-25,114.2699966430664,114.54000091552734,114.2699966430664,114.5,75.19304656982422,1189200,0.0,0.0,0.0
2013-11-26,114.5199966430664,114.77999877929688,114.5199966430664,114.7300033569336,75.34407043457031,1044500,0.0,0.0,0.0
2013-11-27,114.5999984741211,114.80999755859375,114.27999877929688,114.75,75.35722351074219,2387900,0.0,0.0,0.0
2013-11-29,114.37000274658203,114.75,114.33999633789062,114.66000366210938,75.298095703125,741200,0.0,0.0,0.0
2013-12-02,114.0999984741211,114.19999694824219,113.73999786376953,113.75,74.94097900390625,5714000,0.368,0.0,0.0
2013-12-03,113.88999938964844,114.13999938964844,113.88999938964844,114.04000091552734,75.132080078125,1164500,0.0,0.0,0.0
2013-12-04,113.41999816894531,113.72000122070312,113.41999816894531,113.66999816894531,74.88829803466797,1705000,0.0,0.0,0.0
2013-12-05,113.38999938964844,113.58999633789062,113.23999786376953,113.41999816894531,74.7236328125,1234400,0.0,0.0,0.0
2013-12-06,113.43000030517578,113.69000244140625,113.33999633789062,113.66000366210938,74.88168334960938,737400,0.0,0.0,0.0
2013-12-09,113.66000366210938,113.8499984741211,113.66000366210938,113.83000183105469,74.99368286132812,590100,0.0,0.0,0.0
2013-12-10,114.16999816894531,114.30999755859375,113.98999786376953,114.29000091552734,75.2967529296875,1171600,0.0,0.0,0.0
2013-12-11,114.19999694824219,114.29000091552734,113.94000244140625,113.97000122070312,75.08597564697266,1087800,0.0,0.0,0.0
2013-12-12,113.86000061035156,113.91999816894531,113.70999908447266,113.77999877929688,74.96076965332031,877300,0.0,0.0,0.0
2013-12-13,113.98999786376953,114.12999725341797,113.81999969482422,114.08999633789062,75.16500854492188,904000,0.0,0.0,0.0
2013-12-16,114.27999877929688,114.3499984741211,114.05999755859375,114.18000030517578,75.22428894042969,1593500,0.0,0.0,0.0
2013-12-17,114.08999633789062,114.5199966430664,114.08999633789062,114.5199966430664,75.44829559326172,1500800,0.0,0.0,0.0
2013-12-18,114.33000183105469,114.9000015258789,114.04000091552734,114.5199966430664,75.44829559326172,1946900,0.0,0.0,0.0
2013-12-19,114.19000244140625,114.5,114.16999816894531,114.3499984741211,75.3363037109375,2493300,0.0,0.0,0.0
2013-12-20,114.66000366210938,114.87999725341797,114.51000213623047,114.87999725341797,75.68553161621094,1269700,0.0,0.0,0.0
2013-12-23,114.81999969482422,115.04000091552734,114.69000244140625,114.69999694824219,75.56688690185547,1204900,0.0,0.0,0.0
2013-12-24,114.5199966430664,115.0,114.51000213623047,114.66999816894531,75.547119140625,1003500,0.0,0.0,0.0
2013-12-26,114.16999816894531,114.38999938964844,114.16999816894531,114.23999786376953,75.49295043945312,2268000,0.348,0.0,0.0
2013-12-27,114.08000183105469,114.23999786376953,114.04000091552734,114.13999938964844,75.42686462402344,2463600,0.0,0.0,0.0
2013-12-30,114.19999694824219,114.48999786376953,114.19999694824219,114.4800033569336,75.65158081054688,2790000,0.0,0.0,0.0
2013-12-31,114.30000305175781,114.48999786376953,114.0199966430664,114.19000244140625,75.45987701416016,1658600,0.0,0.0,0.0
2014-01-02,114.29000091552734,114.45999908447266,114.11000061035156,114.41000366210938,75.60530853271484,1887700,0.0,0.0,0.0
2014-01-03,114.22000122070312,114.73999786376953,114.22000122070312,114.58000183105469,75.71765899658203,1695800,0.0,0.0,0.0
2014-01-06,114.73999786376953,114.88999938964844,114.6500015258789,114.83000183105469,75.8827896118164,1171700,0.0,0.0,0.0
2014-01-07,114.91999816894531,114.94000244140625,114.66000366210938,114.73999786376953,75.8233642578125,1086500,0.0,0.0,0.0
2014-01-08,114.5,114.52999877929688,114.1500015258789,114.25,75.4995346069336,1067000,0.0,0.0,0.0
2014-01-09,114.4000015258789,114.51000213623047,114.18000030517578,114.51000213623047,75.67135620117188,1216000,0.0,0.0,0.0
2014-01-10,114.91000366210938,115.25,114.88999938964844,115.12999725341797,76.0810775756836,1736900,0.0,0.0,0.0
2014-01-13,115.2300033569336,115.44999694824219,115.16999816894531,115.3499984741211,76.2264404296875,2109900,0.0,0.0,0.0
2014-01-14,115.19999694824219,115.30000305175781,115.0,115.01000213623047,76.00177764892578,1529100,0.0,0.0,0.0
2014-01-15,114.80000305175781,115.08999633789062,114.73999786376953,115.04000091552734,76.02159881591797,1495000,0.0,0.0,0.0
2014-01-16,115.22000122070312,115.31999969482422,115.16999816894531,115.30999755859375,76.2000732421875,1372300,0.0,0.0,0.0
2014-01-17,115.19000244140625,115.44000244140625,115.11000061035156,115.44000244140625,76.28594207763672,1766000,0.0,0.0,0.0
2014-01-21,115.2699966430664,115.4000015258789,115.2699966430664,115.27999877929688,76.18022155761719,1114100,0.0,0.0,0.0
2014-01-22,115.16000366210938,115.29000091552734,114.98999786376953,115.0,75.99519348144531,1687800,0.0,0.0,0.0
2014-01-23,115.22000122070312,115.5999984741211,115.19999694824219,115.44000244140625,76.28594207763672,1597600,0.0,0.0,0.0
2014-01-24,115.48999786376953,115.62999725341797,115.2699966430664,115.36000061035156,76.23310089111328,1681100,0.0,0.0,0.0
2014-01-27,115.2699966430664,115.58999633789062,115.13999938964844,115.13999938964844,76.08772277832031,1979600,0.0,0.0,0.0
2014-01-28,115.4000015258789,115.69999694824219,115.30000305175781,115.69999694824219,76.4577407836914,2420900,0.0,0.0,0.0
2014-01-29,115.72000122070312,115.98999786376953,115.58000183105469,115.93000030517578,76.60975646972656,2105500,0.0,0.0,0.0
2014-01-30,115.83000183105469,116.0199966430664,115.66999816894531,115.98999786376953,76.6493911743164,1821900,0.0,0.0,0.0
2014-01-31,116.05000305175781,116.33999633789062,116.01000213623047,116.33999633789062,76.88068389892578,1427400,0.0,0.0,0.0
2014-02-03,115.88999938964844,116.75,115.83000183105469,116.73999786376953,77.37647247314453,6064600,0.348,0.0,0.0
2014-02-04,116.33000183105469,116.33999633789062,116.0999984741211,116.18000030517578,77.00531005859375,2015000,0.0,0.0,0.0
2014-02-05,116.0,116.01000213623047,115.77999877929688,115.80999755859375,76.76005554199219,3226900,0.0,0.0,0.0
2014-02-06,115.75,115.83000183105469,115.62000274658203,115.69999694824219,76.68712615966797,853500,0.0,0.0,0.0
2014-02-07,115.83000183105469,116.16999816894531,115.77999877929688,116.05999755859375,76.92575073242188,1076900,0.0,0.0,0.0
2014-02-10,115.93000030517578,116.12000274658203,115.87999725341797,116.11000061035156,76.95889282226562,1048800,0.0,0.0,0.0
2014-02-11,115.87000274658203,115.93000030517578,115.70999908447266,115.87000274658203,76.79984283447266,2288900,0.0,0.0,0.0
2014-02-12,115.69999694824219,115.72000122070312,115.45999908447266,115.5199966430664,76.56786346435547,971500,0.0,0.0,0.0
2014-02-13,116.04000091552734,116.0999984741211,115.8499984741211,116.0,76.8860092163086,1125500,0.0,0.0,0.0
2014-02-14,116.12000274658203,116.22000122070312,115.9800033569336,116.22000122070312,77.03181457519531,1063900,0.0,0.0,0.0
2014-02-18,116.3499984741211,116.6500015258789,116.29000091552734,116.45999908447266,77.19088745117188,1034400,0.0,0.0,0.0
2014-02-19,116.69999694824219,116.69999694824219,116.26000213623047,116.33000183105469,77.10469818115234,1556900,0.0,0.0,0.0
2014-02-20,116.19000244140625,116.30999755859375,116.0,116.18000030517578,77.00531005859375,1148800,0.0,0.0,0.0
2014-02-21,116.05999755859375,116.33999633789062,116.04000091552734,116.30000305175781,77.0848388671875,711000,0.0,0.0,0.0
2014-02-24,116.41000366210938,116.45999908447266,116.2300033569336,116.36000061035156,77.12458038330078,703600,0.0,0.0,0.0
2014-02-25,116.62999725341797,116.80999755859375,116.44999694824219,116.80999755859375,77.4228744506836,787300,0.0,0.0,0.0
2014-02-26,116.80000305175781,117.19999694824219,116.79000091552734,117.19000244140625,77.67474365234375,898200,0.0,0.0,0.0
2014-02-27,117.29000091552734,117.44000244140625,117.26000213623047,117.38999938964844,77.80731201171875,964900,0.0,0.0,0.0
2014-02-28,117.2300033569336,117.36000061035156,117.02999877929688,117.31999969482422,77.76089477539062,1791900,0.0,0.0,0.0
2014-03-03,117.05999755859375,117.29000091552734,116.95999908447266,117.27999877929688,77.96432495117188,1292700,0.346,0.0,0.0
2014-03-04,116.9800033569336,117.04000091552734,116.6500015258789,116.6500015258789,77.54550170898438,1075900,0.0,0.0,0.0
2014-03-05,116.56999969482422,116.8499984741211,116.55000305175781,116.58999633789062,77.50563049316406,2869300,0.0,0.0,0.0
2014-03-06,116.13999938964844,116.37999725341797,116.12000274658203,116.23999786376953,77.27296447753906,1271000,0.0,0.0,0.0
2014-03-07,115.94999694824219,116.0,115.63999938964844,115.81999969482422,76.9937515258789,1473800,0.0,0.0,0.0
2014-03-10,115.69999694824219,115.79000091552734,115.62000274658203,115.63999938964844,76.87410736083984,1851400,0.0,0.0,0.0
2014-03-11,115.69000244140625,115.80999755859375,115.61000061035156,115.68000030517578,76.90071105957031,943800,0.0,0.0,0.0
2014-03-12,116.0,116.13999938964844,115.93000030517578,116.08999633789062,77.17327880859375,1303800,0.0,0.0,0.0
2014-03-13,115.81999969482422,116.55999755859375,115.81999969482422,116.5,77.4457778930664,1696400,0.0,0.0,0.0
2014-03-14,116.69999694824219,116.7699966430664,116.37000274658203,116.37000274658203,77.35935974121094,797800,0.0,0.0,0.0
2014-03-17,116.36000061035156,116.43000030517578,116.16999816894531,116.22000122070312,77.25968933105469,635800,0.0,0.0,0.0
2014-03-18,116.25,116.58000183105469,116.19000244140625,116.58000183105469,77.49896240234375,963500,0.0,0.0,0.0
2014-03-19,116.52999877929688,116.54000091552734,115.69000244140625,115.73999786376953,76.94054412841797,1286700,0.0,0.0,0.0
2014-03-20,115.7300033569336,115.95999908447266,115.70999908447266,115.9000015258789,77.04688262939453,2003400,0.0,0.0,0.0
2014-03-21,116.06999969482422,116.38999938964844,116.01000213623047,116.30000305175781,77.3128662109375,636100,0.0,0.0,0.0
2014-03-24,116.29000091552734,116.66000366210938,116.25,116.5199966430664,77.45906066894531,1061300,0.0,0.0,0.0
2014-03-25,116.27999877929688,116.5999984741211,116.27999877929688,116.55999755859375,77.4856948852539,1352800,0.0,0.0,0.0
2014-03-26,116.62000274658203,117.02999877929688,116.5999984741211,117.01000213623047,77.78484344482422,955000,0.0,0.0,0.0
2014-03-27,116.87000274658203,117.26000213623047,116.80999755859375,117.04000091552734,77.80480194091797,665500,0.0,0.0,0.0
2014-03-28,117.0199966430664,117.11000061035156,116.83000183105469,116.94999694824219,77.74492645263672,816300,0.0,0.0,0.0
2014-03-31,116.69000244140625,116.97000122070312,116.56999969482422,116.94000244140625,77.73831176757812,1695700,0.0,0.0,0.0
2014-04-01,116.44000244140625,116.52999877929688,116.30000305175781,116.30999755859375,77.54497528076172,3416600,0.34,0.0,0.0
2014-04-02,116.08000183105469,116.26000213623047,116.08000183105469,116.1500015258789,77.43827819824219,1236800,0.0,0.0,0.0
2014-04-03,116.25,116.51000213623047,116.25,116.37000274658203,77.58496856689453,1012200,0.0,0.0,0.0
2014-04-04,116.73999786376953,117.02999877929688,116.72000122070312,116.83000183105469,77.8916244506836,989900,0.0,0.0,0.0
2014-04-07,116.98999786376953,117.19999694824219,116.95999908447266,117.11000061035156,78.07827758789062,1024500,0.0,0.0,0.0
2014-04-08,117.0999984741211,117.41999816894531,117.02999877929688,117.41999816894531,78.28498077392578,992600,0.0,0.0,0.0
2014-04-09,117.19000244140625,117.58999633789062,117.12999725341797,117.5199966430664,78.3516616821289,1675600,0.0,0.0,0.0
2014-04-10,117.4800033569336,118.04000091552734,117.38999938964844,117.68000030517578,78.45835876464844,1401500,0.0,0.0,0.0
2014-04-11,118.0,118.0,117.76000213623047,117.76000213623047,78.51170349121094,1258200,0.0,0.0,0.0
2014-04-14,117.8499984741211,117.93000030517578,117.69999694824219,117.83999633789062,78.56503295898438,908600,0.0,0.0,0.0
2014-04-15,117.83999633789062,118.2300033569336,117.7699966430664,118.08999633789062,78.73171997070312,1152500,0.0,0.0,0.0
2014-04-16,117.7699966430664,118.1500015258789,117.75,118.13999938964844,78.76502990722656,956300,0.0,0.0,0.0
2014-04-17,118.12000274658203,118.12000274658203,117.41999816894531,117.45999908447266,78.31168365478516,1510500,0.0,0.0,0.0
2014-04-21,117.70999908447266,117.79000091552734,117.51000213623047,117.62000274658203,78.41832733154297,652500,0.0,0.0,0.0
2014-04-22,117.44999694824219,117.73999786376953,117.4000015258789,117.68000030517578,78.45835876464844,1385000,0.0,0.0,0.0
2014-04-23,117.7699966430664,118.01000213623047,117.76000213623047,117.94000244140625,78.63165283203125,1778900,0.0,0.0,0.0
2014-04-24,117.73999786376953,118.01000213623047,117.69999694824219,117.95999908447266,78.64500427246094,1161000,0.0,0.0,0.0
2014-04-25,118.04000091552734,118.2699966430664,117.94000244140625,117.94000244140625,78.63165283203125,1051500,0.0,0.0,0.0
2014-04-28,117.94000244140625,118.08000183105469,117.69999694824219,117.80000305175781,78.5383529663086,1015500,0.0,0.0,0.0
2014-04-29,117.61000061035156,117.87000274658203,117.5999984741211,117.81999969482422,78.55170440673828,1359500,0.0,0.0,0.0
2014-04-30,117.95999908447266,118.27999877929688,117.79000091552734,118.1500015258789,78.77168273925781,2123200,0.0,0.0,0.0
2014-05-01,117.87999725341797,118.31999969482422,117.81999969482422,118.30000305175781,79.10196685791016,2193800,0.344,0.0,0.0
2014-05-02,118.04000091552734,118.68000030517578,117.94000244140625,118.55000305175781,79.2691879272461,862700,0.0,0.0,0.0
2014-05-05,118.5,118.63999938964844,118.23999786376953,118.25,79.06854248046875,1879800,0.0,0.0,0.0
2014-05-06,118.41000366210938,118.55000305175781,118.37000274658203,118.44999694824219,79.20231628417969,2251100,0.0,0.0,0.0
2014-05-07,118.4800033569336,118.58000183105469,118.29000091552734,118.47000122070312,79.21566009521484,1869200,0.0,0.0,0.0
2014-05-08,118.58000183105469,118.83000183105469,118.37000274658203,118.5,79.23570251464844,3351200,0.0,0.0,0.0
2014-05-09,118.33999633789062,118.4800033569336,118.2300033569336,118.37000274658203,79.14879608154297,1148100,0.0,0.0,0.0
2014-05-12,118.12000274658203,118.19999694824219,117.97000122070312,118.06999969482422,78.9482192993164,1634400,0.0,0.0,0.0
2014-05-13,118.3499984741211,118.5199966430664,118.30000305175781,118.51000213623047,79.24239349365234,961600,0.0,0.0,0.0
2014-05-14,118.86000061035156,119.22000122070312,118.83999633789062,119.0999984741211,79.63688659667969,1359000,0.0,0.0,0.0
2014-05-15,119.29000091552734,119.55999755859375,119.0999984741211,119.30999755859375,79.7773666381836,755100,0.0,0.0,0.0
2014-05-16,119.0999984741211,119.36000061035156,119.06999969482422,119.16999816894531,79.68372344970703,821100,0.0,0.0,0.0
2014-05-19,119.3499984741211,119.45999908447266,118.97000122070312,119.05999755859375,79.61019134521484,726700,0.0,0.0,0.0
2014-05-20,118.94999694824219,119.31999969482422,118.94999694824219,119.05999755859375,79.61019134521484,1200100,0.0,0.0,0.0
2014-05-21,118.77999877929688,118.88999938964844,118.66999816894531,118.83999633789062,79.46306610107422,1397200,0.0,0.0,0.0
2014-05-22,118.8499984741211,118.87000274658203,118.68000030517578,118.80000305175781,79.43635559082031,605800,0.0,0.0,0.0
2014-05-23,118.94000244140625,119.04000091552734,118.83000183105469,118.93000030517578,79.52326202392578,582500,0.0,0.0,0.0
2014-05-27,119.05999755859375,119.3499984741211,118.80999755859375,119.3499984741211,79.80409240722656,1062700,0.0,0.0,0.0
2014-05-28,119.51000213623047,119.91999816894531,119.51000213623047,119.91999816894531,80.18518829345703,1430800,0.0,0.0,0.0
2014-05-29,119.86000061035156,120.12999725341797,119.56999969482422,119.56999969482422,79.95121002197266,1325700,0.0,0.0,0.0
2014-05-30,119.47000122070312,119.69000244140625,119.33999633789062,119.58999633789062,79.96459197998047,1045400,0.0,0.0,0.0
2014-06-02,118.88999938964844,119.08000183105469,118.55000305175781,118.58999633789062,79.52066802978516,2652700,0.338,0.0,0.0
2014-06-03,118.45999908447266,118.48999786376953,118.05000305175781,118.05000305175781,79.1585922241211,1431100,0.0,0.0,0.0
2014-06-04,118.20999908447266,118.2300033569336,117.97000122070312,117.98999786376953,79.11833190917969,1263600,0.0,0.0,0.0
2014-06-05,118.04000091552734,118.3499984741211,117.91000366210938,118.23999786376953,79.28598022460938,801000,0.0,0.0,0.0
2014-06-06,118.44000244140625,118.76000213623047,118.37000274658203,118.48999786376953,79.45359802246094,1112700,0.0,0.0,0.0
2014-06-09,118.29000091552734,118.33000183105469,118.11000061035156,118.25,79.29269409179688,1215400,0.0,0.0,0.0
2014-06-10,118.06999969482422,118.16999816894531,118.0,118.02999877929688,79.14512634277344,758800,0.0,0.0,0.0
2014-06-11,118.11000061035156,118.27999877929688,118.02999877929688,118.12000274658203,79.20555114746094,507500,0.0,0.0,0.0
2014-06-12,118.18000030517578,118.5999984741211,118.05999755859375,118.5,79.46031951904297,964800,0.0,0.0,0.0
2014-06-13,118.12999725341797,118.58999633789062,118.08000183105469,118.4800033569336,79.4469223022461,474700,0.0,0.0,0.0
2014-06-16,118.4000015258789,118.62000274658203,118.37999725341797,118.47000122070312,79.440185546875,732400,0.0,0.0,0.0
2014-06-17,118.37000274658203,118.37999725341797,118.05999755859375,118.06999969482422,79.1720199584961,605200,0.0,0.0,0.0
2014-06-18,118.33999633789062,118.75,118.16999816894531,118.75,79.6279067993164,791400,0.0,0.0,0.0
2014-06-19,118.88999938964844,118.9000015258789,118.20999908447266,118.33000183105469,79.34634399414062,610700,0.0,0.0,0.0
2014-06-20,118.23999786376953,118.61000061035156,118.18000030517578,118.55999755859375,79.50054168701172,1151900,0.0,0.0,0.0
2014-06-23,118.69999694824219,118.77999877929688,118.48999786376953,118.55000305175781,79.49384307861328,833300,0.0,0.0,0.0
2014-06-24,118.87999725341797,119.05999755859375,118.58999633789062,119.05000305175781,79.82911682128906,777600,0.0,0.0,0.0
2014-06-25,119.43000030517578,119.43000030517578,119.13999938964844,119.16999816894531,79.90957641601562,827100,0.0,0.0,0.0
2014-06-26,119.23999786376953,119.5199966430664,119.23999786376953,119.38999938964844,80.0571517944336,698700,0.0,0.0,0.0
2014-06-27,119.5199966430664,119.61000061035156,119.37000274658203,119.37000274658203,80.04369354248047,729300,0.0,0.0,0.0
2014-06-30,119.44000244140625,119.45999908447266,119.16999816894531,119.26000213623047,79.96995544433594,857200,0.0,0.0,0.0
2014-07-01,118.70999908447266,118.8499984741211,118.45999908447266,118.47000122070312,79.6606216430664,5448400,0.33,0.0,0.0
2014-07-02,118.31999969482422,118.31999969482422,117.97000122070312,118.05000305175781,79.37825012207031,3278000,0.0,0.0,0.0
2014-07-03,117.76000213623047,118.0,117.66000366210938,117.93000030517578,79.29752349853516,648400,0.0,0.0,0.0
2014-07-07,118.0199966430664,118.22000122070312,117.94999694824219,118.13999938964844,79.43876647949219,1219200,0.0,0.0,0.0
2014-07-08,118.48999786376953,118.66000366210938,118.45999908447266,118.58000183105469,79.73462677001953,1296400,0.0,0.0,0.0
2014-07-09,118.5199966430664,118.87000274658203,118.37000274658203,118.7699966430664,79.86235809326172,836700,0.0,0.0,0.0
2014-07-10,118.94000244140625,118.97000122070312,118.6500015258789,118.68000030517578,79.80184173583984,524000,0.0,0.0,0.0
2014-07-11,118.83999633789062,119.11000061035156,118.83999633789062,119.05000305175781,80.0506591796875,1259300,0.0,0.0,0.0
2014-07-14,118.86000061035156,118.93000030517578,118.7300033569336,118.80000305175781,79.88248443603516,690900,0.0,0.0,0.0
2014-07-15,118.70999908447266,119.04000091552734,118.5,118.66999816894531,79.79515075683594,791400,0.0,0.0,0.0
2014-07-16,118.79000091552734,118.98999786376953,118.69000244140625,118.94999694824219,79.98339080810547,963800,0.0,0.0,0.0
2014-07-17,119.18000030517578,119.48999786376953,119.05999755859375,119.4000015258789,80.28600311279297,847900,0.0,0.0,0.0
2014-07-18,119.3499984741211,119.38999938964844,119.06999969482422,119.23999786376953,80.17839813232422,539300,0.0,0.0,0.0
2014-07-21,119.37000274658203,119.47000122070312,119.20999908447266,119.23999786376953,80.17839813232422,852600,0.0,0.0,0.0
2014-07-22,119.30999755859375,119.4000015258789,119.18000030517578,119.33000183105469,80.23892974853516,1017500,0.0,0.0,0.0
2014-07-23,119.45999908447266,119.55000305175781,119.41000366210938,119.47000122070312,80.3330078125,1597800,0.0,0.0,0.0
2014-07-24,119.11000061035156,119.16999816894531,118.9800033569336,119.0,80.01700592041016,813400,0.0,0.0,0.0
2014-07-25,119.37000274658203,119.45999908447266,119.22000122070312,119.45999908447266,80.32633972167969,655400,0.0,0.0,0.0
2014-07-28,119.41000366210938,119.51000213623047,119.2300033569336,119.31999969482422,80.23216247558594,1290600,0.0,0.0,0.0
2014-07-29,119.52999877929688,119.55000305175781,119.27999877929688,119.43000030517578,80.3061752319336,787500,0.0,0.0,0.0
2014-07-30,119.08000183105469,119.18000030517578,118.69999694824219,118.87999725341797,79.93633270263672,1305800,0.0,0.0,0.0
2014-07-31,118.37000274658203,118.7300033569336,118.36000061035156,118.55000305175781,79.71446228027344,2121700,0.0,0.0,0.0
2014-08-01,118.12999725341797,118.87999725341797,118.08000183105469,118.81999969482422,80.1250991821289,2763600,0.339,0.0,0.0
2014-08-04,118.87000274658203,119.01000213623047,118.72000122070312,118.8499984741211,80.14530944824219,1779300,0.0,0.0,0.0
2014-08-05,118.66999816894531,118.98999786376953,118.5,118.97000122070312,80.22625732421875,2416200,0.0,0.0,0.0
2014-08-06,119.11000061035156,119.12000274658203,118.73999786376953,118.76000213623047,80.08460998535156,1799500,0.0,0.0,0.0
2014-08-07,118.94000244140625,119.12000274658203,118.79000091552734,119.06999969482422,80.29368591308594,1839200,0.0,0.0,0.0
2014-08-08,119.2699966430664,119.41000366210938,119.0,119.04000091552734,80.27346801757812,1048300,0.0,0.0,0.0
2014-08-11,119.13999938964844,119.27999877929688,119.0199966430664,119.08999633789062,80.30716705322266,770900,0.0,0.0,0.0
2014-08-12,119.19999694824219,119.20999908447266,118.9800033569336,119.02999877929688,80.26669311523438,1927400,0.0,0.0,0.0
2014-08-13,119.04000091552734,119.33000183105469,119.0,119.2699966430664,80.42855834960938,2260600,0.0,0.0,0.0
2014-08-14,119.45999908447266,119.5,119.19000244140625,119.4000015258789,80.51622772216797,1694200,0.0,0.0,0.0
2014-08-15,119.56999969482422,120.18000030517578,119.51000213623047,119.81999969482422,80.7994384765625,1729500,0.0,0.0,0.0
2014-08-18,119.68000030517578,119.73999786376953,119.45999908447266,119.55000305175781,80.61736297607422,1624200,0.0,0.0,0.0
2014-08-19,119.73999786376953,119.77999877929688,119.30000305175781,119.47000122070312,80.5633773803711,1559000,0.0,0.0,0.0
2014-08-20,119.43000030517578,119.47000122070312,119.11000061035156,119.19999694824219,80.38133239746094,746700,0.0,0.0,0.0
2014-08-21,119.38999938964844,119.63999938964844,119.37999725341797,119.61000061035156,80.65779876708984,1817900,0.0,0.0,0.0
2014-08-22,119.61000061035156,119.87999725341797,119.33999633789062,119.76000213623047,80.75897979736328,1014500,0.0,0.0,0.0
2014-08-25,119.87999725341797,119.94999694824219,119.72000122070312,119.94999694824219,80.88706970214844,793300,0.0,0.0,0.0
2014-08-26,120.05000305175781,120.08999633789062,119.8499984741211,120.02999877929688,80.94109344482422,730100,0.0,0.0,0.0
2014-08-27,120.0999984741211,120.29000091552734,120.0199966430664,120.2300033569336,81.07592010498047,1412400,0.0,0.0,0.0
2014-08-28,120.5,120.5999984741211,120.31999969482422,120.48999786376953,81.25127410888672,1100200,0.0,0.0,0.0
2014-08-29,120.43000030517578,120.68000030517578,120.38999938964844,120.58000183105469,81.31196594238281,1257900,0.0,0.0,0.0
2014-09-02,119.73999786376953,119.87999725341797,119.58000183105469,119.66999816894531,80.92510986328125,3493400,0.338,0.0,0.0
2014-09-03,119.45999908447266,119.83000183105469,119.41000366210938,119.83000183105469,81.03331756591797,838300,0.0,0.0,0.0
2014-09-04,119.52999877929688,119.66000366210938,118.94999694824219,118.9800033569336,80.4585189819336,4901900,0.0,0.0,0.0
2014-09-05,119.26000213623047,119.4000015258789,118.88999938964844,119.0,80.47203826904297,1557300,0.0,0.0,0.0
2014-09-08,119.20999908447266,119.30000305175781,118.7699966430664,118.80000305175781,80.33683013916016,1133000,0.0,0.0,0.0
2014-09-09,118.69000244140625,118.70999908447266,118.47000122070312,118.4800033569336,80.12040710449219,1853400,0.0,0.0,0.0
2014-09-10,118.23999786376953,118.41000366210938,118.19999694824219,118.29000091552734,79.99187469482422,1894800,0.0,0.0,0.0
2014-09-11,118.38999938964844,118.55000305175781,118.19999694824219,118.19999694824219,79.93107604980469,1300200,0.0,0.0,0.0
2014-09-12,117.86000061035156,118.02999877929688,117.5999984741211,117.62999725341797,79.54560852050781,1296900,0.0,0.0,0.0
2014-09-15,117.88999938964844,117.94000244140625,117.61000061035156,117.66000366210938,79.56592559814453,3575600,0.0,0.0,0.0
2014-09-16,117.66999816894531,117.91999816894531,117.58000183105469,117.63999938964844,79.55240631103516,1567600,0.0,0.0,0.0
2014-09-17,117.80999755859375,117.91000366210938,117.26000213623047,117.31999969482422,79.33599853515625,1763300,0.0,0.0,0.0
2014-09-18,117.41000366210938,117.58000183105469,117.33000183105469,117.52999877929688,79.47796630859375,1521200,0.0,0.0,0.0
2014-09-19,117.66999816894531,118.0199966430664,117.5,117.98999786376953,79.78901672363281,739000,0.0,0.0,0.0
2014-09-22,118.05000305175781,118.16999816894531,117.91000366210938,118.0999984741211,79.86344146728516,1729400,0.0,0.0,0.0
2014-09-23,118.16999816894531,118.29000091552734,118.05999755859375,118.29000091552734,79.99187469482422,904400,0.0,0.0,0.0
2014-09-24,118.22000122070312,118.23999786376953,117.94000244140625,118.01000213623047,79.8026123046875,786700,0.0,0.0,0.0
2014-09-25,118.05999755859375,118.44000244140625,118.05000305175781,118.36000061035156,80.03923034667969,1375200,0.0,0.0,0.0
2014-09-26,117.87999725341797,118.13999938964844,117.4000015258789,118.0999984741211,79.86344146728516,3295000,0.0,0.0,0.0
2014-09-29,118.12000274658203,118.2300033569336,117.87999725341797,118.05000305175781,79.82962799072266,3628200,0.0,0.0,0.0
2014-09-30,118.13999938964844,118.41999816894531,118.05000305175781,118.22000122070312,79.944580078125,1716100,0.0,0.0,0.0
2014-10-01,118.30999755859375,118.80999755859375,118.25,118.5999984741211,80.4294662475586,1973500,0.335,0.0,0.0
2014-10-02,118.5999984741211,118.79000091552734,118.37000274658203,118.58999633789062,80.42267608642578,1891200,0.0,0.0,0.0
2014-10-03,118.56999969482422,118.94999694824219,118.37000274658203,118.93000030517578,80.65328216552734,2535800,0.0,0.0,0.0
2014-10-06,118.91000366210938,119.1500015258789,118.87000274658203,118.98999786376953,80.69393157958984,1858400,0.0,0.0,0.0
2014-10-07,119.27999877929688,119.62999725341797,119.16000366210938,119.41999816894531,80.98555755615234,1887900,0.0,0.0,0.0
2014-10-08,119.5999984741211,120.08000183105469,119.2300033569336,120.02999877929688,81.39920043945312,2297900,0.0,0.0,0.0
2014-10-09,119.7300033569336,119.94000244140625,119.51000213623047,119.52999877929688,81.06014251708984,1786200,0.0,0.0,0.0
2014-10-10,119.5999984741211,119.66999816894531,119.41000366210938,119.62999725341797,81.1279525756836,1371400,0.0,0.0,0.0
2014-10-13,119.91999816894531,120.18000030517578,119.80000305175781,119.94000244140625,81.33818054199219,1748200,0.0,0.0,0.0
2014-10-14,120.08999633789062,120.25,119.88999938964844,120.20999908447266,81.52130889892578,2826400,0.0,0.0,0.0
2014-10-15,120.80000305175781,122.43000030517578,120.12999725341797,120.30000305175781,81.58235168457031,3497900,0.0,0.0,0.0
2014-10-16,120.73999786376953,120.79000091552734,119.83999633789062,120.02999877929688,81.39920043945312,2229900,0.0,0.0,0.0
2014-10-17,120.05999755859375,120.19999694824219,119.75,119.9800033569336,81.36536407470703,1537800,0.0,0.0,0.0
2014-10-20,120.27999877929688,120.29000091552734,119.97000122070312,120.19999694824219,81.51454162597656,1735300,0.0,0.0,0.0
2014-10-21,120.0,120.23999786376953,119.94999694824219,120.12999725341797,81.46707916259766,1150000,0.0,0.0,0.0
2014-10-22,119.93000030517578,120.0199966430664,119.77999877929688,119.93000030517578,81.33142852783203,957000,0.0,0.0,0.0
2014-10-23,119.69999694824219,119.8499984741211,119.44999694824219,119.69999694824219,81.17544555664062,1408400,0.0,0.0,0.0
2014-10-24,119.68000030517578,119.94999694824219,119.5999984741211,119.75,81.20934295654297,1727800,0.0,0.0,0.0
2014-10-27,119.75,119.91000366210938,119.66000366210938,119.9000015258789,81.31108856201172,1946500,0.0,0.0,0.0
2014-10-28,119.70999908447266,119.75,119.44000244140625,119.5,81.0398178100586,2212700,0.0,0.0,0.0
2014-10-29,119.44000244140625,119.5,118.86000061035156,119.27999877929688,80.89060974121094,3574000,0.0,0.0,0.0
2014-10-30,119.44999694824219,119.69999694824219,119.30000305175781,119.36000061035156,80.94490814208984,2542000,0.0,0.0,0.0
2014-10-31,119.30999755859375,119.44000244140625,119.02999877929688,119.33999633789062,80.93132019042969,1893700,0.0,0.0,0.0
2014-11-03,118.77999877929688,118.97000122070312,118.62999725341797,118.7699966430664,80.77149963378906,6621700,0.335,0.0,0.0
2014-11-04,118.80000305175781,119.12999725341797,118.7699966430664,118.94000244140625,80.88709259033203,2155400,0.0,0.0,0.0
2014-11-05,118.80999755859375,118.8499984741211,118.61000061035156,118.72000122070312,80.73745727539062,1725300,0.0,0.0,0.0
2014-11-06,118.58999633789062,118.70999908447266,118.33000183105469,118.36000061035156,80.49264526367188,1458700,0.0,0.0,0.0
2014-11-07,118.5,119.12000274658203,118.5,119.11000061035156,81.00270080566406,1730000,0.0,0.0,0.0
2014-11-10,118.9800033569336,119.0,118.5,118.51000213623047,80.59463500976562,1710500,0.0,0.0,0.0
2014-11-11,118.5,118.58999633789062,118.4000015258789,118.5,80.58786010742188,805600,0.0,0.0,0.0
2014-11-12,118.83000183105469,118.9800033569336,118.3499984741211,118.48999786376953,80.58108520507812,1931400,0.0,0.0,0.0
2014-11-13,118.52999877929688,118.55999755859375,118.30999755859375,118.36000061035156,80.49264526367188,2128500,0.0,0.0,0.0
2014-11-14,118.25,118.70999908447266,118.19000244140625,118.51000213623047,80.59463500976562,1784800,0.0,0.0,0.0
2014-11-17,118.63999938964844,118.68000030517578,118.16999816894531,118.2300033569336,80.40425109863281,1770100,0.0,0.0,0.0
2014-11-18,118.20999908447266,118.36000061035156,118.16000366210938,118.33000183105469,80.47225952148438,2002900,0.0,0.0,0.0
2014-11-19,117.86000061035156,118.08000183105469,117.69999694824219,117.69999694824219,80.04385375976562,1890200,0.0,0.0,0.0
2014-11-20,118.20999908447266,118.30000305175781,117.87000274658203,118.1500015258789,80.34982299804688,2040100,0.0,0.0,0.0
2014-11-21,118.38999938964844,118.75,118.30000305175781,118.66000366210938,80.69672393798828,1820200,0.0,0.0,0.0
2014-11-24,118.62000274658203,118.88999938964844,118.5999984741211,118.8499984741211,80.8259048461914,1592600,0.0,0.0,0.0
2014-11-25,119.0,119.44999694824219,118.94999694824219,119.36000061035156,81.17277526855469,2052800,0.0,0.0,0.0
2014-11-26,119.7300033569336,119.8499984741211,119.66000366210938,119.7699966430664,81.4515380859375,978200,0.0,0.0,0.0
2014-11-28,119.91000366210938,120.11000061035156,119.91000366210938,120.08999633789062,81.6691665649414,1037800,0.0,0.0,0.0
2014-12-01,119.80000305175781,119.87999725341797,118.94999694824219,119.33999633789062,81.38618469238281,6029800,0.335,0.0,0.0
2014-12-02,118.94000244140625,118.95999908447266,118.54000091552734,118.54000091552734,80.840576171875,1496200,0.0,0.0,0.0
2014-12-03,118.62000274658203,118.83000183105469,118.55000305175781,118.66000366210938,80.92244720458984,5153700,0.0,0.0,0.0
2014-12-04,118.61000061035156,119.0,118.58000183105469,118.8499984741211,81.05198669433594,2413000,0.0,0.0,0.0
2014-12-05,118.75,118.80999755859375,118.30000305175781,118.36000061035156,80.71781921386719,1118600,0.0,0.0,0.0
2014-12-08,118.52999877929688,119.05999755859375,118.41999816894531,118.91999816894531,81.0997314453125,1842000,0.0,0.0,0.0
2014-12-09,119.12999725341797,119.2699966430664,118.9000015258789,119.0199966430664,81.16793823242188,1369900,0.0,0.0,0.0
2014-12-10,118.9800033569336,119.2699966430664,118.93000030517578,118.9800033569336,81.14063262939453,2974000,0.0,0.0,0.0
2014-12-11,119.05000305175781,119.1500015258789,118.68000030517578,118.86000061035156,81.0588150024414,1915600,0.0,0.0,0.0
2014-12-12,119.1500015258789,119.62999725341797,119.0,119.05000305175781,81.18838500976562,3457700,0.0,0.0,0.0
2014-12-15,119.0,119.48999786376953,118.86000061035156,119.33000183105469,81.37934875488281,4318600,0.0,0.0,0.0
2014-12-16,119.33999633789062,119.5999984741211,119.13999938964844,119.29000091552734,81.35205841064453,2041000,0.0,0.0,0.0
2014-12-17,119.5199966430664,119.88999938964844,119.12999725341797,119.31999969482422,81.37252807617188,1875200,0.0,0.0,0.0
2014-12-18,119.25,119.51000213623047,118.87999725341797,119.44000244140625,81.45438385009766,2056600,0.0,0.0,0.0
2014-12-19,119.19000244140625,119.47000122070312,119.02999877929688,119.37999725341797,81.41344451904297,1088400,0.0,0.0,0.0
2014-12-22,119.55999755859375,119.80999755859375,119.33000183105469,119.76000213623047,81.672607421875,2011400,0.0,0.0,0.0
2014-12-23,119.5999984741211,119.61000061035156,118.7699966430664,118.8499984741211,81.05198669433594,1285700,0.0,0.0,0.0
2014-12-24,118.51000213623047,118.98999786376953,118.41999816894531,118.91000366210938,81.31318664550781,466200,0.322,0.0,0.0
2014-12-26,119.0999984741211,119.12999725341797,118.86000061035156,119.0,81.37476348876953,499100,0.0,0.0,0.0
2014-12-29,119.2699966430664,119.41999816894531,119.11000061035156,119.2300033569336,81.53202056884766,826200,0.0,0.0,0.0
2014-12-30,119.55000305175781,119.72000122070312,119.30000305175781,119.33000183105469,81.60042572021484,1052000,0.0,0.0,0.0
2014-12-31,119.58000183105469,119.79000091552734,119.30999755859375,119.41000366210938,81.65512084960938,1231400,0.0,0.0,0.0
2015-01-02,119.5999984741211,120.23999786376953,119.55000305175781,119.83000183105469,81.9422836303711,2523600,0.0,0.0,0.0
2015-01-05,120.19000244140625,120.68000030517578,120.08999633789062,120.31999969482422,82.27740478515625,3218800,0.0,0.0,0.0
2015-01-06,120.6500015258789,121.16999816894531,120.47000122070312,120.80999755859375,82.61248016357422,5313400,0.0,0.0,0.0
2015-01-07,120.63999938964844,121.05000305175781,120.51000213623047,120.97000122070312,82.72186279296875,1636600,0.0,0.0,0.0
2015-01-08,120.6500015258789,120.66999816894531,120.37000274658203,120.58000183105469,82.45519256591797,2156900,0.0,0.0,0.0
2015-01-09,120.41999816894531,121.0199966430664,120.38999938964844,120.9000015258789,82.67401885986328,1530400,0.0,0.0,0.0
2015-01-12,120.94000244140625,121.19000244140625,120.87000274658203,121.12999725341797,82.83128356933594,1948000,0.0,0.0,0.0
2015-01-13,121.12999725341797,121.27999877929688,120.91000366210938,121.23999786376953,82.9065170288086,1468300,0.0,0.0,0.0
2015-01-14,121.70999908447266,121.81999969482422,121.3499984741211,121.44999694824219,83.05013275146484,2457000,0.0,0.0,0.0
2015-01-15,121.52999877929688,122.2699966430664,121.44999694824219,122.08000183105469,83.48091888427734,2171300,0.0,0.0,0.0
2015-01-16,121.70999908447266,121.91000366210938,121.2300033569336,121.4000015258789,83.01593780517578,1322500,0.0,0.0,0.0
2015-01-20,121.70999908447266,122.05999755859375,121.62999725341797,121.68000030517578,83.20736694335938,1648900,0.0,0.0,0.0
2015-01-21,122.08000183105469,122.11000061035156,121.31999969482422,121.62999725341797,83.17323303222656,1878000,0.0,0.0,0.0
2015-01-22,121.87999725341797,121.95999908447266,121.25,121.56999969482422,83.13218688964844,1938400,0.0,0.0,0.0
2015-01-23,122.08999633789062,122.41000366210938,122.04000091552734,122.27999877929688,83.61770629882812,1436300,0.0,0.0,0.0
2015-01-26,122.3499984741211,122.47000122070312,122.0,122.25,83.59717559814453,2347900,0.0,0.0,0.0
2015-01-27,122.68000030517578,122.83000183105469,122.19999694824219,122.33999633789062,83.65869903564453,1268000,0.0,0.0,0.0
2015-01-28,122.38999938964844,123.33999633789062,122.37000274658203,123.16999816894531,84.22628784179688,1367900,0.0,0.0,0.0
2015-01-29,122.86000061035156,123.02999877929688,122.69000244140625,122.87999725341797,84.02799224853516,1674500,0.0,0.0,0.0
2015-01-30,123.55000305175781,123.9000015258789,123.43000030517578,123.88999938964844,84.71868896484375,3499000,0.0,0.0,0.0
2015-02-02,123.23999786376953,123.72000122070312,123.05000305175781,123.66999816894531,84.79751586914062,5684700,0.335,0.0,0.0
2015-02-03,123.05999755859375,123.19000244140625,122.5199966430664,122.66999816894531,84.1117935180664,2828500,0.0,0.0,0.0
2015-02-04,122.26000213623047,122.87000274658203,122.19000244140625,122.83999633789062,84.22840118408203,3209500,0.0,0.0,0.0
2015-02-05,122.58999633789062,122.69000244140625,122.36000061035156,122.44999694824219,83.96099853515625,1789300,0.0,0.0,0.0
2015-02-06,121.95999908447266,122.08999633789062,121.13999938964844,121.16999816894531,83.08329010009766,2578400,0.0,0.0,0.0
2015-02-09,121.55999755859375,121.62000274658203,121.11000061035156,121.25,83.13812255859375,2426900,0.0,0.0,0.0
2015-02-10,121.2300033569336,121.30000305175781,120.88999938964844,120.91999816894531,82.91191101074219,2580300,0.0,0.0,0.0
2015-02-11,121.02999877929688,121.05000305175781,120.63999938964844,121.0,82.96675872802734,2239600,0.0,0.0,0.0
2015-02-12,121.0,121.44000244140625,120.9000015258789,121.30999755859375,83.1792984008789,4045600,0.0,0.0,0.0
2015-02-13,121.29000091552734,121.36000061035156,120.81999969482422,120.83000183105469,82.85018157958984,2068700,0.0,0.0,0.0
2015-02-17,120.66000366210938,120.77999877929688,120.05999755859375,120.2699966430664,82.46619415283203,2970300,0.0,0.0,0.0
2015-02-18,120.33999633789062,121.0,120.20999908447266,120.69999694824219,82.76105499267578,3221900,0.0,0.0,0.0
2015-02-19,120.63999938964844,121.08000183105469,120.54000091552734,120.68000030517578,82.74728393554688,2765500,0.0,0.0,0.0
2015-02-20,121.0199966430664,121.31999969482422,120.47000122070312,120.86000061035156,82.87078094482422,1621100,0.0,0.0,0.0
2015-02-23,121.1500015258789,121.27999877929688,121.05999755859375,121.2699966430664,83.15188598632812,2191400,0.0,0.0,0.0
2015-02-24,121.05999755859375,122.0999984741211,120.80000305175781,122.05999755859375,83.69355010986328,1891700,0.0,0.0,0.0
2015-02-25,121.91999816894531,122.19999694824219,121.73999786376953,122.16999816894531,83.76897430419922,2024500,0.0,0.0,0.0
2015-02-26,122.0,122.1500015258789,121.44000244140625,121.51000213623047,83.31643676757812,1192200,0.0,0.0,0.0
2015-02-27,121.54000091552734,121.86000061035156,121.30999755859375,121.80000305175781,83.5152816772461,2892800,0.0,0.0,0.0
2015-03-02,121.36000061035156,121.36000061035156,120.4000015258789,120.41999816894531,82.79131317138672,4540700,0.327,0.0,0.0
2015-03-03,120.5,120.7699966430664,120.33999633789062,120.3499984741211,82.74320220947266,4737600,0.0,0.0,0.0
2015-03-04,120.66000366210938,120.66999816894531,120.19999694824219,120.2699966430664,82.68820190429688,2703200,0.0,0.0,0.0
2015-03-05,120.5,120.58000183105469,120.12999725341797,120.43000030517578,82.79818725585938,1307600,0.0,0.0,0.0
2015-03-06,119.69999694824219,119.80999755859375,119.11000061035156,119.1500015258789,81.91814422607422,3372800,0.0,0.0,0.0
2015-03-09,119.58999633789062,119.68000030517578,119.37999725341797,119.62999725341797,82.24821472167969,6241000,0.0,0.0,0.0
2015-03-10,120.0199966430664,120.19000244140625,119.79000091552734,119.81999969482422,82.37881469726562,3356900,0.0,0.0,0.0
2015-03-11,120.06999969482422,120.44000244140625,119.87999725341797,120.43000030517578,82.79818725585938,1712200,0.0,0.0,0.0
2015-03-12,120.62999725341797,120.72000122070312,120.08000183105469,120.30999755859375,82.71570587158203,2970700,0.0,0.0,0.0
2015-03-13,120.0,120.30000305175781,119.9000015258789,119.97000122070312,82.48194122314453,1845300,0.0,0.0,0.0
2015-03-16,120.41999816894531,120.41999816894531,119.91000366210938,120.08999633789062,82.5644302368164,1588300,0.0,0.0,0.0
2015-03-17,120.0999984741211,120.37000274658203,119.87999725341797,120.29000091552734,82.70193481445312,2528800,0.0,0.0,0.0
2015-03-18,120.54000091552734,121.88999938964844,120.36000061035156,121.7699966430664,83.71947479248047,3382500,0.0,0.0,0.0
2015-03-19,121.4800033569336,121.61000061035156,121.05000305175781,121.1500015258789,83.29327392578125,2503000,0.0,0.0,0.0
2015-03-20,121.47000122070312,121.70999908447266,121.36000061035156,121.48999786376953,83.52694702148438,3669300,0.0,0.0,0.0
2015-03-23,121.56999969482422,121.83000183105469,121.55000305175781,121.7699966430664,83.71947479248047,2946600,0.0,0.0,0.0
2015-03-24,121.88999938964844,122.0,121.69999694824219,121.94999694824219,83.8432388305664,2782100,0.0,0.0,0.0
2015-03-25,122.0,122.30000305175781,121.44000244140625,121.55000305175781,83.56822204589844,3205900,0.0,0.0,0.0
2015-03-26,121.2699966430664,121.37999725341797,120.72000122070312,120.80000305175781,83.05257415771484,2681800,0.0,0.0,0.0
2015-03-27,121.18000030517578,121.54000091552734,121.02999877929688,121.27999877929688,83.3825912475586,1009700,0.0,0.0,0.0
2015-03-30,121.41999816894531,121.58999633789062,121.27999877929688,121.48999786376953,83.52694702148438,981100,0.0,0.0,0.0
2015-03-31,121.47000122070312,121.76000213623047,121.31999969482422,121.70999908447266,83.67821502685547,1688400,0.0,0.0,0.0
2015-04-01,121.69999694824219,122.16999816894531,121.61000061035156,121.7300033569336,83.91883087158203,7393500,0.329,0.0,0.0
2015-04-02,121.94000244140625,122.12000274658203,121.5,121.52999877929688,83.78097534179688,3013700,0.0,0.0,0.0
2015-04-06,122.01000213623047,122.16000366210938,121.4000015258789,121.69000244140625,83.8912582397461,3496000,0.0,0.0,0.0
2015-04-07,121.5999984741211,122.13999938964844,121.47000122070312,122.12999725341797,84.19456481933594,2613500,0.0,0.0,0.0
2015-04-08,122.12999725341797,122.12999725341797,121.69999694824219,122.08999633789062,84.16698455810547,3933500,0.0,0.0,0.0
2015-04-09,122.06999969482422,122.06999969482422,121.36000061035156,121.47000122070312,83.73957061767578,1780600,0.0,0.0,0.0
2015-04-10,121.80999755859375,121.9000015258789,121.55999755859375,121.63999938964844,83.85675811767578,1325000,0.0,0.0,0.0
2015-04-13,121.6500015258789,121.8499984741211,121.54000091552734,121.5999984741211,83.82917785644531,1710100,0.0,0.0,0.0
2015-04-14,122.05000305175781,122.30999755859375,121.8499984741211,121.87999725341797,84.02226257324219,2245000,0.0,0.0,0.0
2015-04-15,122.1500015258789,122.29000091552734,121.95999908447266,121.95999908447266,84.07738494873047,1560900,0.0,0.0,0.0
2015-04-16,122.13999938964844,122.13999938964844,121.56999969482422,121.88999938964844,84.02909088134766,1820500,0.0,0.0,0.0
2015-04-17,121.81999969482422,122.3499984741211,121.6500015258789,122.22000122070312,84.25662231445312,1625800,0.0,0.0,0.0
2015-04-20,122.19000244140625,122.3499984741211,121.83999633789062,121.93000030517578,84.0566635131836,1527200,0.0,0.0,0.0
2015-04-21,122.05000305175781,122.0999984741211,121.77999877929688,121.9000015258789,84.03604888916016,2441600,0.0,0.0,0.0
2015-04-22,121.93000030517578,121.94000244140625,121.08999633789062,121.11000061035156,83.4914321899414,2106000,0.0,0.0,0.0
2015-04-23,121.13999938964844,121.58999633789062,121.04000091552734,121.41999816894531,83.70512390136719,1962900,0.0,0.0,0.0
2015-04-24,121.61000061035156,121.83000183105469,121.51000213623047,121.6500015258789,83.86368560791016,1690200,0.0,0.0,0.0
2015-04-27,121.6500015258789,121.76000213623047,121.31999969482422,121.55999755859375,83.80160522460938,1564700,0.0,0.0,0.0
2015-04-28,121.22000122070312,121.37999725341797,120.76000213623047,120.83999633789062,83.3052749633789,1972700,0.0,0.0,0.0
2015-04-29,120.01000213623047,120.1500015258789,119.5999984741211,119.83999633789062,82.61585235595703,3087100,0.0,0.0,0.0
2015-04-30,119.66000366210938,120.01000213623047,119.16999816894531,119.94000244140625,82.68480682373047,5716000,0.0,0.0,0.0
2015-05-01,119.22000122070312,119.47000122070312,118.80000305175781,118.94999694824219,82.2285385131836,3462200,0.33,0.0,0.0
2015-05-04,119.01000213623047,119.16000366210938,118.55999755859375,118.56999969482422,81.96588134765625,2689600,0.0,0.0,0.0
2015-05-05,118.63999938964844,118.69000244140625,118.05000305175781,118.37000274658203,81.82760620117188,3307400,0.0,0.0,0.0
2015-05-06,118.30000305175781,118.30000305175781,117.68000030517578,117.86000061035156,81.47506713867188,2105900,0.0,0.0,0.0
2015-05-07,118.01000213623047,118.41000366210938,117.86000061035156,118.33000183105469,81.79997253417969,3641200,0.0,0.0,0.0
2015-05-08,119.08999633789062,119.2300033569336,118.83000183105469,119.01000213623047,82.27000427246094,5393700,0.0,0.0,0.0
2015-05-11,118.61000061035156,118.6500015258789,117.69000244140625,117.80999755859375,81.44051361083984,3882800,0.0,0.0,0.0
2015-05-12,117.44999694824219,117.9800033569336,117.19999694824219,117.63999938964844,81.32298278808594,3737200,0.0,0.0,0.0
2015-05-13,118.20999908447266,118.27999877929688,117.48999786376953,117.52999877929688,81.24693298339844,3263600,0.0,0.0,0.0
2015-05-14,117.75,118.13999938964844,117.61000061035156,117.93000030517578,81.52347564697266,3094300,0.0,0.0,0.0
2015-05-15,118.20999908447266,118.81999969482422,118.0999984741211,118.75,82.09034729003906,1856500,0.0,0.0,0.0
2015-05-18,118.30999755859375,118.4800033569336,117.75,117.83999633789062,81.46125793457031,2820500,0.0,0.0,0.0
2015-05-19,117.30000305175781,117.80000305175781,117.19999694824219,117.20999908447266,81.0257339477539,3562500,0.0,0.0,0.0
2015-05-20,117.37999725341797,117.68000030517578,117.11000061035156,117.3499984741211,81.12250518798828,2626800,0.0,0.0,0.0
2015-05-21,117.55000305175781,117.94999694824219,117.41999816894531,117.91000366210938,81.50962829589844,1606900,0.0,0.0,0.0
2015-05-22,117.81999969482422,117.8499984741211,117.51000213623047,117.83000183105469,81.45430755615234,2858500,0.0,0.0,0.0
2015-05-26,117.86000061035156,118.41000366210938,117.80999755859375,118.3499984741211,81.81375885009766,2232300,0.0,0.0,0.0
2015-05-27,118.36000061035156,118.55000305175781,118.08999633789062,118.47000122070312,81.8967514038086,2282700,0.0,0.0,0.0
2015-05-28,118.43000030517578,118.48999786376953,118.19000244140625,118.22000122070312,81.72395324707031,2901000,0.0,0.0,0.0
2015-05-29,118.5,118.56999969482422,118.12999725341797,118.2699966430664,81.75846862792969,2845800,0.0,0.0,0.0
2015-06-01,117.86000061035156,117.98999786376953,117.22000122070312,117.27999877929688,81.30026245117188,5315800,0.329,0.0,0.0
2015-06-02,116.87000274658203,116.98999786376953,116.58999633789062,116.68000030517578,80.88436126708984,7084900,0.0,0.0,0.0
2015-06-03,116.44000244140625,116.44000244140625,115.70999908447266,115.93000030517578,80.36447143554688,3307900,0.0,0.0,0.0
2015-06-04,116.12000274658203,116.66999816894531,116.12000274658203,116.52999877929688,80.78038787841797,2849100,0.0,0.0,0.0
2015-06-05,115.91000366210938,116.20999908447266,115.5,115.94000244140625,80.37135314941406,5548400,0.0,0.0,0.0
2015-06-08,116.08000183105469,116.19999694824219,115.86000061035156,115.86000061035156,80.3159408569336,2131100,0.0,0.0,0.0
2015-06-09,115.66999816894531,115.66999816894531,115.23999786376953,115.33999633789062,79.9554672241211,6152300,0.0,0.0,0.0
2015-06-10,115.18000030517578,115.27999877929688,114.93000030517578,115.02999877929688,79.74056243896484,1959600,0.0,0.0,0.0
2015-06-11,115.54000091552734,116.06999969482422,115.29000091552734,116.05000305175781,80.4476318359375,2562600,0.0,0.0,0.0
2015-06-12,115.76000213623047,116.33000183105469,115.7300033569336,115.8499984741211,80.3089599609375,2437900,0.0,0.0,0.0
2015-06-15,116.19999694824219,116.25,115.68000030517578,115.83000183105469,80.29511260986328,1827600,0.0,0.0,0.0
2015-06-16,115.95999908447266,116.12000274658203,115.66000366210938,116.12000274658203,80.49614715576172,2274100,0.0,0.0,0.0
2015-06-17,116.04000091552734,116.19999694824219,115.47000122070312,116.11000061035156,80.48925018310547,3824200,0.0,0.0,0.0
2015-06-18,115.8499984741211,116.0,115.52999877929688,115.9000015258789,80.34361267089844,1853100,0.0,0.0,0.0
2015-06-19,116.2300033569336,116.62000274658203,116.05999755859375,116.5199966430664,80.7734603881836,5114500,0.0,0.0,0.0
2015-06-22,116.08999633789062,116.25,115.54000091552734,115.5999984741211,80.13570404052734,2547700,0.0,0.0,0.0
2015-06-23,115.08999633789062,115.63999938964844,115.08999633789062,115.33999633789062,79.9554672241211,1238700,0.0,0.0,0.0
2015-06-24,115.44000244140625,115.72000122070312,115.30000305175781,115.66000366210938,80.17725372314453,2540000,0.0,0.0,0.0
2015-06-25,115.4800033569336,115.63999938964844,115.26000213623047,115.47000122070312,80.04556274414062,2567500,0.0,0.0,0.0
2015-06-26,115.0199966430664,115.12999725341797,114.7300033569336,114.94000244140625,79.67811584472656,2285000,0.0,0.0,0.0
2015-06-29,115.22000122070312,116.08999633789062,115.1500015258789,115.94000244140625,80.37135314941406,5945700,0.0,0.0,0.0
2015-06-30,115.66999816894531,116.18000030517578,115.5999984741211,115.72000122070312,80.21885681152344,2668600,0.0,0.0,0.0
2015-07-01,115.02999877929688,115.29000091552734,115.0199966430664,115.0199966430664,79.9616470336914,4088700,0.33,0.0,0.0
2015-07-02,115.30000305175781,115.66000366210938,115.27999877929688,115.45999908447266,80.26750946044922,1971000,0.0,0.0,0.0
2015-07-06,115.87999725341797,116.06999969482422,115.58999633789062,115.91999816894531,80.58729553222656,4845100,0.0,0.0,0.0
2015-07-07,116.6500015258789,116.86000061035156,116.26000213623047,116.4000015258789,80.92097473144531,3627500,0.0,0.0,0.0
2015-07-08,116.51000213623047,116.70999908447266,116.2300033569336,116.55999755859375,81.03224182128906,3490600,0.0,0.0,0.0
2015-07-09,116.16000366210938,116.19999694824219,115.72000122070312,115.79000091552734,80.49695587158203,1427800,0.0,0.0,0.0
2015-07-10,115.1500015258789,115.36000061035156,114.80999755859375,115.05000305175781,79.98248291015625,2740000,0.0,0.0,0.0
2015-07-13,114.58000183105469,115.08000183105469,114.58000183105469,114.80000305175781,79.80866241455078,3146100,0.0,0.0,0.0
2015-07-14,114.87000274658203,115.0,114.66000366210938,114.9000015258789,79.87818908691406,4364200,0.0,0.0,0.0
2015-07-15,114.86000061035156,115.37000274658203,114.7699966430664,115.19999694824219,80.08680725097656,1923800,0.0,0.0,0.0
2015-07-16,115.02999877929688,115.45999908447266,114.91999816894531,115.37999725341797,80.21187591552734,2036600,0.0,0.0,0.0
2015-07-17,115.38999938964844,115.62000274658203,115.38999938964844,115.45999908447266,80.26750946044922,2268200,0.0,0.0,0.0
2015-07-20,115.25,115.44999694824219,115.1500015258789,115.19000244140625,80.079833984375,2805800,0.0,0.0,0.0
2015-07-21,115.01000213623047,115.4800033569336,115.0,115.43000030517578,80.24667358398438,2490900,0.0,0.0,0.0
2015-07-22,115.41000366210938,115.75,115.33999633789062,115.58000183105469,80.3509750366211,1292900,0.0,0.0,0.0
2015-07-23,115.52999877929688,116.0199966430664,115.4000015258789,115.91999816894531,80.58729553222656,2007600,0.0,0.0,0.0
2015-07-24,116.11000061035156,116.11000061035156,115.66999816894531,115.87000274658203,80.55256652832031,2704700,0.0,0.0,0.0
2015-07-27,115.93000030517578,116.18000030517578,115.80999755859375,115.87999725341797,80.55951690673828,4836700,0.0,0.0,0.0
2015-07-28,115.62999725341797,115.81999969482422,115.5,115.79000091552734,80.49695587158203,2755100,0.0,0.0,0.0
2015-07-29,115.7300033569336,115.80999755859375,115.5199966430664,115.69000244140625,80.42742919921875,1569200,0.0,0.0,0.0
2015-07-30,115.7699966430664,115.91999816894531,115.5999984741211,115.75,80.46912384033203,2157600,0.0,0.0,0.0
2015-07-31,116.11000061035156,116.41000366210938,116.0999984741211,116.3499984741211,80.88626861572266,3626900,0.0,0.0,0.0
2015-08-03,115.86000061035156,116.37999725341797,115.83000183105469,116.29000091552734,81.0744857788086,2942800,0.33,0.0,0.0
2015-08-04,115.98999786376953,116.05000305175781,115.63999938964844,115.69999694824219,80.66316986083984,3823200,0.0,0.0,0.0
2015-08-05,115.51000213623047,115.51000213623047,115.08999633789062,115.25,80.34942626953125,2991600,0.0,0.0,0.0
2015-08-06,115.37999725341797,115.58999633789062,115.33000183105469,115.47000122070312,80.50279235839844,1750800,0.0,0.0,0.0
2015-08-07,115.63999938964844,115.94000244140625,115.55000305175781,115.87000274658203,80.78170013427734,2907200,0.0,0.0,0.0
2015-08-10,115.58000183105469,115.68000030517578,115.3499984741211,115.41000366210938,80.46095275878906,1317600,0.0,0.0,0.0
2015-08-11,115.88999938964844,116.20999908447266,115.81999969482422,115.88999938964844,80.79563903808594,5011600,0.0,0.0,0.0
2015-08-12,115.88999938964844,116.26000213623047,115.6500015258789,115.70999908447266,80.67017364501953,5062200,0.0,0.0,0.0
2015-08-13,115.41000366210938,115.66000366210938,115.22000122070312,115.30999755859375,80.3912582397461,1647500,0.0,0.0,0.0
2015-08-14,115.27999877929688,115.52999877929688,115.16999816894531,115.41999816894531,80.46792602539062,1693600,0.0,0.0,0.0
2015-08-17,115.80000305175781,116.0999984741211,115.58999633789062,115.79000091552734,80.72588348388672,3313900,0.0,0.0,0.0
2015-08-18,115.5199966430664,115.63999938964844,115.27999877929688,115.3499984741211,80.41917419433594,2200900,0.0,0.0,0.0
2015-08-19,115.0999984741211,115.98999786376953,115.0,115.91000366210938,80.80957794189453,2600100,0.0,0.0,0.0
2015-08-20,115.94999694824219,116.11000061035156,115.80999755859375,115.9800033569336,80.85836029052734,1760100,0.0,0.0,0.0
2015-08-21,116.01000213623047,116.29000091552734,115.81999969482422,116.01000213623047,80.87928771972656,2971100,0.0,0.0,0.0
2015-08-24,116.5,116.58999633789062,115.62999725341797,115.69000244140625,80.65618133544922,3966000,0.0,0.0,0.0
2015-08-25,115.3499984741211,115.55999755859375,114.87000274658203,115.0999984741211,80.24486541748047,2625300,0.0,0.0,0.0
2015-08-26,114.87999725341797,115.2300033569336,114.68000030517578,115.02999877929688,80.19603729248047,3299400,0.0,0.0,0.0
2015-08-27,114.80999755859375,115.38999938964844,114.69999694824219,115.13999938964844,80.272705078125,2957800,0.0,0.0,0.0
2015-08-28,115.70999908447266,115.76000213623047,115.2699966430664,115.3499984741211,80.41917419433594,1901200,0.0,0.0,0.0
2015-08-31,115.79000091552734,115.81999969482422,115.05999755859375,115.05999755859375,80.2169418334961,1250200,0.0,0.0,0.0
2015-09-01,115.05999755859375,115.48999786376953,114.83999633789062,115.41999816894531,80.70289611816406,3856800,0.335,0.0,0.0
2015-09-02,114.97000122070312,115.45999908447266,114.97000122070312,115.25,80.58404541015625,1824500,0.0,0.0,0.0
2015-09-03,115.56999969482422,115.94000244140625,115.41999816894531,115.80000305175781,80.96856689453125,11303000,0.0,0.0,0.0
2015-09-04,115.97000122070312,116.19999694824219,115.77999877929688,116.05999755859375,81.15045166015625,1648600,0.0,0.0,0.0
2015-09-08,115.76000213623047,115.81999969482422,115.5,115.5199966430664,80.77286529541016,1892300,0.0,0.0,0.0
2015-09-09,115.2300033569336,115.83999633789062,115.19999694824219,115.7699966430664,80.9476547241211,2079100,0.0,0.0,0.0
2015-09-10,115.56999969482422,115.6500015258789,115.36000061035156,115.54000091552734,80.78682708740234,2566500,0.0,0.0,0.0
2015-09-11,115.58000183105469,115.88999938964844,115.56999969482422,115.62000274658203,80.8427505493164,2333300,0.0,0.0,0.0
2015-09-14,115.77999877929688,115.81999969482422,115.4800033569336,115.61000061035156,80.83580780029297,1732500,0.0,0.0,0.0
2015-09-15,115.33999633789062,115.4800033569336,114.63999938964844,114.73999786376953,80.22743225097656,3090400,0.0,0.0,0.0
2015-09-16,114.80999755859375,115.05000305175781,114.76000213623047,114.94999694824219,80.374267578125,2918300,0.0,0.0,0.0
2015-09-17,114.93000030517578,115.94000244140625,114.88999938964844,115.9000015258789,81.0385513305664,4106700,0.0,0.0,0.0
2015-09-18,116.08000183105469,116.37999725341797,116.0,116.25,81.28325653076172,4692400,0.0,0.0,0.0
2015-09-21,115.94000244140625,116.0999984741211,115.61000061035156,115.66000366210938,80.87076568603516,3209900,0.0,0.0,0.0
2015-09-22,116.05000305175781,116.3499984741211,115.94000244140625,116.16000366210938,81.2203140258789,4001000,0.0,0.0,0.0
2015-09-23,116.12000274658203,116.22000122070312,115.93000030517578,116.08999633789062,81.17138671875,2435200,0.0,0.0,0.0
2015-09-24,116.45999908447266,116.5199966430664,116.08000183105469,116.11000061035156,81.1854019165039,2378100,0.0,0.0,0.0
2015-09-25,115.73999786376953,115.94999694824219,115.6500015258789,115.76000213623047,80.94064331054688,2858800,0.0,0.0,0.0
2015-09-28,115.83999633789062,116.16000366210938,115.69999694824219,115.95999908447266,81.08049774169922,3099400,0.0,0.0,0.0
2015-09-29,115.91000366210938,116.1500015258789,115.81999969482422,116.11000061035156,81.1854019165039,2267100,0.0,0.0,0.0
2015-09-30,115.87999725341797,116.12999725341797,115.83000183105469,116.08999633789062,81.17138671875,4404200,0.0,0.0,0.0
2015-10-01,115.73999786376953,115.91999816894531,115.56999969482422,115.7300033569336,81.15316772460938,6459600,0.334,0.0,0.0
2015-10-02,116.3499984741211,116.48999786376953,116.0199966430664,116.23999786376953,81.51078033447266,3480100,0.0,0.0,0.0
2015-10-05,115.91999816894531,116.06999969482422,115.80000305175781,115.93000030517578,81.29340362548828,7567200,0.0,0.0,0.0
2015-10-06,115.93000030517578,116.22000122070312,115.6500015258789,116.16000366210938,81.45467376708984,3241200,0.0,0.0,0.0
2015-10-07,116.23999786376953,116.5999984741211,115.91999816894531,116.56999969482422,81.7421875,5884900,0.0,0.0,0.0
2015-10-08,116.56999969482422,116.56999969482422,115.9800033569336,116.11000061035156,81.41963195800781,2175000,0.0,0.0,0.0
2015-10-09,116.08999633789062,116.27999877929688,115.98999786376953,116.16000366210938,81.45467376708984,3798800,0.0,0.0,0.0
2015-10-12,116.31999969482422,116.69999694824219,116.31999969482422,116.62999725341797,81.78424072265625,860400,0.0,0.0,0.0
2015-10-13,116.61000061035156,116.63999938964844,116.23999786376953,116.54000091552734,81.72117614746094,2147200,0.0,0.0,0.0
2015-10-14,116.83999633789062,117.01000213623047,116.56999969482422,117.0,82.04370880126953,1976500,0.0,0.0,0.0
2015-10-15,116.8499984741211,116.94999694824219,116.61000061035156,116.94999694824219,82.00863647460938,4233500,0.0,0.0,0.0
2015-10-16,116.91999816894531,117.02999877929688,116.83000183105469,116.98999786376953,82.03671264648438,3055300,0.0,0.0,0.0
2015-10-19,116.94000244140625,116.98999786376953,116.63999938964844,116.9800033569336,82.0296859741211,2510700,0.0,0.0,0.0
2015-10-20,116.63999938964844,116.8499984741211,116.55000305175781,116.76000213623047,81.87540435791016,4190100,0.0,0.0,0.0
2015-10-21,117.05000305175781,117.37000274658203,117.05000305175781,117.33999633789062,82.28211212158203,2497700,0.0,0.0,0.0
2015-10-22,117.30999755859375,117.77999877929688,117.22000122070312,117.58999633789062,82.45745849609375,2396900,0.0,0.0,0.0
2015-10-23,117.3499984741211,117.41000366210938,117.16000366210938,117.16000366210938,82.15589141845703,3682800,0.0,0.0,0.0
2015-10-26,117.37000274658203,117.43000030517578,117.12999725341797,117.37000274658203,82.30321502685547,3771900,0.0,0.0,0.0
2015-10-27,117.66000366210938,117.69000244140625,117.37000274658203,117.4000015258789,82.3242416381836,2809600,0.0,0.0,0.0
2015-10-28,117.29000091552734,117.36000061035156,116.81999969482422,116.94000244140625,82.00164031982422,4693300,0.0,0.0,0.0
2015-10-29,116.61000061035156,116.62999725341797,116.0,116.12000274658203,81.4266128540039,2942100,0.0,0.0,0.0
2015-10-30,116.19000244140625,116.44000244140625,116.08000183105469,116.41999816894531,81.63697814941406,2664100,0.0,0.0,0.0
2015-11-02,115.80000305175781,115.87999725341797,115.55999755859375,115.58999633789062,81.28607940673828,6241700,0.331,0.0,0.0
2015-11-03,115.5999984741211,115.70999908447266,115.43000030517578,115.5999984741211,81.29312133789062,2672700,0.0,0.0,0.0
2015-11-04,115.62999725341797,115.79000091552734,115.44999694824219,115.47000122070312,81.2016830444336,4176400,0.0,0.0,0.0
2015-11-05,115.55999755859375,115.72000122070312,115.2300033569336,115.5,81.22279357910156,3743100,0.0,0.0,0.0
2015-11-06,114.83000183105469,114.87999725341797,114.63999938964844,114.75,80.69537353515625,4306200,0.0,0.0,0.0
2015-11-09,114.54000091552734,114.80999755859375,114.43000030517578,114.55999755859375,80.56179809570312,3253200,0.0,0.0,0.0
2015-11-10,114.69999694824219,115.05999755859375,114.56999969482422,114.8499984741211,80.76570892333984,2228800,0.0,0.0,0.0
2015-11-11,114.80000305175781,114.9000015258789,114.7300033569336,114.83999633789062,80.75865173339844,910900,0.0,0.0,0.0
2015-11-12,114.75,115.19999694824219,114.73999786376953,114.80000305175781,80.7305679321289,3102000,0.0,0.0,0.0
2015-11-13,115.08999633789062,115.19000244140625,114.9800033569336,115.13999938964844,80.96964263916016,2618900,0.0,0.0,0.0
2015-11-16,115.20999908447266,115.30000305175781,115.0199966430664,115.16000366210938,80.98377227783203,2558400,0.0,0.0,0.0
2015-11-17,114.94999694824219,115.5,114.86000061035156,115.27999877929688,81.06804656982422,3857700,0.0,0.0,0.0
2015-11-18,115.19999694824219,115.41000366210938,115.06999969482422,115.30999755859375,81.08914184570312,1713300,0.0,0.0,0.0
2015-11-19,115.47000122070312,115.7699966430664,115.44000244140625,115.6500015258789,81.32827758789062,2890500,0.0,0.0,0.0
2015-11-20,115.62999725341797,115.76000213623047,115.4800033569336,115.62999725341797,81.31417846679688,2344900,0.0,0.0,0.0
2015-11-23,115.54000091552734,115.75,115.47000122070312,115.66999816894531,81.34233093261719,1948100,0.0,0.0,0.0
2015-11-24,115.63999938964844,115.81999969482422,115.58000183105469,115.70999908447266,81.3704833984375,1659500,0.0,0.0,0.0
2015-11-25,115.75,115.91000366210938,115.68000030517578,115.81999969482422,81.44783020019531,609600,0.0,0.0,0.0
2015-11-27,115.91000366210938,116.0,115.86000061035156,115.86000061035156,81.4759521484375,409200,0.0,0.0,0.0
2015-11-30,115.8499984741211,115.94999694824219,115.80000305175781,115.91000366210938,81.51113891601562,4925000,0.0,0.0,0.0
2015-12-01,115.63999938964844,116.47000122070312,115.55999755859375,116.44999694824219,82.12396240234375,5961700,0.329,0.0,0.0
2015-12-02,116.20999908447266,116.33000183105469,116.05000305175781,116.16999816894531,81.92647552490234,6138300,0.0,0.0,0.0
2015-12-03,115.58000183105469,115.69000244140625,114.55999755859375,114.62999725341797,80.8404312133789,4515400,0.0,0.0,0.0
2015-12-04,114.79000091552734,115.27999877929688,114.79000091552734,115.25,81.2776870727539,3120500,0.0,0.0,0.0
2015-12-07,115.22000122070312,115.83000183105469,115.19000244140625,115.44999694824219,81.41874694824219,3094600,0.0,0.0,0.0
2015-12-08,115.5999984741211,115.61000061035156,115.22000122070312,115.30000305175781,81.3129653930664,3754100,0.0,0.0,0.0
2015-12-09,115.16999816894531,115.41999816894531,114.93000030517578,115.2699966430664,81.29179382324219,3394600,0.0,0.0,0.0
2015-12-10,115.29000091552734,115.47000122070312,115.0,115.0,81.10138702392578,4722600,0.0,0.0,0.0
2015-12-11,115.27999877929688,115.41000366210938,114.80999755859375,115.19999694824219,81.2424087524414,7949600,0.0,0.0,0.0
2015-12-14,114.8499984741211,115.0,114.18000030517578,114.3499984741211,80.6429443359375,6442800,0.0,0.0,0.0
2015-12-15,114.06999969482422,114.62999725341797,113.94000244140625,114.36000061035156,80.6500473022461,3822600,0.0,0.0,0.0
2015-12-16,114.30999755859375,114.62999725341797,113.69999694824219,114.33999633789062,80.63594055175781,2540900,0.0,0.0,0.0
2015-12-17,114.66000366210938,114.73999786376953,114.33999633789062,114.47000122070312,80.7276382446289,2327500,0.0,0.0,0.0
2015-12-18,114.5199966430664,114.76000213623047,114.43000030517578,114.47000122070312,80.7276382446289,2566200,0.0,0.0,0.0
2015-12-21,114.76000213623047,114.9000015258789,114.45999908447266,114.55000305175781,80.78406524658203,3026000,0.0,0.0,0.0
2015-12-22,114.43000030517578,114.58999633789062,114.29000091552734,114.4000015258789,80.67826080322266,2204900,0.0,0.0,0.0
2015-12-23,114.27999877929688,114.5199966430664,114.20999908447266,114.5,80.74876403808594,1923200,0.0,0.0,0.0
2015-12-24,114.33999633789062,114.55000305175781,114.19999694824219,114.55000305175781,81.01189422607422,920100,0.322,0.0,0.0
2015-12-28,114.36000061035156,114.55999755859375,114.20999908447266,114.41000366210938,80.91287994384766,2422500,0.0,0.0,0.0
2015-12-29,114.27999877929688,114.37999725341797,113.80999755859375,113.81999969482422,80.49561309814453,2965700,0.0,0.0,0.0
2015-12-30,113.7699966430664,114.05000305175781,113.7300033569336,113.81999969482422,80.49561309814453,1890600,0.0,0.0,0.0
2015-12-31,114.16999816894531,114.2699966430664,114.0,114.01000213623047,80.62996673583984,1228200,0.0,0.0,0.0
2016-01-04,114.1500015258789,114.41000366210938,113.88999938964844,113.94999694824219,80.58748626708984,8333700,0.0,0.0,0.0
2016-01-05,114.08999633789062,114.2300033569336,113.91000366210938,114.01000213623047,80.62996673583984,4474300,0.0,0.0,0.0
2016-01-06,114.4800033569336,114.52999877929688,114.30000305175781,114.45999908447266,80.94821166992188,4522400,0.0,0.0,0.0
2016-01-07,114.56999969482422,114.68000030517578,114.25,114.55000305175781,81.01189422607422,4820000,0.0,0.0,0.0
2016-01-08,114.5199966430664,114.91999816894531,114.44000244140625,114.63999938964844,81.07546997070312,4363500,0.0,0.0,0.0
2016-01-11,114.48999786376953,114.61000061035156,114.2300033569336,114.2699966430664,80.8138427734375,4161500,0.0,0.0,0.0
2016-01-12,114.30000305175781,114.91000366210938,114.30000305175781,114.52999877929688,80.99771881103516,2616600,0.0,0.0,0.0
2016-01-13,114.72000122070312,115.0,114.54000091552734,114.87999725341797,81.2452392578125,5649800,0.0,0.0,0.0
2016-01-14,114.9000015258789,114.91999816894531,114.26000213623047,114.30999755859375,80.84212493896484,4735300,0.0,0.0,0.0
2016-01-15,114.33999633789062,114.48999786376953,113.9800033569336,114.13999938964844,80.72193145751953,5977900,0.0,0.0,0.0
2016-01-19,114.04000091552734,114.12000274658203,113.61000061035156,113.62999725341797,80.36124420166016,3374300,0.0,0.0,0.0
2016-01-20,113.83999633789062,113.94000244140625,113.51000213623047,113.80000305175781,80.48146057128906,6175300,0.0,0.0,0.0
2016-01-21,113.80999755859375,113.98999786376953,113.36000061035156,113.47000122070312,80.24807739257812,3928300,0.0,0.0,0.0
2016-01-22,113.43000030517578,113.76000213623047,113.3499984741211,113.54000091552734,80.29756927490234,2932000,0.0,0.0,0.0
2016-01-25,113.19000244140625,113.70999908447266,113.19000244140625,113.41999816894531,80.21269989013672,2485200,0.0,0.0,0.0
2016-01-26,113.51000213623047,113.77999877929688,113.44000244140625,113.73999786376953,80.43902587890625,4002200,0.0,0.0,0.0
2016-01-27,113.52999877929688,113.70999908447266,113.20999908447266,113.43000030517578,80.21977233886719,2535900,0.0,0.0,0.0
2016-01-28,113.2699966430664,113.75,113.2699966430664,113.55999755859375,80.31172943115234,4187100,0.0,0.0,0.0
2016-01-29,114.22000122070312,114.22000122070312,113.9000015258789,114.1500015258789,80.72895812988281,2022700,0.0,0.0,0.0
2016-02-01,113.48999786376953,113.58999633789062,113.11000061035156,113.44999694824219,80.47150421142578,8696800,0.337,0.0,0.0
2016-02-02,113.63999938964844,113.73999786376953,113.37000274658203,113.66000366210938,80.62044525146484,5881200,0.0,0.0,0.0
2016-02-03,113.5199966430664,113.94000244140625,113.23999786376953,113.37999725341797,80.42182159423828,3732100,0.0,0.0,0.0
2016-02-04,113.48999786376953,113.68000030517578,113.33000183105469,113.43000030517578,80.45730590820312,3367500,0.0,0.0,0.0
2016-02-05,113.27999877929688,113.5,113.12000274658203,113.41000366210938,80.443115234375,4334400,0.0,0.0,0.0
2016-02-08,113.6500015258789,114.08000183105469,113.5,114.0,80.86163330078125,3265200,0.0,0.0,0.0
2016-02-09,113.66000366210938,114.08000183105469,113.58999633789062,113.61000061035156,80.5849609375,3346900,0.0,0.0,0.0
2016-02-10,113.73999786376953,113.93000030517578,113.62000274658203,113.75,80.68427276611328,3738300,0.0,0.0,0.0
2016-02-11,114.0,114.48999786376953,113.9000015258789,114.12999725341797,80.95381927490234,5333600,0.0,0.0,0.0
2016-02-12,113.66999816894531,113.83000183105469,113.16999816894531,113.48999786376953,80.49983215332031,4180600,0.0,0.0,0.0
2016-02-16,113.52999877929688,113.52999877929688,112.87999725341797,112.94999694824219,80.11685180664062,4972200,0.0,0.0,0.0
2016-02-17,112.9000015258789,113.13999938964844,112.66999816894531,112.91999816894531,80.0955581665039,5008100,0.0,0.0,0.0
2016-02-18,113.19000244140625,113.87999725341797,113.08000183105469,113.83999633789062,80.74813842773438,3810700,0.0,0.0,0.0
2016-02-19,113.80000305175781,113.97000122070312,113.56999969482422,113.76000213623047,80.69135284423828,3587300,0.0,0.0,0.0
2016-02-22,113.87000274658203,114.04000091552734,113.77999877929688,113.98999786376953,80.85449981689453,4556800,0.0,0.0,0.0
2016-02-23,113.75,114.30000305175781,113.55000305175781,114.22000122070312,81.01763916015625,2832100,0.0,0.0,0.0
2016-02-24,114.5,114.81999969482422,114.2699966430664,114.33000183105469,81.09564971923828,3402200,0.0,0.0,0.0
2016-02-25,114.58000183105469,115.11000061035156,114.58000183105469,114.97000122070312,81.54963684082031,4531800,0.0,0.0,0.0
2016-02-26,114.91000366210938,114.95999908447266,114.56999969482422,114.93000030517578,81.52130889892578,5422500,0.0,0.0,0.0
2016-02-29,114.8499984741211,115.06999969482422,114.77999877929688,115.01000213623047,81.57797241210938,5231900,0.0,0.0,0.0
2016-03-01,115.11000061035156,115.11000061035156,113.91999816894531,114.05000305175781,81.13336944580078,8301800,0.335,0.0,0.0
2016-03-02,113.94999694824219,114.30000305175781,113.81999969482422,114.27999877929688,81.29703521728516,3519600,0.0,0.0,0.0
2016-03-03,114.29000091552734,114.9000015258789,114.27999877929688,114.81999969482422,81.6811752319336,3614600,0.0,0.0,0.0
2016-03-04,114.73999786376953,114.81999969482422,114.44999694824219,114.80000305175781,81.66690826416016,2040600,0.0,0.0,0.0
2016-03-07,114.48999786376953,114.95999908447266,114.48999786376953,114.93000030517578,81.7594223022461,3616900,0.0,0.0,0.0
2016-03-08,115.7699966430664,115.86000061035156,115.44999694824219,115.54000091552734,82.19335174560547,3279800,0.0,0.0,0.0
2016-03-09,115.19999694824219,115.54000091552734,115.18000030517578,115.41000366210938,82.10088348388672,3205800,0.0,0.0,0.0
2016-03-10,115.91000366210938,116.08999633789062,115.4000015258789,115.88999938964844,82.44233703613281,4459000,0.0,0.0,0.0
2016-03-11,116.30000305175781,116.37999725341797,115.97000122070312,116.22000122070312,82.67710876464844,4603500,0.0,0.0,0.0
2016-03-14,116.43000030517578,116.5999984741211,116.20999908447266,116.55999755859375,82.91898345947266,2997400,0.0,0.0,0.0
2016-03-15,116.83000183105469,116.83000183105469,116.38999938964844,116.5199966430664,82.8905029296875,6599400,0.0,0.0,0.0
2016-03-16,116.3499984741211,117.12000274658203,116.26000213623047,117.08000183105469,83.28888702392578,3975400,0.0,0.0,0.0
2016-03-17,117.08000183105469,117.69000244140625,117.08000183105469,117.44000244140625,83.54499816894531,3341900,0.0,0.0,0.0
2016-03-18,117.86000061035156,117.91000366210938,117.5,117.70999908447266,83.73710632324219,3315200,0.0,0.0,0.0
2016-03-21,117.51000213623047,117.83999633789062,117.41999816894531,117.56999969482422,83.63746643066406,2948600,0.0,0.0,0.0
2016-03-22,117.80000305175781,117.80000305175781,117.27999877929688,117.3499984741211,83.48098754882812,3762900,0.0,0.0,0.0
2016-03-23,117.58999633789062,117.94000244140625,117.30999755859375,117.94000244140625,83.90067291259766,5338700,0.0,0.0,0.0
2016-03-24,118.26000213623047,118.26000213623047,117.80000305175781,117.88999938964844,83.86510467529297,2601500,0.0,0.0,0.0
2016-03-28,117.94000244140625,118.19000244140625,117.86000061035156,117.95999908447266,83.91490936279297,3274500,0.0,0.0,0.0
2016-03-29,118.27999877929688,118.5999984741211,118.11000061035156,118.48999786376953,84.29194641113281,3758500,0.0,0.0,0.0
2016-03-30,118.48999786376953,118.48999786376953,118.19000244140625,118.3499984741211,84.19233703613281,3877600,0.0,0.0,0.0
2016-03-31,118.37999725341797,118.86000061035156,118.29000091552734,118.81999969482422,84.52670288085938,7853500,0.0,0.0,0.0
2016-04-01,118.6500015258789,118.95999908447266,118.19000244140625,118.87000274658203,84.79924774169922,6809800,0.332,0.0,0.0
2016-04-04,118.9000015258789,118.91999816894531,118.66000366210938,118.87999725341797,84.80635070800781,4138700,0.0,0.0,0.0
2016-04-05,118.69000244140625,119.2699966430664,118.55999755859375,119.26000213623047,85.07746887207031,6944700,0.0,0.0,0.0
2016-04-06,119.06999969482422,119.18000030517578,118.91000366210938,119.16000366210938,85.00606536865234,4793600,0.0,0.0,0.0
2016-04-07,119.44000244140625,119.54000091552734,119.25,119.4800033569336,85.23435974121094,3591900,0.0,0.0,0.0
2016-04-08,119.37999725341797,119.38999938964844,119.13999938964844,119.20999908447266,85.04176330566406,2060900,0.0,0.0,0.0
2016-04-11,119.08999633789062,119.33999633789062,118.9800033569336,119.19999694824219,85.03462219238281,1998600,0.0,0.0,0.0
2016-04-12,118.87999725341797,119.04000091552734,118.61000061035156,118.7300033569336,84.69932556152344,3553400,0.0,0.0,0.0
2016-04-13,118.7699966430664,119.16000366210938,118.69999694824219,119.13999938964844,84.9918212890625,2502200,0.0,0.0,0.0
2016-04-14,119.18000030517578,119.2300033569336,118.91000366210938,119.05999755859375,84.93473052978516,1864000,0.0,0.0,0.0
2016-04-15,119.30000305175781,119.62000274658203,119.13999938964844,119.55999755859375,85.29143524169922,3789500,0.0,0.0,0.0
2016-04-18,119.33999633789062,119.69000244140625,119.33999633789062,119.69000244140625,85.38420104980469,2827400,0.0,0.0,0.0
2016-04-19,119.7300033569336,119.91999816894531,119.56999969482422,119.91000366210938,85.54112243652344,2577100,0.0,0.0,0.0
2016-04-20,120.05999755859375,120.38999938964844,119.55000305175781,119.58000183105469,85.30570220947266,3040900,0.0,0.0,0.0
2016-04-21,119.66000366210938,119.69000244140625,119.33000183105469,119.52999877929688,85.27009582519531,3579500,0.0,0.0,0.0
2016-04-22,119.91000366210938,119.91000366210938,119.55000305175781,119.66000366210938,85.36276245117188,1651800,0.0,0.0,0.0
2016-04-25,119.68000030517578,119.69000244140625,119.30000305175781,119.37999725341797,85.16303253173828,2923600,0.0,0.0,0.0
2016-04-26,119.5,119.5,119.12000274658203,119.33000183105469,85.12734985351562,3286600,0.0,0.0,0.0
2016-04-27,119.58999633789062,120.08999633789062,119.41999816894531,120.08999633789062,85.66952514648438,3091100,0.0,0.0,0.0
2016-04-28,119.9000015258789,120.2699966430664,119.81999969482422,120.19999694824219,85.74800872802734,3503200,0.0,0.0,0.0
2016-04-29,120.08000183105469,120.41999816894531,119.8499984741211,120.33000183105469,85.84072875976562,2924600,0.0,0.0,0.0
2016-05-02,119.94999694824219,120.05000305175781,119.7699966430664,119.8499984741211,85.7298583984375,6771200,0.325,0.0,0.0
2016-05-03,120.04000091552734,120.23999786376953,119.9000015258789,120.05999755859375,85.88007354736328,3732700,0.0,0.0,0.0
2016-05-04,120.0,120.01000213623047,119.72000122070312,119.86000061035156,85.73704528808594,4228200,0.0,0.0,0.0
2016-05-05,119.95999908447266,120.12999725341797,119.62000274658203,120.0999984741211,85.9087142944336,4466000,0.0,0.0,0.0
2016-05-06,120.05000305175781,120.05000305175781,119.69000244140625,119.83999633789062,85.72272491455078,3045000,0.0,0.0,0.0
2016-05-09,119.94999694824219,119.94999694824219,119.61000061035156,119.72000122070312,85.63689422607422,6202800,0.0,0.0,0.0
2016-05-10,119.80999755859375,119.97000122070312,119.66999816894531,119.91999816894531,85.7799301147461,5469900,0.0,0.0,0.0
2016-05-11,119.83999633789062,120.23999786376953,119.75,120.05000305175781,85.87291717529297,3416600,0.0,0.0,0.0
2016-05-12,120.0999984741211,120.0999984741211,119.66999816894531,119.80000305175781,85.69410705566406,2681900,0.0,0.0,0.0
2016-05-13,119.91000366210938,120.05999755859375,119.77999877929688,120.0199966430664,85.85150909423828,4328100,0.0,0.0,0.0
2016-05-16,120.0199966430664,120.0199966430664,119.5999984741211,119.62000274658203,85.56536102294922,2968400,0.0,0.0,0.0
2016-05-17,119.61000061035156,119.80000305175781,119.51000213623047,119.58000183105469,85.53673553466797,3386000,0.0,0.0,0.0
2016-05-18,119.44999694824219,119.44999694824219,118.44000244140625,118.55999755859375,84.8071060180664,7022100,0.0,0.0,0.0
2016-05-19,118.62000274658203,118.91999816894531,118.62000274658203,118.83999633789062,85.00739288330078,5759900,0.0,0.0,0.0
2016-05-20,118.93000030517578,118.98999786376953,118.69000244140625,118.91999816894531,85.0645980834961,2977700,0.0,0.0,0.0
2016-05-23,118.91999816894531,118.9800033569336,118.70999908447266,118.91999816894531,85.0645980834961,2842000,0.0,0.0,0.0
2016-05-24,118.98999786376953,118.98999786376953,118.55999755859375,118.72000122070312,84.92158508300781,3498100,0.0,0.0,0.0
2016-05-25,118.7300033569336,118.95999908447266,118.69999694824219,118.93000030517578,85.07180786132812,4793800,0.0,0.0,0.0
2016-05-26,118.95999908447266,119.44999694824219,118.95999908447266,119.2699966430664,85.31498718261719,4858600,0.0,0.0,0.0
2016-05-27,119.27999877929688,119.41000366210938,119.02999877929688,119.18000030517578,85.2506332397461,2762800,0.0,0.0,0.0
2016-05-31,119.0,119.5,118.91000366210938,119.38999938964844,85.40082550048828,3170400,0.0,0.0,0.0
2016-06-01,119.27999877929688,119.41999816894531,119.04000091552734,119.13999938964844,85.4610824584961,5528700,0.334,0.0,0.0
2016-06-02,119.27999877929688,119.5999984741211,119.2300033569336,119.37999725341797,85.63323211669922,2709400,0.0,0.0,0.0
2016-06-03,120.05000305175781,120.33999633789062,119.93000030517578,120.33999633789062,86.32188415527344,2998800,0.0,0.0,0.0
2016-06-06,120.30999755859375,120.30999755859375,120.0199966430664,120.05000305175781,86.11382293701172,6401500,0.0,0.0,0.0
2016-06-07,120.31999969482422,120.44999694824219,120.18000030517578,120.2300033569336,86.24298858642578,3663400,0.0,0.0,0.0
2016-06-08,120.37999725341797,120.63999938964844,120.33000183105469,120.62999725341797,86.52989196777344,2478800,0.0,0.0,0.0
2016-06-09,120.91000366210938,120.97000122070312,120.7300033569336,120.80000305175781,86.65182495117188,2885400,0.0,0.0,0.0
2016-06-10,120.9000015258789,121.1500015258789,120.87999725341797,120.94000244140625,86.75226593017578,4209200,0.0,0.0,0.0
2016-06-13,121.1500015258789,121.1500015258789,120.68000030517578,120.76000213623047,86.62313079833984,3979900,0.0,0.0,0.0
2016-06-14,120.91999816894531,121.0199966430664,120.44999694824219,120.48999786376953,86.42947387695312,6301100,0.0,0.0,0.0
2016-06-15,120.9000015258789,121.08999633789062,120.6500015258789,120.94000244140625,86.75226593017578,5589500,0.0,0.0,0.0
2016-06-16,120.91999816894531,121.26000213623047,120.86000061035156,121.12000274658203,86.88139343261719,4550700,0.0,0.0,0.0
2016-06-17,121.08000183105469,121.08000183105469,120.69000244140625,120.76000213623047,86.62313079833984,2673200,0.0,0.0,0.0
2016-06-20,120.68000030517578,120.69999694824219,120.4800033569336,120.61000061035156,86.51553344726562,4549700,0.0,0.0,0.0
2016-06-21,120.70999908447266,120.7699966430664,120.41000366210938,120.5,86.43661499023438,4396400,0.0,0.0,0.0
2016-06-22,120.52999877929688,120.7300033569336,120.5,120.72000122070312,86.59442138671875,4090400,0.0,0.0,0.0
2016-06-23,120.6500015258789,120.69999694824219,120.5,120.5999984741211,86.50837707519531,3942700,0.0,0.0,0.0
2016-06-24,120.87999725341797,121.5,120.87999725341797,121.16999816894531,86.91725158691406,5294900,0.0,0.0,0.0
2016-06-27,121.58999633789062,121.98999786376953,121.58999633789062,121.68000030517578,87.28303527832031,7323900,0.0,0.0,0.0
2016-06-28,121.83000183105469,122.38999938964844,121.81999969482422,122.3499984741211,87.76364135742188,5555700,0.0,0.0,0.0
2016-06-29,122.5199966430664,122.69000244140625,122.22000122070312,122.30999755859375,87.7349853515625,5325800,0.0,0.0,0.0
2016-06-30,122.44000244140625,122.83999633789062,122.30000305175781,122.73999786376953,88.04340362548828,5398300,0.0,0.0,0.0
2016-07-01,122.98999786376953,123.16999816894531,122.76000213623047,123.05000305175781,88.5044937133789,4396300,0.331,0.0,0.0
2016-07-05,123.45999908447266,123.58000183105469,123.19999694824219,123.47000122070312,88.8065414428711,4415000,0.0,0.0,0.0
2016-07-06,123.63999938964844,123.75,123.4000015258789,123.69000244140625,88.96477508544922,6770300,0.0,0.0,0.0
2016-07-07,123.62999725341797,123.86000061035156,123.45999908447266,123.70999908447266,88.97919464111328,2597100,0.0,0.0,0.0
2016-07-08,124.05000305175781,124.41999816894531,123.86000061035156,124.4000015258789,89.47547912597656,3835300,0.0,0.0,0.0
2016-07-11,124.27999877929688,124.4800033569336,124.05999755859375,124.08000183105469,89.24534606933594,3000200,0.0,0.0,0.0
2016-07-12,123.83000183105469,123.83999633789062,123.37000274658203,123.37999725341797,88.74185943603516,4363000,0.0,0.0,0.0
2016-07-13,123.88999938964844,124.05999755859375,123.7300033569336,123.86000061035156,89.08706665039062,3738500,0.0,0.0,0.0
2016-07-14,123.2300033569336,123.68000030517578,123.20999908447266,123.55999755859375,88.87130737304688,7254900,0.0,0.0,0.0
2016-07-15,123.2699966430664,123.5,123.0,123.08999633789062,88.53321075439453,4442600,0.0,0.0,0.0
2016-07-18,123.41000366210938,123.44999694824219,122.83000183105469,123.08999633789062,88.53321075439453,4737300,0.0,0.0,0.0
2016-07-19,123.41000366210938,123.41000366210938,123.0199966430664,123.30999755859375,88.69147491455078,7196300,0.0,0.0,0.0
2016-07-20,123.19000244140625,123.30999755859375,122.94000244140625,123.2699966430664,88.6626968383789,3676800,0.0,0.0,0.0
2016-07-21,122.87999725341797,123.44999694824219,122.80000305175781,123.41000366210938,88.763427734375,3570100,0.0,0.0,0.0
2016-07-22,123.16999816894531,123.61000061035156,123.0999984741211,123.33999633789062,88.71302795410156,3748200,0.0,0.0,0.0
2016-07-25,123.5199966430664,123.5199966430664,123.19999694824219,123.2699966430664,88.6626968383789,3295600,0.0,0.0,0.0
2016-07-26,123.55999755859375,123.55999755859375,122.97000122070312,123.1500015258789,88.5763931274414,4929300,0.0,0.0,0.0
2016-07-27,123.38999938964844,123.73999786376953,123.19999694824219,123.66000366210938,88.94320678710938,5976800,0.0,0.0,0.0
2016-07-28,123.38999938964844,123.62000274658203,123.25,123.54000091552734,88.85693359375,5276100,0.0,0.0,0.0
2016-07-29,123.5,124.04000091552734,123.5,123.98999786376953,89.18059539794922,4226100,0.0,0.0,0.0
2016-08-01,123.31999969482422,123.44000244140625,122.94999694824219,122.97000122070312,88.6779556274414,4827700,0.323,0.0,0.0
2016-08-02,122.43000030517578,122.66999816894531,122.11000061035156,122.27999877929688,88.18034362792969,4526700,0.0,0.0,0.0
2016-08-03,122.52999877929688,122.6500015258789,122.18000030517578,122.44000244140625,88.29573822021484,6037600,0.0,0.0,0.0
2016-08-04,122.8499984741211,123.2300033569336,122.7300033569336,122.95999908447266,88.67073059082031,3413100,0.0,0.0,0.0
2016-08-05,122.87000274658203,122.95999908447266,122.41000366210938,122.45999908447266,88.31016540527344,3888300,0.0,0.0,0.0
2016-08-08,122.33999633789062,122.7699966430664,122.2300033569336,122.54000091552734,88.36784362792969,4161300,0.0,0.0,0.0
2016-08-09,122.87999725341797,123.31999969482422,122.75,123.26000213623047,88.88706970214844,4259100,0.0,0.0,0.0
2016-08-10,123.5999984741211,123.72000122070312,123.27999877929688,123.61000061035156,89.13941955566406,6338800,0.0,0.0,0.0
2016-08-11,123.69999694824219,123.76000213623047,123.05999755859375,123.19999694824219,88.84383392333984,4227600,0.0,0.0,0.0
2016-08-12,123.76000213623047,124.05999755859375,123.68000030517578,123.76000213623047,89.24765014648438,6585200,0.0,0.0,0.0
2016-08-15,123.62000274658203,123.63999938964844,123.37999725341797,123.37999725341797,88.97357177734375,2980700,0.0,0.0,0.0
2016-08-16,123.5199966430664,123.52999877929688,123.11000061035156,123.16000366210938,88.81497955322266,4526300,0.0,0.0,0.0
2016-08-17,123.25,123.66000366210938,123.18000030517578,123.5,89.06015014648438,4566900,0.0,0.0,0.0
2016-08-18,123.73999786376953,123.94000244140625,123.5,123.80000305175781,89.27649688720703,4237900,0.0,0.0,0.0
2016-08-19,123.54000091552734,123.69999694824219,123.26000213623047,123.43000030517578,89.00963592529297,5272100,0.0,0.0,0.0
2016-08-22,123.83999633789062,123.97000122070312,123.63999938964844,123.8499984741211,89.31256866455078,5221000,0.0,0.0,0.0
2016-08-23,124.05000305175781,124.2300033569336,123.9000015258789,123.98999786376953,89.41348266601562,5398800,0.0,0.0,0.0
2016-08-24,124.16999816894531,124.25,123.9000015258789,123.91000366210938,89.35581970214844,3871200,0.0,0.0,0.0
2016-08-25,123.91999816894531,124.06999969482422,123.76000213623047,123.79000091552734,89.26927947998047,3679300,0.0,0.0,0.0
2016-08-26,124.05000305175781,124.44999694824219,123.31999969482422,123.4000015258789,88.98804473876953,3388100,0.0,0.0,0.0
2016-08-29,123.80000305175781,124.25,123.70999908447266,124.0999984741211,89.49282836914062,2668000,0.0,0.0,0.0
2016-08-30,124.08000183105469,124.0999984741211,123.80999755859375,123.94000244140625,89.37748718261719,10626500,0.0,0.0,0.0
2016-08-31,124.01000213623047,124.05000305175781,123.7699966430664,123.88999938964844,89.34136962890625,5300000,0.0,0.0,0.0
2016-09-01,123.19999694824219,123.62999725341797,123.08000183105469,123.56999969482422,89.34137725830078,10146300,0.32,0.0,0.0
2016-09-02,123.58000183105469,123.58999633789062,123.0999984741211,123.3499984741211,89.18230438232422,4155700,0.0,0.0,0.0
2016-09-06,123.47000122070312,123.9000015258789,123.18000030517578,123.77999877929688,89.49321746826172,6387400,0.0,0.0,0.0
2016-09-07,123.94999694824219,124.04000091552734,123.61000061035156,123.61000061035156,89.37027740478516,2983400,0.0,0.0,0.0
2016-09-08,123.25,123.4000015258789,122.66999816894531,122.73999786376953,88.74129486083984,4632300,0.0,0.0,0.0
2016-09-09,122.11000061035156,122.37999725341797,121.75,121.81999969482422,88.07612609863281,8136000,0.0,0.0,0.0
2016-09-12,121.72000122070312,122.05999755859375,121.55000305175781,121.83000183105469,88.0833740234375,5164100,0.0,0.0,0.0
2016-09-13,121.98999786376953,121.98999786376953,121.05000305175781,121.43000030517578,87.79415893554688,13637100,0.0,0.0,0.0
2016-09-14,121.48999786376953,121.72000122070312,121.3499984741211,121.51000213623047,87.85202026367188,4444000,0.0,0.0,0.0
2016-09-15,121.48999786376953,121.69999694824219,121.19999694824219,121.58999633789062,87.90985107421875,3441100,0.0,0.0,0.0
2016-09-16,121.75,121.81999969482422,121.5,121.7300033569336,88.01103973388672,6832400,0.0,0.0,0.0
2016-09-19,121.80999755859375,121.91000366210938,121.61000061035156,121.69000244140625,87.9821548461914,5997100,0.0,0.0,0.0
2016-09-20,121.9800033569336,122.20999908447266,121.80999755859375,121.8499984741211,88.09782409667969,5026100,0.0,0.0,0.0
2016-09-21,121.87999725341797,122.5,121.62000274658203,122.47000122070312,88.54603576660156,4651400,0.0,0.0,0.0
2016-09-22,122.72000122070312,123.11000061035156,122.69999694824219,122.97000122070312,88.9075927734375,8544300,0.0,0.0,0.0
2016-09-23,122.95999908447266,123.04000091552734,122.83999633789062,122.87999725341797,88.842529296875,6284600,0.0,0.0,0.0
2016-09-26,122.94999694824219,123.20999908447266,122.9000015258789,123.06999969482422,88.97991180419922,5027000,0.0,0.0,0.0
2016-09-27,123.33999633789062,123.44000244140625,123.06999969482422,123.37000274658203,89.19676208496094,4571800,0.0,0.0,0.0
2016-09-28,123.48999786376953,123.51000213623047,123.25,123.44999694824219,89.2546157836914,8094600,0.0,0.0,0.0
2016-09-29,123.19000244140625,123.44000244140625,123.08000183105469,123.4000015258789,89.21849060058594,5409100,0.0,0.0,0.0
2016-09-30,123.44999694824219,123.44999694824219,122.83999633789062,123.18000030517578,89.05940246582031,5224600,0.0,0.0,0.0
2016-10-03,122.91999816894531,122.94999694824219,122.51000213623047,122.51000213623047,88.80714416503906,5555900,0.322,0.0,0.0
2016-10-04,122.43000030517578,122.56999969482422,121.94000244140625,121.94000244140625,88.39399719238281,6890100,0.0,0.0,0.0
2016-10-05,122.04000091552734,122.1500015258789,121.66999816894531,121.80999755859375,88.29972076416016,4168600,0.0,0.0,0.0
2016-10-06,121.80999755859375,122.12999725341797,121.6500015258789,121.81999969482422,88.30699157714844,5909300,0.0,0.0,0.0
2016-10-07,121.98999786376953,122.19999694824219,121.69000244140625,122.11000061035156,88.51721954345703,2545900,0.0,0.0,0.0
2016-10-10,122.11000061035156,122.12000274658203,121.7699966430664,122.11000061035156,88.51721954345703,2246100,0.0,0.0,0.0
2016-10-11,121.75,122.01000213623047,121.69000244140625,121.7300033569336,88.24170684814453,3416600,0.0,0.0,0.0
2016-10-12,121.80000305175781,121.93000030517578,121.58000183105469,121.88999938964844,88.35771179199219,2327800,0.0,0.0,0.0
2016-10-13,122.0999984741211,122.33000183105469,122.05999755859375,122.19000244140625,88.57516479492188,4204300,0.0,0.0,0.0
2016-10-14,121.86000061035156,122.0999984741211,121.61000061035156,121.62000274658203,88.16201782226562,2208900,0.0,0.0,0.0
2016-10-17,121.80000305175781,122.06999969482422,121.80000305175781,122.0199966430664,88.45193481445312,2698800,0.0,0.0,0.0
2016-10-18,121.91999816894531,122.31999969482422,121.91000366210938,122.31999969482422,88.66942596435547,2944100,0.0,0.0,0.0
2016-10-19,122.23999786376953,122.56999969482422,122.16000366210938,122.4800033569336,88.78540802001953,5010500,0.0,0.0,0.0
2016-10-20,122.7699966430664,122.7699966430664,122.41999816894531,122.44000244140625,88.75642395019531,2646800,0.0,0.0,0.0
2016-10-21,122.5199966430664,122.58000183105469,122.30000305175781,122.51000213623047,88.80714416503906,3502500,0.0,0.0,0.0
2016-10-24,122.55000305175781,122.55000305175781,122.0199966430664,122.16000366210938,88.55341339111328,3816500,0.0,0.0,0.0
2016-10-25,122.08999633789062,122.29000091552734,121.9800033569336,122.06999969482422,88.48820495605469,6611600,0.0,0.0,0.0
2016-10-26,121.87999725341797,121.91999816894531,121.55000305175781,121.55999755859375,88.1185073852539,10256000,0.0,0.0,0.0
2016-10-27,121.31999969482422,121.31999969482422,120.7300033569336,121.01000213623047,87.71981048583984,11643100,0.0,0.0,0.0
2016-10-28,120.94999694824219,121.13999938964844,120.83999633789062,120.87000274658203,87.6183090209961,5629800,0.0,0.0,0.0
2016-10-31,121.16000366210938,121.19999694824219,120.94000244140625,120.9800033569336,87.69804382324219,5377300,0.0,0.0,0.0
2016-11-01,120.43000030517578,120.66999816894531,120.18000030517578,120.51000213623047,87.58753204345703,9303000,0.318,0.0,0.0
2016-11-02,120.5999984741211,120.80999755859375,120.51000213623047,120.69000244140625,87.71841430664062,4798100,0.0,0.0,0.0
2016-11-03,120.51000213623047,120.61000061035156,120.36000061035156,120.44999694824219,87.5439682006836,6320500,0.0,0.0,0.0
2016-11-04,120.62999725341797,120.9000015258789,120.62999725341797,120.80999755859375,87.8056411743164,4242900,0.0,0.0,0.0
2016-11-07,120.68000030517578,120.7699966430664,120.55999755859375,120.7300033569336,87.7474594116211,4352400,0.0,0.0,0.0
2016-11-08,120.69000244140625,120.77999877929688,120.33000183105469,120.45999908447266,87.5512466430664,3632400,0.0,0.0,0.0
2016-11-09,119.47000122070312,119.69000244140625,118.51000213623047,118.69000244140625,86.26480102539062,9216200,0.0,0.0,0.0
2016-11-10,118.51000213623047,119.08000183105469,118.41000366210938,118.58999633789062,86.1921157836914,9063900,0.0,0.0,0.0
2016-11-11,118.54000091552734,118.6500015258789,118.0199966430664,118.08000183105469,85.8214340209961,6011900,0.0,0.0,0.0
2016-11-14,117.31999969482422,118.01000213623047,117.18000030517578,117.47000122070312,85.37808990478516,7148700,0.0,0.0,0.0
2016-11-15,117.66000366210938,118.05000305175781,117.56999969482422,117.83000183105469,85.63973236083984,4840300,0.0,0.0,0.0
2016-11-16,117.69000244140625,118.05999755859375,117.6500015258789,118.0,85.76332092285156,5417800,0.0,0.0,0.0
2016-11-17,117.70999908447266,117.77999877929688,117.12000274658203,117.25,85.21820068359375,6106200,0.0,0.0,0.0
2016-11-18,117.41000366210938,117.44999694824219,116.5199966430664,116.58999633789062,84.73846435546875,9801400,0.0,0.0,0.0
2016-11-21,116.79000091552734,116.94999694824219,116.58999633789062,116.70999908447266,84.82571411132812,5077200,0.0,0.0,0.0
2016-11-22,117.0999984741211,117.11000061035156,116.77999877929688,117.01000213623047,85.04376220703125,3693100,0.0,0.0,0.0
2016-11-23,116.30000305175781,116.76000213623047,116.04000091552734,116.58000183105469,84.731201171875,6098300,0.0,0.0,0.0
2016-11-25,116.87000274658203,116.87000274658203,116.45999908447266,116.58999633789062,84.73846435546875,876100,0.0,0.0,0.0
2016-11-28,116.97000122070312,117.16999816894531,116.87000274658203,117.12000274658203,85.12369537353516,3125200,0.0,0.0,0.0
2016-11-29,117.04000091552734,117.31999969482422,116.94999694824219,117.27999877929688,85.24002075195312,3926200,0.0,0.0,0.0
2016-11-30,116.55999755859375,116.93000030517578,116.4800033569336,116.83999633789062,84.92015838623047,11333400,0.0,0.0,0.0
2016-12-01,115.9800033569336,116.16000366210938,115.5999984741211,115.87000274658203,84.44429016113281,11597800,0.317,0.0,0.0
2016-12-02,116.16000366210938,116.69000244140625,116.16000366210938,116.4000015258789,84.83050537109375,7533500,0.0,0.0,0.0
2016-12-05,116.27999877929688,116.87000274658203,116.11000061035156,116.6500015258789,85.01277923583984,4107500,0.0,0.0,0.0
2016-12-06,116.69999694824219,116.77999877929688,116.61000061035156,116.63999938964844,85.00548553466797,9040100,0.0,0.0,0.0
2016-12-07,116.91000366210938,117.2699966430664,116.86000061035156,117.12999725341797,85.36257934570312,8069200,0.0,0.0,0.0
2016-12-08,116.81999969482422,116.8499984741211,116.56999969482422,116.6500015258789,85.01277923583984,5941700,0.0,0.0,0.0
2016-12-09,116.54000091552734,116.69999694824219,116.05000305175781,116.19999694824219,84.68479919433594,8875100,0.0,0.0,0.0
2016-12-12,116.05999755859375,116.22000122070312,115.87000274658203,116.08999633789062,84.60466003417969,7302800,0.0,0.0,0.0
2016-12-13,116.56999969482422,116.56999969482422,116.13999938964844,116.3499984741211,84.79411315917969,6232700,0.0,0.0,0.0
2016-12-14,116.87000274658203,116.87000274658203,115.58000183105469,115.61000061035156,84.25481414794922,6133700,0.0,0.0,0.0
2016-12-15,115.83999633789062,116.05000305175781,115.55999755859375,115.69000244140625,84.31314086914062,9352800,0.0,0.0,0.0
2016-12-16,115.87000274658203,116.0,115.55000305175781,115.5999984741211,84.24754333496094,7852000,0.0,0.0,0.0
2016-12-19,116.19999694824219,116.22000122070312,115.94999694824219,116.16000366210938,84.65565490722656,5777400,0.0,0.0,0.0
2016-12-20,115.93000030517578,116.12999725341797,115.81999969482422,116.08999633789062,84.60466003417969,3750000,0.0,0.0,0.0
2016-12-21,116.12000274658203,116.4800033569336,116.12000274658203,116.45999908447266,84.87429809570312,4199600,0.0,0.0,0.0
2016-12-22,115.98999786376953,116.20999908447266,115.88999938964844,116.1500015258789,84.88015747070312,3773400,0.318,0.0,0.0
2016-12-23,116.23999786376953,116.37999725341797,116.22000122070312,116.33000183105469,85.01167297363281,1291700,0.0,0.0,0.0
2016-12-27,116.0999984741211,116.16999816894531,116.0,116.12000274658203,84.85820770263672,2542800,0.0,0.0,0.0
2016-12-28,116.33000183105469,116.68000030517578,116.12999725341797,116.55000305175781,85.17247009277344,1731700,0.0,0.0,0.0
2016-12-29,116.79000091552734,117.13999938964844,116.66000366210938,117.0,85.50128936767578,3309500,0.0,0.0,0.0
2016-12-30,117.0,117.36000061035156,116.94999694824219,117.18000030517578,85.63280487060547,2388400,0.0,0.0,0.0
2017-01-03,116.94999694824219,117.4000015258789,116.5199966430664,117.27999877929688,85.70591735839844,5822600,0.0,0.0,0.0
2017-01-04,117.52999877929688,117.68000030517578,117.33000183105469,117.68000030517578,85.99821472167969,4999200,0.0,0.0,0.0
2017-01-05,117.80000305175781,118.33999633789062,117.70999908447266,118.30999755859375,86.45858764648438,7071100,0.0,0.0,0.0
2017-01-06,117.87000274658203,117.9800033569336,117.62000274658203,117.69000244140625,86.00553131103516,4496000,0.0,0.0,0.0
2017-01-09,118.01000213623047,118.06999969482422,117.87000274658203,117.91999816894531,86.1736068725586,3561400,0.0,0.0,0.0
2017-01-10,117.91999816894531,117.97000122070312,117.7699966430664,117.8499984741211,86.12242126464844,4259600,0.0,0.0,0.0
2017-01-11,117.9000015258789,118.38999938964844,117.69000244140625,118.02999877929688,86.25403594970703,7133600,0.0,0.0,0.0
2017-01-12,118.41999816894531,118.43000030517578,118.01000213623047,118.0199966430664,86.24665069580078,3922600,0.0,0.0,0.0
2017-01-13,117.81999969482422,117.97000122070312,117.38999938964844,117.77999877929688,86.07128143310547,4045300,0.0,0.0,0.0
2017-01-17,118.43000030517578,118.54000091552734,118.0999984741211,118.29000091552734,86.44401550292969,8443000,0.0,0.0,0.0
2017-01-18,117.94999694824219,118.01000213623047,117.41999816894531,117.51000213623047,85.87397003173828,6026200,0.0,0.0,0.0
2017-01-19,117.30000305175781,117.3499984741211,116.91999816894531,117.11000061035156,85.58171081542969,3371300,0.0,0.0,0.0
2017-01-20,117.12999725341797,117.36000061035156,116.9000015258789,117.31999969482422,85.73512268066406,4570600,0.0,0.0,0.0
2017-01-23,117.54000091552734,118.05000305175781,117.31999969482422,117.86000061035156,86.1297607421875,8747800,0.0,0.0,0.0
2017-01-24,117.66999816894531,117.76000213623047,117.33999633789062,117.51000213623047,85.87397003173828,5129700,0.0,0.0,0.0
2017-01-25,117.16999816894531,117.25,116.86000061035156,117.05999755859375,85.54511260986328,5886400,0.0,0.0,0.0
2017-01-26,117.05999755859375,117.25,116.81999969482422,117.19999694824219,85.6474609375,4033200,0.0,0.0,0.0
2017-01-27,117.3499984741211,117.41999816894531,117.22000122070312,117.33999633789062,85.7497787475586,3816700,0.0,0.0,0.0
2017-01-30,117.29000091552734,117.33999633789062,117.0999984741211,117.13999938964844,85.60355377197266,3651000,0.0,0.0,0.0
2017-01-31,117.18000030517578,117.55999755859375,117.08000183105469,117.3499984741211,85.75708770751953,4982500,0.0,0.0,0.0
2017-02-01,116.77999877929688,117.05000305175781,116.52999877929688,116.88999938964844,85.6515884399414,3626900,0.316,0.0,0.0
2017-02-02,117.13999938964844,117.29000091552734,116.87999725341797,116.91999816894531,85.67352294921875,7145600,0.0,0.0,0.0
2017-02-03,117.26000213623047,117.43000030517578,116.80000305175781,117.05000305175781,85.76882934570312,5243200,0.0,0.0,0.0
2017-02-06,117.43000030517578,117.52999877929688,117.16999816894531,117.41999816894531,86.0399169921875,4494500,0.0,0.0,0.0
2017-02-07,117.41999816894531,117.83000183105469,117.29000091552734,117.62000274658203,86.18641662597656,3228900,0.0,0.0,0.0
2017-02-08,118.01000213623047,118.13999938964844,117.83999633789062,118.02999877929688,86.4869155883789,6287200,0.0,0.0,0.0
2017-02-09,118.02999877929688,118.02999877929688,117.4800033569336,117.55999755859375,86.1424789428711,4692700,0.0,0.0,0.0
2017-02-10,117.3499984741211,117.62000274658203,117.26000213623047,117.52999877929688,86.12052154541016,4881600,0.0,0.0,0.0
2017-02-13,117.41000366210938,117.4800033569336,117.26000213623047,117.4800033569336,86.08387756347656,3723500,0.0,0.0,0.0
2017-02-14,117.5199966430664,117.5199966430664,116.80999755859375,117.19999694824219,85.87865447998047,4404100,0.0,0.0,0.0
2017-02-15,116.94999694824219,117.11000061035156,116.87000274658203,117.11000061035156,85.812744140625,3632700,0.0,0.0,0.0
2017-02-16,117.31999969482422,117.56999969482422,117.20999908447266,117.44000244140625,86.05458068847656,4037700,0.0,0.0,0.0
2017-02-17,117.86000061035156,117.87000274658203,117.62999725341797,117.73999786376953,86.27436065673828,3104800,0.0,0.0,0.0
2017-02-21,117.56999969482422,117.91999816894531,117.5,117.79000091552734,86.31100463867188,3656200,0.0,0.0,0.0
2017-02-22,118.05000305175781,118.16999816894531,117.54000091552734,117.87999725341797,86.37693786621094,4259100,0.0,0.0,0.0
2017-02-23,118.16000366210938,118.20999908447266,118.05000305175781,118.18000030517578,86.5967788696289,4247900,0.0,0.0,0.0
2017-02-24,118.62000274658203,118.87000274658203,118.44000244140625,118.77999877929688,87.03643798828125,5388800,0.0,0.0,0.0
2017-02-27,118.76000213623047,118.76000213623047,118.45999908447266,118.5,86.83128356933594,5083400,0.0,0.0,0.0
2017-02-28,118.62000274658203,118.77999877929688,118.5,118.58000183105469,86.88993072509766,4290600,0.0,0.0,0.0
2017-03-01,117.61000061035156,117.62000274658203,117.38999938964844,117.55999755859375,86.37632751464844,6524600,0.321,0.0,0.0
2017-03-02,117.44999694824219,117.4800033569336,117.25,117.37999725341797,86.24405670166016,4687900,0.0,0.0,0.0
2017-03-03,117.5199966430664,117.52999877929688,117.12999725341797,117.5,86.33224487304688,4926300,0.0,0.0,0.0
2017-03-06,117.4800033569336,117.5,117.20999908447266,117.29000091552734,86.17792510986328,3464400,0.0,0.0,0.0
2017-03-07,117.01000213623047,117.12999725341797,116.5999984741211,116.70999908447266,85.75177764892578,5999600,0.0,0.0,0.0
2017-03-08,116.4800033569336,116.4800033569336,116.16000366210938,116.3499984741211,85.4873046875,7933300,0.0,0.0,0.0
2017-03-09,115.98999786376953,116.0199966430664,115.66000366210938,115.72000122070312,85.0243911743164,5497200,0.0,0.0,0.0
2017-03-10,116.06999969482422,116.06999969482422,115.76000213623047,116.01000213623047,85.23746490478516,4789100,0.0,0.0,0.0
2017-03-13,115.9000015258789,116.0,115.62000274658203,115.62000274658203,84.950927734375,3171600,0.0,0.0,0.0
2017-03-14,115.70999908447266,115.80000305175781,115.62999725341797,115.72000122070312,85.0243911743164,3598500,0.0,0.0,0.0
2017-03-15,116.04000091552734,116.80999755859375,115.91000366210938,116.72000122070312,85.75911712646484,7841600,0.0,0.0,0.0
2017-03-16,116.7300033569336,116.73999786376953,116.5,116.55000305175781,85.63426208496094,3116900,0.0,0.0,0.0
2017-03-17,116.75,116.91999816894531,116.68000030517578,116.81999969482422,85.83261108398438,4440500,0.0,0.0,0.0
2017-03-20,116.86000061035156,117.12999725341797,116.81999969482422,117.08999633789062,86.03096771240234,2939600,0.0,0.0,0.0
2017-03-21,117.0999984741211,117.47000122070312,117.02999877929688,117.37999725341797,86.24405670166016,5032300,0.0,0.0,0.0
2017-03-22,117.70999908447266,117.80000305175781,117.47000122070312,117.68000030517578,86.4644775390625,3905800,0.0,0.0,0.0
2017-03-23,117.76000213623047,117.77999877929688,117.44999694824219,117.5999984741211,86.40570831298828,4504900,0.0,0.0,0.0
2017-03-24,117.5199966430664,117.81999969482422,117.5199966430664,117.72000122070312,86.49388885498047,3158300,0.0,0.0,0.0
2017-03-27,118.08999633789062,118.08999633789062,117.80000305175781,117.97000122070312,86.67754364013672,3492100,0.0,0.0,0.0
2017-03-28,117.93000030517578,118.08999633789062,117.69000244140625,117.72000122070312,86.49388885498047,4834900,0.0,0.0,0.0
2017-03-29,117.91999816894531,118.0999984741211,117.81999969482422,118.0999984741211,86.7730712890625,3457100,0.0,0.0,0.0
2017-03-30,117.93000030517578,118.04000091552734,117.73999786376953,117.79000091552734,86.54529571533203,2667700,0.0,0.0,0.0
2017-03-31,117.87000274658203,117.94000244140625,117.79000091552734,117.91000366210938,86.63349151611328,5772300,0.0,0.0,0.0
2017-04-03,117.63999938964844,118.12000274658203,117.61000061035156,118.12000274658203,87.02244567871094,3713700,0.318,0.0,0.0
2017-04-04,117.98999786376953,118.02999877929688,117.80999755859375,117.80999755859375,86.79405212402344,3016200,0.0,0.0,0.0
2017-04-05,117.87999725341797,118.06999969482422,117.69999694824219,117.95999908447266,86.90458679199219,6753900,0.0,0.0,0.0
2017-04-06,118.08000183105469,118.12000274658203,117.80999755859375,118.06999969482422,86.98563385009766,2012600,0.0,0.0,0.0
2017-04-07,118.33999633789062,118.44000244140625,117.75,117.77999877929688,86.7719955444336,2121700,0.0,0.0,0.0
2017-04-10,117.98999786376953,118.1500015258789,117.91000366210938,118.0,86.93406677246094,2766200,0.0,0.0,0.0
2017-04-11,118.26000213623047,118.62000274658203,118.26000213623047,118.55000305175781,87.33927917480469,3534200,0.0,0.0,0.0
2017-04-12,118.80999755859375,118.94000244140625,118.51000213623047,118.94000244140625,87.62659454345703,2886300,0.0,0.0,0.0
2017-04-13,119.05999755859375,119.20999908447266,118.88999938964844,119.13999938964844,87.77394104003906,3286700,0.0,0.0,0.0
2017-04-17,119.19000244140625,119.20999908447266,118.8499984741211,118.91000366210938,87.6044692993164,2933700,0.0,0.0,0.0
2017-04-18,119.27999877929688,119.66000366210938,119.1500015258789,119.61000061035156,88.12023162841797,3616800,0.0,0.0,0.0
2017-04-19,119.37000274658203,119.43000030517578,119.16000366210938,119.25,87.85498046875,1839400,0.0,0.0,0.0
2017-04-20,119.0999984741211,119.19000244140625,118.9000015258789,119.08000183105469,87.729736328125,3264000,0.0,0.0,0.0
2017-04-21,119.27999877929688,119.29000091552734,119.06999969482422,119.08000183105469,87.729736328125,3892400,0.0,0.0,0.0
2017-04-24,118.93000030517578,119.02999877929688,118.73999786376953,118.91999816894531,87.61183166503906,3193400,0.0,0.0,0.0
2017-04-25,118.75,118.80999755859375,118.41000366210938,118.44999694824219,87.26557922363281,3541100,0.0,0.0,0.0
2017-04-26,118.47000122070312,118.77999877929688,118.44000244140625,118.73999786376953,87.4792251586914,3320400,0.0,0.0,0.0
2017-04-27,118.73999786376953,118.94000244140625,118.61000061035156,118.8499984741211,87.56029510498047,4391000,0.0,0.0,0.0
2017-04-28,118.70999908447266,119.01000213623047,118.5999984741211,118.98999786376953,87.66341400146484,4478000,0.0,0.0,0.0
2017-05-01,118.56999969482422,118.70999908447266,118.18000030517578,118.30000305175781,87.39155578613281,3479800,0.322,0.0,0.0
2017-05-02,118.36000061035156,118.68000030517578,118.29000091552734,118.6500015258789,87.6501235961914,2858200,0.0,0.0,0.0
2017-05-03,118.87000274658203,118.9000015258789,118.5,118.58999633789062,87.6058578491211,2854900,0.0,0.0,0.0
2017-05-04,118.25,118.36000061035156,118.16999816894531,118.36000061035156,87.43588256835938,1540100,0.0,0.0,0.0
2017-05-05,118.37999725341797,118.4000015258789,118.12999725341797,118.4000015258789,87.46543884277344,2887300,0.0,0.0,0.0
2017-05-08,118.37000274658203,118.37000274658203,118.0999984741211,118.19000244140625,87.31031799316406,3886500,0.0,0.0,0.0
2017-05-09,118.12000274658203,118.20999908447266,118.05000305175781,118.20999908447266,87.32508087158203,3012400,0.0,0.0,0.0
2017-05-10,118.52999877929688,118.52999877929688,118.2300033569336,118.37000274658203,87.44328308105469,4282600,0.0,0.0,0.0
2017-05-11,118.19999694824219,118.47000122070312,118.1500015258789,118.43000030517578,87.48760986328125,2263500,0.0,0.0,0.0
2017-05-12,118.80000305175781,119.05999755859375,118.77999877929688,119.02999877929688,87.93084716796875,3165000,0.0,0.0,0.0
2017-05-15,118.95999908447266,119.08000183105469,118.87999725341797,119.0199966430664,87.92346954345703,3752700,0.0,0.0,0.0
2017-05-16,119.08999633789062,119.36000061035156,119.05000305175781,119.19000244140625,88.04903411865234,3996400,0.0,0.0,0.0
2017-05-17,119.58999633789062,119.9800033569336,119.58999633789062,119.91999816894531,88.58829498291016,7304300,0.0,0.0,0.0
2017-05-18,119.91000366210938,119.94999694824219,119.69999694824219,119.9000015258789,88.57352447509766,4825400,0.0,0.0,0.0
2017-05-19,119.83000183105469,119.97000122070312,119.69999694824219,119.97000122070312,88.62525939941406,2907800,0.0,0.0,0.0
2017-05-22,119.87999725341797,119.93000030517578,119.80000305175781,119.87000274658203,88.55135345458984,2852900,0.0,0.0,0.0
2017-05-23,120.01000213623047,120.01000213623047,119.45999908447266,119.5,88.27802276611328,5154200,0.0,0.0,0.0
2017-05-24,119.56999969482422,119.76000213623047,119.37999725341797,119.69000244140625,88.41837310791016,5274800,0.0,0.0,0.0
2017-05-25,119.7699966430664,119.7699966430664,119.55000305175781,119.73999786376953,88.455322265625,2806200,0.0,0.0,0.0
2017-05-26,119.81999969482422,119.91000366210938,119.72000122070312,119.83000183105469,88.52185821533203,2054800,0.0,0.0,0.0
2017-05-30,120.0,120.12000274658203,119.95999908447266,120.11000061035156,88.72867584228516,3898300,0.0,0.0,0.0
2017-05-31,120.11000061035156,120.26000213623047,120.0199966430664,120.25,88.83209228515625,4428500,0.0,0.0,0.0
2017-06-01,119.69000244140625,119.97000122070312,119.66999816894531,119.95999908447266,88.85133361816406,9430000,0.316,0.0,0.0
2017-06-02,120.45999908447266,120.58000183105469,120.30000305175781,120.5199966430664,89.26610565185547,5130100,0.0,0.0,0.0
2017-06-05,120.26000213623047,120.37000274658203,120.16999816894531,120.18000030517578,89.01431274414062,3198500,0.0,0.0,0.0
2017-06-06,120.66000366210938,120.66000366210938,120.44999694824219,120.52999877929688,89.27352905273438,1806700,0.0,0.0,0.0
2017-06-07,120.47000122070312,120.5999984741211,120.31999969482422,120.37999725341797,89.16240692138672,5702400,0.0,0.0,0.0
2017-06-08,120.38999938964844,120.38999938964844,120.0,120.16999816894531,89.00687408447266,3895200,0.0,0.0,0.0
2017-06-09,119.94999694824219,120.13999938964844,119.8499984741211,120.05000305175781,88.91800689697266,6884700,0.0,0.0,0.0
2017-06-12,119.95999908447266,120.27999877929688,119.91999816894531,120.08000183105469,88.94023895263672,4075100,0.0,0.0,0.0
2017-06-13,119.95999908447266,120.20999908447266,119.95999908447266,120.20999908447266,89.0364990234375,4822000,0.0,0.0,0.0
2017-06-14,120.98999786376953,121.30999755859375,120.79000091552734,121.02999877929688,89.64389038085938,6852800,0.0,0.0,0.0
2017-06-15,120.87000274658203,120.87000274658203,120.58999633789062,120.73999786376953,89.4290542602539,6624700,0.0,0.0,0.0
2017-06-16,120.83999633789062,120.91000366210938,120.76000213623047,120.83999633789062,89.50313568115234,4314800,0.0,0.0,0.0
2017-06-19,120.8499984741211,120.8499984741211,120.62999725341797,120.69000244140625,89.39204406738281,7827700,0.0,0.0,0.0
2017-06-20,120.86000061035156,121.08000183105469,120.73999786376953,120.95999908447266,89.59200286865234,6906500,0.0,0.0,0.0
2017-06-21,120.94999694824219,121.08000183105469,120.83000183105469,121.0199966430664,89.63648223876953,5462700,0.0,0.0,0.0
2017-06-22,121.19000244140625,121.2300033569336,120.9800033569336,121.12000274658203,89.71054077148438,3520800,0.0,0.0,0.0
2017-06-23,121.11000061035156,121.19000244140625,121.05000305175781,121.18000030517578,89.75495910644531,5495700,0.0,0.0,0.0
2017-06-26,121.44999694824219,121.55999755859375,121.37000274658203,121.4000015258789,89.91790771484375,3808600,0.0,0.0,0.0
2017-06-27,121.12999725341797,121.1500015258789,120.81999969482422,120.8499984741211,89.51057434082031,4736500,0.0,0.0,0.0
2017-06-28,120.91000366210938,120.9800033569336,120.62999725341797,120.9800033569336,89.60682678222656,3933900,0.0,0.0,0.0
2017-06-29,120.37000274658203,120.70999908447266,120.33999633789062,120.61000061035156,89.33277130126953,6954200,0.0,0.0,0.0
2017-06-30,120.66000366210938,120.69000244140625,120.47000122070312,120.51000213623047,89.25872039794922,4567700,0.0,0.0,0.0
2017-07-03,120.33999633789062,120.33999633789062,119.93000030517578,119.93000030517578,89.06561279296875,5759500,0.32,0.0,0.0
2017-07-05,120.02999877929688,120.1500015258789,119.9000015258789,120.12999725341797,89.2141342163086,5406900,0.0,0.0,0.0
2017-07-06,119.77999877929688,119.88999938964844,119.5,119.81999969482422,88.98392486572266,11548000,0.0,0.0,0.0
2017-07-07,119.69999694824219,119.7699966430664,119.5999984741211,119.72000122070312,88.90968322753906,9803900,0.0,0.0,0.0
2017-07-10,119.88999938964844,119.94999694824219,119.73999786376953,119.91999816894531,89.0582046508789,2234500,0.0,0.0,0.0
2017-07-11,119.9000015258789,119.98999786376953,119.7300033569336,119.97000122070312,89.0953598022461,4340900,0.0,0.0,0.0
2017-07-12,120.5,120.62000274658203,120.37999725341797,120.5,89.48894500732422,6779600,0.0,0.0,0.0
2017-07-13,120.37999725341797,120.43000030517578,120.12000274658203,120.29000091552734,89.3329849243164,3977400,0.0,0.0,0.0
2017-07-14,120.72000122070312,120.80000305175781,120.37999725341797,120.56999969482422,89.54093933105469,5302000,0.0,0.0,0.0
2017-07-17,120.56999969482422,120.75,120.44999694824219,120.68000030517578,89.62261199951172,5899000,0.0,0.0,0.0
2017-07-18,121.05000305175781,121.19999694824219,120.91999816894531,121.19999694824219,90.00878143310547,4775300,0.0,0.0,0.0
2017-07-19,121.19000244140625,121.30000305175781,121.08999633789062,121.16000366210938,89.97908782958984,4144200,0.0,0.0,0.0
2017-07-20,121.41999816894531,121.47000122070312,121.19000244140625,121.2699966430664,90.06076049804688,1925200,0.0,0.0,0.0
2017-07-21,121.44000244140625,121.61000061035156,121.43000030517578,121.55000305175781,90.26873016357422,3634000,0.0,0.0,0.0
2017-07-24,121.47000122070312,121.5,121.30999755859375,121.41000366210938,90.16474914550781,2647900,0.0,0.0,0.0
2017-07-25,120.94000244140625,120.9800033569336,120.66000366210938,120.69000244140625,89.63005828857422,7043100,0.0,0.0,0.0
2017-07-26,120.68000030517578,121.19000244140625,120.63999938964844,121.08999633789062,89.92708587646484,9355500,0.0,0.0,0.0
2017-07-27,120.83999633789062,120.93000030517578,120.69999694824219,120.79000091552734,89.70428466796875,2769100,0.0,0.0,0.0
2017-07-28,120.83999633789062,121.11000061035156,120.79000091552734,121.11000061035156,89.94194030761719,2312200,0.0,0.0,0.0
2017-07-31,120.91000366210938,121.12000274658203,120.91000366210938,121.11000061035156,89.94194030761719,3689900,0.0,0.0,0.0
2017-08-01,120.62999725341797,121.2300033569336,120.56999969482422,121.2300033569336,90.26806640625,7390500,0.318,0.0,0.0
2017-08-02,121.16999816894531,121.29000091552734,121.0,121.04000091552734,90.12663269042969,6728600,0.0,0.0,0.0
2017-08-03,121.11000061035156,121.2699966430664,121.08999633789062,121.20999908447266,90.25315856933594,6520500,0.0,0.0,0.0
2017-08-04,120.9000015258789,120.91999816894531,120.58000183105469,120.73999786376953,89.90320587158203,5095700,0.0,0.0,0.0
2017-08-07,120.75,120.83000183105469,120.58999633789062,120.7699966430664,89.92559814453125,10816400,0.0,0.0,0.0
2017-08-08,120.6500015258789,120.66999816894531,120.16999816894531,120.19000244140625,89.49369812011719,9992700,0.0,0.0,0.0
2017-08-09,120.56999969482422,120.62000274658203,120.30000305175781,120.30999755859375,89.58306884765625,7465800,0.0,0.0,0.0
2017-08-10,120.33999633789062,120.44000244140625,120.05999755859375,120.2699966430664,89.55326080322266,8053400,0.0,0.0,0.0
2017-08-11,120.30000305175781,120.51000213623047,120.08999633789062,120.48999786376953,89.71708679199219,10910500,0.0,0.0,0.0
2017-08-14,120.41999816894531,120.6500015258789,120.36000061035156,120.41000366210938,89.65753173828125,3051500,0.0,0.0,0.0
2017-08-15,120.16999816894531,120.3499984741211,120.11000061035156,120.2699966430664,89.55326080322266,4710000,0.0,0.0,0.0
2017-08-16,120.30000305175781,120.80000305175781,120.29000091552734,120.61000061035156,89.80644989013672,5190200,0.0,0.0,0.0
2017-08-17,120.5999984741211,120.83999633789062,120.4800033569336,120.7300033569336,89.89575958251953,8973800,0.0,0.0,0.0
2017-08-18,121.02999877929688,121.04000091552734,120.61000061035156,120.6500015258789,89.83621978759766,4350900,0.0,0.0,0.0
2017-08-21,120.83999633789062,120.87000274658203,120.72000122070312,120.81999969482422,89.96279907226562,3666200,0.0,0.0,0.0
2017-08-22,120.77999877929688,120.79000091552734,120.63999938964844,120.69999694824219,89.87344360351562,2390100,0.0,0.0,0.0
2017-08-23,120.94999694824219,121.16999816894531,120.87000274658203,121.16000366210938,90.21595001220703,4590000,0.0,0.0,0.0
2017-08-24,121.0,121.12999725341797,120.88999938964844,120.93000030517578,90.04473876953125,2929800,0.0,0.0,0.0
2017-08-25,121.01000213623047,121.29000091552734,120.94999694824219,121.20999908447266,90.25315856933594,5488000,0.0,0.0,0.0
2017-08-28,121.18000030517578,121.26000213623047,121.0,121.20999908447266,90.25315856933594,5200500,0.0,0.0,0.0
2017-08-29,121.6500015258789,121.69999694824219,121.2300033569336,121.30000305175781,90.32020568847656,3499700,0.0,0.0,0.0
2017-08-30,121.29000091552734,121.4000015258789,121.23999786376953,121.4000015258789,90.3946533203125,2573700,0.0,0.0,0.0
2017-08-31,121.45999908447266,121.66000366210938,121.44999694824219,121.61000061035156,90.5510482788086,4549400,0.0,0.0,0.0
2017-09-01,121.19000244140625,121.22000122070312,120.80000305175781,120.80999755859375,90.19270324707031,7946000,0.32,0.0,0.0
2017-09-05,121.22000122070312,121.66000366210938,121.16999816894531,121.55999755859375,90.75257873535156,7357000,0.0,0.0,0.0
2017-09-06,121.54000091552734,121.5999984741211,121.08000183105469,121.12999725341797,90.43159484863281,8863700,0.0,0.0,0.0
2017-09-07,121.37000274658203,121.80999755859375,121.3499984741211,121.5999984741211,90.78248596191406,7698800,0.0,0.0,0.0
2017-09-08,121.5199966430664,121.5199966430664,121.2300033569336,121.23999786376953,90.51368713378906,6776600,0.0,0.0,0.0
2017-09-11,120.98999786376953,121.19000244140625,120.8499984741211,120.87000274658203,90.23749542236328,4220300,0.0,0.0,0.0
2017-09-12,120.81999969482422,120.81999969482422,120.55000305175781,120.73999786376953,90.14042663574219,4615800,0.0,0.0,0.0
2017-09-13,120.81999969482422,120.83999633789062,120.5999984741211,120.62000274658203,90.05083465576172,5671300,0.0,0.0,0.0
2017-09-14,120.55999755859375,120.91999816894531,120.55999755859375,120.91999816894531,90.27481842041016,4333500,0.0,0.0,0.0
2017-09-15,120.98999786376953,121.05000305175781,120.79000091552734,121.0199966430664,90.34947204589844,4631300,0.0,0.0,0.0
2017-09-18,120.95999908447266,120.9800033569336,120.76000213623047,120.9000015258789,90.25982666015625,4971700,0.0,0.0,0.0
2017-09-19,120.94999694824219,121.05999755859375,120.83999633789062,120.97000122070312,90.31214141845703,5296800,0.0,0.0,0.0
2017-09-20,121.06999969482422,121.08999633789062,120.54000091552734,120.81999969482422,90.20014953613281,6603300,0.0,0.0,0.0
2017-09-21,120.8499984741211,121.06999969482422,120.80999755859375,120.81999969482422,90.20014953613281,3410000,0.0,0.0,0.0
2017-09-22,121.05999755859375,121.12000274658203,120.9000015258789,120.9800033569336,90.31963348388672,2099200,0.0,0.0,0.0
2017-09-25,121.12000274658203,121.45999908447266,121.06999969482422,121.43000030517578,90.65553283691406,3489900,0.0,0.0,0.0
2017-09-26,121.30000305175781,121.45999908447266,121.20999908447266,121.41000366210938,90.6406478881836,10290700,0.0,0.0,0.0
2017-09-27,120.8499984741211,121.01000213623047,120.63999938964844,120.94000244140625,90.28976440429688,6695500,0.0,0.0,0.0
2017-09-28,120.79000091552734,121.13999938964844,120.75,121.12000274658203,90.42408752441406,6350800,0.0,0.0,0.0
2017-09-29,121.19999694824219,121.30000305175781,120.94999694824219,121.2300033569336,90.5062026977539,7627300,0.0,0.0,0.0
2017-10-02,120.95999908447266,121.11000061035156,120.7699966430664,121.0199966430664,90.59086608886719,7218100,0.323,0.0,0.0
2017-10-03,120.9800033569336,121.29000091552734,120.91999816894531,121.29000091552734,90.79288482666016,7569400,0.0,0.0,0.0
2017-10-04,121.30000305175781,121.30000305175781,120.9800033569336,121.22000122070312,90.74054718017578,5376300,0.0,0.0,0.0
2017-10-05,121.1500015258789,121.1500015258789,120.91999816894531,121.05000305175781,90.6132583618164,3932800,0.0,0.0,0.0
2017-10-06,120.68000030517578,120.98999786376953,120.56999969482422,120.94999694824219,90.5384292602539,5901300,0.0,0.0,0.0
2017-10-09,121.0199966430664,121.06999969482422,120.87000274658203,121.05000305175781,90.6132583618164,1312200,0.0,0.0,0.0
2017-10-10,121.08999633789062,121.4000015258789,121.05000305175781,121.12999725341797,90.67316436767578,3873400,0.0,0.0,0.0
2017-10-11,121.30999755859375,121.30999755859375,121.0,121.06999969482422,90.62825775146484,7170900,0.0,0.0,0.0
2017-10-12,121.11000061035156,121.19000244140625,120.94999694824219,121.0999984741211,90.65067291259766,10302500,0.0,0.0,0.0
2017-10-13,121.56999969482422,121.6500015258789,121.4000015258789,121.58000183105469,91.010009765625,5755800,0.0,0.0,0.0
2017-10-16,121.54000091552734,121.55999755859375,121.29000091552734,121.41000366210938,90.88276672363281,4886100,0.0,0.0,0.0
2017-10-17,121.2699966430664,121.48999786376953,121.26000213623047,121.38999938964844,90.8678207397461,4476900,0.0,0.0,0.0
2017-10-18,121.0999984741211,121.29000091552734,121.04000091552734,121.20999908447266,90.73298645019531,3272500,0.0,0.0,0.0
2017-10-19,121.55000305175781,121.55000305175781,121.30000305175781,121.38999938964844,90.8678207397461,4143300,0.0,0.0,0.0
2017-10-20,120.9800033569336,121.16000366210938,120.9000015258789,121.05999755859375,90.62077331542969,7280400,0.0,0.0,0.0
2017-10-23,121.23999786376953,121.30999755859375,121.13999938964844,121.18000030517578,90.71061706542969,2675800,0.0,0.0,0.0
2017-10-24,120.87999725341797,121.05999755859375,120.8499984741211,120.87999725341797,90.48603820800781,4686200,0.0,0.0,0.0
2017-10-25,120.58000183105469,120.63999938964844,120.4000015258789,120.55999755859375,90.24651336669922,8866600,0.0,0.0,0.0
2017-10-26,120.80000305175781,120.80000305175781,120.54000091552734,120.55000305175781,90.23896026611328,9420100,0.0,0.0,0.0
2017-10-27,120.70999908447266,120.94999694824219,120.68000030517578,120.91000366210938,90.50846862792969,6915900,0.0,0.0,0.0
2017-10-30,120.70999908447266,121.3499984741211,120.70999908447266,121.30999755859375,90.80789947509766,5236600,0.0,0.0,0.0
2017-10-31,121.36000061035156,121.36000061035156,121.12000274658203,121.13999938964844,90.68062591552734,5932800,0.0,0.0,0.0
2017-11-01,121.05000305175781,121.1500015258789,120.8499984741211,121.01000213623047,90.82401275634766,5967400,0.321,0.0,0.0
2017-11-02,121.1500015258789,121.1500015258789,120.9000015258789,120.98999786376953,90.80899810791016,13253900,0.0,0.0,0.0
2017-11-03,121.0999984741211,121.19000244140625,120.91000366210938,121.12999725341797,90.91407775878906,5307500,0.0,0.0,0.0
2017-11-06,121.19000244140625,121.25,121.05000305175781,121.16000366210938,90.93665313720703,9576900,0.0,0.0,0.0
2017-11-07,121.0199966430664,121.11000061035156,120.95999908447266,121.05999755859375,90.86154174804688,7643200,0.0,0.0,0.0
2017-11-08,121.08000183105469,121.11000061035156,120.87999725341797,120.9000015258789,90.741455078125,7185500,0.0,0.0,0.0
2017-11-09,120.61000061035156,120.75,120.51000213623047,120.58000183105469,90.50130462646484,7232300,0.0,0.0,0.0
2017-11-10,120.08999633789062,120.1500015258789,119.77999877929688,119.88999938964844,89.9833755493164,5816600,0.0,0.0,0.0
2017-11-13,120.0999984741211,120.12000274658203,119.91000366210938,119.91000366210938,89.99839782714844,3646400,0.0,0.0,0.0
2017-11-14,119.9800033569336,120.0999984741211,119.87999725341797,119.94000244140625,90.02092742919922,6112500,0.0,0.0,0.0
2017-11-15,120.06999969482422,120.4800033569336,119.8499984741211,120.44999694824219,90.4037094116211,7141900,0.0,0.0,0.0
2017-11-16,120.36000061035156,120.5199966430664,120.2699966430664,120.30999755859375,90.29864501953125,5051200,0.0,0.0,0.0
2017-11-17,120.51000213623047,120.58000183105469,120.37999725341797,120.45999908447266,90.41123962402344,5521500,0.0,0.0,0.0
2017-11-20,120.41999816894531,120.5999984741211,120.37999725341797,120.45999908447266,90.41123962402344,3190600,0.0,0.0,0.0
2017-11-21,120.9000015258789,120.94000244140625,120.66999816894531,120.86000061035156,90.7114486694336,4372100,0.0,0.0,0.0
2017-11-22,121.05000305175781,121.37000274658203,120.9800033569336,121.33000183105469,91.06421661376953,4111500,0.0,0.0,0.0
2017-11-24,121.25,121.37000274658203,121.16999816894531,121.19000244140625,90.95909881591797,1359700,0.0,0.0,0.0
2017-11-27,121.16000366210938,121.26000213623047,121.04000091552734,121.12000274658203,90.90655517578125,6049200,0.0,0.0,0.0
2017-11-28,121.23999786376953,121.38999938964844,121.16999816894531,121.29000091552734,91.03411102294922,5176400,0.0,0.0,0.0
2017-11-29,120.80999755859375,120.87000274658203,120.62000274658203,120.80999755859375,90.6738510131836,7606300,0.0,0.0,0.0
2017-11-30,120.93000030517578,120.94000244140625,120.47000122070312,120.66999816894531,90.5688247680664,6119600,0.0,0.0,0.0
2017-12-01,120.80999755859375,121.37999725341797,120.4000015258789,120.72000122070312,90.84873962402344,13958300,0.322,0.0,0.0
2017-12-04,120.77999877929688,120.91999816894531,120.58000183105469,120.91000366210938,90.99174499511719,5766700,0.0,0.0,0.0
2017-12-05,121.0,121.16999816894531,120.83000183105469,121.13999938964844,91.16485595703125,4541900,0.0,0.0,0.0
2017-12-06,121.4800033569336,121.54000091552734,121.33999633789062,121.37000274658203,91.33792877197266,4801500,0.0,0.0,0.0
2017-12-07,121.48999786376953,121.56999969482422,120.94000244140625,121.12999725341797,91.1573486328125,8295200,0.0,0.0,0.0
2017-12-08,121.0199966430664,121.11000061035156,120.91000366210938,120.9800033569336,91.04446411132812,5135100,0.0,0.0,0.0
2017-12-11,121.08999633789062,121.22000122070312,121.02999877929688,121.06999969482422,91.11216735839844,4521500,0.0,0.0,0.0
2017-12-12,120.94999694824219,120.98999786376953,120.77999877929688,120.9800033569336,91.04446411132812,10153000,0.0,0.0,0.0
2017-12-13,121.18000030517578,121.54000091552734,121.08999633789062,121.4000015258789,91.36051940917969,7205800,0.0,0.0,0.0
2017-12-14,121.29000091552734,121.66000366210938,121.22000122070312,121.62000274658203,91.52607727050781,8022200,0.0,0.0,0.0
2017-12-15,121.69999694824219,121.8499984741211,121.48999786376953,121.79000091552734,91.65402221679688,5846000,0.0,0.0,0.0
2017-12-18,121.72000122070312,121.7699966430664,121.41000366210938,121.43000030517578,91.3830795288086,6371100,0.0,0.0,0.0
2017-12-19,121.16999816894531,121.19000244140625,120.6500015258789,120.80999755859375,90.91651916503906,6029200,0.0,0.0,0.0
2017-12-20,120.55000305175781,120.69999694824219,120.4000015258789,120.48999786376953,90.67570495605469,9805700,0.0,0.0,0.0
2017-12-21,120.29000091552734,120.58999633789062,120.2699966430664,120.55999755859375,90.92007446289062,6210400,0.254,0.0,0.0
2017-12-22,120.56999969482422,120.66999816894531,120.48999786376953,120.6500015258789,90.98790740966797,2934900,0.0,0.0,0.0
2017-12-26,120.68000030517578,120.86000061035156,120.5999984741211,120.80999755859375,91.10858154296875,1873000,0.0,0.0,0.0
2017-12-27,121.08000183105469,121.48999786376953,120.94999694824219,121.4800033569336,91.61386108398438,3179300,0.0,0.0,0.0
2017-12-28,121.47000122070312,121.4800033569336,121.22000122070312,121.4000015258789,91.55352020263672,2493200,0.0,0.0,0.0
2017-12-29,121.26000213623047,121.62999725341797,121.26000213623047,121.55999755859375,91.67416381835938,3003300,0.0,0.0,0.0
2018-01-02,121.31999969482422,121.45999908447266,120.5,120.75,91.0633316040039,8480600,0.0,0.0,0.0
2018-01-03,120.94000244140625,121.05000305175781,120.69999694824219,120.97000122070312,91.2292251586914,5087600,0.0,0.0,0.0
2018-01-04,120.77999877929688,121.01000213623047,120.7300033569336,120.93000030517578,91.19905090332031,7710100,0.0,0.0,0.0
2018-01-05,121.08999633789062,121.08999633789062,120.76000213623047,120.88999938964844,91.16889190673828,5796500,0.0,0.0,0.0
2018-01-08,121.0199966430664,121.02999877929688,120.7699966430664,120.87999725341797,91.161376953125,3897200,0.0,0.0,0.0
2018-01-09,120.7300033569336,120.7699966430664,120.41999816894531,120.44000244140625,90.82950592041016,7621600,0.0,0.0,0.0
2018-01-10,120.05000305175781,120.6500015258789,119.91000366210938,120.5199966430664,90.88984680175781,6050500,0.0,0.0,0.0
2018-01-11,120.48999786376953,120.94999694824219,120.48999786376953,120.80999755859375,91.10858154296875,5192600,0.0,0.0,0.0
2018-01-12,120.5999984741211,120.91000366210938,120.55000305175781,120.83000183105469,91.12362670898438,4463000,0.0,0.0,0.0
2018-01-16,121.18000030517578,121.18000030517578,120.81999969482422,120.94000244140625,91.20659637451172,7410200,0.0,0.0,0.0
2018-01-17,120.95999908447266,121.0199966430664,120.48999786376953,120.61000061035156,90.95774841308594,11240700,0.0,0.0,0.0
2018-01-18,120.16999816894531,120.41000366210938,120.01000213623047,120.13999938964844,90.603271484375,6399400,0.0,0.0,0.0
2018-01-19,119.98999786376953,120.11000061035156,119.72000122070312,119.7699966430664,90.32426452636719,6797800,0.0,0.0,0.0
2018-01-22,119.7699966430664,120.0,119.62999725341797,119.66000366210938,90.24129486083984,5096700,0.0,0.0,0.0
2018-01-23,119.97000122070312,120.19000244140625,119.91000366210938,120.18000030517578,90.63345336914062,6144000,0.0,0.0,0.0
2018-01-24,119.94000244140625,120.12000274658203,119.83000183105469,120.0999984741211,90.57317352294922,5679000,0.0,0.0,0.0
2018-01-25,120.0199966430664,120.70999908447266,120.0,120.70999908447266,91.0331802368164,7042100,0.0,0.0,0.0
2018-01-26,120.62000274658203,120.62000274658203,120.33999633789062,120.55000305175781,90.9124755859375,6391300,0.0,0.0,0.0
2018-01-29,120.19999694824219,120.37999725341797,120.0,120.2300033569336,90.67115783691406,5732400,0.0,0.0,0.0
2018-01-30,120.0,120.08000183105469,119.69999694824219,119.81999969482422,90.36196899414062,6662600,0.0,0.0,0.0
2018-01-31,120.16999816894531,120.22000122070312,119.70999908447266,120.06999969482422,90.5505142211914,6751200,0.0,0.0,0.0
2018-02-01,119.91000366210938,119.95999908447266,119.13999938964844,119.22000122070312,90.15047454833984,12272400,0.321,0.0,0.0
2018-02-02,119.0,119.0,118.47000122070312,118.61000061035156,89.68926239013672,8681500,0.0,0.0,0.0
2018-02-05,118.23999786376953,119.33000183105469,118.22000122070312,118.68000030517578,89.74212646484375,14486000,0.0,0.0,0.0
2018-02-06,118.58999633789062,118.81999969482422,118.38999938964844,118.44000244140625,89.56065368652344,10467500,0.0,0.0,0.0
2018-02-07,118.80000305175781,118.8499984741211,118.08000183105469,118.11000061035156,89.3111343383789,8862300,0.0,0.0,0.0
2018-02-08,117.94000244140625,118.0999984741211,117.55999755859375,117.5999984741211,88.92552185058594,10957000,0.0,0.0,0.0
2018-02-09,117.44999694824219,117.47000122070312,117.19999694824219,117.22000122070312,88.63815307617188,8719000,0.0,0.0,0.0
2018-02-12,117.29000091552734,117.62000274658203,117.19999694824219,117.22000122070312,88.63815307617188,7814800,0.0,0.0,0.0
2018-02-13,117.08999633789062,117.20999908447266,116.79000091552734,117.18000030517578,88.60790252685547,8730500,0.0,0.0,0.0
2018-02-14,116.80999755859375,117.0,116.66000366210938,116.75,88.28275299072266,11013300,0.0,0.0,0.0
2018-02-15,117.18000030517578,117.45999908447266,117.05999755859375,117.30000305175781,88.69865417480469,4953400,0.0,0.0,0.0
2018-02-16,117.58000183105469,117.76000213623047,117.45999908447266,117.6500015258789,88.96329498291016,6319800,0.0,0.0,0.0
2018-02-20,117.3499984741211,117.41000366210938,117.12999725341797,117.1500015258789,88.58521270751953,8786200,0.0,0.0,0.0
2018-02-21,117.19999694824219,117.30999755859375,116.44000244140625,116.51000213623047,88.10125732421875,6387200,0.0,0.0,0.0
2018-02-22,116.83999633789062,117.06999969482422,116.63999938964844,116.66999816894531,88.22223663330078,7227100,0.0,0.0,0.0
2018-02-23,117.05000305175781,117.23999786376953,116.87999725341797,117.20999908447266,88.6305923461914,8005600,0.0,0.0,0.0
2018-02-26,117.58999633789062,117.75,117.33000183105469,117.36000061035156,88.7440185546875,5072000,0.0,0.0,0.0
2018-02-27,117.51000213623047,117.5199966430664,116.69999694824219,116.8499984741211,88.35840606689453,7279500,0.0,0.0,0.0
2018-02-28,117.01000213623047,117.16000366210938,116.94999694824219,117.06999969482422,88.52472686767578,7963400,0.0,0.0,0.0
2018-03-01,116.55999755859375,116.80999755859375,116.37000274658203,116.62000274658203,88.43370819091797,11679100,0.33,0.0,0.0
2018-03-02,116.36000061035156,116.48999786376953,116.19000244140625,116.25,88.15314483642578,5335000,0.0,0.0,0.0
2018-03-05,116.51000213623047,116.58000183105469,116.0999984741211,116.20999908447266,88.12283325195312,10168400,0.0,0.0,0.0
2018-03-06,116.63999938964844,116.68000030517578,116.29000091552734,116.30999755859375,88.19863891601562,8363400,0.0,0.0,0.0
2018-03-07,116.5,116.52999877929688,116.2300033569336,116.2699966430664,88.16832733154297,4070400,0.0,0.0,0.0
2018-03-08,116.48999786376953,116.69999694824219,116.33999633789062,116.5,88.34272003173828,6410000,0.0,0.0,0.0
2018-03-09,116.31999969482422,116.37000274658203,116.04000091552734,116.08999633789062,88.03179931640625,7773800,0.0,0.0,0.0
2018-03-12,116.19000244140625,116.27999877929688,116.0999984741211,116.23999786376953,88.14556121826172,8555600,0.0,0.0,0.0
2018-03-13,116.3499984741211,116.4000015258789,116.11000061035156,116.25,88.15314483642578,8625900,0.0,0.0,0.0
2018-03-14,116.2699966430664,116.69999694824219,116.26000213623047,116.51000213623047,88.3503189086914,5765700,0.0,0.0,0.0
2018-03-15,116.4800033569336,116.70999908447266,116.44000244140625,116.62999725341797,88.4413070678711,5268200,0.0,0.0,0.0
2018-03-16,116.41000366210938,116.83000183105469,116.36000061035156,116.76000213623047,88.53987884521484,10754700,0.0,0.0,0.0
2018-03-19,116.5,116.5999984741211,116.36000061035156,116.37000274658203,88.244140625,8095300,0.0,0.0,0.0
2018-03-20,116.02999877929688,116.19000244140625,115.91999816894531,115.95999908447266,87.93321990966797,6445000,0.0,0.0,0.0
2018-03-21,115.76000213623047,116.2300033569336,115.5199966430664,115.88999938964844,87.8801498413086,7312600,0.0,0.0,0.0
2018-03-22,116.19000244140625,116.29000091552734,115.98999786376953,116.08999633789062,88.03179931640625,10966600,0.0,0.0,0.0
2018-03-23,115.97000122070312,116.02999877929688,115.70999908447266,115.72000122070312,87.75125885009766,6120800,0.0,0.0,0.0
2018-03-26,116.05999755859375,116.19999694824219,116.0,116.12999725341797,88.06217956542969,5834800,0.0,0.0,0.0
2018-03-27,116.05999755859375,116.62000274658203,116.05999755859375,116.55000305175781,88.38065338134766,5000200,0.0,0.0,0.0
2018-03-28,116.77999877929688,116.9800033569336,116.66000366210938,116.86000061035156,88.61572265625,4771600,0.0,0.0,0.0
2018-03-29,117.11000061035156,117.47000122070312,116.94999694824219,117.38999938964844,89.01762390136719,5930800,0.0,0.0,0.0
2018-04-02,116.9000015258789,117.06999969482422,116.72000122070312,116.98999786376953,88.9697036743164,4393500,0.337,0.0,0.0
2018-04-03,116.94000244140625,116.94000244140625,116.62999725341797,116.68000030517578,88.73397827148438,3773500,0.0,0.0,0.0
2018-04-04,116.7300033569336,116.86000061035156,116.63999938964844,116.68000030517578,88.73397827148438,5259600,0.0,0.0,0.0
2018-04-05,116.61000061035156,116.75,116.5,116.72000122070312,88.76439666748047,5171000,0.0,0.0,0.0
2018-04-06,116.93000030517578,117.06999969482422,116.80999755859375,117.06999969482422,89.03057861328125,4772500,0.0,0.0,0.0
2018-04-09,116.8499984741211,117.18000030517578,116.8499984741211,117.12999725341797,89.07616424560547,3611300,0.0,0.0,0.0
2018-04-10,117.20999908447266,117.44000244140625,117.01000213623047,117.16000366210938,89.0989990234375,5201300,0.0,0.0,0.0
2018-04-11,117.36000061035156,117.4000015258789,117.11000061035156,117.23999786376953,89.15984344482422,2483800,0.0,0.0,0.0
2018-04-12,117.12000274658203,117.19999694824219,116.9000015258789,116.91999816894531,88.91646575927734,2588100,0.0,0.0,0.0
2018-04-13,116.83999633789062,117.05999755859375,116.83999633789062,116.95999908447266,88.94686126708984,4427800,0.0,0.0,0.0
2018-04-16,116.75,116.98999786376953,116.70999908447266,116.97000122070312,88.95449829101562,2323600,0.0,0.0,0.0
2018-04-17,116.9800033569336,117.1500015258789,116.91000366210938,116.9800033569336,88.96208190917969,6702900,0.0,0.0,0.0
2018-04-18,116.94000244140625,116.94999694824219,116.36000061035156,116.37999725341797,88.50579833984375,6888000,0.0,0.0,0.0
2018-04-19,116.04000091552734,116.06999969482422,115.76000213623047,115.94000244140625,88.17120361328125,4058600,0.0,0.0,0.0
2018-04-20,115.79000091552734,115.83000183105469,115.45999908447266,115.47000122070312,87.81379699707031,4679700,0.0,0.0,0.0
2018-04-23,115.44000244140625,115.47000122070312,115.25,115.41999816894531,87.77574157714844,4380000,0.0,0.0,0.0
2018-04-24,115.30999755859375,115.44000244140625,114.98999786376953,115.08000183105469,87.51717376708984,5984700,0.0,0.0,0.0
2018-04-25,114.81999969482422,114.83999633789062,114.55000305175781,114.72000122070312,87.2433853149414,3756100,0.0,0.0,0.0
2018-04-26,115.0199966430664,115.18000030517578,114.91999816894531,115.05999755859375,87.50200653076172,6027200,0.0,0.0,0.0
2018-04-27,115.25,115.37000274658203,115.22000122070312,115.31999969482422,87.6996841430664,3369800,0.0,0.0,0.0
2018-04-30,115.37000274658203,115.45999908447266,115.16999816894531,115.22000122070312,87.62364196777344,6388500,0.0,0.0,0.0
2018-05-01,114.83000183105469,114.87000274658203,114.48999786376953,114.58000183105469,87.386474609375,6051500,0.329,0.0,0.0
2018-05-02,114.7300033569336,114.75,114.48999786376953,114.48999786376953,87.31779479980469,3608100,0.0,0.0,0.0
2018-05-03,114.7699966430664,114.81999969482422,114.47000122070312,114.51000213623047,87.33307647705078,4122600,0.0,0.0,0.0
2018-05-04,114.86000061035156,114.86000061035156,114.47000122070312,114.66999816894531,87.4551010131836,3733800,0.0,0.0,0.0
2018-05-07,114.70999908447266,114.75,114.5,114.54000091552734,87.35597229003906,3870900,0.0,0.0,0.0
2018-05-08,114.43000030517578,114.54000091552734,114.26000213623047,114.5,87.325439453125,5069300,0.0,0.0,0.0
2018-05-09,114.31999969482422,114.62999725341797,114.27999877929688,114.4800033569336,87.3102035522461,3906600,0.0,0.0,0.0
2018-05-10,114.83999633789062,115.06999969482422,114.72000122070312,115.05999755859375,87.75257873535156,5103000,0.0,0.0,0.0
2018-05-11,115.2300033569336,115.27999877929688,115.08000183105469,115.26000213623047,87.9050521850586,4254000,0.0,0.0,0.0
2018-05-14,115.12999725341797,115.2699966430664,115.05000305175781,115.05000305175781,87.74491119384766,4808300,0.0,0.0,0.0
2018-05-15,114.51000213623047,114.76000213623047,114.0,114.18000030517578,87.08141326904297,5970000,0.0,0.0,0.0
2018-05-16,114.23999786376953,114.3499984741211,113.98999786376953,114.02999877929688,86.96699523925781,4210800,0.0,0.0,0.0
2018-05-17,114.0,114.05999755859375,113.72000122070312,113.80999755859375,86.7992172241211,3272300,0.0,0.0,0.0
2018-05-18,113.98999786376953,114.33000183105469,113.95999908447266,114.27999877929688,87.15769958496094,4154700,0.0,0.0,0.0
2018-05-21,114.1500015258789,114.3499984741211,114.0999984741211,114.3499984741211,87.21104431152344,2593300,0.0,0.0,0.0
2018-05-22,114.26000213623047,114.38999938964844,114.12999725341797,114.2300033569336,87.11953735351562,3230000,0.0,0.0,0.0
2018-05-23,114.41000366210938,114.80000305175781,114.33000183105469,114.72000122070312,87.49324798583984,5771100,0.0,0.0,0.0
2018-05-24,114.9800033569336,115.08000183105469,114.88999938964844,115.04000091552734,87.73725891113281,4436900,0.0,0.0,0.0
2018-05-25,115.37999725341797,115.41999816894531,115.2300033569336,115.37999725341797,87.99656677246094,3997600,0.0,0.0,0.0
2018-05-29,115.43000030517578,116.20999908447266,115.26000213623047,115.98999786376953,88.46180725097656,6831700,0.0,0.0,0.0
2018-05-30,115.61000061035156,115.81999969482422,115.2699966430664,115.54000091552734,88.11860656738281,5083900,0.0,0.0,0.0
2018-05-31,115.66000366210938,115.7699966430664,115.36000061035156,115.48999786376953,88.08045959472656,6303300,0.0,0.0,0.0
2018-06-01,114.87000274658203,115.13999938964844,114.80999755859375,114.91000366210938,87.91142272949219,4479700,0.359,0.0,0.0
2018-06-04,114.9000015258789,114.97000122070312,114.6500015258789,114.6500015258789,87.71250915527344,3714900,0.0,0.0,0.0
2018-06-05,114.93000030517578,114.94999694824219,114.69000244140625,114.7300033569336,87.77371215820312,3901500,0.0,0.0,0.0
2018-06-06,114.41000366210938,114.47000122070312,114.16000366210938,114.30999755859375,87.45240783691406,4754900,0.0,0.0,0.0
2018-06-07,114.25,115.05999755859375,114.25,114.69000244140625,87.74308776855469,7185200,0.0,0.0,0.0
2018-06-08,114.5999984741211,114.6500015258789,114.43000030517578,114.5,87.59774780273438,2935600,0.0,0.0,0.0
2018-06-11,114.30000305175781,114.4000015258789,114.2300033569336,114.38999938964844,87.51360321044922,2905100,0.0,0.0,0.0
2018-06-12,114.25,114.5,114.22000122070312,114.4000015258789,87.52122497558594,3396500,0.0,0.0,0.0
2018-06-13,114.44000244140625,114.58000183105469,113.9800033569336,114.29000091552734,87.43708801269531,4906500,0.0,0.0,0.0
2018-06-14,114.68000030517578,114.81999969482422,114.48999786376953,114.80999755859375,87.83491516113281,4915800,0.0,0.0,0.0
2018-06-15,114.9800033569336,115.05999755859375,114.58999633789062,114.6500015258789,87.71250915527344,5887100,0.0,0.0,0.0
2018-06-18,114.63999938964844,114.66000366210938,114.41999816894531,114.52999877929688,87.62067413330078,4723200,0.0,0.0,0.0
2018-06-19,114.55999755859375,114.66000366210938,114.47000122070312,114.58999633789062,87.66657257080078,4278700,0.0,0.0,0.0
2018-06-20,114.61000061035156,114.61000061035156,113.9000015258789,113.94999694824219,87.17696380615234,7731500,0.0,0.0,0.0
2018-06-21,113.9000015258789,114.08999633789062,113.86000061035156,113.86000061035156,87.10809326171875,15921600,0.0,0.0,0.0
2018-06-22,113.80000305175781,114.08999633789062,113.75,114.0,87.2151870727539,6728500,0.0,0.0,0.0
2018-06-25,114.04000091552734,114.11000061035156,113.87000274658203,113.88999938964844,87.13105773925781,3243900,0.0,0.0,0.0
2018-06-26,113.9800033569336,114.29000091552734,113.88999938964844,114.2699966430664,87.42176055908203,10345300,0.0,0.0,0.0
2018-06-27,114.58999633789062,114.66000366210938,114.4800033569336,114.66000366210938,87.72017669677734,9776300,0.0,0.0,0.0
2018-06-28,114.56999969482422,114.56999969482422,114.2699966430664,114.51000213623047,87.60540008544922,6241300,0.0,0.0,0.0
2018-06-29,114.63999938964844,114.83999633789062,114.51000213623047,114.56999969482422,87.65131378173828,7855600,0.0,0.0,0.0
2018-07-02,114.41000366210938,114.41000366210938,114.16000366210938,114.23999786376953,87.66280364990234,4806200,0.345,0.0,0.0
2018-07-03,114.30999755859375,114.7300033569336,114.30999755859375,114.66000366210938,87.98512268066406,2518100,0.0,0.0,0.0
2018-07-05,114.7699966430664,115.02999877929688,114.75,115.0199966430664,88.26134490966797,4730600,0.0,0.0,0.0
2018-07-06,115.23999786376953,115.27999877929688,115.08999633789062,115.18000030517578,88.38411712646484,2465600,0.0,0.0,0.0
2018-07-09,115.08999633789062,115.30000305175781,115.02999877929688,115.26000213623047,88.44549560546875,5161600,0.0,0.0,0.0
2018-07-10,115.23999786376953,115.37000274658203,115.11000061035156,115.12999725341797,88.3457260131836,6624000,0.0,0.0,0.0
2018-07-11,115.2699966430664,115.38999938964844,115.12000274658203,115.36000061035156,88.5222396850586,4071400,0.0,0.0,0.0
2018-07-12,115.4000015258789,115.61000061035156,115.31999969482422,115.61000061035156,88.71412658691406,3324800,0.0,0.0,0.0
2018-07-13,115.70999908447266,115.80999755859375,115.62999725341797,115.69999694824219,88.78316497802734,4273800,0.0,0.0,0.0
2018-07-16,115.5,115.62999725341797,115.29000091552734,115.51000213623047,88.63736724853516,2653700,0.0,0.0,0.0
2018-07-17,115.5199966430664,115.58000183105469,115.37999725341797,115.43000030517578,88.57596588134766,6157000,0.0,0.0,0.0
2018-07-18,115.54000091552734,115.54000091552734,115.3499984741211,115.41000366210938,88.56062316894531,3527600,0.0,0.0,0.0
2018-07-19,115.4000015258789,115.73999786376953,115.37000274658203,115.58999633789062,88.69876098632812,5098600,0.0,0.0,0.0
2018-07-20,115.33999633789062,115.38999938964844,115.12000274658203,115.25,88.43783569335938,5139900,0.0,0.0,0.0
2018-07-23,115.05000305175781,115.12000274658203,114.72000122070312,114.79000091552734,88.08489227294922,4716300,0.0,0.0,0.0
2018-07-24,114.80999755859375,115.16999816894531,114.80999755859375,115.1500015258789,88.36112213134766,4446700,0.0,0.0,0.0
2018-07-25,115.4000015258789,115.4000015258789,115.19999694824219,115.30000305175781,88.4761734008789,7376300,0.0,0.0,0.0
2018-07-26,115.41999816894531,115.55000305175781,115.27999877929688,115.41000366210938,88.56062316894531,5860900,0.0,0.0,0.0
2018-07-27,115.75,115.75,115.45999908447266,115.55999755859375,88.67569732666016,5497600,0.0,0.0,0.0
2018-07-30,115.31999969482422,115.48999786376953,115.30999755859375,115.4000015258789,88.55293273925781,6467600,0.0,0.0,0.0
2018-07-31,115.70999908447266,115.86000061035156,115.63999938964844,115.76000213623047,88.82920837402344,6081600,0.0,0.0,0.0
2018-08-01,114.9000015258789,115.1500015258789,114.8499984741211,115.01000213623047,88.51594543457031,7255900,0.343,0.0,0.0
2018-08-02,115.05000305175781,115.16999816894531,114.87999725341797,115.1500015258789,88.62371826171875,6751500,0.0,0.0,0.0
2018-08-03,115.29000091552734,115.55000305175781,115.16000366210938,115.51000213623047,88.9007797241211,2711200,0.0,0.0,0.0
2018-08-06,115.58999633789062,115.76000213623047,115.58999633789062,115.62000274658203,88.98542785644531,3059800,0.0,0.0,0.0
2018-08-07,115.58999633789062,115.58999633789062,115.19999694824219,115.26000213623047,88.70836639404297,5397700,0.0,0.0,0.0
2018-08-08,115.16999816894531,115.2300033569336,115.08000183105469,115.08000183105469,88.5698013305664,7433200,0.0,0.0,0.0
2018-08-09,115.25,115.36000061035156,115.08999633789062,115.16999816894531,88.63909912109375,7273500,0.0,0.0,0.0
2018-08-10,115.0999984741211,115.5,115.02999877929688,115.36000061035156,88.78532409667969,4765900,0.0,0.0,0.0
2018-08-13,115.26000213623047,115.37999725341797,115.22000122070312,115.33000183105469,88.76223754882812,3145700,0.0,0.0,0.0
2018-08-14,115.48999786376953,115.52999877929688,115.41000366210938,115.4800033569336,88.87764739990234,7052500,0.0,0.0,0.0
2018-08-15,115.6500015258789,115.76000213623047,115.55000305175781,115.72000122070312,89.06237030029297,5208100,0.0,0.0,0.0
2018-08-16,115.81999969482422,115.88999938964844,115.69999694824219,115.87000274658203,89.17781829833984,5997900,0.0,0.0,0.0
2018-08-17,115.95999908447266,116.06999969482422,115.88999938964844,115.97000122070312,89.25479125976562,3871900,0.0,0.0,0.0
2018-08-20,116.25,116.37000274658203,116.18000030517578,116.2699966430664,89.48571014404297,2686800,0.0,0.0,0.0
2018-08-21,116.22000122070312,116.22000122070312,115.95999908447266,115.9800033569336,89.26249694824219,5480400,0.0,0.0,0.0
2018-08-22,116.22000122070312,116.23999786376953,115.94999694824219,115.97000122070312,89.25479125976562,6877700,0.0,0.0,0.0
2018-08-23,116.13999938964844,116.18000030517578,115.94000244140625,116.01000213623047,89.2856216430664,5693800,0.0,0.0,0.0
2018-08-24,115.88999938964844,116.29000091552734,115.8499984741211,116.23999786376953,89.46261596679688,5152500,0.0,0.0,0.0
2018-08-27,116.0199966430664,116.16000366210938,116.01000213623047,116.05999755859375,89.32405090332031,3762200,0.0,0.0,0.0
2018-08-28,115.87000274658203,115.9800033569336,115.5999984741211,115.62000274658203,88.98542785644531,4026900,0.0,0.0,0.0
2018-08-29,115.7300033569336,115.75,115.41000366210938,115.5,88.89305877685547,10473500,0.0,0.0,0.0
2018-08-30,115.73999786376953,115.80999755859375,115.5199966430664,115.61000061035156,88.97772979736328,5682300,0.0,0.0,0.0
2018-08-31,115.80999755859375,115.83999633789062,115.43000030517578,115.44000244140625,88.84688568115234,4425800,0.0,0.0,0.0
2018-09-04,114.86000061035156,114.98999786376953,114.68000030517578,114.87999725341797,88.68323516845703,6468700,0.348,0.0,0.0
2018-09-05,114.83999633789062,114.87999725341797,114.77999877929688,114.80999755859375,88.62921142578125,6103200,0.0,0.0,0.0
2018-09-06,114.98999786376953,115.20999908447266,114.94999694824219,115.12999725341797,88.876220703125,6918100,0.0,0.0,0.0
2018-09-07,114.76000213623047,114.76000213623047,114.62999725341797,114.6500015258789,88.50567626953125,4529100,0.0,0.0,0.0
2018-09-10,114.73999786376953,115.02999877929688,114.73999786376953,115.02999877929688,88.79901123046875,5512700,0.0,0.0,0.0
2018-09-11,114.80000305175781,114.88999938964844,114.72000122070312,114.7699966430664,88.59833526611328,5976900,0.0,0.0,0.0
2018-09-12,114.97000122070312,115.12000274658203,114.95999908447266,115.0,88.77586364746094,5543100,0.0,0.0,0.0
2018-09-13,115.25,115.33000183105469,115.12999725341797,115.23999786376953,88.96114349365234,5584100,0.0,0.0,0.0
2018-09-14,115.01000213623047,115.16000366210938,114.94999694824219,115.0999984741211,88.85305786132812,7003500,0.0,0.0,0.0
2018-09-17,114.91000366210938,115.11000061035156,114.88999938964844,115.02999877929688,88.79901123046875,2667100,0.0,0.0,0.0
2018-09-18,114.80999755859375,114.80999755859375,114.5199966430664,114.55999755859375,88.43624877929688,5160900,0.0,0.0,0.0
2018-09-19,114.52999877929688,114.54000091552734,114.2300033569336,114.38999938964844,88.30496978759766,5220700,0.0,0.0,0.0
2018-09-20,114.41000366210938,114.80999755859375,114.38999938964844,114.69000244140625,88.5365219116211,6152400,0.0,0.0,0.0
2018-09-21,114.5999984741211,114.79000091552734,114.5999984741211,114.70999908447266,88.5519790649414,9404300,0.0,0.0,0.0
2018-09-24,114.4800033569336,114.5999984741211,114.37000274658203,114.44999694824219,88.35128021240234,10749400,0.0,0.0,0.0
2018-09-25,114.33000183105469,114.47000122070312,114.2300033569336,114.44999694824219,88.35128021240234,4087100,0.0,0.0,0.0
2018-09-26,114.6500015258789,114.93000030517578,114.52999877929688,114.86000061035156,88.66778564453125,7433600,0.0,0.0,0.0
2018-09-27,114.8499984741211,115.04000091552734,114.7699966430664,115.01000213623047,88.78358459472656,6323400,0.0,0.0,0.0
2018-09-28,115.13999938964844,115.13999938964844,114.9000015258789,114.93000030517578,88.72186279296875,12578500,0.0,0.0,0.0
2018-10-01,114.5,114.63999938964844,114.41999816894531,114.41999816894531,88.59950256347656,7550600,0.352,0.0,0.0
2018-10-02,114.55999755859375,114.75,114.5199966430664,114.5199966430664,88.67692565917969,11207800,0.0,0.0,0.0
2018-10-03,114.41000366210938,114.52999877929688,113.66000366210938,113.8499984741211,88.15813446044922,8400500,0.0,0.0,0.0
2018-10-04,113.55999755859375,113.66000366210938,113.2300033569336,113.37999725341797,87.79418182373047,9843800,0.0,0.0,0.0
2018-10-05,113.1500015258789,113.26000213623047,112.76000213623047,112.94000244140625,87.45345306396484,8785800,0.0,0.0,0.0
2018-10-08,113.0,113.01000213623047,112.80000305175781,112.81999969482422,87.36054992675781,1355200,0.0,0.0,0.0
2018-10-09,113.0,113.16999816894531,112.91000366210938,113.13999938964844,87.60835266113281,8416200,0.0,0.0,0.0
2018-10-10,112.86000061035156,113.01000213623047,112.58999633789062,112.83000183105469,87.36830139160156,12316400,0.0,0.0,0.0
2018-10-11,113.08000183105469,113.48999786376953,113.05000305175781,113.30000305175781,87.73225402832031,18587600,0.0,0.0,0.0
2018-10-12,113.33999633789062,113.52999877929688,113.16000366210938,113.31999969482422,87.74771118164062,8956700,0.0,0.0,0.0
2018-10-15,113.26000213623047,113.36000061035156,113.0999984741211,113.11000061035156,87.5851058959961,6636500,0.0,0.0,0.0
2018-10-16,113.16000366210938,113.4800033569336,113.05999755859375,113.4000015258789,87.8096694946289,9017800,0.0,0.0,0.0
2018-10-17,113.30999755859375,113.4000015258789,112.83999633789062,112.83999633789062,87.37602996826172,6880600,0.0,0.0,0.0
2018-10-18,112.7300033569336,112.9800033569336,112.5999984741211,112.83999633789062,87.37602996826172,10418000,0.0,0.0,0.0
2018-10-19,112.75,112.86000061035156,112.5999984741211,112.69999694824219,87.26761627197266,6355700,0.0,0.0,0.0
2018-10-22,112.83000183105469,112.8499984741211,112.52999877929688,112.55999755859375,87.15921020507812,7282900,0.0,0.0,0.0
2018-10-23,112.80999755859375,112.95999908447266,112.66000366210938,112.72000122070312,87.2831039428711,10277900,0.0,0.0,0.0
2018-10-24,112.94999694824219,113.05000305175781,112.81999969482422,112.87999725341797,87.40701293945312,7262000,0.0,0.0,0.0
2018-10-25,112.7300033569336,112.8499984741211,112.72000122070312,112.73999786376953,87.29859924316406,5653100,0.0,0.0,0.0
2018-10-26,112.97000122070312,113.08000183105469,112.91999816894531,112.93000030517578,87.44570922851562,4955300,0.0,0.0,0.0
2018-10-29,112.86000061035156,112.91999816894531,112.72000122070312,112.80000305175781,87.34507751464844,6573300,0.0,0.0,0.0
2018-10-30,112.58999633789062,112.66999816894531,112.44000244140625,112.55000305175781,87.1514663696289,7669600,0.0,0.0,0.0
2018-10-31,112.38999938964844,112.61000061035156,112.2300033569336,112.2300033569336,86.90370178222656,13156300,0.0,0.0,0.0
2018-11-01,111.70999908447266,112.20999908447266,111.66999816894531,112.19999694824219,87.16703033447266,14262000,0.369,0.0,0.0
2018-11-02,112.06999969482422,112.18000030517578,111.7300033569336,111.75,86.8174057006836,7738400,0.0,0.0,0.0
2018-11-05,111.8499984741211,112.04000091552734,111.8499984741211,111.94999694824219,86.97280883789062,5064000,0.0,0.0,0.0
2018-11-06,112.02999877929688,112.18000030517578,112.01000213623047,112.13999938964844,87.12046813964844,5787100,0.0,0.0,0.0
2018-11-07,112.62999725341797,112.70999908447266,112.37999725341797,112.43000030517578,87.34574127197266,13257500,0.0,0.0,0.0
2018-11-08,112.41000366210938,112.45999908447266,112.0999984741211,112.0999984741211,87.08934020996094,10934400,0.0,0.0,0.0
2018-11-09,112.18000030517578,112.33000183105469,112.08999633789062,112.18000030517578,87.15150451660156,8836800,0.0,0.0,0.0
2018-11-12,112.41000366210938,112.41000366210938,112.08000183105469,112.16999816894531,87.14373016357422,2876500,0.0,0.0,0.0
2018-11-13,112.05999755859375,112.12000274658203,111.95999908447266,112.0199966430664,87.02720642089844,7778400,0.0,0.0,0.0
2018-11-14,111.7300033569336,111.94000244140625,111.68000030517578,111.72000122070312,86.79417419433594,11595100,0.0,0.0,0.0
2018-11-15,111.58999633789062,111.66999816894531,111.31999969482422,111.51000213623047,86.6309814453125,15158300,0.0,0.0,0.0
2018-11-16,111.47000122070312,111.76000213623047,111.41000366210938,111.7300033569336,86.80193328857422,13503700,0.0,0.0,0.0
2018-11-19,111.47000122070312,111.6500015258789,111.41999816894531,111.62000274658203,86.71648406982422,9773700,0.0,0.0,0.0
2018-11-20,111.37999725341797,111.5999984741211,111.33000183105469,111.3499984741211,86.50668334960938,16168200,0.0,0.0,0.0
2018-11-21,111.62000274658203,111.72000122070312,111.44999694824219,111.58999633789062,86.6931381225586,10704600,0.0,0.0,0.0
2018-11-23,111.94000244140625,111.9800033569336,111.62999725341797,111.63999938964844,86.73197937011719,2924700,0.0,0.0,0.0
2018-11-26,111.7699966430664,111.81999969482422,111.63999938964844,111.69000244140625,86.77081298828125,5938900,0.0,0.0,0.0
2018-11-27,111.61000061035156,111.66000366210938,111.5199966430664,111.55000305175781,86.66205596923828,8581300,0.0,0.0,0.0
2018-11-28,111.51000213623047,111.94999694824219,111.29000091552734,111.8499984741211,86.89514923095703,13861300,0.0,0.0,0.0
2018-11-29,111.75,111.87000274658203,111.41999816894531,111.52999877929688,86.64656066894531,10939100,0.0,0.0,0.0
2018-11-30,111.55000305175781,111.58000183105469,111.25,111.45999908447266,86.59217071533203,14854800,0.0,0.0,0.0
2018-12-03,111.30999755859375,111.5999984741211,111.25,111.5199966430664,86.91403198242188,12740500,0.353,0.0,0.0
2018-12-04,111.72000122070312,111.9800033569336,111.52999877929688,111.54000091552734,86.92961883544922,13521500,0.0,0.0,0.0
2018-12-06,111.61000061035156,111.98999786376953,111.5999984741211,111.87999725341797,87.19458770751953,12752200,0.0,0.0,0.0
2018-12-07,112.0,112.05999755859375,111.73999786376953,111.88999938964844,87.202392578125,11791900,0.0,0.0,0.0
2018-12-10,112.19999694824219,112.23999786376953,111.91000366210938,112.2300033569336,87.46737670898438,6886500,0.0,0.0,0.0
2018-12-11,112.37999725341797,112.55999755859375,112.26000213623047,112.43000030517578,87.62326049804688,10241100,0.0,0.0,0.0
2018-12-12,112.44999694824219,112.68000030517578,111.58999633789062,112.55000305175781,87.7167739868164,10001600,0.0,0.0,0.0
2018-12-13,112.73999786376953,112.91000366210938,112.7300033569336,112.8499984741211,87.9505844116211,6911200,0.0,0.0,0.0
2018-12-14,112.91000366210938,113.01000213623047,112.70999908447266,112.7300033569336,87.85706329345703,6037900,0.0,0.0,0.0
2018-12-17,112.7699966430664,112.98999786376953,112.7699966430664,112.8499984741211,87.9505844116211,6480500,0.0,0.0,0.0
2018-12-18,112.69999694824219,112.94000244140625,112.61000061035156,112.9000015258789,88.2648696899414,5923200,0.352,0.0,0.0
2018-12-19,113.05000305175781,113.30999755859375,112.80999755859375,112.80999755859375,88.1944808959961,10049200,0.0,0.0,0.0
2018-12-20,113.08000183105469,113.1500015258789,112.2699966430664,112.44000244140625,87.9052505493164,20942200,0.0,0.0,0.0
2018-12-21,112.58000183105469,112.68000030517578,112.13999938964844,112.33000183105469,87.81924438476562,11850700,0.0,0.0,0.0
2018-12-24,112.31999969482422,112.41000366210938,111.98999786376953,112.06999969482422,87.61599731445312,4384800,0.0,0.0,0.0
2018-12-26,112.08000183105469,112.20999908447266,111.79000091552734,111.9800033569336,87.5456314086914,7659300,0.0,0.0,0.0
2018-12-27,112.16000366210938,112.29000091552734,111.9800033569336,111.9800033569336,87.5456314086914,7797300,0.0,0.0,0.0
2018-12-28,112.0999984741211,112.52999877929688,112.0999984741211,112.51000213623047,87.9599380493164,4334500,0.0,0.0,0.0
2018-12-31,112.5199966430664,112.91999816894531,112.43000030517578,112.81999969482422,88.20231628417969,7008400,0.0,0.0,0.0
2019-01-02,112.81999969482422,113.19000244140625,112.77999877929688,113.16999816894531,88.47593688964844,9506500,0.0,0.0,0.0
2019-01-03,113.0,113.30000305175781,112.94999694824219,113.22000122070312,88.51502227783203,11199100,0.0,0.0,0.0
2019-01-04,112.87999725341797,113.19999694824219,112.80999755859375,113.1500015258789,88.4603042602539,12080700,0.0,0.0,0.0
2019-01-07,113.38999938964844,113.45999908447266,113.1500015258789,113.16000366210938,88.46810913085938,16150100,0.0,0.0,0.0
2019-01-08,113.20999908447266,113.44000244140625,113.20999908447266,113.41000366210938,88.6635971069336,7961400,0.0,0.0,0.0
2019-01-09,113.5,113.88999938964844,113.5,113.83999633789062,88.99971771240234,10534900,0.0,0.0,0.0
2019-01-10,113.7300033569336,113.7699966430664,113.43000030517578,113.54000091552734,88.76519012451172,10337000,0.0,0.0,0.0
2019-01-11,113.79000091552734,113.79000091552734,113.58999633789062,113.75,88.92938995361328,6890800,0.0,0.0,0.0
2019-01-14,113.62000274658203,113.79000091552734,113.41999816894531,113.44999694824219,88.69483947753906,4511400,0.0,0.0,0.0
2019-01-15,113.54000091552734,113.68000030517578,113.44999694824219,113.5199966430664,88.7496109008789,10536500,0.0,0.0,0.0
2019-01-16,113.5199966430664,113.9000015258789,113.45999908447266,113.73999786376953,88.92159271240234,17911800,0.0,0.0,0.0
2019-01-17,113.66000366210938,113.9800033569336,113.66000366210938,113.97000122070312,89.10140991210938,8756200,0.0,0.0,0.0
2019-01-18,113.95999908447266,114.27999877929688,113.95999908447266,114.16999816894531,89.25775909423828,12589700,0.0,0.0,0.0
2019-01-22,114.31999969482422,114.58000183105469,114.31999969482422,114.36000061035156,89.40628051757812,9101600,0.0,0.0,0.0
2019-01-23,114.45999908447266,114.73999786376953,114.38999938964844,114.6500015258789,89.63298797607422,11707200,0.0,0.0,0.0
2019-01-24,115.05000305175781,115.11000061035156,114.86000061035156,114.94999694824219,89.86754608154297,8874700,0.0,0.0,0.0
2019-01-25,114.9000015258789,115.05000305175781,114.87999725341797,115.05000305175781,89.94572448730469,8529200,0.0,0.0,0.0
2019-01-28,114.94999694824219,115.12000274658203,114.88999938964844,115.02999877929688,89.9300765991211,7830600,0.0,0.0,0.0
2019-01-29,115.16999816894531,115.27999877929688,115.06999969482422,115.27999877929688,90.12550354003906,9111300,0.0,0.0,0.0
2019-01-30,115.31999969482422,115.80999755859375,115.16999816894531,115.80999755859375,90.53992462158203,17275500,0.0,0.0,0.0
2019-01-31,116.20999908447266,116.69999694824219,116.19000244140625,116.62000274658203,91.17312622070312,12004200,0.0,0.0,0.0
2019-02-01,116.12000274658203,116.30999755859375,115.91999816894531,115.98999786376953,90.9559097290039,15158400,0.353,0.0,0.0
2019-02-04,115.87000274658203,115.88999938964844,115.61000061035156,115.83000183105469,90.8304443359375,7375500,0.0,0.0,0.0
2019-02-05,116.0999984741211,116.4800033569336,116.08999633789062,116.30000305175781,91.1989974975586,9298100,0.0,0.0,0.0
2019-02-06,116.37999725341797,116.4000015258789,116.04000091552734,116.08000183105469,91.02652740478516,7083600,0.0,0.0,0.0
2019-02-07,116.0,116.08000183105469,115.77999877929688,116.05999755859375,91.01083374023438,12973200,0.0,0.0,0.0
2019-02-08,116.1500015258789,116.37999725341797,116.11000061035156,116.3499984741211,91.23822021484375,5502500,0.0,0.0,0.0
2019-02-11,116.27999877929688,116.27999877929688,116.0,116.08999633789062,91.03438568115234,5353800,0.0,0.0,0.0
2019-02-12,116.08000183105469,116.25,116.02999877929688,116.25,91.1597900390625,10689100,0.0,0.0,0.0
2019-02-13,116.01000213623047,116.0999984741211,115.88999938964844,115.94999694824219,90.924560546875,9595200,0.0,0.0,0.0
2019-02-14,116.23999786376953,116.23999786376953,115.94000244140625,116.08000183105469,91.02652740478516,14906100,0.0,0.0,0.0
2019-02-15,116.02999877929688,116.26000213623047,116.02999877929688,116.22000122070312,91.13629150390625,8298000,0.0,0.0,0.0
2019-02-19,116.44000244140625,116.44000244140625,116.16999816894531,116.29000091552734,91.19114685058594,6920300,0.0,0.0,0.0
2019-02-20,116.19000244140625,116.2300033569336,115.98999786376953,116.19000244140625,91.11277770996094,8577400,0.0,0.0,0.0
2019-02-21,115.76000213623047,115.9800033569336,115.73999786376953,115.86000061035156,90.85399627685547,6311000,0.0,0.0,0.0
2019-02-22,115.97000122070312,116.4800033569336,115.97000122070312,116.37999725341797,91.26171875,4110600,0.0,0.0,0.0
2019-02-25,116.26000213623047,116.44999694824219,116.25,116.33999633789062,91.23036193847656,6026200,0.0,0.0,0.0
2019-02-26,116.51000213623047,116.58999633789062,116.41000366210938,116.5199966430664,91.37154388427734,6360600,0.0,0.0,0.0
2019-02-27,116.37000274658203,116.37000274658203,116.11000061035156,116.19000244140625,91.11277770996094,7008500,0.0,0.0,0.0
2019-02-28,116.25,116.37000274658203,115.95999908447266,116.02999877929688,90.98729705810547,12468400,0.0,0.0,0.0
2019-03-01,115.73999786376953,115.87999725341797,115.41999816894531,115.47000122070312,90.82842254638672,12714100,0.358,0.0,0.0
2019-03-04,115.80999755859375,115.86000061035156,115.68000030517578,115.7300033569336,91.03289794921875,9453600,0.0,0.0,0.0
2019-03-05,115.69000244140625,115.79000091552734,115.56999969482422,115.7699966430664,91.06436920166016,9090400,0.0,0.0,0.0
2019-03-06,115.80999755859375,115.95999908447266,115.73999786376953,115.87999725341797,91.15089416503906,6278700,0.0,0.0,0.0
2019-03-07,116.0999984741211,116.30000305175781,116.02999877929688,116.26000213623047,91.4498291015625,7355500,0.0,0.0,0.0
2019-03-08,116.11000061035156,116.43000030517578,115.91000366210938,116.41000366210938,91.56780242919922,7386600,0.0,0.0,0.0
2019-03-11,116.38999938964844,116.54000091552734,116.30999755859375,116.54000091552734,91.67005920410156,7813600,0.0,0.0,0.0
2019-03-12,116.56999969482422,116.94000244140625,116.55999755859375,116.86000061035156,91.9217529296875,7994600,0.0,0.0,0.0
2019-03-13,116.54000091552734,116.70999908447266,116.54000091552734,116.66999816894531,91.7723159790039,5834000,0.0,0.0,0.0
2019-03-14,116.62999725341797,116.63999938964844,116.33999633789062,116.44000244140625,91.59141540527344,5395300,0.0,0.0,0.0
2019-03-15,116.76000213623047,117.0199966430664,116.69999694824219,116.86000061035156,91.9217529296875,8537000,0.0,0.0,0.0
2019-03-18,116.77999877929688,116.88999938964844,116.75,116.80000305175781,91.8746109008789,4308300,0.0,0.0,0.0
2019-03-19,116.62999725341797,116.93000030517578,116.62999725341797,116.81999969482422,91.89030456542969,8074700,0.0,0.0,0.0
2019-03-20,116.88999938964844,117.66000366210938,116.77999877929688,117.61000061035156,92.51171875,16202600,0.0,0.0,0.0
2019-03-21,117.5199966430664,117.91000366210938,117.5199966430664,117.83000183105469,92.68477630615234,14163200,0.0,0.0,0.0
2019-03-22,118.20999908447266,118.63999938964844,118.20999908447266,118.55000305175781,93.25111389160156,10576900,0.0,0.0,0.0
2019-03-25,118.56999969482422,119.0,118.37000274658203,118.79000091552734,93.43991088867188,7096100,0.0,0.0,0.0
2019-03-26,118.73999786376953,118.93000030517578,118.58999633789062,118.83999633789062,93.47926330566406,7766500,0.0,0.0,0.0
2019-03-27,119.0,119.22000122070312,118.91999816894531,119.0,93.60505676269531,7484100,0.0,0.0,0.0
2019-03-28,119.02999877929688,119.1500015258789,118.91000366210938,119.1500015258789,93.72308349609375,4621200,0.0,0.0,0.0
2019-03-29,118.83000183105469,119.1500015258789,118.79000091552734,119.05999755859375,93.65227508544922,8415100,0.0,0.0,0.0
2019-04-01,118.44999694824219,118.62000274658203,118.19999694824219,118.26000213623047,93.3035888671875,9567400,0.358,0.0,0.0
2019-04-02,118.27999877929688,118.44999694824219,118.19000244140625,118.41999816894531,93.4297866821289,7733300,0.0,0.0,0.0
2019-04-03,118.1500015258789,118.29000091552734,118.11000061035156,118.16999816894531,93.23253631591797,6048400,0.0,0.0,0.0
2019-04-04,118.19999694824219,118.36000061035156,118.11000061035156,118.36000061035156,93.38247680664062,7510600,0.0,0.0,0.0
2019-04-05,118.33999633789062,118.69000244140625,118.26000213623047,118.55000305175781,93.53236389160156,9326200,0.0,0.0,0.0
2019-04-08,118.5199966430664,118.56999969482422,118.3499984741211,118.37999725341797,93.39823913574219,8564800,0.0,0.0,0.0
2019-04-09,118.69000244140625,118.83000183105469,118.58000183105469,118.62999725341797,93.59546661376953,7749000,0.0,0.0,0.0
2019-04-10,118.87000274658203,119.2699966430664,118.86000061035156,119.20999908447266,94.05307006835938,5765300,0.0,0.0,0.0
2019-04-11,119.05999755859375,119.20999908447266,119.01000213623047,119.08999633789062,93.9583969116211,7769500,0.0,0.0,0.0
2019-04-12,118.98999786376953,119.12000274658203,118.88999938964844,119.0199966430664,93.90316772460938,11083800,0.0,0.0,0.0
2019-04-15,119.01000213623047,119.08000183105469,118.83000183105469,118.83000183105469,93.7532958984375,12427300,0.0,0.0,0.0
2019-04-16,118.79000091552734,118.79000091552734,118.48999786376953,118.5,93.49292755126953,10302700,0.0,0.0,0.0
2019-04-17,118.62000274658203,118.72000122070312,118.47000122070312,118.4800033569336,93.47711181640625,6062300,0.0,0.0,0.0
2019-04-18,118.75,118.80000305175781,118.55000305175781,118.58000183105469,93.5560073852539,8060000,0.0,0.0,0.0
2019-04-22,118.45999908447266,118.52999877929688,118.33999633789062,118.38999938964844,93.4061050415039,6581900,0.0,0.0,0.0
2019-04-23,118.55999755859375,118.87999725341797,118.54000091552734,118.87999725341797,93.792724609375,7389700,0.0,0.0,0.0
2019-04-24,119.16000366210938,119.4000015258789,119.12999725341797,119.27999877929688,94.10830688476562,6463200,0.0,0.0,0.0
2019-04-25,119.16999816894531,119.2699966430664,119.02999877929688,119.22000122070312,94.06097412109375,4404000,0.0,0.0,0.0
2019-04-26,119.62000274658203,119.70999908447266,119.5,119.63999938964844,94.39232635498047,3406100,0.0,0.0,0.0
2019-04-29,119.37999725341797,119.43000030517578,119.11000061035156,119.16999816894531,94.02153015136719,5847500,0.0,0.0,0.0
2019-04-30,119.1500015258789,119.3499984741211,119.0999984741211,119.22000122070312,94.06097412109375,9753300,0.0,0.0,0.0
2019-05-01,119.0,119.56999969482422,118.83000183105469,118.83000183105469,94.03089904785156,12804300,0.352,0.0,0.0
2019-05-02,118.69999694824219,118.73999786376953,118.29000091552734,118.4000015258789,93.69066619873047,11748200,0.0,0.0,0.0
2019-05-03,118.6500015258789,118.97000122070312,118.6500015258789,118.93000030517578,94.11006164550781,7481000,0.0,0.0,0.0
2019-05-06,119.02999877929688,119.2300033569336,118.87999725341797,119.08999633789062,94.23662567138672,8077400,0.0,0.0,0.0
2019-05-07,119.27999877929688,119.29000091552734,119.0,119.08000183105469,94.22874450683594,11575500,0.0,0.0,0.0
2019-05-08,119.1500015258789,119.19999694824219,118.63999938964844,118.68000030517578,93.91218566894531,11843100,0.0,0.0,0.0
2019-05-09,118.93000030517578,118.94999694824219,118.61000061035156,118.79000091552734,93.9992446899414,11586200,0.0,0.0,0.0
2019-05-10,118.75,118.91999816894531,118.70999908447266,118.86000061035156,94.05465698242188,8155600,0.0,0.0,0.0
2019-05-13,118.86000061035156,119.12999725341797,118.77999877929688,118.93000030517578,94.11006164550781,16744900,0.0,0.0,0.0
2019-05-14,119.0,119.12000274658203,118.91999816894531,119.0999984741211,94.24458312988281,7993500,0.0,0.0,0.0
2019-05-15,119.41000366210938,119.44999694824219,119.18000030517578,119.43000030517578,94.50572967529297,10804400,0.0,0.0,0.0
2019-05-16,119.33999633789062,119.33999633789062,119.20999908447266,119.23999786376953,94.35533905029297,11716300,0.0,0.0,0.0
2019-05-17,119.37999725341797,119.44000244140625,119.2300033569336,119.25,94.36323547363281,7746100,0.0,0.0,0.0
2019-05-20,119.22000122070312,119.30999755859375,118.95999908447266,118.97000122070312,94.14167785644531,2890900,0.0,0.0,0.0
2019-05-21,119.08999633789062,119.11000061035156,118.93000030517578,119.06999969482422,94.22083282470703,3610100,0.0,0.0,0.0
2019-05-22,119.13999938964844,119.30999755859375,119.04000091552734,119.22000122070312,94.33951568603516,9526200,0.0,0.0,0.0
2019-05-23,119.2699966430664,119.61000061035156,119.19000244140625,119.4800033569336,94.54524993896484,9983400,0.0,0.0,0.0
2019-05-24,119.63999938964844,119.75,119.5199966430664,119.7300033569336,94.74312591552734,5981700,0.0,0.0,0.0
2019-05-28,119.93000030517578,120.0,119.7699966430664,119.80999755859375,94.80638885498047,9039100,0.0,0.0,0.0
2019-05-29,119.87999725341797,120.02999877929688,119.81999969482422,119.86000061035156,94.8459701538086,8778000,0.0,0.0,0.0
2019-05-30,120.0999984741211,120.58999633789062,120.01000213623047,120.55000305175781,95.39193725585938,11946400,0.0,0.0,0.0
2019-05-31,120.62000274658203,120.83999633789062,120.38999938964844,120.83000183105469,95.61351776123047,11611700,0.0,0.0,0.0
2019-06-03,120.75,120.91000366210938,120.41000366210938,120.83000183105469,95.9079818725586,12525200,0.371,0.0,0.0
2019-06-04,120.52999877929688,120.93000030517578,120.52999877929688,120.87000274658203,95.93976593017578,20566100,0.0,0.0,0.0
2019-06-05,120.97000122070312,121.18000030517578,120.68000030517578,120.79000091552734,95.87625122070312,10423100,0.0,0.0,0.0
2019-06-06,120.95999908447266,121.12000274658203,120.81999969482422,121.0199966430664,96.05876922607422,14133600,0.0,0.0,0.0
2019-06-07,121.5,121.8499984741211,121.43000030517578,121.55999755859375,96.48744201660156,11912900,0.0,0.0,0.0
2019-06-10,121.33999633789062,121.47000122070312,121.11000061035156,121.12000274658203,96.13819122314453,13072400,0.0,0.0,0.0
2019-06-11,121.19999694824219,121.31999969482422,121.02999877929688,121.2300033569336,96.22551727294922,17076700,0.0,0.0,0.0
2019-06-12,121.23999786376953,121.43000030517578,121.1500015258789,121.41000366210938,96.36837005615234,11814400,0.0,0.0,0.0
2019-06-13,121.44999694824219,121.75,121.44999694824219,121.72000122070312,96.61441802978516,6665700,0.0,0.0,0.0
2019-06-14,121.55000305175781,121.81999969482422,121.45999908447266,121.7699966430664,96.65409088134766,4652300,0.0,0.0,0.0
2019-06-17,121.69000244140625,121.93000030517578,121.62000274658203,121.83000183105469,96.70174407958984,6213200,0.0,0.0,0.0
2019-06-18,122.45999908447266,122.7699966430664,122.33999633789062,122.63999938964844,97.34467315673828,19575000,0.0,0.0,0.0
2019-06-19,122.3499984741211,123.44999694824219,122.2300033569336,123.41999816894531,97.96378326416016,17597800,0.0,0.0,0.0
2019-06-20,123.9000015258789,124.16000366210938,123.69999694824219,124.08999633789062,98.49559020996094,24937900,0.0,0.0,0.0
2019-06-21,123.68000030517578,123.88999938964844,123.4800033569336,123.63999938964844,98.1384048461914,18566400,0.0,0.0,0.0
2019-06-24,123.94999694824219,124.16999816894531,123.77999877929688,123.94999694824219,98.3844985961914,15241600,0.0,0.0,0.0
2019-06-25,123.94999694824219,123.98999786376953,123.47000122070312,123.58000183105469,98.09075164794922,17843700,0.0,0.0,0.0
2019-06-26,123.83999633789062,123.83999633789062,123.27999877929688,123.33000183105469,97.89237976074219,24436700,0.0,0.0,0.0
2019-06-27,123.63999938964844,124.13999938964844,123.54000091552734,124.05000305175781,98.46382904052734,10314500,0.0,0.0,0.0
2019-06-28,124.11000061035156,124.44000244140625,124.08999633789062,124.37000274658203,98.71786499023438,9512100,0.0,0.0,0.0
2019-07-01,124.20999908447266,124.54000091552734,123.94000244140625,124.25,98.90491485595703,19129900,0.355,0.0,0.0
2019-07-02,124.31999969482422,124.6500015258789,124.19999694824219,124.58999633789062,99.17554473876953,15843800,0.0,0.0,0.0
2019-07-03,124.6500015258789,124.95999908447266,124.58999633789062,124.93000030517578,99.4461898803711,6947300,0.0,0.0,0.0
2019-07-05,124.04000091552734,124.1500015258789,123.33999633789062,123.83000183105469,98.57059478759766,7889900,0.0,0.0,0.0
2019-07-08,124.0,124.05000305175781,123.66000366210938,123.66000366210938,98.4352798461914,9239200,0.0,0.0,0.0
2019-07-09,123.58999633789062,123.62000274658203,123.33999633789062,123.4000015258789,98.22827911376953,15877100,0.0,0.0,0.0
2019-07-10,123.55000305175781,123.83999633789062,123.4800033569336,123.68000030517578,98.45117950439453,9551800,0.0,0.0,0.0
2019-07-11,123.44999694824219,123.63999938964844,122.8499984741211,122.94999694824219,97.87005615234375,7101300,0.0,0.0,0.0
2019-07-12,122.9000015258789,123.13999938964844,122.83999633789062,123.06999969482422,97.9655990600586,6363600,0.0,0.0,0.0
2019-07-15,123.19999694824219,123.33999633789062,123.08999633789062,123.27999877929688,98.13275146484375,7705000,0.0,0.0,0.0
2019-07-16,122.8499984741211,123.04000091552734,122.70999908447266,123.0199966430664,97.92583465576172,9867500,0.0,0.0,0.0
2019-07-17,123.1500015258789,123.68000030517578,123.1500015258789,123.66999816894531,98.4432144165039,6620400,0.0,0.0,0.0
2019-07-18,123.61000061035156,124.08999633789062,123.36000061035156,123.95999908447266,98.67408752441406,10357300,0.0,0.0,0.0
2019-07-19,123.83000183105469,124.05999755859375,123.6500015258789,123.7699966430664,98.52281188964844,8789300,0.0,0.0,0.0
2019-07-22,124.25,124.2699966430664,124.08999633789062,124.1500015258789,98.82532501220703,4464800,0.0,0.0,0.0
2019-07-23,124.23999786376953,124.23999786376953,123.97000122070312,124.22000122070312,98.88104248046875,7013600,0.0,0.0,0.0
2019-07-24,124.38999938964844,124.58000183105469,124.22000122070312,124.56999969482422,99.15959930419922,11851200,0.0,0.0,0.0
2019-07-25,124.41000366210938,124.48999786376953,123.87000274658203,124.16999816894531,98.84119415283203,9943100,0.0,0.0,0.0
2019-07-26,124.43000030517578,124.48999786376953,124.16999816894531,124.33999633789062,98.97653198242188,7285100,0.0,0.0,0.0
2019-07-29,124.48999786376953,124.51000213623047,124.25,124.26000213623047,98.9128646850586,7379600,0.0,0.0,0.0
2019-07-30,124.22000122070312,124.30999755859375,123.91999816894531,124.22000122070312,98.88104248046875,12112000,0.0,0.0,0.0
2019-07-31,124.3499984741211,124.7300033569336,123.80999755859375,124.33000183105469,98.96863555908203,17422700,0.0,0.0,0.0
2019-08-01,124.30999755859375,125.30999755859375,124.22000122070312,124.98999786376953,99.77322387695312,16216800,0.348,0.0,0.0
2019-08-02,124.94999694824219,125.1500015258789,124.83999633789062,125.12000274658203,99.87699127197266,14629500,0.0,0.0,0.0
2019-08-05,125.51000213623047,125.51000213623047,125.12999725341797,125.20999908447266,99.94886016845703,12715500,0.0,0.0,0.0
2019-08-06,125.58000183105469,126.04000091552734,125.33000183105469,125.98999786376953,100.57147979736328,14920200,0.0,0.0,0.0
2019-08-07,126.47000122070312,126.66000366210938,125.86000061035156,125.97000122070312,100.55548858642578,24644100,0.0,0.0,0.0
2019-08-08,125.77999877929688,126.36000061035156,125.52999877929688,126.30999755859375,100.82691192626953,8353800,0.0,0.0,0.0
2019-08-09,126.30999755859375,126.3499984741211,125.88999938964844,125.94000244140625,100.53152465820312,6375900,0.0,0.0,0.0
2019-08-12,126.30000305175781,126.83000183105469,126.26000213623047,126.7300033569336,101.16217041015625,8075100,0.0,0.0,0.0
2019-08-13,126.81999969482422,126.94999694824219,126.44999694824219,126.62999725341797,101.08233642578125,10955000,0.0,0.0,0.0
2019-08-14,127.0999984741211,127.19999694824219,126.83000183105469,127.0,101.3777084350586,9070900,0.0,0.0,0.0
2019-08-15,127.1500015258789,128.0,127.05000305175781,127.62000274658203,101.87259674072266,11378300,0.0,0.0,0.0
2019-08-16,127.31999969482422,127.9000015258789,127.06999969482422,127.8499984741211,102.05620574951172,10842200,0.0,0.0,0.0
2019-08-19,127.16999816894531,127.62000274658203,127.0,127.43000030517578,101.72093963623047,7226200,0.0,0.0,0.0
2019-08-20,127.8499984741211,128.22000122070312,127.72000122070312,128.1699981689453,102.3116455078125,11402300,0.0,0.0,0.0
2019-08-21,127.87000274658203,128.72999572753906,127.87000274658203,128.39999389648438,102.49525451660156,9344000,0.0,0.0,0.0
2019-08-22,128.25,128.5,127.87999725341797,127.93000030517578,102.12010192871094,7054000,0.0,0.0,0.0
2019-08-23,127.79000091552734,128.7100067138672,127.7699966430664,128.39999389648438,102.49525451660156,7998600,0.0,0.0,0.0
2019-08-26,128.47999572753906,128.72000122070312,128.2100067138672,128.41000366210938,102.50322723388672,6305900,0.0,0.0,0.0
2019-08-27,128.75,129.1999969482422,128.75,129.10000610351562,103.05404663085938,12644100,0.0,0.0,0.0
2019-08-28,129.39999389648438,129.4600067138672,129.00999450683594,129.10000610351562,103.05404663085938,8935800,0.0,0.0,0.0
2019-08-29,129.05999755859375,129.10000610351562,128.35000610351562,128.82000732421875,102.83049774169922,17900500,0.0,0.0,0.0
2019-08-30,128.6699981689453,128.83999633789062,128.4199981689453,128.8000030517578,102.81454467773438,8653700,0.0,0.0,0.0
2019-09-03,128.3699951171875,128.72000122070312,127.94000244140625,128.3300018310547,102.71771240234375,22683500,0.349,0.0,0.0
2019-09-04,128.07000732421875,128.7100067138672,128.07000732421875,128.57000732421875,102.9097900390625,8502600,0.0,0.0,0.0
2019-09-05,127.94999694824219,128.24000549316406,127.41999816894531,127.62999725341797,102.15742492675781,19042800,0.0,0.0,0.0
2019-09-06,127.83999633789062,128.19000244140625,127.77999877929688,128.08999633789062,102.5256118774414,8914800,0.0,0.0,0.0
2019-09-09,127.47000122070312,127.55999755859375,127.1500015258789,127.1500015258789,101.773193359375,7219000,0.0,0.0,0.0
2019-09-10,126.97000122070312,126.98999786376953,126.06999969482422,126.08000183105469,100.91678619384766,9863400,0.0,0.0,0.0
2019-09-11,126.0,126.31999969482422,125.91000366210938,125.9800033569336,100.83675384521484,8165800,0.0,0.0,0.0
2019-09-12,126.66000366210938,126.76000213623047,125.7300033569336,125.80999755859375,100.70065307617188,11506000,0.0,0.0,0.0
2019-09-13,125.36000061035156,125.58999633789062,124.68000030517578,124.68000030517578,99.79617309570312,8984600,0.0,0.0,0.0
2019-09-16,125.12999725341797,125.43000030517578,124.93000030517578,125.30999755859375,100.30043029785156,11464700,0.0,0.0,0.0
2019-09-17,125.26000213623047,125.80999755859375,125.16000366210938,125.62999725341797,100.55658721923828,12480700,0.0,0.0,0.0
2019-09-18,126.06999969482422,126.45999908447266,125.52999877929688,125.94000244140625,100.80467987060547,9162300,0.0,0.0,0.0
2019-09-19,126.41000366210938,126.61000061035156,126.20999908447266,126.30000305175781,101.09286499023438,9042800,0.0,0.0,0.0
2019-09-20,126.69000244140625,127.2300033569336,126.55999755859375,127.16999816894531,101.78919219970703,10406200,0.0,0.0,0.0
2019-09-23,127.38999938964844,127.58000183105469,127.05000305175781,127.08000183105469,101.71721649169922,9526600,0.0,0.0,0.0
2019-09-24,127.41000366210938,127.6500015258789,127.29000091552734,127.4800033569336,102.03734588623047,12638700,0.0,0.0,0.0
2019-09-25,127.27999877929688,127.36000061035156,126.62999725341797,126.76000213623047,101.4610595703125,13852300,0.0,0.0,0.0
2019-09-26,127.19000244140625,127.2699966430664,127.0,127.02999877929688,101.67716217041016,8377600,0.0,0.0,0.0
2019-09-27,127.1500015258789,127.22000122070312,126.93000030517578,127.05999755859375,101.70116424560547,8627800,0.0,0.0,0.0
2019-09-30,126.95999908447266,127.51000213623047,126.86000061035156,127.4800033569336,102.03734588623047,10769500,0.0,0.0,0.0
2019-10-01,126.55999755859375,127.66000366210938,126.55999755859375,127.29000091552734,102.1545181274414,13233900,0.336,0.0,0.0
2019-10-02,127.25,127.3499984741211,126.97000122070312,127.23999786376953,102.1143798828125,11377000,0.0,0.0,0.0
2019-10-03,127.43000030517578,127.91999816894531,127.43000030517578,127.73999786376953,102.51566314697266,13985000,0.0,0.0,0.0
2019-10-04,128.02999877929688,128.27000427246094,127.94999694824219,128.27000427246094,102.94100952148438,9168500,0.0,0.0,0.0
2019-10-07,127.91000366210938,128.0,127.61000061035156,127.62000274658203,102.41932678222656,6989300,0.0,0.0,0.0
2019-10-08,127.91000366210938,127.98999786376953,127.4800033569336,127.51000213623047,102.3310546875,8635500,0.0,0.0,0.0
2019-10-09,127.77999877929688,127.77999877929688,127.27999877929688,127.55999755859375,102.37117767333984,9929500,0.0,0.0,0.0
2019-10-10,127.13999938964844,127.19999694824219,126.66000366210938,126.80999755859375,101.7693099975586,7962200,0.0,0.0,0.0
2019-10-11,126.48999786376953,126.7699966430664,126.05000305175781,126.58000183105469,101.58475494384766,11061500,0.0,0.0,0.0
2019-10-14,126.9000015258789,127.05000305175781,126.69999694824219,127.0,101.92180633544922,2276500,0.0,0.0,0.0
2019-10-15,127.05000305175781,127.05000305175781,126.56999969482422,126.66000366210938,101.64894104003906,13199100,0.0,0.0,0.0
2019-10-16,126.73999786376953,126.91000366210938,126.51000213623047,126.80000305175781,101.76129913330078,7793500,0.0,0.0,0.0
2019-10-17,126.81999969482422,127.19000244140625,126.70999908447266,126.9800033569336,101.9057388305664,5795300,0.0,0.0,0.0
2019-10-18,127.13999938964844,127.33999633789062,127.05000305175781,127.13999938964844,102.03413391113281,5978200,0.0,0.0,0.0
2019-10-21,126.9000015258789,127.0,126.80000305175781,126.8499984741211,101.8013916015625,6457700,0.0,0.0,0.0
2019-10-22,127.23999786376953,127.26000213623047,126.87999725341797,127.06999969482422,101.97794342041016,5820000,0.0,0.0,0.0
2019-10-23,127.30999755859375,127.37000274658203,127.08999633789062,127.13999938964844,102.03413391113281,4986100,0.0,0.0,0.0
2019-10-24,127.2699966430664,127.55999755859375,127.2699966430664,127.41999816894531,102.25887298583984,9154900,0.0,0.0,0.0
2019-10-25,127.4800033569336,127.4800033569336,127.02999877929688,127.19999694824219,102.08229064941406,6263000,0.0,0.0,0.0
2019-10-28,126.80000305175781,126.94000244140625,126.72000122070312,126.81999969482422,101.7773208618164,9081600,0.0,0.0,0.0
2019-10-29,126.7699966430664,126.87999725341797,126.4800033569336,126.48999786376953,101.51251983642578,9236700,0.0,0.0,0.0
2019-10-30,126.45999908447266,127.01000213623047,126.43000030517578,126.94000244140625,101.8736343383789,12250700,0.0,0.0,0.0
2019-10-31,127.41000366210938,127.79000091552734,127.26000213623047,127.70999908447266,102.49158477783203,18082800,0.0,0.0,0.0
2019-11-01,127.37999725341797,127.83000183105469,127.30000305175781,127.48999786376953,102.59219360351562,11238400,0.345,0.0,0.0
2019-11-04,127.1500015258789,127.18000030517578,126.8499984741211,126.88999938964844,102.109375,10122100,0.0,0.0,0.0
2019-11-05,126.33999633789062,126.55999755859375,126.0199966430664,126.16000366210938,101.52192687988281,10409200,0.0,0.0,0.0
2019-11-06,126.51000213623047,126.9000015258789,126.5,126.87000274658203,102.09324645996094,8496500,0.0,0.0,0.0
2019-11-07,126.31999969482422,126.44000244140625,125.73999786376953,125.87999725341797,101.2966079711914,14799000,0.0,0.0,0.0
2019-11-08,125.86000061035156,126.16999816894531,125.70999908447266,125.70999908447266,101.15979766845703,6256300,0.0,0.0,0.0
2019-11-11,125.95999908447266,125.98999786376953,125.66000366210938,125.75,101.19197082519531,3231600,0.0,0.0,0.0
2019-11-12,125.86000061035156,125.97000122070312,125.61000061035156,125.87000274658203,101.28857421875,9936600,0.0,0.0,0.0
2019-11-13,126.2300033569336,126.33999633789062,126.11000061035156,126.16999816894531,101.52996063232422,10280100,0.0,0.0,0.0
2019-11-14,126.63999938964844,126.91000366210938,126.63999938964844,126.83000183105469,102.06104278564453,10163800,0.0,0.0,0.0
2019-11-15,126.73999786376953,126.98999786376953,126.5999984741211,126.8499984741211,102.07719421386719,5411900,0.0,0.0,0.0
2019-11-18,127.04000091552734,127.16999816894531,126.91000366210938,126.98999786376953,102.18981170654297,9148900,0.0,0.0,0.0
2019-11-19,127.08000183105469,127.27999877929688,127.04000091552734,127.23999786376953,102.39099884033203,3818800,0.0,0.0,0.0
2019-11-20,127.41000366210938,127.55000305175781,127.30999755859375,127.41999816894531,102.5358657836914,5395800,0.0,0.0,0.0
2019-11-21,127.16999816894531,127.30000305175781,127.01000213623047,127.12000274658203,102.29442596435547,8425700,0.0,0.0,0.0
2019-11-22,127.41999816894531,127.51000213623047,127.2300033569336,127.47000122070312,102.57608795166016,5276600,0.0,0.0,0.0
2019-11-25,127.63999938964844,127.9800033569336,127.62999725341797,127.91000366210938,102.93016815185547,6808600,0.0,0.0,0.0
2019-11-26,128.0500030517578,128.3300018310547,128.02999877929688,128.24000549316406,103.19573211669922,8688800,0.0,0.0,0.0
2019-11-27,127.98999786376953,128.27999877929688,127.9800033569336,128.22999572753906,103.18765258789062,7264000,0.0,0.0,0.0
2019-11-29,128.17999267578125,128.25999450683594,127.83999633789062,127.97000122070312,102.97845458984375,5260900,0.0,0.0,0.0
2019-12-02,127.06999969482422,127.1500015258789,126.80000305175781,127.06999969482422,102.53141021728516,14911500,0.346,0.0,0.0
2019-12-03,127.63999938964844,128.1699981689453,127.51000213623047,128.0500030517578,103.32218933105469,9376800,0.0,0.0,0.0
2019-12-04,127.8499984741211,128.02000427246094,127.45999908447266,127.87999725341797,103.18499755859375,11177600,0.0,0.0,0.0
2019-12-05,127.68000030517578,127.8499984741211,127.47000122070312,127.73999786376953,103.07203674316406,5700600,0.0,0.0,0.0
2019-12-06,127.37000274658203,127.86000061035156,127.30000305175781,127.66999816894531,103.01557159423828,6149500,0.0,0.0,0.0
2019-12-09,127.9800033569336,127.98999786376953,127.62000274658203,127.6500015258789,102.99942016601562,4545300,0.0,0.0,0.0
2019-12-10,127.81999969482422,127.93000030517578,127.52999877929688,127.6500015258789,102.99942016601562,6425500,0.0,0.0,0.0
2019-12-11,127.87999725341797,128.2899932861328,127.83000183105469,128.14999389648438,103.40286254882812,4417100,0.0,0.0,0.0
2019-12-12,128.08999633789062,128.1300048828125,127.16999816894531,127.55999755859375,102.9267807006836,10375000,0.0,0.0,0.0
2019-12-13,128.0399932861328,128.4600067138672,127.69999694824219,128.38999938964844,103.59648132324219,12474100,0.0,0.0,0.0
2019-12-16,128.24000549316406,128.30999755859375,127.97000122070312,128.10000610351562,103.36251831054688,8062600,0.0,0.0,0.0
2019-12-17,128.22000122070312,128.35000610351562,127.97000122070312,128.0,103.28180694580078,10886800,0.0,0.0,0.0
2019-12-18,128.00999450683594,128.11000061035156,127.80999755859375,127.91000366210938,103.20919799804688,10205500,0.0,0.0,0.0
2019-12-19,127.56999969482422,127.83999633789062,127.5,127.69999694824219,103.31110382080078,9307000,0.336,0.0,0.0
2019-12-20,127.62999725341797,127.7300033569336,127.4800033569336,127.66000366210938,103.27877044677734,8336900,0.0,0.0,0.0
2019-12-23,127.80000305175781,127.86000061035156,127.47000122070312,127.72000122070312,103.32730865478516,3827500,0.0,0.0,0.0
2019-12-24,127.55999755859375,127.95999908447266,127.5,127.8499984741211,103.4325180053711,2638000,0.0,0.0,0.0
2019-12-26,128.0399932861328,128.10000610351562,127.80000305175781,128.0800018310547,103.61856842041016,3879900,0.0,0.0,0.0
2019-12-27,128.35000610351562,128.39999389648438,128.25999450683594,128.25999450683594,103.76420593261719,8752100,0.0,0.0,0.0
2019-12-30,127.9000015258789,128.5,127.77999877929688,128.49000549316406,103.9502944946289,9993800,0.0,0.0,0.0
2019-12-31,128.00999450683594,128.25,127.88999938964844,127.95999908447266,103.5214614868164,5499400,0.0,0.0,0.0
2020-01-02,128.33999633789062,128.57000732421875,128.05999755859375,128.22999572753906,103.73992156982422,15348700,0.0,0.0,0.0
2020-01-03,128.39999389648438,128.7100067138672,128.27000427246094,128.6699981689453,104.09590148925781,10110900,0.0,0.0,0.0
2020-01-06,128.69000244140625,128.86000061035156,128.13999938964844,128.24000549316406,103.748046875,13894300,0.0,0.0,0.0
2020-01-07,128.1699981689453,128.17999267578125,127.83999633789062,127.91000366210938,103.48104095458984,8211700,0.0,0.0,0.0
2020-01-08,128.00999450683594,128.32000732421875,127.66999816894531,127.7300033569336,103.33543395996094,12268500,0.0,0.0,0.0
2020-01-09,127.69999694824219,128.38999938964844,127.66000366210938,128.33999633789062,103.82890319824219,14415100,0.0,0.0,0.0
2020-01-10,128.47000122070312,128.85000610351562,128.41000366210938,128.6999969482422,104.1201400756836,8263500,0.0,0.0,0.0
2020-01-13,128.52000427246094,128.5500030517578,128.3300018310547,128.38999938964844,103.86933135986328,4477400,0.0,0.0,0.0
2020-01-14,128.36000061035156,128.57000732421875,128.32000732421875,128.5500030517578,103.99879455566406,11066300,0.0,0.0,0.0
2020-01-15,128.8000030517578,128.8699951171875,128.63999938964844,128.8300018310547,104.22533416748047,8712400,0.0,0.0,0.0
2020-01-16,128.89999389648438,129.11000061035156,128.75,129.00999450683594,104.37094116210938,13926100,0.0,0.0,0.0
2020-01-17,128.92999267578125,129.08999633789062,128.60000610351562,128.99000549316406,104.35481262207031,13727800,0.0,0.0,0.0
2020-01-21,129.36000061035156,129.6699981689453,129.07000732421875,129.61000061035156,104.85637664794922,16807300,0.0,0.0,0.0
2020-01-22,129.83999633789062,129.8800048828125,129.6699981689453,129.67999267578125,104.91295623779297,9928600,0.0,0.0,0.0
2020-01-23,129.91000366210938,130.0,129.74000549316406,129.85000610351562,105.05052185058594,13623200,0.0,0.0,0.0
2020-01-24,130.1300048828125,130.22000122070312,129.9600067138672,130.07000732421875,105.22850036621094,11604500,0.0,0.0,0.0
2020-01-27,130.19000244140625,130.4499969482422,130.13999938964844,130.32000732421875,105.4307861328125,10461200,0.0,0.0,0.0
2020-01-28,130.4499969482422,130.55999755859375,130.1199951171875,130.25,105.3741455078125,12055900,0.0,0.0,0.0
2020-01-29,130.60000610351562,130.8800048828125,130.58999633789062,130.6699981689453,105.71391296386719,11174700,0.0,0.0,0.0
2020-01-30,130.72000122070312,130.9499969482422,130.47000122070312,130.75,105.77864074707031,14619200,0.0,0.0,0.0
2020-01-31,130.9600067138672,131.16000366210938,130.77000427246094,131.08999633789062,106.05372619628906,20194800,0.0,0.0,0.0
2020-02-03,130.5800018310547,130.80999755859375,130.4199981689453,130.64999389648438,105.97013854980469,11216300,0.337,0.0,0.0
2020-02-04,130.4199981689453,130.5,130.1300048828125,130.3300018310547,105.71063995361328,16799300,0.0,0.0,0.0
2020-02-05,130.1699981689453,130.30999755859375,130.08999633789062,130.25,105.64572143554688,9587500,0.0,0.0,0.0
2020-02-06,130.2899932861328,130.44000244140625,130.17999267578125,130.19000244140625,105.59706115722656,11028900,0.0,0.0,0.0
2020-02-07,130.72000122070312,130.88999938964844,130.5800018310547,130.69000244140625,106.00260162353516,11517200,0.0,0.0,0.0
2020-02-10,130.89999389648438,131.05999755859375,130.8000030517578,131.0,106.25406646728516,10405800,0.0,0.0,0.0
2020-02-11,130.88999938964844,131.07000732421875,130.7899932861328,130.80999755859375,106.09993743896484,10052700,0.0,0.0,0.0
2020-02-12,130.6999969482422,130.80999755859375,130.60000610351562,130.75,106.05126190185547,7069100,0.0,0.0,0.0
2020-02-13,130.75,130.91000366210938,130.63999938964844,130.66000366210938,105.97828674316406,5437400,0.0,0.0,0.0
2020-02-14,131.05999755859375,131.13999938964844,130.85000610351562,130.97999572753906,106.23782348632812,8254500,0.0,0.0,0.0
2020-02-18,131.1300048828125,131.35000610351562,131.02999877929688,131.22999572753906,106.44059753417969,9650900,0.0,0.0,0.0
2020-02-19,131.1199951171875,131.2899932861328,131.00999450683594,131.0500030517578,106.29462432861328,10731500,0.0,0.0,0.0
2020-02-20,131.16000366210938,131.49000549316406,131.13999938964844,131.49000549316406,106.6514663696289,13706000,0.0,0.0,0.0
2020-02-21,131.77999877929688,132.0500030517578,131.6699981689453,131.75,106.86235046386719,12192700,0.0,0.0,0.0
2020-02-24,132.02000427246094,132.16000366210938,131.75999450683594,131.77000427246094,106.87864685058594,17894700,0.0,0.0,0.0
2020-02-25,131.89999389648438,132.1999969482422,131.75,131.89999389648438,106.98403930664062,19930500,0.0,0.0,0.0
2020-02-26,131.5,132.0399932861328,131.39999389648438,131.41000366210938,106.58659362792969,23073400,0.0,0.0,0.0
2020-02-27,131.6300048828125,131.89999389648438,130.69000244140625,130.7100067138672,106.01881408691406,29687900,0.0,0.0,0.0
2020-02-28,131.00999450683594,132.2899932861328,130.75999450683594,132.17999267578125,107.21110534667969,25073300,0.0,0.0,0.0
2020-03-02,131.8699951171875,132.50999450683594,131.60000610351562,131.6999969482422,107.10456848144531,15922600,0.349,0.0,0.0
2020-03-03,131.8300018310547,133.99000549316406,131.75,133.1999969482422,108.32449340820312,39141000,0.0,0.0,0.0
2020-03-04,133.61000061035156,134.05999755859375,133.25,133.38999938964844,108.4789810180664,23702000,0.0,0.0,0.0
2020-03-05,133.72000122070312,133.8699951171875,133.05999755859375,133.33999633789062,108.4383316040039,22089500,0.0,0.0,0.0
2020-03-06,134.1999969482422,134.52999877929688,133.49000549316406,134.27000427246094,109.19463348388672,30099900,0.0,0.0,0.0
2020-03-09,131.2899932861328,133.22000122070312,130.35000610351562,131.00999450683594,106.54349517822266,27166000,0.0,0.0,0.0
2020-03-10,130.91000366210938,131.36000061035156,128.05999755859375,128.05999755859375,104.14435577392578,30024700,0.0,0.0,0.0
2020-03-11,128.0800018310547,128.27000427246094,123.19999694824219,123.8499984741211,100.72061157226562,37310300,0.0,0.0,0.0
2020-03-12,121.43000030517578,125.80000305175781,115.72000122070312,117.94000244140625,95.91433715820312,41021400,0.0,0.0,0.0
2020-03-13,121.48999786376953,124.0,119.23999786376953,123.05000305175781,100.07003784179688,33470600,0.0,0.0,0.0
2020-03-16,116.31999969482422,122.05000305175781,115.20999908447266,121.30000305175781,98.64685821533203,19928900,0.0,0.0,0.0
2020-03-17,119.44999694824219,121.05000305175781,115.38999938964844,116.33000183105469,94.60497283935547,19074000,0.0,0.0,0.0
2020-03-18,112.72000122070312,114.70999908447266,108.31999969482422,110.51000213623047,89.8719482421875,23808700,0.0,0.0,0.0
2020-03-19,109.08000183105469,110.0,104.94999694824219,105.05000305175781,85.43157958984375,29077100,0.0,0.0,0.0
2020-03-20,108.87000274658203,110.63999938964844,105.80000305175781,106.73999786376953,86.80596923828125,29390100,0.0,0.0,0.0
2020-03-23,111.06999969482422,115.13999938964844,110.83000183105469,114.62999725341797,93.22248840332031,36918800,0.0,0.0,0.0
2020-03-24,115.54000091552734,118.72000122070312,114.8499984741211,116.9800033569336,95.13360595703125,43049700,0.0,0.0,0.0
2020-03-25,117.88999938964844,123.5999984741211,117.19000244140625,122.58000183105469,99.68781280517578,45181000,0.0,0.0,0.0
2020-03-26,122.5,123.33000183105469,121.25,122.68000030517578,99.76909637451172,21893500,0.0,0.0,0.0
2020-03-27,121.58000183105469,122.62000274658203,120.55999755859375,122.43000030517578,99.56578063964844,27730300,0.0,0.0,0.0
2020-03-30,122.83999633789062,125.0,122.83999633789062,123.91999816894531,100.77754974365234,19272700,0.0,0.0,0.0
2020-03-31,124.08999633789062,124.91000366210938,122.98999786376953,123.51000213623047,100.444091796875,23901400,0.0,0.0,0.0
2020-04-01,122.55000305175781,122.5999984741211,121.31999969482422,121.41000366210938,98.98475646972656,21859400,0.31,0.0,0.0
2020-04-02,121.66000366210938,123.5,121.51000213623047,121.7300033569336,99.24561309814453,22929500,0.0,0.0,0.0
2020-04-03,122.0199966430664,122.23999786376953,120.68000030517578,121.0999984741211,98.73198699951172,10754100,0.0,0.0,0.0
2020-04-06,122.62999725341797,123.5,122.2300033569336,123.48999786376953,100.6805419921875,15631800,0.0,0.0,0.0
2020-04-07,124.30000305175781,124.4800033569336,123.47000122070312,123.68000030517578,100.8354721069336,17457700,0.0,0.0,0.0
2020-04-08,124.33000183105469,126.01000213623047,123.87999725341797,125.91000366210938,102.65357971191406,15484100,0.0,0.0,0.0
2020-04-09,129.41000366210938,132.0,129.10000610351562,131.8300018310547,107.48009490966797,53580000,0.0,0.0,0.0
2020-04-13,131.19000244140625,131.4600067138672,129.80999755859375,130.5500030517578,106.43650817871094,20599800,0.0,0.0,0.0
2020-04-14,131.39999389648438,131.5,129.83999633789062,129.91000366210938,105.91474914550781,14791600,0.0,0.0,0.0
2020-04-15,129.39999389648438,130.8800048828125,129.39999389648438,130.77999877929688,106.6240463256836,13687800,0.0,0.0,0.0
2020-04-16,130.6199951171875,131.07000732421875,130.0399932861328,130.1300048828125,106.09405517578125,12582100,0.0,0.0,0.0
2020-04-17,131.3300018310547,131.47000122070312,129.94000244140625,130.55999755859375,106.44464111328125,11187900,0.0,0.0,0.0
2020-04-20,130.02999877929688,130.1300048828125,129.22999572753906,129.82000732421875,105.84136199951172,12057500,0.0,0.0,0.0
2020-04-21,129.6999969482422,130.1300048828125,128.69000244140625,129.36000061035156,105.46633911132812,16146000,0.0,0.0,0.0
2020-04-22,129.36000061035156,129.60000610351562,128.91000366210938,129.44000244140625,105.53153228759766,19956600,0.0,0.0,0.0
2020-04-23,129.9199981689453,130.24000549316406,129.6999969482422,129.99000549316406,105.97998046875,5833400,0.0,0.0,0.0
2020-04-24,129.77999877929688,130.1999969482422,129.2100067138672,129.89999389648438,105.90657043457031,14985500,0.0,0.0,0.0
2020-04-27,129.97999572753906,130.10000610351562,128.82000732421875,128.85000610351562,105.0505142211914,11794700,0.0,0.0,0.0
2020-04-28,129.39999389648438,129.55999755859375,129.07000732421875,129.1999969482422,105.33586120605469,9232900,0.0,0.0,0.0
2020-04-29,129.83999633789062,130.22999572753906,129.6999969482422,130.0500030517578,106.02890014648438,7399100,0.0,0.0,0.0
2020-04-30,129.72999572753906,130.14999389648438,129.11000061035156,129.1699981689453,105.31140899658203,14583200,0.0,0.0,0.0
2020-05-01,128.6999969482422,128.94000244140625,127.83000183105469,128.33999633789062,104.89458465576172,15442300,0.32,0.0,0.0
2020-05-04,128.52999877929688,128.9499969482422,128.36000061035156,128.5399932861328,105.05804443359375,9466700,0.0,0.0,0.0
2020-05-05,128.38999938964844,128.72000122070312,128.16000366210938,128.3699951171875,104.9190902709961,7268800,0.0,0.0,0.0
2020-05-06,127.88999938964844,127.94999694824219,126.70999908447266,126.93000030517578,103.74214935302734,10662900,0.0,0.0,0.0
2020-05-07,127.29000091552734,127.5,126.88999938964844,127.2699966430664,104.02005004882812,11194300,0.0,0.0,0.0
2020-05-08,126.81999969482422,127.08000183105469,126.37000274658203,126.66000366210938,103.52149200439453,12286700,0.0,0.0,0.0
2020-05-11,126.37999725341797,126.52999877929688,125.5199966430664,125.55000305175781,102.6142578125,12334800,0.0,0.0,0.0
2020-05-12,127.16999816894531,127.19999694824219,126.19000244140625,126.76000213623047,103.6032485961914,18760500,0.0,0.0,0.0
2020-05-13,127.29000091552734,127.55999755859375,126.94000244140625,127.05000305175781,103.8402099609375,13404100,0.0,0.0,0.0
2020-05-14,127.5,128.1199951171875,127.0,128.10000610351562,104.69843292236328,16978300,0.0,0.0,0.0
2020-05-15,128.10000610351562,128.61000061035156,127.97000122070312,128.5500030517578,105.06622314453125,17987400,0.0,0.0,0.0
2020-05-18,128.86000061035156,130.0,128.86000061035156,129.27999877929688,105.6628646850586,15299000,0.0,0.0,0.0
2020-05-19,129.3300018310547,129.66000366210938,128.89999389648438,129.3800048828125,105.74462890625,13529000,0.0,0.0,0.0
2020-05-20,129.75999450683594,130.86000061035156,129.64999389648438,130.8000030517578,106.90519714355469,15068200,0.0,0.0,0.0
2020-05-21,130.99000549316406,131.0,130.5500030517578,130.6999969482422,106.82345581054688,11059200,0.0,0.0,0.0
2020-05-22,130.72000122070312,130.97999572753906,130.52000427246094,130.6999969482422,106.82345581054688,12546900,0.0,0.0,0.0
2020-05-26,130.9199981689453,131.14999389648438,130.47000122070312,130.52000427246094,106.67633056640625,12864900,0.0,0.0,0.0
2020-05-27,130.92999267578125,131.11000061035156,130.6999969482422,131.05999755859375,107.11767578125,10204500,0.0,0.0,0.0
2020-05-28,130.92999267578125,131.3800048828125,130.60000610351562,131.1699981689453,107.20756530761719,12360900,0.0,0.0,0.0
2020-05-29,131.36000061035156,132.0399932861328,131.16000366210938,132.02000427246094,107.90232849121094,14092500,0.0,0.0,0.0
2020-06-01,131.39999389648438,131.64999389648438,131.25,131.63999938964844,107.85478210449219,15415500,0.322,0.0,0.0
2020-06-02,131.82000732421875,132.30999755859375,131.72999572753906,132.05999755859375,108.19893646240234,11585400,0.0,0.0,0.0
2020-06-03,132.07000732421875,132.27999877929688,131.60000610351562,131.97999572753906,108.13334655761719,15198200,0.0,0.0,0.0
2020-06-04,132.13999938964844,132.3000030517578,131.5,131.5800018310547,107.80561828613281,9777400,0.0,0.0,0.0
2020-06-05,132.08999633789062,132.4499969482422,131.5,132.25999450683594,108.36276245117188,22147400,0.0,0.0,0.0
2020-06-08,132.49000549316406,132.9199981689453,132.30999755859375,132.6999969482422,108.72327423095703,15872100,0.0,0.0,0.0
2020-06-09,132.77000427246094,132.85000610351562,132.35000610351562,132.4199981689453,108.49382781982422,17982200,0.0,0.0,0.0
2020-06-10,132.66000366210938,133.50999450683594,132.10000610351562,133.2899932861328,109.2066421508789,16866200,0.0,0.0,0.0
2020-06-11,132.58999633789062,132.80999755859375,131.1300048828125,131.6999969482422,107.90393829345703,28279600,0.0,0.0,0.0
2020-06-12,132.72999572753906,132.97000122070312,131.7899932861328,132.33999633789062,108.42828369140625,16202800,0.0,0.0,0.0
2020-06-15,131.88999938964844,134.8300018310547,131.82000732421875,134.22000122070312,109.96863555908203,24006200,0.0,0.0,0.0
2020-06-16,134.88999938964844,134.89999389648438,133.47999572753906,133.85000610351562,109.66551208496094,16299500,0.0,0.0,0.0
2020-06-17,134.0,134.11000061035156,132.80999755859375,133.58999633789062,109.45248413085938,20132900,0.0,0.0,0.0
2020-06-18,133.6199951171875,133.9199981689453,133.36000061035156,133.88999938964844,109.69823455810547,9306600,0.0,0.0,0.0
2020-06-19,133.9600067138672,134.1999969482422,133.6300048828125,133.99000549316406,109.7801513671875,13741400,0.0,0.0,0.0
2020-06-22,133.99000549316406,134.30999755859375,133.60000610351562,133.86000061035156,109.67369842529297,10134000,0.0,0.0,0.0
2020-06-23,133.6999969482422,134.07000732421875,133.55999755859375,133.61000061035156,109.46881866455078,9381300,0.0,0.0,0.0
2020-06-24,133.33999633789062,133.39999389648438,132.6999969482422,133.24000549316406,109.16574096679688,12357300,0.0,0.0,0.0
2020-06-25,133.3699951171875,133.49000549316406,133.0800018310547,133.3800048828125,109.28041076660156,19115300,0.0,0.0,0.0
2020-06-26,133.39999389648438,133.60000610351562,133.14999389648438,133.5,109.37869262695312,7304900,0.0,0.0,0.0
2020-06-29,133.50999450683594,134.1199951171875,133.17999267578125,134.1199951171875,109.88671112060547,10954600,0.0,0.0,0.0
2020-06-30,134.30999755859375,134.52999877929688,133.82000732421875,134.5,110.19804382324219,11599000,0.0,0.0,0.0
2020-07-01,134.14999389648438,134.94000244140625,133.8800048828125,134.72000122070312,110.63328552246094,11872500,0.31,0.0,0.0
2020-07-02,134.9600067138672,135.11000061035156,134.7899932861328,135.0500030517578,110.90428924560547,9733200,0.0,0.0,0.0
2020-07-06,135.16000366210938,135.50999450683594,134.9600067138672,135.39999389648438,111.19173431396484,12706800,0.0,0.0,0.0
2020-07-07,135.39999389648438,135.67999267578125,135.22999572753906,135.5800018310547,111.33952331542969,11645100,0.0,0.0,0.0
2020-07-08,135.6699981689453,135.7100067138672,135.22999572753906,135.36000061035156,111.1588134765625,10033100,0.0,0.0,0.0
2020-07-09,135.63999938964844,136.25,135.4199981689453,136.1199951171875,111.782958984375,9809000,0.0,0.0,0.0
2020-07-10,136.30999755859375,136.4199981689453,135.67999267578125,135.8699951171875,111.57765197753906,9043100,0.0,0.0,0.0
2020-07-13,135.88999938964844,136.0800018310547,135.42999267578125,135.50999450683594,111.28202819824219,22457200,0.0,0.0,0.0
2020-07-14,135.85000610351562,136.44000244140625,135.8000030517578,136.3000030517578,111.93077850341797,12505600,0.0,0.0,0.0
2020-07-15,136.47999572753906,136.5800018310547,136.24000549316406,136.57000732421875,112.15252685546875,8815600,0.0,0.0,0.0
2020-07-16,136.72000122070312,137.02999877929688,136.60000610351562,136.9499969482422,112.46454620361328,7761800,0.0,0.0,0.0
2020-07-17,137.32000732421875,137.41000366210938,136.94000244140625,137.32000732421875,112.76841735839844,6078400,0.0,0.0,0.0
2020-07-20,137.6199951171875,137.6999969482422,137.39999389648438,137.6999969482422,113.0804672241211,7244300,0.0,0.0,0.0
2020-07-21,137.9199981689453,138.10000610351562,137.77999877929688,137.8800048828125,113.22834014892578,7712300,0.0,0.0,0.0
2020-07-22,138.27999877929688,138.33999633789062,138.10000610351562,138.3300018310547,113.59781646728516,6229900,0.0,0.0,0.0
2020-07-23,138.47000122070312,138.52000427246094,138.1699981689453,138.42999267578125,113.67996215820312,9544200,0.0,0.0,0.0
2020-07-24,138.1699981689453,138.38999938964844,137.9499969482422,138.1199951171875,113.42540740966797,9106500,0.0,0.0,0.0
2020-07-27,138.19000244140625,138.2899932861328,137.61000061035156,137.6999969482422,113.0804672241211,6347600,0.0,0.0,0.0
2020-07-28,137.9199981689453,137.99000549316406,137.50999450683594,137.55999755859375,112.96553039550781,12922600,0.0,0.0,0.0
2020-07-29,137.69000244140625,138.30999755859375,137.57000732421875,138.30999755859375,113.58143615722656,7625100,0.0,0.0,0.0
2020-07-30,138.22999572753906,138.30999755859375,137.9600067138672,138.16000366210938,113.45823669433594,8939900,0.0,0.0,0.0
2020-07-31,138.13999938964844,138.4600067138672,137.92999267578125,138.35000610351562,113.61427307128906,11788700,0.0,0.0,0.0
2020-08-03,137.9499969482422,138.33999633789062,137.80999755859375,138.24000549316406,113.76651763916016,10915900,0.295,0.0,0.0
2020-08-04,138.49000549316406,138.75,138.41000366210938,138.75,114.18619537353516,10101900,0.0,0.0,0.0
2020-08-05,138.5399932861328,138.8000030517578,138.42999267578125,138.55999755859375,114.02982330322266,11602000,0.0,0.0,0.0
2020-08-06,138.99000549316406,139.25999450683594,138.92999267578125,139.14999389648438,114.51536560058594,8067800,0.0,0.0,0.0
2020-08-07,139.2899932861328,139.3800048828125,138.72000122070312,138.75999450683594,114.19444274902344,7405300,0.0,0.0,0.0
2020-08-10,138.97999572753906,138.99000549316406,138.41000366210938,138.4600067138672,113.94761657714844,6137100,0.0,0.0,0.0
2020-08-11,138.0,138.08999633789062,137.49000549316406,137.58999633789062,113.23160552978516,12870500,0.0,0.0,0.0
2020-08-12,137.5,137.72999572753906,137.10000610351562,137.25,112.95177459716797,11902600,0.0,0.0,0.0
2020-08-13,137.14999389648438,137.22999572753906,135.75,136.00999450683594,111.93130493164062,20754500,0.0,0.0,0.0
2020-08-14,135.85000610351562,136.1199951171875,135.27999877929688,135.41000366210938,111.43751525878906,12409100,0.0,0.0,0.0
2020-08-17,135.75,135.9199981689453,135.57000732421875,135.69000244140625,111.6679458618164,9522800,0.0,0.0,0.0
2020-08-18,135.86000061035156,136.24000549316406,135.74000549316406,136.0800018310547,111.9889144897461,12198000,0.0,0.0,0.0
2020-08-19,136.27999877929688,136.35000610351562,135.60000610351562,135.72000122070312,111.69264221191406,12168600,0.0,0.0,0.0
2020-08-20,136.24000549316406,136.35000610351562,136.02000427246094,136.1999969482422,112.0876693725586,12065300,0.0,0.0,0.0
2020-08-21,136.27999877929688,136.49000549316406,135.97999572753906,136.4499969482422,112.29339599609375,6353900,0.0,0.0,0.0
2020-08-24,136.4600067138672,136.6699981689453,136.1199951171875,136.2100067138672,112.09591674804688,13093400,0.0,0.0,0.0
2020-08-25,135.7100067138672,136.0,135.22999572753906,135.6199951171875,111.6103515625,12191100,0.0,0.0,0.0
2020-08-26,135.39999389648438,135.67999267578125,135.1300048828125,135.6699981689453,111.65149688720703,6259000,0.0,0.0,0.0
2020-08-27,135.86000061035156,135.88999938964844,134.55999755859375,134.58999633789062,110.7626724243164,12251100,0.0,0.0,0.0
2020-08-28,134.8300018310547,135.07000732421875,134.6199951171875,135.0,111.10010528564453,7907500,0.0,0.0,0.0
2020-08-31,135.1199951171875,135.7899932861328,135.05999755859375,135.60000610351562,111.59391021728516,11874000,0.0,0.0,0.0
2020-09-01,135.25,136.1999969482422,135.10000610351562,136.16000366210938,112.2990493774414,13289900,0.295,0.0,0.0
2020-09-02,136.0500030517578,136.80999755859375,136.0,136.6999969482422,112.74439239501953,14236600,0.0,0.0,0.0
2020-09-03,136.8699951171875,136.89999389648438,136.3300018310547,136.39999389648438,112.49700927734375,16452600,0.0,0.0,0.0
2020-09-04,136.00999450683594,136.1199951171875,134.8699951171875,134.9499969482422,111.30109405517578,13177800,0.0,0.0,0.0
2020-09-08,135.13999938964844,135.42999267578125,134.99000549316406,135.0800018310547,111.40828704833984,13932300,0.0,0.0,0.0
2020-09-09,135.11000061035156,135.69000244140625,135.00999450683594,135.1699981689453,111.4825439453125,11640000,0.0,0.0,0.0
2020-09-10,135.0500030517578,135.4199981689453,134.8800048828125,135.27000427246094,111.56505584716797,12624700,0.0,0.0,0.0
2020-09-11,135.3300018310547,135.60000610351562,135.17999267578125,135.3699951171875,111.64751434326172,9773000,0.0,0.0,0.0
2020-09-14,135.60000610351562,135.97999572753906,135.5800018310547,135.7100067138672,111.9279556274414,13896200,0.0,0.0,0.0
2020-09-15,135.74000549316406,135.99000549316406,135.72999572753906,135.86000061035156,112.05160522460938,9388500,0.0,0.0,0.0
2020-09-16,136.1699981689453,136.27000427246094,135.75999450683594,135.9499969482422,112.12586212158203,8868200,0.0,0.0,0.0
2020-09-17,136.27000427246094,136.3000030517578,135.7899932861328,135.97999572753906,112.15058898925781,12190400,0.0,0.0,0.0
2020-09-18,136.05999755859375,136.1199951171875,135.69000244140625,135.72999572753906,111.9444351196289,9968000,0.0,0.0,0.0
2020-09-21,135.97000122070312,135.97000122070312,135.47000122070312,135.60000610351562,111.83720397949219,12081100,0.0,0.0,0.0
2020-09-22,135.7100067138672,135.8000030517578,135.52000427246094,135.67999267578125,111.90313720703125,8295900,0.0,0.0,0.0
2020-09-23,135.66000366210938,135.72999572753906,134.6199951171875,134.6999969482422,111.09490203857422,17759900,0.0,0.0,0.0
2020-09-24,134.67999267578125,134.80999755859375,134.22999572753906,134.36000061035156,110.81454467773438,20595000,0.0,0.0,0.0
2020-09-25,134.27999877929688,134.4499969482422,134.0399932861328,134.22000122070312,110.69902801513672,9793100,0.0,0.0,0.0
2020-09-28,134.52000427246094,134.9199981689453,134.38999938964844,134.89999389648438,111.25983428955078,8579500,0.0,0.0,0.0
2020-09-29,135.05999755859375,135.17999267578125,134.7100067138672,134.72999572753906,111.11962890625,8428600,0.0,0.0,0.0
2020-09-30,134.64999389648438,134.7899932861328,134.4199981689453,134.7100067138672,111.10318756103516,11634700,0.0,0.0,0.0
2020-10-01,134.25999450683594,134.92999267578125,134.2100067138672,134.7899932861328,111.41226196289062,12642600,0.294,0.0,0.0
2020-10-02,134.66000366210938,134.88999938964844,134.39999389648438,134.80999755859375,111.4288330078125,10829600,0.0,0.0,0.0
2020-10-05,134.49000549316406,134.75999450683594,134.32000732421875,134.36000061035156,111.05686950683594,10078700,0.0,0.0,0.0
2020-10-06,134.4499969482422,134.9499969482422,133.9499969482422,134.25,110.96595001220703,22370600,0.0,0.0,0.0
2020-10-07,134.25999450683594,134.74000549316406,134.11000061035156,134.2899932861328,110.99900817871094,14745500,0.0,0.0,0.0
2020-10-08,134.66000366210938,134.85000610351562,134.50999450683594,134.6199951171875,111.27175903320312,12101600,0.0,0.0,0.0
2020-10-09,134.52000427246094,134.97999572753906,134.4499969482422,134.92999267578125,111.52799224853516,9979700,0.0,0.0,0.0
2020-10-12,135.11000061035156,135.75,135.10000610351562,135.7100067138672,112.1727294921875,5465400,0.0,0.0,0.0
2020-10-13,135.6699981689453,135.7899932861328,135.38999938964844,135.5800018310547,112.06529235839844,9228200,0.0,0.0,0.0
2020-10-14,135.7899932861328,135.89999389648438,135.5,135.7100067138672,112.1727294921875,12994600,0.0,0.0,0.0
2020-10-15,135.6999969482422,135.75999450683594,135.49000549316406,135.57000732421875,112.05701446533203,13255900,0.0,0.0,0.0
2020-10-16,135.50999450683594,135.8699951171875,135.32000732421875,135.33999633789062,111.86692810058594,8742400,0.0,0.0,0.0
2020-10-19,135.25,135.32000732421875,135.00999450683594,135.0800018310547,111.65202331542969,8634500,0.0,0.0,0.0
2020-10-20,134.97999572753906,135.00999450683594,134.77000427246094,134.8000030517578,111.42059326171875,13413100,0.0,0.0,0.0
2020-10-21,134.58999633789062,134.8800048828125,134.5399932861328,134.5800018310547,111.23872375488281,8890100,0.0,0.0,0.0
2020-10-22,134.5,134.5399932861328,134.16000366210938,134.27999877929688,110.99076843261719,9661800,0.0,0.0,0.0
2020-10-23,134.30999755859375,134.72999572753906,134.2899932861328,134.6199951171875,111.27175903320312,12010800,0.0,0.0,0.0
2020-10-26,134.77999877929688,135.00999450683594,134.72000122070312,134.89999389648438,111.50320434570312,9776600,0.0,0.0,0.0
2020-10-27,135.07000732421875,135.4600067138672,135.00999450683594,135.4499969482422,111.9577865600586,7023800,0.0,0.0,0.0
2020-10-28,135.41000366210938,135.47999572753906,134.74000549316406,134.77999877929688,111.4040298461914,13578300,0.0,0.0,0.0
2020-10-29,134.8000030517578,134.8000030517578,134.0800018310547,134.42999267578125,111.11474609375,14744600,0.0,0.0,0.0
2020-10-30,134.27000427246094,134.5399932861328,133.72000122070312,133.72999572753906,110.53610229492188,19875600,0.0,0.0,0.0
2020-11-02,133.9600067138672,134.25,133.8800048828125,133.97000122070312,110.96932220458984,18496400,0.283,0.0,0.0
2020-11-03,133.91000366210938,134.13999938964844,133.77999877929688,134.10000610351562,111.07704162597656,11661900,0.0,0.0,0.0
2020-11-04,135.61000061035156,136.22999572753906,135.55999755859375,136.11000061035156,112.74193572998047,20019500,0.0,0.0,0.0
2020-11-05,136.5399932861328,136.82000732421875,136.35000610351562,136.6199951171875,113.16436767578125,14349900,0.0,0.0,0.0
2020-11-06,136.27000427246094,136.3300018310547,135.94000244140625,136.19000244140625,112.80824279785156,12029700,0.0,0.0,0.0
2020-11-09,136.19000244140625,136.3000030517578,135.13999938964844,135.16000366210938,111.95502471923828,21273800,0.0,0.0,0.0
2020-11-10,134.82000732421875,135.3699951171875,134.77000427246094,134.80999755859375,111.6651382446289,18849800,0.0,0.0,0.0
2020-11-11,135.0,135.08999633789062,134.7100067138672,135.05999755859375,111.8721923828125,3763300,0.0,0.0,0.0
2020-11-12,135.17999267578125,135.60000610351562,135.07000732421875,135.60000610351562,112.31949615478516,16891500,0.0,0.0,0.0
2020-11-13,135.77000427246094,135.94000244140625,135.6199951171875,135.75999450683594,112.45203399658203,8256800,0.0,0.0,0.0
2020-11-16,135.8000030517578,136.25,135.72999572753906,136.1999969482422,112.81649017333984,12742500,0.0,0.0,0.0
2020-11-17,136.38999938964844,136.75999450683594,136.25999450683594,136.63999938964844,113.18093872070312,11832300,0.0,0.0,0.0
2020-11-18,136.83999633789062,137.0800018310547,136.77999877929688,136.92999267578125,113.42112731933594,11878400,0.0,0.0,0.0
2020-11-19,137.1999969482422,137.85000610351562,137.11000061035156,137.69000244140625,114.05066680908203,16107800,0.0,0.0,0.0
2020-11-20,137.39999389648438,137.75,137.1699981689453,137.57000732421875,113.95127868652344,18308400,0.0,0.0,0.0
2020-11-23,137.6699981689453,137.80999755859375,137.5500030517578,137.74000549316406,114.09211730957031,8648500,0.0,0.0,0.0
2020-11-24,137.6999969482422,137.77999877929688,137.39999389648438,137.42999267578125,113.83531951904297,11204400,0.0,0.0,0.0
2020-11-25,137.60000610351562,137.6300048828125,137.3800048828125,137.50999450683594,113.90156555175781,6709800,0.0,0.0,0.0
2020-11-27,137.82000732421875,138.07000732421875,137.75,138.0,114.30750274658203,3404800,0.0,0.0,0.0
2020-11-30,138.10000610351562,138.52000427246094,137.9499969482422,138.47999572753906,114.70504760742188,11856200,0.0,0.0,0.0
2020-12-01,138.0500030517578,138.27000427246094,137.47999572753906,137.67999267578125,114.27012634277344,18933600,0.276,0.0,0.0
2020-12-02,137.4600067138672,137.5,136.97999572753906,137.22000122070312,113.88834381103516,15637700,0.0,0.0,0.0
2020-12-03,137.64999389648438,138.02999877929688,137.47999572753906,137.75999450683594,114.33656311035156,18888700,0.0,0.0,0.0
2020-12-04,137.13999938964844,137.33999633789062,136.83999633789062,137.0,113.70574951171875,12521200,0.0,0.0,0.0
2020-12-07,137.33999633789062,137.49000549316406,137.07000732421875,137.1199951171875,113.8053970336914,16697300,0.0,0.0,0.0
2020-12-08,137.3699951171875,137.4499969482422,136.89999389648438,136.9600067138672,113.67257690429688,12797700,0.0,0.0,0.0
2020-12-09,136.60000610351562,136.60000610351562,136.1199951171875,136.4600067138672,113.2575912475586,20824700,0.0,0.0,0.0
2020-12-10,136.57000732421875,137.16000366210938,136.55999755859375,137.13999938964844,113.82194519042969,13527600,0.0,0.0,0.0
2020-12-11,137.13999938964844,137.30999755859375,136.9199981689453,137.27999877929688,113.93817138671875,9023000,0.0,0.0,0.0
2020-12-14,136.97999572753906,137.32000732421875,136.8699951171875,137.17999267578125,113.85511016845703,8004000,0.0,0.0,0.0
2020-12-15,137.1699981689453,137.47999572753906,137.08999633789062,137.4499969482422,114.07923126220703,12254500,0.0,0.0,0.0
2020-12-16,137.1699981689453,137.61000061035156,136.8800048828125,137.33999633789062,113.98798370361328,12326000,0.0,0.0,0.0
2020-12-17,137.52000427246094,137.5800018310547,136.97000122070312,137.25999450683594,114.1542739868164,12338800,0.28,0.0,0.0
2020-12-18,137.47999572753906,137.52000427246094,137.00999450683594,137.16000366210938,114.07112884521484,8781900,0.0,0.0,0.0
2020-12-21,137.1300048828125,137.13999938964844,136.6699981689453,136.88999938964844,113.8465576171875,11925000,0.0,0.0,0.0
2020-12-22,137.19000244140625,137.2899932861328,136.99000549316406,137.27000427246094,114.16258239746094,10226800,0.0,0.0,0.0
2020-12-23,136.9199981689453,137.32000732421875,136.64999389648438,137.3000030517578,114.18753814697266,7553100,0.0,0.0,0.0
2020-12-24,137.47999572753906,137.8300018310547,137.47999572753906,137.77000427246094,114.57847595214844,3397000,0.0,0.0,0.0
2020-12-28,137.57000732421875,137.89999389648438,137.5,137.86000061035156,114.65324401855469,6279200,0.0,0.0,0.0
2020-12-29,137.61000061035156,137.92999267578125,137.60000610351562,137.9199981689453,114.70318603515625,6581800,0.0,0.0,0.0
2020-12-30,137.88999938964844,138.11000061035156,137.7899932861328,138.10000610351562,114.85289764404297,5343100,0.0,0.0,0.0
2020-12-31,138.0399932861328,138.22000122070312,137.9600067138672,138.1300048828125,114.8778305053711,6932300,0.0,0.0,0.0
2021-01-04,137.88999938964844,137.88999938964844,137.3800048828125,137.42999267578125,114.2956771850586,14891400,0.0,0.0,0.0
2021-01-05,137.05999755859375,137.05999755859375,136.5500030517578,136.99000549316406,113.92972564697266,16294400,0.0,0.0,0.0
2021-01-06,135.77999877929688,135.97999572753906,135.39999389648438,135.8800048828125,113.006591796875,19136500,0.0,0.0,0.0
2021-01-07,135.55999755859375,135.9499969482422,135.5399932861328,135.86000061035156,112.98990631103516,11886100,0.0,0.0,0.0
2021-01-08,135.77999877929688,135.88999938964844,135.4499969482422,135.75999450683594,112.90682220458984,13341400,0.0,0.0,0.0
2021-01-11,135.49000549316406,135.49000549316406,135.1699981689453,135.17999267578125,112.4244155883789,7557700,0.0,0.0,0.0
2021-01-12,135.11000061035156,135.5399932861328,134.74000549316406,135.47000122070312,112.66563415527344,16766200,0.0,0.0,0.0
2021-01-13,135.75999450683594,136.63999938964844,135.72999572753906,136.52000427246094,113.53883361816406,16490700,0.0,0.0,0.0
2021-01-14,136.5500030517578,136.6300048828125,135.83999633789062,135.92999267578125,113.04814910888672,22050500,0.0,0.0,0.0
2021-01-15,136.24000549316406,136.50999450683594,136.0399932861328,136.13999938964844,113.22282409667969,13680700,0.0,0.0,0.0
2021-01-19,136.08999633789062,136.47999572753906,136.0500030517578,136.3800048828125,113.42242431640625,12807500,0.0,0.0,0.0
2021-01-20,136.35000610351562,136.50999450683594,136.27000427246094,136.33999633789062,113.38915252685547,12218400,0.0,0.0,0.0
2021-01-21,135.77000427246094,135.92999267578125,135.60000610351562,135.8000030517578,112.9400634765625,25084300,0.0,0.0,0.0
2021-01-22,135.75999450683594,135.91000366210938,135.60000610351562,135.6999969482422,112.85688781738281,15998800,0.0,0.0,0.0
2021-01-25,135.9499969482422,136.3699951171875,135.92999267578125,136.27999877929688,113.33926391601562,14603700,0.0,0.0,0.0
2021-01-26,136.02000427246094,136.4499969482422,135.9600067138672,136.27000427246094,113.3309326171875,11926900,0.0,0.0,0.0
2021-01-27,136.4199981689453,136.44000244140625,135.97999572753906,136.02999877929688,113.13131713867188,13822700,0.0,0.0,0.0
2021-01-28,136.0399932861328,136.17999267578125,135.75999450683594,135.80999755859375,112.9483871459961,16896900,0.0,0.0,0.0
2021-01-29,135.4199981689453,135.89999389648438,134.9600067138672,135.60000610351562,112.77372741699219,18131600,0.0,0.0,0.0
2021-02-01,135.3699951171875,135.6999969482422,135.30999755859375,135.60000610351562,112.99623107910156,10682300,0.267,0.0,0.0
2021-02-02,135.2100067138672,135.36000061035156,135.0399932861328,135.24000549316406,112.69625091552734,12710600,0.0,0.0,0.0
2021-02-03,135.0,135.0800018310547,134.8699951171875,134.9199981689453,112.42959594726562,13189600,0.0,0.0,0.0
2021-02-04,134.80999755859375,135.22000122070312,134.6300048828125,135.14999389648438,112.62123107910156,10689500,0.0,0.0,0.0
2021-02-05,135.24000549316406,135.3800048828125,134.72000122070312,134.7899932861328,112.32120513916016,12016300,0.0,0.0,0.0
2021-02-08,134.92999267578125,135.41000366210938,134.8699951171875,135.3699951171875,112.80455780029297,13460300,0.0,0.0,0.0
2021-02-09,135.47000122070312,135.49000549316406,134.8800048828125,135.16000366210938,112.62956237792969,11755100,0.0,0.0,0.0
2021-02-10,135.3800048828125,135.5500030517578,135.2899932861328,135.47999572753906,112.89618682861328,9414500,0.0,0.0,0.0
2021-02-11,135.5399932861328,135.55999755859375,135.0399932861328,135.1199951171875,112.5962142944336,9241100,0.0,0.0,0.0
2021-02-12,134.61000061035156,134.94000244140625,134.57000732421875,134.67999267578125,112.22956848144531,13717100,0.0,0.0,0.0
2021-02-16,134.02000427246094,134.2899932861328,133.7100067138672,133.72999572753906,111.43792724609375,21429200,0.0,0.0,0.0
2021-02-17,134.33999633789062,134.42999267578125,134.02999877929688,134.39999389648438,111.99623107910156,16195400,0.0,0.0,0.0
2021-02-18,134.1300048828125,134.35000610351562,133.83999633789062,134.13999938964844,111.77958679199219,15414100,0.0,0.0,0.0
2021-02-19,133.7899932861328,133.89999389648438,133.14999389648438,133.1699981689453,110.97127532958984,13678500,0.0,0.0,0.0
2021-02-22,132.94000244140625,133.22000122070312,132.25,132.33999633789062,110.2796630859375,17978100,0.0,0.0,0.0
2021-02-23,131.91000366210938,132.47000122070312,131.75999450683594,132.44000244140625,110.36296844482422,23482500,0.0,0.0,0.0
2021-02-24,131.63999938964844,132.6699981689453,131.35000610351562,132.63999938964844,110.52964782714844,18120000,0.0,0.0,0.0
2021-02-25,131.72999572753906,131.91000366210938,129.77999877929688,130.5399932861328,108.77970886230469,35471200,0.0,0.0,0.0
2021-02-26,131.44000244140625,132.32000732421875,130.99000549316406,132.27000427246094,110.2212905883789,23284400,0.0,0.0,0.0
2021-03-01,131.63999938964844,132.1699981689453,131.63999938964844,132.1300048828125,110.32904815673828,23890800,0.269,0.0,0.0
2021-03-02,132.10000610351562,132.11000061035156,131.77000427246094,131.97999572753906,110.20377349853516,13633400,0.0,0.0,0.0
2021-03-03,131.2899932861328,131.85000610351562,130.94000244140625,131.0,109.38546752929688,24043300,0.0,0.0,0.0
2021-03-04,131.0500030517578,131.16000366210938,129.80999755859375,129.92999267578125,108.49202728271484,21771800,0.0,0.0,0.0
2021-03-05,129.58999633789062,129.92999267578125,129.27000427246094,129.75999450683594,108.3500747680664,23789400,0.0,0.0,0.0
2021-03-08,129.52999877929688,129.6199951171875,128.52999877929688,128.5500030517578,107.33971405029297,15029200,0.0,0.0,0.0
2021-03-09,129.2100067138672,129.6199951171875,129.16000366210938,129.52000427246094,108.1496810913086,21900300,0.0,0.0,0.0
2021-03-10,129.7100067138672,130.2899932861328,129.7100067138672,130.1300048828125,108.65901184082031,19440400,0.0,0.0,0.0
2021-03-11,130.2899932861328,130.5500030517578,130.05999755859375,130.2100067138672,108.72583770751953,20622100,0.0,0.0,0.0
2021-03-12,129.1300048828125,129.2899932861328,128.66000366210938,128.7100067138672,107.47333526611328,14352000,0.0,0.0,0.0
2021-03-15,128.8300018310547,129.27999877929688,128.8300018310547,129.14999389648438,107.84069061279297,10111200,0.0,0.0,0.0
2021-03-16,129.2100067138672,129.38999938964844,128.8699951171875,129.05999755859375,107.76554870605469,11356900,0.0,0.0,0.0
2021-03-17,128.47999572753906,129.4600067138672,128.30999755859375,129.17999267578125,107.8657455444336,19086100,0.0,0.0,0.0
2021-03-18,128.00999450683594,128.6199951171875,127.91000366210938,128.44000244140625,107.24785614013672,21368700,0.0,0.0,0.0
2021-03-19,128.42999267578125,128.72000122070312,128.24000549316406,128.6300048828125,107.40650177001953,19776100,0.0,0.0,0.0
2021-03-22,129.05999755859375,129.4600067138672,128.92999267578125,129.08999633789062,107.79061126708984,16677200,0.0,0.0,0.0
2021-03-23,129.08999633789062,129.58999633789062,129.08999633789062,129.47000122070312,108.10791778564453,32228000,0.0,0.0,0.0
2021-03-24,129.2100067138672,129.9199981689453,129.2100067138672,129.86000061035156,108.43354034423828,13435400,0.0,0.0,0.0
2021-03-25,129.92999267578125,130.02000427246094,129.4499969482422,129.7100067138672,108.308349609375,12945900,0.0,0.0,0.0
2021-03-26,129.4499969482422,129.82000732421875,129.3300018310547,129.6199951171875,108.233154296875,14315000,0.0,0.0,0.0
2021-03-29,129.6699981689453,129.7100067138672,129.11000061035156,129.30999755859375,107.97431182861328,11279900,0.0,0.0,0.0
2021-03-30,129.25999450683594,129.7899932861328,128.97999572753906,129.7100067138672,108.308349609375,20219000,0.0,0.0,0.0
2021-03-31,129.91000366210938,130.3800048828125,129.8300018310547,130.0500030517578,108.59220886230469,23764600,0.0,0.0,0.0
2021-04-01,130.4600067138672,130.64999389648438,130.14999389648438,130.61000061035156,109.27323150634766,16390900,0.254,0.0,0.0
2021-04-05,130.19000244140625,130.3000030517578,129.9199981689453,129.97000122070312,108.73777770996094,17015500,0.0,0.0,0.0
2021-04-06,130.16000366210938,130.8800048828125,130.16000366210938,130.83999633789062,109.46566772460938,15762000,0.0,0.0,0.0
2021-04-07,130.7899932861328,130.9199981689453,130.41000366210938,130.5800018310547,109.24813842773438,10976500,0.0,0.0,0.0
2021-04-08,130.75,131.0800018310547,130.6699981689453,131.05999755859375,109.64970397949219,7452800,0.0,0.0,0.0
2021-04-09,130.63999938964844,131.10000610351562,130.5399932861328,130.7899932861328,109.423828125,7568300,0.0,0.0,0.0
2021-04-12,130.6999969482422,130.77000427246094,130.52000427246094,130.75999450683594,109.39872741699219,10579800,0.0,0.0,0.0
2021-04-13,130.61000061035156,131.35000610351562,130.55999755859375,131.33999633789062,109.88399505615234,9582100,0.0,0.0,0.0
2021-04-14,131.16000366210938,131.2899932861328,130.94000244140625,131.16000366210938,109.73339080810547,10219300,0.0,0.0,0.0
2021-04-15,131.66000366210938,132.32000732421875,131.64999389648438,131.97000122070312,110.41107940673828,17234400,0.0,0.0,0.0
2021-04-16,131.27999877929688,131.67999267578125,131.0500030517578,131.07000732421875,109.6581039428711,21100200,0.0,0.0,0.0
2021-04-19,130.77999877929688,130.89999389648438,130.6300048828125,130.72999572753906,109.37360382080078,10868200,0.0,0.0,0.0
2021-04-20,130.69000244140625,131.19000244140625,130.64999389648438,130.97999572753906,109.5827865600586,11996200,0.0,0.0,0.0
2021-04-21,131.05999755859375,131.42999267578125,130.89999389648438,131.42999267578125,109.95927429199219,10473600,0.0,0.0,0.0
2021-04-22,131.5500030517578,131.6699981689453,131.25999450683594,131.55999755859375,110.06804656982422,16487100,0.0,0.0,0.0
2021-04-23,131.72000122070312,131.88999938964844,131.49000549316406,131.6699981689453,110.1600570678711,15170600,0.0,0.0,0.0
2021-04-26,131.6999969482422,131.8800048828125,131.58999633789062,131.61000061035156,110.10987091064453,10915200,0.0,0.0,0.0
2021-04-27,131.60000610351562,131.63999938964844,131.02000427246094,131.02000427246094,109.61627197265625,10418200,0.0,0.0,0.0
2021-04-28,131.00999450683594,131.11000061035156,130.5800018310547,131.0399932861328,109.6329574584961,15731100,0.0,0.0,0.0
2021-04-29,130.6699981689453,130.92999267578125,130.36000061035156,130.8800048828125,109.49913024902344,11697300,0.0,0.0,0.0
2021-04-30,130.9600067138672,131.24000549316406,130.8699951171875,131.14999389648438,109.72501373291016,11860200,0.0,0.0,0.0
2021-05-03,131.1300048828125,131.42999267578125,130.8699951171875,131.2100067138672,109.98905944824219,9029900,0.255,0.0,0.0
2021-05-04,131.47999572753906,131.61000061035156,131.08999633789062,131.2899932861328,110.05613708496094,14006800,0.0,0.0,0.0
2021-05-05,131.1199951171875,131.5,131.1199951171875,131.4499969482422,110.19026947021484,5722300,0.0,0.0,0.0
2021-05-06,131.5,131.75999450683594,131.3699951171875,131.6999969482422,110.39982604980469,9383600,0.0,0.0,0.0
2021-05-07,132.0800018310547,132.33999633789062,131.52999877929688,131.75,110.44172668457031,11267200,0.0,0.0,0.0
2021-05-10,131.52000427246094,131.77000427246094,131.02999877929688,131.0399932861328,109.84657287597656,9705000,0.0,0.0,0.0
2021-05-11,130.5399932861328,130.7899932861328,130.4199981689453,130.55999755859375,109.44419860839844,12179400,0.0,0.0,0.0
2021-05-12,130.1300048828125,130.30999755859375,129.77999877929688,129.85000610351562,108.8490219116211,12569900,0.0,0.0,0.0
2021-05-13,130.1300048828125,130.5399932861328,130.1300048828125,130.33999633789062,109.25978088378906,9508200,0.0,0.0,0.0
2021-05-14,130.82000732421875,131.0800018310547,130.6699981689453,131.0500030517578,109.85498809814453,8987200,0.0,0.0,0.0
2021-05-17,131.0500030517578,131.05999755859375,130.82000732421875,130.89999389648438,109.72918701171875,6001600,0.0,0.0,0.0
2021-05-18,130.6699981689453,130.72999572753906,130.4499969482422,130.47000122070312,109.3687515258789,8835300,0.0,0.0,0.0
2021-05-19,130.36000061035156,130.67999267578125,129.97999572753906,130.24000549316406,109.17594909667969,20069600,0.0,0.0,0.0
2021-05-20,130.63999938964844,131.1699981689453,130.63999938964844,131.1300048828125,109.9220199584961,10498100,0.0,0.0,0.0
2021-05-21,131.32000732421875,131.4199981689453,131.08999633789062,131.22000122070312,109.99749755859375,7826100,0.0,0.0,0.0
2021-05-24,131.5,131.64999389648438,131.36000061035156,131.5800018310547,110.29926300048828,5756400,0.0,0.0,0.0
2021-05-25,131.67999267578125,132.11000061035156,131.66000366210938,132.07000732421875,110.7099838256836,11428000,0.0,0.0,0.0
2021-05-26,131.8800048828125,132.1300048828125,131.74000549316406,132.0,110.65128326416016,28568500,0.0,0.0,0.0
2021-05-27,131.80999755859375,131.82000732421875,131.02000427246094,131.60000610351562,110.3160400390625,15033000,0.0,0.0,0.0
2021-05-28,131.69000244140625,132.05999755859375,131.66000366210938,131.7100067138672,110.408203125,10432400,0.0,0.0,0.0
2021-06-01,131.44000244140625,131.5,131.11000061035156,131.47000122070312,110.42247772216797,6390600,0.257,0.0,0.0
2021-06-02,131.55999755859375,131.75999450683594,131.5500030517578,131.67999267578125,110.59886932373047,8140400,0.0,0.0,0.0
2021-06-03,131.3000030517578,131.38999938964844,131.1300048828125,131.16000366210938,110.1621322631836,10028100,0.0,0.0,0.0
2021-06-04,131.58999633789062,132.10000610351562,131.5399932861328,132.08999633789062,110.9432373046875,11427200,0.0,0.0,0.0
2021-06-07,131.97000122070312,132.0500030517578,131.86000061035156,131.97999572753906,110.85082244873047,5000100,0.0,0.0,0.0
2021-06-08,132.32000732421875,132.52999877929688,132.32000732421875,132.47999572753906,111.27079010009766,10626800,0.0,0.0,0.0
2021-06-09,132.97999572753906,133.16000366210938,132.77999877929688,132.9600067138672,111.67394256591797,12152200,0.0,0.0,0.0
2021-06-10,132.74000549316406,133.57000732421875,132.63999938964844,133.55999755859375,112.17790222167969,16424100,0.0,0.0,0.0
2021-06-11,133.6699981689453,133.8000030517578,133.42999267578125,133.6699981689453,112.2702865600586,12707000,0.0,0.0,0.0
2021-06-14,133.49000549316406,133.50999450683594,133.0,133.17999267578125,111.85871887207031,8327200,0.0,0.0,0.0
2021-06-15,133.05999755859375,133.32000732421875,132.9600067138672,133.27999877929688,111.94273376464844,17848200,0.0,0.0,0.0
2021-06-16,133.44000244140625,133.7100067138672,132.52999877929688,132.89999389648438,111.62357330322266,22698500,0.0,0.0,0.0
2021-06-17,133.22000122070312,134.25999450683594,133.22000122070312,133.63999938964844,112.24510955810547,22735800,0.0,0.0,0.0
2021-06-18,133.88999938964844,134.57000732421875,133.77000427246094,134.33999633789062,112.83300018310547,21169700,0.0,0.0,0.0
2021-06-21,133.75,133.9199981689453,133.47000122070312,133.55999755859375,112.17790222167969,22492000,0.0,0.0,0.0
2021-06-22,133.1300048828125,133.7899932861328,133.11000061035156,133.77999877929688,112.3626480102539,12098400,0.0,0.0,0.0
2021-06-23,133.58999633789062,133.8000030517578,133.4499969482422,133.57000732421875,112.186279296875,12519100,0.0,0.0,0.0
2021-06-24,133.6999969482422,133.8800048828125,133.63999938964844,133.8300018310547,112.4046859741211,8241300,0.0,0.0,0.0
2021-06-25,133.83999633789062,133.92999267578125,133.13999938964844,133.47999572753906,112.11071014404297,10981600,0.0,0.0,0.0
2021-06-28,133.8000030517578,134.1199951171875,133.75999450683594,134.0500030517578,112.58943939208984,12359900,0.0,0.0,0.0
2021-06-29,133.80999755859375,134.22000122070312,133.77000427246094,134.2100067138672,112.72386169433594,11194400,0.0,0.0,0.0
2021-06-30,134.42999267578125,134.6199951171875,134.27000427246094,134.36000061035156,112.84983825683594,17381500,0.0,0.0,0.0
2021-07-01,134.0500030517578,134.16000366210938,133.74000549316406,133.99000549316406,112.75138092041016,11062700,0.253,0.0,0.0
2021-07-02,134.02999877929688,134.3800048828125,133.9499969482422,134.3699951171875,113.07113647460938,6896200,0.0,0.0,0.0
2021-07-06,134.52999877929688,135.17999267578125,134.52999877929688,134.86000061035156,113.48345184326172,11499900,0.0,0.0,0.0
2021-07-07,135.1300048828125,135.5,134.97999572753906,135.32000732421875,113.87053680419922,16902400,0.0,0.0,0.0
2021-07-08,135.27000427246094,135.60000610351562,135.16000366210938,135.38999938964844,113.92948150634766,17494900,0.0,0.0,0.0
2021-07-09,134.8000030517578,134.8800048828125,134.72000122070312,134.82000732421875,113.44979858398438,13192600,0.0,0.0,0.0
2021-07-12,134.9499969482422,135.00999450683594,134.64999389648438,134.75,113.39093017578125,12577200,0.0,0.0,0.0
2021-07-13,134.89999389648438,134.9600067138672,134.02999877929688,134.25,112.97013854980469,19922400,0.0,0.0,0.0
2021-07-14,134.6300048828125,134.89999389648438,134.6199951171875,134.8699951171875,113.4918441772461,14420100,0.0,0.0,0.0
2021-07-15,135.22000122070312,135.2899932861328,134.77000427246094,135.16000366210938,113.73589324951172,15859100,0.0,0.0,0.0
2021-07-16,134.8000030517578,135.1300048828125,134.8000030517578,134.97000122070312,113.57604217529297,9624600,0.0,0.0,0.0
2021-07-19,135.64999389648438,136.0800018310547,135.58999633789062,135.94000244140625,114.39228057861328,21808500,0.0,0.0,0.0
2021-07-20,136.3699951171875,136.5399932861328,135.57000732421875,135.75,114.232421875,24764800,0.0,0.0,0.0
2021-07-21,135.24000549316406,135.44000244140625,135.02999877929688,135.27000427246094,113.8285140991211,22385000,0.0,0.0,0.0
2021-07-22,135.3800048828125,135.89999389648438,135.27000427246094,135.8300018310547,114.29969787597656,6074900,0.0,0.0,0.0
2021-07-23,135.3000030517578,135.77999877929688,135.25,135.77000427246094,114.24919891357422,11455300,0.0,0.0,0.0
2021-07-26,135.88999938964844,135.88999938964844,135.3800048828125,135.47000122070312,113.99679565429688,8684600,0.0,0.0,0.0
2021-07-27,135.94000244140625,136.0500030517578,135.6699981689453,136.0500030517578,114.4848403930664,10506100,0.0,0.0,0.0
2021-07-28,135.75999450683594,136.3000030517578,135.6300048828125,136.2899932861328,114.68680572509766,12225700,0.0,0.0,0.0
2021-07-29,135.8800048828125,136.00999450683594,135.77000427246094,135.89999389648438,114.35861206054688,15828800,0.0,0.0,0.0
2021-07-30,135.9600067138672,136.17999267578125,135.92999267578125,136.00999450683594,114.45117950439453,11148100,0.0,0.0,0.0
2021-08-02,135.9199981689453,136.50999450683594,135.85000610351562,136.16000366210938,114.78246307373047,12042700,0.243,0.0,0.0
2021-08-03,136.19000244140625,136.39999389648438,136.13999938964844,136.3000030517578,114.90050506591797,13121700,0.0,0.0,0.0
2021-08-04,136.6199951171875,136.77999877929688,135.72000122070312,136.3300018310547,114.92579650878906,14426200,0.0,0.0,0.0
2021-08-05,136.11000061035156,136.13999938964844,135.74000549316406,135.77000427246094,114.45375061035156,13960900,0.0,0.0,0.0
2021-08-06,134.99000549316406,135.16000366210938,134.63999938964844,134.66000366210938,113.51798248291016,8641500,0.0,0.0,0.0
2021-08-09,134.69000244140625,134.80999755859375,134.0800018310547,134.0800018310547,113.0290298461914,14166600,0.0,0.0,0.0
2021-08-10,134.24000549316406,134.25,133.77999877929688,133.77999877929688,112.77613067626953,12103500,0.0,0.0,0.0
2021-08-11,133.77999877929688,134.3300018310547,133.57000732421875,133.99000549316406,112.95319366455078,15902200,0.0,0.0,0.0
2021-08-12,134.0,134.2100067138672,133.8699951171875,134.17999267578125,113.11335754394531,14593200,0.0,0.0,0.0
2021-08-13,134.50999450683594,135.1199951171875,134.39999389648438,135.0800018310547,113.87206268310547,17846600,0.0,0.0,0.0
2021-08-16,135.41000366210938,135.66000366210938,135.1300048828125,135.16000366210938,113.93948364257812,15203000,0.0,0.0,0.0
2021-08-17,134.94000244140625,135.1300048828125,134.82000732421875,134.9199981689453,113.73716735839844,15055900,0.0,0.0,0.0
2021-08-18,134.92999267578125,135.11000061035156,134.60000610351562,134.8300018310547,113.66129302978516,9134600,0.0,0.0,0.0
2021-08-19,135.0399932861328,135.25,134.83999633789062,135.13999938964844,113.922607421875,15681600,0.0,0.0,0.0
2021-08-20,135.2899932861328,135.38999938964844,135.0500030517578,135.22999572753906,113.99846649169922,10782100,0.0,0.0,0.0
2021-08-23,135.3300018310547,135.4600067138672,135.1999969482422,135.3300018310547,114.08280181884766,12064300,0.0,0.0,0.0
2021-08-24,135.1999969482422,135.3000030517578,134.91000366210938,135.02000427246094,113.82147979736328,13782900,0.0,0.0,0.0
2021-08-25,135.02000427246094,135.1300048828125,134.50999450683594,134.6699981689453,113.52642822265625,15533600,0.0,0.0,0.0
2021-08-26,134.8300018310547,134.85000610351562,134.4499969482422,134.6300048828125,113.49269104003906,14673700,0.0,0.0,0.0
2021-08-27,134.77999877929688,135.42999267578125,134.57000732421875,135.3800048828125,114.12496185302734,11670000,0.0,0.0,0.0
2021-08-30,135.25,135.66000366210938,135.22000122070312,135.61000061035156,114.31883239746094,9119900,0.0,0.0,0.0
2021-08-31,135.57000732421875,135.77999877929688,135.1999969482422,135.3000030517578,114.0575180053711,15644700,0.0,0.0,0.0
2021-09-01,135.3300018310547,135.38999938964844,134.8800048828125,135.24000549316406,114.20442962646484,16028100,0.234,0.0,0.0
2021-09-02,135.3699951171875,135.47999572753906,135.1999969482422,135.47999572753906,114.40706634521484,11822200,0.0,0.0,0.0
2021-09-03,134.91000366210938,135.08999633789062,134.82000732421875,134.99000549316406,113.99331665039062,7681300,0.0,0.0,0.0
2021-09-07,134.5,134.5,134.1199951171875,134.35000610351562,113.45288848876953,14271400,0.0,0.0,0.0
2021-09-08,134.5800018310547,134.8800048828125,134.39999389648438,134.77999877929688,113.81597900390625,16045000,0.0,0.0,0.0
2021-09-09,134.9600067138672,135.72999572753906,134.83999633789062,135.66000366210938,114.55915069580078,18014200,0.0,0.0,0.0
2021-09-10,135.52000427246094,135.60000610351562,135.08999633789062,135.27000427246094,114.22979736328125,10776600,0.0,0.0,0.0
2021-09-13,135.57000732421875,135.77999877929688,135.5399932861328,135.60000610351562,114.50843811035156,13159800,0.0,0.0,0.0
2021-09-14,135.77000427246094,136.25999450683594,135.67999267578125,136.00999450683594,114.85467529296875,16550300,0.0,0.0,0.0
2021-09-15,135.9600067138672,136.0,135.63999938964844,135.85000610351562,114.71956634521484,14194400,0.0,0.0,0.0
2021-09-16,135.4499969482422,135.74000549316406,135.3699951171875,135.66000366210938,114.55915069580078,16282400,0.0,0.0,0.0
2021-09-17,135.2899932861328,135.39999389648438,135.10000610351562,135.36000061035156,114.3057861328125,15769600,0.0,0.0,0.0
2021-09-20,135.3800048828125,135.8300018310547,135.3800048828125,135.77999877929688,114.66045379638672,17519900,0.0,0.0,0.0
2021-09-21,135.8000030517578,135.88999938964844,135.6699981689453,135.77000427246094,114.65204620361328,15834600,0.0,0.0,0.0
2021-09-22,135.77999877929688,136.2100067138672,135.6300048828125,136.14999389648438,114.97291564941406,15898200,0.0,0.0,0.0
2021-09-23,135.7100067138672,135.7100067138672,135.0,135.2100067138672,114.17912292480469,14735500,0.0,0.0,0.0
2021-09-24,135.05999755859375,135.14999389648438,134.77999877929688,134.9199981689453,113.93421173095703,10797300,0.0,0.0,0.0
2021-09-27,134.6300048828125,134.9600067138672,134.5399932861328,134.85000610351562,113.87510681152344,13104100,0.0,0.0,0.0
2021-09-28,134.0500030517578,134.0500030517578,133.38999938964844,133.41000366210938,112.65908813476562,19987200,0.0,0.0,0.0
2021-09-29,133.77999877929688,134.07000732421875,133.25,133.3800048828125,112.63372039794922,14956300,0.0,0.0,0.0
2021-09-30,133.30999755859375,133.3800048828125,132.97000122070312,133.02999877929688,112.33819580078125,21397100,0.0,0.0,0.0
2021-10-01,133.22999572753906,133.94000244140625,133.17999267578125,133.74000549316406,113.15467834472656,21381400,0.255,0.0,0.0
2021-10-04,133.42999267578125,133.6699981689453,133.25,133.52000427246094,112.96852111816406,12931100,0.0,0.0,0.0
2021-10-05,133.39999389648438,133.50999450683594,132.97000122070312,132.97000122070312,112.503173828125,14635200,0.0,0.0,0.0
2021-10-06,133.0,133.1300048828125,132.77999877929688,133.00999450683594,112.5370101928711,13855500,0.0,0.0,0.0
2021-10-07,132.72000122070312,132.82000732421875,132.3800048828125,132.4199981689453,112.0378189086914,15805500,0.0,0.0,0.0
2021-10-08,132.27999877929688,132.30999755859375,131.7100067138672,131.80999755859375,111.52172088623047,9079400,0.0,0.0,0.0
2021-10-11,131.5800018310547,131.83999633789062,131.5399932861328,131.55999755859375,111.3102035522461,4337000,0.0,0.0,0.0
2021-10-12,132.08999633789062,132.4499969482422,131.83999633789062,132.39999389648438,112.02091217041016,19870400,0.0,0.0,0.0
2021-10-13,132.61000061035156,133.11000061035156,132.55999755859375,133.07000732421875,112.58782196044922,18260300,0.0,0.0,0.0
2021-10-14,133.30999755859375,133.6999969482422,133.22000122070312,133.6999969482422,113.12081146240234,15870000,0.0,0.0,0.0
2021-10-15,133.2100067138672,133.27999877929688,133.0,133.22000122070312,112.7146987915039,13131700,0.0,0.0,0.0
2021-10-18,133.0,133.2899932861328,132.7100067138672,133.11000061035156,112.62159729003906,11530300,0.0,0.0,0.0
2021-10-19,132.77999877929688,132.8300018310547,132.3800048828125,132.3800048828125,112.0040054321289,12213200,0.0,0.0,0.0
2021-10-20,132.30999755859375,132.50999450683594,132.02999877929688,132.05999755859375,111.7332534790039,13810200,0.0,0.0,0.0
2021-10-21,132.0,132.05999755859375,131.66000366210938,131.77999877929688,111.4963607788086,13131000,0.0,0.0,0.0
2021-10-22,132.08999633789062,132.44000244140625,131.97999572753906,132.30999755859375,111.94476318359375,13735100,0.0,0.0,0.0
2021-10-25,132.3000030517578,132.63999938964844,132.25999450683594,132.3699951171875,111.99554443359375,8206800,0.0,0.0,0.0
2021-10-26,132.72000122070312,132.9600067138672,132.39999389648438,132.94000244140625,112.47776794433594,10100600,0.0,0.0,0.0
2021-10-27,133.52999877929688,134.05999755859375,133.24000549316406,133.75,113.16312408447266,15928300,0.0,0.0,0.0
2021-10-28,133.7100067138672,133.8800048828125,133.2899932861328,133.5500030517578,112.99388885498047,18514400,0.0,0.0,0.0
2021-10-29,133.00999450683594,133.72000122070312,132.9499969482422,133.47999572753906,112.9346923828125,17367800,0.0,0.0,0.0
2021-11-01,132.61000061035156,133.07000732421875,132.61000061035156,132.97999572753906,112.73289489746094,11894200,0.262,0.0,0.0
2021-11-02,132.97999572753906,133.57000732421875,132.97999572753906,133.49000549316406,113.1652603149414,18047600,0.0,0.0,0.0
2021-11-03,133.6300048828125,133.74000549316406,132.91000366210938,133.14999389648438,112.87702178955078,11847700,0.0,0.0,0.0
2021-11-04,133.3000030517578,134.02999877929688,133.3000030517578,133.85000610351562,113.4704818725586,20135500,0.0,0.0,0.0
2021-11-05,134.33999633789062,135.0,134.22000122070312,134.8300018310547,114.3012466430664,15840400,0.0,0.0,0.0
2021-11-08,134.69000244140625,134.7100067138672,134.33999633789062,134.52000427246094,114.0384521484375,8494200,0.0,0.0,0.0
2021-11-09,135.2100067138672,135.30999755859375,134.86000061035156,134.8800048828125,114.34365844726562,18075300,0.0,0.0,0.0
2021-11-10,134.6699981689453,134.69000244140625,133.25,133.5,113.17375183105469,23397300,0.0,0.0,0.0
2021-11-11,133.5399932861328,133.67999267578125,133.0500030517578,133.1199951171875,112.85157775878906,6168900,0.0,0.0,0.0
2021-11-12,133.3000030517578,133.4199981689453,132.7899932861328,132.97999572753906,112.73289489746094,11897100,0.0,0.0,0.0
2021-11-15,132.85000610351562,132.89999389648438,131.9600067138672,131.97000122070312,111.87669372558594,12353400,0.0,0.0,0.0
2021-11-16,131.88999938964844,132.35000610351562,131.67999267578125,131.75,111.69019317626953,18709500,0.0,0.0,0.0
2021-11-17,131.60000610351562,132.32000732421875,131.49000549316406,132.27999877929688,112.13948822021484,14541100,0.0,0.0,0.0
2021-11-18,132.19000244140625,132.69000244140625,132.19000244140625,132.5800018310547,112.39384460449219,14086100,0.0,0.0,0.0
2021-11-19,132.89999389648438,133.2100067138672,132.88999938964844,133.0800018310547,112.81769561767578,17682900,0.0,0.0,0.0
2021-11-22,132.5500030517578,132.75999450683594,131.8699951171875,131.9199981689453,111.83433532714844,13745400,0.0,0.0,0.0
2021-11-23,131.61000061035156,131.6999969482422,130.97999572753906,130.97999572753906,111.03740692138672,10986900,0.0,0.0,0.0
2021-11-24,130.9600067138672,131.6300048828125,130.80999755859375,131.61000061035156,111.57149505615234,14019900,0.0,0.0,0.0
2021-11-26,132.02000427246094,132.74000549316406,131.80999755859375,132.67999267578125,112.47859954833984,14399300,0.0,0.0,0.0
2021-11-29,132.13999938964844,132.8699951171875,132.0500030517578,132.77000427246094,112.55489349365234,21231700,0.0,0.0,0.0
2021-11-30,133.22999572753906,133.72999572753906,132.77000427246094,133.05999755859375,112.80074310302734,28873400,0.0,0.0,0.0
2021-12-01,132.77000427246094,132.9600067138672,132.35000610351562,132.83999633789062,112.81687927246094,18070800,0.239,0.0,0.0
2021-12-02,132.8699951171875,133.22999572753906,132.60000610351562,133.14999389648438,113.08013153076172,17305900,0.0,0.0,0.0
2021-12-03,133.1199951171875,134.55999755859375,133.07000732421875,134.25999450683594,114.0228042602539,25739900,0.0,0.0,0.0
2021-12-06,134.2100067138672,134.24000549316406,133.50999450683594,133.5800018310547,113.44535064697266,25332000,0.0,0.0,0.0
2021-12-07,133.63999938964844,134.07000732421875,133.47999572753906,133.63999938964844,113.49628448486328,17338200,0.0,0.0,0.0
2021-12-08,133.3000030517578,133.36000061035156,132.5399932861328,132.75,112.74044799804688,17408000,0.0,0.0,0.0
2021-12-09,132.94000244140625,133.16000366210938,132.58999633789062,132.63999938964844,112.6469955444336,12348300,0.0,0.0,0.0
2021-12-10,133.2899932861328,133.3300018310547,132.72999572753906,132.7899932861328,112.7743911743164,12792300,0.0,0.0,0.0
2021-12-13,133.32000732421875,133.6999969482422,133.27999877929688,133.38999938964844,113.28398132324219,10264200,0.0,0.0,0.0
2021-12-14,133.02999877929688,133.1699981689453,132.61000061035156,132.7899932861328,112.7743911743164,17725400,0.0,0.0,0.0
2021-12-15,132.3699951171875,133.02999877929688,132.32000732421875,132.9600067138672,112.91879272460938,20585100,0.0,0.0,0.0
2021-12-16,132.77999877929688,133.10000610351562,132.52000427246094,132.6999969482422,112.91536712646484,9750200,0.256,0.0,0.0
2021-12-17,132.85000610351562,133.13999938964844,132.85000610351562,133.00999450683594,113.17915344238281,8753100,0.0,0.0,0.0
2021-12-20,132.77000427246094,132.91000366210938,132.35000610351562,132.42999267578125,112.6856460571289,12931400,0.0,0.0,0.0
2021-12-21,131.47999572753906,132.6999969482422,131.47999572753906,132.69000244140625,112.90684509277344,12933300,0.0,0.0,0.0
2021-12-22,132.8699951171875,132.91000366210938,132.55999755859375,132.89999389648438,113.0855712890625,7850800,0.0,0.0,0.0
2021-12-23,132.77000427246094,132.82000732421875,132.4199981689453,132.6999969482422,112.91536712646484,8401200,0.0,0.0,0.0
2021-12-27,132.74000549316406,133.1999969482422,132.67999267578125,133.08999633789062,113.24722290039062,8744200,0.0,0.0,0.0
2021-12-28,133.36000061035156,133.41000366210938,132.75,132.9199981689453,113.10259246826172,6864300,0.0,0.0,0.0
2021-12-29,132.3800048828125,132.50999450683594,132.0,132.19000244140625,112.4814224243164,7263000,0.0,0.0,0.0
2021-12-30,132.3800048828125,132.75,132.10000610351562,132.72000122070312,112.93245697021484,5566900,0.0,0.0,0.0
2021-12-31,132.72999572753906,133.02999877929688,132.4499969482422,132.52000427246094,112.7622299194336,8514500,0.0,0.0,0.0
2022-01-03,131.77999877929688,131.7899932861328,131.11000061035156,131.11000061035156,111.56246185302734,18199400,0.0,0.0,0.0
2022-01-04,130.94000244140625,131.24000549316406,130.69000244140625,131.22000122070312,111.65606689453125,18748000,0.0,0.0,0.0
2022-01-05,131.47999572753906,131.47999572753906,130.4199981689453,130.4499969482422,111.0008316040039,16107500,0.0,0.0,0.0
2022-01-06,130.17999267578125,130.47999572753906,130.0,130.27999877929688,110.8561782836914,19336300,0.0,0.0,0.0
2022-01-07,130.11000061035156,130.1999969482422,129.47000122070312,129.72000122070312,110.37969207763672,17750800,0.0,0.0,0.0
2022-01-10,129.39999389648438,129.67999267578125,129.02999877929688,129.60000610351562,110.27758026123047,14253400,0.0,0.0,0.0
2022-01-11,129.61000061035156,130.07000732421875,129.47999572753906,129.99000549316406,110.60942077636719,17231000,0.0,0.0,0.0
2022-01-12,130.22999572753906,130.3800048828125,129.88999938964844,129.89999389648438,110.53279876708984,12733100,0.0,0.0,0.0
2022-01-13,130.11000061035156,130.32000732421875,129.69000244140625,130.30999755859375,110.88172149658203,13468500,0.0,0.0,0.0
2022-01-14,129.7100067138672,129.72999572753906,129.10000610351562,129.16000366210938,109.90316772460938,14308300,0.0,0.0,0.0
2022-01-18,128.4199981689453,128.49000549316406,127.87000274658203,127.93000030517578,108.85657501220703,15266600,0.0,0.0,0.0
2022-01-19,128.27000427246094,128.69000244140625,128.10000610351562,128.1300048828125,109.02674102783203,16057900,0.0,0.0,0.0
2022-01-20,128.2899932861328,128.5,127.93000030517578,128.05999755859375,108.9671859741211,22915800,0.0,0.0,0.0
2022-01-21,128.67999267578125,129.11000061035156,128.6199951171875,128.89999389648438,109.68192291259766,21504700,0.0,0.0,0.0
2022-01-24,128.94000244140625,129.0,128.41000366210938,128.5,109.34156799316406,22567100,0.0,0.0,0.0
2022-01-25,128.47999572753906,128.7899932861328,128.08999633789062,128.13999938964844,109.03526306152344,17247300,0.0,0.0,0.0
2022-01-26,128.47999572753906,128.6199951171875,127.1500015258789,127.2699966430664,108.29493713378906,23220800,0.0,0.0,0.0
2022-01-27,127.70999908447266,128.05999755859375,127.31999969482422,127.55999755859375,108.5417251586914,22292800,0.0,0.0,0.0
2022-01-28,126.86000061035156,127.75,126.8499984741211,127.69999694824219,108.66084289550781,21294200,0.0,0.0,0.0
2022-01-31,127.54000091552734,127.87999725341797,127.26000213623047,127.76000213623047,108.71190643310547,20325100,0.0,0.0,0.0
2022-02-01,127.58999633789062,127.81999969482422,127.05000305175781,127.7300033569336,108.89265441894531,17587300,0.242,0.0,0.0
2022-02-02,127.94000244140625,128.3000030517578,127.61000061035156,127.73999786376953,108.90113067626953,22644800,0.0,0.0,0.0
2022-02-03,126.81999969482422,126.93000030517578,126.45999908447266,126.70999908447266,108.02307891845703,23396800,0.0,0.0,0.0
2022-02-04,125.68000030517578,125.80000305175781,125.11000061035156,125.44999694824219,106.94889068603516,26115800,0.0,0.0,0.0
2022-02-07,125.33000183105469,125.80999755859375,125.19999694824219,125.68000030517578,107.14497375488281,12756600,0.0,0.0,0.0
2022-02-08,125.54000091552734,125.68000030517578,125.20999908447266,125.20999908447266,106.74429321289062,22126100,0.0,0.0,0.0
2022-02-09,125.72000122070312,126.08000183105469,125.5999984741211,125.62999725341797,107.10232543945312,19616400,0.0,0.0,0.0
2022-02-10,124.95999908447266,125.19000244140625,123.9000015258789,123.91999816894531,105.64454650878906,39583900,0.0,0.0,0.0
2022-02-11,124.19000244140625,124.95999908447266,123.69999694824219,124.83999633789062,106.42884063720703,21553500,0.0,0.0,0.0
2022-02-14,124.1500015258789,124.30000305175781,123.66000366210938,123.7300033569336,105.48252868652344,22793600,0.0,0.0,0.0
2022-02-15,123.58999633789062,123.8499984741211,123.11000061035156,123.11000061035156,104.95397186279297,15673700,0.0,0.0,0.0
2022-02-16,123.47000122070312,123.48999786376953,122.62000274658203,123.29000091552734,105.10741424560547,27148800,0.0,0.0,0.0
2022-02-17,123.44000244140625,123.7699966430664,123.08999633789062,123.37999725341797,105.18415069580078,24384600,0.0,0.0,0.0
2022-02-18,123.76000213623047,124.13999938964844,123.26000213623047,123.68000030517578,105.43991088867188,19233800,0.0,0.0,0.0
2022-02-22,123.25,123.52999877929688,123.12000274658203,123.5199966430664,105.30351257324219,18011000,0.0,0.0,0.0
2022-02-23,123.2300033569336,123.3499984741211,122.37000274658203,122.4000015258789,104.34870910644531,16579900,0.0,0.0,0.0
2022-02-24,122.47000122070312,123.08000183105469,122.22000122070312,122.9800033569336,104.84317016601562,29245000,0.0,0.0,0.0
2022-02-25,123.31999969482422,124.08000183105469,123.0199966430664,123.4800033569336,105.26941680908203,19073700,0.0,0.0,0.0
2022-02-28,123.94000244140625,125.0,123.94000244140625,124.80000305175781,106.3947525024414,23474500,0.0,0.0,0.0
2022-03-01,124.83999633789062,125.83999633789062,124.80000305175781,124.97000122070312,106.75868225097656,28504600,0.256,0.0,0.0
2022-03-02,124.12999725341797,124.30000305175781,123.04000091552734,123.06999969482422,105.13554382324219,24849900,0.0,0.0,0.0
2022-03-03,123.52999877929688,123.86000061035156,123.23999786376953,123.5199966430664,105.51997375488281,14144600,0.0,0.0,0.0
2022-03-04,124.33000183105469,124.44999694824219,123.56999969482422,123.63999938964844,105.62248992919922,17402800,0.0,0.0,0.0
2022-03-07,122.88999938964844,123.29000091552734,122.0,122.13999938964844,104.34107208251953,16164900,0.0,0.0,0.0
2022-03-08,121.31999969482422,121.83000183105469,120.80999755859375,121.41000366210938,103.71746063232422,20045200,0.0,0.0,0.0
2022-03-09,121.55999755859375,122.0,121.41999816894531,121.62000274658203,103.8968505859375,27652200,0.0,0.0,0.0
2022-03-10,120.87999725341797,120.93000030517578,119.79000091552734,120.2300033569336,102.70941162109375,34185900,0.0,0.0,0.0
2022-03-11,120.30000305175781,120.41999816894531,120.06999969482422,120.18000030517578,102.66671752929688,20701300,0.0,0.0,0.0
2022-03-14,119.11000061035156,119.56999969482422,118.4000015258789,118.44000244140625,101.18025207519531,18624900,0.0,0.0,0.0
2022-03-15,119.01000213623047,119.47000122070312,118.81999969482422,119.37000274658203,101.97476196289062,24022000,0.0,0.0,0.0
2022-03-16,119.9000015258789,120.44999694824219,118.66999816894531,120.38999938964844,102.84608459472656,32561800,0.0,0.0,0.0
2022-03-17,121.01000213623047,121.87999725341797,120.83000183105469,121.56999969482422,103.85416412353516,23878300,0.0,0.0,0.0
2022-03-18,121.1500015258789,121.98999786376953,121.1500015258789,121.80999755859375,104.05916595458984,21675100,0.0,0.0,0.0
2022-03-21,120.88999938964844,121.16000366210938,119.95999908447266,120.12000274658203,102.6154556274414,17919300,0.0,0.0,0.0
2022-03-22,119.73999786376953,119.98999786376953,119.58999633789062,119.83000183105469,102.36770629882812,16780900,0.0,0.0,0.0
2022-03-23,120.05000305175781,120.33000183105469,119.6500015258789,120.16999816894531,102.65815734863281,16949300,0.0,0.0,0.0
2022-03-24,119.4000015258789,120.4000015258789,118.83999633789062,120.22000122070312,102.70085144042969,20466500,0.0,0.0,0.0
2022-03-25,119.77999877929688,119.80999755859375,118.83999633789062,119.2699966430664,101.8893051147461,23247400,0.0,0.0,0.0
2022-03-28,119.4800033569336,120.12000274658203,119.33000183105469,119.93000030517578,102.45313262939453,18691100,0.0,0.0,0.0
2022-03-29,120.55000305175781,121.01000213623047,120.29000091552734,120.94000244140625,103.31594848632812,23812400,0.0,0.0,0.0
2022-03-30,120.48999786376953,121.3499984741211,120.43000030517578,121.22000122070312,103.55513763427734,17696700,0.0,0.0,0.0
2022-03-31,121.2699966430664,121.55999755859375,120.72000122070312,120.94000244140625,103.31594848632812,19905200,0.0,0.0,0.0
2022-04-01,120.05999755859375,121.4000015258789,119.94999694824219,121.08999633789062,103.66265869140625,16506800,0.255,0.0,0.0
2022-04-04,121.16999816894531,121.55000305175781,120.77999877929688,121.51000213623047,104.02220153808594,19647900,0.0,0.0,0.0
2022-04-05,121.13999938964844,121.19000244140625,119.36000061035156,119.37999725341797,102.19874572753906,22750400,0.0,0.0,0.0
2022-04-06,118.11000061035156,119.23999786376953,117.80000305175781,118.68000030517578,101.5995101928711,25447400,0.0,0.0,0.0
2022-04-07,118.52999877929688,118.62000274658203,117.91000366210938,118.12999725341797,101.1286392211914,21292700,0.0,0.0,0.0
2022-04-08,117.25,117.55999755859375,116.8499984741211,117.19999694824219,100.33248901367188,16072800,0.0,0.0,0.0
2022-04-11,116.5,116.58999633789062,115.77999877929688,116.05999755859375,99.35655212402344,20685500,0.0,0.0,0.0
2022-04-12,116.83999633789062,117.16999816894531,116.12999725341797,116.13999938964844,99.42505645751953,25029100,0.0,0.0,0.0
2022-04-13,116.1500015258789,116.80999755859375,116.0999984741211,116.73999786376953,99.9386978149414,21276200,0.0,0.0,0.0
2022-04-14,116.66999816894531,116.69999694824219,115.2699966430664,115.37999725341797,98.7744369506836,19717700,0.0,0.0,0.0
2022-04-18,115.13999938964844,115.33000183105469,114.38999938964844,114.5,98.0210952758789,16576000,0.0,0.0,0.0
2022-04-19,113.93000030517578,114.16999816894531,113.5199966430664,113.58999633789062,97.24205780029297,19775400,0.0,0.0,0.0
2022-04-20,114.33000183105469,115.08999633789062,114.30999755859375,114.7699966430664,98.25222778320312,21119400,0.0,0.0,0.0
2022-04-21,114.5,114.58000183105469,113.22000122070312,113.55000305175781,97.20780181884766,25288700,0.0,0.0,0.0
2022-04-22,113.11000061035156,113.70999908447266,112.80999755859375,113.41999816894531,97.09651947021484,19927300,0.0,0.0,0.0
2022-04-25,114.02999877929688,114.86000061035156,114.0199966430664,114.68000030517578,98.1751937866211,22261500,0.0,0.0,0.0
2022-04-26,115.23999786376953,115.2699966430664,114.4800033569336,114.62000274658203,98.1238021850586,22695300,0.0,0.0,0.0
2022-04-27,114.4000015258789,114.80999755859375,113.47000122070312,113.5199966430664,97.18212127685547,19426200,0.0,0.0,0.0
2022-04-28,113.2699966430664,113.87000274658203,113.0199966430664,113.86000061035156,97.47319793701172,19645500,0.0,0.0,0.0
2022-04-29,112.91000366210938,113.5199966430664,112.37999725341797,112.5999984741211,96.3945541381836,20257300,0.0,0.0,0.0
2022-05-02,111.69000244140625,111.91999816894531,111.30000305175781,111.68000030517578,95.82308959960938,17184100,0.254,0.0,0.0
2022-05-03,112.77999877929688,113.33999633789062,112.29000091552734,112.4000015258789,96.44085693359375,20914600,0.0,0.0,0.0
2022-05-04,112.38999938964844,113.86000061035156,111.77999877929688,113.5,97.38468170166016,34240700,0.0,0.0,0.0
2022-05-05,112.44000244140625,112.48999786376953,110.88999938964844,111.76000213623047,95.89177703857422,34356900,0.0,0.0,0.0
2022-05-06,110.8499984741211,111.5199966430664,110.66000366210938,110.80999755859375,95.07662200927734,15550400,0.0,0.0,0.0
2022-05-09,110.41999816894531,111.31999969482422,110.19000244140625,111.19999694824219,95.41126251220703,17185900,0.0,0.0,0.0
2022-05-10,112.08000183105469,112.36000061035156,111.56999969482422,111.66999816894531,95.81452941894531,25650800,0.0,0.0,0.0
2022-05-11,111.19999694824219,112.45999908447266,111.04000091552734,112.19000244140625,96.26069641113281,25053500,0.0,0.0,0.0
2022-05-12,112.45999908447266,112.87999725341797,112.16000366210938,112.23999786376953,96.30360412597656,22156400,0.0,0.0,0.0
2022-05-13,112.06999969482422,112.16000366210938,111.41999816894531,111.6500015258789,95.79735565185547,16107900,0.0,0.0,0.0
2022-05-16,111.8499984741211,112.30999755859375,111.73999786376953,111.80000305175781,95.9260482788086,11980500,0.0,0.0,0.0
2022-05-17,111.16999816894531,111.4000015258789,110.94999694824219,111.16000366210938,95.37689971923828,16562600,0.0,0.0,0.0
2022-05-18,110.88999938964844,111.62000274658203,110.88999938964844,111.56999969482422,95.72872924804688,16146400,0.0,0.0,0.0
2022-05-19,112.2699966430664,112.62000274658203,111.70999908447266,111.87000274658203,95.98609924316406,21212500,0.0,0.0,0.0
2022-05-20,112.18000030517578,112.45999908447266,111.9800033569336,112.41999816894531,96.4580078125,13906700,0.0,0.0,0.0
2022-05-23,112.06999969482422,112.51000213623047,111.77999877929688,112.0199966430664,96.11483001708984,14892400,0.0,0.0,0.0
2022-05-24,112.48999786376953,113.61000061035156,112.41000366210938,113.48999786376953,97.37612915039062,17210400,0.0,0.0,0.0
2022-05-25,114.0199966430664,114.68000030517578,113.91999816894531,114.66000366210938,98.3800048828125,25637000,0.0,0.0,0.0
2022-05-26,114.83000183105469,115.2699966430664,114.43000030517578,114.69000244140625,98.40573120117188,34022300,0.0,0.0,0.0
2022-05-27,115.16999816894531,115.66000366210938,114.87000274658203,115.29000091552734,98.9205551147461,9246100,0.0,0.0,0.0
2022-05-31,114.26000213623047,114.66000366210938,113.70999908447266,114.44000244140625,98.19123077392578,20336900,0.0,0.0,0.0
2022-06-01,114.66000366210938,114.9000015258789,113.08999633789062,113.5,97.61839294433594,22403900,0.274,0.0,0.0
2022-06-02,113.66000366210938,113.79000091552734,112.88999938964844,113.55000305175781,97.66141510009766,14823300,0.0,0.0,0.0
2022-06-03,112.73999786376953,113.19999694824219,112.73999786376953,113.19000244140625,97.35179901123047,11440900,0.0,0.0,0.0
2022-06-06,113.11000061035156,113.19000244140625,112.30999755859375,112.38999938964844,96.6637191772461,12213900,0.0,0.0,0.0
2022-06-07,112.69000244140625,113.29000091552734,112.61000061035156,112.98999786376953,97.17977142333984,11291400,0.0,0.0,0.0
2022-06-08,112.76000213623047,113.08999633789062,112.33000183105469,112.33999633789062,96.6207504272461,13730800,0.0,0.0,0.0
2022-06-09,112.05999755859375,112.33999633789062,111.54000091552734,111.5999984741211,95.98428344726562,24846700,0.0,0.0,0.0
2022-06-10,111.01000213623047,111.13999938964844,109.86000061035156,110.5199966430664,95.05538177490234,36297900,0.0,0.0,0.0
2022-06-13,108.37000274658203,108.8499984741211,107.0999984741211,107.97000122070312,92.86219024658203,34771900,0.0,0.0,0.0
2022-06-14,108.45999908447266,108.81999969482422,107.16000366210938,107.41000366210938,92.38056182861328,27320800,0.0,0.0,0.0
2022-06-15,108.66000366210938,109.19000244140625,107.73999786376953,109.08999633789062,93.82549285888672,31581500,0.0,0.0,0.0
2022-06-16,107.58999633789062,109.4800033569336,107.29000091552734,109.20999908447266,93.92865753173828,30588300,0.0,0.0,0.0
2022-06-17,109.5199966430664,109.70999908447266,108.7699966430664,109.43000030517578,94.1178970336914,17319600,0.0,0.0,0.0
2022-06-21,108.94000244140625,109.41999816894531,108.20999908447266,108.33000183105469,93.17186737060547,17031500,0.0,0.0,0.0
2022-06-22,109.45999908447266,109.66999816894531,109.05999755859375,109.12000274658203,93.85128021240234,18943300,0.0,0.0,0.0
2022-06-23,109.63999938964844,110.81999969482422,109.58999633789062,109.95999908447266,94.57376098632812,30742100,0.0,0.0,0.0
2022-06-24,109.87999725341797,110.66999816894531,109.8499984741211,110.08999633789062,94.6855697631836,18668900,0.0,0.0,0.0
2022-06-27,109.4800033569336,109.70999908447266,109.0199966430664,109.08000183105469,93.81686401367188,20847000,0.0,0.0,0.0
2022-06-28,108.9000015258789,109.11000061035156,108.5199966430664,109.05000305175781,93.79106903076172,18998400,0.0,0.0,0.0
2022-06-29,109.0999984741211,109.70999908447266,109.0199966430664,109.69999694824219,94.35013580322266,10747100,0.0,0.0,0.0
2022-06-30,109.7699966430664,110.9000015258789,109.7699966430664,110.02999877929688,94.63394927978516,16570800,0.0,0.0,0.0
2022-07-01,110.66000366210938,111.45999908447266,110.47000122070312,111.12000274658203,95.83009338378906,20179400,0.297,0.0,0.0
2022-07-05,111.19999694824219,111.30000305175781,110.83999633789062,111.08999633789062,95.80422973632812,16728000,0.0,0.0,0.0
2022-07-06,111.41000366210938,111.58000183105469,110.43000030517578,110.54000091552734,95.32990264892578,17291300,0.0,0.0,0.0
2022-07-07,110.95999908447266,111.13999938964844,110.33000183105469,110.52999877929688,95.3212890625,15165800,0.0,0.0,0.0
2022-07-08,110.12000274658203,110.41000366210938,109.94999694824219,110.3499984741211,95.1660385131836,14384500,0.0,0.0,0.0
2022-07-11,110.81999969482422,111.16000366210938,110.5,110.66000366210938,95.43340301513672,9456900,0.0,0.0,0.0
2022-07-12,111.11000061035156,111.58000183105469,110.77999877929688,110.81999969482422,95.57138061523438,18053600,0.0,0.0,0.0
2022-07-13,109.72000122070312,111.77999877929688,109.70999908447266,111.6500015258789,96.28717041015625,25657200,0.0,0.0,0.0
2022-07-14,110.44000244140625,111.22000122070312,110.08999633789062,110.94000244140625,95.67487335205078,22978600,0.0,0.0,0.0
2022-07-15,110.86000061035156,112.05000305175781,110.86000061035156,111.83000183105469,96.44242095947266,15192500,0.0,0.0,0.0
2022-07-18,111.66000366210938,111.66999816894531,110.97000122070312,111.05000305175781,95.76976013183594,15665500,0.0,0.0,0.0
2022-07-19,111.20999908447266,111.47000122070312,110.81999969482422,111.36000061035156,96.03707885742188,15414500,0.0,0.0,0.0
2022-07-20,111.8499984741211,111.94000244140625,111.16000366210938,111.23999786376953,95.93360137939453,9888100,0.0,0.0,0.0
2022-07-21,111.51000213623047,112.7699966430664,111.51000213623047,112.76000213623047,97.24446105957031,25141900,0.0,0.0,0.0
2022-07-22,113.70999908447266,114.23999786376953,113.13999938964844,113.62999725341797,97.9947280883789,16062400,0.0,0.0,0.0
2022-07-25,112.83999633789062,113.01000213623047,112.4000015258789,112.66999816894531,97.16681671142578,25656700,0.0,0.0,0.0
2022-07-26,113.01000213623047,113.12000274658203,112.5999984741211,112.6500015258789,97.14958953857422,18514600,0.0,0.0,0.0
2022-07-27,113.16000366210938,114.05000305175781,113.12999725341797,113.4000015258789,97.79640197753906,16995200,0.0,0.0,0.0
2022-07-28,114.2300033569336,114.51000213623047,113.98999786376953,114.33999633789062,98.60704040527344,17266700,0.0,0.0,0.0
2022-07-29,114.27999877929688,115.08000183105469,114.13999938964844,114.61000061035156,98.83988952636719,14914000,0.0,0.0,0.0
2022-08-01,114.37999725341797,114.91000366210938,114.26000213623047,114.55999755859375,99.0352783203125,18348900,0.276,0.0,0.0
2022-08-02,114.52999877929688,114.68000030517578,113.06999969482422,113.16000366210938,97.82498168945312,22706500,0.0,0.0,0.0
2022-08-03,113.2300033569336,114.41999816894531,112.87000274658203,114.38999938964844,98.88829040527344,19416500,0.0,0.0,0.0
2022-08-04,114.26000213623047,114.62999725341797,113.91000366210938,114.56999969482422,99.04393768310547,22451000,0.0,0.0,0.0
2022-08-05,112.94999694824219,113.0999984741211,112.30999755859375,113.0199966430664,97.70394897460938,15893400,0.0,0.0,0.0
2022-08-08,113.58000183105469,113.94000244140625,113.41000366210938,113.47000122070312,98.09298706054688,11889800,0.0,0.0,0.0
2022-08-09,113.0199966430664,113.20999908447266,112.83000183105469,112.95999908447266,97.6521224975586,17809000,0.0,0.0,0.0
2022-08-10,113.55999755859375,114.30999755859375,113.54000091552734,114.02999877929688,98.5770492553711,25548100,0.0,0.0,0.0
2022-08-11,114.47000122070312,114.9800033569336,112.87999725341797,112.93000030517578,97.62615966796875,24970100,0.0,0.0,0.0
2022-08-12,113.54000091552734,114.26000213623047,113.2699966430664,114.23999786376953,98.75860595703125,16542900,0.0,0.0,0.0
2022-08-15,114.44000244140625,114.61000061035156,114.13999938964844,114.16000366210938,98.68948364257812,10750200,0.0,0.0,0.0
2022-08-16,113.80999755859375,113.87000274658203,113.12999725341797,113.72000122070312,98.30908966064453,15328900,0.0,0.0,0.0
2022-08-17,112.95999908447266,113.18000030517578,112.4000015258789,112.6500015258789,97.38410949707031,20836800,0.0,0.0,0.0
2022-08-18,113.01000213623047,113.31999969482422,112.87999725341797,112.94000244140625,97.63478088378906,13914300,0.0,0.0,0.0
2022-08-19,111.94000244140625,111.94000244140625,111.3499984741211,111.5999984741211,96.47637939453125,17996700,0.0,0.0,0.0
2022-08-22,111.29000091552734,111.30000305175781,110.7300033569336,110.8499984741211,95.82801055908203,10208500,0.0,0.0,0.0
2022-08-23,110.72000122070312,111.48999786376953,110.61000061035156,110.97000122070312,95.93177032470703,14517700,0.0,0.0,0.0
2022-08-24,110.7300033569336,110.80000305175781,110.43000030517578,110.63999938964844,95.646484375,14441000,0.0,0.0,0.0
2022-08-25,111.2300033569336,112.04000091552734,110.75,111.77999877929688,96.63201904296875,33579200,0.0,0.0,0.0
2022-08-26,111.44999694824219,111.73999786376953,111.01000213623047,111.11000061035156,96.05280303955078,13942300,0.0,0.0,0.0
2022-08-29,110.62000274658203,110.62000274658203,110.1500015258789,110.29000091552734,95.34391784667969,18371900,0.0,0.0,0.0
2022-08-30,110.58000183105469,110.80000305175781,109.8499984741211,110.43000030517578,95.46492767333984,19251300,0.0,0.0,0.0
2022-08-31,110.19999694824219,110.37000274658203,109.20999908447266,109.2699966430664,94.46212005615234,19484300,0.0,0.0,0.0
2022-09-01,108.19000244140625,108.41999816894531,107.3499984741211,108.30999755859375,93.89347076416016,26706500,0.304,0.0,0.0
2022-09-02,108.8499984741211,109.25,108.37999725341797,108.38999938964844,93.96281433105469,14458700,0.0,0.0,0.0
2022-09-06,107.86000061035156,107.94000244140625,106.91999816894531,106.91999816894531,92.68846893310547,16455700,0.0,0.0,0.0
2022-09-07,107.41000366210938,108.48999786376953,107.38999938964844,108.37999725341797,93.95413970947266,21874300,0.0,0.0,0.0
2022-09-08,108.33999633789062,108.66999816894531,108.05000305175781,108.12999725341797,93.73741912841797,16871100,0.0,0.0,0.0
2022-09-09,108.55000305175781,108.98999786376953,108.3499984741211,108.37999725341797,93.95413970947266,11911700,0.0,0.0,0.0
2022-09-12,108.80000305175781,109.0199966430664,107.91999816894531,108.13999938964844,93.74605560302734,11084600,0.0,0.0,0.0
2022-09-13,107.05999755859375,107.5199966430664,106.91000366210938,107.36000061035156,93.06990051269531,19563400,0.0,0.0,0.0
2022-09-14,107.33000183105469,108.05999755859375,107.30000305175781,107.87000274658203,93.51202392578125,19360500,0.0,0.0,0.0
2022-09-15,107.62000274658203,107.76000213623047,107.19999694824219,107.3499984741211,93.06126403808594,12947800,0.0,0.0,0.0
2022-09-16,106.75,108.16000366210938,106.7300033569336,107.0999984741211,92.84449768066406,13980900,0.0,0.0,0.0
2022-09-19,106.62000274658203,107.38999938964844,106.52999877929688,107.27999877929688,93.00054931640625,13679600,0.0,0.0,0.0
2022-09-20,106.33999633789062,106.6500015258789,106.05999755859375,106.20999908447266,92.07299041748047,30310500,0.0,0.0,0.0
2022-09-21,106.62999725341797,106.9000015258789,105.5999984741211,106.61000061035156,92.4197006225586,23883200,0.0,0.0,0.0
2022-09-22,105.62000274658203,105.62999725341797,104.80999755859375,105.11000061035156,91.119384765625,20982600,0.0,0.0,0.0
2022-09-23,104.87999725341797,105.06999969482422,104.33000183105469,104.80999755859375,90.85933685302734,18671200,0.0,0.0,0.0
2022-09-26,104.38999938964844,104.58999633789062,102.94000244140625,102.98999786376953,89.28157043457031,27606500,0.0,0.0,0.0
2022-09-27,103.05999755859375,103.2699966430664,101.4000015258789,101.44000244140625,87.93791198730469,34683500,0.0,0.0,0.0
2022-09-28,102.48999786376953,103.56999969482422,102.2699966430664,103.4800033569336,89.70635986328125,39921300,0.0,0.0,0.0
2022-09-29,102.5199966430664,102.77999877929688,101.73999786376953,102.70999908447266,89.03883361816406,30873000,0.0,0.0,0.0
2022-09-30,103.05999755859375,103.56999969482422,102.44000244140625,102.44999694824219,88.8134536743164,24058300,0.0,0.0,0.0
2022-10-03,103.61000061035156,104.83999633789062,103.38999938964844,104.0,90.45649719238281,27200900,0.339,0.0,0.0
2022-10-04,104.80999755859375,105.12000274658203,104.36000061035156,104.4800033569336,90.87396240234375,21918800,0.0,0.0,0.0
2022-10-05,103.66999816894531,103.88999938964844,102.94999694824219,103.69000244140625,90.18682861328125,24999500,0.0,0.0,0.0
2022-10-06,103.68000030517578,103.94000244140625,103.19999694824219,103.44999694824219,89.97808074951172,22017200,0.0,0.0,0.0
2022-10-07,102.83999633789062,102.91000366210938,102.37000274658203,102.41999816894531,89.08220672607422,20895500,0.0,0.0,0.0
2022-10-10,102.38999938964844,102.44999694824219,101.08999633789062,101.5,88.28202056884766,6179400,0.0,0.0,0.0
2022-10-11,101.7699966430664,102.16999816894531,101.04000091552734,101.29000091552734,88.09938049316406,30332900,0.0,0.0,0.0
2022-10-12,101.16999816894531,101.4800033569336,100.83000183105469,101.16999816894531,87.99496459960938,18941200,0.0,0.0,0.0
2022-10-13,99.19999694824219,101.63999938964844,99.18000030517578,101.3499984741211,88.15155792236328,20727700,0.0,0.0,0.0
2022-10-14,101.98999786376953,101.98999786376953,100.2699966430664,100.37999725341797,87.307861328125,20681900,0.0,0.0,0.0
2022-10-17,101.26000213623047,101.66999816894531,100.79000091552734,100.86000061035156,87.72532653808594,16585700,0.0,0.0,0.0
2022-10-18,101.47000122070312,101.61000061035156,100.51000213623047,101.45999908447266,88.24723052978516,23532600,0.0,0.0,0.0
2022-10-19,100.54000091552734,100.83999633789062,99.94000244140625,100.06999969482422,87.03822326660156,16461800,0.0,0.0,0.0
2022-10-20,99.81999969482422,100.37000274658203,99.0999984741211,99.19999694824219,86.28153228759766,21437300,0.0,0.0,0.0
2022-10-21,98.7300033569336,99.63999938964844,98.41000366210938,99.4800033569336,86.52509307861328,18871700,0.0,0.0,0.0
2022-10-24,99.37999725341797,99.9800033569336,98.83000183105469,99.43000030517578,86.48161315917969,16517100,0.0,0.0,0.0
2022-10-25,100.29000091552734,101.19000244140625,100.29000091552734,100.76000213623047,87.63837432861328,23143100,0.0,0.0,0.0
2022-10-26,101.01000213623047,101.72000122070312,100.91000366210938,101.22000122070312,88.03849029541016,22201400,0.0,0.0,0.0
2022-10-27,101.56999969482422,102.08999633789062,101.19999694824219,101.69000244140625,88.44727325439453,21002900,0.0,0.0,0.0
2022-10-28,101.29000091552734,102.05000305175781,101.23999786376953,101.9000015258789,88.62993621826172,19532300,0.0,0.0,0.0
2022-10-31,101.54000091552734,101.68000030517578,100.97000122070312,101.3499984741211,88.15155792236328,21884100,0.0,0.0,0.0
2022-11-01,102.0999984741211,102.19000244140625,101.19000244140625,101.7699966430664,88.7857894897461,26415300,0.307,0.0,0.0
2022-11-02,101.91000366210938,102.91999816894531,101.0199966430664,101.27999877929688,88.35828399658203,23174200,0.0,0.0,0.0
2022-11-03,100.33000183105469,101.18000030517578,100.01000213623047,100.91999816894531,88.04423522949219,52723900,0.0,0.0,0.0
2022-11-04,101.20999908447266,101.55000305175781,100.66000366210938,101.12000274658203,88.21871948242188,16698200,0.0,0.0,0.0
2022-11-07,101.16999816894531,101.2300033569336,100.54000091552734,100.75,87.89591979980469,13428300,0.0,0.0,0.0
2022-11-08,101.0,101.48999786376953,100.8499984741211,101.16999816894531,88.2623291015625,19206000,0.0,0.0,0.0
2022-11-09,100.86000061035156,101.41999816894531,100.6500015258789,100.91000366210938,88.03553009033203,12204000,0.0,0.0,0.0
2022-11-10,103.0999984741211,104.38999938964844,103.06999969482422,104.29000091552734,90.98429870605469,28447600,0.0,0.0,0.0
2022-11-11,104.12000274658203,104.73999786376953,103.9800033569336,104.56999969482422,91.22857666015625,8578600,0.0,0.0,0.0
2022-11-14,104.20999908447266,104.44999694824219,104.01000213623047,104.04000091552734,90.76618194580078,22576600,0.0,0.0,0.0
2022-11-15,105.12000274658203,105.52999877929688,104.81999969482422,105.48999786376953,92.03118896484375,25504400,0.0,0.0,0.0
2022-11-16,105.80000305175781,106.5999984741211,105.58000183105469,106.38999938964844,92.81636810302734,24648800,0.0,0.0,0.0
2022-11-17,105.5199966430664,105.91000366210938,105.22000122070312,105.81999969482422,92.31908416748047,24106600,0.0,0.0,0.0
2022-11-18,106.12999725341797,106.29000091552734,105.61000061035156,105.80999755859375,92.31036376953125,14214100,0.0,0.0,0.0
2022-11-21,106.19999694824219,106.36000061035156,105.63999938964844,105.6500015258789,92.17076110839844,9664100,0.0,0.0,0.0
2022-11-22,106.19000244140625,106.7300033569336,106.05999755859375,106.58999633789062,92.99083709716797,15050400,0.0,0.0,0.0
2022-11-23,106.95999908447266,107.69999694824219,106.91999816894531,107.66000366210938,93.92430877685547,12511500,0.0,0.0,0.0
2022-11-25,107.72000122070312,107.79000091552734,107.5,107.7699966430664,94.02030181884766,4413900,0.0,0.0,0.0
2022-11-28,107.8499984741211,107.87999725341797,106.88999938964844,106.98999786376953,93.33983612060547,18815800,0.0,0.0,0.0
2022-11-29,106.51000213623047,106.80999755859375,106.23999786376953,106.45999908447266,92.8774185180664,23040000,0.0,0.0,0.0
2022-11-30,106.4000015258789,107.77999877929688,105.98999786376953,107.76000213623047,94.0115737915039,20930100,0.0,0.0,0.0
2022-12-01,107.91999816894531,108.80999755859375,107.61000061035156,108.76000213623047,95.18785858154297,30830200,0.344,0.0,0.0
2022-12-02,108.0,109.41999816894531,107.79000091552734,109.41999816894531,95.76548767089844,16908900,0.0,0.0,0.0
2022-12-05,108.70999908447266,108.70999908447266,108.0199966430664,108.48999786376953,94.95153045654297,19612000,0.0,0.0,0.0
2022-12-06,108.87000274658203,108.9800033569336,108.52999877929688,108.81999969482422,95.24036407470703,18220800,0.0,0.0,0.0
2022-12-07,109.38999938964844,110.08000183105469,109.27999877929688,110.02999877929688,96.29937744140625,22116700,0.0,0.0,0.0
2022-12-08,109.73999786376953,110.02999877929688,109.41000366210938,109.68000030517578,95.9930419921875,18285600,0.0,0.0,0.0
2022-12-09,109.30000305175781,109.4000015258789,108.81999969482422,108.86000061035156,95.27538299560547,15568800,0.0,0.0,0.0
2022-12-12,109.62000274658203,109.73999786376953,108.6500015258789,108.72000122070312,95.15284729003906,13988400,0.0,0.0,0.0
2022-12-13,110.76000213623047,110.88999938964844,109.4800033569336,109.66999816894531,95.98430633544922,19976000,0.0,0.0,0.0
2022-12-14,109.66000366210938,109.93000030517578,108.7699966430664,109.7699966430664,96.0718002319336,19894900,0.0,0.0,0.0
2022-12-15,109.52999877929688,109.72000122070312,109.16000366210938,109.52999877929688,96.15258026123047,16931200,0.332,0.0,0.0
2022-12-16,108.4800033569336,109.19999694824219,108.4800033569336,109.05999755859375,95.739990234375,16643900,0.0,0.0,0.0
2022-12-19,108.43000030517578,108.44999694824219,107.69999694824219,107.95999908447266,94.77435302734375,14746200,0.0,0.0,0.0
2022-12-20,106.93000030517578,107.0199966430664,106.5199966430664,106.69000244140625,93.65946960449219,18678000,0.0,0.0,0.0
2022-12-21,107.37000274658203,107.5199966430664,107.01000213623047,107.41999816894531,94.30028533935547,15087800,0.0,0.0,0.0
2022-12-22,107.37000274658203,107.54000091552734,107.13999938964844,107.38999938964844,94.27395629882812,13957300,0.0,0.0,0.0
2022-12-23,106.95999908447266,107.30999755859375,106.83000183105469,107.05999755859375,93.98424530029297,5992400,0.0,0.0,0.0
2022-12-27,106.31999969482422,106.54000091552734,105.63999938964844,105.68000030517578,92.7728271484375,10456200,0.0,0.0,0.0
2022-12-28,106.06999969482422,106.2300033569336,105.3499984741211,105.3499984741211,92.48310089111328,10050900,0.0,0.0,0.0
2022-12-29,105.7300033569336,106.13999938964844,105.66000366210938,106.0999984741211,93.14151000976562,14253300,0.0,0.0,0.0
2022-12-30,105.80999755859375,105.94000244140625,105.16999816894531,105.43000030517578,92.5533447265625,8528200,0.0,0.0,0.0
2023-01-03,106.94999694824219,106.98999786376953,105.8499984741211,106.16000366210938,93.19418334960938,15589800,0.0,0.0,0.0
2023-01-04,107.02999877929688,107.0999984741211,106.5199966430664,106.93000030517578,93.8701171875,13951700,0.0,0.0,0.0
2023-01-05,106.08999633789062,106.95999908447266,106.08999633789062,106.8499984741211,93.79991912841797,9848100,0.0,0.0,0.0
2023-01-06,107.02999877929688,108.7699966430664,106.88999938964844,108.5999984741211,95.336181640625,20695600,0.0,0.0,0.0
2023-01-09,108.44000244140625,109.29000091552734,108.33999633789062,109.02999877929688,95.71365356445312,20449600,0.0,0.0,0.0
2023-01-10,108.51000213623047,108.83000183105469,108.25,108.66000366210938,95.38883972167969,19225200,0.0,0.0,0.0
2023-01-11,109.31999969482422,109.63999938964844,109.16999816894531,109.58999633789062,96.20523834228516,19541700,0.0,0.0,0.0
2023-01-12,109.87999725341797,110.8499984741211,109.23999786376953,110.83000183105469,97.29380798339844,18372500,0.0,0.0,0.0
2023-01-13,110.44999694824219,110.88999938964844,110.30999755859375,110.47000122070312,96.97777557373047,21077700,0.0,0.0,0.0
2023-01-17,110.01000213623047,110.41000366210938,109.91999816894531,110.06999969482422,96.62661743164062,20745100,0.0,0.0,0.0
2023-01-18,111.68000030517578,111.94999694824219,110.87000274658203,111.36000061035156,97.75907135009766,27794600,0.0,0.0,0.0
2023-01-19,110.87000274658203,111.2300033569336,110.76000213623047,111.12999725341797,97.55716705322266,18085800,0.0,0.0,0.0
2023-01-20,110.58000183105469,110.68000030517578,110.12000274658203,110.55000305175781,97.0479965209961,15440000,0.0,0.0,0.0
2023-01-23,110.1500015258789,110.5199966430664,110.08000183105469,110.2300033569336,96.76708221435547,18814700,0.0,0.0,0.0
2023-01-24,110.29000091552734,110.94000244140625,109.91999816894531,110.80999755859375,97.27623748779297,12419700,0.0,0.0,0.0
2023-01-25,110.70999908447266,110.95999908447266,110.33000183105469,110.86000061035156,97.32014465332031,15450000,0.0,0.0,0.0
2023-01-26,110.93000030517578,111.08000183105469,110.37000274658203,110.81999969482422,97.2850341796875,13250300,0.0,0.0,0.0
2023-01-27,110.37000274658203,110.66000366210938,110.27999877929688,110.5,97.00410461425781,8924900,0.0,0.0,0.0
2023-01-30,110.16000366210938,110.62000274658203,110.01000213623047,110.08000183105469,96.63542938232422,20019800,0.0,0.0,0.0
2023-01-31,110.66999816894531,110.97000122070312,110.08000183105469,110.87000274658203,97.32892608642578,27212200,0.0,0.0,0.0
2023-02-01,110.87000274658203,111.9000015258789,110.27999877929688,111.6500015258789,98.31694793701172,29127300,0.342,0.0,0.0
2023-02-02,112.36000061035156,112.51000213623047,111.69999694824219,111.80999755859375,98.45783996582031,18958900,0.0,0.0,0.0
2023-02-03,110.69999694824219,110.9000015258789,110.29000091552734,110.54000091552734,97.33948516845703,16053900,0.0,0.0,0.0
2023-02-06,109.9800033569336,110.01000213623047,109.62000274658203,109.69000244140625,96.59100341796875,18455400,0.0,0.0,0.0
2023-02-07,109.5,110.12000274658203,109.19000244140625,109.33000183105469,96.27398681640625,25191300,0.0,0.0,0.0
2023-02-08,109.43000030517578,109.63999938964844,108.94999694824219,109.44000244140625,96.37085723876953,16484400,0.0,0.0,0.0
2023-02-09,109.95999908447266,109.97000122070312,108.45999908447266,108.5199966430664,95.56071472167969,21637500,0.0,0.0,0.0
2023-02-10,108.37999725341797,108.44999694824219,107.72000122070312,107.76000213623047,94.8914566040039,16092100,0.0,0.0,0.0
2023-02-13,107.86000061035156,108.16000366210938,107.7699966430664,108.16000366210938,95.24371337890625,32223500,0.0,0.0,0.0
2023-02-14,108.11000061035156,108.3499984741211,107.22000122070312,107.88999938964844,95.00595092773438,31922200,0.0,0.0,0.0
2023-02-15,107.72000122070312,107.79000091552734,107.20999908447266,107.4800033569336,94.64490509033203,24279600,0.0,0.0,0.0
2023-02-16,106.95999908447266,107.18000030517578,106.55999755859375,106.62000274658203,93.88761901855469,27909900,0.0,0.0,0.0
2023-02-17,106.2699966430664,107.04000091552734,106.22000122070312,107.04000091552734,94.25746154785156,18528900,0.0,0.0,0.0
2023-02-21,106.18000030517578,106.25,105.4800033569336,105.5199966430664,92.91898345947266,21136000,0.0,0.0,0.0
2023-02-22,105.94000244140625,106.2699966430664,105.7699966430664,105.81999969482422,93.18315124511719,20971700,0.0,0.0,0.0
2023-02-23,106.12999725341797,106.69000244140625,106.05000305175781,106.6500015258789,93.91401672363281,21144600,0.0,0.0,0.0
2023-02-24,105.8499984741211,106.05000305175781,105.58000183105469,105.8499984741211,93.20955657958984,26721100,0.0,0.0,0.0
2023-02-27,106.12999725341797,106.29000091552734,105.80000305175781,105.87999725341797,93.23599243164062,19660700,0.0,0.0,0.0
2023-02-28,105.44000244140625,106.0,105.2699966430664,105.91999816894531,93.27120971679688,18239100,0.0,0.0,0.0
2023-03-01,105.26000213623047,105.36000061035156,104.76000213623047,104.88999938964844,92.68974304199219,27249600,0.372,0.0,0.0
2023-03-02,104.43000030517578,104.9800033569336,104.33000183105469,104.9800033569336,92.76927947998047,23715100,0.0,0.0,0.0
2023-03-03,105.61000061035156,106.2300033569336,105.44000244140625,106.16999816894531,93.82086181640625,27316900,0.0,0.0,0.0
2023-03-06,106.5,106.54000091552734,105.81999969482422,105.87999725341797,93.56459045410156,14688600,0.0,0.0,0.0
2023-03-07,106.08999633789062,106.19999694824219,105.33999633789062,105.58000183105469,93.29949188232422,22431700,0.0,0.0,0.0
2023-03-08,105.9000015258789,106.16999816894531,105.1500015258789,105.41000366210938,93.14926147460938,29396500,0.0,0.0,0.0
2023-03-09,105.48999786376953,105.83000183105469,105.16000366210938,105.30999755859375,93.06089782714844,24552400,0.0,0.0,0.0
2023-03-10,106.5,107.13999938964844,106.25,106.81999969482422,94.39525604248047,36906000,0.0,0.0,0.0
2023-03-13,107.41000366210938,108.26000213623047,106.4800033569336,106.91000366210938,94.47480773925781,47445400,0.0,0.0,0.0
2023-03-14,106.83999633789062,107.56999969482422,106.43000030517578,106.58999633789062,94.1920166015625,49782100,0.0,0.0,0.0
2023-03-15,107.30000305175781,108.0999984741211,106.98999786376953,107.61000061035156,95.09339141845703,50591500,0.0,0.0,0.0
2023-03-16,108.05999755859375,108.30000305175781,107.12999725341797,107.44999694824219,94.95196533203125,37961900,0.0,0.0,0.0
2023-03-17,107.77999877929688,108.41999816894531,107.61000061035156,107.98999786376953,95.42916870117188,32011600,0.0,0.0,0.0
2023-03-20,108.08000183105469,108.27999877929688,107.55999755859375,107.66999816894531,95.14639282226562,24035100,0.0,0.0,0.0
2023-03-21,108.12000274658203,108.25,107.69999694824219,108.19000244140625,95.60589599609375,29109400,0.0,0.0,0.0
2023-03-22,108.11000061035156,109.58999633789062,107.80999755859375,108.81999969482422,96.1626205444336,31434700,0.0,0.0,0.0
2023-03-23,108.70999908447266,109.22000122070312,108.37999725341797,109.12999725341797,96.43656921386719,28703800,0.0,0.0,0.0
2023-03-24,109.43000030517578,109.69000244140625,109.18000030517578,109.47000122070312,96.73704528808594,26204100,0.0,0.0,0.0
2023-03-27,108.4800033569336,108.98999786376953,108.12999725341797,108.16000366210938,95.57940673828125,16527900,0.0,0.0,0.0
2023-03-28,108.04000091552734,108.20999908447266,107.73999786376953,107.9800033569336,95.42033386230469,14138000,0.0,0.0,0.0
2023-03-29,107.76000213623047,108.5199966430664,107.72000122070312,108.4800033569336,95.8621826171875,17506000,0.0,0.0,0.0
2023-03-30,108.4800033569336,108.8499984741211,108.45999908447266,108.62999725341797,95.99472045898438,18267200,0.0,0.0,0.0
2023-03-31,109.0999984741211,109.69000244140625,108.86000061035156,109.61000061035156,96.86073303222656,19187400,0.0,0.0,0.0
2023-04-03,109.16999816894531,110.0199966430664,109.0,109.93000030517578,97.44579315185547,20093500,0.34,0.0,0.0
2023-04-04,109.41999816894531,110.19999694824219,109.29000091552734,110.06999969482422,97.56988525390625,20317700,0.0,0.0,0.0
2023-04-05,110.22000122070312,110.58000183105469,110.05000305175781,110.43000030517578,97.88899230957031,14674800,0.0,0.0,0.0
2023-04-06,110.48999786376953,110.5999984741211,110.2300033569336,110.33000183105469,97.80036163330078,14191300,0.0,0.0,0.0
2023-04-10,109.77999877929688,109.88999938964844,109.3499984741211,109.81999969482422,97.34827423095703,10825500,0.0,0.0,0.0
2023-04-11,109.83999633789062,109.94999694824219,109.55000305175781,109.79000091552734,97.32170104980469,14510100,0.0,0.0,0.0
2023-04-12,110.26000213623047,110.30999755859375,109.38999938964844,109.55999755859375,97.11779022216797,20049200,0.0,0.0,0.0
2023-04-13,109.9000015258789,110.05000305175781,109.55000305175781,109.75,97.28620910644531,18589100,0.0,0.0,0.0
2023-04-14,109.44000244140625,109.56999969482422,109.02999877929688,109.38999938964844,96.96710205078125,16218900,0.0,0.0,0.0
2023-04-17,109.05999755859375,109.16999816894531,108.58000183105469,108.69999694824219,96.35545349121094,11891400,0.0,0.0,0.0
2023-04-18,108.91000366210938,109.2300033569336,108.9000015258789,109.05999755859375,96.6745834350586,10522400,0.0,0.0,0.0
2023-04-19,108.77999877929688,108.80000305175781,108.45999908447266,108.5199966430664,96.1958999633789,14023700,0.0,0.0,0.0
2023-04-20,108.7699966430664,109.0999984741211,108.75,108.93000030517578,96.55935668945312,16076100,0.0,0.0,0.0
2023-04-21,109.3499984741211,109.4000015258789,108.6500015258789,109.0,96.62139129638672,18480700,0.0,0.0,0.0
2023-04-24,109.0999984741211,109.51000213623047,109.0999984741211,109.4800033569336,97.04691314697266,7974300,0.0,0.0,0.0
2023-04-25,109.94999694824219,110.2300033569336,109.91000366210938,109.95999908447266,97.47238159179688,17038800,0.0,0.0,0.0
2023-04-26,110.06999969482422,110.12999725341797,109.37999725341797,109.4800033569336,97.04691314697266,19635200,0.0,0.0,0.0
2023-04-27,109.30000305175781,109.38999938964844,109.02999877929688,109.08000183105469,96.69230651855469,14629500,0.0,0.0,0.0
2023-04-28,109.81999969482422,109.98999786376953,109.51000213623047,109.93000030517578,97.44579315185547,18882100,0.0,0.0,0.0
2023-05-01,108.94000244140625,108.9800033569336,107.61000061035156,107.79000091552734,95.87324523925781,20789900,0.372,0.0,0.0
2023-05-02,108.18000030517578,109.11000061035156,108.05999755859375,109.08999633789062,97.02949523925781,21547100,0.0,0.0,0.0
2023-05-03,109.30000305175781,109.55000305175781,108.83999633789062,109.2699966430664,97.18962097167969,15750800,0.0,0.0,0.0
2023-05-04,108.66000366210938,109.26000213623047,108.55000305175781,108.97000122070312,96.92280578613281,17811700,0.0,0.0,0.0
2023-05-05,108.68000030517578,108.81999969482422,108.33999633789062,108.54000091552734,96.54033660888672,12130800,0.0,0.0,0.0
2023-05-08,107.94000244140625,108.02999877929688,107.62000274658203,107.76000213623047,95.84654998779297,16424800,0.0,0.0,0.0
2023-05-09,107.77999877929688,107.98999786376953,107.69000244140625,107.72000122070312,95.81097412109375,15860300,0.0,0.0,0.0
2023-05-10,108.41999816894531,108.58999633789062,108.25,108.56999969482422,96.56700134277344,15815700,0.0,0.0,0.0
2023-05-11,109.23999786376953,109.25,108.86000061035156,108.98999786376953,96.94056701660156,12261800,0.0,0.0,0.0
2023-05-12,108.98999786376953,109.06999969482422,108.30000305175781,108.31999969482422,96.34464263916016,10797200,0.0,0.0,0.0
2023-05-15,107.7699966430664,107.8499984741211,107.5999984741211,107.73999786376953,95.82876586914062,20334800,0.0,0.0,0.0
2023-05-16,107.27999877929688,107.38999938964844,107.08999633789062,107.19999694824219,95.34847259521484,25934500,0.0,0.0,0.0
2023-05-17,107.4000015258789,107.4800033569336,107.08000183105469,107.19000244140625,95.33959197998047,25387100,0.0,0.0,0.0
2023-05-18,106.93000030517578,106.93000030517578,106.58999633789062,106.73999786376953,94.93931579589844,21383500,0.0,0.0,0.0
2023-05-19,106.7300033569336,106.9000015258789,106.5,106.61000061035156,94.82371520996094,22194600,0.0,0.0,0.0
2023-05-22,106.68000030517578,106.93000030517578,106.5,106.56999969482422,94.78811645507812,15526700,0.0,0.0,0.0
2023-05-23,106.44999694824219,106.88999938964844,106.29000091552734,106.79000091552734,94.98379516601562,15529300,0.0,0.0,0.0
2023-05-24,106.8499984741211,106.88999938964844,106.30999755859375,106.37000274658203,94.61023712158203,16688900,0.0,0.0,0.0
2023-05-25,106.48999786376953,106.55999755859375,105.9800033569336,106.0199966430664,94.29891967773438,18743200,0.0,0.0,0.0
2023-05-26,106.04000091552734,106.51000213623047,105.95999908447266,106.47000122070312,94.69920349121094,15848500,0.0,0.0,0.0
2023-05-30,106.94000244140625,107.2699966430664,106.87999725341797,107.2699966430664,95.4107437133789,21581400,0.0,0.0,0.0
2023-05-31,107.23999786376953,107.73999786376953,107.06999969482422,107.62000274658203,95.72205352783203,24052300,0.0,0.0,0.0
2023-06-01,107.61000061035156,107.86000061035156,107.44000244140625,107.5999984741211,96.01560974121094,26084500,0.349,0.0,0.0
2023-06-02,107.69000244140625,107.76000213623047,107.22000122070312,107.30999755859375,95.75682067871094,17086600,0.0,0.0,0.0
2023-06-05,106.97000122070312,107.48999786376953,106.8499984741211,107.08000183105469,95.55160522460938,14211100,0.0,0.0,0.0
2023-06-06,107.11000061035156,107.31999969482422,106.81999969482422,107.29000091552734,95.73897552490234,25228400,0.0,0.0,0.0
2023-06-07,107.20999908447266,107.31999969482422,106.2699966430664,106.33000183105469,94.88233184814453,26526700,0.0,0.0,0.0
2023-06-08,106.44000244140625,107.0999984741211,106.41000366210938,107.04000091552734,95.51591491699219,16579800,0.0,0.0,0.0
2023-06-09,106.80999755859375,106.91999816894531,106.58000183105469,106.76000213623047,95.26605987548828,12060000,0.0,0.0,0.0
2023-06-12,106.98999786376953,107.11000061035156,106.41999816894531,107.0999984741211,95.56946563720703,14229300,0.0,0.0,0.0
2023-06-13,107.2699966430664,107.38999938964844,106.44999694824219,106.62000274658203,95.14112854003906,19385200,0.0,0.0,0.0
2023-06-14,106.93000030517578,107.22000122070312,106.43000030517578,106.94999694824219,95.43558502197266,30280100,0.0,0.0,0.0
2023-06-15,107.51000213623047,107.9000015258789,107.2699966430664,107.87999725341797,96.26545715332031,23426200,0.0,0.0,0.0
2023-06-16,107.54000091552734,107.79000091552734,107.30000305175781,107.69000244140625,96.09591674804688,13184500,0.0,0.0,0.0
2023-06-20,107.8499984741211,108.19999694824219,107.8499984741211,108.08000183105469,96.44395446777344,22272700,0.0,0.0,0.0
2023-06-21,107.62999725341797,108.08999633789062,107.30999755859375,107.95999908447266,96.33686065673828,17521700,0.0,0.0,0.0
2023-06-22,107.55999755859375,107.80000305175781,107.22000122070312,107.4000015258789,95.83715057373047,16007900,0.0,0.0,0.0
2023-06-23,108.12000274658203,108.12000274658203,107.5,107.69999694824219,96.1048583984375,13102800,0.0,0.0,0.0
2023-06-26,107.9800033569336,108.0199966430664,107.76000213623047,107.81999969482422,96.2119369506836,14642200,0.0,0.0,0.0
2023-06-27,107.93000030517578,108.12999725341797,107.45999908447266,107.69999694824219,96.1048583984375,15749300,0.0,0.0,0.0
2023-06-28,107.8499984741211,108.19000244140625,107.62999725341797,108.16999816894531,96.5242691040039,17806000,0.0,0.0,0.0
2023-06-29,107.37000274658203,107.45999908447266,107.01000213623047,107.3499984741211,95.79254150390625,25554500,0.0,0.0,0.0
2023-06-30,107.62999725341797,108.20999908447266,107.44000244140625,108.13999938964844,96.49748229980469,20938600,0.0,0.0,0.0
2023-07-03,107.87000274658203,108.16000366210938,107.48999786376953,107.48999786376953,96.22714233398438,11810800,0.348,0.0,0.0
2023-07-05,107.30999755859375,107.37999725341797,106.58999633789062,106.72000122070312,95.53779602050781,21463300,0.0,0.0,0.0
2023-07-06,105.87999725341797,105.94000244140625,105.3499984741211,105.63999938964844,94.57096862792969,35240800,0.0,0.0,0.0
2023-07-07,105.66999816894531,105.98999786376953,105.5199966430664,105.54000091552734,94.48143768310547,17148000,0.0,0.0,0.0
2023-07-10,105.68000030517578,106.19000244140625,105.58000183105469,106.08999633789062,94.97379302978516,16360600,0.0,0.0,0.0
2023-07-11,106.33999633789062,106.66000366210938,106.20999908447266,106.58999633789062,95.42143249511719,21693900,0.0,0.0,0.0
2023-07-12,107.12000274658203,107.68000030517578,107.12000274658203,107.52999877929688,96.26292419433594,23217300,0.0,0.0,0.0
2023-07-13,107.98999786376953,108.33000183105469,107.87000274658203,108.29000091552734,96.94332885742188,21637500,0.0,0.0,0.0
2023-07-14,108.12000274658203,108.23999786376953,107.41999816894531,107.44999694824219,96.19132232666016,23784000,0.0,0.0,0.0
2023-07-17,107.43000030517578,107.72000122070312,107.3499984741211,107.62999725341797,96.35244750976562,12260100,0.0,0.0,0.0
2023-07-18,108.06999969482422,108.18000030517578,107.86000061035156,107.9000015258789,96.59416198730469,17403600,0.0,0.0,0.0
2023-07-19,108.26000213623047,108.5199966430664,108.08000183105469,108.51000213623047,97.1402587890625,20871600,0.0,0.0,0.0
2023-07-20,108.06999969482422,108.0999984741211,107.48999786376953,107.77999877929688,96.48673248291016,37868000,0.0,0.0,0.0
2023-07-21,108.18000030517578,108.20999908447266,107.87999725341797,107.97000122070312,96.65682220458984,16517800,0.0,0.0,0.0
2023-07-24,108.16000366210938,108.30000305175781,107.80999755859375,107.83999633789062,96.54044342041016,17999400,0.0,0.0,0.0
2023-07-25,107.55999755859375,107.88999938964844,107.54000091552734,107.66999816894531,96.38825225830078,15029800,0.0,0.0,0.0
2023-07-26,108.05999755859375,108.26000213623047,107.69000244140625,108.16999816894531,96.83588409423828,17816800,0.0,0.0,0.0
2023-07-27,108.04000091552734,108.12999725341797,106.72000122070312,106.8499984741211,95.65420532226562,29142600,0.0,0.0,0.0
2023-07-28,107.33000183105469,107.5999984741211,107.13999938964844,107.55000305175781,96.28083038330078,18719300,0.0,0.0,0.0
2023-07-31,107.58000183105469,108.02999877929688,107.58000183105469,107.8499984741211,96.5494155883789,24906600,0.0,0.0,0.0
2023-08-01,106.80000305175781,106.97000122070312,106.31999969482422,106.41000366210938,95.58735656738281,22977700,0.369,0.0,0.0
2023-08-02,105.80000305175781,105.87999725341797,105.38999938964844,105.76000213623047,95.0034408569336,28516700,0.0,0.0,0.0
2023-08-03,104.91000366210938,104.94999694824219,104.55999755859375,104.80999755859375,94.15006256103516,27632700,0.0,0.0,0.0
2023-08-04,105.19000244140625,106.04000091552734,105.18000030517578,105.9000015258789,95.12920379638672,19998900,0.0,0.0,0.0
2023-08-07,105.80999755859375,105.86000061035156,105.5,105.63999938964844,94.89563751220703,10726300,0.0,0.0,0.0
2023-08-08,106.12999725341797,106.30000305175781,105.91999816894531,106.05999755859375,95.27294158935547,17616200,0.0,0.0,0.0
2023-08-09,106.19999694824219,106.30999755859375,106.05999755859375,106.16000366210938,95.3627700805664,11514100,0.0,0.0,0.0
2023-08-10,106.29000091552734,106.55999755859375,105.37999725341797,105.41000366210938,94.68907928466797,22056400,0.0,0.0,0.0
2023-08-11,105.04000091552734,105.41000366210938,104.9800033569336,105.05000305175781,94.36564636230469,12803100,0.0,0.0,0.0
2023-08-14,105.0199966430664,105.30000305175781,104.70999908447266,105.01000213623047,94.3297119140625,9829300,0.0,0.0,0.0
2023-08-15,104.7699966430664,104.94999694824219,104.45999908447266,104.45999908447266,93.83564758300781,17279900,0.0,0.0,0.0
2023-08-16,104.37000274658203,104.66000366210938,103.86000061035156,103.98999786376953,93.4134750366211,20773700,0.0,0.0,0.0
2023-08-17,103.86000061035156,103.94999694824219,103.4000015258789,103.70999908447266,93.16194152832031,29797400,0.0,0.0,0.0
2023-08-18,103.7300033569336,104.20999908447266,103.62000274658203,104.0999984741211,93.51226806640625,17884100,0.0,0.0,0.0
2023-08-21,103.63999938964844,103.70999908447266,103.26000213623047,103.4800033569336,92.95531463623047,19065100,0.0,0.0,0.0
2023-08-22,103.58000183105469,103.87000274658203,103.43000030517578,103.80000305175781,93.2427978515625,18361500,0.0,0.0,0.0
2023-08-23,104.4800033569336,105.27999877929688,104.4800033569336,105.26000213623047,94.5542984008789,22620400,0.0,0.0,0.0
2023-08-24,105.08000183105469,105.22000122070312,104.87999725341797,104.9000015258789,94.2309341430664,20129900,0.0,0.0,0.0
2023-08-25,104.86000061035156,105.29000091552734,104.51000213623047,104.95999908447266,94.28482055664062,18521400,0.0,0.0,0.0
2023-08-28,105.44000244140625,105.44999694824219,105.04000091552734,105.29000091552734,94.58123779296875,15271000,0.0,0.0,0.0
2023-08-29,105.2300033569336,106.16999816894531,105.1500015258789,106.12999725341797,95.3358154296875,21843300,0.0,0.0,0.0
2023-08-30,106.18000030517578,106.26000213623047,105.94000244140625,105.9800033569336,95.2010726928711,21533500,0.0,0.0,0.0
2023-08-31,106.16000366210938,106.4000015258789,106.06999969482422,106.16000366210938,95.3627700805664,20534800,0.0,0.0,0.0
2023-09-01,105.77999877929688,105.80999755859375,104.91000366210938,105.02999877929688,94.68390655517578,16514200,0.377,0.0,0.0
2023-09-05,104.70999908447266,104.75,104.25,104.27999877929688,94.00782012939453,16272800,0.0,0.0,0.0
2023-09-06,104.41999816894531,104.44999694824219,103.94999694824219,104.18000030517578,93.91765594482422,17733800,0.0,0.0,0.0
2023-09-07,104.30999755859375,104.6500015258789,104.20999908447266,104.63999938964844,94.33235931396484,17295600,0.0,0.0,0.0
2023-09-08,104.91000366210938,105.18000030517578,104.72000122070312,104.72000122070312,94.40447235107422,18608800,0.0,0.0,0.0
2023-09-11,104.58999633789062,104.63999938964844,104.38999938964844,104.5199966430664,94.22416687011719,13686300,0.0,0.0,0.0
2023-09-12,104.52999877929688,104.55000305175781,104.30999755859375,104.48999786376953,94.1971206665039,15839800,0.0,0.0,0.0
2023-09-13,104.37999725341797,104.81999969482422,104.31999969482422,104.72000122070312,94.40447235107422,19975200,0.0,0.0,0.0
2023-09-14,104.80000305175781,104.9000015258789,104.47000122070312,104.52999877929688,94.23318481445312,16821000,0.0,0.0,0.0
2023-09-15,104.43000030517578,104.4800033569336,104.1500015258789,104.37000274658203,94.08895874023438,21796400,0.0,0.0,0.0
2023-09-18,104.16999816894531,104.5999984741211,104.16999816894531,104.56999969482422,94.26924133300781,12182200,0.0,0.0,0.0
2023-09-19,104.31999969482422,104.43000030517578,104.18000030517578,104.22000122070312,93.95372009277344,14577800,0.0,0.0,0.0
2023-09-20,104.55999755859375,104.77999877929688,104.23999786376953,104.26000213623047,93.98977661132812,23735800,0.0,0.0,0.0
2023-09-21,103.41000366210938,103.43000030517578,103.12999725341797,103.20999908447266,93.04319763183594,30183800,0.0,0.0,0.0
2023-09-22,103.44999694824219,103.94000244140625,103.31999969482422,103.83999633789062,93.61117553710938,21849000,0.0,0.0,0.0
2023-09-25,103.05999755859375,103.36000061035156,102.80000305175781,102.83000183105469,92.70065307617188,25968600,0.0,0.0,0.0
2023-09-26,103.05000305175781,103.12000274658203,102.4000015258789,102.54000091552734,92.43921661376953,39047500,0.0,0.0,0.0
2023-09-27,103.0199966430664,103.11000061035156,101.69999694824219,102.05999755859375,92.00651550292969,35741200,0.0,0.0,0.0
2023-09-28,101.62000274658203,102.26000213623047,101.30000305175781,102.23999786376953,92.16876983642578,34650100,0.0,0.0,0.0
2023-09-29,102.77999877929688,102.91999816894531,101.77999877929688,102.0199966430664,91.97044372558594,28143000,0.0,0.0,0.0
2023-10-02,101.12999725341797,101.30000305175781,100.5999984741211,100.69000244140625,91.12786102294922,18787800,0.399,0.0,0.0
2023-10-03,100.37000274658203,100.52999877929688,99.38999938964844,99.52999877929688,90.07801055908203,30830200,0.0,0.0,0.0
2023-10-04,100.08999633789062,100.44999694824219,99.66999816894531,100.4000015258789,90.86540222167969,25863600,0.0,0.0,0.0
2023-10-05,100.54000091552734,100.75,100.12000274658203,100.27999877929688,90.75680541992188,21155700,0.0,0.0,0.0
2023-10-06,99.31999969482422,100.19999694824219,99.16999816894531,99.9800033569336,90.48528289794922,21667900,0.0,0.0,0.0
2023-10-09,100.4800033569336,101.25,100.30999755859375,101.22000122070312,91.6075210571289,6398600,0.0,0.0,0.0
2023-10-10,100.76000213623047,101.66000366210938,100.56999969482422,101.26000213623047,91.64371490478516,23168100,0.0,0.0,0.0
2023-10-11,101.86000061035156,101.94000244140625,101.43000030517578,101.87999725341797,92.20484924316406,22655800,0.0,0.0,0.0
2023-10-12,101.7300033569336,101.83999633789062,100.5999984741211,100.81999969482422,91.24551391601562,27899900,0.0,0.0,0.0
2023-10-13,101.6500015258789,101.7300033569336,101.18000030517578,101.37999725341797,91.75231170654297,20716300,0.0,0.0,0.0
2023-10-16,100.81999969482422,100.94999694824219,100.62999725341797,100.68000030517578,91.1187973022461,25991800,0.0,0.0,0.0
2023-10-17,99.80000305175781,100.22000122070312,99.55999755859375,99.87999725341797,90.39478302001953,24273500,0.0,0.0,0.0
2023-10-18,99.51000213623047,99.56999969482422,98.94999694824219,99.08000183105469,89.67074584960938,32144400,0.0,0.0,0.0
2023-10-19,98.91999816894531,99.2300033569336,98.2699966430664,98.27999877929688,88.94672393798828,41211800,0.0,0.0,0.0
2023-10-20,98.36000061035156,98.76000213623047,98.36000061035156,98.66999816894531,89.2996826171875,27130800,0.0,0.0,0.0
2023-10-23,98.37999725341797,99.70999908447266,98.23999786376953,99.44000244140625,89.99656677246094,21103000,0.0,0.0,0.0
2023-10-24,99.58999633789062,100.05999755859375,99.41999816894531,100.0,90.50340270996094,24517600,0.0,0.0,0.0
2023-10-25,99.44000244140625,99.5,98.86000061035156,99.08999633789062,89.67979431152344,20957000,0.0,0.0,0.0
2023-10-26,99.18000030517578,99.87000274658203,99.02999877929688,99.80999755859375,90.33142852783203,28046100,0.0,0.0,0.0
2023-10-27,99.69000244140625,99.81999969482422,99.30999755859375,99.61000061035156,90.15040588378906,21362800,0.0,0.0,0.0
2023-10-30,99.33000183105469,99.52999877929688,99.01000213623047,99.30999755859375,89.87890625,20961500,0.0,0.0,0.0
2023-10-31,99.44000244140625,99.9000015258789,99.13999938964844,99.16999816894531,89.752197265625,28805700,0.0,0.0,0.0
2023-11-01,99.2699966430664,100.26000213623047,99.22000122070312,100.22000122070312,91.03665161132812,32111800,0.364,0.0,0.0
2023-11-02,101.19999694824219,101.48999786376953,101.02999877929688,101.41000366210938,92.11758422851562,31295500,0.0,0.0,0.0
2023-11-03,102.58000183105469,102.9000015258789,101.87999725341797,101.91000366210938,92.57180786132812,38496200,0.0,0.0,0.0
2023-11-06,101.7300033569336,101.7300033569336,101.25,101.37000274658203,92.08126068115234,17827700,0.0,0.0,0.0
2023-11-07,101.75,102.4000015258789,101.68000030517578,102.18000030517578,92.81705474853516,25518200,0.0,0.0,0.0
2023-11-08,102.33999633789062,102.79000091552734,102.33000183105469,102.69999694824219,93.28938293457031,26997000,0.0,0.0,0.0
2023-11-09,102.55999755859375,102.55999755859375,101.4800033569336,101.66000366210938,92.3447036743164,23864100,0.0,0.0,0.0
2023-11-10,102.30999755859375,102.33999633789062,101.97000122070312,102.16999816894531,92.8079605102539,18498900,0.0,0.0,0.0
2023-11-13,101.83000183105469,102.25,101.6500015258789,102.18000030517578,92.81705474853516,21439200,0.0,0.0,0.0
2023-11-14,103.80999755859375,104.05000305175781,103.66000366210938,103.77999877929688,94.27043151855469,28387800,0.0,0.0,0.0
2023-11-15,103.41999816894531,103.44999694824219,102.97000122070312,103.23999786376953,93.77989959716797,23895000,0.0,0.0,0.0
2023-11-16,103.7699966430664,104.13999938964844,103.69000244140625,104.08999633789062,94.5520248413086,21223000,0.0,0.0,0.0
2023-11-17,104.44999694824219,104.58000183105469,104.1500015258789,104.38999938964844,94.82453155517578,25810200,0.0,0.0,0.0
2023-11-20,104.26000213623047,104.87999725341797,104.23999786376953,104.80999755859375,95.20604705810547,18529400,0.0,0.0,0.0
2023-11-21,104.83000183105469,104.97000122070312,104.55000305175781,104.83999633789062,95.23328399658203,20273200,0.0,0.0,0.0
2023-11-22,105.23999786376953,105.37999725341797,104.8499984741211,105.26000213623047,95.61479949951172,18588000,0.0,0.0,0.0
2023-11-24,104.86000061035156,105.0199966430664,104.69999694824219,104.72000122070312,95.1242904663086,6391400,0.0,0.0,0.0
2023-11-27,105.05999755859375,105.58999633789062,104.87999725341797,105.56999969482422,95.89639282226562,17919500,0.0,0.0,0.0
2023-11-28,105.38999938964844,106.02999877929688,105.29000091552734,105.98999786376953,96.27791595458984,21320800,0.0,0.0,0.0
2023-11-29,106.54000091552734,106.91000366210938,106.4000015258789,106.8499984741211,97.05912780761719,20661800,0.0,0.0,0.0
2023-11-30,106.61000061035156,106.63999938964844,106.08000183105469,106.29000091552734,96.55044555664062,41950900,0.0,0.0,0.0
2023-12-01,106.04000091552734,107.22000122070312,105.9000015258789,107.16999816894531,97.71289825439453,27733500,0.395,0.0,0.0
2023-12-04,106.80999755859375,106.94999694824219,106.44999694824219,106.68000030517578,97.26615142822266,28914300,0.0,0.0,0.0
2023-12-05,107.16000366210938,107.66999816894531,107.02999877929688,107.52999877929688,98.04115295410156,33315200,0.0,0.0,0.0
2023-12-06,107.8499984741211,108.19000244140625,107.72000122070312,107.93000030517578,98.40585327148438,22544300,0.0,0.0,0.0
2023-12-07,107.79000091552734,108.2300033569336,107.68000030517578,107.94000244140625,98.41497802734375,20253300,0.0,0.0,0.0
2023-12-08,107.33999633789062,107.62999725341797,107.18000030517578,107.36000061035156,97.88616180419922,21624200,0.0,0.0,0.0
2023-12-11,107.22000122070312,107.36000061035156,106.77999877929688,107.33000183105469,97.8587875366211,17714600,0.0,0.0,0.0
2023-12-12,107.31999969482422,107.9800033569336,107.13999938964844,107.94000244140625,98.41497802734375,22111100,0.0,0.0,0.0
2023-12-13,108.3499984741211,109.94999694824219,108.12999725341797,109.75,100.06526947021484,33623500,0.0,0.0,0.0
2023-12-14,110.23999786376953,110.87000274658203,110.12000274658203,110.5199966430664,101.12943267822266,28202300,0.393,0.0,0.0
2023-12-15,110.41999816894531,110.56999969482422,110.13999938964844,110.36000061035156,100.9830322265625,17904100,0.0,0.0,0.0
2023-12-18,110.04000091552734,110.16000366210938,109.83999633789062,109.9000015258789,100.56210327148438,19714500,0.0,0.0,0.0
2023-12-19,110.11000061035156,110.37000274658203,109.95999908447266,110.04000091552734,100.69022369384766,18086800,0.0,0.0,0.0
2023-12-20,110.25,110.41999816894531,109.91000366210938,110.33000183105469,100.95558166503906,23942000,0.0,0.0,0.0
2023-12-21,110.58999633789062,110.70999908447266,110.02999877929688,110.29000091552734,100.91899108886719,24168300,0.0,0.0,0.0
2023-12-22,110.44000244140625,110.5,109.94000244140625,110.0999984741211,100.74512481689453,11037100,0.0,0.0,0.0
2023-12-26,110.13999938964844,110.4000015258789,110.08999633789062,110.33000183105469,100.95558166503906,5816000,0.0,0.0,0.0
2023-12-27,110.88999938964844,111.4000015258789,110.72000122070312,111.36000061035156,101.89805603027344,13646400,0.0,0.0,0.0
2023-12-28,111.20999908447266,111.38999938964844,110.91999816894531,111.06999969482422,101.63270568847656,14288800,0.0,0.0,0.0
2023-12-29,110.69999694824219,111.01000213623047,110.55999755859375,110.66000366210938,101.25753784179688,17956700,0.0,0.0,0.0
2024-01-02,109.94000244140625,110.16999816894531,109.79000091552734,109.91000366210938,100.57127380371094,20622000,0.0,0.0,0.0
2024-01-03,109.0999984741211,109.7699966430664,108.91999816894531,109.66000366210938,100.3425064086914,35384900,0.0,0.0,0.0
2024-01-04,109.0,109.25,108.87000274658203,109.05000305175781,99.7843246459961,43111300,0.0,0.0,0.0
2024-01-05,108.72000122070312,109.56999969482422,108.58000183105469,108.66000366210938,99.42748260498047,24385500,0.0,0.0,0.0
2024-01-08,108.76000213623047,109.55000305175781,108.73999786376953,109.48999786376953,100.18695831298828,29182300,0.0,0.0,0.0
2024-01-09,109.31999969482422,109.79000091552734,109.2699966430664,109.68000030517578,100.3608169555664,55126300,0.0,0.0,0.0
2024-01-10,110.05000305175781,110.16000366210938,109.47000122070312,109.54000091552734,100.2326889038086,32323500,0.0,0.0,0.0
2024-01-11,109.7300033569336,110.33999633789062,109.38999938964844,110.19999694824219,100.83662414550781,50960900,0.0,0.0,0.0
2024-01-12,110.55000305175781,110.8499984741211,110.12999725341797,110.44000244140625,101.05622863769531,30479000,0.0,0.0,0.0
2024-01-16,109.8499984741211,109.98999786376953,109.0999984741211,109.31999969482422,100.03141021728516,27124600,0.0,0.0,0.0
2024-01-17,109.06999969482422,109.25,108.69999694824219,109.08999633789062,99.8209228515625,34414000,0.0,0.0,0.0
2024-01-18,109.26000213623047,109.33000183105469,108.76000213623047,108.87999725341797,99.62876892089844,28325100,0.0,0.0,0.0
2024-01-19,108.83999633789062,109.0199966430664,108.44999694824219,108.98999786376953,99.72943115234375,25621500,0.0,0.0,0.0
2024-01-22,109.48999786376953,109.56999969482422,109.16000366210938,109.29000091552734,100.00393676757812,17679900,0.0,0.0,0.0
2024-01-23,109.04000091552734,109.04000091552734,108.66999816894531,108.88999938964844,99.63792419433594,25439500,0.0,0.0,0.0
2024-01-24,109.38999938964844,109.44999694824219,108.58999633789062,108.68000030517578,99.44574737548828,26828300,0.0,0.0,0.0
2024-01-25,109.26000213623047,109.44000244140625,109.05000305175781,109.4000015258789,100.10458374023438,39484000,0.0,0.0,0.0
2024-01-26,109.44000244140625,109.44999694824219,109.05999755859375,109.08999633789062,99.8209228515625,26642300,0.0,0.0,0.0
2024-01-29,109.52999877929688,109.77999877929688,109.31999969482422,109.54000091552734,100.2326889038086,27060700,0.0,0.0,0.0
2024-01-30,109.81999969482422,109.91000366210938,109.33999633789062,109.88999938964844,100.55298614501953,30459200,0.0,0.0,0.0
2024-01-31,110.36000061035156,110.63999938964844,109.87000274658203,110.16999816894531,100.80916595458984,44733000,0.0,0.0,0.0
2024-02-01,110.51000213623047,110.91000366210938,110.0999984741211,110.62999725341797,101.58878326416016,42478500,0.389,0.0,0.0
2024-02-02,109.47000122070312,109.70999908447266,109.22000122070312,109.62000274658203,100.66133880615234,39604900,0.0,0.0,0.0
2024-02-05,108.8499984741211,108.86000061035156,108.31999969482422,108.56999969482422,99.69715118408203,39266800,0.0,0.0,0.0
2024-02-06,108.75,109.36000061035156,108.72000122070312,109.18000030517578,100.25727081298828,26095200,0.0,0.0,0.0
2024-02-07,108.91999816894531,109.30999755859375,108.76000213623047,108.86000061035156,99.96343231201172,23574200,0.0,0.0,0.0
2024-02-08,108.54000091552734,108.58000183105469,108.19000244140625,108.30000305175781,99.44922637939453,26063900,0.0,0.0,0.0
2024-02-09,108.0199966430664,108.23999786376953,108.0,108.16000366210938,99.32064819335938,19029200,0.0,0.0,0.0
2024-02-12,108.22000122070312,108.2699966430664,107.86000061035156,108.16999816894531,99.329833984375,30378900,0.0,0.0,0.0
2024-02-13,107.19999694824219,107.38999938964844,106.87000274658203,106.9800033569336,98.23709106445312,41494100,0.0,0.0,0.0
2024-02-14,107.0999984741211,107.5199966430664,107.08000183105469,107.4800033569336,98.69621276855469,41932200,0.0,0.0,0.0
2024-02-15,108.08000183105469,108.0999984741211,107.62000274658203,107.87000274658203,99.05435180664062,33255200,0.0,0.0,0.0
2024-02-16,107.36000061035156,107.58999633789062,107.23999786376953,107.4800033569336,98.69621276855469,26189800,0.0,0.0,0.0
2024-02-20,107.83999633789062,107.94999694824219,107.62000274658203,107.83999633789062,99.02679443359375,22386600,0.0,0.0,0.0
2024-02-21,107.91999816894531,107.91999816894531,107.41999816894531,107.56999969482422,98.77886962890625,23606200,0.0,0.0,0.0
2024-02-22,107.7300033569336,107.93000030517578,107.5999984741211,107.73999786376953,98.9349594116211,28705900,0.0,0.0,0.0
2024-02-23,107.79000091552734,108.22000122070312,107.7300033569336,108.05999755859375,99.22880554199219,29856300,0.0,0.0,0.0
2024-02-26,108.08999633789062,108.08999633789062,107.4800033569336,107.72000122070312,98.9166030883789,26696200,0.0,0.0,0.0
2024-02-27,107.6500015258789,107.83999633789062,107.51000213623047,107.56999969482422,98.77886962890625,33453800,0.0,0.0,0.0
2024-02-28,107.44000244140625,107.62999725341797,107.4000015258789,107.55999755859375,98.76968383789062,32713500,0.0,0.0,0.0
2024-02-29,107.72000122070312,108.1500015258789,107.5199966430664,107.66000366210938,98.86151123046875,45656400,0.0,0.0,0.0
2024-03-01,107.04000091552734,108.02999877929688,106.75,107.91999816894531,99.46334838867188,42971500,0.393,0.0,0.0
2024-03-04,107.62999725341797,107.87000274658203,107.55000305175781,107.72000122070312,99.27899932861328,31472000,0.0,0.0,0.0
2024-03-05,108.29000091552734,108.5999984741211,108.13999938964844,108.30999755859375,99.82278442382812,33394200,0.0,0.0,0.0
2024-03-06,108.55000305175781,108.95999908447266,108.5199966430664,108.5999984741211,100.09005737304688,33176900,0.0,0.0,0.0
2024-03-07,108.98999786376953,109.02999877929688,108.5999984741211,108.87000274658203,100.33890533447266,22875700,0.0,0.0,0.0
2024-03-08,109.08999633789062,109.30000305175781,108.91999816894531,109.0199966430664,100.47713470458984,29591100,0.0,0.0,0.0
2024-03-11,109.04000091552734,109.29000091552734,108.87000274658203,109.04000091552734,100.49557495117188,25360200,0.0,0.0,0.0
2024-03-12,108.87000274658203,108.95999908447266,108.58999633789062,108.69000244140625,100.17301940917969,30852100,0.0,0.0,0.0
2024-03-13,108.72000122070312,108.94000244140625,108.54000091552734,108.58000183105469,100.07162475585938,31089900,0.0,0.0,0.0
2024-03-14,108.25,108.25,107.69999694824219,107.77999877929688,99.33430480957031,48815400,0.0,0.0,0.0
2024-03-15,107.83000183105469,107.95999908447266,107.62999725341797,107.80999755859375,99.36194610595703,34525600,0.0,0.0,0.0
2024-03-18,107.87000274658203,107.91999816894531,107.61000061035156,107.62999725341797,99.19607543945312,18279900,0.0,0.0,0.0
2024-03-19,107.80999755859375,108.18000030517578,107.75,107.94000244140625,99.48176574707031,22721000,0.0,0.0,0.0
2024-03-20,107.9800033569336,108.33000183105469,107.52999877929688,108.13999938964844,99.66609954833984,41915400,0.0,0.0,0.0
2024-03-21,108.47000122070312,108.55000305175781,108.12999725341797,108.30000305175781,99.81359100341797,26546700,0.0,0.0,0.0
2024-03-22,108.88999938964844,108.91999816894531,108.62000274658203,108.66999816894531,100.15455627441406,20877600,0.0,0.0,0.0
2024-03-25,108.66000366210938,108.66000366210938,108.23999786376953,108.30000305175781,99.81359100341797,23291000,0.0,0.0,0.0
2024-03-26,108.48999786376953,108.48999786376953,108.12999725341797,108.2699966430664,99.78591918945312,27266700,0.0,0.0,0.0
2024-03-27,108.41999816894531,109.0199966430664,108.3499984741211,109.0199966430664,100.47713470458984,30600500,0.0,0.0,0.0
2024-03-28,108.88999938964844,109.19000244140625,108.80000305175781,108.91999816894531,100.3849868774414,23066200,0.0,0.0,0.0
2024-04-01,108.0199966430664,108.02999877929688,107.37999725341797,107.47000122070312,99.42376708984375,20817100,0.411,0.0,0.0
2024-04-02,106.93000030517578,107.36000061035156,106.68000030517578,107.30999755859375,99.27571868896484,32433900,0.0,0.0,0.0
2024-04-03,106.91999816894531,107.55999755859375,106.75,107.37999725341797,99.34049987792969,25198700,0.0,0.0,0.0
2024-04-04,107.77999877929688,107.77999877929688,107.29000091552734,107.5,99.4515151977539,31423800,0.0,0.0,0.0
2024-04-05,107.08000183105469,107.37999725341797,106.9800033569336,107.02999877929688,99.01670837402344,25134900,0.0,0.0,0.0
2024-04-08,106.93000030517578,107.22000122070312,106.86000061035156,107.0199966430664,99.00745391845703,37054400,0.0,0.0,0.0
2024-04-09,107.44999694824219,107.62999725341797,107.38999938964844,107.56999969482422,99.51628875732422,21967300,0.0,0.0,0.0
2024-04-10,106.73999786376953,106.73999786376953,105.87999725341797,106.04000091552734,98.100830078125,45351600,0.0,0.0,0.0
2024-04-11,106.30999755859375,106.4000015258789,105.61000061035156,105.81999969482422,97.89730834960938,38047900,0.0,0.0,0.0
2024-04-12,106.29000091552734,106.33000183105469,106.0199966430664,106.05999755859375,98.11933135986328,35119700,0.0,0.0,0.0
2024-04-15,105.48999786376953,105.48999786376953,104.75,104.88999938964844,97.03691864013672,27018500,0.0,0.0,0.0
2024-04-16,104.45999908447266,104.66000366210938,104.18000030517578,104.54000091552734,96.71314239501953,34191600,0.0,0.0,0.0
2024-04-17,105.04000091552734,105.27999877929688,104.80999755859375,105.11000061035156,97.2404556274414,26726300,0.0,0.0,0.0
2024-04-18,105.18000030517578,105.20999908447266,104.7300033569336,104.9000015258789,97.04619598388672,25997900,0.0,0.0,0.0
2024-04-19,105.2699966430664,105.29000091552734,104.91000366210938,105.01000213623047,97.14795684814453,20265600,0.0,0.0,0.0
2024-04-22,104.97000122070312,105.30999755859375,104.91999816894531,105.2699966430664,97.38848114013672,26642400,0.0,0.0,0.0
2024-04-23,105.16999816894531,105.87000274658203,105.0199966430664,105.44999694824219,97.55500030517578,26338800,0.0,0.0,0.0
2024-04-24,105.22000122070312,105.27999877929688,104.73999786376953,105.04000091552734,97.17571258544922,24538400,0.0,0.0,0.0
2024-04-25,104.30000305175781,104.77999877929688,104.13999938964844,104.7300033569336,96.88892364501953,29826400,0.0,0.0,0.0
2024-04-26,105.12999725341797,105.31999969482422,105.05999755859375,105.12999725341797,97.25895690917969,11784100,0.0,0.0,0.0
2024-04-29,105.43000030517578,105.66999816894531,105.30000305175781,105.56999969482422,97.666015625,18052100,0.0,0.0,0.0
2024-04-30,105.13999938964844,105.4000015258789,104.9000015258789,104.98999786376953,97.12944793701172,26008100,0.0,0.0,0.0
2024-05-01,104.87999725341797,105.55000305175781,104.6500015258789,105.01000213623047,97.53346252441406,30342900,0.415,0.0,0.0
2024-05-02,105.08999633789062,105.72000122070312,104.93000030517578,105.66000366210938,98.13719177246094,28044200,0.0,0.0,0.0
2024-05-03,106.43000030517578,106.79000091552734,106.0,106.4000015258789,98.82451629638672,24166800,0.0,0.0,0.0
2024-05-06,106.5199966430664,106.70999908447266,106.44999694824219,106.69999694824219,99.1031494140625,18519800,0.0,0.0,0.0
2024-05-07,107.0,107.16000366210938,106.6500015258789,106.75,99.14958953857422,28680400,0.0,0.0,0.0
2024-05-08,106.5,106.6500015258789,106.41000366210938,106.4800033569336,98.89879608154297,19916700,0.0,0.0,0.0
2024-05-09,106.4000015258789,106.7699966430664,106.29000091552734,106.6500015258789,99.05670928955078,25583500,0.0,0.0,0.0
2024-05-10,106.44000244140625,106.5199966430664,106.19000244140625,106.30999755859375,98.74090576171875,16291500,0.0,0.0,0.0
2024-05-13,106.55999755859375,106.6500015258789,106.31999969482422,106.3499984741211,98.77806091308594,20464200,0.0,0.0,0.0
2024-05-14,106.62999725341797,106.77999877929688,106.5,106.66000366210938,99.06600952148438,25440400,0.0,0.0,0.0
2024-05-15,107.5,107.77999877929688,107.25,107.61000061035156,99.94835662841797,33780900,0.0,0.0,0.0
2024-05-16,107.76000213623047,107.77999877929688,107.38999938964844,107.44000244140625,99.79046630859375,23586600,0.0,0.0,0.0
2024-05-17,107.25,107.44999694824219,107.16000366210938,107.19000244140625,99.55827331542969,21862800,0.0,0.0,0.0
2024-05-20,107.11000061035156,107.2300033569336,107.05999755859375,107.13999938964844,99.5118179321289,17885200,0.0,0.0,0.0
2024-05-21,107.44000244140625,107.4800033569336,107.26000213623047,107.31999969482422,99.67900848388672,17411900,0.0,0.0,0.0
2024-05-22,107.01000213623047,107.31999969482422,107.0,107.16000366210938,99.53040313720703,26735600,0.0,0.0,0.0
2024-05-23,107.30000305175781,107.33000183105469,106.56999969482422,106.69000244140625,99.09385681152344,24876100,0.0,0.0,0.0
2024-05-24,106.70999908447266,106.98999786376953,106.62000274658203,106.9800033569336,99.36322021484375,11189500,0.0,0.0,0.0
2024-05-28,107.12999725341797,107.12999725341797,106.2699966430664,106.33999633789062,98.76878356933594,15989600,0.0,0.0,0.0
2024-05-29,105.95999908447266,105.97000122070312,105.55000305175781,105.7699966430664,98.23934936523438,30015700,0.0,0.0,0.0
2024-05-30,106.19999694824219,106.44999694824219,106.12999725341797,106.41999816894531,98.84307098388672,21036300,0.0,0.0,0.0
2024-05-31,106.83999633789062,107.0199966430664,106.66999816894531,106.88999938964844,99.27963256835938,19901400,0.0,0.0,0.0
2024-06-03,106.80999755859375,107.23999786376953,106.76000213623047,107.22000122070312,99.96487426757812,20154900,0.405,0.0,0.0
2024-06-04,107.5199966430664,107.80000305175781,107.3499984741211,107.63999938964844,100.35645294189453,24545200,0.0,0.0,0.0
2024-06-05,107.81999969482422,108.02999877929688,107.43000030517578,108.0,100.69210052490234,26584700,0.0,0.0,0.0
2024-06-06,107.83000183105469,108.02999877929688,107.79000091552734,107.93000030517578,100.6268539428711,22687100,0.0,0.0,0.0
2024-06-07,107.02999877929688,107.19999694824219,106.87000274658203,106.95999908447266,99.72247314453125,26228700,0.0,0.0,0.0
2024-06-10,106.75,106.83999633789062,106.6500015258789,106.73999786376953,99.5173568725586,19415700,0.0,0.0,0.0
2024-06-11,106.80000305175781,107.2699966430664,106.7300033569336,107.19999694824219,99.94623565673828,19042600,0.0,0.0,0.0
2024-06-12,108.27999877929688,108.55999755859375,107.81999969482422,107.86000061035156,100.56158447265625,27209400,0.0,0.0,0.0
2024-06-13,108.3499984741211,108.55000305175781,108.05999755859375,108.37000274658203,101.03706359863281,26782700,0.0,0.0,0.0
2024-06-14,108.43000030517578,108.58000183105469,108.25,108.45999908447266,101.12098693847656,28561900,0.0,0.0,0.0
2024-06-17,107.81999969482422,108.01000213623047,107.7300033569336,107.94999694824219,100.6454849243164,24678700,0.0,0.0,0.0
2024-06-18,108.18000030517578,108.55000305175781,108.13999938964844,108.44999694824219,101.11164855957031,25576600,0.0,0.0,0.0
2024-06-20,107.83999633789062,108.11000061035156,107.77999877929688,108.08999633789062,100.77601623535156,21206300,0.0,0.0,0.0
2024-06-21,108.19000244140625,108.3499984741211,107.86000061035156,108.12000274658203,100.80398559570312,21091200,0.0,0.0,0.0
2024-06-24,108.2300033569336,108.41999816894531,108.16999816894531,108.2300033569336,100.90653991699219,18597600,0.0,0.0,0.0
2024-06-25,108.1500015258789,108.29000091552734,108.0199966430664,108.19000244140625,100.86924743652344,16251600,0.0,0.0,0.0
2024-06-26,107.5,107.69999694824219,107.38999938964844,107.5999984741211,100.31916046142578,26381300,0.0,0.0,0.0
2024-06-27,107.93000030517578,107.9800033569336,107.77999877929688,107.80999755859375,100.51495361328125,19939400,0.0,0.0,0.0
2024-06-28,108.08000183105469,108.11000061035156,107.08999633789062,107.12000274658203,99.87165069580078,27395800,0.0,0.0,0.0
2024-07-01,106.33999633789062,106.69999694824219,106.05000305175781,106.11000061035156,99.2784652709961,22429100,0.376,0.0,0.0
2024-07-02,106.6500015258789,106.81999969482422,106.41000366210938,106.79000091552734,99.9146957397461,19845700,0.0,0.0,0.0
2024-07-03,107.1500015258789,107.58000183105469,107.04000091552734,107.58000183105469,100.65382385253906,14318900,0.0,0.0,0.0
2024-07-05,107.98999786376953,108.19999694824219,107.69999694824219,108.13999938964844,101.17777252197266,18800300,0.0,0.0,0.0
2024-07-08,108.22000122070312,108.30999755859375,107.9800033569336,108.12999725341797,101.16841888427734,18136600,0.0,0.0,0.0
2024-07-09,107.94999694824219,108.12000274658203,107.69000244140625,107.93000030517578,100.9813003540039,20384700,0.0,0.0,0.0
2024-07-10,108.05999755859375,108.20999908447266,107.9000015258789,108.19000244140625,101.22456359863281,17263200,0.0,0.0,0.0
2024-07-11,108.86000061035156,109.0199966430664,108.68000030517578,108.7699966430664,101.76720428466797,31411700,0.0,0.0,0.0
2024-07-12,108.83000183105469,109.16999816894531,108.7300033569336,109.16999816894531,102.14147186279297,20301300,0.0,0.0,0.0
2024-07-15,108.80000305175781,108.95999908447266,108.55000305175781,108.56999969482422,101.5801010131836,18291500,0.0,0.0,0.0
2024-07-16,108.83000183105469,109.22000122070312,108.73999786376953,109.19999694824219,102.16951751708984,20090700,0.0,0.0,0.0
2024-07-17,108.9000015258789,109.30000305175781,108.83999633789062,109.25,102.21629333496094,21313500,0.0,0.0,0.0
2024-07-18,108.98999786376953,109.23999786376953,108.73999786376953,108.77999877929688,101.77656555175781,28091700,0.0,0.0,0.0
2024-07-19,108.56999969482422,108.58000183105469,108.30999755859375,108.37999725341797,101.40229797363281,16576600,0.0,0.0,0.0
2024-07-22,108.72000122070312,108.76000213623047,108.19999694824219,108.31999969482422,101.34618377685547,22556800,0.0,0.0,0.0
2024-07-23,108.45999908447266,108.56999969482422,108.23999786376953,108.23999786376953,101.27132415771484,24425700,0.0,0.0,0.0
2024-07-24,108.37000274658203,108.47000122070312,107.58000183105469,107.58000183105469,100.65382385253906,28026100,0.0,0.0,0.0
2024-07-25,107.79000091552734,108.27999877929688,107.7699966430664,108.01000213623047,101.05613708496094,29760400,0.0,0.0,0.0
2024-07-26,108.61000061035156,108.66000366210938,108.3499984741211,108.61000061035156,101.61752319335938,21119900,0.0,0.0,0.0
2024-07-29,108.93000030517578,108.97000122070312,108.62000274658203,108.83999633789062,101.83271026611328,24734600,0.0,0.0,0.0
2024-07-30,108.91999816894531,108.98999786376953,108.69000244140625,108.93000030517578,101.91690826416016,14952000,0.0,0.0,0.0
2024-07-31,109.38999938964844,109.58999633789062,109.08999633789062,109.55999755859375,102.50635528564453,29226900,0.0,0.0,0.0
2024-08-01,109.55999755859375,109.83999633789062,109.44999694824219,109.52999877929688,102.84626007080078,34564600,0.392,0.0,0.0
2024-08-02,110.11000061035156,110.69000244140625,110.11000061035156,110.5999984741211,103.85095977783203,46697900,0.0,0.0,0.0
2024-08-05,110.55999755859375,110.66000366210938,110.01000213623047,110.31999969482422,103.58805847167969,56991100,0.0,0.0,0.0
2024-08-06,110.19999694824219,110.23999786376953,109.58000183105469,109.5999984741211,102.9119873046875,47432500,0.0,0.0,0.0
2024-08-07,109.54000091552734,109.7699966430664,108.94000244140625,109.0999984741211,102.44248962402344,46819000,0.0,0.0,0.0
2024-08-08,109.04000091552734,109.22000122070312,108.83999633789062,109.1500015258789,102.48944854736328,23536800,0.0,0.0,0.0
2024-08-09,109.88999938964844,109.91999816894531,109.61000061035156,109.70999908447266,103.0152816772461,23199700,0.0,0.0,0.0
2024-08-12,109.66000366210938,110.05999755859375,109.55000305175781,109.94000244140625,103.23123168945312,24281800,0.0,0.0,0.0
2024-08-13,110.45999908447266,110.70999908447266,110.30000305175781,110.70999908447266,103.95426177978516,31245000,0.0,0.0,0.0
2024-08-14,110.83999633789062,111.33999633789062,110.83000183105469,111.19999694824219,104.41433715820312,28985600,0.0,0.0,0.0
2024-08-15,110.51000213623047,111.01000213623047,110.44000244140625,110.86000061035156,104.09510040283203,29546000,0.0,0.0,0.0
2024-08-16,110.9800033569336,111.26000213623047,110.41999816894531,111.19000244140625,104.40497589111328,21411500,0.0,0.0,0.0
2024-08-19,111.16999816894531,111.56999969482422,111.1500015258789,111.44999694824219,104.64909362792969,16004100,0.0,0.0,0.0
2024-08-20,111.63999938964844,111.80000305175781,111.44999694824219,111.73999786376953,104.92140197753906,27114000,0.0,0.0,0.0
2024-08-21,111.83000183105469,112.27999877929688,111.66999816894531,111.98999786376953,105.1561508178711,23819100,0.0,0.0,0.0
2024-08-22,111.73999786376953,111.81999969482422,111.29000091552734,111.52999877929688,104.72421264648438,17926300,0.0,0.0,0.0
2024-08-23,111.8499984741211,112.30000305175781,111.70999908447266,112.16999816894531,105.32514953613281,22650200,0.0,0.0,0.0
2024-08-26,112.4000015258789,112.4000015258789,111.98999786376953,112.02999877929688,105.19371032714844,15312500,0.0,0.0,0.0
2024-08-27,111.58000183105469,111.98999786376953,111.54000091552734,111.94000244140625,105.10919952392578,15922700,0.0,0.0,0.0
2024-08-28,111.87000274658203,111.95999908447266,111.63999938964844,111.70999908447266,104.89323425292969,22104600,0.0,0.0,0.0
2024-08-29,111.48999786376953,111.63999938964844,111.33999633789062,111.5199966430664,104.7148208618164,20079400,0.0,0.0,0.0
2024-08-30,111.66000366210938,111.80999755859375,111.16999816894531,111.20999908447266,104.42373657226562,25275500,0.0,0.0,0.0
2024-09-03,111.29000091552734,111.5199966430664,110.97000122070312,111.13999938964844,104.73945617675781,27734500,0.405,0.0,0.0
2024-09-04,111.20999908447266,111.87000274658203,111.19000244140625,111.83000183105469,105.38970947265625,31915900,0.0,0.0,0.0
2024-09-05,112.16000366210938,112.41000366210938,111.73999786376953,112.37999725341797,105.90802764892578,35538500,0.0,0.0,0.0
2024-09-06,112.4000015258789,113.05999755859375,112.12999725341797,112.33000183105469,105.86092376708984,42004600,0.0,0.0,0.0
2024-09-09,112.30999755859375,112.69000244140625,112.18000030517578,112.58000183105469,106.09652709960938,35440300,0.0,0.0,0.0
2024-09-10,112.62999725341797,112.91000366210938,112.51000213623047,112.88999938964844,106.388671875,30489500,0.0,0.0,0.0
2024-09-11,112.66000366210938,113.11000061035156,112.56999969482422,112.94000244140625,106.43579864501953,36948000,0.0,0.0,0.0
2024-09-12,112.86000061035156,112.94999694824219,112.55999755859375,112.86000061035156,106.36038970947266,30255700,0.0,0.0,0.0
2024-09-13,113.22000122070312,113.37000274658203,113.0999984741211,113.20999908447266,106.69022369384766,25536600,0.0,0.0,0.0
2024-09-16,113.3499984741211,113.79000091552734,113.22000122070312,113.70999908447266,107.16144561767578,25722000,0.0,0.0,0.0
2024-09-17,113.9000015258789,113.91999816894531,113.54000091552734,113.72000122070312,107.17088317871094,31732800,0.0,0.0,0.0
2024-09-18,113.44000244140625,114.06999969482422,113.22000122070312,113.25,106.72794342041016,35015500,0.0,0.0,0.0
2024-09-19,113.30000305175781,113.55999755859375,113.13999938964844,113.3499984741211,106.82217407226562,31216900,0.0,0.0,0.0
2024-09-20,113.18000030517578,113.5,112.98999786376953,113.44999694824219,106.9164047241211,29958900,0.0,0.0,0.0
2024-09-23,113.0999984741211,113.5199966430664,112.95999908447266,113.29000091552734,106.76563262939453,22919400,0.0,0.0,0.0
2024-09-24,113.0,113.56999969482422,112.9000015258789,113.4800033569336,106.94469451904297,24719900,0.0,0.0,0.0
2024-09-25,113.16000366210938,113.19999694824219,112.77999877929688,112.80999755859375,106.31327819824219,32881300,0.0,0.0,0.0
2024-09-26,113.01000213623047,113.08999633789062,112.5199966430664,112.80999755859375,106.31327819824219,20877100,0.0,0.0,0.0
2024-09-27,113.12999725341797,113.3499984741211,113.05000305175781,113.26000213623047,106.73735046386719,25232000,0.0,0.0,0.0
2024-09-30,113.19999694824219,113.31999969482422,112.83000183105469,112.9800033569336,106.47348022460938,22728400,0.0,0.0,0.0
2024-10-01,113.0999984741211,113.29000091552734,112.87000274658203,113.11000061035156,106.98519134521484,36591300,0.411,0.0,0.0
2024-10-02,112.44000244140625,112.87999725341797,112.38999938964844,112.86000061035156,106.74871826171875,29446700,0.0,0.0,0.0
2024-10-03,112.58000183105469,112.62999725341797,112.12999725341797,112.12999725341797,106.05827331542969,24163200,0.0,0.0,0.0
2024-10-04,111.55000305175781,111.63999938964844,111.38999938964844,111.5199966430664,105.48127746582031,33618100,0.0,0.0,0.0
2024-10-07,111.12000274658203,111.33000183105469,110.87999725341797,110.94999694824219,104.94215393066406,27106300,0.0,0.0,0.0
2024-10-08,110.81999969482422,111.16999816894531,110.66999816894531,111.16999816894531,105.15022277832031,27316000,0.0,0.0,0.0
2024-10-09,110.93000030517578,111.06999969482422,110.75,110.94999694824219,104.94215393066406,29951900,0.0,0.0,0.0
2024-10-10,110.7300033569336,110.88999938964844,110.5,110.83000183105469,104.82865142822266,25932500,0.0,0.0,0.0
2024-10-11,110.66999816894531,111.0199966430664,110.56999969482422,110.80999755859375,104.80972290039062,20079000,0.0,0.0,0.0
2024-10-14,110.5,110.83999633789062,110.37000274658203,110.81999969482422,104.8191909790039,4335400,0.0,0.0,0.0
2024-10-15,111.05000305175781,111.47000122070312,111.05000305175781,111.36000061035156,105.3299560546875,28673200,0.0,0.0,0.0
2024-10-16,111.66999816894531,111.79000091552734,111.48999786376953,111.70999908447266,105.66099548339844,20474300,0.0,0.0,0.0
2024-10-17,111.27999877929688,111.31999969482422,110.83000183105469,110.87999725341797,104.87593078613281,31476700,0.0,0.0,0.0
2024-10-18,111.05999755859375,111.1500015258789,110.7300033569336,110.75,104.75297546386719,27372400,0.0,0.0,0.0
2024-10-21,110.20999908447266,110.27999877929688,109.58000183105469,109.62000274658203,103.68417358398438,28320400,0.0,0.0,0.0
2024-10-22,109.72000122070312,109.73999786376953,109.3499984741211,109.61000061035156,103.67471313476562,26001200,0.0,0.0,0.0
2024-10-23,109.23999786376953,109.45999908447266,109.08000183105469,109.23999786376953,103.32475280761719,25425800,0.0,0.0,0.0
2024-10-24,109.41000366210938,109.7699966430664,109.2699966430664,109.56999969482422,103.63687896728516,21021100,0.0,0.0,0.0
2024-10-25,109.87999725341797,109.94000244140625,109.25,109.30999755859375,103.39095306396484,16040900,0.0,0.0,0.0
2024-10-28,109.43000030517578,109.48999786376953,108.97000122070312,109.22000122070312,103.30583953857422,20935200,0.0,0.0,0.0
2024-10-29,108.73999786376953,109.37999725341797,108.66000366210938,109.3499984741211,103.42877197265625,24075800,0.0,0.0,0.0
2024-10-30,109.68000030517578,109.94999694824219,109.16000366210938,109.20999908447266,103.29637908935547,25259100,0.0,0.0,0.0
2024-10-31,109.02999877929688,109.31999969482422,108.72000122070312,108.98999786376953,103.0882797241211,29424400,0.0,0.0,0.0
2024-11-01,108.9000015258789,109.06999969482422,107.95999908447266,108.01000213623047,102.52350616455078,25142200,0.385,0.0,0.0
2024-11-04,108.9000015258789,109.08000183105469,108.5199966430664,108.80999755859375,103.28285217285156,24713500,0.0,0.0,0.0
2024-11-05,108.76000213623047,109.3499984741211,108.5,109.33000183105469,103.7764663696289,23732500,0.0,0.0,0.0
2024-11-06,108.06999969482422,108.6500015258789,107.91000366210938,108.19000244140625,102.69437408447266,38097900,0.0,0.0,0.0
2024-11-07,108.83000183105469,109.58999633789062,108.72000122070312,109.47000122070312,103.90935516357422,24596700,0.0,0.0,0.0
2024-11-08,109.70999908447266,110.08000183105469,109.58999633789062,109.8499984741211,104.27003479003906,21113600,0.0,0.0,0.0
2024-11-11,109.6500015258789,109.7300033569336,109.45999908447266,109.63999938964844,104.0707015991211,7971100,0.0,0.0,0.0
2024-11-12,109.16999816894531,109.4000015258789,108.55999755859375,108.6500015258789,103.13099670410156,36203300,0.0,0.0,0.0
2024-11-13,109.23999786376953,109.25,108.16999816894531,108.23999786376953,102.7418212890625,22942500,0.0,0.0,0.0
2024-11-14,108.52999877929688,108.72000122070312,108.0999984741211,108.20999908447266,102.71334075927734,26889100,0.0,0.0,0.0
2024-11-15,107.91000366210938,108.5199966430664,107.5999984741211,108.26000213623047,102.76081848144531,27276300,0.0,0.0,0.0
2024-11-18,108.12999725341797,108.63999938964844,108.04000091552734,108.45999908447266,102.95063781738281,19399100,0.0,0.0,0.0
2024-11-19,108.72000122070312,108.91000366210938,108.61000061035156,108.69000244140625,103.16896057128906,21473200,0.0,0.0,0.0
2024-11-20,108.30999755859375,108.5999984741211,108.2699966430664,108.43000030517578,102.92217254638672,24792000,0.0,0.0,0.0
2024-11-21,108.47000122070312,108.75,108.20999908447266,108.30000305175781,102.79875946044922,22507400,0.0,0.0,0.0
2024-11-22,108.4800033569336,108.58999633789062,108.22000122070312,108.4000015258789,102.89370727539062,13813000,0.0,0.0,0.0
2024-11-25,109.55999755859375,109.80999755859375,109.41999816894531,109.75,104.17511749267578,21678000,0.0,0.0,0.0
2024-11-26,109.48999786376953,109.5199966430664,109.11000061035156,109.47000122070312,103.90935516357422,25005000,0.0,0.0,0.0
2024-11-27,109.79000091552734,109.9800033569336,109.55999755859375,109.87000274658203,104.28902435302734,23584000,0.0,0.0,0.0
2024-11-29,110.33999633789062,110.56999969482422,110.29000091552734,110.55000305175781,104.93449401855469,11838900,0.0,0.0,0.0
2024-12-02,110.3499984741211,110.43000030517578,109.80999755859375,110.33999633789062,105.09925842285156,33409400,0.383,0.0,0.0
2024-12-03,110.45999908447266,110.54000091552734,109.88999938964844,109.94999694824219,104.727783203125,27394800,0.0,0.0,0.0
2024-12-04,109.75,110.58999633789062,109.69999694824219,110.4800033569336,105.23262023925781,22704100,0.0,0.0,0.0
2024-12-05,110.20999908447266,110.54000091552734,110.16999816894531,110.44999694824219,105.20402526855469,16792500,0.0,0.0,0.0
2024-12-06,110.91999816894531,110.93000030517578,110.44000244140625,110.69999694824219,105.44217681884766,16668800,0.0,0.0,0.0
2024-12-09,110.54000091552734,110.5999984741211,110.33000183105469,110.41999816894531,105.17547607421875,21149300,0.0,0.0,0.0
2024-12-10,110.16999816894531,110.4000015258789,110.11000061035156,110.25,105.0135269165039,19497500,0.0,0.0,0.0
2024-12-11,110.44999694824219,110.58999633789062,109.93000030517578,109.94999694824219,104.727783203125,24516500,0.0,0.0,0.0
2024-12-12,109.69000244140625,109.72000122070312,109.25,109.33000183105469,104.13725280761719,24747600,0.0,0.0,0.0
2024-12-13,109.18000030517578,109.19000244140625,108.6500015258789,108.72000122070312,103.55622100830078,13195000,0.0,0.0,0.0
2024-12-16,109.02999877929688,109.05999755859375,108.69999694824219,108.86000061035156,103.68956756591797,18893000,0.0,0.0,0.0
2024-12-17,108.83999633789062,109.0199966430664,108.75,108.87000274658203,103.69908905029297,29945700,0.0,0.0,0.0
2024-12-18,108.36000061035156,108.58999633789062,107.05000305175781,107.13999938964844,102.4134292602539,36753900,0.385,0.0,0.0
2024-12-19,106.86000061035156,107.0,106.33000183105469,106.55999755859375,101.85900115966797,40479900,0.0,0.0,0.0
2024-12-20,107.08999633789062,107.47000122070312,106.80999755859375,106.9800033569336,102.26048278808594,27608300,0.0,0.0,0.0
2024-12-23,107.01000213623047,107.08000183105469,106.55000305175781,106.66999816894531,101.9641342163086,13091800,0.0,0.0,0.0
2024-12-24,106.45999908447266,107.01000213623047,106.41999816894531,107.0,102.27959442138672,6215300,0.0,0.0,0.0
2024-12-26,106.5,107.13999938964844,106.5,107.0999984741211,102.37518310546875,12454800,0.0,0.0,0.0
2024-12-27,106.91000366210938,107.04000091552734,106.61000061035156,106.6500015258789,101.94506072998047,13908400,0.0,0.0,0.0
2024-12-30,107.02999877929688,107.18000030517578,106.97000122070312,107.11000061035156,102.38475036621094,9141400,0.0,0.0,0.0
2024-12-31,107.29000091552734,107.38999938964844,106.66999816894531,106.83999633789062,102.12664794921875,10768700,0.0,0.0,0.0
2025-01-02,107.12000274658203,107.30999755859375,106.62000274658203,106.8499984741211,102.13622283935547,19098100,0.0,0.0,0.0
2025-01-03,107.0,107.05999755859375,106.54000091552734,106.5999984741211,101.89724731445312,22610500,0.0,0.0,0.0
2025-01-06,106.5199966430664,106.58999633789062,106.2699966430664,106.33000183105469,101.63916778564453,24302200,0.0,0.0,0.0
2025-01-07,106.19000244140625,106.30999755859375,105.66999816894531,105.83999633789062,101.1707763671875,25115700,0.0,0.0,0.0
2025-01-08,105.70999908447266,106.11000061035156,105.62999725341797,106.01000213623047,101.33326721191406,30143800,0.0,0.0,0.0
2025-01-10,105.3499984741211,105.73999786376953,105.22000122070312,105.4000015258789,100.75019836425781,24613500,0.0,0.0,0.0
2025-01-13,105.3499984741211,105.37000274658203,105.02999877929688,105.0999984741211,100.46341705322266,18873300,0.0,0.0,0.0
2025-01-14,105.19999694824219,105.27999877929688,104.94000244140625,105.22000122070312,100.57813262939453,27585200,0.0,0.0,0.0
2025-01-15,106.41999816894531,106.63999938964844,106.22000122070312,106.4800033569336,101.78255462646484,32123600,0.0,0.0,0.0
2025-01-16,106.43000030517578,106.91000366210938,106.20999908447266,106.69000244140625,101.98326873779297,24583300,0.0,0.0,0.0
2025-01-17,106.9800033569336,107.01000213623047,106.70999908447266,106.77999877929688,102.06930541992188,18912000,0.0,0.0,0.0
2025-01-21,107.2300033569336,107.41999816894531,107.12000274658203,107.4000015258789,102.6619644165039,20670600,0.0,0.0,0.0
2025-01-22,107.4000015258789,107.51000213623047,107.05000305175781,107.05999755859375,102.33695220947266,18418900,0.0,0.0,0.0
2025-01-23,106.58999633789062,106.91999816894531,106.56999969482422,106.91000366210938,102.19357299804688,18118300,0.0,0.0,0.0
2025-01-24,106.87000274658203,107.23999786376953,106.76000213623047,107.12000274658203,102.3943099975586,13020200,0.0,0.0,0.0
2025-01-27,107.6500015258789,107.88999938964844,107.51000213623047,107.86000061035156,103.10166931152344,18954300,0.0,0.0,0.0
2025-01-28,107.58000183105469,107.7699966430664,107.4800033569336,107.70999908447266,102.95826721191406,22253100,0.0,0.0,0.0
2025-01-29,107.88999938964844,107.91999816894531,107.2300033569336,107.56999969482422,102.82445526123047,24969100,0.0,0.0,0.0
2025-01-30,107.86000061035156,108.01000213623047,107.66000366210938,107.80999755859375,103.05386352539062,22709300,0.0,0.0,0.0
2025-01-31,107.9000015258789,108.0199966430664,107.23999786376953,107.45999908447266,102.71931457519531,28454600,0.0,0.0,0.0
2025-02-03,107.36000061035156,107.68000030517578,107.0199966430664,107.23999786376953,102.88143920898438,21155000,0.389,0.0,0.0
2025-02-04,106.9800033569336,107.56999969482422,106.94000244140625,107.44999694824219,103.08290100097656,25086200,0.0,0.0,0.0
2025-02-05,108.04000091552734,108.43000030517578,107.7699966430664,108.19999694824219,103.80242919921875,30119200,0.0,0.0,0.0
2025-02-06,108.12999725341797,108.29000091552734,107.88999938964844,108.0,103.61054992675781,22557700,0.0,0.0,0.0
2025-02-07,107.63999938964844,107.72000122070312,107.4000015258789,107.52999877929688,103.15965270996094,23911000,0.0,0.0,0.0
2025-02-10,107.62999725341797,107.8499984741211,107.44999694824219,107.55999755859375,103.18843841552734,15302300,0.0,0.0,0.0
2025-02-11,107.2300033569336,107.4000015258789,107.19999694824219,107.31999969482422,102.95819854736328,19478800,0.0,0.0,0.0
2025-02-12,106.56999969482422,106.87000274658203,106.36000061035156,106.73999786376953,102.4017562866211,31480600,0.0,0.0,0.0
2025-02-13,107.31999969482422,107.76000213623047,107.27999877929688,107.56999969482422,103.19802856445312,20735100,0.0,0.0,0.0
2025-02-14,108.12999725341797,108.3499984741211,107.98999786376953,107.98999786376953,103.60096740722656,14409400,0.0,0.0,0.0
2025-02-18,107.8499984741211,107.95999908447266,107.47000122070312,107.55000305175781,103.17884063720703,17640000,0.0,0.0,0.0
2025-02-19,107.51000213623047,107.7699966430664,107.4000015258789,107.61000061035156,103.23640441894531,26007400,0.0,0.0,0.0
2025-02-20,107.77999877929688,107.94999694824219,107.70999908447266,107.87000274658203,103.48583984375,23814800,0.0,0.0,0.0
2025-02-21,108.0199966430664,108.58000183105469,107.98999786376953,108.25,103.85037994384766,30130700,0.0,0.0,0.0
2025-02-24,108.30999755859375,108.68000030517578,108.18000030517578,108.52999877929688,104.11901092529297,23399500,0.0,0.0,0.0
2025-02-25,109.20999908447266,109.4000015258789,109.05999755859375,109.36000061035156,104.915283203125,26835200,0.0,0.0,0.0
2025-02-26,109.4000015258789,109.63999938964844,109.19000244140625,109.58999633789062,105.13593292236328,22983100,0.0,0.0,0.0
2025-02-27,109.27999877929688,109.44999694824219,109.06999969482422,109.12999725341797,104.69463348388672,27258200,0.0,0.0,0.0
2025-02-28,109.51000213623047,109.66000366210938,109.1500015258789,109.61000061035156,105.15512084960938,29596100,0.0,0.0,0.0
2025-03-03,108.94000244140625,109.54000091552734,108.87000274658203,109.54000091552734,105.48735809326172,42545300,0.415,0.0,0.0
2025-03-04,109.36000061035156,109.55000305175781,109.05000305175781,109.18000030517578,105.14066314697266,46053300,0.0,0.0,0.0
2025-03-05,109.33000183105469,109.44999694824219,108.7300033569336,108.83000183105469,104.80362701416016,45483500,0.0,0.0,0.0
2025-03-06,108.69000244140625,108.83999633789062,108.29000091552734,108.48999786376953,104.47620391845703,40519900,0.0,0.0,0.0
2025-03-07,109.02999877929688,109.02999877929688,108.19999694824219,108.31999969482422,104.31249237060547,30747100,0.0,0.0,0.0
2025-03-10,108.81999969482422,109.05999755859375,108.55000305175781,108.69000244140625,104.6688003540039,34294800,0.0,0.0,0.0
2025-03-11,108.61000061035156,108.68000030517578,107.94999694824219,107.9800033569336,103.98506927490234,42262600,0.0,0.0,0.0
2025-03-12,108.02999877929688,108.05999755859375,107.62000274658203,107.66000366210938,103.67691040039062,35875600,0.0,0.0,0.0
2025-03-13,107.29000091552734,108.02999877929688,107.18000030517578,108.0,104.00431823730469,43907900,0.0,0.0,0.0
2025-03-14,108.0,108.20999908447266,107.87000274658203,107.94999694824219,103.9561767578125,31358100,0.0,0.0,0.0
2025-03-17,108.3499984741211,108.55999755859375,108.12000274658203,108.16999816894531,104.16803741455078,17561400,0.0,0.0,0.0
2025-03-18,108.13999938964844,108.66000366210938,108.0199966430664,108.43000030517578,104.41841888427734,27948100,0.0,0.0,0.0
2025-03-19,108.44999694824219,109.18000030517578,108.27999877929688,109.06999969482422,105.03474426269531,27469800,0.0,0.0,0.0
2025-03-20,109.63999938964844,109.6500015258789,108.9000015258789,108.91000366210938,104.88066101074219,26937300,0.0,0.0,0.0
2025-03-21,108.9800033569336,109.0999984741211,108.69000244140625,108.76000213623047,104.7362060546875,26447400,0.0,0.0,0.0
2025-03-24,108.63999938964844,108.63999938964844,108.20999908447266,108.29000091552734,104.28359985351562,25243300,0.0,0.0,0.0
2025-03-25,108.29000091552734,108.62000274658203,108.19000244140625,108.4000015258789,104.38953399658203,22744000,0.0,0.0,0.0
2025-03-26,108.22000122070312,108.22000122070312,107.91000366210938,107.95999908447266,103.96580505371094,17115600,0.0,0.0,0.0
2025-03-27,107.7699966430664,107.87000274658203,107.63999938964844,107.83000183105469,103.84062957763672,22028900,0.0,0.0,0.0
2025-03-28,108.30000305175781,108.52999877929688,108.1500015258789,108.4800033569336,104.46656036376953,27257000,0.0,0.0,0.0
2025-03-31,108.75,108.81999969482422,108.30000305175781,108.69000244140625,104.6688003540039,29834300,0.0,0.0,0.0
2025-04-01,108.52999877929688,108.9000015258789,108.4800033569336,108.66000366210938,105.04293060302734,22059200,0.417,0.0,0.0
2025-04-02,109.01000213623047,109.01000213623047,108.3499984741211,108.91000366210938,105.28460693359375,24769000,0.0,0.0,0.0
2025-04-03,109.11000061035156,109.54000091552734,108.75,108.9000015258789,105.27493286132812,41675700,0.0,0.0,0.0
2025-04-04,109.12999725341797,109.47000122070312,108.5,108.77999877929688,105.15892028808594,60793800,0.0,0.0,0.0
2025-04-07,107.7699966430664,108.2699966430664,106.36000061035156,106.66000366210938,103.1094970703125,62583200,0.0,0.0,0.0
2025-04-08,106.83999633789062,106.91000366210938,104.97000122070312,105.30999755859375,101.80442810058594,56747700,0.0,0.0,0.0
2025-04-09,104.08999633789062,107.11000061035156,103.7699966430664,107.06999969482422,103.50584411621094,77380700,0.0,0.0,0.0
2025-04-10,105.95999908447266,106.3499984741211,105.05999755859375,105.25,101.74641418457031,55825000,0.0,0.0,0.0
2025-04-11,104.52999877929688,105.43000030517578,103.44999694824219,105.2300033569336,101.72708892822266,41686900,0.0,0.0,0.0
2025-04-14,105.98999786376953,106.08999633789062,105.4800033569336,105.87999725341797,102.35545349121094,28111900,0.0,0.0,0.0
2025-04-15,105.93000030517578,106.61000061035156,105.87999725341797,106.44999694824219,102.90648651123047,20502600,0.0,0.0,0.0
2025-04-16,106.55000305175781,106.91000366210938,106.27999877929688,106.9000015258789,103.34150695800781,24639800,0.0,0.0,0.0
2025-04-17,106.91000366210938,107.0,106.56999969482422,106.75,103.19649505615234,11483700,0.0,0.0,0.0
2025-04-21,106.20999908447266,106.37999725341797,105.51000213623047,105.5999984741211,102.08477020263672,23506700,0.0,0.0,0.0
2025-04-22,106.18000030517578,106.2300033569336,105.81999969482422,105.86000061035156,102.33612060546875,20939300,0.0,0.0,0.0
2025-04-23,107.55000305175781,107.66999816894531,106.30999755859375,106.33000183105469,102.79046630859375,31155900,0.0,0.0,0.0
2025-04-24,107.05999755859375,107.4800033569336,106.87000274658203,107.41999816894531,103.84419250488281,23838700,0.0,0.0,0.0
2025-04-25,107.83000183105469,108.04000091552734,107.6500015258789,107.98999786376953,104.39521789550781,14575300,0.0,0.0,0.0
2025-04-28,107.88999938964844,108.3499984741211,107.87999725341797,108.23999786376953,104.63690185546875,18297900,0.0,0.0,0.0
2025-04-29,108.05999755859375,108.5,108.05000305175781,108.48999786376953,104.8785629272461,19346200,0.0,0.0,0.0
2025-04-30,108.12999725341797,108.29000091552734,107.80999755859375,107.9800033569336,104.38555145263672,35129300,0.0,0.0,0.0
2025-05-01,107.76000213623047,107.76000213623047,107.08999633789062,107.16999816894531,104.0186538696289,28056300,0.432,0.0,0.0
2025-05-02,106.83999633789062,107.04000091552734,106.69999694824219,106.91000366210938,103.76631164550781,20302100,0.0,0.0,0.0
2025-05-05,106.63999938964844,106.80999755859375,106.30000305175781,106.76000213623047,103.6207275390625,20005800,0.0,0.0,0.0
2025-05-06,106.45999908447266,106.9800033569336,106.37000274658203,106.97000122070312,103.82453918457031,29906500,0.0,0.0,0.0
2025-05-07,107.19000244140625,107.30000305175781,107.0,107.19000244140625,104.0380859375,19892000,0.0,0.0,0.0
2025-05-08,107.3499984741211,107.43000030517578,106.6500015258789,106.6500015258789,103.51395416259766,25149700,0.0,0.0,0.0
2025-05-09,106.93000030517578,107.02999877929688,106.58000183105469,106.61000061035156,103.47512817382812,18254700,0.0,0.0,0.0
2025-05-12,106.58999633789062,106.83000183105469,106.48999786376953,106.58999633789062,103.45572662353516,28270900,0.0,0.0,0.0
2025-05-13,106.69000244140625,106.81999969482422,106.47000122070312,106.68000030517578,103.5430679321289,32005700,0.0,0.0,0.0
2025-05-14,106.58000183105469,106.70999908447266,106.0999984741211,106.13999938964844,103.01895904541016,25340600,0.0,0.0,0.0
2025-05-15,106.38999938964844,106.95999908447266,106.31999969482422,106.9000015258789,103.75660705566406,30008300,0.0,0.0,0.0
2025-05-16,107.38999938964844,107.4000015258789,106.94999694824219,107.0999984741211,103.95072174072266,21888400,0.0,0.0,0.0
2025-05-19,106.16000366210938,107.16999816894531,106.05999755859375,107.11000061035156,103.96043395996094,33615600,0.0,0.0,0.0
2025-05-20,106.80000305175781,106.9800033569336,106.61000061035156,106.8499984741211,103.70808410644531,23036200,0.0,0.0,0.0
2025-05-21,106.36000061035156,106.54000091552734,105.56999969482422,105.66000366210938,102.55306243896484,35452800,0.0,0.0,0.0
2025-05-22,105.54000091552734,106.25,105.38999938964844,106.19999694824219,103.07717895507812,34010700,0.0,0.0,0.0
2025-05-23,106.41000366210938,106.56999969482422,106.08999633789062,106.27999877929688,103.15483856201172,21447200,0.0,0.0,0.0
2025-05-27,106.91999816894531,107.33000183105469,106.5199966430664,107.23999786376953,104.08660888671875,29208400,0.0,0.0,0.0
2025-05-28,107.02999877929688,107.0999984741211,106.66999816894531,106.9800033569336,103.83426666259766,29079800,0.0,0.0,0.0
2025-05-29,107.33000183105469,107.55999755859375,107.19999694824219,107.45999908447266,104.30012512207031,31012800,0.0,0.0,0.0
2025-05-30,107.44999694824219,107.7699966430664,107.3499984741211,107.7699966430664,104.60100555419922,29890800,0.0,0.0,0.0
2025-06-02,106.98999786376953,107.08000183105469,106.69000244140625,107.06999969482422,104.30487060546875,24225900,0.396,0.0,0.0
2025-06-03,107.23999786376953,107.41000366210938,106.98999786376953,107.12000274658203,104.35358428955078,24080000,0.0,0.0,0.0
2025-06-04,107.62999725341797,108.05000305175781,107.5199966430664,107.9000015258789,105.11344146728516,28006400,0.0,0.0,0.0
2025-06-05,107.94000244140625,107.98999786376953,107.51000213623047,107.56999969482422,104.79194641113281,29760700,0.0,0.0,0.0
2025-06-06,107.22000122070312,107.3499984741211,106.91000366210938,106.91999816894531,104.15874481201172,31093100,0.0,0.0,0.0
2025-06-09,106.98999786376953,107.37999725341797,106.94000244140625,107.23999786376953,104.47048950195312,18850000,0.0,0.0,0.0
2025-06-10,107.6500015258789,107.69000244140625,107.26000213623047,107.5,104.72376251220703,20359000,0.0,0.0,0.0
2025-06-11,107.68000030517578,107.97000122070312,107.55999755859375,107.83999633789062,105.05498504638672,20584700,0.0,0.0,0.0
2025-06-12,108.2300033569336,108.44000244140625,108.08000183105469,108.44000244140625,105.6395034790039,26497300,0.0,0.0,0.0
2025-06-13,108.12000274658203,108.19000244140625,107.5,107.79000091552734,105.00627899169922,34794500,0.0,0.0,0.0
2025-06-16,107.80000305175781,108.12000274658203,107.58000183105469,107.5999984741211,104.82118225097656,21286000,0.0,0.0,0.0
2025-06-17,107.87999725341797,108.04000091552734,107.6500015258789,107.97000122070312,105.18162536621094,27241300,0.0,0.0,0.0
2025-06-18,108.22000122070312,108.41999816894531,107.8499984741211,108.05000305175781,105.25957489013672,29762000,0.0,0.0,0.0
2025-06-20,107.86000061035156,108.30999755859375,107.72000122070312,108.13999938964844,105.34723663330078,20437500,0.0,0.0,0.0
2025-06-23,108.38999938964844,108.69999694824219,108.30999755859375,108.41000366210938,105.61026763916016,34072400,0.0,0.0,0.0
2025-06-24,108.27999877929688,109.0199966430664,108.2699966430664,108.91999816894531,106.10709381103516,38185300,0.0,0.0,0.0
2025-06-25,108.70999908447266,108.8499984741211,108.52999877929688,108.79000091552734,105.98046112060547,30675200,0.0,0.0,0.0
2025-06-26,108.91000366210938,109.19999694824219,108.69000244140625,109.19000244140625,106.3701171875,31026000,0.0,0.0,0.0
2025-06-27,109.0,109.4000015258789,108.87999725341797,109.01000213623047,106.19477081298828,24704800,0.0,0.0,0.0
2025-06-30,109.37000274658203,109.72000122070312,109.23999786376953,109.61000061035156,106.77928161621094,40575000,0.0,0.0,0.0
2025-07-01,109.26000213623047,109.41000366210938,109.02999877929688,109.33999633789062,106.90834045410156,28691300,0.402,0.0,0.0
2025-07-02,108.9800033569336,109.31999969482422,108.9000015258789,109.31999969482422,106.88878631591797,24284500,0.0,0.0,0.0
2025-07-03,109.1500015258789,109.27999877929688,108.9800033569336,109.05999755859375,106.63456726074219,17340500,0.0,0.0,0.0
2025-07-07,108.86000061035156,108.86000061035156,108.29000091552734,108.41000366210938,105.9990234375,18303300,0.0,0.0,0.0
2025-07-08,108.16000366210938,108.19000244140625,108.01000213623047,108.0999984741211,105.69590759277344,29374900,0.0,0.0,0.0
2025-07-09,108.3499984741211,108.73999786376953,108.25,108.72000122070312,106.30213165283203,33182900,0.0,0.0,0.0
2025-07-10,108.68000030517578,108.83999633789062,108.47000122070312,108.73999786376953,106.3216781616211,29758900,0.0,0.0,0.0
2025-07-11,108.26000213623047,108.29000091552734,108.0,108.08000183105469,105.6763687133789,23776000,0.0,0.0,0.0
2025-07-14,108.0199966430664,108.19000244140625,107.86000061035156,108.05000305175781,105.64703369140625,18216500,0.0,0.0,0.0
2025-07-15,108.27999877929688,108.27999877929688,107.62000274658203,107.66000366210938,105.26570129394531,31329400,0.0,0.0,0.0
2025-07-16,107.91000366210938,108.0999984741211,107.33999633789062,107.83000183105469,105.43192291259766,41794100,0.0,0.0,0.0
2025-07-17,108.04000091552734,108.20999908447266,107.94999694824219,108.08999633789062,105.6861343383789,19396900,0.0,0.0,0.0
2025-07-18,108.38999938964844,108.43000030517578,108.16000366210938,108.29000091552734,105.8816909790039,17446200,0.0,0.0,0.0
2025-07-21,108.86000061035156,108.98999786376953,108.68000030517578,108.70999908447266,106.29235076904297,17147100,0.0,0.0,0.0
2025-07-22,108.76000213623047,109.02999877929688,108.72000122070312,108.97000122070312,106.54656219482422,19568700,0.0,0.0,0.0
2025-07-23,108.76000213623047,108.87999725341797,108.6500015258789,108.80000305175781,106.3803482055664,20810400,0.0,0.0,0.0
2025-07-24,108.44000244140625,108.86000061035156,108.41999816894531,108.63999938964844,106.22390747070312,23064800,0.0,0.0,0.0
2025-07-25,108.69000244140625,109.04000091552734,108.5999984741211,108.98999786376953,106.56611633300781,26008500,0.0,0.0,0.0
2025-07-28,108.86000061035156,108.94000244140625,108.7300033569336,108.7699966430664,106.35101318359375,21887900,0.0,0.0,0.0
2025-07-29,108.94999694824219,109.5,108.93000030517578,109.48999786376953,107.05500030517578,26131300,0.0,0.0,0.0
2025-07-30,109.08999633789062,109.44999694824219,108.9800033569336,109.08000183105469,106.65412139892578,23313300,0.0,0.0,0.0
2025-07-31,109.41000366210938,109.5,109.08999633789062,109.11000061035156,106.68346405029297,31745000,0.0,0.0,0.0
2025-08-01,109.31999969482422,109.69999694824219,109.12000274658203,109.62999725341797,107.6298599243164,46073800,0.444,0.0,0.0
2025-08-04,109.77999877929688,109.88999938964844,109.58000183105469,109.81999969482422,107.81640625,31779600,0.0,0.0,0.0
2025-08-05,109.62999725341797,109.93000030517578,109.61000061035156,109.9000015258789,107.89493560791016,25922900,0.0,0.0,0.0
2025-08-06,109.6500015258789,109.91999816894531,109.2300033569336,109.87000274658203,107.86548614501953,31825300,0.0,0.0,0.0
2025-08-07,109.91000366210938,110.08000183105469,109.69000244140625,109.76000213623047,107.75749206542969,29018100,0.0,0.0,0.0
2025-08-08,109.63999938964844,109.63999938964844,109.38999938964844,109.41000366210938,107.41388702392578,16946300,0.0,0.0,0.0
2025-08-11,109.56999969482422,109.72000122070312,109.44999694824219,109.58000183105469,107.58078002929688,24444300,0.0,0.0,0.0
2025-08-12,109.38999938964844,109.69999694824219,109.2699966430664,109.68000030517578,107.678955078125,26380500,0.0,0.0,0.0
2025-08-13,110.05999755859375,110.31999969482422,110.05000305175781,110.26000213623047,108.24837493896484,27701400,0.0,0.0,0.0
2025-08-14,110.0,110.05999755859375,109.75,109.87999725341797,107.87529754638672,18817700,0.0,0.0,0.0
2025-08-15,109.83999633789062,109.93000030517578,109.62999725341797,109.73999786376953,107.73785400390625,20932000,0.0,0.0,0.0
2025-08-18,109.81999969482422,109.83999633789062,109.44000244140625,109.54000091552734,107.54151153564453,19579900,0.0,0.0,0.0
2025-08-19,109.68000030517578,109.77999877929688,109.61000061035156,109.70999908447266,107.70841217041016,26744200,0.0,0.0,0.0
2025-08-20,109.66999816894531,109.87000274658203,109.58999633789062,109.76000213623047,107.75749206542969,25054700,0.0,0.0,0.0
2025-08-21,109.55999755859375,109.56999969482422,109.19000244140625,109.33999633789062,107.34515380859375,25157900,0.0,0.0,0.0
2025-08-22,109.6500015258789,110.30999755859375,109.55999755859375,110.19999694824219,108.18946838378906,34562900,0.0,0.0,0.0
2025-08-25,109.97000122070312,110.13999938964844,109.87999725341797,109.91000366210938,107.9047622680664,18983100,0.0,0.0,0.0
2025-08-26,109.88999938964844,110.01000213623047,109.66000366210938,109.98999786376953,107.98329162597656,23246400,0.0,0.0,0.0
2025-08-27,109.68000030517578,110.05999755859375,109.58999633789062,110.02999877929688,108.02256774902344,25171700,0.0,0.0,0.0
2025-08-28,110.08000183105469,110.30999755859375,110.0,110.19999694824219,108.18946838378906,26892700,0.0,0.0,0.0
2025-08-29,109.98999786376953,110.01000213623047,109.75,109.80000305175781,107.79676818847656,32201100,0.0,0.0,0.0
2025-09-02,108.87999725341797,109.08999633789062,108.80999755859375,109.05000305175781,107.4361801147461,31044800,0.384,0.0,0.0
2025-09-03,109.26000213623047,109.83000183105469,109.23999786376953,109.69999694824219,108.07655334472656,34520600,0.0,0.0,0.0
2025-09-04,110.08000183105469,110.45999908447266,109.97000122070312,110.44999694824219,108.81546020507812,43026600,0.0,0.0,0.0
2025-09-05,111.20999908447266,111.30999755859375,111.05999755859375,111.16999816894531,109.5248031616211,36249000,0.0,0.0,0.0
2025-09-08,111.51000213623047,111.62999725341797,111.41999816894531,111.55999755859375,109.9090347290039,28998000,0.0,0.0,0.0
2025-09-09,111.44000244140625,111.55000305175781,111.12000274658203,111.36000061035156,109.71199035644531,24412500,0.0,0.0,0.0
2025-09-10,111.58000183105469,111.98999786376953,111.55000305175781,111.69000244140625,110.03710174560547,30188100,0.0,0.0,0.0
2025-09-11,111.88999938964844,112.33000183105469,111.87000274658203,112.20999908447266,110.5494155883789,28405600,0.0,0.0,0.0
2025-09-12,111.97000122070312,112.04000091552734,111.70999908447266,112.01000213623047,110.35236358642578,26728500,0.0,0.0,0.0
2025-09-15,112.2300033569336,112.41999816894531,112.2300033569336,112.36000061035156,110.69719696044922,21863600,0.0,0.0,0.0
2025-09-16,112.29000091552734,112.4000015258789,112.16000366210938,112.26000213623047,110.59867858886719,28232600,0.0,0.0,0.0
2025-09-17,112.45999908447266,112.63999938964844,111.81999969482422,112.05999755859375,110.4016342163086,34969800,0.0,0.0,0.0
2025-09-18,111.72000122070312,111.87999725341797,111.5199966430664,111.83000183105469,110.17503356933594,37159300,0.0,0.0,0.0
2025-09-19,111.73999786376953,111.83999633789062,111.55999755859375,111.73999786376953,110.08637237548828,26845400,0.0,0.0,0.0
2025-09-22,111.63999938964844,111.69999694824219,111.43000030517578,111.48999786376953,109.84007263183594,25908600,0.0,0.0,0.0
2025-09-23,111.6500015258789,111.75,111.48999786376953,111.70999908447266,110.05681610107422,31575400,0.0,0.0,0.0
2025-09-24,111.48999786376953,111.5199966430664,111.16999816894531,111.26000213623047,109.61347198486328,34756700,0.0,0.0,0.0
2025-09-25,111.0,111.08000183105469,110.68000030517578,111.05999755859375,109.41643524169922,36991200,0.0,0.0,0.0
2025-09-26,111.1500015258789,111.38999938964844,110.98999786376953,111.20999908447266,109.564208984375,31962100,0.0,0.0,0.0
2025-09-29,111.45999908447266,111.69999694824219,111.41999816894531,111.58000183105469,109.9287338256836,31961900,0.0,0.0,0.0
2025-09-30,111.6500015258789,111.86000061035156,111.37999725341797,111.47000122070312,109.82036590576172,34939700,0.0,0.0,0.0
2025-10-01,111.44000244140625,111.51000213623047,111.2300033569336,111.51000213623047,110.2613754272461,30262700,0.406,0.0,0.0
2025-10-02,111.48999786376953,111.7300033569336,111.41000366210938,111.69000244140625,110.4393539428711,18259400,0.0,0.0,0.0
2025-10-03,111.69000244140625,111.7699966430664,111.4800033569336,111.55000305175781,110.3009262084961,19971200,0.0,0.0,0.0
2025-10-06,111.23999786376953,111.47000122070312,111.16000366210938,111.19000244140625,109.94495391845703,19553600,0.0,0.0,0.0
2025-10-07,111.33999633789062,111.48999786376953,111.16999816894531,111.4000015258789,110.15260314941406,29459500,0.0,0.0,0.0
2025-10-08,111.61000061035156,111.62000274658203,111.25,111.26000213623047,110.01417541503906,22462100,0.0,0.0,0.0
2025-10-09,111.16999816894531,111.20999908447266,110.94999694824219,111.04000091552734,109.79663848876953,29660700,0.0,0.0,0.0
2025-10-10,111.4800033569336,111.55000305175781,111.27999877929688,111.3499984741211,110.10316467285156,39146400,0.0,0.0,0.0
2025-10-13,111.4000015258789,111.80000305175781,111.33000183105469,111.7300033569336,110.47891235351562,11235900,0.0,0.0,0.0
2025-10-14,111.5199966430664,112.12999725341797,111.4800033569336,112.0999984741211,110.84476470947266,43975300,0.0,0.0,0.0
2025-10-15,112.26000213623047,112.5,111.91000366210938,112.0999984741211,110.84476470947266,45017200,0.0,0.0,0.0
2025-10-16,112.05000305175781,112.44000244140625,111.9800033569336,112.41999816894531,111.16117858886719,39858400,0.0,0.0,0.0
2025-10-17,112.29000091552734,112.31999969482422,112.11000061035156,112.19999694824219,110.94364929199219,35433500,0.0,0.0,0.0
2025-10-20,112.45999908447266,112.55999755859375,112.41999816894531,112.54000091552734,111.27983856201172,26361100,0.0,0.0,0.0
2025-10-21,112.81999969482422,112.88999938964844,112.55000305175781,112.55999755859375,111.29961395263672,27353800,0.0,0.0,0.0
2025-10-22,112.55000305175781,112.68000030517578,112.41000366210938,112.66999816894531,111.40837860107422,41003600,0.0,0.0,0.0
2025-10-23,112.5199966430664,112.69000244140625,112.45999908447266,112.52999877929688,111.26995086669922,27558500,0.0,0.0,0.0
2025-10-24,112.77999877929688,112.79000091552734,112.55000305175781,112.72000122070312,111.45781707763672,29474600,0.0,0.0,0.0
2025-10-27,112.70999908447266,112.93000030517578,112.55000305175781,112.91000366210938,111.64569854736328,23513400,0.0,0.0,0.0
2025-10-28,112.8499984741211,112.93000030517578,112.69999694824219,112.91999816894531,111.65557861328125,34236300,0.0,0.0,0.0
2025-10-29,112.86000061035156,112.88999938964844,112.19000244140625,112.27999877929688,111.02275085449219,36236000,0.0,0.0,0.0
2025-10-30,111.62000274658203,112.01000213623047,111.5199966430664,111.68000030517578,110.42947387695312,46045200,0.0,0.0,0.0
2025-10-31,111.77999877929688,111.77999877929688,111.19000244140625,111.2300033569336,109.98451232910156,57255300,0.0,0.0,0.0
2025-11-03,110.58999633789062,110.62000274658203,110.4000015258789,110.52999877929688,109.68877410888672,53372100,0.402,0.0,0.0
2025-11-04,110.45999908447266,110.95999908447266,110.44999694824219,110.68000030517578,109.83763122558594,62636700,0.0,0.0,0.0
2025-11-05,110.6500015258789,110.72000122070312,110.33000183105469,110.3499984741211,109.51013946533203,43258300,0.0,0.0,0.0
2025-11-06,110.80000305175781,110.93000030517578,110.7300033569336,110.93000030517578,110.08573150634766,37814800,0.0,0.0,0.0
2025-11-07,110.6500015258789,110.83999633789062,110.58999633789062,110.70999908447266,109.8674087524414,42671600,0.0,0.0,0.0
2025-11-10,110.7699966430664,110.9000015258789,110.70999908447266,110.7699966430664,109.92694854736328,45229000,0.0,0.0,0.0
2025-11-11,111.05000305175781,111.29000091552734,110.9800033569336,111.20999908447266,110.36360168457031,11282600,0.0,0.0,0.0
2025-11-12,111.13999938964844,111.19000244140625,111.0,111.0999984741211,110.25444030761719,39067900,0.0,0.0,0.0
2025-11-13,110.79000091552734,110.91000366210938,110.55000305175781,110.55000305175781,109.70862579345703,34125900,0.0,0.0,0.0
2025-11-14,110.63999938964844,110.7300033569336,110.23999786376953,110.25,109.4109115600586,31437600,0.0,0.0,0.0
2025-11-17,110.30999755859375,110.58000183105469,110.25,110.31999969482422,109.48037719726562,34343300,0.0,0.0,0.0
2025-11-18,110.51000213623047,110.58000183105469,110.26000213623047,110.37000274658203,109.52999877929688,30566000,0.0,0.0,0.0
2025-11-19,110.5999984741211,110.66999816894531,110.31999969482422,110.37999725341797,109.5399169921875,29144800,0.0,0.0,0.0
2025-11-20,110.66999816894531,110.80999755859375,110.43000030517578,110.52999877929688,109.68877410888672,49362200,0.0,0.0,0.0
2025-11-21,110.9000015258789,110.95999908447266,110.61000061035156,110.91999816894531,110.0758056640625,41000500,0.0,0.0,0.0
2025-11-24,111.18000030517578,111.36000061035156,111.08999633789062,111.36000061035156,110.51246643066406,28437900,0.0,0.0,0.0
2025-11-25,111.43000030517578,111.9000015258789,111.4000015258789,111.66999816894531,110.82009887695312,47560900,0.0,0.0,0.0
2025-11-26,111.66999816894531,112.05999755859375,111.54000091552734,112.05000305175781,111.19721221923828,24585400,0.0,0.0,0.0
2025-11-28,111.9800033569336,112.0199966430664,111.68000030517578,111.86000061035156,111.00865936279297,25471200,0.0,0.0,0.0
2025-12-01,110.7699966430664,110.88999938964844,110.66000366210938,110.8499984741211,110.41399383544922,24610100,0.413,0.0,0.0
2025-12-02,110.83999633789062,111.05000305175781,110.75,110.91999816894531,110.48371887207031,34955000,0.0,0.0,0.0
2025-12-03,111.0,111.2699966430664,110.94999694824219,111.16999816894531,110.73274230957031,20997800,0.0,0.0,0.0
2025-12-04,111.04000091552734,111.05999755859375,110.86000061035156,110.97000122070312,110.53353118896484,29846500,0.0,0.0,0.0
2025-12-05,111.0199966430664,111.02999877929688,110.69999694824219,110.86000061035156,110.42395782470703,25470000,0.0,0.0,0.0
2025-12-08,110.87999725341797,110.88999938964844,110.41000366210938,110.62999725341797,110.19486236572266,28815200,0.0,0.0,0.0
2025-12-09,110.86000061035156,110.87999725341797,110.4000015258789,110.48999786376953,110.05541229248047,29239900,0.0,0.0,0.0
2025-12-10,110.45999908447266,111.05999755859375,110.43000030517578,111.0,110.56340789794922,34019300,0.0,0.0,0.0
2025-12-11,111.19000244140625,111.30999755859375,110.79000091552734,110.83999633789062,110.40403747558594,41927200,0.0,0.0,0.0
2025-12-12,110.30000305175781,110.41000366210938,110.0999984741211,110.16999816894531,109.7366714477539,39040100,0.0,0.0,0.0
2025-12-15,110.52999877929688,110.61000061035156,110.22000122070312,110.30000305175781,109.86616516113281,22151200,0.0,0.0,0.0
2025-12-16,110.18000030517578,110.58999633789062,110.12000274658203,110.55000305175781,110.11518096923828,31692600,0.0,0.0,0.0
2025-12-17,110.43000030517578,110.58000183105469,110.3499984741211,110.43000030517578,109.99565124511719,22248000,0.0,0.0,0.0
2025-12-18,110.8499984741211,110.94000244140625,110.63999938964844,110.8499984741211,110.41399383544922,31844300,0.0,0.0,0.0
2025-12-19,110.27999877929688,110.33999633789062,110.0999984741211,110.12999725341797,110.12999725341797,28594900,0.436,0.0,0.0
2025-12-22,110.18000030517578,110.20999908447266,110.01000213623047,110.11000061035156,110.11000061035156,17335000,0.0,0.0,0.0
2025-12-23,109.91000366210938,110.2699966430664,109.8499984741211,110.22000122070312,110.22000122070312,16137300,0.0,0.0,0.0
2025-12-24,110.43000030517578,110.6500015258789,110.33999633789062,110.6500015258789,110.6500015258789,6400600,0.0,0.0,0.0
2025-12-26,110.75,110.80000305175781,110.47000122070312,110.63999938964844,110.63999938964844,10589300,0.0,0.0,0.0
2025-12-29,110.69000244140625,110.79000091552734,110.58999633789062,110.79000091552734,110.79000091552734,18943900,0.0,0.0,0.0
2025-12-30,110.56999969482422,110.76000213623047,110.4800033569336,110.66000366210938,110.66000366210938,21486400,0.0,0.0,0.0
2025-12-31,110.52999877929688,110.62999725341797,110.19000244140625,110.19000244140625,110.19000244140625,19124600,0.0,0.0,0.0
2026-01-02,110.31999969482422,110.4000015258789,110.04000091552734,110.16000366210938,110.16000366210938,25676200,0.0,0.0,0.0
2026-01-05,110.30000305175781,110.51000213623047,110.16999816894531,110.47000122070312,110.47000122070312,27771000,0.0,0.0,0.0
2026-01-06,110.30999755859375,110.4800033569336,110.12999725341797,110.47000122070312,110.47000122070312,31037300,0.0,0.0,0.0
2026-01-07,110.75,110.80000305175781,110.52999877929688,110.55000305175781,110.55000305175781,28107400,0.0,0.0,0.0
2026-01-08,110.19999694824219,110.38999938964844,110.19000244140625,110.23999786376953,110.23999786376953,26395600,0.0,0.0,0.0
2026-01-09,110.31999969482422,110.68000030517578,110.22000122070312,110.63999938964844,110.63999938964844,29660300,0.0,0.0,0.0
2026-01-12,110.37000274658203,110.6500015258789,110.31999969482422,110.51000213623047,110.51000213623047,28990100,0.0,0.0,0.0
2026-01-13,110.70999908447266,110.79000091552734,110.52999877929688,110.75,110.75,31139200,0.0,0.0,0.0
2026-01-14,110.80000305175781,111.04000091552734,110.7699966430664,111.02999877929688,111.02999877929688,27251900,0.0,0.0,0.0
2026-01-15,111.18000030517578,111.19999694824219,110.83999633789062,110.88999938964844,110.88999938964844,34534800,0.0,0.0,0.0
2026-01-16,110.81999969482422,110.87000274658203,110.55000305175781,110.56999969482422,110.56999969482422,38762100,0.0,0.0,0.0
2026-01-20,109.8499984741211,110.1500015258789,109.80999755859375,109.9000015258789,109.9000015258789,43500200,0.0,0.0,0.0
2026-01-21,110.12999725341797,110.66000366210938,110.02999877929688,110.55999755859375,110.55999755859375,38616500,0.0,0.0,0.0
2026-01-22,110.58000183105469,110.61499786376953,110.4800033569336,110.55729675292969,110.55729675292969,4080479,0.0,0.0,0.0
