Date,open,high,low,close,adjclose,volume,dividends,stock_splits,capital_gains
2007-01-11,108.69999694824219,108.69999694824219,108.69999694824219,108.69999694824219,82.2852554321289,900,0.0,0.0,0.0
2007-01-12,108.76000213623047,108.76000213623047,108.76000213623047,108.76000213623047,82.33064270019531,1100,0.0,0.0,0.0
2007-01-16,108.76000213623047,108.76000213623047,108.73999786376953,108.73999786376953,82.31546020507812,500,0.0,0.0,0.0
2007-01-17,108.80000305175781,108.80000305175781,108.80000305175781,108.80000305175781,82.36092376708984,8200,0.0,0.0,0.0
2007-01-18,108.80000305175781,108.80000305175781,108.76000213623047,108.79000091552734,82.35328674316406,23100,0.0,0.0,0.0
2007-01-19,108.79000091552734,108.80999755859375,108.7699966430664,108.7699966430664,82.33815002441406,13400,0.0,0.0,0.0
2007-01-22,108.81999969482422,108.83000183105469,108.80000305175781,108.80999755859375,82.36849212646484,3000,0.0,0.0,0.0
2007-01-23,108.80999755859375,108.83000183105469,108.80999755859375,108.81999969482422,82.37602996826172,2300,0.0,0.0,0.0
2007-01-24,108.87000274658203,108.88999938964844,108.87000274658203,108.87999725341797,82.42146301269531,4300,0.0,0.0,0.0
2007-01-25,108.88999938964844,108.9000015258789,108.86000061035156,108.87999725341797,82.42146301269531,31300,0.0,0.0,0.0
2007-01-26,108.93000030517578,108.93000030517578,108.87000274658203,108.87000274658203,82.41389465332031,94800,0.0,0.0,0.0
2007-01-29,108.97000122070312,108.97000122070312,108.94999694824219,108.94999694824219,82.47445678710938,19900,0.0,0.0,0.0
2007-01-30,108.94000244140625,108.97000122070312,108.93000030517578,108.94999694824219,82.47445678710938,5500,0.0,0.0,0.0
2007-01-31,108.97000122070312,109.0,108.95999908447266,109.0,82.51224517822266,2500,0.0,0.0,0.0
2007-02-01,108.7300033569336,108.7300033569336,108.68000030517578,108.69000244140625,82.51529693603516,11400,0.314,0.0,0.0
2007-02-02,108.72000122070312,108.75,108.70999908447266,108.72000122070312,82.5381088256836,35400,0.0,0.0,0.0
2007-02-05,108.7699966430664,108.7699966430664,108.72000122070312,108.75,82.56088256835938,8700,0.0,0.0,0.0
2007-02-06,108.76000213623047,108.76000213623047,108.7300033569336,108.73999786376953,82.55326843261719,10400,0.0,0.0,0.0
2007-02-07,108.81999969482422,108.81999969482422,108.75,108.80000305175781,82.59883880615234,8500,0.0,0.0,0.0
2007-02-08,108.80999755859375,108.80999755859375,108.79000091552734,108.79000091552734,82.59119415283203,4500,0.0,0.0,0.0
2007-02-09,108.83000183105469,108.83999633789062,108.73999786376953,108.81999969482422,82.61402130126953,25400,0.0,0.0,0.0
2007-02-12,108.81999969482422,108.81999969482422,108.80999755859375,108.81999969482422,82.61402130126953,8500,0.0,0.0,0.0
2007-02-13,108.80000305175781,108.83000183105469,108.80000305175781,108.81999969482422,82.61402130126953,1500,0.0,0.0,0.0
2007-02-14,108.87999725341797,108.9000015258789,108.87999725341797,108.88999938964844,82.66720581054688,24600,0.0,0.0,0.0
2007-02-15,108.9000015258789,108.94000244140625,108.86000061035156,108.9000015258789,82.67477416992188,32200,0.0,0.0,0.0
2007-02-16,108.93000030517578,108.94000244140625,108.88999938964844,108.91999816894531,82.68994903564453,25200,0.0,0.0,0.0
2007-02-20,108.91000366210938,108.94000244140625,108.91000366210938,108.93000030517578,82.69751739501953,15000,0.0,0.0,0.0
2007-02-21,108.93000030517578,108.98999786376953,108.87000274658203,108.97000122070312,82.72784423828125,74300,0.0,0.0,0.0
2007-02-22,108.95999908447266,108.97000122070312,108.95999908447266,108.97000122070312,82.72784423828125,3200,0.0,0.0,0.0
2007-02-23,108.97000122070312,109.02999877929688,108.97000122070312,109.0199966430664,82.76586151123047,8700,0.0,0.0,0.0
2007-02-26,109.05000305175781,109.05000305175781,109.01000213623047,109.02999877929688,82.77340698242188,268100,0.0,0.0,0.0
2007-02-27,109.05999755859375,109.05999755859375,109.0199966430664,109.05000305175781,82.78861236572266,16600,0.0,0.0,0.0
2007-02-28,109.05999755859375,109.1500015258789,109.05999755859375,109.12000274658203,82.84174346923828,296600,0.0,0.0,0.0
2007-03-01,108.87000274658203,108.87999725341797,108.80000305175781,108.86000061035156,82.83952331542969,32500,0.257,0.0,0.0
2007-03-02,108.91000366210938,108.94999694824219,108.87000274658203,108.91999816894531,82.88511657714844,24800,0.0,0.0,0.0
2007-03-05,108.91999816894531,108.91999816894531,108.87999725341797,108.9000015258789,82.86997985839844,31200,0.0,0.0,0.0
2007-03-06,108.91000366210938,108.94999694824219,108.87000274658203,108.91000366210938,82.87753295898438,11000,0.0,0.0,0.0
2007-03-07,108.94999694824219,108.94999694824219,108.93000030517578,108.94999694824219,82.90798950195312,17600,0.0,0.0,0.0
2007-03-08,108.97000122070312,108.97000122070312,108.94000244140625,108.95999908447266,82.91561126708984,18100,0.0,0.0,0.0
2007-03-09,108.94999694824219,108.9800033569336,108.91000366210938,108.94999694824219,82.90798950195312,52900,0.0,0.0,0.0
2007-03-12,108.9800033569336,108.9800033569336,108.94000244140625,108.9800033569336,82.9308090209961,10800,0.0,0.0,0.0
2007-03-13,109.0,109.05000305175781,108.9800033569336,109.05000305175781,82.98406982421875,126800,0.0,0.0,0.0
2007-03-14,109.06999969482422,109.06999969482422,109.02999877929688,109.05999755859375,82.99170684814453,22400,0.0,0.0,0.0
2007-03-15,109.05999755859375,109.05999755859375,109.0199966430664,109.05000305175781,82.98406982421875,16600,0.0,0.0,0.0
2007-03-16,109.06999969482422,109.06999969482422,109.04000091552734,109.06999969482422,82.99925994873047,14500,0.0,0.0,0.0
2007-03-19,109.08000183105469,109.08999633789062,108.9000015258789,109.06999969482422,82.99925994873047,108600,0.0,0.0,0.0
2007-03-20,109.11000061035156,109.11000061035156,109.08000183105469,109.0999984741211,83.02213287353516,4100,0.0,0.0,0.0
2007-03-21,109.1500015258789,109.19999694824219,109.11000061035156,109.16999816894531,83.075439453125,140500,0.0,0.0,0.0
2007-03-22,109.16999816894531,109.18000030517578,109.12999725341797,109.13999938964844,83.05255126953125,28400,0.0,0.0,0.0
2007-03-23,109.16999816894531,109.19999694824219,109.1500015258789,109.18000030517578,83.08304595947266,572400,0.0,0.0,0.0
2007-03-26,109.16000366210938,109.19999694824219,109.1500015258789,109.19000244140625,83.09060668945312,10600,0.0,0.0,0.0
2007-03-27,109.16999816894531,109.23999786376953,109.16999816894531,109.22000122070312,83.11341857910156,394600,0.0,0.0,0.0
2007-03-28,109.22000122070312,109.27999877929688,109.22000122070312,109.25,83.13629150390625,20100,0.0,0.0,0.0
2007-03-29,109.2699966430664,109.29000091552734,109.26000213623047,109.27999877929688,83.15912628173828,22800,0.0,0.0,0.0
2007-03-30,109.30000305175781,109.30000305175781,109.2300033569336,109.27999877929688,83.15912628173828,202600,0.0,0.0,0.0
2007-04-02,108.98999786376953,109.02999877929688,108.91000366210938,109.0,83.16291046142578,23000,0.285,0.0,0.0
2007-04-03,109.05000305175781,109.06999969482422,108.9800033569336,109.0199966430664,83.17816162109375,25000,0.0,0.0,0.0
2007-04-04,109.06999969482422,109.11000061035156,109.05999755859375,109.08000183105469,83.22394561767578,20800,0.0,0.0,0.0
2007-04-05,109.08999633789062,109.11000061035156,109.05000305175781,109.06999969482422,83.21629333496094,16400,0.0,0.0,0.0
2007-04-09,109.06999969482422,109.08999633789062,109.05000305175781,109.08000183105469,83.22394561767578,34400,0.0,0.0,0.0
2007-04-10,109.08000183105469,109.12000274658203,109.08000183105469,109.11000061035156,83.24685668945312,18000,0.0,0.0,0.0
2007-04-11,109.12999725341797,109.19000244140625,109.12999725341797,109.13999938964844,83.26972961425781,11700,0.0,0.0,0.0
2007-04-12,109.16000366210938,109.18000030517578,109.1500015258789,109.16999816894531,83.2926254272461,31500,0.0,0.0,0.0
2007-04-13,109.16999816894531,109.19000244140625,109.1500015258789,109.19000244140625,83.30789947509766,52000,0.0,0.0,0.0
2007-04-16,109.19000244140625,109.20999908447266,109.16000366210938,109.20999908447266,83.32318878173828,40100,0.0,0.0,0.0
2007-04-17,109.22000122070312,109.2300033569336,109.19000244140625,109.22000122070312,83.3307876586914,20200,0.0,0.0,0.0
2007-04-18,109.26000213623047,109.29000091552734,109.26000213623047,109.29000091552734,83.3841552734375,31800,0.0,0.0,0.0
2007-04-19,109.27999877929688,109.30000305175781,109.2699966430664,109.30000305175781,83.3918685913086,78000,0.0,0.0,0.0
2007-04-20,109.30000305175781,109.31999969482422,109.25,109.29000091552734,83.3841552734375,70700,0.0,0.0,0.0
2007-04-23,109.30999755859375,109.33999633789062,109.30999755859375,109.33000183105469,83.41472625732422,21400,0.0,0.0,0.0
2007-04-24,109.33999633789062,109.37000274658203,109.31999969482422,109.33999633789062,83.42235565185547,15200,0.0,0.0,0.0
2007-04-25,109.3499984741211,109.38999938964844,109.33000183105469,109.37000274658203,83.4452133178711,42800,0.0,0.0,0.0
2007-04-26,109.38999938964844,109.4000015258789,109.33999633789062,109.33999633789062,83.42235565185547,844500,0.0,0.0,0.0
2007-04-27,109.36000061035156,109.41000366210938,109.36000061035156,109.37999725341797,83.45281219482422,16600,0.0,0.0,0.0
2007-04-30,109.37999725341797,109.41999816894531,109.37999725341797,109.4000015258789,83.46808624267578,11600,0.0,0.0,0.0
2007-05-01,109.11000061035156,109.11000061035156,109.05000305175781,109.0999984741211,83.49182891845703,55200,0.331,0.0,0.0
2007-05-02,109.1500015258789,109.16000366210938,109.08999633789062,109.1500015258789,83.53004455566406,116600,0.0,0.0,0.0
2007-05-03,109.16999816894531,109.18000030517578,109.11000061035156,109.16000366210938,83.53775024414062,56700,0.0,0.0,0.0
2007-05-04,109.18000030517578,109.19000244140625,109.13999938964844,109.18000030517578,83.55306243896484,15800,0.0,0.0,0.0
2007-05-07,109.16000366210938,109.19000244140625,109.16000366210938,109.16000366210938,83.53775024414062,8000,0.0,0.0,0.0
2007-05-08,109.19000244140625,109.20999908447266,109.19000244140625,109.19999694824219,83.56832885742188,9000,0.0,0.0,0.0
2007-05-09,109.23999786376953,109.26000213623047,109.22000122070312,109.26000213623047,83.61426544189453,48200,0.0,0.0,0.0
2007-05-10,109.2699966430664,109.29000091552734,109.23999786376953,109.2699966430664,83.62195587158203,42800,0.0,0.0,0.0
2007-05-11,109.27999877929688,109.30000305175781,109.2699966430664,109.27999877929688,83.62955474853516,11300,0.0,0.0,0.0
2007-05-14,109.30000305175781,109.31999969482422,109.2699966430664,109.29000091552734,83.6372299194336,18900,0.0,0.0,0.0
2007-05-15,109.33000183105469,109.33999633789062,109.27999877929688,109.33000183105469,83.66783905029297,206700,0.0,0.0,0.0
2007-05-16,109.37999725341797,109.4000015258789,109.36000061035156,109.38999938964844,83.71373748779297,14400,0.0,0.0,0.0
2007-05-17,109.37000274658203,109.41000366210938,109.36000061035156,109.4000015258789,83.72142791748047,16500,0.0,0.0,0.0
2007-05-18,109.41000366210938,109.41999816894531,109.3499984741211,109.41000366210938,83.72906494140625,37400,0.0,0.0,0.0
2007-05-21,109.37999725341797,109.41999816894531,109.37999725341797,109.41000366210938,83.72906494140625,30600,0.0,0.0,0.0
2007-05-22,109.41999816894531,109.43000030517578,109.4000015258789,109.41000366210938,83.72906494140625,6700,0.0,0.0,0.0
2007-05-23,109.47000122070312,109.4800033569336,109.45999908447266,109.47000122070312,83.77501678466797,21200,0.0,0.0,0.0
2007-05-24,109.4800033569336,109.48999786376953,109.45999908447266,109.48999786376953,83.7902603149414,4500,0.0,0.0,0.0
2007-05-25,109.5199966430664,109.5199966430664,109.47000122070312,109.51000213623047,83.80561828613281,38400,0.0,0.0,0.0
2007-05-29,109.4800033569336,109.5199966430664,109.4800033569336,109.5199966430664,83.81324005126953,13200,0.0,0.0,0.0
2007-05-30,109.52999877929688,109.56999969482422,109.52999877929688,109.56999969482422,83.85150146484375,10000,0.0,0.0,0.0
2007-05-31,109.55000305175781,109.5999984741211,109.55000305175781,109.58000183105469,83.8591537475586,15700,0.0,0.0,0.0
2007-06-01,109.16999816894531,109.18000030517578,109.1500015258789,109.18000030517578,83.87223815917969,16600,0.417,0.0,0.0
2007-06-04,109.19999694824219,109.2300033569336,109.18000030517578,109.2300033569336,83.91065216064453,63100,0.0,0.0,0.0
2007-06-05,109.19999694824219,109.2300033569336,109.18000030517578,109.22000122070312,83.9029541015625,20200,0.0,0.0,0.0
2007-06-06,109.2699966430664,109.27999877929688,109.2300033569336,109.23999786376953,83.9183349609375,128100,0.0,0.0,0.0
2007-06-07,109.29000091552734,109.29000091552734,109.23999786376953,109.29000091552734,83.95674896240234,29000,0.0,0.0,0.0
2007-06-08,109.30000305175781,109.30999755859375,109.26000213623047,109.30999755859375,83.97210693359375,28800,0.0,0.0,0.0
2007-06-11,109.30999755859375,109.31999969482422,109.2699966430664,109.31999969482422,83.9798355102539,11800,0.0,0.0,0.0
2007-06-12,109.33000183105469,109.33999633789062,109.27999877929688,109.33000183105469,83.9874496459961,86100,0.0,0.0,0.0
2007-06-13,109.36000061035156,109.37999725341797,109.30999755859375,109.30999755859375,83.97210693359375,291800,0.0,0.0,0.0
2007-06-14,109.37999725341797,109.38999938964844,109.33999633789062,109.38999938964844,84.03351593017578,40100,0.0,0.0,0.0
2007-06-15,109.41999816894531,109.41999816894531,109.37000274658203,109.41999816894531,84.05658721923828,75300,0.0,0.0,0.0
2007-06-18,109.37000274658203,109.43000030517578,109.37000274658203,109.43000030517578,84.06426239013672,38000,0.0,0.0,0.0
2007-06-19,109.45999908447266,109.45999908447266,109.44000244140625,109.45999908447266,84.08734893798828,21600,0.0,0.0,0.0
2007-06-20,109.5,109.5,109.45999908447266,109.48999786376953,84.11033630371094,40600,0.0,0.0,0.0
2007-06-21,109.5199966430664,109.5199966430664,109.4800033569336,109.5,84.11803436279297,79300,0.0,0.0,0.0
2007-06-22,109.52999877929688,109.52999877929688,109.5,109.52999877929688,84.14108276367188,43400,0.0,0.0,0.0
2007-06-25,109.55000305175781,109.55999755859375,109.51000213623047,109.54000091552734,84.14877319335938,54100,0.0,0.0,0.0
2007-06-26,109.52999877929688,109.55000305175781,109.52999877929688,109.55000305175781,84.15644073486328,66100,0.0,0.0,0.0
2007-06-27,109.58000183105469,109.61000061035156,109.58000183105469,109.58000183105469,84.17953491210938,294200,0.0,0.0,0.0
2007-06-28,109.62000274658203,109.69999694824219,109.58999633789062,109.61000061035156,84.20255279541016,59700,0.0,0.0,0.0
2007-06-29,109.62999725341797,109.69999694824219,109.58999633789062,109.63999938964844,84.22563171386719,1669100,0.0,0.0,0.0
2007-07-02,109.19999694824219,109.19999694824219,109.11000061035156,109.16999816894531,84.22871398925781,1660500,0.474,0.0,0.0
2007-07-03,109.18000030517578,109.22000122070312,109.1500015258789,109.1500015258789,84.21331024169922,87900,0.0,0.0,0.0
2007-07-05,109.19999694824219,109.20999908447266,109.1500015258789,109.19999694824219,84.25183868408203,35800,0.0,0.0,0.0
2007-07-06,109.22000122070312,109.22000122070312,109.16999816894531,109.19999694824219,84.25183868408203,45700,0.0,0.0,0.0
2007-07-09,109.22000122070312,109.2300033569336,109.20999908447266,109.2300033569336,84.27499389648438,18500,0.0,0.0,0.0
2007-07-10,109.26000213623047,109.27999877929688,109.22000122070312,109.2699966430664,84.3058853149414,365100,0.0,0.0,0.0
2007-07-11,109.30000305175781,109.30000305175781,109.26000213623047,109.2699966430664,84.3058853149414,19900,0.0,0.0,0.0
2007-07-12,109.30999755859375,109.30999755859375,109.26000213623047,109.29000091552734,84.32128143310547,23900,0.0,0.0,0.0
2007-07-13,109.30999755859375,109.31999969482422,109.27999877929688,109.30999755859375,84.33670806884766,140600,0.0,0.0,0.0
2007-07-16,109.33000183105469,109.33000183105469,109.30000305175781,109.31999969482422,84.34443664550781,53200,0.0,0.0,0.0
2007-07-17,109.33999633789062,109.33999633789062,109.30000305175781,109.33999633789062,84.35985565185547,23000,0.0,0.0,0.0
2007-07-18,109.37999725341797,109.38999938964844,109.33999633789062,109.37000274658203,84.3829574584961,37800,0.0,0.0,0.0
2007-07-19,109.38999938964844,109.38999938964844,109.3499984741211,109.38999938964844,84.39839172363281,28100,0.0,0.0,0.0
2007-07-20,109.41000366210938,109.43000030517578,109.37999725341797,109.43000030517578,84.42929077148438,71800,0.0,0.0,0.0
2007-07-23,109.41000366210938,109.44000244140625,109.4000015258789,109.43000030517578,84.42929077148438,13400,0.0,0.0,0.0
2007-07-24,109.41999816894531,109.44000244140625,109.41000366210938,109.44000244140625,84.43697357177734,30100,0.0,0.0,0.0
2007-07-25,109.45999908447266,109.51000213623047,109.45999908447266,109.47000122070312,84.46015167236328,33000,0.0,0.0,0.0
2007-07-26,109.55000305175781,109.61000061035156,109.48999786376953,109.52999877929688,84.5064697265625,348800,0.0,0.0,0.0
2007-07-27,109.54000091552734,109.55999755859375,109.5199966430664,109.52999877929688,84.5064697265625,76600,0.0,0.0,0.0
2007-07-30,109.56999969482422,109.56999969482422,109.52999877929688,109.52999877929688,84.5064697265625,52800,0.0,0.0,0.0
2007-07-31,109.58000183105469,109.58000183105469,109.5199966430664,109.56999969482422,84.53731536865234,54400,0.0,0.0,0.0
2007-08-01,109.16000366210938,109.20999908447266,109.13999938964844,109.18000030517578,84.5667724609375,91700,0.428,0.0,0.0
2007-08-02,109.19999694824219,109.22000122070312,109.16999816894531,109.22000122070312,84.5976791381836,149400,0.0,0.0,0.0
2007-08-03,109.23999786376953,109.25,109.19999694824219,109.25,84.62096405029297,52600,0.0,0.0,0.0
2007-08-06,109.2699966430664,109.2699966430664,109.22000122070312,109.23999786376953,84.61318969726562,130400,0.0,0.0,0.0
2007-08-07,109.23999786376953,109.26000213623047,109.20999908447266,109.25,84.62096405029297,93200,0.0,0.0,0.0
2007-08-08,109.26000213623047,109.2699966430664,109.20999908447266,109.2699966430664,84.6364974975586,57500,0.0,0.0,0.0
2007-08-09,109.30999755859375,109.33999633789062,109.29000091552734,109.33999633789062,84.69068145751953,30300,0.0,0.0,0.0
2007-08-10,109.37999725341797,109.38999938964844,109.3499984741211,109.36000061035156,84.7061538696289,103100,0.0,0.0,0.0
2007-08-13,109.36000061035156,109.38999938964844,109.3499984741211,109.37999725341797,84.72162628173828,146300,0.0,0.0,0.0
2007-08-14,109.38999938964844,109.45999908447266,109.37999725341797,109.44000244140625,84.76811218261719,226100,0.0,0.0,0.0
2007-08-15,109.45999908447266,109.58000183105469,109.45999908447266,109.55000305175781,84.85334014892578,360200,0.0,0.0,0.0
2007-08-16,109.62999725341797,109.7699966430664,109.62999725341797,109.66000366210938,84.93852233886719,299200,0.0,0.0,0.0
2007-08-17,109.69999694824219,109.7300033569336,109.61000061035156,109.69999694824219,84.96949768066406,93800,0.0,0.0,0.0
2007-08-20,109.70999908447266,109.8499984741211,109.70999908447266,109.83999633789062,85.07795715332031,177900,0.0,0.0,0.0
2007-08-21,109.91000366210938,109.94000244140625,109.81999969482422,109.88999938964844,85.11665344238281,52300,0.0,0.0,0.0
2007-08-22,109.8499984741211,109.91000366210938,109.83000183105469,109.9000015258789,85.12445068359375,75000,0.0,0.0,0.0
2007-08-23,109.87000274658203,109.93000030517578,109.8499984741211,109.88999938964844,85.11665344238281,52100,0.0,0.0,0.0
2007-08-24,109.81999969482422,109.86000061035156,109.73999786376953,109.73999786376953,85.00045776367188,66800,0.0,0.0,0.0
2007-08-27,109.7699966430664,109.7699966430664,109.66999816894531,109.69000244140625,84.96175384521484,60300,0.0,0.0,0.0
2007-08-28,109.72000122070312,109.80000305175781,109.72000122070312,109.79000091552734,85.03922271728516,45800,0.0,0.0,0.0
2007-08-29,109.8499984741211,109.87000274658203,109.79000091552734,109.80999755859375,85.0546875,61700,0.0,0.0,0.0
2007-08-30,109.9000015258789,109.9000015258789,109.83999633789062,109.87999725341797,85.10892486572266,50700,0.0,0.0,0.0
2007-08-31,109.83000183105469,109.86000061035156,109.80000305175781,109.86000061035156,85.09342956542969,65500,0.0,0.0,0.0
2007-09-04,109.4000015258789,109.44999694824219,109.37999725341797,109.44000244140625,85.09188079833984,98000,0.418,0.0,0.0
2007-09-05,109.44999694824219,109.51000213623047,109.44000244140625,109.48999786376953,85.13075256347656,57300,0.0,0.0,0.0
2007-09-06,109.43000030517578,109.4800033569336,109.43000030517578,109.44000244140625,85.09188079833984,44000,0.0,0.0,0.0
2007-09-07,109.55000305175781,109.56999969482422,109.51000213623047,109.56999969482422,85.19294738769531,33000,0.0,0.0,0.0
2007-09-10,109.58000183105469,109.61000061035156,109.54000091552734,109.58000183105469,85.20073699951172,149600,0.0,0.0,0.0
2007-09-11,109.62000274658203,109.62000274658203,109.54000091552734,109.56999969482422,85.19294738769531,110900,0.0,0.0,0.0
2007-09-12,109.63999938964844,109.63999938964844,109.58000183105469,109.62999725341797,85.23961639404297,24300,0.0,0.0,0.0
2007-09-13,109.62000274658203,109.62000274658203,109.58000183105469,109.58999633789062,85.20853424072266,45800,0.0,0.0,0.0
2007-09-14,109.63999938964844,109.63999938964844,109.58999633789062,109.58999633789062,85.20853424072266,31500,0.0,0.0,0.0
2007-09-17,109.5999984741211,109.62000274658203,109.58999633789062,109.62000274658203,85.2318115234375,22800,0.0,0.0,0.0
2007-09-18,109.58999633789062,109.66999816894531,109.58999633789062,109.66000366210938,85.26297760009766,41500,0.0,0.0,0.0
2007-09-19,109.69999694824219,109.7300033569336,109.68000030517578,109.7300033569336,85.31741333007812,62500,0.0,0.0,0.0
2007-09-20,109.70999908447266,109.76000213623047,109.69999694824219,109.7300033569336,85.31741333007812,70700,0.0,0.0,0.0
2007-09-21,109.7699966430664,109.7699966430664,109.72000122070312,109.76000213623047,85.34069061279297,275000,0.0,0.0,0.0
2007-09-24,109.7300033569336,109.7699966430664,109.7300033569336,109.7699966430664,85.34848022460938,53700,0.0,0.0,0.0
2007-09-25,109.77999877929688,109.80000305175781,109.7699966430664,109.80000305175781,85.37179565429688,41600,0.0,0.0,0.0
2007-09-26,109.80000305175781,109.83000183105469,109.79000091552734,109.83000183105469,85.39510345458984,51700,0.0,0.0,0.0
2007-09-27,109.83000183105469,109.8499984741211,109.80000305175781,109.83999633789062,85.40288543701172,230100,0.0,0.0,0.0
2007-09-28,109.81999969482422,109.8499984741211,109.80000305175781,109.80000305175781,85.37179565429688,50900,0.0,0.0,0.0
2007-10-01,109.5,109.5,109.43000030517578,109.45999908447266,85.39131927490234,118300,0.365,0.0,0.0
2007-10-02,109.45999908447266,109.47000122070312,109.41999816894531,109.47000122070312,85.39908599853516,65800,0.0,0.0,0.0
2007-10-03,109.4800033569336,109.52999877929688,109.4800033569336,109.5199966430664,85.43812561035156,124400,0.0,0.0,0.0
2007-10-04,109.5,109.54000091552734,109.48999786376953,109.5199966430664,85.43812561035156,16500,0.0,0.0,0.0
2007-10-05,109.4800033569336,109.5199966430664,109.44000244140625,109.48999786376953,85.4146957397461,48300,0.0,0.0,0.0
2007-10-08,109.4800033569336,109.52999877929688,109.44999694824219,109.47000122070312,85.39908599853516,35000,0.0,0.0,0.0
2007-10-09,109.47000122070312,109.5199966430664,109.47000122070312,109.51000213623047,85.43028259277344,84300,0.0,0.0,0.0
2007-10-10,109.52999877929688,109.55000305175781,109.4800033569336,109.55000305175781,85.4615478515625,116000,0.0,0.0,0.0
2007-10-11,109.5199966430664,109.55999755859375,109.5,109.55999755859375,85.46931457519531,35900,0.0,0.0,0.0
2007-10-12,109.52999877929688,109.55999755859375,109.5,109.5,85.4224853515625,28000,0.0,0.0,0.0
2007-10-15,109.4800033569336,109.55000305175781,109.4800033569336,109.5,85.4224853515625,38100,0.0,0.0,0.0
2007-10-16,109.55999755859375,109.58000183105469,109.51000213623047,109.55999755859375,85.46931457519531,35500,0.0,0.0,0.0
2007-10-17,109.61000061035156,109.66999816894531,109.58999633789062,109.62000274658203,85.51607513427734,70900,0.0,0.0,0.0
2007-10-18,109.66999816894531,109.72000122070312,109.66000366210938,109.70999908447266,85.58634948730469,84300,0.0,0.0,0.0
2007-10-19,109.68000030517578,109.76000213623047,109.66999816894531,109.75,85.61751556396484,352200,0.0,0.0,0.0
2007-10-22,109.7699966430664,109.7699966430664,109.70999908447266,109.70999908447266,85.58634948730469,21600,0.0,0.0,0.0
2007-10-23,109.72000122070312,109.75,109.70999908447266,109.75,85.61751556396484,59100,0.0,0.0,0.0
2007-10-24,109.7699966430664,109.83999633789062,109.7699966430664,109.81999969482422,85.67211151123047,16200,0.0,0.0,0.0
2007-10-25,109.87000274658203,109.87000274658203,109.80000305175781,109.8499984741211,85.69549560546875,66100,0.0,0.0,0.0
2007-10-26,109.83999633789062,109.86000061035156,109.80999755859375,109.8499984741211,85.69549560546875,48800,0.0,0.0,0.0
2007-10-29,109.81999969482422,109.8499984741211,109.80000305175781,109.8499984741211,85.69549560546875,18400,0.0,0.0,0.0
2007-10-30,109.83000183105469,109.87000274658203,109.81999969482422,109.87000274658203,85.71113586425781,16900,0.0,0.0,0.0
2007-10-31,109.8499984741211,109.91000366210938,109.80999755859375,109.86000061035156,85.70333099365234,84800,0.0,0.0,0.0
2007-11-01,109.5199966430664,109.56999969482422,109.51000213623047,109.55000305175781,85.76756286621094,41900,0.392,0.0,0.0
2007-11-02,109.6500015258789,109.6500015258789,109.55000305175781,109.56999969482422,85.78317260742188,172300,0.0,0.0,0.0
2007-11-05,109.61000061035156,109.63999938964844,109.58999633789062,109.61000061035156,85.81448364257812,43500,0.0,0.0,0.0
2007-11-06,109.62000274658203,109.63999938964844,109.58999633789062,109.62000274658203,85.82232666015625,33500,0.0,0.0,0.0
2007-11-07,109.66000366210938,109.72000122070312,109.66000366210938,109.69999694824219,85.88494873046875,33800,0.0,0.0,0.0
2007-11-08,109.7300033569336,109.77999877929688,109.69999694824219,109.7699966430664,85.93978881835938,29000,0.0,0.0,0.0
2007-11-09,109.80000305175781,109.83999633789062,109.77999877929688,109.83999633789062,85.99456024169922,149300,0.0,0.0,0.0
2007-11-12,109.8499984741211,109.86000061035156,109.75,109.83000183105469,85.98672485351562,220200,0.0,0.0,0.0
2007-11-13,109.80999755859375,109.81999969482422,109.76000213623047,109.77999877929688,85.94761657714844,93700,0.0,0.0,0.0
2007-11-14,109.80000305175781,109.8499984741211,109.77999877929688,109.8499984741211,86.00238037109375,37100,0.0,0.0,0.0
2007-11-15,109.9000015258789,109.94000244140625,109.88999938964844,109.91999816894531,86.05719757080078,45300,0.0,0.0,0.0
2007-11-16,109.91999816894531,109.95999908447266,109.91000366210938,109.93000030517578,86.06507110595703,48800,0.0,0.0,0.0
2007-11-19,109.97000122070312,110.0199966430664,109.91999816894531,110.0,86.11982727050781,148800,0.0,0.0,0.0
2007-11-20,110.02999877929688,110.05999755859375,109.98999786376953,110.02999877929688,86.14334869384766,107300,0.0,0.0,0.0
2007-11-21,110.06999969482422,110.11000061035156,110.02999877929688,110.05000305175781,86.15897369384766,50500,0.0,0.0,0.0
2007-11-23,110.02999877929688,110.06999969482422,110.02999877929688,110.06999969482422,86.1746597290039,16500,0.0,0.0,0.0
2007-11-26,110.06999969482422,110.12000274658203,110.01000213623047,110.11000061035156,86.20596313476562,147000,0.0,0.0,0.0
2007-11-27,110.11000061035156,110.11000061035156,110.04000091552734,110.08000183105469,86.18247985839844,58800,0.0,0.0,0.0
2007-11-28,110.0999984741211,110.12000274658203,110.06999969482422,110.08999633789062,86.19026947021484,36400,0.0,0.0,0.0
2007-11-29,110.11000061035156,110.1500015258789,110.0999984741211,110.12000274658203,86.21377563476562,53900,0.0,0.0,0.0
2007-11-30,110.0999984741211,110.12999725341797,110.05000305175781,110.12999725341797,86.22166442871094,112400,0.0,0.0,0.0
2007-12-03,110.12999725341797,110.12999725341797,109.72000122070312,109.79000091552734,86.23888397216797,132100,0.362,0.0,0.0
2007-12-04,109.77999877929688,109.81999969482422,109.7300033569336,109.81999969482422,86.26245880126953,80200,0.0,0.0,0.0
2007-12-05,109.80999755859375,109.81999969482422,109.76000213623047,109.81999969482422,86.26245880126953,42000,0.0,0.0,0.0
2007-12-06,109.77999877929688,109.83999633789062,102.2300033569336,109.80999755859375,86.25458526611328,101400,0.0,0.0,0.0
2007-12-07,109.81999969482422,109.81999969482422,109.75,109.80000305175781,86.24675750732422,45200,0.0,0.0,0.0
2007-12-10,109.80000305175781,109.83999633789062,109.76000213623047,109.83999633789062,86.27816009521484,35200,0.0,0.0,0.0
2007-12-11,109.8499984741211,109.94999694824219,109.77999877929688,109.94999694824219,86.36453247070312,23800,0.0,0.0,0.0
2007-12-12,109.8499984741211,109.93000030517578,109.80000305175781,109.91999816894531,86.34103393554688,45300,0.0,0.0,0.0
2007-12-13,109.91999816894531,109.93000030517578,109.81999969482422,109.91999816894531,86.34103393554688,35000,0.0,0.0,0.0
2007-12-14,109.77999877929688,109.9000015258789,109.77999877929688,109.9000015258789,86.32530975341797,33800,0.0,0.0,0.0
2007-12-17,109.94999694824219,109.94999694824219,109.86000061035156,109.87000274658203,86.30172729492188,33200,0.0,0.0,0.0
2007-12-18,109.80000305175781,109.93000030517578,109.80000305175781,109.86000061035156,86.29389190673828,150900,0.0,0.0,0.0
2007-12-19,109.94000244140625,109.97000122070312,109.9000015258789,109.97000122070312,86.3802719116211,100500,0.0,0.0,0.0
2007-12-20,109.98999786376953,110.01000213623047,109.97000122070312,109.98999786376953,86.39599609375,50000,0.0,0.0,0.0
2007-12-21,109.91999816894531,109.94999694824219,109.91000366210938,109.93000030517578,86.34886169433594,29100,0.0,0.0,0.0
2007-12-24,109.94000244140625,109.94999694824219,109.87000274658203,109.93000030517578,86.34886169433594,43700,0.0,0.0,0.0
2007-12-26,109.91999816894531,109.95999908447266,109.9000015258789,109.95999908447266,86.37242126464844,28700,0.0,0.0,0.0
2007-12-27,109.61000061035156,109.62000274658203,109.41000366210938,109.61000061035156,86.40474700927734,176600,0.391,0.0,0.0
2007-12-28,109.6500015258789,109.6500015258789,109.61000061035156,109.62000274658203,86.41265106201172,44700,0.0,0.0,0.0
2007-12-31,109.6500015258789,109.69999694824219,109.58999633789062,109.5999984741211,86.3968734741211,55000,0.0,0.0,0.0
2008-01-02,109.77999877929688,109.77999877929688,109.62999725341797,109.70999908447266,86.483642578125,44900,0.0,0.0,0.0
2008-01-03,109.72000122070312,109.72000122070312,109.6500015258789,109.66000366210938,86.44416046142578,141900,0.0,0.0,0.0
2008-01-04,109.75,109.76000213623047,109.68000030517578,109.73999786376953,86.50721740722656,102200,0.0,0.0,0.0
2008-01-07,109.7300033569336,109.7300033569336,109.68000030517578,109.68000030517578,86.4599380493164,131000,0.0,0.0,0.0
2008-01-08,109.72000122070312,109.76000213623047,109.68000030517578,109.75,86.51509094238281,59700,0.0,0.0,0.0
2008-01-09,109.80999755859375,109.81999969482422,109.73999786376953,109.79000091552734,86.54666137695312,357600,0.0,0.0,0.0
2008-01-10,109.80000305175781,109.81999969482422,109.76000213623047,109.81999969482422,86.57029724121094,18800,0.0,0.0,0.0
2008-01-11,109.81999969482422,109.87999725341797,109.80000305175781,109.87999725341797,86.61760711669922,78700,0.0,0.0,0.0
2008-01-14,109.88999938964844,109.88999938964844,109.8499984741211,109.88999938964844,86.62545776367188,35300,0.0,0.0,0.0
2008-01-15,109.88999938964844,109.9000015258789,109.81999969482422,109.86000061035156,86.60183715820312,115500,0.0,0.0,0.0
2008-01-16,109.9000015258789,109.97000122070312,109.88999938964844,109.88999938964844,86.62545776367188,97100,0.0,0.0,0.0
2008-01-17,109.94999694824219,109.98999786376953,109.9000015258789,109.91999816894531,86.64916229248047,133700,0.0,0.0,0.0
2008-01-18,109.91999816894531,110.05999755859375,109.9000015258789,110.05000305175781,86.75159454345703,104600,0.0,0.0,0.0
2008-01-22,110.18000030517578,110.18000030517578,108.8499984741211,110.16999816894531,86.84620666503906,272300,0.0,0.0,0.0
2008-01-23,110.19999694824219,110.30999755859375,110.16000366210938,110.18000030517578,86.85411071777344,107500,0.0,0.0,0.0
2008-01-24,110.18000030517578,110.23999786376953,110.16999816894531,110.19999694824219,86.86984252929688,120900,0.0,0.0,0.0
2008-01-25,110.12999725341797,110.26000213623047,110.12000274658203,110.26000213623047,86.9171371459961,132300,0.0,0.0,0.0
2008-01-28,110.26000213623047,110.27999877929688,110.19999694824219,110.20999908447266,86.8777084350586,101200,0.0,0.0,0.0
2008-01-29,110.20999908447266,110.27999877929688,110.20999908447266,110.27999877929688,86.93290710449219,100100,0.0,0.0,0.0
2008-01-30,110.23999786376953,110.3499984741211,110.22000122070312,110.3499984741211,86.98806762695312,48000,0.0,0.0,0.0
2008-01-31,110.41999816894531,110.41999816894531,110.30999755859375,110.37000274658203,87.0038833618164,79400,0.0,0.0,0.0
2008-02-01,110.12000274658203,110.12000274658203,110.01000213623047,110.0999984741211,87.02757263183594,89600,0.3,0.0,0.0
2008-02-04,110.06999969482422,110.08000183105469,109.98999786376953,110.05999755859375,86.99595642089844,86700,0.0,0.0,0.0
2008-02-05,110.0999984741211,110.11000061035156,110.05000305175781,110.08999633789062,87.0196304321289,104000,0.0,0.0,0.0
2008-02-06,110.06999969482422,110.13999938964844,110.06999969482422,110.11000061035156,87.03546142578125,114100,0.0,0.0,0.0
2008-02-07,110.12000274658203,110.16000366210938,110.05000305175781,110.11000061035156,87.03546142578125,125900,0.0,0.0,0.0
2008-02-08,110.05000305175781,110.12999725341797,110.05000305175781,110.11000061035156,87.03546142578125,70300,0.0,0.0,0.0
2008-02-11,110.12999725341797,110.12999725341797,110.05999755859375,110.08999633789062,87.0196304321289,93800,0.0,0.0,0.0
2008-02-12,110.13999938964844,110.13999938964844,110.05000305175781,110.08999633789062,87.0196304321289,321400,0.0,0.0,0.0
2008-02-13,110.16000366210938,110.18000030517578,110.0999984741211,110.16000366210938,87.07498931884766,67300,0.0,0.0,0.0
2008-02-14,110.12999725341797,110.19000244140625,110.12999725341797,110.18000030517578,87.0908203125,233300,0.0,0.0,0.0
2008-02-15,110.18000030517578,110.19000244140625,110.11000061035156,110.19000244140625,87.09869384765625,270900,0.0,0.0,0.0
2008-02-19,110.16999816894531,110.19000244140625,110.11000061035156,110.16999816894531,87.08290100097656,97200,0.0,0.0,0.0
2008-02-20,110.19999694824219,110.20999908447266,110.18000030517578,110.19999694824219,87.10658264160156,75300,0.0,0.0,0.0
2008-02-21,110.16000366210938,110.23999786376953,110.16000366210938,110.2300033569336,87.13037109375,129900,0.0,0.0,0.0
2008-02-22,110.22000122070312,110.23999786376953,110.19999694824219,110.22000122070312,87.1224365234375,91700,0.0,0.0,0.0
2008-02-25,110.22000122070312,110.2300033569336,110.19999694824219,110.22000122070312,87.1224365234375,171800,0.0,0.0,0.0
2008-02-26,110.23999786376953,110.25,110.20999908447266,110.25,87.1461410522461,125200,0.0,0.0,0.0
2008-02-27,110.29000091552734,110.29000091552734,110.2300033569336,110.27999877929688,87.16985321044922,146500,0.0,0.0,0.0
2008-02-28,110.31999969482422,110.33000183105469,110.25,110.26000213623047,87.15403747558594,163900,0.0,0.0,0.0
2008-02-29,110.30999755859375,110.33000183105469,110.26000213623047,110.27999877929688,87.16985321044922,172900,0.0,0.0,0.0
2008-03-03,110.12999725341797,110.12999725341797,110.02999877929688,110.08000183105469,87.19121551513672,148700,0.227,0.0,0.0
2008-03-04,110.12999725341797,110.1500015258789,110.08999633789062,110.0999984741211,87.2070541381836,57800,0.0,0.0,0.0
2008-03-05,110.16999816894531,110.19000244140625,110.12999725341797,110.16999816894531,87.26248931884766,73600,0.0,0.0,0.0
2008-03-06,110.19999694824219,110.2300033569336,110.16999816894531,110.2300033569336,87.31005859375,62800,0.0,0.0,0.0
2008-03-07,110.20999908447266,110.26000213623047,110.1500015258789,110.19000244140625,87.27837371826172,178900,0.0,0.0,0.0
2008-03-10,110.2300033569336,110.2699966430664,110.18000030517578,110.26000213623047,87.33383178710938,55800,0.0,0.0,0.0
2008-03-11,110.20999908447266,110.22000122070312,110.13999938964844,110.19000244140625,87.27837371826172,148400,0.0,0.0,0.0
2008-03-12,110.18000030517578,110.2699966430664,110.18000030517578,110.2699966430664,87.34175872802734,127100,0.0,0.0,0.0
2008-03-13,110.30999755859375,110.30999755859375,110.2300033569336,110.27999877929688,87.34962463378906,142100,0.0,0.0,0.0
2008-03-14,110.29000091552734,110.33999633789062,110.23999786376953,110.31999969482422,87.38136291503906,204800,0.0,0.0,0.0
2008-03-17,110.41000366210938,110.41999816894531,110.33000183105469,110.41999816894531,87.46054077148438,74900,0.0,0.0,0.0
2008-03-18,110.44000244140625,110.5199966430664,110.36000061035156,110.44000244140625,87.47637176513672,94300,0.0,0.0,0.0
2008-03-19,110.44999694824219,110.51000213623047,110.38999938964844,110.48999786376953,87.51600646972656,334600,0.0,0.0,0.0
2008-03-20,110.48999786376953,110.56999969482422,110.41999816894531,110.51000213623047,87.53181457519531,368000,0.0,0.0,0.0
2008-03-24,110.44000244140625,110.44000244140625,110.31999969482422,110.33000183105469,87.3892593383789,176500,0.0,0.0,0.0
2008-03-25,110.41999816894531,110.41999816894531,110.30000305175781,110.31999969482422,87.38136291503906,180900,0.0,0.0,0.0
2008-03-26,110.43000030517578,110.44999694824219,110.33999633789062,110.33999633789062,87.3972396850586,352200,0.0,0.0,0.0
2008-03-27,110.43000030517578,110.44999694824219,110.37999725341797,110.38999938964844,87.43678283691406,55500,0.0,0.0,0.0
2008-03-28,110.36000061035156,110.41999816894531,110.36000061035156,110.41000366210938,87.45266723632812,57900,0.0,0.0,0.0
2008-03-31,110.44999694824219,110.44999694824219,110.36000061035156,110.4000015258789,87.4446792602539,121500,0.0,0.0,0.0
2008-04-01,110.22000122070312,110.22000122070312,110.13999938964844,110.18000030517578,87.4407730102539,133600,0.215,0.0,0.0
2008-04-02,110.18000030517578,110.18000030517578,110.0999984741211,110.16000366210938,87.4249038696289,97800,0.0,0.0,0.0
2008-04-03,110.1500015258789,110.18000030517578,110.12000274658203,110.18000030517578,87.4407730102539,99200,0.0,0.0,0.0
2008-04-04,110.18000030517578,110.19999694824219,110.13999938964844,110.19000244140625,87.44866180419922,51200,0.0,0.0,0.0
2008-04-07,110.18000030517578,110.19000244140625,110.12000274658203,110.16000366210938,87.4249038696289,61700,0.0,0.0,0.0
2008-04-08,110.13999938964844,110.19999694824219,110.13999938964844,110.19999694824219,87.45658874511719,38100,0.0,0.0,0.0
2008-04-09,110.19999694824219,110.26000213623047,110.19999694824219,110.22000122070312,87.47250366210938,62100,0.0,0.0,0.0
2008-04-10,110.27999877929688,110.27999877929688,110.2300033569336,110.27999877929688,87.52005767822266,69600,0.0,0.0,0.0
2008-04-11,110.26000213623047,110.30999755859375,110.23999786376953,110.27999877929688,87.52005767822266,66000,0.0,0.0,0.0
2008-04-14,110.30000305175781,110.30000305175781,110.23999786376953,110.27999877929688,87.52005767822266,73100,0.0,0.0,0.0
2008-04-15,110.30000305175781,110.30000305175781,110.2300033569336,110.2300033569336,87.4804458618164,59000,0.0,0.0,0.0
2008-04-16,110.25,110.29000091552734,110.19999694824219,110.2699966430664,87.5121841430664,92000,0.0,0.0,0.0
2008-04-17,110.2699966430664,110.27999877929688,110.19000244140625,110.2699966430664,87.5121841430664,108200,0.0,0.0,0.0
2008-04-18,110.23999786376953,110.23999786376953,110.16999816894531,110.2300033569336,87.4804458618164,130700,0.0,0.0,0.0
2008-04-21,110.18000030517578,110.23999786376953,110.18000030517578,110.23999786376953,87.48836517333984,85400,0.0,0.0,0.0
2008-04-22,110.23999786376953,110.27999877929688,110.20999908447266,110.2699966430664,87.5121841430664,92800,0.0,0.0,0.0
2008-04-23,110.30000305175781,110.30000305175781,110.23999786376953,110.2699966430664,87.5121841430664,85800,0.0,0.0,0.0
2008-04-24,110.29000091552734,110.29000091552734,110.20999908447266,110.2699966430664,87.5121841430664,27900,0.0,0.0,0.0
2008-04-25,110.22000122070312,110.2699966430664,110.20999908447266,110.20999908447266,87.46455383300781,32500,0.0,0.0,0.0
2008-04-28,110.22000122070312,110.25,110.22000122070312,110.22000122070312,87.47250366210938,50400,0.0,0.0,0.0
2008-04-29,110.2300033569336,110.2699966430664,110.19999694824219,110.25,87.49629974365234,133900,0.0,0.0,0.0
2008-04-30,110.2699966430664,110.31999969482422,110.2300033569336,110.27999877929688,87.52005767822266,415300,0.0,0.0,0.0
2008-05-01,110.05999755859375,110.1500015258789,110.05999755859375,110.13999938964844,87.5407485961914,101000,0.166,0.0,0.0
2008-05-02,110.11000061035156,110.12000274658203,110.04000091552734,110.0999984741211,87.50894927978516,77300,0.0,0.0,0.0
2008-05-05,110.05999755859375,110.12000274658203,110.05999755859375,110.11000061035156,87.51691436767578,288000,0.0,0.0,0.0
2008-05-06,110.12000274658203,110.12999725341797,110.06999969482422,110.08000183105469,87.49305725097656,81600,0.0,0.0,0.0
2008-05-07,110.16000366210938,110.16000366210938,110.08000183105469,110.13999938964844,87.5407485961914,89200,0.0,0.0,0.0
2008-05-08,110.13999938964844,110.1500015258789,110.11000061035156,110.1500015258789,87.54871368408203,104800,0.0,0.0,0.0
2008-05-09,110.12000274658203,110.1500015258789,110.11000061035156,110.13999938964844,87.5407485961914,64200,0.0,0.0,0.0
2008-05-12,110.1500015258789,110.1500015258789,110.08999633789062,110.11000061035156,87.51691436767578,47800,0.0,0.0,0.0
2008-05-13,110.0999984741211,110.0999984741211,110.06999969482422,110.06999969482422,87.485107421875,41900,0.0,0.0,0.0
2008-05-14,110.06999969482422,110.12000274658203,110.02999877929688,110.06999969482422,87.485107421875,126900,0.0,0.0,0.0
2008-05-15,110.12999725341797,110.12999725341797,110.08000183105469,110.08000183105469,87.49305725097656,258400,0.0,0.0,0.0
2008-05-16,110.08000183105469,110.12999725341797,110.08000183105469,110.12999725341797,87.53282165527344,89100,0.0,0.0,0.0
2008-05-19,110.12999725341797,110.13999938964844,110.0999984741211,110.13999938964844,87.5407485961914,157100,0.0,0.0,0.0
2008-05-20,110.1500015258789,110.1500015258789,110.11000061035156,110.13999938964844,87.5407485961914,52200,0.0,0.0,0.0
2008-05-21,110.1500015258789,110.1500015258789,110.12000274658203,110.12000274658203,87.52490234375,38300,0.0,0.0,0.0
2008-05-22,110.12000274658203,110.1500015258789,110.11000061035156,110.12999725341797,87.53282165527344,44900,0.0,0.0,0.0
2008-05-23,110.13999938964844,110.19000244140625,110.12000274658203,110.12999725341797,87.53282165527344,150200,0.0,0.0,0.0
2008-05-27,110.1500015258789,110.1500015258789,110.0999984741211,110.13999938964844,87.5407485961914,70400,0.0,0.0,0.0
2008-05-28,110.08999633789062,110.1500015258789,110.08999633789062,110.13999938964844,87.5407485961914,46300,0.0,0.0,0.0
2008-05-29,110.12999725341797,110.13999938964844,110.08999633789062,110.13999938964844,87.5407485961914,62200,0.0,0.0,0.0
2008-05-30,110.16000366210938,110.16000366210938,110.11000061035156,110.12999725341797,87.53282165527344,62700,0.0,0.0,0.0
2008-06-02,110.08000183105469,110.08000183105469,109.91000366210938,109.95999908447266,87.56147766113281,48000,0.206,0.0,0.0
2008-06-03,109.94999694824219,109.9800033569336,109.91000366210938,109.9800033569336,87.5774154663086,64000,0.0,0.0,0.0
2008-06-04,109.98999786376953,109.98999786376953,109.94000244140625,109.9800033569336,87.5774154663086,27500,0.0,0.0,0.0
2008-06-05,109.94000244140625,109.9800033569336,109.93000030517578,109.9800033569336,87.5774154663086,46200,0.0,0.0,0.0
2008-06-06,109.97000122070312,110.0,109.94999694824219,109.98999786376953,87.58536529541016,54500,0.0,0.0,0.0
2008-06-09,109.97000122070312,109.97000122070312,109.91999816894531,109.94000244140625,87.5455322265625,30400,0.0,0.0,0.0
2008-06-10,109.87000274658203,109.93000030517578,109.87000274658203,109.91000366210938,87.52166748046875,318400,0.0,0.0,0.0
2008-06-11,109.94999694824219,109.97000122070312,109.9000015258789,109.93000030517578,87.53753662109375,252300,0.0,0.0,0.0
2008-06-12,109.9000015258789,109.95999908447266,109.87999725341797,109.93000030517578,87.53753662109375,196900,0.0,0.0,0.0
2008-06-13,109.9000015258789,109.94000244140625,109.87999725341797,109.91999816894531,87.5296401977539,169700,0.0,0.0,0.0
2008-06-16,109.9000015258789,109.93000030517578,109.88999938964844,109.91999816894531,87.5296401977539,72800,0.0,0.0,0.0
2008-06-17,109.95999908447266,109.97000122070312,109.93000030517578,109.97000122070312,87.5694351196289,70000,0.0,0.0,0.0
2008-06-18,109.94999694824219,110.01000213623047,109.94999694824219,110.01000213623047,87.601318359375,58900,0.0,0.0,0.0
2008-06-19,110.01000213623047,110.0199966430664,109.98999786376953,110.0199966430664,87.60926818847656,118500,0.0,0.0,0.0
2008-06-20,110.02999877929688,110.04000091552734,110.0,110.0,87.59332275390625,61700,0.0,0.0,0.0
2008-06-23,110.0199966430664,110.02999877929688,109.9800033569336,110.01000213623047,87.601318359375,76600,0.0,0.0,0.0
2008-06-24,109.9800033569336,110.05000305175781,109.9800033569336,110.05000305175781,87.6331558227539,81500,0.0,0.0,0.0
2008-06-25,110.02999877929688,110.08000183105469,110.0,110.08000183105469,87.65704345703125,169100,0.0,0.0,0.0
2008-06-26,110.0199966430664,110.12000274658203,110.0199966430664,110.0999984741211,87.67298126220703,134900,0.0,0.0,0.0
2008-06-27,110.06999969482422,110.13999938964844,110.05999755859375,110.08999633789062,87.66497802734375,128600,0.0,0.0,0.0
2008-06-30,110.12000274658203,110.12999725341797,110.08000183105469,110.12999725341797,87.69685363769531,434600,0.0,0.0,0.0
2008-07-01,109.94999694824219,109.97000122070312,109.91999816894531,109.95999908447266,87.716796875,469000,0.195,0.0,0.0
2008-07-02,109.91999816894531,109.97000122070312,109.91000366210938,109.97000122070312,87.72478485107422,146000,0.0,0.0,0.0
2008-07-03,109.97000122070312,109.98999786376953,109.94999694824219,109.9800033569336,87.73272705078125,37000,0.0,0.0,0.0
2008-07-07,110.0,110.05000305175781,109.94999694824219,109.98999786376953,87.74073791503906,401100,0.0,0.0,0.0
2008-07-08,109.94999694824219,110.01000213623047,109.94999694824219,109.98999786376953,87.74073791503906,118000,0.0,0.0,0.0
2008-07-09,109.98999786376953,110.04000091552734,109.95999908447266,110.04000091552734,87.78063201904297,111000,0.0,0.0,0.0
2008-07-10,110.01000213623047,110.04000091552734,110.0,110.04000091552734,87.78063201904297,98100,0.0,0.0,0.0
2008-07-11,110.02999877929688,110.04000091552734,109.97000122070312,110.02999877929688,87.7726058959961,156100,0.0,0.0,0.0
2008-07-14,110.04000091552734,110.06999969482422,109.98999786376953,110.06999969482422,87.80455780029297,145900,0.0,0.0,0.0
2008-07-15,110.11000061035156,110.13999938964844,110.06999969482422,110.11000061035156,87.83646392822266,143100,0.0,0.0,0.0
2008-07-16,110.12999725341797,110.1500015258789,110.08000183105469,110.12000274658203,87.84443664550781,153800,0.0,0.0,0.0
2008-07-17,110.11000061035156,110.12999725341797,110.06999969482422,110.12000274658203,87.84443664550781,149400,0.0,0.0,0.0
2008-07-18,110.1500015258789,110.1500015258789,110.0999984741211,110.11000061035156,87.83646392822266,200700,0.0,0.0,0.0
2008-07-21,110.12000274658203,110.12999725341797,110.06999969482422,110.12999725341797,87.85240173339844,87600,0.0,0.0,0.0
2008-07-22,110.12999725341797,110.12999725341797,110.08000183105469,110.11000061035156,87.83646392822266,358100,0.0,0.0,0.0
2008-07-23,110.12000274658203,110.13999938964844,110.08000183105469,110.13999938964844,87.86036682128906,171500,0.0,0.0,0.0
2008-07-24,110.1500015258789,110.16000366210938,110.12999725341797,110.13999938964844,87.86036682128906,136700,0.0,0.0,0.0
2008-07-25,110.12000274658203,110.16000366210938,110.12000274658203,110.1500015258789,87.86831665039062,143300,0.0,0.0,0.0
2008-07-28,110.16000366210938,110.16000366210938,110.12999725341797,110.16000366210938,87.87633514404297,129400,0.0,0.0,0.0
2008-07-29,110.16000366210938,110.16000366210938,110.13999938964844,110.1500015258789,87.86831665039062,265000,0.0,0.0,0.0
2008-07-30,110.1500015258789,110.18000030517578,110.12000274658203,110.1500015258789,87.86831665039062,129800,0.0,0.0,0.0
2008-07-31,110.19999694824219,110.19999694824219,110.16000366210938,110.19999694824219,87.90823364257812,138200,0.0,0.0,0.0
2008-08-01,109.98999786376953,110.0,109.94000244140625,109.9800033569336,87.89629364013672,170200,0.205,0.0,0.0
2008-08-04,109.9800033569336,109.98999786376953,109.95999908447266,109.9800033569336,87.89629364013672,204500,0.0,0.0,0.0
2008-08-05,109.95999908447266,109.9800033569336,109.94999694824219,109.9800033569336,87.89629364013672,81900,0.0,0.0,0.0
2008-08-06,110.0,110.0,109.95999908447266,109.98999786376953,87.90428161621094,109500,0.0,0.0,0.0
2008-08-07,109.95999908447266,110.02999877929688,109.95999908447266,110.0199966430664,87.92822265625,132400,0.0,0.0,0.0
2008-08-08,110.02999877929688,110.02999877929688,109.98999786376953,110.01000213623047,87.92022705078125,118400,0.0,0.0,0.0
2008-08-11,109.94999694824219,110.01000213623047,109.94999694824219,109.98999786376953,87.90428161621094,177300,0.0,0.0,0.0
2008-08-12,110.01000213623047,110.01000213623047,109.97000122070312,110.01000213623047,87.92022705078125,111500,0.0,0.0,0.0
2008-08-13,110.04000091552734,110.04000091552734,110.0,110.01000213623047,87.92022705078125,135000,0.0,0.0,0.0
2008-08-14,110.02999877929688,110.02999877929688,110.0,110.0199966430664,87.92822265625,76100,0.0,0.0,0.0
2008-08-15,110.04000091552734,110.05000305175781,110.01000213623047,110.04000091552734,87.94425201416016,80500,0.0,0.0,0.0
2008-08-18,110.04000091552734,110.05000305175781,109.98999786376953,110.0,87.9122085571289,119700,0.0,0.0,0.0
2008-08-19,110.01000213623047,110.05999755859375,110.01000213623047,110.05000305175781,87.95223236083984,100300,0.0,0.0,0.0
2008-08-20,110.08000183105469,110.11000061035156,110.04000091552734,110.11000061035156,88.00015258789062,111800,0.0,0.0,0.0
2008-08-21,110.11000061035156,110.11000061035156,110.05000305175781,110.08999633789062,87.98420715332031,101700,0.0,0.0,0.0
2008-08-22,110.08999633789062,110.0999984741211,110.05999755859375,110.08999633789062,87.98420715332031,86800,0.0,0.0,0.0
2008-08-25,110.12000274658203,110.12000274658203,110.05999755859375,110.11000061035156,88.00015258789062,92600,0.0,0.0,0.0
2008-08-26,110.11000061035156,110.11000061035156,110.05000305175781,110.11000061035156,88.00015258789062,136800,0.0,0.0,0.0
2008-08-27,110.1500015258789,110.16999816894531,110.0999984741211,110.13999938964844,88.02411651611328,2292700,0.0,0.0,0.0
2008-08-28,110.12999725341797,110.13999938964844,110.0999984741211,110.12999725341797,88.01612091064453,142300,0.0,0.0,0.0
2008-08-29,110.08000183105469,110.12999725341797,110.08000183105469,110.12999725341797,88.01612091064453,195000,0.0,0.0,0.0
2008-09-02,109.94000244140625,110.0199966430664,109.87000274658203,109.9800033569336,88.03218078613281,640300,0.17,0.0,0.0
2008-09-03,110.0,110.01000213623047,109.97000122070312,110.0,88.04810333251953,155400,0.0,0.0,0.0
2008-09-04,110.0,110.0199966430664,109.94999694824219,110.0199966430664,88.06414031982422,134900,0.0,0.0,0.0
2008-09-05,110.0199966430664,110.02999877929688,109.95999908447266,110.0,88.04810333251953,282300,0.0,0.0,0.0
2008-09-08,109.94999694824219,110.0,109.94999694824219,109.9800033569336,88.03218078613281,105300,0.0,0.0,0.0
2008-09-09,109.98999786376953,110.02999877929688,109.95999908447266,110.0199966430664,88.06414031982422,148200,0.0,0.0,0.0
2008-09-10,109.98999786376953,110.05000305175781,109.98999786376953,110.04000091552734,88.08020782470703,117400,0.0,0.0,0.0
2008-09-11,110.0199966430664,110.06999969482422,110.0199966430664,110.05000305175781,88.08821868896484,138400,0.0,0.0,0.0
2008-09-12,110.08000183105469,110.08000183105469,110.0,110.06999969482422,88.10417175292969,138000,0.0,0.0,0.0
2008-09-15,110.16999816894531,110.25,110.1500015258789,110.2300033569336,88.23225402832031,540200,0.0,0.0,0.0
2008-09-16,110.30000305175781,110.33000183105469,110.19999694824219,110.2699966430664,88.26421356201172,445000,0.0,0.0,0.0
2008-09-17,110.41999816894531,110.5199966430664,110.33000183105469,110.5199966430664,88.46439361572266,646500,0.0,0.0,0.0
2008-09-18,110.81999969482422,110.81999969482422,110.37999725341797,110.48999786376953,88.44036865234375,670900,0.0,0.0,0.0
2008-09-19,110.30999755859375,110.3499984741211,110.08999633789062,110.23999786376953,88.24026489257812,1106200,0.0,0.0,0.0
2008-09-22,110.16999816894531,110.25,110.11000061035156,110.23999786376953,88.24026489257812,260200,0.0,0.0,0.0
2008-09-23,110.23999786376953,110.30999755859375,110.19999694824219,110.30000305175781,88.28832244873047,311300,0.0,0.0,0.0
2008-09-24,110.33999633789062,110.4000015258789,110.23999786376953,110.30999755859375,88.2962646484375,182900,0.0,0.0,0.0
2008-09-25,110.38999938964844,110.41000366210938,110.29000091552734,110.41000366210938,88.37635040283203,324500,0.0,0.0,0.0
2008-09-26,110.29000091552734,110.58999633789062,110.29000091552734,110.37999725341797,88.35231018066406,433200,0.0,0.0,0.0
2008-09-29,110.43000030517578,110.5,110.29000091552734,110.33000183105469,88.31227111816406,511900,0.0,0.0,0.0
2008-09-30,110.45999908447266,110.45999908447266,110.27999877929688,110.30000305175781,88.28832244873047,1478400,0.0,0.0,0.0
2008-10-01,110.2699966430664,110.33000183105469,110.20999908447266,110.30999755859375,88.41250610351562,360800,0.145,0.0,0.0
2008-10-02,110.56999969482422,110.56999969482422,110.33999633789062,110.44000244140625,88.5167236328125,441200,0.0,0.0,0.0
2008-10-03,110.41999816894531,110.41999816894531,110.25,110.31999969482422,88.42051696777344,1524700,0.0,0.0,0.0
2008-10-06,110.41000366210938,110.4800033569336,110.2699966430664,110.27999877929688,88.38848876953125,543200,0.0,0.0,0.0
2008-10-07,110.41000366210938,110.41000366210938,110.20999908447266,110.36000061035156,88.45256805419922,423000,0.0,0.0,0.0
2008-10-08,110.44999694824219,110.47000122070312,110.30000305175781,110.44000244140625,88.5167236328125,721800,0.0,0.0,0.0
2008-10-09,110.33000183105469,110.41999816894531,110.29000091552734,110.4000015258789,88.48468017578125,508300,0.0,0.0,0.0
2008-10-10,110.3499984741211,110.58999633789062,110.30000305175781,110.5,88.56480407714844,637900,0.0,0.0,0.0
2008-10-13,110.22000122070312,110.55000305175781,110.0999984741211,110.0999984741211,88.24417877197266,324400,0.0,0.0,0.0
2008-10-14,110.16000366210938,110.45999908447266,110.1500015258789,110.44999694824219,88.52477264404297,340700,0.0,0.0,0.0
2008-10-15,110.44999694824219,110.54000091552734,110.31999969482422,110.54000091552734,88.59687805175781,264300,0.0,0.0,0.0
2008-10-16,110.48999786376953,110.54000091552734,110.30000305175781,110.30000305175781,88.40453338623047,520300,0.0,0.0,0.0
2008-10-17,110.33000183105469,110.44000244140625,110.29000091552734,110.30000305175781,88.40453338623047,145500,0.0,0.0,0.0
2008-10-20,110.30000305175781,110.38999938964844,110.18000030517578,110.2300033569336,88.3484115600586,202700,0.0,0.0,0.0
2008-10-21,110.2699966430664,110.31999969482422,110.19999694824219,110.22000122070312,88.34037017822266,209500,0.0,0.0,0.0
2008-10-22,110.2300033569336,110.33000183105469,110.22000122070312,110.30999755859375,88.41250610351562,233200,0.0,0.0,0.0
2008-10-23,110.2699966430664,110.30000305175781,110.22000122070312,110.25,88.36441040039062,281000,0.0,0.0,0.0
2008-10-24,110.38999938964844,110.38999938964844,110.25,110.30000305175781,88.40453338623047,150900,0.0,0.0,0.0
2008-10-27,110.30000305175781,110.41000366210938,110.30000305175781,110.41000366210938,88.49266815185547,149100,0.0,0.0,0.0
2008-10-28,110.4000015258789,110.41999816894531,110.30999755859375,110.41000366210938,88.49266815185547,127000,0.0,0.0,0.0
2008-10-29,110.33000183105469,110.44999694824219,110.31999969482422,110.44000244140625,88.5167236328125,302300,0.0,0.0,0.0
2008-10-30,110.37000274658203,110.47000122070312,110.37000274658203,110.41999816894531,88.50071716308594,160900,0.0,0.0,0.0
2008-10-31,110.41999816894531,110.48999786376953,110.37000274658203,110.37000274658203,88.4605712890625,380300,0.0,0.0,0.0
2008-11-03,110.33999633789062,110.33999633789062,110.19999694824219,110.33000183105469,88.57295227050781,213700,0.18,0.0,0.0
2008-11-04,110.20999908447266,110.27999877929688,110.19999694824219,110.22000122070312,88.48467254638672,194800,0.0,0.0,0.0
2008-11-05,110.22000122070312,110.29000091552734,110.20999908447266,110.23999786376953,88.50072479248047,402400,0.0,0.0,0.0
2008-11-06,110.2699966430664,110.38999938964844,110.25,110.38999938964844,88.62116241455078,154900,0.0,0.0,0.0
2008-11-07,110.37000274658203,110.4000015258789,110.29000091552734,110.4000015258789,88.62923431396484,157800,0.0,0.0,0.0
2008-11-10,110.30000305175781,110.41999816894531,110.30000305175781,110.41999816894531,88.64530944824219,96100,0.0,0.0,0.0
2008-11-11,110.38999938964844,110.44000244140625,110.33000183105469,110.44000244140625,88.66131591796875,118700,0.0,0.0,0.0
2008-11-12,110.36000061035156,110.47000122070312,110.33999633789062,110.47000122070312,88.6854248046875,187300,0.0,0.0,0.0
2008-11-13,110.37000274658203,110.44999694824219,110.37000274658203,110.44000244140625,88.66131591796875,131400,0.0,0.0,0.0
2008-11-14,110.37999725341797,110.44999694824219,110.37000274658203,110.43000030517578,88.6532974243164,106100,0.0,0.0,0.0
2008-11-17,110.36000061035156,110.5,110.36000061035156,110.44999694824219,88.66937255859375,107400,0.0,0.0,0.0
2008-11-18,110.4800033569336,110.4800033569336,110.41000366210938,110.44000244140625,88.66131591796875,76100,0.0,0.0,0.0
2008-11-19,110.5199966430664,110.5199966430664,110.43000030517578,110.5,88.70948791503906,188800,0.0,0.0,0.0
2008-11-20,110.47000122070312,110.52999877929688,110.43000030517578,110.5199966430664,88.72555541992188,331500,0.0,0.0,0.0
2008-11-21,110.51000213623047,110.58000183105469,110.41999816894531,110.58000183105469,88.77369689941406,304800,0.0,0.0,0.0
2008-11-24,110.4800033569336,110.55000305175781,110.45999908447266,110.52999877929688,88.73357391357422,275200,0.0,0.0,0.0
2008-11-25,110.4800033569336,110.55999755859375,110.45999908447266,110.55999755859375,88.75760650634766,133700,0.0,0.0,0.0
2008-11-26,110.4800033569336,110.55999755859375,110.45999908447266,110.55999755859375,88.75760650634766,182400,0.0,0.0,0.0
2008-11-28,110.56999969482422,110.58000183105469,110.0999984741211,110.58000183105469,88.77369689941406,122100,0.0,0.0,0.0
2008-12-01,110.44000244140625,110.4800033569336,110.3499984741211,110.44000244140625,88.77772521972656,125500,0.145,0.0,0.0
2008-12-02,110.37000274658203,110.44000244140625,110.37000274658203,110.41999816894531,88.76168823242188,118900,0.0,0.0,0.0
2008-12-03,110.4000015258789,110.47000122070312,110.37999725341797,110.47000122070312,88.80186462402344,85800,0.0,0.0,0.0
2008-12-04,110.44000244140625,110.5,110.38999938964844,110.5,88.82595825195312,223800,0.0,0.0,0.0
2008-12-05,110.5,110.5199966430664,110.43000030517578,110.48999786376953,88.81790924072266,213700,0.0,0.0,0.0
2008-12-08,110.41999816894531,110.47000122070312,110.38999938964844,110.44999694824219,88.7857894897461,156500,0.0,0.0,0.0
2008-12-09,110.41999816894531,110.5199966430664,110.41999816894531,110.5199966430664,88.84204864501953,236500,0.0,0.0,0.0
2008-12-10,110.5,110.54000091552734,110.37999725341797,110.54000091552734,88.85810852050781,260000,0.0,0.0,0.0
2008-12-11,110.51000213623047,110.55000305175781,110.45999908447266,110.5199966430664,88.84204864501953,169300,0.0,0.0,0.0
2008-12-12,110.5999984741211,110.5999984741211,110.4800033569336,110.55000305175781,88.86611938476562,312500,0.0,0.0,0.0
2008-12-15,110.5199966430664,110.54000091552734,110.5,110.54000091552734,88.85810852050781,244100,0.0,0.0,0.0
2008-12-16,110.5199966430664,110.5199966430664,110.4000015258789,110.5,88.82595825195312,206800,0.0,0.0,0.0
2008-12-17,110.47000122070312,110.52999877929688,110.44999694824219,110.44999694824219,88.7857894897461,306400,0.0,0.0,0.0
2008-12-18,110.5,110.51000213623047,110.27999877929688,110.44999694824219,88.7857894897461,1919500,0.0,0.0,0.0
2008-12-19,110.37000274658203,110.52999877929688,110.3499984741211,110.5,88.82595825195312,279600,0.0,0.0,0.0
2008-12-22,110.41999816894531,110.52999877929688,110.4000015258789,110.5,88.82595825195312,158900,0.0,0.0,0.0
2008-12-23,110.43000030517578,110.52999877929688,110.41999816894531,110.52999877929688,88.8500747680664,109100,0.0,0.0,0.0
2008-12-24,110.5,110.5199966430664,110.41000366210938,110.5199966430664,88.84204864501953,56600,0.0,0.0,0.0
2008-12-26,110.5199966430664,110.5199966430664,110.38999938964844,110.5,88.82595825195312,312400,0.0,0.0,0.0
2008-12-29,110.4000015258789,110.43000030517578,110.2699966430664,110.41999816894531,88.874267578125,484000,0.14,0.0,0.0
2008-12-30,110.2699966430664,110.41999816894531,110.26000213623047,110.41000366210938,88.86616516113281,313300,0.0,0.0,0.0
2008-12-31,110.38999938964844,110.4000015258789,110.25,110.38999938964844,88.85009765625,202000,0.0,0.0,0.0
2009-01-02,110.23999786376953,110.30000305175781,110.19999694824219,110.22000122070312,88.7132339477539,405300,0.0,0.0,0.0
2009-01-05,110.13999938964844,110.30000305175781,110.13999938964844,110.30000305175781,88.77767181396484,529400,0.0,0.0,0.0
2009-01-06,110.19999694824219,110.3499984741211,110.19999694824219,110.3499984741211,88.8178939819336,312600,0.0,0.0,0.0
2009-01-07,110.33999633789062,110.37000274658203,110.22000122070312,110.37000274658203,88.83403015136719,453200,0.0,0.0,0.0
2009-01-08,110.27999877929688,110.37000274658203,110.25,110.25,88.73738098144531,260100,0.0,0.0,0.0
2009-01-09,110.3499984741211,110.38999938964844,110.23999786376953,110.33000183105469,88.80181121826172,133000,0.0,0.0,0.0
2009-01-12,110.33000183105469,110.4000015258789,110.29000091552734,110.38999938964844,88.85009765625,267900,0.0,0.0,0.0
2009-01-13,110.31999969482422,110.38999938964844,110.30000305175781,110.38999938964844,88.85009765625,132000,0.0,0.0,0.0
2009-01-14,110.3499984741211,110.45999908447266,110.30000305175781,110.41000366210938,88.86616516113281,1305400,0.0,0.0,0.0
2009-01-15,110.47000122070312,110.47000122070312,110.26000213623047,110.33999633789062,88.8098373413086,119200,0.0,0.0,0.0
2009-01-16,110.37999725341797,110.41000366210938,110.2699966430664,110.3499984741211,88.8178939819336,106600,0.0,0.0,0.0
2009-01-20,110.45999908447266,110.45999908447266,110.26000213623047,110.3499984741211,88.8178939819336,602700,0.0,0.0,0.0
2009-01-21,110.38999938964844,110.38999938964844,110.26000213623047,110.30999755859375,88.78572082519531,930100,0.0,0.0,0.0
2009-01-22,110.29000091552734,110.37000274658203,110.26000213623047,110.33999633789062,88.8098373413086,358600,0.0,0.0,0.0
2009-01-23,110.37000274658203,110.38999938964844,110.2699966430664,110.37999725341797,88.84208679199219,345900,0.0,0.0,0.0
2009-01-26,110.36000061035156,110.37000274658203,110.30999755859375,110.33999633789062,88.8098373413086,155900,0.0,0.0,0.0
2009-01-27,110.37000274658203,110.37999725341797,110.30999755859375,110.36000061035156,88.82592010498047,143400,0.0,0.0,0.0
2009-01-28,110.36000061035156,110.36000061035156,110.30000305175781,110.36000061035156,88.82592010498047,176300,0.0,0.0,0.0
2009-01-29,110.31999969482422,110.36000061035156,110.31999969482422,110.33000183105469,88.80181121826172,131800,0.0,0.0,0.0
2009-01-30,110.30999755859375,110.3499984741211,110.27999877929688,110.33000183105469,88.80181121826172,142700,0.0,0.0,0.0
2009-02-02,110.31999969482422,110.31999969482422,110.26000213623047,110.30999755859375,88.81232452392578,167500,0.033,0.0,0.0
2009-02-03,110.30999755859375,110.30999755859375,110.25,110.27999877929688,88.78810119628906,142400,0.0,0.0,0.0
2009-02-04,110.29000091552734,110.30000305175781,110.20999908447266,110.20999908447266,88.73179626464844,216400,0.0,0.0,0.0
2009-02-05,110.2699966430664,110.27999877929688,110.18000030517578,110.27999877929688,88.78810119628906,151800,0.0,0.0,0.0
2009-02-06,110.2699966430664,110.2699966430664,110.12999725341797,110.20999908447266,88.73179626464844,465000,0.0,0.0,0.0
2009-02-09,110.2300033569336,110.25,110.16000366210938,110.25,88.76390075683594,452000,0.0,0.0,0.0
2009-02-10,110.20999908447266,110.2699966430664,110.18000030517578,110.2699966430664,88.7800064086914,414000,0.0,0.0,0.0
2009-02-11,110.25,110.26000213623047,110.19999694824219,110.25,88.76390075683594,176500,0.0,0.0,0.0
2009-02-12,110.25,110.25,110.19999694824219,110.2300033569336,88.74785614013672,186500,0.0,0.0,0.0
2009-02-13,110.19999694824219,110.23999786376953,110.18000030517578,110.23999786376953,88.75589752197266,166500,0.0,0.0,0.0
2009-02-17,110.25,110.26000213623047,110.19999694824219,110.19999694824219,88.72370147705078,190100,0.0,0.0,0.0
2009-02-18,110.19999694824219,110.25,110.16000366210938,110.25,88.76390075683594,268600,0.0,0.0,0.0
2009-02-19,110.18000030517578,110.20999908447266,110.12999725341797,110.12999725341797,88.66735076904297,135800,0.0,0.0,0.0
2009-02-20,110.18000030517578,110.23999786376953,110.16000366210938,110.16999816894531,88.69953918457031,299500,0.0,0.0,0.0
2009-02-23,110.2300033569336,110.25,110.16999816894531,110.25,88.76390075683594,313900,0.0,0.0,0.0
2009-02-24,110.19000244140625,110.30999755859375,110.19000244140625,110.23999786376953,88.75589752197266,1210000,0.0,0.0,0.0
2009-02-25,110.30000305175781,110.44999694824219,110.19999694824219,110.19999694824219,88.72370147705078,184800,0.0,0.0,0.0
2009-02-26,110.26000213623047,110.26000213623047,110.20999908447266,110.20999908447266,88.73179626464844,163500,0.0,0.0,0.0
2009-02-27,110.26000213623047,110.27999877929688,110.2300033569336,110.2300033569336,88.74785614013672,198100,0.0,0.0,0.0
2009-03-02,110.16000366210938,110.23999786376953,110.16000366210938,110.19999694824219,88.77605438232422,378600,0.065,0.0,0.0
2009-03-03,110.2300033569336,110.26000213623047,110.18000030517578,110.19999694824219,88.77605438232422,293700,0.0,0.0,0.0
2009-03-04,110.22000122070312,110.2300033569336,110.16999816894531,110.22000122070312,88.79215240478516,194500,0.0,0.0,0.0
2009-03-05,110.2300033569336,110.23999786376953,110.20999908447266,110.20999908447266,88.78412628173828,294100,0.0,0.0,0.0
2009-03-06,110.23999786376953,110.25,110.20999908447266,110.20999908447266,88.78412628173828,354200,0.0,0.0,0.0
2009-03-09,110.2300033569336,110.23999786376953,110.20999908447266,110.20999908447266,88.78412628173828,280200,0.0,0.0,0.0
2009-03-10,110.23999786376953,110.25,110.19000244140625,110.2300033569336,88.80022430419922,184600,0.0,0.0,0.0
2009-03-11,110.19000244140625,110.2300033569336,110.19000244140625,110.2300033569336,88.80022430419922,315400,0.0,0.0,0.0
2009-03-12,110.23999786376953,110.26000213623047,110.2300033569336,110.25,88.81629180908203,143500,0.0,0.0,0.0
2009-03-13,110.25,110.2699966430664,110.2300033569336,110.2699966430664,88.8323974609375,529400,0.0,0.0,0.0
2009-03-16,110.22000122070312,110.25,110.18000030517578,110.2300033569336,88.80022430419922,291500,0.0,0.0,0.0
2009-03-17,110.19999694824219,110.26000213623047,110.19999694824219,110.23999786376953,88.80825805664062,474600,0.0,0.0,0.0
2009-03-18,110.23999786376953,110.29000091552734,110.20999908447266,110.27999877929688,88.84051513671875,617300,0.0,0.0,0.0
2009-03-19,110.2699966430664,110.27999877929688,110.18000030517578,110.26000213623047,88.82437896728516,386300,0.0,0.0,0.0
2009-03-20,110.26000213623047,110.2699966430664,110.19999694824219,110.25,88.81629180908203,134700,0.0,0.0,0.0
2009-03-23,110.20999908447266,110.29000091552734,110.20999908447266,110.2699966430664,88.8323974609375,456600,0.0,0.0,0.0
2009-03-24,110.26000213623047,110.29000091552734,110.25,110.26000213623047,88.82437896728516,576400,0.0,0.0,0.0
2009-03-25,110.2699966430664,110.2699966430664,110.2300033569336,110.2699966430664,88.8323974609375,601900,0.0,0.0,0.0
2009-03-26,110.2699966430664,110.27999877929688,110.23999786376953,110.27999877929688,88.84051513671875,308700,0.0,0.0,0.0
2009-03-27,110.2699966430664,110.27999877929688,110.25,110.26000213623047,88.82437896728516,142800,0.0,0.0,0.0
2009-03-30,110.2699966430664,110.29000091552734,110.25,110.29000091552734,88.84856414794922,240900,0.0,0.0,0.0
2009-03-31,110.2699966430664,110.29000091552734,110.23999786376953,110.29000091552734,88.84856414794922,254300,0.0,0.0,0.0
2009-04-01,110.23999786376953,110.23999786376953,110.19000244140625,110.22000122070312,88.83322143554688,239600,0.051,0.0,0.0
2009-04-02,110.16999816894531,110.26000213623047,110.16999816894531,110.19999694824219,88.81710815429688,246000,0.0,0.0,0.0
2009-04-03,110.16999816894531,110.22000122070312,110.1500015258789,110.22000122070312,88.83322143554688,165200,0.0,0.0,0.0
2009-04-06,110.19000244140625,110.19999694824219,110.1500015258789,110.19999694824219,88.81710815429688,199100,0.0,0.0,0.0
2009-04-07,110.19999694824219,110.23999786376953,110.19000244140625,110.23999786376953,88.8493881225586,110700,0.0,0.0,0.0
2009-04-08,110.22000122070312,110.27999877929688,110.20999908447266,110.23999786376953,88.8493881225586,371700,0.0,0.0,0.0
2009-04-09,110.23999786376953,110.25,110.18000030517578,110.2300033569336,88.84132385253906,270600,0.0,0.0,0.0
2009-04-13,110.26000213623047,110.26000213623047,110.16999816894531,110.23999786376953,88.8493881225586,202600,0.0,0.0,0.0
2009-04-14,110.19000244140625,110.2699966430664,110.19000244140625,110.26000213623047,88.8655014038086,211700,0.0,0.0,0.0
2009-04-15,110.22000122070312,110.27999877929688,110.22000122070312,110.27999877929688,88.88158416748047,256400,0.0,0.0,0.0
2009-04-16,110.26000213623047,110.30000305175781,110.23999786376953,110.27999877929688,88.88158416748047,432700,0.0,0.0,0.0
2009-04-17,110.23999786376953,110.27999877929688,110.23999786376953,110.26000213623047,88.8655014038086,503700,0.0,0.0,0.0
2009-04-20,110.20999908447266,110.29000091552734,110.20999908447266,110.29000091552734,88.8896713256836,200100,0.0,0.0,0.0
2009-04-21,110.25,110.29000091552734,110.2300033569336,110.2699966430664,88.87353515625,386500,0.0,0.0,0.0
2009-04-22,110.26000213623047,110.29000091552734,110.25,110.29000091552734,88.8896713256836,375600,0.0,0.0,0.0
2009-04-23,110.27999877929688,110.30000305175781,110.25,110.30000305175781,88.89774322509766,145700,0.0,0.0,0.0
2009-04-24,110.26000213623047,110.30000305175781,110.2300033569336,110.2300033569336,88.84132385253906,177600,0.0,0.0,0.0
2009-04-27,110.27999877929688,110.29000091552734,110.23999786376953,110.23999786376953,88.8493881225586,202700,0.0,0.0,0.0
2009-04-28,110.23999786376953,110.29000091552734,110.23999786376953,110.25,88.85740661621094,165100,0.0,0.0,0.0
2009-04-29,110.27999877929688,110.31999969482422,110.25,110.30999755859375,88.90577697753906,145400,0.0,0.0,0.0
2009-04-30,110.30999755859375,110.30999755859375,110.25,110.30000305175781,88.89774322509766,137300,0.0,0.0,0.0
2009-05-01,110.22000122070312,110.23999786376953,110.16999816894531,110.19000244140625,88.84773254394531,618900,0.048,0.0,0.0
2009-05-04,110.19999694824219,110.19999694824219,110.1500015258789,110.18000030517578,88.83965301513672,150800,0.0,0.0,0.0
2009-05-05,110.20999908447266,110.20999908447266,110.16000366210938,110.16000366210938,88.82353973388672,201000,0.0,0.0,0.0
2009-05-06,110.19000244140625,110.19999694824219,110.16999816894531,110.16999816894531,88.83161163330078,160600,0.0,0.0,0.0
2009-05-07,110.16999816894531,110.19999694824219,110.1500015258789,110.16000366210938,88.82353973388672,347700,0.0,0.0,0.0
2009-05-08,110.13999938964844,110.20999908447266,110.13999938964844,110.1500015258789,88.81546783447266,169900,0.0,0.0,0.0
2009-05-11,110.19999694824219,110.2300033569336,110.13999938964844,110.16999816894531,88.83161163330078,213800,0.0,0.0,0.0
2009-05-12,110.18000030517578,110.22000122070312,110.16999816894531,110.18000030517578,88.83965301513672,133500,0.0,0.0,0.0
2009-05-13,110.20999908447266,110.2300033569336,110.18000030517578,110.19000244140625,88.84773254394531,181000,0.0,0.0,0.0
2009-05-14,110.19999694824219,110.2300033569336,110.18000030517578,110.19000244140625,88.84773254394531,206600,0.0,0.0,0.0
2009-05-15,110.19000244140625,110.25,110.19000244140625,110.19999694824219,88.85580444335938,115200,0.0,0.0,0.0
2009-05-18,110.19000244140625,110.25,110.18000030517578,110.18000030517578,88.83965301513672,241100,0.0,0.0,0.0
2009-05-19,110.22000122070312,110.23999786376953,110.19000244140625,110.19000244140625,88.84773254394531,178000,0.0,0.0,0.0
2009-05-20,110.2300033569336,110.25,110.22000122070312,110.2300033569336,88.87995147705078,293400,0.0,0.0,0.0
2009-05-21,110.25,110.25,110.20999908447266,110.2300033569336,88.87995147705078,418500,0.0,0.0,0.0
2009-05-22,110.22000122070312,110.23999786376953,110.19000244140625,110.19000244140625,88.84773254394531,115100,0.0,0.0,0.0
2009-05-26,110.23999786376953,110.23999786376953,110.16999816894531,110.16999816894531,88.83161163330078,177300,0.0,0.0,0.0
2009-05-27,110.2300033569336,110.2300033569336,110.18000030517578,110.19000244140625,88.84773254394531,165300,0.0,0.0,0.0
2009-05-28,110.22000122070312,110.2699966430664,110.19999694824219,110.2699966430664,88.91223907470703,96600,0.0,0.0,0.0
2009-05-29,110.20999908447266,110.2699966430664,110.19999694824219,110.19999694824219,88.85580444335938,252800,0.0,0.0,0.0
2009-06-01,110.2699966430664,110.27999877929688,110.16000366210938,110.23999786376953,88.91708374023438,319500,0.036,0.0,0.0
2009-06-02,110.16000366210938,110.22000122070312,110.1500015258789,110.1500015258789,88.84449768066406,725700,0.0,0.0,0.0
2009-06-03,110.20999908447266,110.23999786376953,110.16999816894531,110.19999694824219,88.88480377197266,529100,0.0,0.0,0.0
2009-06-04,110.16999816894531,110.23999786376953,110.16000366210938,110.18000030517578,88.86869812011719,163200,0.0,0.0,0.0
2009-06-05,110.16000366210938,110.19999694824219,110.0999984741211,110.13999938964844,88.83646392822266,492400,0.0,0.0,0.0
2009-06-08,110.12000274658203,110.16000366210938,110.0999984741211,110.0999984741211,88.80420684814453,449700,0.0,0.0,0.0
2009-06-09,110.11000061035156,110.16000366210938,110.11000061035156,110.12999725341797,88.82835388183594,246700,0.0,0.0,0.0
2009-06-10,110.12000274658203,110.19000244140625,110.12000274658203,110.19000244140625,88.87673950195312,141300,0.0,0.0,0.0
2009-06-11,110.19000244140625,110.19999694824219,110.16999816894531,110.19000244140625,88.87673950195312,132800,0.0,0.0,0.0
2009-06-12,110.19000244140625,110.20999908447266,110.1500015258789,110.1500015258789,88.84449768066406,103600,0.0,0.0,0.0
2009-06-15,110.18000030517578,110.22000122070312,110.1500015258789,110.1500015258789,88.84449768066406,262300,0.0,0.0,0.0
2009-06-16,110.19000244140625,110.22000122070312,110.1500015258789,110.22000122070312,88.90091705322266,511900,0.0,0.0,0.0
2009-06-17,110.22000122070312,110.2300033569336,110.18000030517578,110.2300033569336,88.90904235839844,264200,0.0,0.0,0.0
2009-06-18,110.20999908447266,110.22000122070312,110.19000244140625,110.22000122070312,88.90091705322266,152000,0.0,0.0,0.0
2009-06-19,110.22000122070312,110.22000122070312,110.16999816894531,110.20999908447266,88.89291381835938,606300,0.0,0.0,0.0
2009-06-22,110.20999908447266,110.20999908447266,110.16999816894531,110.16999816894531,88.8606185913086,390200,0.0,0.0,0.0
2009-06-23,110.20999908447266,110.20999908447266,110.16000366210938,110.16000366210938,88.8525390625,223900,0.0,0.0,0.0
2009-06-24,110.19999694824219,110.22000122070312,110.16000366210938,110.18000030517578,88.86869812011719,285800,0.0,0.0,0.0
2009-06-25,110.19999694824219,110.2300033569336,110.18000030517578,110.22000122070312,88.90091705322266,460500,0.0,0.0,0.0
2009-06-26,110.22000122070312,110.2300033569336,110.18000030517578,110.2300033569336,88.90904235839844,199200,0.0,0.0,0.0
2009-06-29,110.20999908447266,110.22000122070312,110.19999694824219,110.19999694824219,88.88480377197266,244500,0.0,0.0,0.0
2009-06-30,110.19999694824219,110.2300033569336,110.19000244140625,110.2300033569336,88.90904235839844,260600,0.0,0.0,0.0
2009-07-01,110.20999908447266,110.20999908447266,110.18000030517578,110.18000030517578,88.89045715332031,133400,0.027,0.0,0.0
2009-07-02,110.19999694824219,110.19999694824219,110.16999816894531,110.16999816894531,88.88240051269531,225800,0.0,0.0,0.0
2009-07-06,110.18000030517578,110.19999694824219,110.16999816894531,110.16999816894531,88.88240051269531,72800,0.0,0.0,0.0
2009-07-07,110.19000244140625,110.19999694824219,110.16999816894531,110.18000030517578,88.89045715332031,235700,0.0,0.0,0.0
2009-07-08,110.19999694824219,110.22000122070312,110.19000244140625,110.22000122070312,88.9227066040039,152500,0.0,0.0,0.0
2009-07-09,110.22000122070312,110.22000122070312,110.19000244140625,110.22000122070312,88.9227066040039,125200,0.0,0.0,0.0
2009-07-10,110.19999694824219,110.22000122070312,110.18000030517578,110.18000030517578,88.89045715332031,197100,0.0,0.0,0.0
2009-07-13,110.19000244140625,110.22000122070312,110.18000030517578,110.19999694824219,88.90660095214844,419800,0.0,0.0,0.0
2009-07-14,110.19999694824219,110.20999908447266,110.18000030517578,110.19999694824219,88.90660095214844,143400,0.0,0.0,0.0
2009-07-15,110.20999908447266,110.20999908447266,110.18000030517578,110.19000244140625,88.89852142333984,156900,0.0,0.0,0.0
2009-07-16,110.19999694824219,110.20999908447266,110.19000244140625,110.19000244140625,88.89852142333984,199200,0.0,0.0,0.0
2009-07-17,110.19999694824219,110.19999694824219,110.18000030517578,110.18000030517578,88.89045715332031,96600,0.0,0.0,0.0
2009-07-20,110.19999694824219,110.19999694824219,110.16999816894531,110.16999816894531,88.88240051269531,164700,0.0,0.0,0.0
2009-07-21,110.16999816894531,110.19000244140625,110.16999816894531,110.18000030517578,88.89045715332031,332300,0.0,0.0,0.0
2009-07-22,110.19999694824219,110.20999908447266,110.19000244140625,110.19000244140625,88.89852142333984,310200,0.0,0.0,0.0
2009-07-23,110.19999694824219,110.20999908447266,110.18000030517578,110.19000244140625,88.89852142333984,355600,0.0,0.0,0.0
2009-07-24,110.19000244140625,110.20999908447266,110.18000030517578,110.18000030517578,88.89045715332031,961100,0.0,0.0,0.0
2009-07-27,110.18000030517578,110.19999694824219,110.16999816894531,110.19999694824219,88.90660095214844,154900,0.0,0.0,0.0
2009-07-28,110.19000244140625,110.22000122070312,110.19000244140625,110.19000244140625,88.89852142333984,315500,0.0,0.0,0.0
2009-07-29,110.19999694824219,110.2300033569336,110.19999694824219,110.20999908447266,88.9146957397461,261200,0.0,0.0,0.0
2009-07-30,110.22000122070312,110.22000122070312,110.19000244140625,110.19000244140625,88.89852142333984,155100,0.0,0.0,0.0
2009-07-31,110.19999694824219,110.22000122070312,110.16000366210938,110.19999694824219,88.90660095214844,1176300,0.0,0.0,0.0
2009-08-03,110.16999816894531,110.18000030517578,110.12000274658203,110.12999725341797,88.87267303466797,527000,0.028,0.0,0.0
2009-08-04,110.16000366210938,110.18000030517578,110.13999938964844,110.13999938964844,88.88077545166016,171200,0.0,0.0,0.0
2009-08-05,110.16000366210938,110.18000030517578,110.1500015258789,110.16000366210938,88.8968734741211,246600,0.0,0.0,0.0
2009-08-06,110.18000030517578,110.18000030517578,110.1500015258789,110.18000030517578,88.9130630493164,178000,0.0,0.0,0.0
2009-08-07,110.1500015258789,110.16000366210938,110.13999938964844,110.13999938964844,88.88077545166016,127300,0.0,0.0,0.0
2009-08-10,110.1500015258789,110.16999816894531,110.1500015258789,110.1500015258789,88.8888168334961,107300,0.0,0.0,0.0
2009-08-11,110.16999816894531,110.16999816894531,110.1500015258789,110.16999816894531,88.90501403808594,114200,0.0,0.0,0.0
2009-08-12,110.18000030517578,110.18000030517578,110.16000366210938,110.16999816894531,88.90501403808594,186500,0.0,0.0,0.0
2009-08-13,110.18000030517578,110.19000244140625,110.16000366210938,110.18000030517578,88.9130630493164,108000,0.0,0.0,0.0
2009-08-14,110.19000244140625,110.19000244140625,110.16999816894531,110.18000030517578,88.9130630493164,134800,0.0,0.0,0.0
2009-08-17,110.19000244140625,110.19000244140625,110.16999816894531,110.19000244140625,88.92111206054688,63700,0.0,0.0,0.0
2009-08-18,110.19000244140625,110.19000244140625,110.16000366210938,110.19000244140625,88.92111206054688,308200,0.0,0.0,0.0
2009-08-19,110.22000122070312,110.22000122070312,110.18000030517578,110.18000030517578,88.9130630493164,162100,0.0,0.0,0.0
2009-08-20,110.22000122070312,110.22000122070312,110.18000030517578,110.18000030517578,88.9130630493164,153500,0.0,0.0,0.0
2009-08-21,110.18000030517578,110.19999694824219,110.1500015258789,110.19000244140625,88.92111206054688,278200,0.0,0.0,0.0
2009-08-24,110.16999816894531,110.22000122070312,110.16999816894531,110.18000030517578,88.9130630493164,127900,0.0,0.0,0.0
2009-08-25,110.19999694824219,110.19999694824219,110.16999816894531,110.19000244140625,88.92111206054688,173800,0.0,0.0,0.0
2009-08-26,110.19000244140625,110.22000122070312,110.18000030517578,110.22000122070312,88.94530487060547,115000,0.0,0.0,0.0
2009-08-27,110.20999908447266,110.22000122070312,110.16999816894531,110.16999816894531,88.90501403808594,172800,0.0,0.0,0.0
2009-08-28,110.19999694824219,110.22000122070312,110.18000030517578,110.18000030517578,88.9130630493164,125300,0.0,0.0,0.0
2009-08-31,110.19999694824219,110.22000122070312,110.18000030517578,110.22000122070312,88.94530487060547,141300,0.0,0.0,0.0
2009-09-01,110.12999725341797,110.1500015258789,110.0999984741211,110.11000061035156,88.87996673583984,359700,0.029,0.0,0.0
2009-09-02,110.18000030517578,110.19999694824219,110.16000366210938,110.19999694824219,88.95262145996094,375700,0.0,0.0,0.0
2009-09-03,110.20999908447266,110.20999908447266,110.16999816894531,110.19999694824219,88.95262145996094,74500,0.0,0.0,0.0
2009-09-04,110.20999908447266,110.20999908447266,110.18000030517578,110.19000244140625,88.94453430175781,119700,0.0,0.0,0.0
2009-09-08,110.16999816894531,110.20999908447266,110.16000366210938,110.16000366210938,88.92030334472656,101000,0.0,0.0,0.0
2009-09-09,110.20999908447266,110.20999908447266,110.16999816894531,110.19000244140625,88.94453430175781,243400,0.0,0.0,0.0
2009-09-10,110.18000030517578,110.20999908447266,110.16999816894531,110.16999816894531,88.92839050292969,133600,0.0,0.0,0.0
2009-09-11,110.20999908447266,110.22000122070312,110.19999694824219,110.20999908447266,88.96067810058594,164800,0.0,0.0,0.0
2009-09-14,110.18000030517578,110.20999908447266,110.16999816894531,110.18000030517578,88.93643951416016,76200,0.0,0.0,0.0
2009-09-15,110.16999816894531,110.20999908447266,110.16999816894531,110.19000244140625,88.94453430175781,97600,0.0,0.0,0.0
2009-09-16,110.19000244140625,110.22000122070312,110.18000030517578,110.18000030517578,88.93643951416016,185000,0.0,0.0,0.0
2009-09-17,110.19000244140625,110.20999908447266,110.18000030517578,110.19000244140625,88.94453430175781,146600,0.0,0.0,0.0
2009-09-18,110.20999908447266,110.20999908447266,110.18000030517578,110.19000244140625,88.94453430175781,584400,0.0,0.0,0.0
2009-09-21,110.19999694824219,110.19999694824219,110.16999816894531,110.16999816894531,88.92839050292969,164900,0.0,0.0,0.0
2009-09-22,110.16999816894531,110.19999694824219,110.16999816894531,110.19000244140625,88.94453430175781,137400,0.0,0.0,0.0
2009-09-23,110.19999694824219,110.22000122070312,110.18000030517578,110.19000244140625,88.94453430175781,665700,0.0,0.0,0.0
2009-09-24,110.19999694824219,110.19999694824219,110.18000030517578,110.18000030517578,88.93643951416016,807600,0.0,0.0,0.0
2009-09-25,110.19999694824219,110.19999694824219,110.16999816894531,110.16999816894531,88.92839050292969,652500,0.0,0.0,0.0
2009-09-28,110.20999908447266,110.2300033569336,110.16000366210938,110.16000366210938,88.92030334472656,909200,0.0,0.0,0.0
2009-09-29,110.16999816894531,110.19000244140625,110.16000366210938,110.16999816894531,88.92839050292969,489200,0.0,0.0,0.0
2009-09-30,110.18000030517578,110.2300033569336,110.18000030517578,110.19000244140625,88.94453430175781,550300,0.0,0.0,0.0
2009-10-01,110.19000244140625,110.19000244140625,110.13999938964844,110.18000030517578,88.9542007446289,538300,0.022,0.0,0.0
2009-10-02,110.18000030517578,110.18000030517578,110.13999938964844,110.16000366210938,88.93806457519531,205300,0.0,0.0,0.0
2009-10-05,110.18000030517578,110.20999908447266,110.16000366210938,110.16000366210938,88.93806457519531,197500,0.0,0.0,0.0
2009-10-06,110.19999694824219,110.20999908447266,110.18000030517578,110.19000244140625,88.96229553222656,152200,0.0,0.0,0.0
2009-10-07,110.20999908447266,110.2300033569336,110.19000244140625,110.20999908447266,88.97844696044922,190200,0.0,0.0,0.0
2009-10-08,110.19999694824219,110.22000122070312,110.18000030517578,110.19999694824219,88.97039031982422,175800,0.0,0.0,0.0
2009-10-09,110.19000244140625,110.19999694824219,110.16999816894531,110.16999816894531,88.94615173339844,166500,0.0,0.0,0.0
2009-10-12,110.19999694824219,110.19999694824219,110.16000366210938,110.16999816894531,88.94615173339844,112200,0.0,0.0,0.0
2009-10-13,110.18000030517578,110.19999694824219,110.16999816894531,110.18000030517578,88.9542007446289,78400,0.0,0.0,0.0
2009-10-14,110.18000030517578,110.19999694824219,110.18000030517578,110.18000030517578,88.9542007446289,192700,0.0,0.0,0.0
2009-10-15,110.18000030517578,110.19999694824219,110.18000030517578,110.18000030517578,88.9542007446289,210400,0.0,0.0,0.0
2009-10-16,110.18000030517578,110.19999694824219,110.18000030517578,110.18000030517578,88.9542007446289,91200,0.0,0.0,0.0
2009-10-19,110.19000244140625,110.19999694824219,110.16999816894531,110.19000244140625,88.96229553222656,131500,0.0,0.0,0.0
2009-10-20,110.19000244140625,110.20999908447266,110.16999816894531,110.19000244140625,88.96229553222656,601400,0.0,0.0,0.0
2009-10-21,110.18000030517578,110.22000122070312,110.16999816894531,110.22000122070312,88.98651885986328,360000,0.0,0.0,0.0
2009-10-22,110.19999694824219,110.2300033569336,110.19000244140625,110.2300033569336,88.99456787109375,125600,0.0,0.0,0.0
2009-10-23,110.19000244140625,110.22000122070312,110.19000244140625,110.20999908447266,88.97844696044922,210600,0.0,0.0,0.0
2009-10-26,110.22000122070312,110.22000122070312,110.19000244140625,110.19000244140625,88.96229553222656,94200,0.0,0.0,0.0
2009-10-27,110.20999908447266,110.2300033569336,110.19000244140625,110.22000122070312,88.98651885986328,129200,0.0,0.0,0.0
2009-10-28,110.2300033569336,110.26000213623047,110.20999908447266,110.23999786376953,89.00263977050781,1317000,0.0,0.0,0.0
2009-10-29,110.22000122070312,110.23999786376953,110.18000030517578,110.2300033569336,88.99456787109375,472200,0.0,0.0,0.0
2009-10-30,110.2300033569336,110.2300033569336,110.18000030517578,110.22000122070312,88.98651885986328,507100,0.0,0.0,0.0
2009-11-02,110.19000244140625,110.20999908447266,110.16000366210938,110.18000030517578,88.96552276611328,186200,0.014,0.0,0.0
2009-11-03,110.20999908447266,110.20999908447266,110.16000366210938,110.19000244140625,88.97359466552734,283200,0.0,0.0,0.0
2009-11-04,110.20999908447266,110.20999908447266,110.16000366210938,110.16000366210938,88.94939422607422,105200,0.0,0.0,0.0
2009-11-05,110.19000244140625,110.19999694824219,110.19000244140625,110.19999694824219,88.98165130615234,127000,0.0,0.0,0.0
2009-11-06,110.19000244140625,110.22000122070312,110.18000030517578,110.18000030517578,88.96552276611328,166400,0.0,0.0,0.0
2009-11-09,110.22000122070312,110.22000122070312,110.18000030517578,110.19000244140625,88.97359466552734,245400,0.0,0.0,0.0
2009-11-10,110.19000244140625,110.2300033569336,110.19000244140625,110.20999908447266,88.98973846435547,136300,0.0,0.0,0.0
2009-11-11,110.20999908447266,110.23999786376953,110.19000244140625,110.19000244140625,88.97359466552734,324900,0.0,0.0,0.0
2009-11-12,110.19000244140625,110.22000122070312,110.19000244140625,110.19999694824219,88.98165130615234,167600,0.0,0.0,0.0
2009-11-13,110.19999694824219,110.22000122070312,110.19000244140625,110.22000122070312,88.99781799316406,328200,0.0,0.0,0.0
2009-11-16,110.19999694824219,110.22000122070312,110.19999694824219,110.19999694824219,88.98165130615234,114900,0.0,0.0,0.0
2009-11-17,110.19999694824219,110.25,110.19000244140625,110.23999786376953,89.01394653320312,829100,0.0,0.0,0.0
2009-11-18,110.2300033569336,110.23999786376953,110.22000122070312,110.23999786376953,89.01394653320312,502500,0.0,0.0,0.0
2009-11-19,110.2300033569336,110.2699966430664,110.22000122070312,110.2300033569336,89.005859375,151500,0.0,0.0,0.0
2009-11-20,110.2300033569336,110.26000213623047,110.22000122070312,110.25,89.02204132080078,115700,0.0,0.0,0.0
2009-11-23,110.22000122070312,110.23999786376953,110.19000244140625,110.19000244140625,88.97359466552734,1024000,0.0,0.0,0.0
2009-11-24,110.20999908447266,110.23999786376953,110.20999908447266,110.23999786376953,89.01394653320312,150900,0.0,0.0,0.0
2009-11-25,110.2300033569336,110.23999786376953,110.20999908447266,110.23999786376953,89.01394653320312,451100,0.0,0.0,0.0
2009-11-27,110.25,110.25,110.20999908447266,110.2300033569336,89.005859375,101900,0.0,0.0,0.0
2009-11-30,110.25,110.25,110.20999908447266,110.22000122070312,88.99781799316406,176400,0.0,0.0,0.0
2009-12-01,110.22000122070312,110.22000122070312,110.16999816894531,110.20999908447266,88.99781799316406,439600,0.01,0.0,0.0
2009-12-02,110.18000030517578,110.2300033569336,110.18000030517578,110.19000244140625,88.9816665649414,536300,0.0,0.0,0.0
2009-12-03,110.19000244140625,110.22000122070312,110.19000244140625,110.19000244140625,88.9816665649414,654000,0.0,0.0,0.0
2009-12-04,110.19000244140625,110.19999694824219,110.18000030517578,110.19999694824219,88.98970794677734,393300,0.0,0.0,0.0
2009-12-07,110.19999694824219,110.20999908447266,110.16000366210938,110.16999816894531,88.96553802490234,281400,0.0,0.0,0.0
2009-12-08,110.18000030517578,110.20999908447266,110.16999816894531,110.19000244140625,88.9816665649414,336500,0.0,0.0,0.0
2009-12-09,110.20999908447266,110.20999908447266,110.18000030517578,110.19999694824219,88.98970794677734,220900,0.0,0.0,0.0
2009-12-10,110.19000244140625,110.20999908447266,110.16999816894531,110.16999816894531,88.96553802490234,556200,0.0,0.0,0.0
2009-12-11,110.19999694824219,110.19999694824219,110.16999816894531,110.16999816894531,88.96553802490234,377500,0.0,0.0,0.0
2009-12-14,110.18000030517578,110.19999694824219,110.16999816894531,110.16999816894531,88.96553802490234,382200,0.0,0.0,0.0
2009-12-15,110.16000366210938,110.19000244140625,110.16000366210938,110.19000244140625,88.9816665649414,377200,0.0,0.0,0.0
2009-12-16,110.19000244140625,110.19999694824219,110.18000030517578,110.19000244140625,88.9816665649414,119400,0.0,0.0,0.0
2009-12-17,110.19999694824219,110.20999908447266,110.16999816894531,110.16999816894531,88.96553802490234,517500,0.0,0.0,0.0
2009-12-18,110.19000244140625,110.19999694824219,110.18000030517578,110.18000030517578,88.97357940673828,110400,0.0,0.0,0.0
2009-12-21,110.18000030517578,110.19999694824219,110.18000030517578,110.19999694824219,88.98970794677734,145300,0.0,0.0,0.0
2009-12-22,110.19999694824219,110.19999694824219,110.16999816894531,110.19999694824219,88.98970794677734,325400,0.0,0.0,0.0
2009-12-23,110.19999694824219,110.20999908447266,110.18000030517578,110.19999694824219,88.98970794677734,187500,0.0,0.0,0.0
2009-12-24,110.19000244140625,110.19999694824219,110.18000030517578,110.18000030517578,88.97357940673828,109300,0.0,0.0,0.0
2009-12-28,110.2300033569336,110.2300033569336,110.18000030517578,110.22000122070312,89.00589752197266,288600,0.0,0.0,0.0
2009-12-29,110.19000244140625,110.19999694824219,110.16000366210938,110.19999694824219,89.00105285644531,277400,0.014,0.0,0.0
2009-12-30,110.18000030517578,110.19999694824219,110.16999816894531,110.19999694824219,89.00105285644531,131300,0.0,0.0,0.0
2009-12-31,110.16999816894531,110.20999908447266,110.16999816894531,110.19000244140625,88.99300384521484,150800,0.0,0.0,0.0
2010-01-04,110.18000030517578,110.19999694824219,110.16000366210938,110.19999694824219,89.00105285644531,301100,0.0,0.0,0.0
2010-01-05,110.18000030517578,110.19999694824219,110.16000366210938,110.16000366210938,88.96879577636719,420500,0.0,0.0,0.0
2010-01-06,110.19000244140625,110.20999908447266,110.16000366210938,110.16999816894531,88.97684478759766,563200,0.0,0.0,0.0
2010-01-07,110.18000030517578,110.19000244140625,110.16999816894531,110.16999816894531,88.97684478759766,150600,0.0,0.0,0.0
2010-01-08,110.16999816894531,110.20999908447266,110.16999816894531,110.20999908447266,89.00910186767578,190600,0.0,0.0,0.0
2010-01-11,110.19000244140625,110.22000122070312,110.19000244140625,110.20999908447266,89.00910186767578,346600,0.0,0.0,0.0
2010-01-12,110.19999694824219,110.20999908447266,110.18000030517578,110.19999694824219,89.00105285644531,122400,0.0,0.0,0.0
2010-01-13,110.22000122070312,110.22000122070312,110.19000244140625,110.19000244140625,88.99300384521484,165700,0.0,0.0,0.0
2010-01-14,110.20999908447266,110.22000122070312,110.19000244140625,110.19000244140625,88.99300384521484,107500,0.0,0.0,0.0
2010-01-15,110.19000244140625,110.20999908447266,110.18000030517578,110.18000030517578,88.98493194580078,249800,0.0,0.0,0.0
2010-01-19,110.19999694824219,110.22000122070312,110.19000244140625,110.19999694824219,89.00105285644531,250200,0.0,0.0,0.0
2010-01-20,110.20999908447266,110.20999908447266,110.19000244140625,110.19999694824219,89.00105285644531,142800,0.0,0.0,0.0
2010-01-21,110.19000244140625,110.2300033569336,110.19000244140625,110.19999694824219,89.00105285644531,634200,0.0,0.0,0.0
2010-01-22,110.19999694824219,110.19999694824219,110.18000030517578,110.18000030517578,88.98493194580078,327200,0.0,0.0,0.0
2010-01-25,110.19000244140625,110.2300033569336,110.18000030517578,110.22000122070312,89.01716613769531,187600,0.0,0.0,0.0
2010-01-26,110.19999694824219,110.2300033569336,110.19999694824219,110.22000122070312,89.01716613769531,301200,0.0,0.0,0.0
2010-01-27,110.19999694824219,110.22000122070312,110.18000030517578,110.18000030517578,88.98493194580078,301700,0.0,0.0,0.0
2010-01-28,110.19999694824219,110.20999908447266,110.18000030517578,110.18000030517578,88.98493194580078,376200,0.0,0.0,0.0
2010-01-29,110.19999694824219,110.22000122070312,110.18000030517578,110.22000122070312,89.01716613769531,346800,0.0,0.0,0.0
2010-02-01,110.22000122070312,110.22000122070312,110.19000244140625,110.19000244140625,88.99459075927734,252600,0.002,0.0,0.0
2010-02-02,110.18000030517578,110.22000122070312,110.18000030517578,110.20999908447266,89.01070404052734,404100,0.0,0.0,0.0
2010-02-03,110.20999908447266,110.22000122070312,110.19000244140625,110.19999694824219,89.00262451171875,478200,0.0,0.0,0.0
2010-02-04,110.19999694824219,110.20999908447266,110.19000244140625,110.19999694824219,89.00262451171875,348600,0.0,0.0,0.0
2010-02-05,110.16999816894531,110.2300033569336,110.16999816894531,110.18000030517578,88.98651885986328,1061700,0.0,0.0,0.0
2010-02-08,110.16999816894531,110.22000122070312,110.16999816894531,110.22000122070312,89.0187759399414,633100,0.0,0.0,0.0
2010-02-09,110.19999694824219,110.22000122070312,110.18000030517578,110.22000122070312,89.0187759399414,318900,0.0,0.0,0.0
2010-02-10,110.18000030517578,110.20999908447266,110.18000030517578,110.20999908447266,89.01070404052734,152700,0.0,0.0,0.0
2010-02-11,110.19999694824219,110.22000122070312,110.19000244140625,110.22000122070312,89.0187759399414,515200,0.0,0.0,0.0
2010-02-12,110.18000030517578,110.22000122070312,110.18000030517578,110.22000122070312,89.0187759399414,151300,0.0,0.0,0.0
2010-02-16,110.20999908447266,110.22000122070312,110.19000244140625,110.19000244140625,88.99459075927734,358900,0.0,0.0,0.0
2010-02-17,110.19000244140625,110.20999908447266,110.19000244140625,110.20999908447266,89.01070404052734,101200,0.0,0.0,0.0
2010-02-18,110.19000244140625,110.22000122070312,110.19000244140625,110.22000122070312,89.0187759399414,149600,0.0,0.0,0.0
2010-02-19,110.20999908447266,110.22000122070312,110.19000244140625,110.19999694824219,89.00262451171875,417300,0.0,0.0,0.0
2010-02-22,110.19000244140625,110.20999908447266,110.19000244140625,110.20999908447266,89.01070404052734,144200,0.0,0.0,0.0
2010-02-23,110.19999694824219,110.20999908447266,110.18000030517578,110.20999908447266,89.01070404052734,109000,0.0,0.0,0.0
2010-02-24,110.19999694824219,110.22000122070312,110.19000244140625,110.19999694824219,89.00262451171875,155000,0.0,0.0,0.0
2010-02-25,110.22000122070312,110.2300033569336,110.19999694824219,110.2300033569336,89.02688598632812,209500,0.0,0.0,0.0
2010-02-26,110.19999694824219,110.22000122070312,110.19999694824219,110.22000122070312,89.0187759399414,249000,0.0,0.0,0.0
2010-03-01,110.16000366210938,110.20999908447266,110.16000366210938,110.20999908447266,89.01717376708984,800500,0.008,0.0,0.0
2010-03-02,110.19999694824219,110.20999908447266,110.16000366210938,110.16000366210938,88.97687530517578,1940900,0.0,0.0,0.0
2010-03-03,110.18000030517578,110.22000122070312,110.16999816894531,110.19000244140625,89.00106048583984,1761100,0.0,0.0,0.0
2010-03-04,110.19999694824219,110.20999908447266,110.18000030517578,110.19999694824219,89.00910186767578,805800,0.0,0.0,0.0
2010-03-05,110.19000244140625,110.20999908447266,110.16999816894531,110.19000244140625,89.00106048583984,1980800,0.0,0.0,0.0
2010-03-08,110.19000244140625,110.20999908447266,110.18000030517578,110.20999908447266,89.01717376708984,723900,0.0,0.0,0.0
2010-03-09,110.19999694824219,110.20999908447266,110.18000030517578,110.19999694824219,89.00910186767578,1131500,0.0,0.0,0.0
2010-03-10,110.18000030517578,110.19999694824219,110.18000030517578,110.19000244140625,89.00106048583984,933100,0.0,0.0,0.0
2010-03-11,110.19999694824219,110.19999694824219,110.18000030517578,110.18000030517578,88.99299621582031,219300,0.0,0.0,0.0
2010-03-12,110.19999694824219,110.20999908447266,110.18000030517578,110.19999694824219,89.00910186767578,1190500,0.0,0.0,0.0
2010-03-15,110.19000244140625,110.19999694824219,110.18000030517578,110.19999694824219,89.00910186767578,101100,0.0,0.0,0.0
2010-03-16,110.18000030517578,110.19999694824219,110.16999816894531,110.16999816894531,88.98492431640625,1388800,0.0,0.0,0.0
2010-03-17,110.19000244140625,110.20999908447266,110.18000030517578,110.19999694824219,89.00910186767578,1730000,0.0,0.0,0.0
2010-03-18,110.20999908447266,110.20999908447266,110.19000244140625,110.19999694824219,89.00910186767578,1032500,0.0,0.0,0.0
2010-03-19,110.19999694824219,110.19999694824219,110.18000030517578,110.19999694824219,89.00910186767578,103300,0.0,0.0,0.0
2010-03-22,110.19999694824219,110.19999694824219,110.19000244140625,110.19999694824219,89.00910186767578,111300,0.0,0.0,0.0
2010-03-23,110.19000244140625,110.20999908447266,110.19000244140625,110.20999908447266,89.01717376708984,569900,0.0,0.0,0.0
2010-03-24,110.19000244140625,110.20999908447266,110.19000244140625,110.19000244140625,89.00106048583984,151800,0.0,0.0,0.0
2010-03-25,110.19000244140625,110.19999694824219,110.18000030517578,110.19000244140625,89.00106048583984,788000,0.0,0.0,0.0
2010-03-26,110.18000030517578,110.19999694824219,110.18000030517578,110.18000030517578,88.99299621582031,264200,0.0,0.0,0.0
2010-03-29,110.18000030517578,110.20999908447266,110.16999816894531,110.18000030517578,88.99299621582031,1433700,0.0,0.0,0.0
2010-03-30,110.18000030517578,110.20999908447266,110.18000030517578,110.20999908447266,89.01717376708984,879700,0.0,0.0,0.0
2010-03-31,110.18000030517578,110.19999694824219,110.18000030517578,110.19999694824219,89.00910186767578,682700,0.0,0.0,0.0
2010-04-01,110.16999816894531,110.19000244140625,110.16000366210938,110.16000366210938,88.97925567626953,146200,0.003,0.0,0.0
2010-04-05,110.16000366210938,110.18000030517578,110.13999938964844,110.1500015258789,88.97116088867188,1132600,0.0,0.0,0.0
2010-04-06,110.16000366210938,110.19000244140625,110.13999938964844,110.16999816894531,88.9873275756836,696900,0.0,0.0,0.0
2010-04-07,110.16000366210938,110.18000030517578,110.16000366210938,110.16000366210938,88.97925567626953,868400,0.0,0.0,0.0
2010-04-08,110.16000366210938,110.18000030517578,110.16000366210938,110.16000366210938,88.97925567626953,307200,0.0,0.0,0.0
2010-04-09,110.16999816894531,110.18000030517578,110.13999938964844,110.16999816894531,88.9873275756836,477200,0.0,0.0,0.0
2010-04-12,110.16000366210938,110.19000244140625,110.16000366210938,110.18000030517578,88.99537658691406,844500,0.0,0.0,0.0
2010-04-13,110.18000030517578,110.19000244140625,110.16999816894531,110.16999816894531,88.9873275756836,130700,0.0,0.0,0.0
2010-04-14,110.16999816894531,110.19000244140625,110.16999816894531,110.16999816894531,88.9873275756836,175300,0.0,0.0,0.0
2010-04-15,110.18000030517578,110.18000030517578,110.16999816894531,110.16999816894531,88.9873275756836,132500,0.0,0.0,0.0
2010-04-16,110.16999816894531,110.20999908447266,110.16999816894531,110.20999908447266,89.01961517333984,394200,0.0,0.0,0.0
2010-04-19,110.19000244140625,110.19000244140625,110.16000366210938,110.16000366210938,88.97925567626953,258700,0.0,0.0,0.0
2010-04-20,110.18000030517578,110.19000244140625,110.16999816894531,110.19000244140625,89.00347137451172,92000,0.0,0.0,0.0
2010-04-21,110.16999816894531,110.19000244140625,110.16999816894531,110.18000030517578,88.99537658691406,275200,0.0,0.0,0.0
2010-04-22,110.18000030517578,110.19999694824219,110.16999816894531,110.19000244140625,89.00347137451172,136800,0.0,0.0,0.0
2010-04-23,110.16999816894531,110.19000244140625,110.16999816894531,110.19000244140625,89.00347137451172,112600,0.0,0.0,0.0
2010-04-26,110.16999816894531,110.19000244140625,110.16999816894531,110.19000244140625,89.00347137451172,591000,0.0,0.0,0.0
2010-04-27,110.18000030517578,110.19000244140625,110.16999816894531,110.19000244140625,89.00347137451172,188100,0.0,0.0,0.0
2010-04-28,110.19000244140625,110.19999694824219,110.16000366210938,110.16999816894531,88.9873275756836,340700,0.0,0.0,0.0
2010-04-29,110.16999816894531,110.19000244140625,110.16999816894531,110.18000030517578,88.99537658691406,74000,0.0,0.0,0.0
2010-04-30,110.16999816894531,110.19000244140625,110.16999816894531,110.19000244140625,89.00347137451172,103500,0.0,0.0,0.0
2010-05-03,110.18000030517578,110.18000030517578,110.16000366210938,110.16000366210938,88.98411560058594,101400,0.006,0.0,0.0
2010-05-04,110.16000366210938,110.19000244140625,110.1500015258789,110.1500015258789,88.97602844238281,950400,0.0,0.0,0.0
2010-05-05,110.16999816894531,110.18000030517578,110.16999816894531,110.18000030517578,89.00025177001953,903100,0.0,0.0,0.0
2010-05-06,110.19000244140625,110.22000122070312,110.08999633789062,110.18000030517578,89.00025177001953,2453400,0.0,0.0,0.0
2010-05-07,110.19000244140625,110.19999694824219,110.1500015258789,110.16999816894531,88.99217224121094,1351700,0.0,0.0,0.0
2010-05-10,110.18000030517578,110.19000244140625,110.16000366210938,110.16000366210938,88.98411560058594,588800,0.0,0.0,0.0
2010-05-11,110.16999816894531,110.18000030517578,110.16000366210938,110.16999816894531,88.99217224121094,163700,0.0,0.0,0.0
2010-05-12,110.18000030517578,110.19000244140625,110.16000366210938,110.18000030517578,89.00025177001953,226000,0.0,0.0,0.0
2010-05-13,110.16999816894531,110.19000244140625,110.16999816894531,110.19000244140625,89.0083236694336,459800,0.0,0.0,0.0
2010-05-14,110.18000030517578,110.19999694824219,110.16999816894531,110.19999694824219,89.01634216308594,214400,0.0,0.0,0.0
2010-05-17,110.19000244140625,110.19000244140625,110.16000366210938,110.16999816894531,88.99217224121094,120100,0.0,0.0,0.0
2010-05-18,110.18000030517578,110.19000244140625,110.16999816894531,110.16999816894531,88.99217224121094,119100,0.0,0.0,0.0
2010-05-19,110.19000244140625,110.19999694824219,110.16999816894531,110.19000244140625,89.0083236694336,1868200,0.0,0.0,0.0
2010-05-20,110.18000030517578,110.20999908447266,110.16999816894531,110.19999694824219,89.01634216308594,2112600,0.0,0.0,0.0
2010-05-21,110.19000244140625,110.19999694824219,110.18000030517578,110.19999694824219,89.01634216308594,794100,0.0,0.0,0.0
2010-05-24,110.19000244140625,110.19999694824219,110.18000030517578,110.19999694824219,89.01634216308594,376900,0.0,0.0,0.0
2010-05-25,110.19999694824219,110.19999694824219,110.16999816894531,110.19000244140625,89.0083236694336,452600,0.0,0.0,0.0
2010-05-26,110.19000244140625,110.19999694824219,110.16999816894531,110.16999816894531,88.99217224121094,172300,0.0,0.0,0.0
2010-05-27,110.19000244140625,110.20999908447266,110.19000244140625,110.19999694824219,89.01634216308594,338800,0.0,0.0,0.0
2010-05-28,110.19000244140625,110.19999694824219,110.18000030517578,110.19999694824219,89.01634216308594,269200,0.0,0.0,0.0
2010-06-01,110.19000244140625,110.19999694824219,110.18000030517578,110.19000244140625,89.01317596435547,222200,0.006,0.0,0.0
2010-06-02,110.18000030517578,110.19999694824219,110.18000030517578,110.19999694824219,89.02117919921875,577900,0.0,0.0,0.0
2010-06-03,110.19000244140625,110.19000244140625,110.18000030517578,110.18000030517578,89.00509643554688,459900,0.0,0.0,0.0
2010-06-04,110.18000030517578,110.22000122070312,110.18000030517578,110.22000122070312,89.03738403320312,178500,0.0,0.0,0.0
2010-06-07,110.19000244140625,110.19999694824219,110.16999816894531,110.18000030517578,89.00509643554688,297800,0.0,0.0,0.0
2010-06-08,110.18000030517578,110.2300033569336,110.16999816894531,110.22000122070312,89.03738403320312,615000,0.0,0.0,0.0
2010-06-09,110.19000244140625,110.20999908447266,110.19000244140625,110.19000244140625,89.01317596435547,322500,0.0,0.0,0.0
2010-06-10,110.19999694824219,110.22000122070312,110.19999694824219,110.22000122070312,89.03738403320312,135300,0.0,0.0,0.0
2010-06-11,110.19999694824219,110.2300033569336,110.19999694824219,110.2300033569336,89.04547882080078,328200,0.0,0.0,0.0
2010-06-14,110.19999694824219,110.22000122070312,110.19999694824219,110.22000122070312,89.03738403320312,465500,0.0,0.0,0.0
2010-06-15,110.22000122070312,110.22000122070312,110.18000030517578,110.18000030517578,89.00509643554688,227600,0.0,0.0,0.0
2010-06-16,110.20999908447266,110.22000122070312,110.19000244140625,110.19999694824219,89.02117919921875,1399600,0.0,0.0,0.0
2010-06-17,110.19999694824219,110.22000122070312,110.19999694824219,110.22000122070312,89.03738403320312,251300,0.0,0.0,0.0
2010-06-18,110.20999908447266,110.22000122070312,110.19999694824219,110.19999694824219,89.02117919921875,320900,0.0,0.0,0.0
2010-06-21,110.19999694824219,110.22000122070312,110.19000244140625,110.22000122070312,89.03738403320312,1188400,0.0,0.0,0.0
2010-06-22,110.20999908447266,110.22000122070312,110.19000244140625,110.19000244140625,89.01317596435547,1008400,0.0,0.0,0.0
2010-06-23,110.19999694824219,110.22000122070312,110.19999694824219,110.19999694824219,89.02117919921875,527700,0.0,0.0,0.0
2010-06-24,110.20999908447266,110.22000122070312,110.19999694824219,110.19999694824219,89.02117919921875,153300,0.0,0.0,0.0
2010-06-25,110.19999694824219,110.22000122070312,110.19999694824219,110.22000122070312,89.03738403320312,111600,0.0,0.0,0.0
2010-06-28,110.22000122070312,110.22000122070312,110.19999694824219,110.20999908447266,89.02928924560547,87200,0.0,0.0,0.0
2010-06-29,110.22000122070312,110.22000122070312,110.19000244140625,110.20999908447266,89.02928924560547,603400,0.0,0.0,0.0
2010-06-30,110.20999908447266,110.2300033569336,110.19999694824219,110.2300033569336,89.04547882080078,611100,0.0,0.0,0.0
2010-07-01,110.20999908447266,110.20999908447266,110.18000030517578,110.18000030517578,89.0107421875,940200,0.007,0.0,0.0
2010-07-02,110.19000244140625,110.19999694824219,110.18000030517578,110.19999694824219,89.02686309814453,226800,0.0,0.0,0.0
2010-07-06,110.19000244140625,110.20999908447266,110.18000030517578,110.18000030517578,89.0107421875,869700,0.0,0.0,0.0
2010-07-07,110.19000244140625,110.2300033569336,110.19000244140625,110.20999908447266,89.03496551513672,1274100,0.0,0.0,0.0
2010-07-08,110.19999694824219,110.2300033569336,110.19999694824219,110.2300033569336,89.05116271972656,540600,0.0,0.0,0.0
2010-07-09,110.20999908447266,110.2300033569336,110.20999908447266,110.2300033569336,89.05116271972656,210500,0.0,0.0,0.0
2010-07-12,110.20999908447266,110.2300033569336,110.20999908447266,110.2300033569336,89.05116271972656,266600,0.0,0.0,0.0
2010-07-13,110.20999908447266,110.2300033569336,110.19999694824219,110.19999694824219,89.02686309814453,330600,0.0,0.0,0.0
2010-07-14,110.20999908447266,110.23999786376953,110.19999694824219,110.23999786376953,89.05921173095703,164900,0.0,0.0,0.0
2010-07-15,110.2300033569336,110.2300033569336,110.19000244140625,110.20999908447266,89.03496551513672,601200,0.0,0.0,0.0
2010-07-16,110.19999694824219,110.22000122070312,110.19999694824219,110.22000122070312,89.0430908203125,272300,0.0,0.0,0.0
2010-07-19,110.20999908447266,110.22000122070312,110.19999694824219,110.19999694824219,89.02686309814453,125500,0.0,0.0,0.0
2010-07-20,110.20999908447266,110.22000122070312,110.19999694824219,110.20999908447266,89.03496551513672,388800,0.0,0.0,0.0
2010-07-21,110.20999908447266,110.2300033569336,110.19999694824219,110.19999694824219,89.02686309814453,163000,0.0,0.0,0.0
2010-07-22,110.20999908447266,110.2300033569336,110.19999694824219,110.22000122070312,89.0430908203125,195700,0.0,0.0,0.0
2010-07-23,110.20999908447266,110.2300033569336,110.19999694824219,110.19999694824219,89.02686309814453,457900,0.0,0.0,0.0
2010-07-26,110.20999908447266,110.22000122070312,110.19000244140625,110.19000244140625,89.018798828125,1082100,0.0,0.0,0.0
2010-07-27,110.20999908447266,110.22000122070312,110.19000244140625,110.20999908447266,89.03496551513672,405400,0.0,0.0,0.0
2010-07-28,110.20999908447266,110.2300033569336,110.19999694824219,110.2300033569336,89.05116271972656,709800,0.0,0.0,0.0
2010-07-29,110.19999694824219,110.22000122070312,110.19999694824219,110.19999694824219,89.02686309814453,777700,0.0,0.0,0.0
2010-07-30,110.22000122070312,110.22000122070312,110.19999694824219,110.19999694824219,89.02686309814453,226400,0.0,0.0,0.0
2010-08-02,110.20999908447266,110.22000122070312,110.19000244140625,110.19000244140625,89.02527618408203,360300,0.008,0.0,0.0
2010-08-03,110.19999694824219,110.20999908447266,110.19000244140625,110.19000244140625,89.02527618408203,1069900,0.0,0.0,0.0
2010-08-04,110.19999694824219,110.2300033569336,110.19999694824219,110.2300033569336,89.05760955810547,769700,0.0,0.0,0.0
2010-08-05,110.20999908447266,110.2300033569336,110.19999694824219,110.19999694824219,89.03333282470703,817800,0.0,0.0,0.0
2010-08-06,110.20999908447266,110.2300033569336,110.19999694824219,110.19999694824219,89.03333282470703,207200,0.0,0.0,0.0
2010-08-09,110.19999694824219,110.22000122070312,110.19999694824219,110.19999694824219,89.03333282470703,407800,0.0,0.0,0.0
2010-08-10,110.19999694824219,110.22000122070312,110.19999694824219,110.19999694824219,89.03333282470703,177800,0.0,0.0,0.0
2010-08-11,110.2300033569336,110.2300033569336,110.20999908447266,110.20999908447266,89.0414047241211,166000,0.0,0.0,0.0
2010-08-12,110.20999908447266,110.2300033569336,110.20999908447266,110.2300033569336,89.05760955810547,161800,0.0,0.0,0.0
2010-08-13,110.22000122070312,110.2300033569336,110.19999694824219,110.19999694824219,89.03333282470703,134800,0.0,0.0,0.0
2010-08-16,110.2300033569336,110.2300033569336,110.20999908447266,110.20999908447266,89.0414047241211,241100,0.0,0.0,0.0
2010-08-17,110.22000122070312,110.23999786376953,110.22000122070312,110.22000122070312,89.04954528808594,220400,0.0,0.0,0.0
2010-08-18,110.22000122070312,110.23999786376953,110.22000122070312,110.23999786376953,89.0656967163086,114100,0.0,0.0,0.0
2010-08-19,110.22000122070312,110.23999786376953,110.20999908447266,110.20999908447266,89.0414047241211,84100,0.0,0.0,0.0
2010-08-20,110.22000122070312,110.23999786376953,110.22000122070312,110.23999786376953,89.0656967163086,186800,0.0,0.0,0.0
2010-08-23,110.22000122070312,110.2300033569336,110.20999908447266,110.20999908447266,89.0414047241211,226400,0.0,0.0,0.0
2010-08-24,110.20999908447266,110.22000122070312,110.19999694824219,110.19999694824219,89.03333282470703,519600,0.0,0.0,0.0
2010-08-25,110.19999694824219,110.22000122070312,110.19999694824219,110.20999908447266,89.0414047241211,300000,0.0,0.0,0.0
2010-08-26,110.19999694824219,110.22000122070312,110.19999694824219,110.19999694824219,89.03333282470703,168900,0.0,0.0,0.0
2010-08-27,110.22000122070312,110.2300033569336,110.20999908447266,110.2300033569336,89.05760955810547,117000,0.0,0.0,0.0
2010-08-30,110.19999694824219,110.22000122070312,110.19999694824219,110.20999908447266,89.0414047241211,861300,0.0,0.0,0.0
2010-08-31,110.20999908447266,110.23999786376953,110.20999908447266,110.22000122070312,89.04954528808594,1476000,0.0,0.0,0.0
2010-09-01,110.19999694824219,110.22000122070312,110.19999694824219,110.20999908447266,89.04867553710938,350000,0.009,0.0,0.0
2010-09-02,110.20999908447266,110.22000122070312,110.20999908447266,110.20999908447266,89.04867553710938,165800,0.0,0.0,0.0
2010-09-03,110.20999908447266,110.22000122070312,110.19999694824219,110.22000122070312,89.05680847167969,228600,0.0,0.0,0.0
2010-09-07,110.20999908447266,110.22000122070312,110.19999694824219,110.19999694824219,89.04059600830078,104200,0.0,0.0,0.0
2010-09-08,110.22000122070312,110.2300033569336,110.19999694824219,110.19999694824219,89.04059600830078,1456400,0.0,0.0,0.0
2010-09-09,110.20999908447266,110.20999908447266,110.19999694824219,110.19999694824219,89.04059600830078,296700,0.0,0.0,0.0
2010-09-10,110.19999694824219,110.20999908447266,110.19999694824219,110.19999694824219,89.04059600830078,193100,0.0,0.0,0.0
2010-09-13,110.20999908447266,110.23999786376953,110.19999694824219,110.23999786376953,89.07298278808594,1620200,0.0,0.0,0.0
2010-09-14,110.20999908447266,110.2300033569336,110.20999908447266,110.20999908447266,89.04867553710938,560600,0.0,0.0,0.0
2010-09-15,110.2300033569336,110.2300033569336,110.22000122070312,110.2300033569336,89.06487274169922,193500,0.0,0.0,0.0
2010-09-16,110.22000122070312,110.23999786376953,110.22000122070312,110.23999786376953,89.07298278808594,98900,0.0,0.0,0.0
2010-09-17,110.22000122070312,110.23999786376953,110.20999908447266,110.22000122070312,89.05680847167969,102700,0.0,0.0,0.0
2010-09-20,110.20999908447266,110.22000122070312,110.20999908447266,110.22000122070312,89.05680847167969,159900,0.0,0.0,0.0
2010-09-21,110.22000122070312,110.2300033569336,110.19000244140625,110.22000122070312,89.05680847167969,921900,0.0,0.0,0.0
2010-09-22,110.22000122070312,110.25,110.22000122070312,110.22000122070312,89.05680847167969,652700,0.0,0.0,0.0
2010-09-23,110.22000122070312,110.25,110.22000122070312,110.25,89.08100128173828,684100,0.0,0.0,0.0
2010-09-24,110.23999786376953,110.25,110.22000122070312,110.22000122070312,89.05680847167969,2036500,0.0,0.0,0.0
2010-09-27,110.25,110.25,110.2300033569336,110.23999786376953,89.07298278808594,316800,0.0,0.0,0.0
2010-09-28,110.2300033569336,110.25,110.2300033569336,110.23999786376953,89.07298278808594,568600,0.0,0.0,0.0
2010-09-29,110.2300033569336,110.25,110.2300033569336,110.2300033569336,89.06487274169922,128400,0.0,0.0,0.0
2010-09-30,110.2300033569336,110.23999786376953,110.22000122070312,110.23999786376953,89.07298278808594,207100,0.0,0.0,0.0
2010-10-01,110.23999786376953,110.23999786376953,110.22000122070312,110.22000122070312,89.06407165527344,198900,0.009,0.0,0.0
2010-10-04,110.22000122070312,110.23999786376953,110.19999694824219,110.19999694824219,89.0478744506836,1492800,0.0,0.0,0.0
2010-10-05,110.2300033569336,110.2300033569336,110.19999694824219,110.22000122070312,89.06407165527344,669900,0.0,0.0,0.0
2010-10-06,110.2300033569336,110.23999786376953,110.22000122070312,110.22000122070312,89.06407165527344,1472800,0.0,0.0,0.0
2010-10-07,110.2300033569336,110.23999786376953,110.20999908447266,110.20999908447266,89.05596923828125,212100,0.0,0.0,0.0
2010-10-08,110.22000122070312,110.25,110.20999908447266,110.25,89.08830261230469,1099000,0.0,0.0,0.0
2010-10-11,110.22000122070312,110.25,110.19000244140625,110.20999908447266,89.05596923828125,241700,0.0,0.0,0.0
2010-10-12,110.22000122070312,110.2300033569336,110.20999908447266,110.22000122070312,89.06407165527344,270500,0.0,0.0,0.0
2010-10-13,110.2300033569336,110.26000213623047,110.22000122070312,110.23999786376953,89.08023071289062,698100,0.0,0.0,0.0
2010-10-14,110.2300033569336,110.2300033569336,110.20999908447266,110.20999908447266,89.05596923828125,151000,0.0,0.0,0.0
2010-10-15,110.2300033569336,110.23999786376953,110.22000122070312,110.23999786376953,89.08023071289062,169900,0.0,0.0,0.0
2010-10-18,110.2300033569336,110.25,110.22000122070312,110.22000122070312,89.06407165527344,454400,0.0,0.0,0.0
2010-10-19,110.22000122070312,110.25,110.22000122070312,110.25,89.08830261230469,278700,0.0,0.0,0.0
2010-10-20,110.25,110.25,110.2300033569336,110.23999786376953,89.08023071289062,61900,0.0,0.0,0.0
2010-10-21,110.23999786376953,110.25,110.2300033569336,110.2300033569336,89.07218933105469,89500,0.0,0.0,0.0
2010-10-22,110.2300033569336,110.25,110.2300033569336,110.25,89.08830261230469,96200,0.0,0.0,0.0
2010-10-25,110.25,110.25,110.2300033569336,110.2300033569336,89.07218933105469,215100,0.0,0.0,0.0
2010-10-26,110.23999786376953,110.25,110.2300033569336,110.25,89.08830261230469,168200,0.0,0.0,0.0
2010-10-27,110.2300033569336,110.25,110.22000122070312,110.22000122070312,89.06407165527344,157700,0.0,0.0,0.0
2010-10-28,110.2300033569336,110.25,110.22000122070312,110.2300033569336,89.07218933105469,116100,0.0,0.0,0.0
2010-10-29,110.25,110.25,110.22000122070312,110.2300033569336,89.07218933105469,92000,0.0,0.0,0.0
2010-11-01,110.19999694824219,110.19999694824219,110.19000244140625,110.19000244140625,89.0470962524414,178200,0.009,0.0,0.0
2010-11-02,110.22000122070312,110.23999786376953,110.20999908447266,110.20999908447266,89.063232421875,99100,0.0,0.0,0.0
2010-11-03,110.2300033569336,110.2699966430664,110.22000122070312,110.25,89.09556579589844,762800,0.0,0.0,0.0
2010-11-04,110.2300033569336,110.25,110.22000122070312,110.25,89.09556579589844,207700,0.0,0.0,0.0
2010-11-05,110.2300033569336,110.25,110.22000122070312,110.22000122070312,89.07134246826172,1453100,0.0,0.0,0.0
2010-11-08,110.2300033569336,110.23999786376953,110.22000122070312,110.22000122070312,89.07134246826172,322900,0.0,0.0,0.0
2010-11-09,110.2300033569336,110.23999786376953,110.20999908447266,110.20999908447266,89.063232421875,504000,0.0,0.0,0.0
2010-11-10,110.2300033569336,110.2300033569336,110.20999908447266,110.20999908447266,89.063232421875,120000,0.0,0.0,0.0
2010-11-11,110.22000122070312,110.2300033569336,110.19999694824219,110.19999694824219,89.05518341064453,97500,0.0,0.0,0.0
2010-11-12,110.22000122070312,110.2300033569336,110.20999908447266,110.20999908447266,89.063232421875,154600,0.0,0.0,0.0
2010-11-15,110.22000122070312,110.23999786376953,110.20999908447266,110.20999908447266,89.063232421875,264300,0.0,0.0,0.0
2010-11-16,110.22000122070312,110.2300033569336,110.20999908447266,110.20999908447266,89.063232421875,225600,0.0,0.0,0.0
2010-11-17,110.2300033569336,110.2300033569336,110.20999908447266,110.22000122070312,89.07134246826172,118000,0.0,0.0,0.0
2010-11-18,110.2300033569336,110.2300033569336,110.20999908447266,110.20999908447266,89.063232421875,84400,0.0,0.0,0.0
2010-11-19,110.22000122070312,110.23999786376953,110.20999908447266,110.2300033569336,89.07939910888672,196600,0.0,0.0,0.0
2010-11-22,110.23999786376953,110.23999786376953,110.20999908447266,110.23999786376953,89.0875015258789,72400,0.0,0.0,0.0
2010-11-23,110.2300033569336,110.2300033569336,110.19999694824219,110.19999694824219,89.05518341064453,245200,0.0,0.0,0.0
2010-11-24,110.2300033569336,110.23999786376953,110.20999908447266,110.20999908447266,89.063232421875,98600,0.0,0.0,0.0
2010-11-26,110.2300033569336,110.2300033569336,110.20999908447266,110.20999908447266,89.063232421875,211600,0.0,0.0,0.0
2010-11-29,110.20999908447266,110.2300033569336,110.19000244140625,110.19000244140625,89.0470962524414,486600,0.0,0.0,0.0
2010-11-30,110.20999908447266,110.22000122070312,110.19999694824219,110.22000122070312,89.07134246826172,104000,0.0,0.0,0.0
2010-12-01,110.19999694824219,110.2300033569336,110.19000244140625,110.19000244140625,89.05438232421875,192200,0.009,0.0,0.0
2010-12-02,110.19999694824219,110.22000122070312,110.19999694824219,110.20999908447266,89.07051849365234,362100,0.0,0.0,0.0
2010-12-03,110.19999694824219,110.22000122070312,110.19999694824219,110.22000122070312,89.0785903930664,155100,0.0,0.0,0.0
2010-12-06,110.19999694824219,110.2300033569336,110.19000244140625,110.2300033569336,89.08665466308594,726500,0.0,0.0,0.0
2010-12-07,110.20999908447266,110.2300033569336,110.19999694824219,110.2300033569336,89.08665466308594,521800,0.0,0.0,0.0
2010-12-08,110.20999908447266,110.2300033569336,110.19999694824219,110.2300033569336,89.08665466308594,80900,0.0,0.0,0.0
2010-12-09,110.2300033569336,110.2300033569336,110.20999908447266,110.2300033569336,89.08665466308594,126400,0.0,0.0,0.0
2010-12-10,110.22000122070312,110.23999786376953,110.20999908447266,110.20999908447266,89.07051849365234,108000,0.0,0.0,0.0
2010-12-13,110.20999908447266,110.2300033569336,110.19999694824219,110.20999908447266,89.07051849365234,78000,0.0,0.0,0.0
2010-12-14,110.20999908447266,110.23999786376953,110.20999908447266,110.2300033569336,89.08665466308594,538700,0.0,0.0,0.0
2010-12-15,110.2300033569336,110.2300033569336,110.20999908447266,110.2300033569336,89.08665466308594,344900,0.0,0.0,0.0
2010-12-16,110.20999908447266,110.2300033569336,110.20999908447266,110.2300033569336,89.08665466308594,125700,0.0,0.0,0.0
2010-12-17,110.2300033569336,110.2300033569336,110.20999908447266,110.20999908447266,89.07051849365234,151000,0.0,0.0,0.0
2010-12-20,110.20999908447266,110.23999786376953,110.20999908447266,110.23999786376953,89.09476470947266,114100,0.0,0.0,0.0
2010-12-21,110.22000122070312,110.23999786376953,110.20999908447266,110.23999786376953,89.09476470947266,195200,0.0,0.0,0.0
2010-12-22,110.22000122070312,110.23999786376953,110.20999908447266,110.20999908447266,89.07051849365234,139300,0.0,0.0,0.0
2010-12-23,110.23999786376953,110.25,110.19999694824219,110.19999694824219,89.06243896484375,243800,0.0,0.0,0.0
2010-12-27,110.23999786376953,110.23999786376953,110.19999694824219,110.19999694824219,89.06243896484375,199000,0.0,0.0,0.0
2010-12-28,110.2300033569336,110.23999786376953,110.20999908447266,110.23999786376953,89.10285186767578,285800,0.01,0.0,0.0
2010-12-29,110.22000122070312,110.25,110.22000122070312,110.23999786376953,89.10285186767578,154700,0.0,0.0,0.0
2010-12-30,110.23999786376953,110.23999786376953,110.22000122070312,110.2300033569336,89.09475708007812,123900,0.0,0.0,0.0
2010-12-31,110.2300033569336,110.25,110.2300033569336,110.23999786376953,89.10285186767578,133600,0.0,0.0,0.0
2011-01-03,110.20999908447266,110.23999786376953,110.20999908447266,110.2300033569336,89.09475708007812,268900,0.0,0.0,0.0
2011-01-04,110.2300033569336,110.25,110.2300033569336,110.23999786376953,89.10285186767578,175600,0.0,0.0,0.0
2011-01-05,110.2300033569336,110.25,110.2300033569336,110.23999786376953,89.10285186767578,165000,0.0,0.0,0.0
2011-01-06,110.23999786376953,110.23999786376953,110.2300033569336,110.23999786376953,89.10285186767578,218600,0.0,0.0,0.0
2011-01-07,110.2300033569336,110.23999786376953,110.2300033569336,110.23999786376953,89.10285186767578,109200,0.0,0.0,0.0
2011-01-10,110.2300033569336,110.23999786376953,110.19999694824219,110.19999694824219,89.07051086425781,596000,0.0,0.0,0.0
2011-01-11,110.20999908447266,110.22000122070312,110.19999694824219,110.19999694824219,89.07051086425781,281800,0.0,0.0,0.0
2011-01-12,110.20999908447266,110.23999786376953,110.19999694824219,110.20999908447266,89.07857513427734,310200,0.0,0.0,0.0
2011-01-13,110.20999908447266,110.2300033569336,110.19999694824219,110.19999694824219,89.07051086425781,107300,0.0,0.0,0.0
2011-01-14,110.2300033569336,110.2300033569336,110.19999694824219,110.19999694824219,89.07051086425781,302800,0.0,0.0,0.0
2011-01-18,110.22000122070312,110.22000122070312,110.19999694824219,110.19999694824219,89.07051086425781,91400,0.0,0.0,0.0
2011-01-19,110.20999908447266,110.2300033569336,110.19999694824219,110.20999908447266,89.07857513427734,112500,0.0,0.0,0.0
2011-01-20,110.19999694824219,110.2300033569336,110.19999694824219,110.20999908447266,89.07857513427734,92900,0.0,0.0,0.0
2011-01-21,110.19999694824219,110.22000122070312,110.19999694824219,110.19999694824219,89.07051086425781,226800,0.0,0.0,0.0
2011-01-24,110.20999908447266,110.2300033569336,110.19999694824219,110.22000122070312,89.08666229248047,175600,0.0,0.0,0.0
2011-01-25,110.2300033569336,110.2300033569336,110.19999694824219,110.19999694824219,89.07051086425781,88000,0.0,0.0,0.0
2011-01-26,110.2300033569336,110.23999786376953,110.19000244140625,110.20999908447266,89.07857513427734,188300,0.0,0.0,0.0
2011-01-27,110.22000122070312,110.2300033569336,110.20999908447266,110.20999908447266,89.07857513427734,79300,0.0,0.0,0.0
2011-01-28,110.20999908447266,110.23999786376953,110.20999908447266,110.22000122070312,89.08666229248047,248300,0.0,0.0,0.0
2011-01-31,110.20999908447266,110.2300033569336,110.19999694824219,110.22000122070312,89.08666229248047,427600,0.0,0.0,0.0
2011-02-01,110.20999908447266,110.2300033569336,110.19999694824219,110.2300033569336,89.10285186767578,156000,0.01,0.0,0.0
2011-02-02,110.2300033569336,110.2300033569336,110.20999908447266,110.20999908447266,89.08665466308594,112400,0.0,0.0,0.0
2011-02-03,110.2300033569336,110.2300033569336,110.20999908447266,110.2300033569336,89.10285186767578,255400,0.0,0.0,0.0
2011-02-04,110.20999908447266,110.22000122070312,110.19999694824219,110.19999694824219,89.07857513427734,88300,0.0,0.0,0.0
2011-02-07,110.19999694824219,110.22000122070312,110.19999694824219,110.22000122070312,89.09473419189453,151400,0.0,0.0,0.0
2011-02-08,110.20999908447266,110.2300033569336,110.20999908447266,110.22000122070312,89.09473419189453,950300,0.0,0.0,0.0
2011-02-09,110.22000122070312,110.2300033569336,110.22000122070312,110.2300033569336,89.10285186767578,146000,0.0,0.0,0.0
2011-02-10,110.22000122070312,110.2300033569336,110.22000122070312,110.2300033569336,89.10285186767578,138200,0.0,0.0,0.0
2011-02-11,110.22000122070312,110.2300033569336,110.22000122070312,110.22000122070312,89.09473419189453,491600,0.0,0.0,0.0
2011-02-14,110.22000122070312,110.2300033569336,110.22000122070312,110.2300033569336,89.10285186767578,145000,0.0,0.0,0.0
2011-02-15,110.22000122070312,110.2300033569336,110.20999908447266,110.20999908447266,89.08665466308594,82400,0.0,0.0,0.0
2011-02-16,110.22000122070312,110.23999786376953,110.22000122070312,110.2300033569336,89.10285186767578,76400,0.0,0.0,0.0
2011-02-17,110.23999786376953,110.23999786376953,110.22000122070312,110.23999786376953,89.11095428466797,275600,0.0,0.0,0.0
2011-02-18,110.22000122070312,110.23999786376953,110.20999908447266,110.20999908447266,89.08665466308594,77300,0.0,0.0,0.0
2011-02-22,110.20999908447266,110.2300033569336,110.20999908447266,110.22000122070312,89.09473419189453,161100,0.0,0.0,0.0
2011-02-23,110.20999908447266,110.23999786376953,110.19999694824219,110.19999694824219,89.07857513427734,207700,0.0,0.0,0.0
2011-02-24,110.19999694824219,110.2300033569336,110.19999694824219,110.20999908447266,89.08665466308594,176900,0.0,0.0,0.0
2011-02-25,110.20999908447266,110.2300033569336,110.20999908447266,110.2300033569336,89.10285186767578,96000,0.0,0.0,0.0
2011-02-28,110.20999908447266,110.22000122070312,110.19999694824219,110.22000122070312,89.09473419189453,138900,0.0,0.0,0.0
2011-03-01,110.20999908447266,110.22000122070312,110.19999694824219,110.19999694824219,89.08585357666016,114000,0.009,0.0,0.0
2011-03-02,110.19999694824219,110.20999908447266,110.19999694824219,110.19999694824219,89.08585357666016,346200,0.0,0.0,0.0
2011-03-03,110.19999694824219,110.20999908447266,110.19999694824219,110.19999694824219,89.08585357666016,171500,0.0,0.0,0.0
2011-03-04,110.20999908447266,110.22000122070312,110.19999694824219,110.19999694824219,89.08585357666016,104900,0.0,0.0,0.0
2011-03-07,110.19999694824219,110.20999908447266,110.19999694824219,110.19999694824219,89.08585357666016,70900,0.0,0.0,0.0
2011-03-08,110.20999908447266,110.22000122070312,110.19999694824219,110.19999694824219,89.08585357666016,225500,0.0,0.0,0.0
2011-03-09,110.22000122070312,110.23999786376953,110.19999694824219,110.23999786376953,89.11822509765625,410500,0.0,0.0,0.0
2011-03-10,110.22000122070312,110.25,110.22000122070312,110.25,89.12631225585938,281200,0.0,0.0,0.0
2011-03-11,110.22000122070312,110.25,110.20999908447266,110.23999786376953,89.11822509765625,197700,0.0,0.0,0.0
2011-03-14,110.22000122070312,110.25,110.22000122070312,110.25,89.12631225585938,602400,0.0,0.0,0.0
2011-03-15,110.22000122070312,110.25,110.22000122070312,110.23999786376953,89.11822509765625,214200,0.0,0.0,0.0
2011-03-16,110.22000122070312,110.25,110.22000122070312,110.22000122070312,89.10208129882812,299300,0.0,0.0,0.0
2011-03-17,110.22000122070312,110.25,110.22000122070312,110.22000122070312,89.10208129882812,95300,0.0,0.0,0.0
2011-03-18,110.22000122070312,110.25,110.22000122070312,110.25,89.12631225585938,118400,0.0,0.0,0.0
2011-03-21,110.23999786376953,110.23999786376953,110.22000122070312,110.23999786376953,89.11822509765625,61700,0.0,0.0,0.0
2011-03-22,110.22000122070312,110.2300033569336,110.22000122070312,110.22000122070312,89.10208129882812,137800,0.0,0.0,0.0
2011-03-23,110.22000122070312,110.25,110.22000122070312,110.25,89.12631225585938,164500,0.0,0.0,0.0
2011-03-24,110.2300033569336,110.25,110.22000122070312,110.2300033569336,89.11015319824219,133900,0.0,0.0,0.0
2011-03-25,110.2300033569336,110.25,110.2300033569336,110.23999786376953,89.11822509765625,272200,0.0,0.0,0.0
2011-03-28,110.23999786376953,110.25,110.2300033569336,110.23999786376953,89.11822509765625,115600,0.0,0.0,0.0
2011-03-29,110.22000122070312,110.2300033569336,110.22000122070312,110.22000122070312,89.10208129882812,249100,0.0,0.0,0.0
2011-03-30,110.22000122070312,110.25,110.22000122070312,110.22000122070312,89.10208129882812,109700,0.0,0.0,0.0
2011-03-31,110.2300033569336,110.25,110.22000122070312,110.2300033569336,89.11015319824219,463900,0.0,0.0,0.0
2011-04-01,110.22000122070312,110.25,110.20999908447266,110.25,89.13441467285156,550800,0.01,0.0,0.0
2011-04-04,110.2300033569336,110.25,110.2300033569336,110.23999786376953,89.1263198852539,68900,0.0,0.0,0.0
2011-04-05,110.2300033569336,110.26000213623047,110.20999908447266,110.20999908447266,89.10205841064453,654500,0.0,0.0,0.0
2011-04-06,110.2300033569336,110.25,110.22000122070312,110.22000122070312,89.11012268066406,558100,0.0,0.0,0.0
2011-04-07,110.22000122070312,110.25,110.22000122070312,110.25,89.13441467285156,298600,0.0,0.0,0.0
2011-04-08,110.25,110.26000213623047,110.23999786376953,110.23999786376953,89.1263198852539,373800,0.0,0.0,0.0
2011-04-11,110.2300033569336,110.25,110.2300033569336,110.2300033569336,89.1182632446289,123700,0.0,0.0,0.0
2011-04-12,110.23999786376953,110.26000213623047,110.23999786376953,110.26000213623047,89.14248657226562,179700,0.0,0.0,0.0
2011-04-13,110.25,110.2699966430664,110.23999786376953,110.26000213623047,89.14248657226562,218300,0.0,0.0,0.0
2011-04-14,110.25,110.2699966430664,110.23999786376953,110.2699966430664,89.15057373046875,118500,0.0,0.0,0.0
2011-04-15,110.25,110.26000213623047,110.25,110.25,89.13441467285156,318300,0.0,0.0,0.0
2011-04-18,110.25,110.2699966430664,110.25,110.26000213623047,89.14248657226562,66500,0.0,0.0,0.0
2011-04-19,110.26000213623047,110.27999877929688,110.25,110.27999877929688,89.15861511230469,235400,0.0,0.0,0.0
2011-04-20,110.25,110.2699966430664,110.25,110.2699966430664,89.15057373046875,241700,0.0,0.0,0.0
2011-04-21,110.25,110.29000091552734,110.25,110.29000091552734,89.16673278808594,175200,0.0,0.0,0.0
2011-04-25,110.26000213623047,110.27999877929688,110.23999786376953,110.23999786376953,89.1263198852539,170200,0.0,0.0,0.0
2011-04-26,110.25,110.2699966430664,110.25,110.25,89.13441467285156,153500,0.0,0.0,0.0
2011-04-27,110.25,110.27999877929688,110.23999786376953,110.27999877929688,89.15861511230469,396400,0.0,0.0,0.0
2011-04-28,110.2699966430664,110.27999877929688,110.25,110.25,89.13441467285156,192500,0.0,0.0,0.0
2011-04-29,110.2699966430664,110.29000091552734,110.26000213623047,110.27999877929688,89.15861511230469,137000,0.0,0.0,0.0
2011-05-02,110.25,110.2699966430664,110.23999786376953,110.25,89.14167022705078,145000,0.009,0.0,0.0
2011-05-03,110.26000213623047,110.29000091552734,110.26000213623047,110.2699966430664,89.15782928466797,131000,0.0,0.0,0.0
2011-05-04,110.26000213623047,110.27999877929688,110.23999786376953,110.27999877929688,89.1658935546875,137000,0.0,0.0,0.0
2011-05-05,110.29000091552734,110.29000091552734,110.25,110.2699966430664,89.15782928466797,224200,0.0,0.0,0.0
2011-05-06,110.25,110.27999877929688,110.25,110.27999877929688,89.1658935546875,121700,0.0,0.0,0.0
2011-05-09,110.26000213623047,110.26000213623047,110.2300033569336,110.2300033569336,89.12555694580078,164000,0.0,0.0,0.0
2011-05-10,110.23999786376953,110.26000213623047,110.2300033569336,110.26000213623047,89.1497802734375,458300,0.0,0.0,0.0
2011-05-11,110.23999786376953,110.26000213623047,110.2300033569336,110.2300033569336,89.12555694580078,195100,0.0,0.0,0.0
2011-05-12,110.23999786376953,110.26000213623047,110.2300033569336,110.23999786376953,89.13358306884766,109000,0.0,0.0,0.0
2011-05-13,110.26000213623047,110.27999877929688,110.23999786376953,110.27999877929688,89.1658935546875,211000,0.0,0.0,0.0
2011-05-16,110.25,110.26000213623047,110.2300033569336,110.2300033569336,89.12555694580078,315400,0.0,0.0,0.0
2011-05-17,110.26000213623047,110.2699966430664,110.23999786376953,110.2699966430664,89.15782928466797,338500,0.0,0.0,0.0
2011-05-18,110.25,110.26000213623047,110.25,110.25,89.14167022705078,48800,0.0,0.0,0.0
2011-05-19,110.25,110.26000213623047,110.25,110.25,89.14167022705078,86900,0.0,0.0,0.0
2011-05-20,110.26000213623047,110.26000213623047,110.2300033569336,110.2300033569336,89.12555694580078,146300,0.0,0.0,0.0
2011-05-23,110.23999786376953,110.26000213623047,110.2300033569336,110.26000213623047,89.1497802734375,159800,0.0,0.0,0.0
2011-05-24,110.26000213623047,110.26000213623047,110.23999786376953,110.23999786376953,89.13358306884766,88700,0.0,0.0,0.0
2011-05-25,110.23999786376953,110.2699966430664,110.23999786376953,110.26000213623047,89.1497802734375,104500,0.0,0.0,0.0
2011-05-26,110.25,110.2699966430664,110.25,110.25,89.14167022705078,44900,0.0,0.0,0.0
2011-05-27,110.25,110.2699966430664,110.25,110.2699966430664,89.15782928466797,67100,0.0,0.0,0.0
2011-05-31,110.23999786376953,110.26000213623047,110.23999786376953,110.26000213623047,89.1497802734375,103800,0.0,0.0,0.0
2011-06-01,110.23999786376953,110.26000213623047,110.23999786376953,110.25,89.1489486694336,138300,0.009,0.0,0.0
2011-06-02,110.23999786376953,110.26000213623047,110.23999786376953,110.25,89.1489486694336,142400,0.0,0.0,0.0
2011-06-03,110.23999786376953,110.25,110.23999786376953,110.25,89.1489486694336,132900,0.0,0.0,0.0
2011-06-06,110.23999786376953,110.25,110.2300033569336,110.2300033569336,89.13282012939453,141000,0.0,0.0,0.0
2011-06-07,110.25,110.25,110.2300033569336,110.2300033569336,89.13282012939453,140400,0.0,0.0,0.0
2011-06-08,110.26000213623047,110.26000213623047,110.22000122070312,110.22000122070312,89.12470245361328,351700,0.0,0.0,0.0
2011-06-09,110.22000122070312,110.2300033569336,110.22000122070312,110.22000122070312,89.12470245361328,48200,0.0,0.0,0.0
2011-06-10,110.23999786376953,110.25,110.20999908447266,110.2300033569336,89.13282012939453,161000,0.0,0.0,0.0
2011-06-13,110.22000122070312,110.23999786376953,110.20999908447266,110.20999908447266,89.1165771484375,243300,0.0,0.0,0.0
2011-06-14,110.2300033569336,110.23999786376953,110.22000122070312,110.22000122070312,89.12470245361328,211500,0.0,0.0,0.0
2011-06-15,110.23999786376953,110.25,110.22000122070312,110.2300033569336,89.13282012939453,280800,0.0,0.0,0.0
2011-06-16,110.25,110.26000213623047,110.2300033569336,110.23999786376953,89.14088439941406,231900,0.0,0.0,0.0
2011-06-17,110.25,110.26000213623047,110.2300033569336,110.23999786376953,89.14088439941406,140400,0.0,0.0,0.0
2011-06-20,110.23999786376953,110.25,110.2300033569336,110.25,89.1489486694336,58200,0.0,0.0,0.0
2011-06-21,110.2300033569336,110.26000213623047,110.2300033569336,110.26000213623047,89.1570053100586,181200,0.0,0.0,0.0
2011-06-22,110.23999786376953,110.26000213623047,110.23999786376953,110.26000213623047,89.1570053100586,115100,0.0,0.0,0.0
2011-06-23,110.26000213623047,110.27999877929688,110.25,110.26000213623047,89.1570053100586,202900,0.0,0.0,0.0
2011-06-24,110.25,110.26000213623047,110.23999786376953,110.23999786376953,89.14088439941406,138500,0.0,0.0,0.0
2011-06-27,110.23999786376953,110.26000213623047,110.2300033569336,110.2300033569336,89.13282012939453,176600,0.0,0.0,0.0
2011-06-28,110.2300033569336,110.25,110.22000122070312,110.23999786376953,89.14088439941406,205000,0.0,0.0,0.0
2011-06-29,110.26000213623047,110.26000213623047,110.23999786376953,110.26000213623047,89.1570053100586,123400,0.0,0.0,0.0
2011-06-30,110.2300033569336,110.2699966430664,110.2300033569336,110.2699966430664,89.16509246826172,512100,0.0,0.0,0.0
2011-07-01,110.25,110.26000213623047,110.25,110.26000213623047,89.16348266601562,166100,0.008,0.0,0.0
2011-07-05,110.26000213623047,110.26000213623047,110.25,110.26000213623047,89.16348266601562,266900,0.0,0.0,0.0
2011-07-06,110.25,110.2699966430664,110.23999786376953,110.2699966430664,89.17156982421875,264600,0.0,0.0,0.0
2011-07-07,110.25,110.2699966430664,110.23999786376953,110.25,89.1554183959961,201900,0.0,0.0,0.0
2011-07-08,110.26000213623047,110.26000213623047,110.23999786376953,110.23999786376953,89.14732360839844,98900,0.0,0.0,0.0
2011-07-11,110.23999786376953,110.2699966430664,110.2300033569336,110.23999786376953,89.14732360839844,763100,0.0,0.0,0.0
2011-07-12,110.25,110.26000213623047,110.2300033569336,110.2300033569336,89.1392593383789,130100,0.0,0.0,0.0
2011-07-13,110.2300033569336,110.26000213623047,110.2300033569336,110.23999786376953,89.14732360839844,142800,0.0,0.0,0.0
2011-07-14,110.23999786376953,110.2699966430664,110.23999786376953,110.25,89.1554183959961,215900,0.0,0.0,0.0
2011-07-15,110.25,110.26000213623047,110.23999786376953,110.23999786376953,89.14732360839844,81200,0.0,0.0,0.0
2011-07-18,110.23999786376953,110.26000213623047,110.23999786376953,110.23999786376953,89.14732360839844,503700,0.0,0.0,0.0
2011-07-19,110.23999786376953,110.26000213623047,110.2300033569336,110.23999786376953,89.14732360839844,144800,0.0,0.0,0.0
2011-07-20,110.25,110.25,110.22000122070312,110.22000122070312,89.13114166259766,120200,0.0,0.0,0.0
2011-07-21,110.22000122070312,110.23999786376953,110.22000122070312,110.22000122070312,89.13114166259766,137300,0.0,0.0,0.0
2011-07-22,110.22000122070312,110.2300033569336,110.20999908447266,110.20999908447266,89.12306213378906,93600,0.0,0.0,0.0
2011-07-25,110.20999908447266,110.23999786376953,110.20999908447266,110.23999786376953,89.14732360839844,141200,0.0,0.0,0.0
2011-07-26,110.23999786376953,110.23999786376953,110.19999694824219,110.19999694824219,89.11495208740234,273900,0.0,0.0,0.0
2011-07-27,110.19999694824219,110.2300033569336,110.19999694824219,110.22000122070312,89.13114166259766,254800,0.0,0.0,0.0
2011-07-28,110.20999908447266,110.2300033569336,110.19000244140625,110.19000244140625,89.10687255859375,115700,0.0,0.0,0.0
2011-07-29,110.19000244140625,110.22000122070312,110.16999816894531,110.19999694824219,89.11495208740234,506200,0.0,0.0,0.0
2011-08-01,110.22000122070312,110.22000122070312,110.16999816894531,110.18000030517578,89.10285186767578,158700,0.005,0.0,0.0
2011-08-02,110.19000244140625,110.23999786376953,110.19000244140625,110.23999786376953,89.15139770507812,490200,0.0,0.0,0.0
2011-08-03,110.20999908447266,110.25,110.20999908447266,110.25,89.1594467163086,498000,0.0,0.0,0.0
2011-08-04,110.23999786376953,110.2699966430664,110.2300033569336,110.25,89.1594467163086,1188800,0.0,0.0,0.0
2011-08-05,110.2699966430664,110.2699966430664,110.23999786376953,110.25,89.1594467163086,619000,0.0,0.0,0.0
2011-08-08,110.26000213623047,110.2699966430664,110.2300033569336,110.2300033569336,89.14336395263672,1093100,0.0,0.0,0.0
2011-08-09,110.2300033569336,110.2699966430664,110.16999816894531,110.2699966430664,89.17562866210938,1238400,0.0,0.0,0.0
2011-08-10,110.23999786376953,110.26000213623047,110.22000122070312,110.23999786376953,89.15139770507812,1062700,0.0,0.0,0.0
2011-08-11,110.26000213623047,110.26000213623047,110.2300033569336,110.25,89.1594467163086,299400,0.0,0.0,0.0
2011-08-12,110.2300033569336,110.25,110.2300033569336,110.23999786376953,89.15139770507812,370200,0.0,0.0,0.0
2011-08-15,110.26000213623047,110.26000213623047,110.2300033569336,110.23999786376953,89.15139770507812,558300,0.0,0.0,0.0
2011-08-16,110.23999786376953,110.26000213623047,110.23999786376953,110.25,89.1594467163086,258300,0.0,0.0,0.0
2011-08-17,110.26000213623047,110.2699966430664,110.23999786376953,110.25,89.1594467163086,146500,0.0,0.0,0.0
2011-08-18,110.25,110.26000213623047,110.23999786376953,110.25,89.1594467163086,233100,0.0,0.0,0.0
2011-08-19,110.25,110.2699966430664,110.23999786376953,110.2699966430664,89.17562866210938,458600,0.0,0.0,0.0
2011-08-22,110.26000213623047,110.27999877929688,110.26000213623047,110.2699966430664,89.17562866210938,104200,0.0,0.0,0.0
2011-08-23,110.27999877929688,110.27999877929688,110.26000213623047,110.2699966430664,89.17562866210938,630400,0.0,0.0,0.0
2011-08-24,110.26000213623047,110.27999877929688,110.26000213623047,110.2699966430664,89.17562866210938,591400,0.0,0.0,0.0
2011-08-25,110.26000213623047,110.2699966430664,110.25,110.25,89.1594467163086,203000,0.0,0.0,0.0
2011-08-26,110.27999877929688,110.27999877929688,110.25,110.25,89.1594467163086,334800,0.0,0.0,0.0
2011-08-29,110.26000213623047,110.27999877929688,110.26000213623047,110.27999877929688,89.18372344970703,251700,0.0,0.0,0.0
2011-08-30,110.26000213623047,110.27999877929688,110.25,110.25,89.1594467163086,260000,0.0,0.0,0.0
2011-08-31,110.26000213623047,110.2699966430664,110.23999786376953,110.23999786376953,89.15139770507812,276900,0.0,0.0,0.0
2011-09-01,110.2300033569336,110.26000213623047,110.2300033569336,110.23999786376953,89.15544128417969,107200,0.005,0.0,0.0
2011-09-02,110.23999786376953,110.26000213623047,110.2300033569336,110.2300033569336,89.14738464355469,103600,0.0,0.0,0.0
2011-09-06,110.2300033569336,110.26000213623047,110.22000122070312,110.26000213623047,89.17157745361328,437000,0.0,0.0,0.0
2011-09-07,110.25,110.26000213623047,110.2300033569336,110.2300033569336,89.14738464355469,133600,0.0,0.0,0.0
2011-09-08,110.25,110.26000213623047,110.2300033569336,110.2300033569336,89.14738464355469,155400,0.0,0.0,0.0
2011-09-09,110.2300033569336,110.23999786376953,110.2300033569336,110.2300033569336,89.14738464355469,1048000,0.0,0.0,0.0
2011-09-12,110.23999786376953,110.25,110.2300033569336,110.2300033569336,89.14738464355469,1554800,0.0,0.0,0.0
2011-09-13,110.2300033569336,110.25,110.2300033569336,110.25,89.16345977783203,829200,0.0,0.0,0.0
2011-09-14,110.25,110.25,110.2300033569336,110.2300033569336,89.14738464355469,698100,0.0,0.0,0.0
2011-09-15,110.2300033569336,110.26000213623047,110.2300033569336,110.26000213623047,89.17157745361328,439400,0.0,0.0,0.0
2011-09-16,110.23999786376953,110.26000213623047,110.23999786376953,110.23999786376953,89.15544128417969,83100,0.0,0.0,0.0
2011-09-19,110.23999786376953,110.26000213623047,110.23999786376953,110.23999786376953,89.15544128417969,1697300,0.0,0.0,0.0
2011-09-20,110.23999786376953,110.26000213623047,110.23999786376953,110.23999786376953,89.15544128417969,813600,0.0,0.0,0.0
2011-09-21,110.23999786376953,110.26000213623047,110.2300033569336,110.2300033569336,89.14738464355469,3607000,0.0,0.0,0.0
2011-09-22,110.2300033569336,110.26000213623047,110.2300033569336,110.25,89.16345977783203,11388300,0.0,0.0,0.0
2011-09-23,110.26000213623047,110.26000213623047,110.2300033569336,110.23999786376953,89.15544128417969,1372300,0.0,0.0,0.0
2011-09-26,110.23999786376953,110.26000213623047,110.23999786376953,110.26000213623047,89.17157745361328,806000,0.0,0.0,0.0
2011-09-27,110.23999786376953,110.25,110.23999786376953,110.23999786376953,89.15544128417969,1067100,0.0,0.0,0.0
2011-09-28,110.25,110.26000213623047,110.22000122070312,110.23999786376953,89.15544128417969,1922500,0.0,0.0,0.0
2011-09-29,110.23999786376953,110.25,110.22000122070312,110.2300033569336,89.14738464355469,1142200,0.0,0.0,0.0
2011-09-30,110.25,110.25,110.2300033569336,110.25,89.16345977783203,804300,0.0,0.0,0.0
2011-10-03,110.23999786376953,110.23999786376953,110.22000122070312,110.22000122070312,89.14408111572266,1255500,0.006,0.0,0.0
2011-10-04,110.23999786376953,110.23999786376953,110.22000122070312,110.23999786376953,89.1603012084961,509600,0.0,0.0,0.0
2011-10-05,110.2300033569336,110.23999786376953,110.22000122070312,110.23999786376953,89.1603012084961,313200,0.0,0.0,0.0
2011-10-06,110.2300033569336,110.25,110.2300033569336,110.23999786376953,89.1603012084961,194000,0.0,0.0,0.0
2011-10-07,110.23999786376953,110.25,110.2300033569336,110.2300033569336,89.15222930908203,455600,0.0,0.0,0.0
2011-10-10,110.25,110.25,110.2300033569336,110.25,89.1683120727539,551300,0.0,0.0,0.0
2011-10-11,110.23999786376953,110.23999786376953,110.22000122070312,110.22000122070312,89.14408111572266,351700,0.0,0.0,0.0
2011-10-12,110.2300033569336,110.25,110.22000122070312,110.22000122070312,89.14408111572266,448400,0.0,0.0,0.0
2011-10-13,110.25,110.25,110.22000122070312,110.22000122070312,89.14408111572266,252400,0.0,0.0,0.0
2011-10-14,110.22000122070312,110.23999786376953,110.22000122070312,110.2300033569336,89.15222930908203,396700,0.0,0.0,0.0
2011-10-17,110.2300033569336,110.23999786376953,110.22000122070312,110.23999786376953,89.1603012084961,5046900,0.0,0.0,0.0
2011-10-18,110.22000122070312,110.23999786376953,110.22000122070312,110.23999786376953,89.1603012084961,578400,0.0,0.0,0.0
2011-10-19,110.22000122070312,110.23999786376953,110.22000122070312,110.23999786376953,89.1603012084961,3289000,0.0,0.0,0.0
2011-10-20,110.22000122070312,110.23999786376953,110.22000122070312,110.22000122070312,89.14408111572266,459800,0.0,0.0,0.0
2011-10-21,110.2300033569336,110.23999786376953,110.22000122070312,110.23999786376953,89.1603012084961,2843400,0.0,0.0,0.0
2011-10-24,110.2300033569336,110.23999786376953,110.22000122070312,110.22000122070312,89.14408111572266,5900400,0.0,0.0,0.0
2011-10-25,110.22000122070312,110.2300033569336,110.22000122070312,110.22000122070312,89.14408111572266,573200,0.0,0.0,0.0
2011-10-26,110.22000122070312,110.2300033569336,110.22000122070312,110.22000122070312,89.14408111572266,380300,0.0,0.0,0.0
2011-10-27,110.22000122070312,110.23999786376953,110.20999908447266,110.20999908447266,89.13600158691406,1023100,0.0,0.0,0.0
2011-10-28,110.2300033569336,110.2300033569336,110.20999908447266,110.20999908447266,89.13600158691406,383000,0.0,0.0,0.0
2011-10-31,110.20999908447266,110.2300033569336,110.20999908447266,110.2300033569336,89.15222930908203,1309900,0.0,0.0,0.0
2011-11-01,110.20999908447266,110.22000122070312,110.20999908447266,110.20999908447266,89.13921356201172,913100,0.004,0.0,0.0
2011-11-02,110.20999908447266,110.22000122070312,110.20999908447266,110.20999908447266,89.13921356201172,247800,0.0,0.0,0.0
2011-11-03,110.2300033569336,110.2300033569336,110.20999908447266,110.22000122070312,89.1473159790039,671700,0.0,0.0,0.0
2011-11-04,110.22000122070312,110.23999786376953,110.22000122070312,110.23999786376953,89.16348266601562,369400,0.0,0.0,0.0
2011-11-07,110.22000122070312,110.23999786376953,110.22000122070312,110.23999786376953,89.16348266601562,612500,0.0,0.0,0.0
2011-11-08,110.23999786376953,110.23999786376953,110.2300033569336,110.2300033569336,89.15546417236328,185700,0.0,0.0,0.0
2011-11-09,110.2300033569336,110.23999786376953,110.20999908447266,110.22000122070312,89.1473159790039,794500,0.0,0.0,0.0
2011-11-10,110.2300033569336,110.23999786376953,110.22000122070312,110.22000122070312,89.1473159790039,225100,0.0,0.0,0.0
2011-11-11,110.22000122070312,110.23999786376953,110.22000122070312,110.23999786376953,89.16348266601562,390200,0.0,0.0,0.0
2011-11-14,110.23999786376953,110.23999786376953,110.22000122070312,110.22000122070312,89.1473159790039,187800,0.0,0.0,0.0
2011-11-15,110.2300033569336,110.23999786376953,110.22000122070312,110.22000122070312,89.1473159790039,231400,0.0,0.0,0.0
2011-11-16,110.22000122070312,110.25,110.22000122070312,110.25,89.17156219482422,250100,0.0,0.0,0.0
2011-11-17,110.2300033569336,110.25,110.22000122070312,110.2300033569336,89.15546417236328,2302500,0.0,0.0,0.0
2011-11-18,110.23999786376953,110.26000213623047,110.2300033569336,110.23999786376953,89.16348266601562,196800,0.0,0.0,0.0
2011-11-21,110.23999786376953,110.25,110.2300033569336,110.25,89.17156219482422,627900,0.0,0.0,0.0
2011-11-22,110.25,110.25,110.22000122070312,110.22000122070312,89.1473159790039,270800,0.0,0.0,0.0
2011-11-23,110.23999786376953,110.25,110.22000122070312,110.2300033569336,89.15546417236328,511600,0.0,0.0,0.0
2011-11-25,110.22000122070312,110.2300033569336,110.20999908447266,110.20999908447266,89.13921356201172,86300,0.0,0.0,0.0
2011-11-28,110.2300033569336,110.2300033569336,110.20999908447266,110.2300033569336,89.15546417236328,185500,0.0,0.0,0.0
2011-11-29,110.23999786376953,110.23999786376953,110.20999908447266,110.2300033569336,89.15546417236328,103800,0.0,0.0,0.0
2011-11-30,110.22000122070312,110.2300033569336,110.20999908447266,110.20999908447266,89.13921356201172,245000,0.0,0.0,0.0
2011-12-01,110.22000122070312,110.2300033569336,110.19999694824219,110.2300033569336,89.16029357910156,273600,0.006,0.0,0.0
2011-12-02,110.20999908447266,110.2300033569336,110.20999908447266,110.2300033569336,89.16029357910156,255400,0.0,0.0,0.0
2011-12-05,110.22000122070312,110.23999786376953,110.20999908447266,110.20999908447266,89.14407348632812,543600,0.0,0.0,0.0
2011-12-06,110.20999908447266,110.2300033569336,110.20999908447266,110.20999908447266,89.14407348632812,201000,0.0,0.0,0.0
2011-12-07,110.23999786376953,110.23999786376953,110.22000122070312,110.22000122070312,89.15218353271484,887900,0.0,0.0,0.0
2011-12-08,110.23999786376953,110.25,110.22000122070312,110.2300033569336,89.16029357910156,502800,0.0,0.0,0.0
2011-12-09,110.22000122070312,110.2300033569336,110.22000122070312,110.2300033569336,89.16029357910156,293900,0.0,0.0,0.0
2011-12-12,110.2300033569336,110.23999786376953,110.20999908447266,110.2300033569336,89.16029357910156,2074100,0.0,0.0,0.0
2011-12-13,110.2300033569336,110.23999786376953,110.22000122070312,110.23999786376953,89.1683120727539,168500,0.0,0.0,0.0
2011-12-14,110.2300033569336,110.23999786376953,110.22000122070312,110.2300033569336,89.16029357910156,429400,0.0,0.0,0.0
2011-12-15,110.2300033569336,110.2300033569336,110.22000122070312,110.2300033569336,89.16029357910156,182200,0.0,0.0,0.0
2011-12-16,110.2300033569336,110.23999786376953,110.22000122070312,110.2300033569336,89.16029357910156,124300,0.0,0.0,0.0
2011-12-19,110.22000122070312,110.23999786376953,110.22000122070312,110.23999786376953,89.1683120727539,453700,0.0,0.0,0.0
2011-12-20,110.2300033569336,110.25,110.22000122070312,110.22000122070312,89.15218353271484,178100,0.0,0.0,0.0
2011-12-21,110.22000122070312,110.2300033569336,110.22000122070312,110.22000122070312,89.15218353271484,105600,0.0,0.0,0.0
2011-12-22,110.22000122070312,110.23999786376953,110.22000122070312,110.22000122070312,89.15218353271484,191800,0.0,0.0,0.0
2011-12-23,110.22000122070312,110.2300033569336,109.94000244140625,110.19999694824219,89.13600158691406,233000,0.0,0.0,0.0
2011-12-27,110.2300033569336,110.2300033569336,110.1500015258789,110.20999908447266,89.14652252197266,351200,0.003,0.0,0.0
2011-12-28,110.2300033569336,110.2300033569336,110.20999908447266,110.20999908447266,89.14652252197266,439700,0.0,0.0,0.0
2011-12-29,110.2300033569336,110.2300033569336,110.20999908447266,110.20999908447266,89.14652252197266,210600,0.0,0.0,0.0
2011-12-30,110.20999908447266,110.2300033569336,110.20999908447266,110.2300033569336,89.16268920898438,201300,0.0,0.0,0.0
2012-01-03,110.20999908447266,110.2300033569336,110.20999908447266,110.20999908447266,89.14652252197266,1121800,0.0,0.0,0.0
2012-01-04,110.22000122070312,110.2300033569336,110.20999908447266,110.20999908447266,89.14652252197266,387300,0.0,0.0,0.0
2012-01-05,110.2300033569336,110.2300033569336,110.20999908447266,110.20999908447266,89.14652252197266,265000,0.0,0.0,0.0
2012-01-06,110.2300033569336,110.2300033569336,110.20999908447266,110.22000122070312,89.15460205078125,279600,0.0,0.0,0.0
2012-01-09,110.20999908447266,110.2300033569336,110.20999908447266,110.2300033569336,89.16268920898438,735900,0.0,0.0,0.0
2012-01-10,110.2300033569336,110.2300033569336,110.20999908447266,110.2300033569336,89.16268920898438,348400,0.0,0.0,0.0
2012-01-11,110.22000122070312,110.2300033569336,110.20999908447266,110.2300033569336,89.16268920898438,275700,0.0,0.0,0.0
2012-01-12,110.22000122070312,110.22000122070312,110.20999908447266,110.20999908447266,89.14652252197266,273800,0.0,0.0,0.0
2012-01-13,110.20999908447266,110.22000122070312,110.19999694824219,110.22000122070312,89.15460205078125,629100,0.0,0.0,0.0
2012-01-17,110.20999908447266,110.2300033569336,110.20999908447266,110.22000122070312,89.15460205078125,455800,0.0,0.0,0.0
2012-01-18,110.20999908447266,110.2300033569336,110.20999908447266,110.22000122070312,89.15460205078125,195400,0.0,0.0,0.0
2012-01-19,110.2300033569336,110.2300033569336,110.19999694824219,110.22000122070312,89.15460205078125,311600,0.0,0.0,0.0
2012-01-20,110.22000122070312,110.22000122070312,110.19999694824219,110.19999694824219,89.13843536376953,185500,0.0,0.0,0.0
2012-01-23,110.20999908447266,110.22000122070312,110.19999694824219,110.20999908447266,89.14652252197266,214500,0.0,0.0,0.0
2012-01-24,110.19999694824219,110.2300033569336,110.19999694824219,110.22000122070312,89.15460205078125,572900,0.0,0.0,0.0
2012-01-25,110.19999694824219,110.2300033569336,110.19999694824219,110.2300033569336,89.16268920898438,270100,0.0,0.0,0.0
2012-01-26,110.20999908447266,110.2300033569336,110.20999908447266,110.2300033569336,89.16268920898438,276900,0.0,0.0,0.0
2012-01-27,110.2300033569336,110.2300033569336,110.19999694824219,110.22000122070312,89.15460205078125,441900,0.0,0.0,0.0
2012-01-30,110.19999694824219,110.22000122070312,110.19999694824219,110.20999908447266,89.14652252197266,248700,0.0,0.0,0.0
2012-01-31,110.19999694824219,110.22000122070312,110.19999694824219,110.20999908447266,89.14652252197266,644500,0.0,0.0,0.0
2012-02-01,110.19999694824219,110.22000122070312,110.19999694824219,110.19999694824219,89.13843536376953,237300,0.0,0.0,0.0
2012-02-02,110.19999694824219,110.20999908447266,110.19000244140625,110.19000244140625,89.13035583496094,417200,0.0,0.0,0.0
2012-02-03,110.19000244140625,110.19999694824219,110.18000030517578,110.18000030517578,89.12222290039062,423600,0.0,0.0,0.0
2012-02-06,110.19000244140625,110.20999908447266,110.19000244140625,110.19000244140625,89.13035583496094,318800,0.0,0.0,0.0
2012-02-07,110.19000244140625,110.20999908447266,110.19000244140625,110.19000244140625,89.13035583496094,200900,0.0,0.0,0.0
2012-02-08,110.18000030517578,110.19999694824219,110.05000305175781,110.19000244140625,89.13035583496094,344200,0.0,0.0,0.0
2012-02-09,110.19000244140625,110.19999694824219,110.18000030517578,110.18000030517578,89.12222290039062,168800,0.0,0.0,0.0
2012-02-10,110.18000030517578,110.19999694824219,110.18000030517578,110.18000030517578,89.12222290039062,211700,0.0,0.0,0.0
2012-02-13,110.19999694824219,110.19999694824219,110.18000030517578,110.18000030517578,89.12222290039062,509500,0.0,0.0,0.0
2012-02-14,110.18000030517578,110.19000244140625,110.18000030517578,110.18000030517578,89.12222290039062,296000,0.0,0.0,0.0
2012-02-15,110.18000030517578,110.19000244140625,110.18000030517578,110.19000244140625,89.13035583496094,173000,0.0,0.0,0.0
2012-02-16,110.18000030517578,110.19999694824219,110.18000030517578,110.18000030517578,89.12222290039062,365000,0.0,0.0,0.0
2012-02-17,110.19000244140625,110.19999694824219,110.16999816894531,110.18000030517578,89.12222290039062,172500,0.0,0.0,0.0
2012-02-21,110.18000030517578,110.19999694824219,110.18000030517578,110.18000030517578,89.12222290039062,148700,0.0,0.0,0.0
2012-02-22,110.19999694824219,110.19999694824219,110.18000030517578,110.19999694824219,89.13843536376953,106600,0.0,0.0,0.0
2012-02-23,110.19999694824219,110.19999694824219,110.18000030517578,110.19999694824219,89.13843536376953,246900,0.0,0.0,0.0
2012-02-24,110.18000030517578,110.19999694824219,110.18000030517578,110.19999694824219,89.13843536376953,242300,0.0,0.0,0.0
2012-02-27,110.18000030517578,110.19999694824219,110.18000030517578,110.18000030517578,89.12222290039062,289700,0.0,0.0,0.0
2012-02-28,110.18000030517578,110.19999694824219,110.18000030517578,110.19999694824219,89.13843536376953,358700,0.0,0.0,0.0
2012-02-29,110.18000030517578,110.22000122070312,110.18000030517578,110.19999694824219,89.13843536376953,272900,0.0,0.0,0.0
2012-03-01,110.18000030517578,110.19000244140625,110.18000030517578,110.18000030517578,89.12222290039062,239000,0.0,0.0,0.0
2012-03-02,110.18000030517578,110.19999694824219,110.18000030517578,110.18000030517578,89.12222290039062,161300,0.0,0.0,0.0
2012-03-05,110.18000030517578,110.19999694824219,110.18000030517578,110.19999694824219,89.13843536376953,249400,0.0,0.0,0.0
2012-03-06,110.19000244140625,110.19999694824219,110.18000030517578,110.19999694824219,89.13843536376953,193500,0.0,0.0,0.0
2012-03-07,110.18000030517578,110.19999694824219,110.18000030517578,110.19000244140625,89.13035583496094,220000,0.0,0.0,0.0
2012-03-08,110.18000030517578,110.19999694824219,110.18000030517578,110.19000244140625,89.13035583496094,223600,0.0,0.0,0.0
2012-03-09,110.18000030517578,110.19999694824219,110.18000030517578,110.19999694824219,89.13843536376953,193700,0.0,0.0,0.0
2012-03-12,110.18000030517578,110.19999694824219,110.18000030517578,110.19999694824219,89.13843536376953,158700,0.0,0.0,0.0
2012-03-13,110.18000030517578,110.19999694824219,110.18000030517578,110.19999694824219,89.13843536376953,306700,0.0,0.0,0.0
2012-03-14,110.19000244140625,110.19999694824219,110.18000030517578,110.19999694824219,89.13843536376953,143500,0.0,0.0,0.0
2012-03-15,110.18000030517578,110.19999694824219,110.18000030517578,110.19000244140625,89.13035583496094,575500,0.0,0.0,0.0
2012-03-16,110.19999694824219,110.19999694824219,110.18000030517578,110.18000030517578,89.12222290039062,159100,0.0,0.0,0.0
2012-03-19,110.18000030517578,110.19000244140625,110.18000030517578,110.18000030517578,89.12222290039062,144600,0.0,0.0,0.0
2012-03-20,110.18000030517578,110.19000244140625,110.18000030517578,110.18000030517578,89.12222290039062,150400,0.0,0.0,0.0
2012-03-21,110.19999694824219,110.19999694824219,110.18000030517578,110.18000030517578,89.12222290039062,149600,0.0,0.0,0.0
2012-03-22,110.18000030517578,110.19999694824219,110.18000030517578,110.19000244140625,89.13035583496094,289300,0.0,0.0,0.0
2012-03-23,110.18000030517578,110.19999694824219,110.18000030517578,110.19000244140625,89.13035583496094,110400,0.0,0.0,0.0
2012-03-26,110.18000030517578,110.19000244140625,110.18000030517578,110.18000030517578,89.12222290039062,184100,0.0,0.0,0.0
2012-03-27,110.19000244140625,110.19999694824219,110.18000030517578,110.18000030517578,89.12222290039062,366000,0.0,0.0,0.0
2012-03-28,110.18000030517578,110.19999694824219,110.18000030517578,110.19999694824219,89.13843536376953,158300,0.0,0.0,0.0
2012-03-29,110.18000030517578,110.19999694824219,110.18000030517578,110.19000244140625,89.13035583496094,192400,0.0,0.0,0.0
2012-03-30,110.19999694824219,110.19999694824219,110.18000030517578,110.19000244140625,89.13035583496094,152100,0.0,0.0,0.0
2012-04-02,110.19000244140625,110.19999694824219,110.18000030517578,110.19999694824219,89.13843536376953,177400,0.0,0.0,0.0
2012-04-03,110.19999694824219,110.19999694824219,110.18000030517578,110.18000030517578,89.12222290039062,193500,0.0,0.0,0.0
2012-04-04,110.18000030517578,110.19000244140625,110.18000030517578,110.18000030517578,89.12222290039062,247800,0.0,0.0,0.0
2012-04-05,110.18000030517578,110.19999694824219,110.18000030517578,110.18000030517578,89.12222290039062,133600,0.0,0.0,0.0
2012-04-09,110.18000030517578,110.19999694824219,110.18000030517578,110.18000030517578,89.12222290039062,157200,0.0,0.0,0.0
2012-04-10,110.18000030517578,110.19999694824219,110.18000030517578,110.19000244140625,89.13035583496094,377300,0.0,0.0,0.0
2012-04-11,110.19999694824219,110.19999694824219,110.18000030517578,110.19000244140625,89.13035583496094,188300,0.0,0.0,0.0
2012-04-12,110.19000244140625,110.19999694824219,110.19000244140625,110.19999694824219,89.13843536376953,127300,0.0,0.0,0.0
2012-04-13,110.19999694824219,110.22000122070312,110.19000244140625,110.22000122070312,89.15460205078125,256700,0.0,0.0,0.0
2012-04-16,110.19999694824219,110.22000122070312,110.19999694824219,110.20999908447266,89.14652252197266,92700,0.0,0.0,0.0
2012-04-17,110.19999694824219,110.20999908447266,110.19999694824219,110.20999908447266,89.14652252197266,86000,0.0,0.0,0.0
2012-04-18,110.19000244140625,110.20999908447266,110.19000244140625,110.19999694824219,89.13843536376953,66200,0.0,0.0,0.0
2012-04-19,110.20999908447266,110.20999908447266,110.19000244140625,110.19999694824219,89.13843536376953,160000,0.0,0.0,0.0
2012-04-20,110.20999908447266,110.20999908447266,110.19000244140625,110.19000244140625,89.13035583496094,136800,0.0,0.0,0.0
2012-04-23,110.19000244140625,110.20999908447266,110.19000244140625,110.19000244140625,89.13035583496094,337500,0.0,0.0,0.0
2012-04-24,110.19000244140625,110.19999694824219,110.19000244140625,110.19000244140625,89.13035583496094,117700,0.0,0.0,0.0
2012-04-25,110.19000244140625,110.19999694824219,110.19000244140625,110.19000244140625,89.13035583496094,182400,0.0,0.0,0.0
2012-04-26,110.19000244140625,110.19999694824219,110.19000244140625,110.19000244140625,89.13035583496094,118500,0.0,0.0,0.0
2012-04-27,110.19000244140625,110.19999694824219,110.18000030517578,110.19999694824219,89.13843536376953,74700,0.0,0.0,0.0
2012-04-30,110.19000244140625,110.19999694824219,110.19000244140625,110.19000244140625,89.13035583496094,92000,0.0,0.0,0.0
2012-05-01,110.19000244140625,110.22000122070312,110.18000030517578,110.19999694824219,89.13843536376953,413800,0.0,0.0,0.0
2012-05-02,110.19000244140625,110.20999908447266,110.19000244140625,110.19000244140625,89.13035583496094,59000,0.0,0.0,0.0
2012-05-03,110.19000244140625,110.20999908447266,110.18000030517578,110.18000030517578,89.12222290039062,167900,0.0,0.0,0.0
2012-05-04,110.19000244140625,110.20999908447266,110.18000030517578,110.20999908447266,89.14652252197266,272000,0.0,0.0,0.0
2012-05-07,110.19000244140625,110.20999908447266,110.19000244140625,110.19999694824219,89.13843536376953,610000,0.0,0.0,0.0
2012-05-08,110.19999694824219,110.20999908447266,110.19000244140625,110.20999908447266,89.14652252197266,570200,0.0,0.0,0.0
2012-05-09,110.19000244140625,110.20999908447266,110.19000244140625,110.19000244140625,89.13035583496094,244000,0.0,0.0,0.0
2012-05-10,110.19999694824219,110.20999908447266,110.19000244140625,110.20999908447266,89.14652252197266,377700,0.0,0.0,0.0
2012-05-11,110.20999908447266,110.20999908447266,110.18000030517578,110.19999694824219,89.13843536376953,134000,0.0,0.0,0.0
2012-05-14,110.19000244140625,110.19999694824219,110.19000244140625,110.19000244140625,89.13035583496094,198100,0.0,0.0,0.0
2012-05-15,110.19000244140625,110.20999908447266,110.19000244140625,110.19999694824219,89.13843536376953,414100,0.0,0.0,0.0
2012-05-16,110.19999694824219,110.19999694824219,110.19000244140625,110.19000244140625,89.13035583496094,244300,0.0,0.0,0.0
2012-05-17,110.19000244140625,110.20999908447266,110.19000244140625,110.19000244140625,89.13035583496094,585900,0.0,0.0,0.0
2012-05-18,110.19000244140625,110.2300033569336,110.18000030517578,110.18000030517578,89.12222290039062,443100,0.0,0.0,0.0
2012-05-21,110.19999694824219,110.20999908447266,110.18000030517578,110.19000244140625,89.13035583496094,328100,0.0,0.0,0.0
2012-05-22,110.19000244140625,110.19999694824219,110.18000030517578,110.19000244140625,89.13035583496094,181600,0.0,0.0,0.0
2012-05-23,110.19000244140625,110.20999908447266,110.19000244140625,110.19000244140625,89.13035583496094,150000,0.0,0.0,0.0
2012-05-24,110.19999694824219,110.20999908447266,110.19000244140625,110.19999694824219,89.13843536376953,132300,0.0,0.0,0.0
2012-05-25,110.19999694824219,110.20999908447266,110.16999816894531,110.20999908447266,89.14652252197266,70700,0.0,0.0,0.0
2012-05-29,110.19000244140625,110.20999908447266,110.19000244140625,110.20999908447266,89.14652252197266,124700,0.0,0.0,0.0
2012-05-30,110.19000244140625,110.20999908447266,110.19000244140625,110.20999908447266,89.14652252197266,327400,0.0,0.0,0.0
2012-05-31,110.19000244140625,110.22000122070312,110.19000244140625,110.22000122070312,89.15460205078125,350400,0.0,0.0,0.0
2012-06-01,110.2300033569336,110.23999786376953,110.18000030517578,110.19000244140625,89.13035583496094,466000,0.0,0.0,0.0
2012-06-04,110.22000122070312,110.22000122070312,110.19999694824219,110.22000122070312,89.15460205078125,287500,0.0,0.0,0.0
2012-06-05,110.20999908447266,110.22000122070312,110.20999908447266,110.22000122070312,89.15460205078125,152200,0.0,0.0,0.0
2012-06-06,110.20999908447266,110.22000122070312,110.19999694824219,110.22000122070312,89.15460205078125,388300,0.0,0.0,0.0
2012-06-07,110.22000122070312,110.22000122070312,110.19999694824219,110.19999694824219,89.13843536376953,211000,0.0,0.0,0.0
2012-06-08,110.19999694824219,110.20999908447266,110.19999694824219,110.20999908447266,89.14652252197266,91400,0.0,0.0,0.0
2012-06-11,110.20999908447266,110.22000122070312,110.19999694824219,110.22000122070312,89.15460205078125,89900,0.0,0.0,0.0
2012-06-12,110.22000122070312,110.22000122070312,110.19999694824219,110.22000122070312,89.15460205078125,292600,0.0,0.0,0.0
2012-06-13,110.20999908447266,110.22000122070312,110.20999908447266,110.22000122070312,89.15460205078125,102400,0.0,0.0,0.0
2012-06-14,110.19999694824219,110.22000122070312,110.19999694824219,110.22000122070312,89.15460205078125,167100,0.0,0.0,0.0
2012-06-15,110.20999908447266,110.20999908447266,110.19999694824219,110.20999908447266,89.14652252197266,142700,0.0,0.0,0.0
2012-06-18,110.20999908447266,110.22000122070312,110.19999694824219,110.19999694824219,89.13843536376953,149400,0.0,0.0,0.0
2012-06-19,110.19999694824219,110.22000122070312,110.19999694824219,110.20999908447266,89.14652252197266,153900,0.0,0.0,0.0
2012-06-20,110.19999694824219,110.22000122070312,110.19999694824219,110.20999908447266,89.14652252197266,215300,0.0,0.0,0.0
2012-06-21,110.19999694824219,110.22000122070312,110.19999694824219,110.22000122070312,89.15460205078125,269200,0.0,0.0,0.0
2012-06-22,110.19999694824219,110.20999908447266,110.19999694824219,110.20999908447266,89.14652252197266,148500,0.0,0.0,0.0
2012-06-25,110.19999694824219,110.20999908447266,110.19999694824219,110.20999908447266,89.14652252197266,84300,0.0,0.0,0.0
2012-06-26,110.19999694824219,110.22000122070312,110.19000244140625,110.19999694824219,89.13843536376953,98700,0.0,0.0,0.0
2012-06-27,110.19999694824219,110.20999908447266,110.19000244140625,110.19000244140625,89.13035583496094,181500,0.0,0.0,0.0
2012-06-28,110.22000122070312,110.22000122070312,110.19999694824219,110.20999908447266,89.14652252197266,67500,0.0,0.0,0.0
2012-06-29,110.19999694824219,110.22000122070312,110.19000244140625,110.20999908447266,89.14652252197266,421400,0.0,0.0,0.0
2012-07-02,110.2300033569336,110.2300033569336,110.19999694824219,110.19999694824219,89.13843536376953,2286900,0.0,0.0,0.0
2012-07-03,110.20999908447266,110.22000122070312,110.19999694824219,110.20999908447266,89.14652252197266,281500,0.0,0.0,0.0
2012-07-05,110.20999908447266,110.20999908447266,110.19999694824219,110.19999694824219,89.13843536376953,187500,0.0,0.0,0.0
2012-07-06,110.20999908447266,110.20999908447266,110.19999694824219,110.20999908447266,89.14652252197266,157600,0.0,0.0,0.0
2012-07-09,110.19999694824219,110.20999908447266,110.19000244140625,110.20999908447266,89.14652252197266,1652700,0.0,0.0,0.0
2012-07-10,110.19000244140625,110.20999908447266,110.19000244140625,110.19999694824219,89.13843536376953,92900,0.0,0.0,0.0
2012-07-11,110.19999694824219,110.20999908447266,110.19000244140625,110.19999694824219,89.13843536376953,105200,0.0,0.0,0.0
2012-07-12,110.20999908447266,110.20999908447266,110.19999694824219,110.19999694824219,89.13843536376953,59800,0.0,0.0,0.0
2012-07-13,110.19000244140625,110.20999908447266,110.19000244140625,110.20999908447266,89.14652252197266,84700,0.0,0.0,0.0
2012-07-16,110.19999694824219,110.20999908447266,110.19999694824219,110.19999694824219,89.13843536376953,134700,0.0,0.0,0.0
2012-07-17,110.19999694824219,110.22000122070312,110.19999694824219,110.19999694824219,89.13843536376953,107100,0.0,0.0,0.0
2012-07-18,110.19999694824219,110.22000122070312,110.19999694824219,110.20999908447266,89.14652252197266,222200,0.0,0.0,0.0
2012-07-19,110.20999908447266,110.2300033569336,110.19999694824219,110.19999694824219,89.13843536376953,174000,0.0,0.0,0.0
2012-07-20,110.19999694824219,110.20999908447266,110.19999694824219,110.19999694824219,89.13843536376953,113500,0.0,0.0,0.0
2012-07-23,110.19999694824219,110.22000122070312,110.19999694824219,110.20999908447266,89.14652252197266,211000,0.0,0.0,0.0
2012-07-24,110.22000122070312,110.22000122070312,110.19999694824219,110.20999908447266,89.14652252197266,278400,0.0,0.0,0.0
2012-07-25,110.19999694824219,110.22000122070312,110.19999694824219,110.19999694824219,89.13843536376953,489400,0.0,0.0,0.0
2012-07-26,110.19999694824219,110.20999908447266,110.19999694824219,110.19999694824219,89.13843536376953,320000,0.0,0.0,0.0
2012-07-27,110.19999694824219,110.20999908447266,110.19000244140625,110.20999908447266,89.14652252197266,249500,0.0,0.0,0.0
2012-07-30,110.19999694824219,110.20999908447266,110.19999694824219,110.19999694824219,89.13843536376953,528700,0.0,0.0,0.0
2012-07-31,110.19999694824219,110.20999908447266,110.19999694824219,110.20999908447266,89.14652252197266,203200,0.0,0.0,0.0
2012-08-01,110.19999694824219,110.22000122070312,110.19999694824219,110.20999908447266,89.14652252197266,229900,0.0,0.0,0.0
2012-08-02,110.20999908447266,110.22000122070312,110.20999908447266,110.22000122070312,89.15460205078125,158500,0.0,0.0,0.0
2012-08-03,110.20999908447266,110.22000122070312,110.19999694824219,110.22000122070312,89.15460205078125,460400,0.0,0.0,0.0
2012-08-06,110.2300033569336,110.2300033569336,110.19999694824219,110.19999694824219,89.13843536376953,409600,0.0,0.0,0.0
2012-08-07,110.19999694824219,110.20999908447266,110.19999694824219,110.20999908447266,89.14652252197266,293600,0.0,0.0,0.0
2012-08-08,110.19999694824219,110.20999908447266,110.19999694824219,110.19999694824219,89.13843536376953,158700,0.0,0.0,0.0
2012-08-09,110.19999694824219,110.20999908447266,110.19999694824219,110.19999694824219,89.13843536376953,241500,0.0,0.0,0.0
2012-08-10,110.19999694824219,110.20999908447266,110.19999694824219,110.20999908447266,89.14652252197266,106700,0.0,0.0,0.0
2012-08-13,110.22000122070312,110.22000122070312,110.19999694824219,110.20999908447266,89.14652252197266,72300,0.0,0.0,0.0
2012-08-14,110.19999694824219,110.20999908447266,110.19999694824219,110.20999908447266,89.14652252197266,84400,0.0,0.0,0.0
2012-08-15,110.19999694824219,110.20999908447266,110.19000244140625,110.19999694824219,89.13843536376953,214800,0.0,0.0,0.0
2012-08-16,110.19000244140625,110.20999908447266,110.19000244140625,110.20999908447266,89.14652252197266,317600,0.0,0.0,0.0
2012-08-17,110.19999694824219,110.20999908447266,110.19999694824219,110.20999908447266,89.14652252197266,104300,0.0,0.0,0.0
2012-08-20,110.20999908447266,110.20999908447266,110.19999694824219,110.19999694824219,89.13843536376953,136800,0.0,0.0,0.0
2012-08-21,110.19999694824219,110.20999908447266,110.19999694824219,110.19999694824219,89.13843536376953,261500,0.0,0.0,0.0
2012-08-22,110.19999694824219,110.20999908447266,110.19999694824219,110.19999694824219,89.13843536376953,104100,0.0,0.0,0.0
2012-08-23,110.19999694824219,110.22000122070312,110.19999694824219,110.22000122070312,89.15460205078125,134100,0.0,0.0,0.0
2012-08-24,110.22000122070312,110.22000122070312,110.20999908447266,110.22000122070312,89.15460205078125,3254500,0.0,0.0,0.0
2012-08-27,110.22000122070312,110.22000122070312,110.20999908447266,110.22000122070312,89.15460205078125,269700,0.0,0.0,0.0
2012-08-28,110.20999908447266,110.22000122070312,110.20999908447266,110.22000122070312,89.15460205078125,133300,0.0,0.0,0.0
2012-08-29,110.20999908447266,110.22000122070312,110.20999908447266,110.20999908447266,89.14652252197266,199000,0.0,0.0,0.0
2012-08-30,110.22000122070312,110.22000122070312,110.20999908447266,110.22000122070312,89.15460205078125,149200,0.0,0.0,0.0
2012-08-31,110.20999908447266,110.2300033569336,110.20999908447266,110.2300033569336,89.16268920898438,116600,0.0,0.0,0.0
2012-09-04,110.20999908447266,110.2300033569336,110.20999908447266,110.22000122070312,89.1554183959961,593800,0.001,0.0,0.0
2012-09-05,110.20999908447266,110.22000122070312,110.20999908447266,110.22000122070312,89.1554183959961,84000,0.0,0.0,0.0
2012-09-06,110.20999908447266,110.22000122070312,110.19999694824219,110.22000122070312,89.1554183959961,200300,0.0,0.0,0.0
2012-09-07,110.20999908447266,110.22000122070312,110.20999908447266,110.22000122070312,89.1554183959961,302200,0.0,0.0,0.0
2012-09-10,110.22000122070312,110.22000122070312,110.20999908447266,110.22000122070312,89.1554183959961,188500,0.0,0.0,0.0
2012-09-11,110.20999908447266,110.22000122070312,110.20999908447266,110.22000122070312,89.1554183959961,160300,0.0,0.0,0.0
2012-09-12,110.20999908447266,110.22000122070312,110.20999908447266,110.22000122070312,89.1554183959961,98600,0.0,0.0,0.0
2012-09-13,110.22000122070312,110.2300033569336,110.20999908447266,110.2300033569336,89.16348266601562,240700,0.0,0.0,0.0
2012-09-14,110.2300033569336,110.2300033569336,110.22000122070312,110.2300033569336,89.16348266601562,321700,0.0,0.0,0.0
2012-09-17,110.22000122070312,110.2300033569336,110.22000122070312,110.2300033569336,89.16348266601562,150700,0.0,0.0,0.0
2012-09-18,110.2300033569336,110.2300033569336,110.22000122070312,110.2300033569336,89.16348266601562,124600,0.0,0.0,0.0
2012-09-19,110.22000122070312,110.22000122070312,110.20999908447266,110.22000122070312,89.1554183959961,144800,0.0,0.0,0.0
2012-09-20,110.20999908447266,110.22000122070312,110.20999908447266,110.22000122070312,89.1554183959961,108800,0.0,0.0,0.0
2012-09-21,110.20999908447266,110.22000122070312,110.20999908447266,110.22000122070312,89.1554183959961,256200,0.0,0.0,0.0
2012-09-24,110.20999908447266,110.22000122070312,110.20999908447266,110.22000122070312,89.1554183959961,180300,0.0,0.0,0.0
2012-09-25,110.20999908447266,110.22000122070312,110.20999908447266,110.20999908447266,89.1473159790039,104900,0.0,0.0,0.0
2012-09-26,110.20999908447266,110.22000122070312,110.20999908447266,110.20999908447266,89.1473159790039,185800,0.0,0.0,0.0
2012-09-27,110.20999908447266,110.22000122070312,110.20999908447266,110.20999908447266,89.1473159790039,128300,0.0,0.0,0.0
2012-09-28,110.22000122070312,110.22000122070312,110.20999908447266,110.22000122070312,89.1554183959961,185800,0.0,0.0,0.0
2012-10-01,110.20999908447266,110.22000122070312,110.20999908447266,110.20999908447266,89.14895629882812,444100,0.002,0.0,0.0
2012-10-02,110.20999908447266,110.22000122070312,110.20999908447266,110.22000122070312,89.15699768066406,73100,0.0,0.0,0.0
2012-10-03,110.20999908447266,110.22000122070312,110.20999908447266,110.20999908447266,89.14895629882812,196200,0.0,0.0,0.0
2012-10-04,110.20999908447266,110.22000122070312,110.20999908447266,110.22000122070312,89.15699768066406,115700,0.0,0.0,0.0
2012-10-05,110.20999908447266,110.22000122070312,110.20999908447266,110.20999908447266,89.14895629882812,208800,0.0,0.0,0.0
2012-10-08,110.22000122070312,110.22000122070312,110.20999908447266,110.22000122070312,89.15699768066406,53500,0.0,0.0,0.0
2012-10-09,110.20999908447266,110.22000122070312,110.20999908447266,110.22000122070312,89.15699768066406,158600,0.0,0.0,0.0
2012-10-10,110.22000122070312,110.22000122070312,110.20999908447266,110.22000122070312,89.15699768066406,172200,0.0,0.0,0.0
2012-10-11,110.22000122070312,110.22000122070312,110.20999908447266,110.20999908447266,89.14895629882812,114900,0.0,0.0,0.0
2012-10-12,110.20999908447266,110.22000122070312,110.20999908447266,110.20999908447266,89.14895629882812,90700,0.0,0.0,0.0
2012-10-15,110.20999908447266,110.22000122070312,110.20999908447266,110.20999908447266,89.14895629882812,139000,0.0,0.0,0.0
2012-10-16,110.20999908447266,110.22000122070312,110.19999694824219,110.20999908447266,89.14895629882812,65500,0.0,0.0,0.0
2012-10-17,110.20999908447266,110.22000122070312,110.20999908447266,110.20999908447266,89.14895629882812,93800,0.0,0.0,0.0
2012-10-18,110.20999908447266,110.22000122070312,110.20999908447266,110.22000122070312,89.15699768066406,78400,0.0,0.0,0.0
2012-10-19,110.19999694824219,110.23999786376953,110.19999694824219,110.20999908447266,89.14895629882812,123900,0.0,0.0,0.0
2012-10-22,110.20999908447266,110.22000122070312,110.20999908447266,110.22000122070312,89.15699768066406,79700,0.0,0.0,0.0
2012-10-23,110.20999908447266,110.22000122070312,110.20999908447266,110.22000122070312,89.15699768066406,139000,0.0,0.0,0.0
2012-10-24,110.20999908447266,110.22000122070312,110.20999908447266,110.20999908447266,89.14895629882812,86300,0.0,0.0,0.0
2012-10-25,110.20999908447266,110.22000122070312,110.20999908447266,110.20999908447266,89.14895629882812,134000,0.0,0.0,0.0
2012-10-26,110.22000122070312,110.22000122070312,110.20999908447266,110.20999908447266,89.14895629882812,74900,0.0,0.0,0.0
2012-10-31,110.22000122070312,110.22000122070312,110.20999908447266,110.20999908447266,89.14895629882812,1846600,0.0,0.0,0.0
2012-11-01,110.22000122070312,110.22000122070312,110.20999908447266,110.22000122070312,89.15699768066406,346900,0.0,0.0,0.0
2012-11-02,110.22000122070312,110.22000122070312,110.19999694824219,110.22000122070312,89.15699768066406,215500,0.0,0.0,0.0
2012-11-05,110.20999908447266,110.22000122070312,110.19999694824219,110.19999694824219,89.14085388183594,465800,0.0,0.0,0.0
2012-11-06,110.19999694824219,110.20999908447266,110.19999694824219,110.19999694824219,89.14085388183594,148300,0.0,0.0,0.0
2012-11-07,110.19999694824219,110.20999908447266,110.19999694824219,110.19999694824219,89.14085388183594,335800,0.0,0.0,0.0
2012-11-08,110.19999694824219,110.20999908447266,110.19999694824219,110.19999694824219,89.14085388183594,355300,0.0,0.0,0.0
2012-11-09,110.20999908447266,110.20999908447266,110.19999694824219,110.19999694824219,89.14085388183594,844300,0.0,0.0,0.0
2012-11-12,110.20999908447266,110.20999908447266,110.19999694824219,110.19999694824219,89.14085388183594,77800,0.0,0.0,0.0
2012-11-13,110.19999694824219,110.20999908447266,110.19999694824219,110.19999694824219,89.14085388183594,155400,0.0,0.0,0.0
2012-11-14,110.19999694824219,110.20999908447266,110.19999694824219,110.19999694824219,89.14085388183594,255000,0.0,0.0,0.0
2012-11-15,110.20999908447266,110.22000122070312,110.19999694824219,110.22000122070312,89.15699768066406,270800,0.0,0.0,0.0
2012-11-16,110.20999908447266,110.22000122070312,110.20999908447266,110.20999908447266,89.14895629882812,200900,0.0,0.0,0.0
2012-11-19,110.20999908447266,110.22000122070312,110.20999908447266,110.20999908447266,89.14895629882812,167900,0.0,0.0,0.0
2012-11-20,110.20999908447266,110.22000122070312,110.20999908447266,110.20999908447266,89.14895629882812,313800,0.0,0.0,0.0
2012-11-21,110.20999908447266,110.22000122070312,110.20999908447266,110.20999908447266,89.14895629882812,197200,0.0,0.0,0.0
2012-11-23,110.20999908447266,110.22000122070312,110.20999908447266,110.20999908447266,89.14895629882812,36900,0.0,0.0,0.0
2012-11-26,110.22000122070312,110.22000122070312,110.20999908447266,110.22000122070312,89.15699768066406,251800,0.0,0.0,0.0
2012-11-27,110.22000122070312,110.2300033569336,110.20999908447266,110.2300033569336,89.16510772705078,103500,0.0,0.0,0.0
2012-11-28,110.22000122070312,110.2300033569336,110.22000122070312,110.2300033569336,89.16510772705078,286800,0.0,0.0,0.0
2012-11-29,110.22000122070312,110.2300033569336,110.22000122070312,110.2300033569336,89.16510772705078,255500,0.0,0.0,0.0
2012-11-30,110.22000122070312,110.2300033569336,110.22000122070312,110.22000122070312,89.15699768066406,137800,0.0,0.0,0.0
2012-12-03,110.20999908447266,110.22000122070312,110.20999908447266,110.20999908447266,89.15052795410156,1567400,0.002,0.0,0.0
2012-12-04,110.20999908447266,110.22000122070312,110.20999908447266,110.20999908447266,89.15052795410156,127700,0.0,0.0,0.0
2012-12-05,110.20999908447266,110.22000122070312,110.20999908447266,110.20999908447266,89.15052795410156,98500,0.0,0.0,0.0
2012-12-06,110.20999908447266,110.22000122070312,110.20999908447266,110.20999908447266,89.15052795410156,109100,0.0,0.0,0.0
2012-12-07,110.20999908447266,110.22000122070312,110.20999908447266,110.22000122070312,89.15864562988281,163000,0.0,0.0,0.0
2012-12-10,110.22000122070312,110.22000122070312,110.20999908447266,110.20999908447266,89.15052795410156,73100,0.0,0.0,0.0
2012-12-11,110.20999908447266,110.2300033569336,110.20999908447266,110.22000122070312,89.15864562988281,288200,0.0,0.0,0.0
2012-12-12,110.22000122070312,110.2300033569336,110.22000122070312,110.22000122070312,89.15864562988281,134800,0.0,0.0,0.0
2012-12-13,110.22000122070312,110.2300033569336,110.22000122070312,110.2300033569336,89.1667251586914,231400,0.0,0.0,0.0
2012-12-14,110.22000122070312,110.23999786376953,110.22000122070312,110.2300033569336,89.1667251586914,137700,0.0,0.0,0.0
2012-12-17,110.2300033569336,110.23999786376953,110.2300033569336,110.2300033569336,89.1667251586914,220700,0.0,0.0,0.0
2012-12-18,110.2300033569336,110.23999786376953,110.2300033569336,110.2300033569336,89.1667251586914,365100,0.0,0.0,0.0
2012-12-19,110.2300033569336,110.23999786376953,110.2300033569336,110.23999786376953,89.17481231689453,106500,0.0,0.0,0.0
2012-12-20,110.2300033569336,110.23999786376953,110.2300033569336,110.2300033569336,89.1667251586914,313600,0.0,0.0,0.0
2012-12-21,110.2300033569336,110.23999786376953,110.2300033569336,110.23999786376953,89.17481231689453,225700,0.0,0.0,0.0
2012-12-24,110.23999786376953,110.23999786376953,110.2300033569336,110.2300033569336,89.1667251586914,194100,0.0,0.0,0.0
2012-12-26,110.23999786376953,110.23999786376953,110.2300033569336,110.2300033569336,89.1667251586914,101800,0.0,0.0,0.0
2012-12-27,110.2300033569336,110.23999786376953,110.2300033569336,110.23999786376953,89.17481231689453,256200,0.0,0.0,0.0
2012-12-28,110.2300033569336,110.23999786376953,110.2300033569336,110.23999786376953,89.17481231689453,148400,0.0,0.0,0.0
2012-12-31,110.23999786376953,110.26000213623047,110.2300033569336,110.26000213623047,89.19100952148438,758500,0.0,0.0,0.0
2013-01-02,110.23999786376953,110.25,110.23999786376953,110.23999786376953,89.17481231689453,259200,0.0,0.0,0.0
2013-01-03,110.23999786376953,110.25,110.2300033569336,110.23999786376953,89.17481231689453,357500,0.0,0.0,0.0
2013-01-04,110.2300033569336,110.23999786376953,110.2300033569336,110.23999786376953,89.17481231689453,303100,0.0,0.0,0.0
2013-01-07,110.2300033569336,110.23999786376953,110.22000122070312,110.2300033569336,89.1667251586914,288400,0.0,0.0,0.0
2013-01-08,110.22000122070312,110.2300033569336,110.22000122070312,110.2300033569336,89.1667251586914,140900,0.0,0.0,0.0
2013-01-09,110.22000122070312,110.23999786376953,110.22000122070312,110.23999786376953,89.17481231689453,1679700,0.0,0.0,0.0
2013-01-10,110.23999786376953,110.23999786376953,110.2300033569336,110.23999786376953,89.17481231689453,2741400,0.0,0.0,0.0
2013-01-11,110.2300033569336,110.23999786376953,110.2300033569336,110.23999786376953,89.17481231689453,130400,0.0,0.0,0.0
2013-01-14,110.23999786376953,110.23999786376953,110.22000122070312,110.2300033569336,89.1667251586914,415300,0.0,0.0,0.0
2013-01-15,110.2300033569336,110.2300033569336,110.22000122070312,110.2300033569336,89.1667251586914,73100,0.0,0.0,0.0
2013-01-16,110.22000122070312,110.2300033569336,110.22000122070312,110.2300033569336,89.1667251586914,250700,0.0,0.0,0.0
2013-01-17,110.22000122070312,110.2300033569336,110.22000122070312,110.22000122070312,89.15864562988281,2858900,0.0,0.0,0.0
2013-01-18,110.22000122070312,110.2300033569336,110.22000122070312,110.2300033569336,89.1667251586914,167100,0.0,0.0,0.0
2013-01-22,110.2300033569336,110.2300033569336,110.22000122070312,110.2300033569336,89.1667251586914,364300,0.0,0.0,0.0
2013-01-23,110.2300033569336,110.2300033569336,110.22000122070312,110.2300033569336,89.1667251586914,157800,0.0,0.0,0.0
2013-01-24,110.22000122070312,110.2300033569336,110.22000122070312,110.22000122070312,89.15864562988281,139000,0.0,0.0,0.0
2013-01-25,110.22000122070312,110.2300033569336,110.22000122070312,110.22000122070312,89.15864562988281,147400,0.0,0.0,0.0
2013-01-28,110.2300033569336,110.2300033569336,110.22000122070312,110.22000122070312,89.15864562988281,694400,0.0,0.0,0.0
2013-01-29,110.22000122070312,110.2300033569336,110.22000122070312,110.2300033569336,89.1667251586914,135500,0.0,0.0,0.0
2013-01-30,110.22000122070312,110.2300033569336,110.22000122070312,110.2300033569336,89.1667251586914,111800,0.0,0.0,0.0
2013-01-31,110.22000122070312,110.23999786376953,110.22000122070312,110.2300033569336,89.1667251586914,563800,0.0,0.0,0.0
2013-02-01,110.2300033569336,110.23999786376953,110.2300033569336,110.2300033569336,89.16915893554688,229100,0.003,0.0,0.0
2013-02-04,110.2300033569336,110.2300033569336,110.22000122070312,110.22000122070312,89.16107940673828,122700,0.0,0.0,0.0
2013-02-05,110.2300033569336,110.2300033569336,110.22000122070312,110.2300033569336,89.16915893554688,343500,0.0,0.0,0.0
2013-02-06,110.2300033569336,110.2300033569336,110.22000122070312,110.2300033569336,89.16915893554688,107700,0.0,0.0,0.0
2013-02-07,110.22000122070312,110.2300033569336,110.22000122070312,110.22000122070312,89.16107940673828,122600,0.0,0.0,0.0
2013-02-08,110.22000122070312,110.2300033569336,110.22000122070312,110.22000122070312,89.16107940673828,88600,0.0,0.0,0.0
2013-02-11,110.22000122070312,110.2300033569336,110.22000122070312,110.2300033569336,89.16915893554688,96100,0.0,0.0,0.0
2013-02-12,110.22000122070312,110.2300033569336,110.22000122070312,110.2300033569336,89.16915893554688,142600,0.0,0.0,0.0
2013-02-13,110.22000122070312,110.2300033569336,110.22000122070312,110.2300033569336,89.16915893554688,118500,0.0,0.0,0.0
2013-02-14,110.22000122070312,110.2300033569336,110.22000122070312,110.22000122070312,89.16107940673828,150600,0.0,0.0,0.0
2013-02-15,110.2300033569336,110.2300033569336,110.22000122070312,110.22000122070312,89.16107940673828,52500,0.0,0.0,0.0
2013-02-19,110.20999908447266,110.22000122070312,110.20999908447266,110.22000122070312,89.16107940673828,190600,0.0,0.0,0.0
2013-02-20,110.20999908447266,110.22000122070312,110.20999908447266,110.22000122070312,89.16107940673828,204500,0.0,0.0,0.0
2013-02-21,110.20999908447266,110.22000122070312,110.20999908447266,110.20999908447266,89.1529541015625,104500,0.0,0.0,0.0
2013-02-22,110.20999908447266,110.22000122070312,110.20999908447266,110.22000122070312,89.16107940673828,190500,0.0,0.0,0.0
2013-02-25,110.22000122070312,110.22000122070312,110.20999908447266,110.22000122070312,89.16107940673828,229500,0.0,0.0,0.0
2013-02-26,110.22000122070312,110.22000122070312,110.20999908447266,110.22000122070312,89.16107940673828,137200,0.0,0.0,0.0
2013-02-27,110.20999908447266,110.22000122070312,110.20999908447266,110.22000122070312,89.16107940673828,164700,0.0,0.0,0.0
2013-02-28,110.22000122070312,110.2300033569336,110.20999908447266,110.22000122070312,89.16107940673828,215500,0.0,0.0,0.0
2013-03-01,110.20999908447266,110.2300033569336,110.20999908447266,110.22000122070312,89.1618881225586,140200,0.001,0.0,0.0
2013-03-04,110.20999908447266,110.22000122070312,110.20999908447266,110.20999908447266,89.15377807617188,618000,0.0,0.0,0.0
2013-03-05,110.22000122070312,110.22000122070312,110.20999908447266,110.20999908447266,89.15377807617188,151200,0.0,0.0,0.0
2013-03-06,110.22000122070312,110.22000122070312,110.20999908447266,110.22000122070312,89.1618881225586,87000,0.0,0.0,0.0
2013-03-07,110.22000122070312,110.22000122070312,110.20999908447266,110.22000122070312,89.1618881225586,169300,0.0,0.0,0.0
2013-03-08,110.20999908447266,110.22000122070312,110.20999908447266,110.20999908447266,89.15377807617188,2896200,0.0,0.0,0.0
2013-03-11,110.20999908447266,110.22000122070312,110.20999908447266,110.20999908447266,89.15377807617188,143100,0.0,0.0,0.0
2013-03-12,110.20999908447266,110.2300033569336,110.20999908447266,110.2300033569336,89.16996765136719,2027800,0.0,0.0,0.0
2013-03-13,110.22000122070312,110.2300033569336,110.22000122070312,110.2300033569336,89.16996765136719,1519600,0.0,0.0,0.0
2013-03-14,110.22000122070312,110.2300033569336,110.22000122070312,110.2300033569336,89.16996765136719,111400,0.0,0.0,0.0
2013-03-15,110.2300033569336,110.2300033569336,110.22000122070312,110.2300033569336,89.16996765136719,86100,0.0,0.0,0.0
2013-03-18,110.2300033569336,110.2300033569336,110.22000122070312,110.22000122070312,89.1618881225586,299700,0.0,0.0,0.0
2013-03-19,110.2300033569336,110.23999786376953,110.22000122070312,110.22000122070312,89.1618881225586,798800,0.0,0.0,0.0
2013-03-20,110.22000122070312,110.23999786376953,110.22000122070312,110.22000122070312,89.1618881225586,1633800,0.0,0.0,0.0
2013-03-21,110.22000122070312,110.23999786376953,110.22000122070312,110.2300033569336,89.16996765136719,93000,0.0,0.0,0.0
2013-03-22,110.2300033569336,110.23999786376953,110.2300033569336,110.23999786376953,89.17804718017578,50900,0.0,0.0,0.0
2013-03-25,110.23999786376953,110.23999786376953,110.2300033569336,110.2300033569336,89.16996765136719,848400,0.0,0.0,0.0
2013-03-26,110.2300033569336,110.25,110.2300033569336,110.2300033569336,89.16996765136719,4538100,0.0,0.0,0.0
2013-03-27,110.2300033569336,110.23999786376953,110.2300033569336,110.23999786376953,89.17804718017578,364200,0.0,0.0,0.0
2013-03-28,110.2300033569336,110.23999786376953,110.22000122070312,110.2300033569336,89.16996765136719,251800,0.0,0.0,0.0
2013-04-01,110.2300033569336,110.23999786376953,110.22000122070312,110.22000122070312,89.1618881225586,1479300,0.0,0.0,0.0
2013-04-02,110.2300033569336,110.2300033569336,110.22000122070312,110.22000122070312,89.1618881225586,2063700,0.0,0.0,0.0
2013-04-03,110.22000122070312,110.23999786376953,110.22000122070312,110.2300033569336,89.16996765136719,333300,0.0,0.0,0.0
2013-04-04,110.2300033569336,110.23999786376953,110.2300033569336,110.2300033569336,89.16996765136719,116300,0.0,0.0,0.0
2013-04-05,110.23999786376953,110.23999786376953,110.2300033569336,110.2300033569336,89.16996765136719,2249100,0.0,0.0,0.0
2013-04-08,110.23999786376953,110.23999786376953,110.2300033569336,110.23999786376953,89.17804718017578,1407600,0.0,0.0,0.0
2013-04-09,110.23999786376953,110.23999786376953,110.2300033569336,110.2300033569336,89.16996765136719,2146600,0.0,0.0,0.0
2013-04-10,110.23999786376953,110.23999786376953,110.2300033569336,110.23999786376953,89.17804718017578,1692500,0.0,0.0,0.0
2013-04-11,110.23999786376953,110.23999786376953,110.2300033569336,110.23999786376953,89.17804718017578,1869200,0.0,0.0,0.0
2013-04-12,110.2300033569336,110.23999786376953,110.2300033569336,110.23999786376953,89.17804718017578,147400,0.0,0.0,0.0
2013-04-15,110.23999786376953,110.23999786376953,110.2300033569336,110.23999786376953,89.17804718017578,790400,0.0,0.0,0.0
2013-04-16,110.23999786376953,110.23999786376953,110.2300033569336,110.23999786376953,89.17804718017578,251400,0.0,0.0,0.0
2013-04-17,110.23999786376953,110.23999786376953,110.2300033569336,110.23999786376953,89.17804718017578,117300,0.0,0.0,0.0
2013-04-18,110.2300033569336,110.23999786376953,110.2300033569336,110.2300033569336,89.16996765136719,324500,0.0,0.0,0.0
2013-04-19,110.23999786376953,110.23999786376953,110.2300033569336,110.23999786376953,89.17804718017578,142100,0.0,0.0,0.0
2013-04-22,110.2300033569336,110.23999786376953,110.2300033569336,110.23999786376953,89.17804718017578,125500,0.0,0.0,0.0
2013-04-23,110.2300033569336,110.23999786376953,110.2300033569336,110.2300033569336,89.16996765136719,106200,0.0,0.0,0.0
2013-04-24,110.23999786376953,110.23999786376953,110.2300033569336,110.2300033569336,89.16996765136719,217800,0.0,0.0,0.0
2013-04-25,110.2300033569336,110.23999786376953,110.2300033569336,110.23999786376953,89.17804718017578,276900,0.0,0.0,0.0
2013-04-26,110.2300033569336,110.23999786376953,110.2300033569336,110.23999786376953,89.17804718017578,240700,0.0,0.0,0.0
2013-04-29,110.2300033569336,110.23999786376953,110.2300033569336,110.23999786376953,89.17804718017578,515800,0.0,0.0,0.0
2013-04-30,110.2300033569336,110.25,110.2300033569336,110.25,89.18610382080078,212700,0.0,0.0,0.0
2013-05-01,110.2300033569336,110.23999786376953,110.2300033569336,110.2300033569336,89.16996765136719,237000,0.0,0.0,0.0
2013-05-02,110.2300033569336,110.23999786376953,110.2300033569336,110.2300033569336,89.16996765136719,63200,0.0,0.0,0.0
2013-05-03,110.2300033569336,110.25,110.2300033569336,110.23999786376953,89.17804718017578,1196300,0.0,0.0,0.0
2013-05-06,110.2300033569336,110.23999786376953,110.2300033569336,110.23999786376953,89.17804718017578,409800,0.0,0.0,0.0
2013-05-07,110.2300033569336,110.25,110.2300033569336,110.23999786376953,89.17804718017578,1075400,0.0,0.0,0.0
2013-05-08,110.23999786376953,110.25,110.23999786376953,110.23999786376953,89.17804718017578,108200,0.0,0.0,0.0
2013-05-09,110.23999786376953,110.25,110.23999786376953,110.25,89.18610382080078,186300,0.0,0.0,0.0
2013-05-10,110.25,110.25,110.23999786376953,110.25,89.18610382080078,142100,0.0,0.0,0.0
2013-05-13,110.23999786376953,110.25,110.23999786376953,110.25,89.18610382080078,266500,0.0,0.0,0.0
2013-05-14,110.25,110.25,110.23999786376953,110.25,89.18610382080078,68100,0.0,0.0,0.0
2013-05-15,110.23999786376953,110.25,110.23999786376953,110.25,89.18610382080078,414200,0.0,0.0,0.0
2013-05-16,110.25,110.25,110.2300033569336,110.23999786376953,89.17804718017578,157500,0.0,0.0,0.0
2013-05-17,110.2300033569336,110.25,110.2300033569336,110.23999786376953,89.17804718017578,202000,0.0,0.0,0.0
2013-05-20,110.2300033569336,110.23999786376953,110.2300033569336,110.23999786376953,89.17804718017578,654400,0.0,0.0,0.0
2013-05-21,110.2300033569336,110.23999786376953,110.2300033569336,110.23999786376953,89.17804718017578,136500,0.0,0.0,0.0
2013-05-22,110.23999786376953,110.23999786376953,110.2300033569336,110.23999786376953,89.17804718017578,965000,0.0,0.0,0.0
2013-05-23,110.2300033569336,110.23999786376953,110.2300033569336,110.2300033569336,89.16996765136719,472100,0.0,0.0,0.0
2013-05-24,110.23999786376953,110.23999786376953,110.2300033569336,110.23999786376953,89.17804718017578,686400,0.0,0.0,0.0
2013-05-28,110.2300033569336,110.23999786376953,110.2300033569336,110.2300033569336,89.16996765136719,708500,0.0,0.0,0.0
2013-05-29,110.23999786376953,110.23999786376953,110.2300033569336,110.2300033569336,89.16996765136719,364600,0.0,0.0,0.0
2013-05-30,110.2300033569336,110.23999786376953,110.2300033569336,110.2300033569336,89.16996765136719,643200,0.0,0.0,0.0
2013-05-31,110.2300033569336,110.23999786376953,110.2300033569336,110.23999786376953,89.17804718017578,591200,0.0,0.0,0.0
2013-06-03,110.23999786376953,110.25,110.2300033569336,110.25,89.18610382080078,3538500,0.0,0.0,0.0
2013-06-04,110.23999786376953,110.25,110.2300033569336,110.25,89.18610382080078,2096800,0.0,0.0,0.0
2013-06-05,110.25,110.25,110.23999786376953,110.25,89.18610382080078,449100,0.0,0.0,0.0
2013-06-06,110.25,110.25,110.23999786376953,110.25,89.18610382080078,543200,0.0,0.0,0.0
2013-06-07,110.2300033569336,110.25,110.2300033569336,110.23999786376953,89.17804718017578,166900,0.0,0.0,0.0
2013-06-10,110.23999786376953,110.25,110.2300033569336,110.25,89.18610382080078,1641600,0.0,0.0,0.0
2013-06-11,110.25,110.25,110.2300033569336,110.23999786376953,89.17804718017578,301300,0.0,0.0,0.0
2013-06-12,110.25,110.25,110.2300033569336,110.2300033569336,89.16996765136719,408200,0.0,0.0,0.0
2013-06-13,110.25,110.25,110.2300033569336,110.23999786376953,89.17804718017578,230700,0.0,0.0,0.0
2013-06-14,110.25,110.25,110.23999786376953,110.25,89.18610382080078,412900,0.0,0.0,0.0
2013-06-17,110.25,110.25,110.2300033569336,110.25,89.18610382080078,858400,0.0,0.0,0.0
2013-06-18,110.25,110.25,110.2300033569336,110.23999786376953,89.17804718017578,327700,0.0,0.0,0.0
2013-06-19,110.23999786376953,110.23999786376953,110.2300033569336,110.23999786376953,89.17804718017578,312200,0.0,0.0,0.0
2013-06-20,110.2300033569336,110.23999786376953,110.2300033569336,110.2300033569336,89.16996765136719,1678800,0.0,0.0,0.0
2013-06-21,110.2300033569336,110.23999786376953,110.2300033569336,110.2300033569336,89.16996765136719,545100,0.0,0.0,0.0
2013-06-24,110.2300033569336,110.23999786376953,110.22000122070312,110.23999786376953,89.17804718017578,961100,0.0,0.0,0.0
2013-06-25,110.23999786376953,110.23999786376953,110.2300033569336,110.23999786376953,89.17804718017578,756100,0.0,0.0,0.0
2013-06-26,110.2300033569336,110.23999786376953,110.2300033569336,110.2300033569336,89.16996765136719,501100,0.0,0.0,0.0
2013-06-27,110.23999786376953,110.23999786376953,110.2300033569336,110.2300033569336,89.16996765136719,341700,0.0,0.0,0.0
2013-06-28,110.23999786376953,110.23999786376953,110.22000122070312,110.22000122070312,89.1618881225586,864200,0.0,0.0,0.0
2013-07-01,110.23999786376953,110.23999786376953,110.2300033569336,110.23999786376953,89.17804718017578,2780700,0.0,0.0,0.0
2013-07-02,110.2300033569336,110.25,110.2300033569336,110.23999786376953,89.17804718017578,451100,0.0,0.0,0.0
2013-07-03,110.25,110.25,110.23999786376953,110.23999786376953,89.17804718017578,294800,0.0,0.0,0.0
2013-07-05,110.25,110.25,110.2300033569336,110.25,89.18610382080078,257600,0.0,0.0,0.0
2013-07-08,110.23999786376953,110.25,110.23999786376953,110.25,89.18610382080078,785300,0.0,0.0,0.0
2013-07-09,110.25,110.25,110.23999786376953,110.25,89.18610382080078,474200,0.0,0.0,0.0
2013-07-10,110.25,110.25,110.23999786376953,110.25,89.18610382080078,216100,0.0,0.0,0.0
2013-07-11,110.25,110.26000213623047,110.2300033569336,110.2300033569336,89.16996765136719,845700,0.0,0.0,0.0
2013-07-12,110.25,110.25,110.2300033569336,110.23999786376953,89.17804718017578,148900,0.0,0.0,0.0
2013-07-15,110.2300033569336,110.25,110.2300033569336,110.2300033569336,89.16996765136719,744500,0.0,0.0,0.0
2013-07-16,110.23999786376953,110.23999786376953,110.2300033569336,110.23999786376953,89.17804718017578,183100,0.0,0.0,0.0
2013-07-17,110.2300033569336,110.25,110.2300033569336,110.25,89.18610382080078,173000,0.0,0.0,0.0
2013-07-18,110.25,110.25,110.2300033569336,110.23999786376953,89.17804718017578,265200,0.0,0.0,0.0
2013-07-19,110.23999786376953,110.25,110.23999786376953,110.23999786376953,89.17804718017578,240700,0.0,0.0,0.0
2013-07-22,110.23999786376953,110.25,110.2300033569336,110.2300033569336,89.16996765136719,2041400,0.0,0.0,0.0
2013-07-23,110.2300033569336,110.23999786376953,110.2300033569336,110.2300033569336,89.16996765136719,199100,0.0,0.0,0.0
2013-07-24,110.2300033569336,110.26000213623047,110.2300033569336,110.23999786376953,89.17804718017578,1327300,0.0,0.0,0.0
2013-07-25,110.23999786376953,110.26000213623047,110.23999786376953,110.23999786376953,89.17804718017578,171700,0.0,0.0,0.0
2013-07-26,110.26000213623047,110.26000213623047,110.23999786376953,110.23999786376953,89.17804718017578,238800,0.0,0.0,0.0
2013-07-29,110.23999786376953,110.25,110.2300033569336,110.23999786376953,89.17804718017578,3974400,0.0,0.0,0.0
2013-07-30,110.23999786376953,110.23999786376953,110.2300033569336,110.2300033569336,89.16996765136719,183200,0.0,0.0,0.0
2013-07-31,110.23999786376953,110.25,110.2300033569336,110.25,89.18610382080078,444900,0.0,0.0,0.0
2013-08-01,110.2300033569336,110.23999786376953,110.2300033569336,110.23999786376953,89.17804718017578,223600,0.0,0.0,0.0
2013-08-02,110.2300033569336,110.23999786376953,110.2300033569336,110.23999786376953,89.17804718017578,493900,0.0,0.0,0.0
2013-08-05,110.23999786376953,110.25,110.2300033569336,110.25,89.18610382080078,1504000,0.0,0.0,0.0
2013-08-06,110.25,110.25,110.23999786376953,110.25,89.18610382080078,371500,0.0,0.0,0.0
2013-08-07,110.25,110.25,110.23999786376953,110.25,89.18610382080078,262800,0.0,0.0,0.0
2013-08-08,110.25,110.25,110.23999786376953,110.25,89.18610382080078,298600,0.0,0.0,0.0
2013-08-09,110.25,110.25,110.23999786376953,110.23999786376953,89.17804718017578,128500,0.0,0.0,0.0
2013-08-12,110.25,110.25,110.23999786376953,110.25,89.18610382080078,404100,0.0,0.0,0.0
2013-08-13,110.23999786376953,110.25,110.23999786376953,110.25,89.18610382080078,117900,0.0,0.0,0.0
2013-08-14,110.23999786376953,110.25,110.23999786376953,110.23999786376953,89.17804718017578,129700,0.0,0.0,0.0
2013-08-15,110.25,110.25,110.2300033569336,110.25,89.18610382080078,519200,0.0,0.0,0.0
2013-08-16,110.25,110.25,110.2300033569336,110.25,89.18610382080078,665200,0.0,0.0,0.0
2013-08-19,110.25,110.25,110.2300033569336,110.2300033569336,89.16996765136719,876900,0.0,0.0,0.0
2013-08-20,110.23999786376953,110.25,110.2300033569336,110.25,89.18610382080078,222200,0.0,0.0,0.0
2013-08-21,110.23999786376953,110.25,110.22000122070312,110.2300033569336,89.16996765136719,2518600,0.0,0.0,0.0
2013-08-22,110.2300033569336,110.25,110.2300033569336,110.2300033569336,89.16996765136719,1957700,0.0,0.0,0.0
2013-08-23,110.23999786376953,110.23999786376953,110.2300033569336,110.2300033569336,89.16996765136719,6513700,0.0,0.0,0.0
2013-08-26,110.23999786376953,110.25,110.2300033569336,110.23999786376953,89.17804718017578,593700,0.0,0.0,0.0
2013-08-27,110.23999786376953,110.25,110.2300033569336,110.25,89.18610382080078,1831300,0.0,0.0,0.0
2013-08-28,110.25,110.25,110.2300033569336,110.25,89.18610382080078,197500,0.0,0.0,0.0
2013-08-29,110.23999786376953,110.25,110.23999786376953,110.25,89.18610382080078,136600,0.0,0.0,0.0
2013-08-30,110.25,110.25,110.23999786376953,110.25,89.18610382080078,640100,0.0,0.0,0.0
2013-09-03,110.25,110.26000213623047,110.23999786376953,110.26000213623047,89.19422149658203,4237500,0.0,0.0,0.0
2013-09-04,110.25,110.26000213623047,110.25,110.26000213623047,89.19422149658203,204000,0.0,0.0,0.0
2013-09-05,110.26000213623047,110.26000213623047,110.25,110.25,89.18610382080078,228100,0.0,0.0,0.0
2013-09-06,110.25,110.26000213623047,110.25,110.26000213623047,89.19422149658203,548700,0.0,0.0,0.0
2013-09-09,110.25,110.26000213623047,110.25,110.25,89.18610382080078,1963800,0.0,0.0,0.0
2013-09-10,110.25,110.26000213623047,110.25,110.26000213623047,89.19422149658203,448100,0.0,0.0,0.0
2013-09-11,110.25,110.26000213623047,110.25,110.25,89.18610382080078,828600,0.0,0.0,0.0
2013-09-12,110.25,110.26000213623047,110.25,110.26000213623047,89.19422149658203,185200,0.0,0.0,0.0
2013-09-13,110.26000213623047,110.26000213623047,110.25,110.26000213623047,89.19422149658203,138700,0.0,0.0,0.0
2013-09-16,110.26000213623047,110.26000213623047,110.23999786376953,110.25,89.18610382080078,922100,0.0,0.0,0.0
2013-09-17,110.23999786376953,110.25,110.23999786376953,110.25,89.18610382080078,315200,0.0,0.0,0.0
2013-09-18,110.25,110.30000305175781,110.23999786376953,110.26000213623047,89.19422149658203,1879000,0.0,0.0,0.0
2013-09-19,110.25,110.2699966430664,110.25,110.26000213623047,89.19422149658203,790300,0.0,0.0,0.0
2013-09-20,110.2699966430664,110.2699966430664,110.25,110.26000213623047,89.19422149658203,269500,0.0,0.0,0.0
2013-09-23,110.25,110.2699966430664,110.25,110.26000213623047,89.19422149658203,368400,0.0,0.0,0.0
2013-09-24,110.26000213623047,110.2699966430664,110.25,110.26000213623047,89.19422149658203,214800,0.0,0.0,0.0
2013-09-25,110.26000213623047,110.2699966430664,110.25,110.2699966430664,89.20227813720703,391400,0.0,0.0,0.0
2013-09-26,110.26000213623047,110.2699966430664,110.25,110.2699966430664,89.20227813720703,388700,0.0,0.0,0.0
2013-09-27,110.2699966430664,110.2699966430664,110.25,110.2699966430664,89.20227813720703,382000,0.0,0.0,0.0
2013-09-30,110.26000213623047,110.26000213623047,110.25,110.26000213623047,89.19422149658203,5044700,0.0,0.0,0.0
2013-10-01,110.25,110.26000213623047,110.25,110.25,89.18610382080078,1536400,0.0,0.0,0.0
2013-10-02,110.25,110.26000213623047,110.23999786376953,110.23999786376953,89.17804718017578,656100,0.0,0.0,0.0
2013-10-03,110.23999786376953,110.25,110.23999786376953,110.23999786376953,89.17804718017578,1236800,0.0,0.0,0.0
2013-10-04,110.23999786376953,110.25,110.2300033569336,110.25,89.18610382080078,322100,0.0,0.0,0.0
2013-10-07,110.23999786376953,110.23999786376953,110.2300033569336,110.23999786376953,89.17804718017578,164900,0.0,0.0,0.0
2013-10-08,110.2300033569336,110.23999786376953,110.2300033569336,110.23999786376953,89.17804718017578,205600,0.0,0.0,0.0
2013-10-09,110.23999786376953,110.23999786376953,110.22000122070312,110.22000122070312,89.1618881225586,282500,0.0,0.0,0.0
2013-10-10,110.22000122070312,110.2300033569336,110.20999908447266,110.22000122070312,89.1618881225586,428300,0.0,0.0,0.0
2013-10-11,110.22000122070312,110.2300033569336,110.22000122070312,110.2300033569336,89.16996765136719,469700,0.0,0.0,0.0
2013-10-14,110.20999908447266,110.22000122070312,110.20999908447266,110.22000122070312,89.1618881225586,226400,0.0,0.0,0.0
2013-10-15,110.20999908447266,110.2300033569336,110.19000244140625,110.19999694824219,89.14570617675781,1327200,0.0,0.0,0.0
2013-10-16,110.19999694824219,110.22000122070312,110.19000244140625,110.20999908447266,89.15377807617188,954200,0.0,0.0,0.0
2013-10-17,110.22000122070312,110.23999786376953,110.22000122070312,110.23999786376953,89.17804718017578,333600,0.0,0.0,0.0
2013-10-18,110.23999786376953,110.25,110.2300033569336,110.25,89.18610382080078,243400,0.0,0.0,0.0
2013-10-21,110.23999786376953,110.25,110.23999786376953,110.25,89.18610382080078,188100,0.0,0.0,0.0
2013-10-22,110.23999786376953,110.25,110.23999786376953,110.23999786376953,89.17804718017578,157000,0.0,0.0,0.0
2013-10-23,110.23999786376953,110.25,110.23999786376953,110.25,89.18610382080078,245300,0.0,0.0,0.0
2013-10-24,110.23999786376953,110.25,110.23999786376953,110.25,89.18610382080078,102000,0.0,0.0,0.0
2013-10-25,110.25,110.25,110.23999786376953,110.25,89.18610382080078,413700,0.0,0.0,0.0
2013-10-28,110.23999786376953,110.25,110.22000122070312,110.2300033569336,89.16996765136719,2740500,0.0,0.0,0.0
2013-10-29,110.2300033569336,110.23999786376953,110.2300033569336,110.2300033569336,89.16996765136719,265900,0.0,0.0,0.0
2013-10-30,110.23999786376953,110.23999786376953,110.2300033569336,110.23999786376953,89.17804718017578,317000,0.0,0.0,0.0
2013-10-31,110.2300033569336,110.23999786376953,110.2300033569336,110.23999786376953,89.17804718017578,231800,0.0,0.0,0.0
2013-11-01,110.2300033569336,110.23999786376953,110.2300033569336,110.2300033569336,89.16996765136719,215600,0.0,0.0,0.0
2013-11-04,110.23999786376953,110.23999786376953,110.2300033569336,110.2300033569336,89.16996765136719,135200,0.0,0.0,0.0
2013-11-05,110.2300033569336,110.23999786376953,110.2300033569336,110.2300033569336,89.16996765136719,130700,0.0,0.0,0.0
2013-11-06,110.2300033569336,110.23999786376953,110.2300033569336,110.2300033569336,89.16996765136719,96900,0.0,0.0,0.0
2013-11-07,110.2300033569336,110.23999786376953,110.2300033569336,110.2300033569336,89.16996765136719,220300,0.0,0.0,0.0
2013-11-08,110.2300033569336,110.23999786376953,110.2300033569336,110.2300033569336,89.16996765136719,211700,0.0,0.0,0.0
2013-11-11,110.23999786376953,110.25,110.2300033569336,110.23999786376953,89.17804718017578,735900,0.0,0.0,0.0
2013-11-12,110.25,110.25,110.2300033569336,110.25,89.18610382080078,181900,0.0,0.0,0.0
2013-11-13,110.25,110.25,110.2300033569336,110.25,89.18610382080078,283200,0.0,0.0,0.0
2013-11-14,110.25,110.25,110.2300033569336,110.25,89.18610382080078,166700,0.0,0.0,0.0
2013-11-15,110.23999786376953,110.25,110.23999786376953,110.23999786376953,89.17804718017578,340500,0.0,0.0,0.0
2013-11-18,110.25,110.25,110.23999786376953,110.23999786376953,89.17804718017578,1346000,0.0,0.0,0.0
2013-11-19,110.25,110.25,110.23999786376953,110.23999786376953,89.17804718017578,215500,0.0,0.0,0.0
2013-11-20,110.25,110.25,110.23999786376953,110.25,89.18610382080078,236400,0.0,0.0,0.0
2013-11-21,110.23999786376953,110.25,110.23999786376953,110.25,89.18610382080078,88500,0.0,0.0,0.0
2013-11-22,110.25,110.25,110.23999786376953,110.25,89.18610382080078,430600,0.0,0.0,0.0
2013-11-25,110.23999786376953,110.25,110.23999786376953,110.25,89.18610382080078,77000,0.0,0.0,0.0
2013-11-26,110.23999786376953,110.25,110.23999786376953,110.25,89.18610382080078,88100,0.0,0.0,0.0
2013-11-27,110.25,110.25,110.23999786376953,110.25,89.18610382080078,132700,0.0,0.0,0.0
2013-11-29,110.25,110.25,110.2300033569336,110.23999786376953,89.17804718017578,463100,0.0,0.0,0.0
2013-12-02,110.2300033569336,110.25,110.2300033569336,110.2300033569336,89.16996765136719,4351200,0.0,0.0,0.0
2013-12-03,110.23999786376953,110.23999786376953,110.2300033569336,110.2300033569336,89.16996765136719,1104200,0.0,0.0,0.0
2013-12-04,110.23999786376953,110.23999786376953,110.2300033569336,110.23999786376953,89.17804718017578,2239000,0.0,0.0,0.0
2013-12-05,110.23999786376953,110.25,110.23999786376953,110.25,89.18610382080078,224900,0.0,0.0,0.0
2013-12-06,110.25,110.25,110.23999786376953,110.25,89.18610382080078,165200,0.0,0.0,0.0
2013-12-09,110.25,110.25,110.23999786376953,110.23999786376953,89.17804718017578,1292500,0.0,0.0,0.0
2013-12-10,110.25,110.25,110.23999786376953,110.25,89.18610382080078,273900,0.0,0.0,0.0
2013-12-11,110.23999786376953,110.25,110.23999786376953,110.25,89.18610382080078,423600,0.0,0.0,0.0
2013-12-12,110.23999786376953,110.25,110.23999786376953,110.25,89.18610382080078,599300,0.0,0.0,0.0
2013-12-13,110.23999786376953,110.25,110.23999786376953,110.25,89.18610382080078,382000,0.0,0.0,0.0
2013-12-16,110.25,110.25,110.23999786376953,110.25,89.18610382080078,1017200,0.0,0.0,0.0
2013-12-17,110.25,110.25,110.23999786376953,110.23999786376953,89.17804718017578,336500,0.0,0.0,0.0
2013-12-18,110.25,110.26000213623047,110.23999786376953,110.26000213623047,89.19422149658203,480200,0.0,0.0,0.0
2013-12-19,110.26000213623047,110.26000213623047,110.23999786376953,110.23999786376953,89.17804718017578,723300,0.0,0.0,0.0
2013-12-20,110.25,110.25,110.23999786376953,110.23999786376953,89.17804718017578,652200,0.0,0.0,0.0
2013-12-23,110.25,110.25,110.23999786376953,110.23999786376953,89.17804718017578,1269200,0.0,0.0,0.0
2013-12-24,110.23999786376953,110.25,110.23999786376953,110.23999786376953,89.17804718017578,196300,0.0,0.0,0.0
2013-12-26,110.25,110.25,110.2300033569336,110.23999786376953,89.17965698242188,2430800,0.002,0.0,0.0
2013-12-27,110.23999786376953,110.23999786376953,110.2300033569336,110.23999786376953,89.17965698242188,3473000,0.0,0.0,0.0
2013-12-30,110.2300033569336,110.23999786376953,110.2300033569336,110.23999786376953,89.17965698242188,2883000,0.0,0.0,0.0
2013-12-31,110.23999786376953,110.25,110.2300033569336,110.25,89.187744140625,2030200,0.0,0.0,0.0
2014-01-02,110.2300033569336,110.23999786376953,110.2300033569336,110.2300033569336,89.1716079711914,388400,0.0,0.0,0.0
2014-01-03,110.23999786376953,110.25,110.2300033569336,110.25,89.187744140625,254400,0.0,0.0,0.0
2014-01-06,110.25,110.25,110.2300033569336,110.23999786376953,89.17965698242188,183300,0.0,0.0,0.0
2014-01-07,110.23999786376953,110.25,110.23999786376953,110.23999786376953,89.17965698242188,306300,0.0,0.0,0.0
2014-01-08,110.23999786376953,110.25,110.23999786376953,110.25,89.187744140625,209100,0.0,0.0,0.0
2014-01-09,110.23999786376953,110.25,110.23999786376953,110.25,89.187744140625,230900,0.0,0.0,0.0
2014-01-10,110.23999786376953,110.25,110.23999786376953,110.25,89.187744140625,188400,0.0,0.0,0.0
2014-01-13,110.23999786376953,110.25,110.23999786376953,110.23999786376953,89.17965698242188,619500,0.0,0.0,0.0
2014-01-14,110.23999786376953,110.25,110.23999786376953,110.25,89.187744140625,183300,0.0,0.0,0.0
2014-01-15,110.25,110.25,110.23999786376953,110.25,89.187744140625,358500,0.0,0.0,0.0
2014-01-16,110.25,110.25,110.23999786376953,110.23999786376953,89.17965698242188,355600,0.0,0.0,0.0
2014-01-17,110.25,110.25,110.23999786376953,110.25,89.187744140625,403400,0.0,0.0,0.0
2014-01-21,110.25,110.25,110.23999786376953,110.23999786376953,89.17965698242188,1960700,0.0,0.0,0.0
2014-01-22,110.25,110.25,110.23999786376953,110.23999786376953,89.17965698242188,569600,0.0,0.0,0.0
2014-01-23,110.25,110.25,110.23999786376953,110.23999786376953,89.17965698242188,449500,0.0,0.0,0.0
2014-01-24,110.23999786376953,110.25,110.23999786376953,110.23999786376953,89.17965698242188,515100,0.0,0.0,0.0
2014-01-27,110.23999786376953,110.25,110.23999786376953,110.23999786376953,89.17965698242188,614000,0.0,0.0,0.0
2014-01-28,110.23999786376953,110.25,110.23999786376953,110.25,89.187744140625,369400,0.0,0.0,0.0
2014-01-29,110.23999786376953,110.25,110.23999786376953,110.25,89.187744140625,372000,0.0,0.0,0.0
2014-01-30,110.23999786376953,110.25,110.23999786376953,110.25,89.187744140625,567500,0.0,0.0,0.0
2014-01-31,110.23999786376953,110.25,110.23999786376953,110.23999786376953,89.17965698242188,654700,0.0,0.0,0.0
2014-02-03,110.25,110.2699966430664,110.23999786376953,110.2699966430664,89.20390319824219,6180800,0.0,0.0,0.0
2014-02-04,110.25,110.26000213623047,110.25,110.25,89.187744140625,664800,0.0,0.0,0.0
2014-02-05,110.26000213623047,110.26000213623047,110.23999786376953,110.23999786376953,89.17965698242188,424500,0.0,0.0,0.0
2014-02-06,110.23999786376953,110.26000213623047,110.23999786376953,110.26000213623047,89.19583892822266,141200,0.0,0.0,0.0
2014-02-07,110.26000213623047,110.26000213623047,110.23999786376953,110.25,89.187744140625,388800,0.0,0.0,0.0
2014-02-10,110.23999786376953,110.25,110.23999786376953,110.25,89.187744140625,1303300,0.0,0.0,0.0
2014-02-11,110.23999786376953,110.25,110.23999786376953,110.25,89.187744140625,293000,0.0,0.0,0.0
2014-02-12,110.25,110.25,110.23999786376953,110.23999786376953,89.17965698242188,339000,0.0,0.0,0.0
2014-02-13,110.25,110.25,110.23999786376953,110.25,89.187744140625,619600,0.0,0.0,0.0
2014-02-14,110.25,110.25,110.23999786376953,110.23999786376953,89.17965698242188,155800,0.0,0.0,0.0
2014-02-18,110.25,110.25,110.23999786376953,110.23999786376953,89.17965698242188,1857900,0.0,0.0,0.0
2014-02-19,110.25,110.25,110.23999786376953,110.23999786376953,89.17965698242188,179600,0.0,0.0,0.0
2014-02-20,110.25,110.25,110.23999786376953,110.23999786376953,89.17965698242188,383300,0.0,0.0,0.0
2014-02-21,110.23999786376953,110.25,110.23999786376953,110.23999786376953,89.17965698242188,153200,0.0,0.0,0.0
2014-02-24,110.23999786376953,110.25,110.23999786376953,110.23999786376953,89.17965698242188,2009200,0.0,0.0,0.0
2014-02-25,110.25,110.26000213623047,110.25,110.25,89.187744140625,381000,0.0,0.0,0.0
2014-02-26,110.23999786376953,110.26000213623047,110.23999786376953,110.25,89.187744140625,194200,0.0,0.0,0.0
2014-02-27,110.25,110.26000213623047,110.25,110.25,89.187744140625,243400,0.0,0.0,0.0
2014-02-28,110.26000213623047,110.26000213623047,110.25,110.26000213623047,89.19583892822266,298300,0.0,0.0,0.0
2014-03-03,110.26000213623047,110.26000213623047,110.23999786376953,110.23999786376953,89.17965698242188,4464000,0.0,0.0,0.0
2014-03-04,110.23999786376953,110.25,110.23999786376953,110.23999786376953,89.17965698242188,239500,0.0,0.0,0.0
2014-03-05,110.25,110.25,110.23999786376953,110.25,89.187744140625,459200,0.0,0.0,0.0
2014-03-06,110.23999786376953,110.26000213623047,110.23999786376953,110.25,89.187744140625,226700,0.0,0.0,0.0
2014-03-07,110.25,110.25,110.23999786376953,110.23999786376953,89.17965698242188,242700,0.0,0.0,0.0
2014-03-10,110.23999786376953,110.25,110.23999786376953,110.25,89.187744140625,1553700,0.0,0.0,0.0
2014-03-11,110.23999786376953,110.25,110.23999786376953,110.23999786376953,89.17965698242188,458000,0.0,0.0,0.0
2014-03-12,110.25,110.25,110.23999786376953,110.23999786376953,89.17965698242188,396400,0.0,0.0,0.0
2014-03-13,110.25,110.25,110.23999786376953,110.23999786376953,89.17965698242188,165400,0.0,0.0,0.0
2014-03-14,110.25,110.25,110.23999786376953,110.25,89.187744140625,77600,0.0,0.0,0.0
2014-03-17,110.25,110.26000213623047,110.23999786376953,110.26000213623047,89.19583892822266,852500,0.0,0.0,0.0
2014-03-18,110.26000213623047,110.26000213623047,110.25,110.25,89.187744140625,144100,0.0,0.0,0.0
2014-03-19,110.25,110.26000213623047,110.25,110.26000213623047,89.19583892822266,109000,0.0,0.0,0.0
2014-03-20,110.26000213623047,110.26000213623047,110.25,110.26000213623047,89.19583892822266,93700,0.0,0.0,0.0
2014-03-21,110.25,110.26000213623047,110.25,110.26000213623047,89.19583892822266,59700,0.0,0.0,0.0
2014-03-24,110.26000213623047,110.26000213623047,110.25,110.26000213623047,89.19583892822266,2086900,0.0,0.0,0.0
2014-03-25,110.26000213623047,110.26000213623047,110.25,110.26000213623047,89.19583892822266,475300,0.0,0.0,0.0
2014-03-26,110.26000213623047,110.2699966430664,110.25,110.25,89.187744140625,351400,0.0,0.0,0.0
2014-03-27,110.26000213623047,110.2699966430664,110.25,110.2699966430664,89.20390319824219,231200,0.0,0.0,0.0
2014-03-28,110.2699966430664,110.2699966430664,110.25,110.2699966430664,89.20390319824219,173600,0.0,0.0,0.0
2014-03-31,110.2699966430664,110.2699966430664,110.26000213623047,110.2699966430664,89.20390319824219,4354600,0.0,0.0,0.0
2014-04-01,110.2699966430664,110.2699966430664,110.26000213623047,110.26000213623047,89.19583892822266,526300,0.0,0.0,0.0
2014-04-02,110.26000213623047,110.2699966430664,110.26000213623047,110.2699966430664,89.20390319824219,1161300,0.0,0.0,0.0
2014-04-03,110.2699966430664,110.27999877929688,110.26000213623047,110.27999877929688,89.21199798583984,992500,0.0,0.0,0.0
2014-04-04,110.27999877929688,110.27999877929688,110.26000213623047,110.27999877929688,89.21199798583984,414000,0.0,0.0,0.0
2014-04-07,110.27999877929688,110.27999877929688,110.26000213623047,110.26000213623047,89.19583892822266,2218800,0.0,0.0,0.0
2014-04-08,110.26000213623047,110.27999877929688,110.26000213623047,110.27999877929688,89.21199798583984,606600,0.0,0.0,0.0
2014-04-09,110.27999877929688,110.27999877929688,110.2699966430664,110.2699966430664,89.20390319824219,422000,0.0,0.0,0.0
2014-04-10,110.27999877929688,110.27999877929688,110.2699966430664,110.2699966430664,89.20390319824219,99400,0.0,0.0,0.0
2014-04-11,110.2699966430664,110.27999877929688,110.2699966430664,110.2699966430664,89.20390319824219,179600,0.0,0.0,0.0
2014-04-14,110.27999877929688,110.27999877929688,110.26000213623047,110.26000213623047,89.19583892822266,1806500,0.0,0.0,0.0
2014-04-15,110.27999877929688,110.27999877929688,110.26000213623047,110.2699966430664,89.20390319824219,272800,0.0,0.0,0.0
2014-04-16,110.26000213623047,110.27999877929688,110.26000213623047,110.2699966430664,89.20390319824219,210300,0.0,0.0,0.0
2014-04-17,110.27999877929688,110.27999877929688,110.26000213623047,110.26000213623047,89.19583892822266,253900,0.0,0.0,0.0
2014-04-21,110.27999877929688,110.27999877929688,110.25,110.26000213623047,89.19583892822266,88600,0.0,0.0,0.0
2014-04-22,110.26000213623047,110.2699966430664,110.26000213623047,110.26000213623047,89.19583892822266,103800,0.0,0.0,0.0
2014-04-23,110.2699966430664,110.2699966430664,110.26000213623047,110.26000213623047,89.19583892822266,157100,0.0,0.0,0.0
2014-04-24,110.2699966430664,110.2699966430664,110.26000213623047,110.26000213623047,89.19583892822266,170000,0.0,0.0,0.0
2014-04-25,110.26000213623047,110.2699966430664,110.26000213623047,110.26000213623047,89.19583892822266,75500,0.0,0.0,0.0
2014-04-28,110.27999877929688,110.27999877929688,110.26000213623047,110.26000213623047,89.19583892822266,2297000,0.0,0.0,0.0
2014-04-29,110.2699966430664,110.2699966430664,110.26000213623047,110.2699966430664,89.20390319824219,69200,0.0,0.0,0.0
2014-04-30,110.2699966430664,110.2699966430664,110.26000213623047,110.2699966430664,89.20390319824219,110200,0.0,0.0,0.0
2014-05-01,110.26000213623047,110.2699966430664,110.26000213623047,110.2699966430664,89.20390319824219,315800,0.0,0.0,0.0
2014-05-02,110.2699966430664,110.2699966430664,110.26000213623047,110.2699966430664,89.20390319824219,183500,0.0,0.0,0.0
2014-05-05,110.2699966430664,110.2699966430664,110.26000213623047,110.2699966430664,89.20390319824219,140600,0.0,0.0,0.0
2014-05-06,110.2699966430664,110.2699966430664,110.26000213623047,110.26000213623047,89.19583892822266,210600,0.0,0.0,0.0
2014-05-07,110.26000213623047,110.2699966430664,110.26000213623047,110.2699966430664,89.20390319824219,716400,0.0,0.0,0.0
2014-05-08,110.26000213623047,110.2699966430664,110.26000213623047,110.26000213623047,89.19583892822266,362100,0.0,0.0,0.0
2014-05-09,110.26000213623047,110.2699966430664,110.26000213623047,110.2699966430664,89.20390319824219,123500,0.0,0.0,0.0
2014-05-12,110.26000213623047,110.2699966430664,110.26000213623047,110.26000213623047,89.19583892822266,228000,0.0,0.0,0.0
2014-05-13,110.26000213623047,110.2699966430664,110.26000213623047,110.2699966430664,89.20390319824219,93400,0.0,0.0,0.0
2014-05-14,110.2699966430664,110.2699966430664,110.26000213623047,110.2699966430664,89.20390319824219,288800,0.0,0.0,0.0
2014-05-15,110.26000213623047,110.2699966430664,110.26000213623047,110.26000213623047,89.19583892822266,163800,0.0,0.0,0.0
2014-05-16,110.2699966430664,110.2699966430664,110.26000213623047,110.2699966430664,89.20390319824219,121800,0.0,0.0,0.0
2014-05-19,110.26000213623047,110.2699966430664,110.26000213623047,110.2699966430664,89.20390319824219,1117400,0.0,0.0,0.0
2014-05-20,110.26000213623047,110.2699966430664,110.26000213623047,110.26000213623047,89.19583892822266,211200,0.0,0.0,0.0
2014-05-21,110.2699966430664,110.2699966430664,110.26000213623047,110.2699966430664,89.20390319824219,158600,0.0,0.0,0.0
2014-05-22,110.26000213623047,110.2699966430664,110.26000213623047,110.26000213623047,89.19583892822266,59500,0.0,0.0,0.0
2014-05-23,110.2699966430664,110.27999877929688,110.26000213623047,110.27999877929688,89.21199798583984,63600,0.0,0.0,0.0
2014-05-27,110.2699966430664,110.2699966430664,110.26000213623047,110.2699966430664,89.20390319824219,217900,0.0,0.0,0.0
2014-05-28,110.2699966430664,110.2699966430664,110.26000213623047,110.2699966430664,89.20390319824219,70800,0.0,0.0,0.0
2014-05-29,110.2699966430664,110.2699966430664,110.26000213623047,110.26000213623047,89.19583892822266,974200,0.0,0.0,0.0
2014-05-30,110.2699966430664,110.2699966430664,110.26000213623047,110.2699966430664,89.20390319824219,227400,0.0,0.0,0.0
2014-06-02,110.2699966430664,110.2699966430664,110.26000213623047,110.2699966430664,89.20390319824219,557500,0.0,0.0,0.0
2014-06-03,110.2699966430664,110.2699966430664,110.26000213623047,110.26000213623047,89.19583892822266,185100,0.0,0.0,0.0
2014-06-04,110.2699966430664,110.2699966430664,110.26000213623047,110.26000213623047,89.19583892822266,254600,0.0,0.0,0.0
2014-06-05,110.26000213623047,110.2699966430664,110.26000213623047,110.26000213623047,89.19583892822266,135000,0.0,0.0,0.0
2014-06-06,110.2699966430664,110.2699966430664,110.26000213623047,110.2699966430664,89.20390319824219,195100,0.0,0.0,0.0
2014-06-09,110.26000213623047,110.2699966430664,110.26000213623047,110.2699966430664,89.20390319824219,93900,0.0,0.0,0.0
2014-06-10,110.26000213623047,110.2699966430664,110.26000213623047,110.26000213623047,89.19583892822266,281600,0.0,0.0,0.0
2014-06-11,110.26000213623047,110.2699966430664,110.26000213623047,110.26000213623047,89.19583892822266,78100,0.0,0.0,0.0
2014-06-12,110.2699966430664,110.2699966430664,110.26000213623047,110.26000213623047,89.19583892822266,156000,0.0,0.0,0.0
2014-06-13,110.2699966430664,110.2699966430664,110.25,110.2699966430664,89.20390319824219,204600,0.0,0.0,0.0
2014-06-16,110.2699966430664,110.2699966430664,110.26000213623047,110.2699966430664,89.20390319824219,840000,0.0,0.0,0.0
2014-06-17,110.2699966430664,110.2699966430664,110.23999786376953,110.25,89.187744140625,702200,0.0,0.0,0.0
2014-06-18,110.26000213623047,110.26000213623047,110.25,110.25,89.187744140625,193100,0.0,0.0,0.0
2014-06-19,110.25,110.26000213623047,110.25,110.26000213623047,89.19583892822266,75100,0.0,0.0,0.0
2014-06-20,110.25,110.26000213623047,110.25,110.25,89.187744140625,80400,0.0,0.0,0.0
2014-06-23,110.25,110.26000213623047,110.25,110.26000213623047,89.19583892822266,67000,0.0,0.0,0.0
2014-06-24,110.26000213623047,110.26000213623047,110.25,110.26000213623047,89.19583892822266,138600,0.0,0.0,0.0
2014-06-25,110.26000213623047,110.2699966430664,110.25,110.26000213623047,89.19583892822266,417600,0.0,0.0,0.0
2014-06-26,110.25,110.2699966430664,110.25,110.2699966430664,89.20390319824219,156500,0.0,0.0,0.0
2014-06-27,110.26000213623047,110.2699966430664,110.25,110.2699966430664,89.20390319824219,137800,0.0,0.0,0.0
2014-06-30,110.26000213623047,110.2699966430664,110.26000213623047,110.2699966430664,89.20390319824219,1019900,0.0,0.0,0.0
2014-07-01,110.2699966430664,110.2699966430664,110.26000213623047,110.2699966430664,89.20390319824219,108300,0.0,0.0,0.0
2014-07-02,110.26000213623047,110.2699966430664,110.26000213623047,110.26000213623047,89.19583892822266,131200,0.0,0.0,0.0
2014-07-03,110.2699966430664,110.2699966430664,110.26000213623047,110.2699966430664,89.20390319824219,107500,0.0,0.0,0.0
2014-07-07,110.2699966430664,110.2699966430664,110.26000213623047,110.2699966430664,89.20390319824219,61200,0.0,0.0,0.0
2014-07-08,110.26000213623047,110.2699966430664,110.26000213623047,110.2699966430664,89.20390319824219,202200,0.0,0.0,0.0
2014-07-09,110.26000213623047,110.2699966430664,110.26000213623047,110.2699966430664,89.20390319824219,108800,0.0,0.0,0.0
2014-07-10,110.26000213623047,110.2699966430664,110.26000213623047,110.26000213623047,89.19583892822266,83600,0.0,0.0,0.0
2014-07-11,110.26000213623047,110.2699966430664,110.26000213623047,110.26000213623047,89.19583892822266,71900,0.0,0.0,0.0
2014-07-14,110.2699966430664,110.2699966430664,110.26000213623047,110.2699966430664,89.20390319824219,68400,0.0,0.0,0.0
2014-07-15,110.26000213623047,110.2699966430664,110.26000213623047,110.2699966430664,89.20390319824219,57200,0.0,0.0,0.0
2014-07-16,110.26000213623047,110.2699966430664,110.26000213623047,110.2699966430664,89.20390319824219,112600,0.0,0.0,0.0
2014-07-17,110.2699966430664,110.2699966430664,110.26000213623047,110.2699966430664,89.20390319824219,146500,0.0,0.0,0.0
2014-07-18,110.26000213623047,110.2699966430664,110.26000213623047,110.2699966430664,89.20390319824219,141700,0.0,0.0,0.0
2014-07-21,110.2699966430664,110.2699966430664,110.26000213623047,110.2699966430664,89.20390319824219,107500,0.0,0.0,0.0
2014-07-22,110.26000213623047,110.2699966430664,110.26000213623047,110.26000213623047,89.19583892822266,110100,0.0,0.0,0.0
2014-07-23,110.26000213623047,110.2699966430664,110.26000213623047,110.2699966430664,89.20390319824219,44100,0.0,0.0,0.0
2014-07-24,110.2699966430664,110.2699966430664,110.26000213623047,110.2699966430664,89.20390319824219,60200,0.0,0.0,0.0
2014-07-25,110.26000213623047,110.2699966430664,110.26000213623047,110.26000213623047,89.19583892822266,57000,0.0,0.0,0.0
2014-07-28,110.2699966430664,110.2699966430664,110.26000213623047,110.26000213623047,89.19583892822266,88900,0.0,0.0,0.0
2014-07-29,110.26000213623047,110.2699966430664,110.26000213623047,110.2699966430664,89.20390319824219,71300,0.0,0.0,0.0
2014-07-30,110.26000213623047,110.2699966430664,110.26000213623047,110.26000213623047,89.19583892822266,114400,0.0,0.0,0.0
2014-07-31,110.2699966430664,110.2699966430664,110.26000213623047,110.26000213623047,89.19583892822266,346200,0.0,0.0,0.0
2014-08-01,110.2699966430664,110.2699966430664,110.26000213623047,110.2699966430664,89.20390319824219,255500,0.0,0.0,0.0
2014-08-04,110.26000213623047,110.2699966430664,110.26000213623047,110.2699966430664,89.20390319824219,1135800,0.0,0.0,0.0
2014-08-05,110.27999877929688,110.27999877929688,110.26000213623047,110.26000213623047,89.19583892822266,293100,0.0,0.0,0.0
2014-08-06,110.26000213623047,110.2699966430664,110.26000213623047,110.2699966430664,89.20390319824219,93200,0.0,0.0,0.0
2014-08-07,110.26000213623047,110.27999877929688,110.26000213623047,110.2699966430664,89.20390319824219,203500,0.0,0.0,0.0
2014-08-08,110.2699966430664,110.27999877929688,110.2699966430664,110.27999877929688,89.21199798583984,84400,0.0,0.0,0.0
2014-08-11,110.2699966430664,110.2699966430664,110.26000213623047,110.2699966430664,89.20390319824219,1536800,0.0,0.0,0.0
2014-08-12,110.2699966430664,110.2699966430664,110.26000213623047,110.26000213623047,89.19583892822266,105500,0.0,0.0,0.0
2014-08-13,110.2699966430664,110.2699966430664,110.26000213623047,110.26000213623047,89.19583892822266,172200,0.0,0.0,0.0
2014-08-14,110.2699966430664,110.2699966430664,110.26000213623047,110.26000213623047,89.19583892822266,219500,0.0,0.0,0.0
2014-08-15,110.2699966430664,110.2699966430664,110.26000213623047,110.2699966430664,89.20390319824219,188300,0.0,0.0,0.0
2014-08-18,110.2699966430664,110.29000091552734,110.26000213623047,110.2699966430664,89.20390319824219,3332400,0.0,0.0,0.0
2014-08-19,110.27999877929688,110.27999877929688,110.2699966430664,110.2699966430664,89.20390319824219,243000,0.0,0.0,0.0
2014-08-20,110.27999877929688,110.27999877929688,110.2699966430664,110.2699966430664,89.20390319824219,97200,0.0,0.0,0.0
2014-08-21,110.27999877929688,110.27999877929688,110.2699966430664,110.27999877929688,89.21199798583984,124000,0.0,0.0,0.0
2014-08-22,110.2699966430664,110.27999877929688,110.2699966430664,110.27999877929688,89.21199798583984,186100,0.0,0.0,0.0
2014-08-25,110.2699966430664,110.27999877929688,110.26000213623047,110.2699966430664,89.20390319824219,3429000,0.0,0.0,0.0
2014-08-26,110.26000213623047,110.2699966430664,110.26000213623047,110.26000213623047,89.19583892822266,380800,0.0,0.0,0.0
2014-08-27,110.26000213623047,110.2699966430664,110.26000213623047,110.26000213623047,89.19583892822266,149000,0.0,0.0,0.0
2014-08-28,110.2699966430664,110.2699966430664,110.26000213623047,110.26000213623047,89.19583892822266,147700,0.0,0.0,0.0
2014-08-29,110.26000213623047,110.2699966430664,110.26000213623047,110.2699966430664,89.20390319824219,124300,0.0,0.0,0.0
2014-09-02,110.26000213623047,110.2699966430664,110.26000213623047,110.2699966430664,89.20390319824219,1914000,0.0,0.0,0.0
2014-09-03,110.26000213623047,110.27999877929688,110.26000213623047,110.2699966430664,89.20390319824219,171400,0.0,0.0,0.0
2014-09-04,110.26000213623047,110.2699966430664,110.26000213623047,110.26000213623047,89.19583892822266,221400,0.0,0.0,0.0
2014-09-05,110.2699966430664,110.2699966430664,110.26000213623047,110.26000213623047,89.19583892822266,206300,0.0,0.0,0.0
2014-09-08,110.26000213623047,110.2699966430664,110.26000213623047,110.26000213623047,89.19583892822266,97300,0.0,0.0,0.0
2014-09-09,110.26000213623047,110.2699966430664,110.26000213623047,110.26000213623047,89.19583892822266,149300,0.0,0.0,0.0
2014-09-10,110.2699966430664,110.2699966430664,110.26000213623047,110.26000213623047,89.19583892822266,147800,0.0,0.0,0.0
2014-09-11,110.26000213623047,110.2699966430664,110.26000213623047,110.26000213623047,89.19583892822266,158800,0.0,0.0,0.0
2014-09-12,110.26000213623047,110.2699966430664,110.26000213623047,110.26000213623047,89.19583892822266,137900,0.0,0.0,0.0
2014-09-15,110.26000213623047,110.2699966430664,110.26000213623047,110.2699966430664,89.20390319824219,950000,0.0,0.0,0.0
2014-09-16,110.2699966430664,110.2699966430664,110.26000213623047,110.2699966430664,89.20390319824219,148200,0.0,0.0,0.0
2014-09-17,110.2699966430664,110.2699966430664,110.26000213623047,110.2699966430664,89.20390319824219,119800,0.0,0.0,0.0
2014-09-18,110.2699966430664,110.2699966430664,110.26000213623047,110.2699966430664,89.20390319824219,371000,0.0,0.0,0.0
2014-09-19,110.2699966430664,110.27999877929688,110.26000213623047,110.27999877929688,89.21199798583984,123900,0.0,0.0,0.0
2014-09-22,110.27999877929688,110.27999877929688,110.2699966430664,110.27999877929688,89.21199798583984,157200,0.0,0.0,0.0
2014-09-23,110.2699966430664,110.27999877929688,110.2699966430664,110.27999877929688,89.21199798583984,532300,0.0,0.0,0.0
2014-09-24,110.27999877929688,110.27999877929688,110.2699966430664,110.27999877929688,89.21199798583984,101300,0.0,0.0,0.0
2014-09-25,110.2699966430664,110.29000091552734,110.2699966430664,110.29000091552734,89.22012329101562,484900,0.0,0.0,0.0
2014-09-26,110.29000091552734,110.29000091552734,110.27999877929688,110.29000091552734,89.22012329101562,303600,0.0,0.0,0.0
2014-09-29,110.27999877929688,110.29000091552734,110.27999877929688,110.29000091552734,89.22012329101562,3547800,0.0,0.0,0.0
2014-09-30,110.29000091552734,110.29000091552734,110.25,110.25,89.187744140625,1119200,0.0,0.0,0.0
2014-10-01,110.27999877929688,110.27999877929688,110.2699966430664,110.2699966430664,89.20390319824219,213300,0.0,0.0,0.0
2014-10-02,110.27999877929688,110.27999877929688,110.2699966430664,110.2699966430664,89.20390319824219,275500,0.0,0.0,0.0
2014-10-03,110.27999877929688,110.27999877929688,110.25,110.25,89.187744140625,2217200,0.0,0.0,0.0
2014-10-06,110.2699966430664,110.2699966430664,110.26000213623047,110.26000213623047,89.19583892822266,166700,0.0,0.0,0.0
2014-10-07,110.2699966430664,110.27999877929688,110.2699966430664,110.2699966430664,89.20390319824219,209400,0.0,0.0,0.0
2014-10-08,110.2699966430664,110.27999877929688,110.2699966430664,110.2699966430664,89.20390319824219,139100,0.0,0.0,0.0
2014-10-09,110.2699966430664,110.27999877929688,110.2699966430664,110.27999877929688,89.21199798583984,231600,0.0,0.0,0.0
2014-10-10,110.27999877929688,110.27999877929688,110.2699966430664,110.2699966430664,89.20390319824219,645500,0.0,0.0,0.0
2014-10-13,110.27999877929688,110.27999877929688,110.2699966430664,110.27999877929688,89.21199798583984,316400,0.0,0.0,0.0
2014-10-14,110.2699966430664,110.27999877929688,110.2699966430664,110.27999877929688,89.21199798583984,791400,0.0,0.0,0.0
2014-10-15,110.2699966430664,110.27999877929688,110.26000213623047,110.26000213623047,89.19583892822266,1200100,0.0,0.0,0.0
2014-10-16,110.26000213623047,110.2699966430664,110.26000213623047,110.26000213623047,89.19583892822266,431100,0.0,0.0,0.0
2014-10-17,110.26000213623047,110.2699966430664,110.26000213623047,110.26000213623047,89.19583892822266,382300,0.0,0.0,0.0
2014-10-20,110.2699966430664,110.27999877929688,110.26000213623047,110.27999877929688,89.21199798583984,13457200,0.0,0.0,0.0
2014-10-21,110.27999877929688,110.27999877929688,110.2699966430664,110.27999877929688,89.21199798583984,762500,0.0,0.0,0.0
2014-10-22,110.27999877929688,110.27999877929688,110.2699966430664,110.27999877929688,89.21199798583984,450200,0.0,0.0,0.0
2014-10-23,110.2699966430664,110.27999877929688,110.2699966430664,110.27999877929688,89.21199798583984,321300,0.0,0.0,0.0
2014-10-24,110.2699966430664,110.27999877929688,110.2699966430664,110.27999877929688,89.21199798583984,162900,0.0,0.0,0.0
2014-10-27,110.27999877929688,110.27999877929688,110.2699966430664,110.27999877929688,89.21199798583984,9463900,0.0,0.0,0.0
2014-10-28,110.27999877929688,110.27999877929688,110.2699966430664,110.27999877929688,89.21199798583984,880300,0.0,0.0,0.0
2014-10-29,110.2699966430664,110.27999877929688,110.2699966430664,110.2699966430664,89.20390319824219,530300,0.0,0.0,0.0
2014-10-30,110.26000213623047,110.2699966430664,110.26000213623047,110.26000213623047,89.19583892822266,183100,0.0,0.0,0.0
2014-10-31,110.26000213623047,110.2699966430664,110.26000213623047,110.2699966430664,89.20390319824219,394300,0.0,0.0,0.0
2014-11-03,110.26000213623047,110.2699966430664,110.26000213623047,110.26000213623047,89.19583892822266,17595100,0.0,0.0,0.0
2014-11-04,110.2699966430664,110.2699966430664,110.26000213623047,110.2699966430664,89.20390319824219,279700,0.0,0.0,0.0
2014-11-05,110.2699966430664,110.2699966430664,110.26000213623047,110.2699966430664,89.20390319824219,321700,0.0,0.0,0.0
2014-11-06,110.26000213623047,110.2699966430664,110.26000213623047,110.26000213623047,89.19583892822266,217200,0.0,0.0,0.0
2014-11-07,110.2699966430664,110.2699966430664,110.26000213623047,110.26000213623047,89.19583892822266,178100,0.0,0.0,0.0
2014-11-10,110.2699966430664,110.2699966430664,110.26000213623047,110.2699966430664,89.20390319824219,794800,0.0,0.0,0.0
2014-11-11,110.26000213623047,110.2699966430664,110.26000213623047,110.2699966430664,89.20390319824219,191900,0.0,0.0,0.0
2014-11-12,110.2699966430664,110.2699966430664,110.26000213623047,110.2699966430664,89.20390319824219,166500,0.0,0.0,0.0
2014-11-13,110.2699966430664,110.2699966430664,110.26000213623047,110.2699966430664,89.20390319824219,195200,0.0,0.0,0.0
2014-11-14,110.2699966430664,110.2699966430664,110.26000213623047,110.2699966430664,89.20390319824219,276000,0.0,0.0,0.0
2014-11-17,110.26000213623047,110.2699966430664,110.26000213623047,110.2699966430664,89.20390319824219,275200,0.0,0.0,0.0
2014-11-18,110.2699966430664,110.2699966430664,110.26000213623047,110.2699966430664,89.20390319824219,312200,0.0,0.0,0.0
2014-11-19,110.2699966430664,110.2699966430664,110.26000213623047,110.2699966430664,89.20390319824219,455800,0.0,0.0,0.0
2014-11-20,110.26000213623047,110.2699966430664,110.26000213623047,110.2699966430664,89.20390319824219,202700,0.0,0.0,0.0
2014-11-21,110.2699966430664,110.2699966430664,110.26000213623047,110.2699966430664,89.20390319824219,453200,0.0,0.0,0.0
2014-11-24,110.26000213623047,110.2699966430664,110.25,110.25,89.187744140625,4736900,0.0,0.0,0.0
2014-11-25,110.25,110.26000213623047,110.25,110.25,89.187744140625,416500,0.0,0.0,0.0
2014-11-26,110.25,110.2699966430664,110.25,110.2699966430664,89.20390319824219,422500,0.0,0.0,0.0
2014-11-28,110.26000213623047,110.26000213623047,110.25,110.26000213623047,89.19583892822266,338600,0.0,0.0,0.0
2014-12-01,110.25,110.2699966430664,110.23999786376953,110.2699966430664,89.20390319824219,3356300,0.0,0.0,0.0
2014-12-02,110.26000213623047,110.2699966430664,110.26000213623047,110.26000213623047,89.19583892822266,581800,0.0,0.0,0.0
2014-12-03,110.26000213623047,110.2699966430664,110.26000213623047,110.26000213623047,89.19583892822266,513700,0.0,0.0,0.0
2014-12-04,110.26000213623047,110.2699966430664,110.26000213623047,110.26000213623047,89.19583892822266,165700,0.0,0.0,0.0
2014-12-05,110.26000213623047,110.26000213623047,110.23999786376953,110.26000213623047,89.19583892822266,670500,0.0,0.0,0.0
2014-12-08,110.23999786376953,110.25,110.23999786376953,110.23999786376953,89.17965698242188,6468600,0.0,0.0,0.0
2014-12-09,110.25,110.25,110.23999786376953,110.23999786376953,89.17965698242188,435800,0.0,0.0,0.0
2014-12-10,110.23999786376953,110.25,110.23999786376953,110.23999786376953,89.17965698242188,391400,0.0,0.0,0.0
2014-12-11,110.25,110.25,110.23999786376953,110.25,89.187744140625,256700,0.0,0.0,0.0
2014-12-12,110.23999786376953,110.25,110.23999786376953,110.25,89.187744140625,412900,0.0,0.0,0.0
2014-12-15,110.25,110.26000213623047,110.23999786376953,110.26000213623047,89.19583892822266,3584000,0.0,0.0,0.0
2014-12-16,110.25,110.26000213623047,110.23999786376953,110.26000213623047,89.19583892822266,1420700,0.0,0.0,0.0
2014-12-17,110.26000213623047,110.26000213623047,110.23999786376953,110.26000213623047,89.19583892822266,549400,0.0,0.0,0.0
2014-12-18,110.23999786376953,110.26000213623047,110.23999786376953,110.23999786376953,89.17965698242188,1640800,0.0,0.0,0.0
2014-12-19,110.25,110.25,110.23999786376953,110.25,89.187744140625,1904900,0.0,0.0,0.0
2014-12-22,110.2300033569336,110.23999786376953,110.22000122070312,110.22000122070312,89.16350555419922,4590000,0.0,0.0,0.0
2014-12-23,110.2300033569336,110.23999786376953,110.22000122070312,110.2300033569336,89.1716079711914,751600,0.0,0.0,0.0
2014-12-24,110.23999786376953,110.23999786376953,110.2300033569336,110.23999786376953,89.17965698242188,937600,0.0,0.0,0.0
2014-12-26,110.23999786376953,110.25,110.2300033569336,110.23999786376953,89.17965698242188,759000,0.0,0.0,0.0
2014-12-29,110.25,110.25,110.20999908447266,110.22000122070312,89.16350555419922,39315800,0.0,0.0,0.0
2014-12-30,110.2300033569336,110.23999786376953,110.22000122070312,110.2300033569336,89.1716079711914,1340600,0.0,0.0,0.0
2014-12-31,110.2300033569336,110.25,110.2300033569336,110.25,89.187744140625,381600,0.0,0.0,0.0
2015-01-02,110.2300033569336,110.23999786376953,110.2300033569336,110.2300033569336,89.1716079711914,319900,0.0,0.0,0.0
2015-01-05,110.2300033569336,110.23999786376953,110.2300033569336,110.2300033569336,89.1716079711914,265500,0.0,0.0,0.0
2015-01-06,110.23999786376953,110.25,110.2300033569336,110.23999786376953,89.17965698242188,724900,0.0,0.0,0.0
2015-01-07,110.25,110.26000213623047,110.23999786376953,110.23999786376953,89.17965698242188,388300,0.0,0.0,0.0
2015-01-08,110.23999786376953,110.25,110.23999786376953,110.23999786376953,89.17965698242188,204900,0.0,0.0,0.0
2015-01-09,110.23999786376953,110.26000213623047,110.23999786376953,110.25,89.187744140625,310800,0.0,0.0,0.0
2015-01-12,110.23999786376953,110.2699966430664,110.23999786376953,110.2699966430664,89.20390319824219,2684400,0.0,0.0,0.0
2015-01-13,110.26000213623047,110.2699966430664,110.26000213623047,110.26000213623047,89.19583892822266,415300,0.0,0.0,0.0
2015-01-14,110.2699966430664,110.2699966430664,110.26000213623047,110.26000213623047,89.19583892822266,365500,0.0,0.0,0.0
2015-01-15,110.26000213623047,110.27999877929688,110.26000213623047,110.2699966430664,89.20390319824219,2183800,0.0,0.0,0.0
2015-01-16,110.2699966430664,110.27999877929688,110.26000213623047,110.2699966430664,89.20390319824219,2988600,0.0,0.0,0.0
2015-01-20,110.2699966430664,110.27999877929688,110.26000213623047,110.2699966430664,89.20390319824219,5939000,0.0,0.0,0.0
2015-01-21,110.2699966430664,110.2699966430664,110.26000213623047,110.26000213623047,89.19583892822266,2266800,0.0,0.0,0.0
2015-01-22,110.2699966430664,110.2699966430664,110.26000213623047,110.2699966430664,89.20390319824219,278600,0.0,0.0,0.0
2015-01-23,110.26000213623047,110.2699966430664,110.26000213623047,110.2699966430664,89.20390319824219,297500,0.0,0.0,0.0
2015-01-26,110.25,110.2699966430664,110.25,110.26000213623047,89.19583892822266,2092500,0.0,0.0,0.0
2015-01-27,110.26000213623047,110.26000213623047,110.25,110.26000213623047,89.19583892822266,416000,0.0,0.0,0.0
2015-01-28,110.26000213623047,110.26000213623047,110.25,110.25,89.187744140625,249800,0.0,0.0,0.0
2015-01-29,110.26000213623047,110.27999877929688,110.25,110.27999877929688,89.21199798583984,379200,0.0,0.0,0.0
2015-01-30,110.2699966430664,110.27999877929688,110.26000213623047,110.26000213623047,89.19583892822266,1730300,0.0,0.0,0.0
2015-02-02,110.2699966430664,110.29000091552734,110.2699966430664,110.27999877929688,89.21199798583984,21488800,0.0,0.0,0.0
2015-02-03,110.2699966430664,110.29000091552734,110.2699966430664,110.29000091552734,89.22012329101562,2532900,0.0,0.0,0.0
2015-02-04,110.29000091552734,110.29000091552734,110.2699966430664,110.2699966430664,89.20390319824219,540800,0.0,0.0,0.0
2015-02-05,110.29000091552734,110.29000091552734,110.2699966430664,110.2699966430664,89.20390319824219,275500,0.0,0.0,0.0
2015-02-06,110.2699966430664,110.27999877929688,110.26000213623047,110.2699966430664,89.20390319824219,342000,0.0,0.0,0.0
2015-02-09,110.26000213623047,110.27999877929688,110.26000213623047,110.2699966430664,89.20390319824219,3501400,0.0,0.0,0.0
2015-02-10,110.2699966430664,110.2699966430664,110.26000213623047,110.26000213623047,89.19583892822266,1218700,0.0,0.0,0.0
2015-02-11,110.26000213623047,110.2699966430664,110.26000213623047,110.2699966430664,89.20390319824219,738900,0.0,0.0,0.0
2015-02-12,110.26000213623047,110.2699966430664,110.26000213623047,110.26000213623047,89.19583892822266,681600,0.0,0.0,0.0
2015-02-13,110.2699966430664,110.2699966430664,110.26000213623047,110.2699966430664,89.20390319824219,595900,0.0,0.0,0.0
2015-02-17,110.26000213623047,110.27999877929688,110.26000213623047,110.27999877929688,89.21199798583984,4877900,0.0,0.0,0.0
2015-02-18,110.2699966430664,110.29000091552734,110.2699966430664,110.29000091552734,89.22012329101562,428300,0.0,0.0,0.0
2015-02-19,110.29000091552734,110.29000091552734,110.27999877929688,110.29000091552734,89.22012329101562,498700,0.0,0.0,0.0
2015-02-20,110.29000091552734,110.29000091552734,110.2699966430664,110.27999877929688,89.21199798583984,474900,0.0,0.0,0.0
2015-02-23,110.2699966430664,110.29000091552734,110.2699966430664,110.2699966430664,89.20390319824219,572400,0.0,0.0,0.0
2015-02-24,110.2699966430664,110.27999877929688,110.2699966430664,110.2699966430664,89.20390319824219,439400,0.0,0.0,0.0
2015-02-25,110.2699966430664,110.27999877929688,110.2699966430664,110.2699966430664,89.20390319824219,427300,0.0,0.0,0.0
2015-02-26,110.2699966430664,110.27999877929688,110.2699966430664,110.2699966430664,89.20390319824219,382300,0.0,0.0,0.0
2015-02-27,110.27999877929688,110.27999877929688,110.2699966430664,110.27999877929688,89.21199798583984,457100,0.0,0.0,0.0
2015-03-02,110.2699966430664,110.27999877929688,110.26000213623047,110.2699966430664,89.20390319824219,5852700,0.0,0.0,0.0
2015-03-03,110.2699966430664,110.2699966430664,110.26000213623047,110.26000213623047,89.19583892822266,652800,0.0,0.0,0.0
2015-03-04,110.26000213623047,110.27999877929688,110.26000213623047,110.27999877929688,89.21199798583984,662200,0.0,0.0,0.0
2015-03-05,110.27999877929688,110.27999877929688,110.26000213623047,110.26000213623047,89.19583892822266,332600,0.0,0.0,0.0
2015-03-06,110.26000213623047,110.2699966430664,110.26000213623047,110.2699966430664,89.20390319824219,358100,0.0,0.0,0.0
2015-03-09,110.2699966430664,110.2699966430664,110.26000213623047,110.26000213623047,89.19583892822266,949700,0.0,0.0,0.0
2015-03-10,110.2699966430664,110.2699966430664,110.26000213623047,110.2699966430664,89.20390319824219,1807900,0.0,0.0,0.0
2015-03-11,110.2699966430664,110.2699966430664,110.26000213623047,110.26000213623047,89.19583892822266,928200,0.0,0.0,0.0
2015-03-12,110.26000213623047,110.2699966430664,110.26000213623047,110.26000213623047,89.19583892822266,560300,0.0,0.0,0.0
2015-03-13,110.26000213623047,110.2699966430664,110.26000213623047,110.2699966430664,89.20390319824219,430700,0.0,0.0,0.0
2015-03-16,110.26000213623047,110.2699966430664,110.26000213623047,110.2699966430664,89.20390319824219,3651400,0.0,0.0,0.0
2015-03-17,110.26000213623047,110.2699966430664,110.26000213623047,110.26000213623047,89.19583892822266,391600,0.0,0.0,0.0
2015-03-18,110.2699966430664,110.2699966430664,110.25,110.25,89.187744140625,459700,0.0,0.0,0.0
2015-03-19,110.2699966430664,110.2699966430664,110.26000213623047,110.26000213623047,89.19583892822266,386100,0.0,0.0,0.0
2015-03-20,110.2699966430664,110.2699966430664,110.26000213623047,110.26000213623047,89.19583892822266,409700,0.0,0.0,0.0
2015-03-23,110.26000213623047,110.2699966430664,110.26000213623047,110.2699966430664,89.20390319824219,708400,0.0,0.0,0.0
2015-03-24,110.26000213623047,110.2699966430664,110.26000213623047,110.26000213623047,89.19583892822266,422400,0.0,0.0,0.0
2015-03-25,110.26000213623047,110.2699966430664,110.26000213623047,110.26000213623047,89.19583892822266,612100,0.0,0.0,0.0
2015-03-26,110.2699966430664,110.2699966430664,110.26000213623047,110.26000213623047,89.19583892822266,579100,0.0,0.0,0.0
2015-03-27,110.26000213623047,110.2699966430664,110.26000213623047,110.26000213623047,89.19583892822266,372000,0.0,0.0,0.0
2015-03-30,110.26000213623047,110.2699966430664,110.26000213623047,110.26000213623047,89.19583892822266,4806800,0.0,0.0,0.0
2015-03-31,110.26000213623047,110.2699966430664,110.26000213623047,110.2699966430664,89.20390319824219,477400,0.0,0.0,0.0
2015-04-01,110.27999877929688,110.27999877929688,110.2699966430664,110.2699966430664,89.20390319824219,583600,0.0,0.0,0.0
2015-04-02,110.2699966430664,110.27999877929688,110.26000213623047,110.26000213623047,89.19583892822266,854000,0.0,0.0,0.0
2015-04-06,110.29000091552734,110.29000091552734,110.2699966430664,110.2699966430664,89.20390319824219,2090900,0.0,0.0,0.0
2015-04-07,110.27999877929688,110.27999877929688,110.2699966430664,110.2699966430664,89.20390319824219,427700,0.0,0.0,0.0
2015-04-08,110.2699966430664,110.27999877929688,110.2699966430664,110.27999877929688,89.21199798583984,705200,0.0,0.0,0.0
2015-04-09,110.2699966430664,110.27999877929688,110.2699966430664,110.27999877929688,89.21199798583984,565200,0.0,0.0,0.0
2015-04-10,110.2699966430664,110.27999877929688,110.2699966430664,110.27999877929688,89.21199798583984,605000,0.0,0.0,0.0
2015-04-13,110.2699966430664,110.27999877929688,110.2699966430664,110.2699966430664,89.20390319824219,948700,0.0,0.0,0.0
2015-04-14,110.2699966430664,110.27999877929688,110.2699966430664,110.27999877929688,89.21199798583984,366800,0.0,0.0,0.0
2015-04-15,110.27999877929688,110.27999877929688,110.2699966430664,110.27999877929688,89.21199798583984,460400,0.0,0.0,0.0
2015-04-16,110.2699966430664,110.27999877929688,110.2699966430664,110.27999877929688,89.21199798583984,435500,0.0,0.0,0.0
2015-04-17,110.2699966430664,110.27999877929688,110.2699966430664,110.27999877929688,89.21199798583984,566700,0.0,0.0,0.0
2015-04-20,110.2699966430664,110.27999877929688,110.2699966430664,110.2699966430664,89.20390319824219,571100,0.0,0.0,0.0
2015-04-21,110.2699966430664,110.27999877929688,110.2699966430664,110.2699966430664,89.20390319824219,367400,0.0,0.0,0.0
2015-04-22,110.2699966430664,110.27999877929688,110.2699966430664,110.2699966430664,89.20390319824219,321500,0.0,0.0,0.0
2015-04-23,110.2699966430664,110.27999877929688,110.2699966430664,110.27999877929688,89.21199798583984,346700,0.0,0.0,0.0
2015-04-24,110.2699966430664,110.27999877929688,110.2699966430664,110.2699966430664,89.20390319824219,433500,0.0,0.0,0.0
2015-04-27,110.2699966430664,110.27999877929688,110.2699966430664,110.2699966430664,89.20390319824219,1013700,0.0,0.0,0.0
2015-04-28,110.27999877929688,110.27999877929688,110.2699966430664,110.27999877929688,89.21199798583984,548400,0.0,0.0,0.0
2015-04-29,110.2699966430664,110.27999877929688,110.2699966430664,110.2699966430664,89.20390319824219,313100,0.0,0.0,0.0
2015-04-30,110.2699966430664,110.29000091552734,110.2699966430664,110.27999877929688,89.21199798583984,599300,0.0,0.0,0.0
2015-05-01,110.29000091552734,110.29000091552734,110.2699966430664,110.2699966430664,89.20390319824219,457700,0.0,0.0,0.0
2015-05-04,110.29000091552734,110.29000091552734,110.27999877929688,110.27999877929688,89.21199798583984,585900,0.0,0.0,0.0
2015-05-05,110.27999877929688,110.29000091552734,110.27999877929688,110.29000091552734,89.22012329101562,595300,0.0,0.0,0.0
2015-05-06,110.27999877929688,110.29000091552734,110.27999877929688,110.27999877929688,89.21199798583984,283500,0.0,0.0,0.0
2015-05-07,110.27999877929688,110.29000091552734,110.27999877929688,110.29000091552734,89.22012329101562,357500,0.0,0.0,0.0
2015-05-08,110.27999877929688,110.30000305175781,110.27999877929688,110.29000091552734,89.22012329101562,979000,0.0,0.0,0.0
2015-05-11,110.27999877929688,110.29000091552734,110.27999877929688,110.27999877929688,89.21199798583984,468200,0.0,0.0,0.0
2015-05-12,110.27999877929688,110.29000091552734,110.27999877929688,110.29000091552734,89.22012329101562,230500,0.0,0.0,0.0
2015-05-13,110.27999877929688,110.29000091552734,110.27999877929688,110.27999877929688,89.21199798583984,402600,0.0,0.0,0.0
2015-05-14,110.27999877929688,110.29000091552734,110.27999877929688,110.27999877929688,89.21199798583984,453600,0.0,0.0,0.0
2015-05-15,110.27999877929688,110.29000091552734,110.27999877929688,110.27999877929688,89.21199798583984,403300,0.0,0.0,0.0
2015-05-18,110.27999877929688,110.29000091552734,110.27999877929688,110.27999877929688,89.21199798583984,319100,0.0,0.0,0.0
2015-05-19,110.27999877929688,110.29000091552734,110.27999877929688,110.27999877929688,89.21199798583984,511600,0.0,0.0,0.0
2015-05-20,110.27999877929688,110.29000091552734,110.27999877929688,110.27999877929688,89.21199798583984,13116700,0.0,0.0,0.0
2015-05-21,110.27999877929688,110.29000091552734,110.27999877929688,110.27999877929688,89.21199798583984,244100,0.0,0.0,0.0
2015-05-22,110.27999877929688,110.29000091552734,110.27999877929688,110.27999877929688,89.21199798583984,179300,0.0,0.0,0.0
2015-05-26,110.2699966430664,110.29000091552734,110.2699966430664,110.27999877929688,89.21199798583984,2663900,0.0,0.0,0.0
2015-05-27,110.27999877929688,110.29000091552734,110.27999877929688,110.27999877929688,89.21199798583984,271100,0.0,0.0,0.0
2015-05-28,110.29000091552734,110.29000091552734,110.27999877929688,110.29000091552734,89.22012329101562,288400,0.0,0.0,0.0
2015-05-29,110.27999877929688,110.29000091552734,110.27999877929688,110.27999877929688,89.21199798583984,225500,0.0,0.0,0.0
2015-06-01,110.27999877929688,110.29000091552734,110.27999877929688,110.27999877929688,89.21199798583984,1376400,0.0,0.0,0.0
2015-06-02,110.27999877929688,110.29000091552734,110.27999877929688,110.27999877929688,89.21199798583984,271700,0.0,0.0,0.0
2015-06-03,110.29000091552734,110.29000091552734,110.27999877929688,110.29000091552734,89.22012329101562,674800,0.0,0.0,0.0
2015-06-04,110.27999877929688,110.29000091552734,110.27999877929688,110.27999877929688,89.21199798583984,305700,0.0,0.0,0.0
2015-06-05,110.27999877929688,110.29000091552734,110.2699966430664,110.2699966430664,89.20390319824219,185400,0.0,0.0,0.0
2015-06-08,110.2699966430664,110.27999877929688,110.2699966430664,110.2699966430664,89.20390319824219,339900,0.0,0.0,0.0
2015-06-09,110.27999877929688,110.27999877929688,110.2699966430664,110.2699966430664,89.20390319824219,152900,0.0,0.0,0.0
2015-06-10,110.2699966430664,110.27999877929688,110.2699966430664,110.27999877929688,89.21199798583984,256700,0.0,0.0,0.0
2015-06-11,110.27999877929688,110.29000091552734,110.2699966430664,110.29000091552734,89.22012329101562,149600,0.0,0.0,0.0
2015-06-12,110.2699966430664,110.29000091552734,110.2699966430664,110.27999877929688,89.21199798583984,443500,0.0,0.0,0.0
2015-06-15,110.2699966430664,110.27999877929688,110.2699966430664,110.2699966430664,89.20390319824219,321300,0.0,0.0,0.0
2015-06-16,110.2699966430664,110.29000091552734,110.2699966430664,110.2699966430664,89.20390319824219,159100,0.0,0.0,0.0
2015-06-17,110.29000091552734,110.29000091552734,110.2699966430664,110.29000091552734,89.22012329101562,190400,0.0,0.0,0.0
2015-06-18,110.29000091552734,110.29000091552734,110.2699966430664,110.2699966430664,89.20390319824219,294000,0.0,0.0,0.0
2015-06-19,110.2699966430664,110.29000091552734,110.2699966430664,110.27999877929688,89.21199798583984,183300,0.0,0.0,0.0
2015-06-22,110.27999877929688,110.29000091552734,110.27999877929688,110.27999877929688,89.21199798583984,347300,0.0,0.0,0.0
2015-06-23,110.29000091552734,110.29000091552734,110.27999877929688,110.27999877929688,89.21199798583984,262700,0.0,0.0,0.0
2015-06-24,110.27999877929688,110.29000091552734,110.27999877929688,110.27999877929688,89.21199798583984,273000,0.0,0.0,0.0
2015-06-25,110.27999877929688,110.29000091552734,110.27999877929688,110.29000091552734,89.22012329101562,126200,0.0,0.0,0.0
2015-06-26,110.27999877929688,110.29000091552734,110.2699966430664,110.2699966430664,89.20390319824219,248500,0.0,0.0,0.0
2015-06-29,110.29000091552734,110.29000091552734,110.27999877929688,110.27999877929688,89.21199798583984,2436000,0.0,0.0,0.0
2015-06-30,110.27999877929688,110.29000091552734,110.27999877929688,110.29000091552734,89.22012329101562,618300,0.0,0.0,0.0
2015-07-01,110.27999877929688,110.29000091552734,110.27999877929688,110.27999877929688,89.21199798583984,453100,0.0,0.0,0.0
2015-07-02,110.27999877929688,110.30000305175781,110.27999877929688,110.29000091552734,89.22012329101562,910100,0.0,0.0,0.0
2015-07-06,110.29000091552734,110.30000305175781,110.29000091552734,110.29000091552734,89.22012329101562,555600,0.0,0.0,0.0
2015-07-07,110.29000091552734,110.30000305175781,110.29000091552734,110.29000091552734,89.22012329101562,946300,0.0,0.0,0.0
2015-07-08,110.30000305175781,110.30999755859375,110.29000091552734,110.30999755859375,89.23628234863281,623000,0.0,0.0,0.0
2015-07-09,110.30000305175781,110.30999755859375,110.29000091552734,110.29000091552734,89.22012329101562,337300,0.0,0.0,0.0
2015-07-10,110.29000091552734,110.30000305175781,110.29000091552734,110.29000091552734,89.22012329101562,718900,0.0,0.0,0.0
2015-07-13,110.29000091552734,110.30000305175781,110.29000091552734,110.30000305175781,89.22819519042969,2830200,0.0,0.0,0.0
2015-07-14,110.30000305175781,110.30000305175781,110.29000091552734,110.30000305175781,89.22819519042969,387300,0.0,0.0,0.0
2015-07-15,110.29000091552734,110.30000305175781,110.29000091552734,110.30000305175781,89.22819519042969,1116400,0.0,0.0,0.0
2015-07-16,110.29000091552734,110.30000305175781,110.29000091552734,110.30000305175781,89.22819519042969,786400,0.0,0.0,0.0
2015-07-17,110.29000091552734,110.30000305175781,110.29000091552734,110.30000305175781,89.22819519042969,413600,0.0,0.0,0.0
2015-07-20,110.29000091552734,110.30000305175781,110.27999877929688,110.27999877929688,89.21199798583984,1499600,0.0,0.0,0.0
2015-07-21,110.27999877929688,110.29000091552734,110.27999877929688,110.27999877929688,89.21199798583984,517700,0.0,0.0,0.0
2015-07-22,110.27999877929688,110.29000091552734,110.27999877929688,110.27999877929688,89.21199798583984,301600,0.0,0.0,0.0
2015-07-23,110.27999877929688,110.29000091552734,110.27999877929688,110.27999877929688,89.21199798583984,328300,0.0,0.0,0.0
2015-07-24,110.27999877929688,110.29000091552734,110.27999877929688,110.29000091552734,89.22012329101562,319100,0.0,0.0,0.0
2015-07-27,110.27999877929688,110.30000305175781,110.2699966430664,110.27999877929688,89.21199798583984,1669500,0.0,0.0,0.0
2015-07-28,110.29000091552734,110.29000091552734,110.27999877929688,110.27999877929688,89.21199798583984,353200,0.0,0.0,0.0
2015-07-29,110.2699966430664,110.29000091552734,110.2699966430664,110.27999877929688,89.21199798583984,422100,0.0,0.0,0.0
2015-07-30,110.27999877929688,110.29000091552734,110.27999877929688,110.27999877929688,89.21199798583984,428200,0.0,0.0,0.0
2015-07-31,110.27999877929688,110.29000091552734,110.2699966430664,110.2699966430664,89.20390319824219,422800,0.0,0.0,0.0
2015-08-03,110.27999877929688,110.29000091552734,110.27999877929688,110.27999877929688,89.21199798583984,1086500,0.0,0.0,0.0
2015-08-04,110.29000091552734,110.29000091552734,110.2699966430664,110.2699966430664,89.20390319824219,416800,0.0,0.0,0.0
2015-08-05,110.2699966430664,110.29000091552734,110.2699966430664,110.27999877929688,89.21199798583984,414000,0.0,0.0,0.0
2015-08-06,110.2699966430664,110.27999877929688,110.2699966430664,110.27999877929688,89.21199798583984,653900,0.0,0.0,0.0
2015-08-07,110.27999877929688,110.27999877929688,110.2699966430664,110.27999877929688,89.21199798583984,239700,0.0,0.0,0.0
2015-08-10,110.2699966430664,110.27999877929688,110.26000213623047,110.26000213623047,89.19583892822266,954500,0.0,0.0,0.0
2015-08-11,110.26000213623047,110.2699966430664,110.26000213623047,110.2699966430664,89.20390319824219,849500,0.0,0.0,0.0
2015-08-12,110.2699966430664,110.2699966430664,110.26000213623047,110.26000213623047,89.19583892822266,647400,0.0,0.0,0.0
2015-08-13,110.2699966430664,110.2699966430664,110.26000213623047,110.26000213623047,89.19583892822266,141700,0.0,0.0,0.0
2015-08-14,110.2699966430664,110.2699966430664,110.26000213623047,110.26000213623047,89.19583892822266,187000,0.0,0.0,0.0
2015-08-17,110.26000213623047,110.2699966430664,110.26000213623047,110.26000213623047,89.19583892822266,181900,0.0,0.0,0.0
2015-08-18,110.26000213623047,110.2699966430664,110.26000213623047,110.26000213623047,89.19583892822266,180100,0.0,0.0,0.0
2015-08-19,110.2699966430664,110.2699966430664,110.26000213623047,110.26000213623047,89.19583892822266,433800,0.0,0.0,0.0
2015-08-20,110.26000213623047,110.27999877929688,110.26000213623047,110.27999877929688,89.21199798583984,477500,0.0,0.0,0.0
2015-08-21,110.2699966430664,110.27999877929688,110.2699966430664,110.2699966430664,89.20390319824219,2146700,0.0,0.0,0.0
2015-08-24,110.29000091552734,110.30999755859375,110.2699966430664,110.29000091552734,89.22012329101562,1705100,0.0,0.0,0.0
2015-08-25,110.29000091552734,110.30000305175781,110.2699966430664,110.27999877929688,89.21199798583984,9542300,0.0,0.0,0.0
2015-08-26,110.27999877929688,110.29000091552734,110.2699966430664,110.27999877929688,89.21199798583984,1127400,0.0,0.0,0.0
2015-08-27,110.29000091552734,110.29000091552734,110.2699966430664,110.27999877929688,89.21199798583984,725800,0.0,0.0,0.0
2015-08-28,110.29000091552734,110.29000091552734,110.26000213623047,110.2699966430664,89.20390319824219,991800,0.0,0.0,0.0
2015-08-31,110.27999877929688,110.27999877929688,110.2699966430664,110.27999877929688,89.21199798583984,2424200,0.0,0.0,0.0
2015-09-01,110.27999877929688,110.29000091552734,110.2699966430664,110.27999877929688,89.21280670166016,1531000,0.001,0.0,0.0
2015-09-02,110.27999877929688,110.29000091552734,110.27999877929688,110.27999877929688,89.21280670166016,2134700,0.0,0.0,0.0
2015-09-03,110.29000091552734,110.29000091552734,110.27999877929688,110.29000091552734,89.220947265625,839100,0.0,0.0,0.0
2015-09-04,110.29000091552734,110.29000091552734,110.27999877929688,110.29000091552734,89.220947265625,417600,0.0,0.0,0.0
2015-09-08,110.27999877929688,110.29000091552734,110.2699966430664,110.27999877929688,89.21280670166016,1933000,0.0,0.0,0.0
2015-09-09,110.2699966430664,110.27999877929688,110.26000213623047,110.27999877929688,89.21280670166016,1642900,0.0,0.0,0.0
2015-09-10,110.27999877929688,110.27999877929688,110.26000213623047,110.26000213623047,89.1966552734375,526100,0.0,0.0,0.0
2015-09-11,110.26000213623047,110.27999877929688,110.26000213623047,110.26000213623047,89.1966552734375,466900,0.0,0.0,0.0
2015-09-14,110.26000213623047,110.2699966430664,110.26000213623047,110.2699966430664,89.20475006103516,913100,0.0,0.0,0.0
2015-09-15,110.26000213623047,110.2699966430664,110.23999786376953,110.23999786376953,89.1804428100586,702000,0.0,0.0,0.0
2015-09-16,110.23999786376953,110.26000213623047,110.23999786376953,110.26000213623047,89.1966552734375,498700,0.0,0.0,0.0
2015-09-17,110.25,110.33000183105469,110.22000122070312,110.25,89.18851470947266,789000,0.0,0.0,0.0
2015-09-18,110.27999877929688,110.30000305175781,110.2699966430664,110.30000305175781,89.22901916503906,955300,0.0,0.0,0.0
2015-09-21,110.29000091552734,110.30000305175781,110.29000091552734,110.29000091552734,89.220947265625,683700,0.0,0.0,0.0
2015-09-22,110.30000305175781,110.30999755859375,110.29000091552734,110.30000305175781,89.22901916503906,846600,0.0,0.0,0.0
2015-09-23,110.30000305175781,110.30999755859375,110.30000305175781,110.30000305175781,89.22901916503906,498000,0.0,0.0,0.0
2015-09-24,110.30999755859375,110.31999969482422,110.30000305175781,110.30000305175781,89.22901916503906,592700,0.0,0.0,0.0
2015-09-25,110.31999969482422,110.31999969482422,110.30000305175781,110.31999969482422,89.24518585205078,287400,0.0,0.0,0.0
2015-09-28,110.31999969482422,110.31999969482422,110.30999755859375,110.30999755859375,89.23711395263672,817300,0.0,0.0,0.0
2015-09-29,110.31999969482422,110.31999969482422,110.30999755859375,110.30999755859375,89.23711395263672,1863100,0.0,0.0,0.0
2015-09-30,110.30999755859375,110.31999969482422,110.30999755859375,110.30999755859375,89.23711395263672,563300,0.0,0.0,0.0
2015-10-01,110.30999755859375,110.31999969482422,110.30999755859375,110.30999755859375,89.24436950683594,626700,0.009,0.0,0.0
2015-10-02,110.33000183105469,110.33999633789062,110.30999755859375,110.31999969482422,89.2524642944336,402800,0.0,0.0,0.0
2015-10-05,110.31999969482422,110.33000183105469,110.30999755859375,110.30999755859375,89.24436950683594,2769800,0.0,0.0,0.0
2015-10-06,110.30999755859375,110.33000183105469,110.30999755859375,110.31999969482422,89.2524642944336,1648900,0.0,0.0,0.0
2015-10-07,110.31999969482422,110.33000183105469,110.31999969482422,110.31999969482422,89.2524642944336,557800,0.0,0.0,0.0
2015-10-08,110.33000183105469,110.33000183105469,110.30999755859375,110.30999755859375,89.24436950683594,1283100,0.0,0.0,0.0
2015-10-09,110.30999755859375,110.31999969482422,110.30999755859375,110.31999969482422,89.2524642944336,528400,0.0,0.0,0.0
2015-10-12,110.31999969482422,110.31999969482422,110.30999755859375,110.30999755859375,89.24436950683594,284700,0.0,0.0,0.0
2015-10-13,110.30999755859375,110.31999969482422,110.30000305175781,110.30999755859375,89.24436950683594,1189500,0.0,0.0,0.0
2015-10-14,110.30999755859375,110.31999969482422,110.30000305175781,110.31999969482422,89.2524642944336,416300,0.0,0.0,0.0
2015-10-15,110.30999755859375,110.31999969482422,110.30999755859375,110.30999755859375,89.24436950683594,748400,0.0,0.0,0.0
2015-10-16,110.31999969482422,110.31999969482422,110.30999755859375,110.30999755859375,89.24436950683594,1183500,0.0,0.0,0.0
2015-10-19,110.30000305175781,110.31999969482422,110.30000305175781,110.30000305175781,89.23628997802734,323800,0.0,0.0,0.0
2015-10-20,110.30000305175781,110.30999755859375,110.30000305175781,110.30999755859375,89.24436950683594,4374400,0.0,0.0,0.0
2015-10-21,110.30000305175781,110.30999755859375,110.30000305175781,110.30000305175781,89.23628997802734,487600,0.0,0.0,0.0
2015-10-22,110.30999755859375,110.30999755859375,110.29000091552734,110.30999755859375,89.24436950683594,297400,0.0,0.0,0.0
2015-10-23,110.29000091552734,110.30000305175781,110.29000091552734,110.29000091552734,89.22821044921875,1138400,0.0,0.0,0.0
2015-10-26,110.27999877929688,110.30000305175781,110.27999877929688,110.27999877929688,89.22008514404297,942200,0.0,0.0,0.0
2015-10-27,110.30000305175781,110.30000305175781,110.29000091552734,110.29000091552734,89.22821044921875,245100,0.0,0.0,0.0
2015-10-28,110.27999877929688,110.30000305175781,110.27999877929688,110.27999877929688,89.22008514404297,711100,0.0,0.0,0.0
2015-10-29,110.27999877929688,110.29000091552734,110.2699966430664,110.2699966430664,89.21199798583984,233400,0.0,0.0,0.0
2015-10-30,110.2699966430664,110.27999877929688,110.2699966430664,110.2699966430664,89.21199798583984,648900,0.0,0.0,0.0
2015-11-02,110.26000213623047,110.27999877929688,110.23999786376953,110.23999786376953,89.19338989257812,563900,0.007,0.0,0.0
2015-11-03,110.25,110.25,110.23999786376953,110.25,89.20146942138672,1143600,0.0,0.0,0.0
2015-11-04,110.23999786376953,110.26000213623047,110.23999786376953,110.23999786376953,89.19338989257812,950500,0.0,0.0,0.0
2015-11-05,110.23999786376953,110.25,110.23999786376953,110.25,89.20146942138672,635900,0.0,0.0,0.0
2015-11-06,110.2300033569336,110.23999786376953,110.22000122070312,110.22000122070312,89.17724609375,460200,0.0,0.0,0.0
2015-11-09,110.2300033569336,110.23999786376953,110.2300033569336,110.23999786376953,89.19338989257812,2198300,0.0,0.0,0.0
2015-11-10,110.23999786376953,110.23999786376953,110.22000122070312,110.22000122070312,89.17724609375,591500,0.0,0.0,0.0
2015-11-11,110.22000122070312,110.23999786376953,110.22000122070312,110.22000122070312,89.17724609375,344800,0.0,0.0,0.0
2015-11-12,110.22000122070312,110.23999786376953,110.22000122070312,110.2300033569336,89.18533325195312,239600,0.0,0.0,0.0
2015-11-13,110.22000122070312,110.23999786376953,110.22000122070312,110.22000122070312,89.17724609375,322700,0.0,0.0,0.0
2015-11-16,110.2300033569336,110.23999786376953,110.2300033569336,110.23999786376953,89.19338989257812,265900,0.0,0.0,0.0
2015-11-17,110.2300033569336,110.23999786376953,110.2300033569336,110.2300033569336,89.18533325195312,212000,0.0,0.0,0.0
2015-11-18,110.2300033569336,110.23999786376953,110.2300033569336,110.2300033569336,89.18533325195312,222500,0.0,0.0,0.0
2015-11-19,110.2300033569336,110.23999786376953,110.22000122070312,110.23999786376953,89.19338989257812,401700,0.0,0.0,0.0
2015-11-20,110.23999786376953,110.23999786376953,110.2300033569336,110.2300033569336,89.18533325195312,474800,0.0,0.0,0.0
2015-11-23,110.23999786376953,110.23999786376953,110.22000122070312,110.2300033569336,89.18533325195312,803500,0.0,0.0,0.0
2015-11-24,110.23999786376953,110.23999786376953,110.22000122070312,110.23999786376953,89.19338989257812,308100,0.0,0.0,0.0
2015-11-25,110.23999786376953,110.25,110.2300033569336,110.25,89.20146942138672,1606900,0.0,0.0,0.0
2015-11-27,110.26000213623047,110.26000213623047,110.2300033569336,110.25,89.20146942138672,329000,0.0,0.0,0.0
2015-11-30,110.25,110.25,110.2300033569336,110.25,89.20146942138672,568600,0.0,0.0,0.0
2015-12-01,110.23999786376953,110.23999786376953,110.2300033569336,110.2300033569336,89.19015502929688,374900,0.006,0.0,0.0
2015-12-02,110.2300033569336,110.23999786376953,110.22000122070312,110.2300033569336,89.19015502929688,377200,0.0,0.0,0.0
2015-12-03,110.2300033569336,110.23999786376953,110.22000122070312,110.2300033569336,89.19015502929688,671200,0.0,0.0,0.0
2015-12-04,110.2300033569336,110.23999786376953,110.22000122070312,110.2300033569336,89.19015502929688,685900,0.0,0.0,0.0
2015-12-07,110.20999908447266,110.22000122070312,110.19000244140625,110.19999694824219,89.1658706665039,542000,0.0,0.0,0.0
2015-12-08,110.19999694824219,110.19999694824219,110.16999816894531,110.16999816894531,89.1416015625,368400,0.0,0.0,0.0
2015-12-09,110.18000030517578,110.19000244140625,110.16000366210938,110.16999816894531,89.1416015625,347200,0.0,0.0,0.0
2015-12-10,110.18000030517578,110.19999694824219,110.18000030517578,110.18000030517578,89.14974212646484,370900,0.0,0.0,0.0
2015-12-11,110.19999694824219,110.19999694824219,110.18000030517578,110.19000244140625,89.15779113769531,514100,0.0,0.0,0.0
2015-12-14,110.19999694824219,110.19999694824219,110.16999816894531,110.18000030517578,89.14974212646484,2569100,0.0,0.0,0.0
2015-12-15,110.19000244140625,110.19000244140625,110.16999816894531,110.16999816894531,89.1416015625,442200,0.0,0.0,0.0
2015-12-16,110.16999816894531,110.19000244140625,110.16000366210938,110.16999816894531,89.1416015625,811300,0.0,0.0,0.0
2015-12-17,110.18000030517578,110.19000244140625,110.16999816894531,110.19000244140625,89.15779113769531,427900,0.0,0.0,0.0
2015-12-18,110.19000244140625,110.19999694824219,110.18000030517578,110.19999694824219,89.1658706665039,1436400,0.0,0.0,0.0
2015-12-21,110.20999908447266,110.20999908447266,110.19000244140625,110.19999694824219,89.1658706665039,271900,0.0,0.0,0.0
2015-12-22,110.22000122070312,110.22000122070312,110.20999908447266,110.20999908447266,89.17400360107422,407000,0.0,0.0,0.0
2015-12-23,110.22000122070312,110.2300033569336,110.20999908447266,110.20999908447266,89.17400360107422,398400,0.0,0.0,0.0
2015-12-24,110.22000122070312,110.2300033569336,110.20999908447266,110.22000122070312,89.19095611572266,401000,0.011,0.0,0.0
2015-12-28,110.22000122070312,110.2300033569336,110.20999908447266,110.20999908447266,89.18292236328125,230200,0.0,0.0,0.0
2015-12-29,110.2300033569336,110.2300033569336,110.20999908447266,110.2300033569336,89.19908142089844,225900,0.0,0.0,0.0
2015-12-30,110.2300033569336,110.2300033569336,110.20999908447266,110.2300033569336,89.19908142089844,291400,0.0,0.0,0.0
2015-12-31,110.23999786376953,110.23999786376953,110.22000122070312,110.22000122070312,89.19095611572266,161000,0.0,0.0,0.0
2016-01-04,110.2300033569336,110.2300033569336,110.20999908447266,110.22000122070312,89.19095611572266,535600,0.0,0.0,0.0
2016-01-05,110.20999908447266,110.2300033569336,110.20999908447266,110.2300033569336,89.19908142089844,281300,0.0,0.0,0.0
2016-01-06,110.2300033569336,110.2300033569336,110.20999908447266,110.20999908447266,89.18292236328125,597400,0.0,0.0,0.0
2016-01-07,110.20999908447266,110.23999786376953,110.20999908447266,110.22000122070312,89.19095611572266,4903500,0.0,0.0,0.0
2016-01-08,110.22000122070312,110.25,110.22000122070312,110.2300033569336,89.19908142089844,840600,0.0,0.0,0.0
2016-01-11,110.23999786376953,110.23999786376953,110.22000122070312,110.22000122070312,89.19095611572266,653600,0.0,0.0,0.0
2016-01-12,110.2300033569336,110.23999786376953,110.2300033569336,110.2300033569336,89.19908142089844,344700,0.0,0.0,0.0
2016-01-13,110.2300033569336,110.25,110.2300033569336,110.2300033569336,89.19908142089844,505000,0.0,0.0,0.0
2016-01-14,110.23999786376953,110.26000213623047,110.2300033569336,110.25,89.21526336669922,1351900,0.0,0.0,0.0
2016-01-15,110.25,110.2699966430664,110.25,110.26000213623047,89.22335052490234,451300,0.0,0.0,0.0
2016-01-19,110.29000091552734,110.30000305175781,110.26000213623047,110.30000305175781,89.25575256347656,9639800,0.0,0.0,0.0
2016-01-20,110.30000305175781,110.31999969482422,110.27999877929688,110.30999755859375,89.26380920410156,12305900,0.0,0.0,0.0
2016-01-21,110.30999755859375,110.31999969482422,110.29000091552734,110.30999755859375,89.26380920410156,785900,0.0,0.0,0.0
2016-01-22,110.30999755859375,110.30999755859375,110.27999877929688,110.29000091552734,89.24767303466797,650400,0.0,0.0,0.0
2016-01-25,110.29000091552734,110.30000305175781,110.27999877929688,110.29000091552734,89.24767303466797,2018300,0.0,0.0,0.0
2016-01-26,110.29000091552734,110.30000305175781,110.27999877929688,110.29000091552734,89.24767303466797,712100,0.0,0.0,0.0
2016-01-27,110.29000091552734,110.29000091552734,110.27999877929688,110.29000091552734,89.24767303466797,640600,0.0,0.0,0.0
2016-01-28,110.29000091552734,110.30000305175781,110.27999877929688,110.29000091552734,89.24767303466797,609200,0.0,0.0,0.0
2016-01-29,110.27999877929688,110.30000305175781,110.27999877929688,110.30000305175781,89.25575256347656,737800,0.0,0.0,0.0
2016-02-01,110.27999877929688,110.29000091552734,110.2699966430664,110.2699966430664,89.23873138427734,598400,0.009,0.0,0.0
2016-02-02,110.27999877929688,110.30000305175781,110.2699966430664,110.30000305175781,89.26302337646484,553600,0.0,0.0,0.0
2016-02-03,110.30000305175781,110.30999755859375,110.27999877929688,110.30999755859375,89.27111053466797,728700,0.0,0.0,0.0
2016-02-04,110.30999755859375,110.30999755859375,110.27999877929688,110.30999755859375,89.27111053466797,504200,0.0,0.0,0.0
2016-02-05,110.30999755859375,110.30999755859375,110.27999877929688,110.29000091552734,89.25494384765625,424300,0.0,0.0,0.0
2016-02-08,110.27999877929688,110.31999969482422,110.27999877929688,110.29000091552734,89.25494384765625,947900,0.0,0.0,0.0
2016-02-09,110.30999755859375,110.31999969482422,110.29000091552734,110.30999755859375,89.27111053466797,946500,0.0,0.0,0.0
2016-02-10,110.30999755859375,110.30999755859375,110.29000091552734,110.30000305175781,89.26302337646484,314200,0.0,0.0,0.0
2016-02-11,110.30999755859375,110.3499984741211,110.30999755859375,110.30999755859375,89.27111053466797,800000,0.0,0.0,0.0
2016-02-12,110.30999755859375,110.33999633789062,110.30000305175781,110.31999969482422,89.27920532226562,500100,0.0,0.0,0.0
2016-02-16,110.33000183105469,110.33999633789062,110.30000305175781,110.31999969482422,89.27920532226562,703700,0.0,0.0,0.0
2016-02-17,110.3499984741211,110.3499984741211,110.31999969482422,110.31999969482422,89.27920532226562,961200,0.0,0.0,0.0
2016-02-18,110.30999755859375,110.33000183105469,110.30999755859375,110.33000183105469,89.2872543334961,536200,0.0,0.0,0.0
2016-02-19,110.31999969482422,110.33000183105469,110.31999969482422,110.31999969482422,89.27920532226562,817500,0.0,0.0,0.0
2016-02-22,110.31999969482422,110.33000183105469,110.30000305175781,110.30000305175781,89.26302337646484,981100,0.0,0.0,0.0
2016-02-23,110.30000305175781,110.31999969482422,110.30000305175781,110.31999969482422,89.27920532226562,479000,0.0,0.0,0.0
2016-02-24,110.30000305175781,110.33000183105469,110.30000305175781,110.30999755859375,89.27111053466797,423100,0.0,0.0,0.0
2016-02-25,110.31999969482422,110.31999969482422,110.30000305175781,110.30999755859375,89.27111053466797,636500,0.0,0.0,0.0
2016-02-26,110.31999969482422,110.31999969482422,110.30999755859375,110.30999755859375,89.27111053466797,479100,0.0,0.0,0.0
2016-02-29,110.30000305175781,110.33000183105469,110.30000305175781,110.33000183105469,89.2872543334961,370800,0.0,0.0,0.0
2016-03-01,110.31999969482422,110.31999969482422,110.26000213623047,110.2699966430664,89.246826171875,12981300,0.01,0.0,0.0
2016-03-02,110.30000305175781,110.30000305175781,110.26000213623047,110.29000091552734,89.26303100585938,1498700,0.0,0.0,0.0
2016-03-03,110.30000305175781,110.30000305175781,110.29000091552734,110.30000305175781,89.27112579345703,577200,0.0,0.0,0.0
2016-03-04,110.30999755859375,110.30999755859375,110.29000091552734,110.29000091552734,89.26303100585938,999600,0.0,0.0,0.0
2016-03-07,110.29000091552734,110.30999755859375,110.29000091552734,110.29000091552734,89.26303100585938,1059600,0.0,0.0,0.0
2016-03-08,110.29000091552734,110.30999755859375,110.29000091552734,110.30000305175781,89.27112579345703,571100,0.0,0.0,0.0
2016-03-09,110.30000305175781,110.30999755859375,110.30000305175781,110.30999755859375,89.27920532226562,288500,0.0,0.0,0.0
2016-03-10,110.30999755859375,110.30999755859375,110.29000091552734,110.30999755859375,89.27920532226562,806100,0.0,0.0,0.0
2016-03-11,110.30999755859375,110.31999969482422,110.29000091552734,110.30000305175781,89.27112579345703,733300,0.0,0.0,0.0
2016-03-14,110.30000305175781,110.31999969482422,110.30000305175781,110.30000305175781,89.27112579345703,383000,0.0,0.0,0.0
2016-03-15,110.30999755859375,110.31999969482422,110.30000305175781,110.30999755859375,89.27920532226562,3891700,0.0,0.0,0.0
2016-03-16,110.30999755859375,110.31999969482422,110.27999877929688,110.31999969482422,89.28728485107422,919300,0.0,0.0,0.0
2016-03-17,110.30999755859375,110.33000183105469,110.30000305175781,110.33000183105469,89.29535675048828,1288800,0.0,0.0,0.0
2016-03-18,110.30999755859375,110.33999633789062,110.30999755859375,110.31999969482422,89.28728485107422,913100,0.0,0.0,0.0
2016-03-21,110.31999969482422,110.33999633789062,110.31999969482422,110.33000183105469,89.29535675048828,126600,0.0,0.0,0.0
2016-03-22,110.31999969482422,110.33999633789062,110.31999969482422,110.31999969482422,89.28728485107422,211200,0.0,0.0,0.0
2016-03-23,110.31999969482422,110.33999633789062,110.31999969482422,110.31999969482422,89.28728485107422,4137600,0.0,0.0,0.0
2016-03-24,110.31999969482422,110.3499984741211,110.31999969482422,110.3499984741211,89.31156921386719,288400,0.0,0.0,0.0
2016-03-28,110.31999969482422,110.3499984741211,110.31999969482422,110.33000183105469,89.29535675048828,218900,0.0,0.0,0.0
2016-03-29,110.33000183105469,110.37999725341797,110.33000183105469,110.37000274658203,89.32777404785156,365800,0.0,0.0,0.0
2016-03-30,110.37999725341797,110.37999725341797,110.33999633789062,110.37999725341797,89.33587646484375,808300,0.0,0.0,0.0
2016-03-31,110.38999938964844,110.38999938964844,110.3499984741211,110.36000061035156,89.31966400146484,1588000,0.0,0.0,0.0
2016-04-01,110.36000061035156,110.36000061035156,110.33000183105469,110.33000183105469,89.31156158447266,446300,0.02,0.0,0.0
2016-04-04,110.33000183105469,110.36000061035156,110.33000183105469,110.3499984741211,89.32774353027344,419000,0.0,0.0,0.0
2016-04-05,110.36000061035156,110.37999725341797,110.3499984741211,110.37000274658203,89.34398651123047,634300,0.0,0.0,0.0
2016-04-06,110.37999725341797,110.37999725341797,110.3499984741211,110.37000274658203,89.34398651123047,381600,0.0,0.0,0.0
2016-04-07,110.36000061035156,110.37000274658203,110.3499984741211,110.37000274658203,89.34398651123047,207800,0.0,0.0,0.0
2016-04-08,110.37000274658203,110.37999725341797,110.36000061035156,110.37999725341797,89.35204315185547,542300,0.0,0.0,0.0
2016-04-11,110.37999725341797,110.37999725341797,110.36000061035156,110.36000061035156,89.33588409423828,244500,0.0,0.0,0.0
2016-04-12,110.36000061035156,110.37999725341797,110.36000061035156,110.37999725341797,89.35204315185547,421900,0.0,0.0,0.0
2016-04-13,110.37000274658203,110.37999725341797,110.37000274658203,110.37999725341797,89.35204315185547,313100,0.0,0.0,0.0
2016-04-14,110.37000274658203,110.37999725341797,110.36000061035156,110.37000274658203,89.34398651123047,494100,0.0,0.0,0.0
2016-04-15,110.37999725341797,110.37999725341797,110.37000274658203,110.37000274658203,89.34398651123047,390700,0.0,0.0,0.0
2016-04-18,110.37000274658203,110.38999938964844,110.37000274658203,110.38999938964844,89.36013793945312,329100,0.0,0.0,0.0
2016-04-19,110.37999725341797,110.4000015258789,110.37999725341797,110.38999938964844,89.36013793945312,669100,0.0,0.0,0.0
2016-04-20,110.38999938964844,110.4000015258789,110.38999938964844,110.38999938964844,89.36013793945312,493700,0.0,0.0,0.0
2016-04-21,110.38999938964844,110.41000366210938,110.38999938964844,110.38999938964844,89.36013793945312,254800,0.0,0.0,0.0
2016-04-22,110.4000015258789,110.41000366210938,110.37999725341797,110.4000015258789,89.36824798583984,246100,0.0,0.0,0.0
2016-04-25,110.38999938964844,110.41000366210938,110.37999725341797,110.37999725341797,89.35204315185547,419100,0.0,0.0,0.0
2016-04-26,110.37000274658203,110.4000015258789,110.37000274658203,110.37999725341797,89.35204315185547,832500,0.0,0.0,0.0
2016-04-27,110.41000366210938,110.41999816894531,110.38999938964844,110.41999816894531,89.38443756103516,337500,0.0,0.0,0.0
2016-04-28,110.41999816894531,110.41999816894531,110.4000015258789,110.41000366210938,89.37629699707031,341400,0.0,0.0,0.0
2016-04-29,110.4000015258789,110.41999816894531,110.4000015258789,110.4000015258789,89.36824798583984,537100,0.0,0.0,0.0
2016-05-02,110.38999938964844,110.4000015258789,110.36000061035156,110.37000274658203,89.36177825927734,792200,0.022,0.0,0.0
2016-05-03,110.4000015258789,110.4000015258789,110.37000274658203,110.37999725341797,89.36985778808594,502600,0.0,0.0,0.0
2016-05-04,110.37999725341797,110.38999938964844,110.37000274658203,110.37999725341797,89.36985778808594,539900,0.0,0.0,0.0
2016-05-05,110.37999725341797,110.41000366210938,110.37000274658203,110.4000015258789,89.3861083984375,1363400,0.0,0.0,0.0
2016-05-06,110.41000366210938,110.41000366210938,110.37999725341797,110.41000366210938,89.39413452148438,526100,0.0,0.0,0.0
2016-05-09,110.37999725341797,110.41000366210938,110.37999725341797,110.41000366210938,89.39413452148438,604600,0.0,0.0,0.0
2016-05-10,110.4000015258789,110.4000015258789,110.37999725341797,110.4000015258789,89.3861083984375,339600,0.0,0.0,0.0
2016-05-11,110.4000015258789,110.4000015258789,110.37999725341797,110.4000015258789,89.3861083984375,441700,0.0,0.0,0.0
2016-05-12,110.37999725341797,110.4000015258789,110.37999725341797,110.37999725341797,89.36985778808594,890900,0.0,0.0,0.0
2016-05-13,110.37000274658203,110.38999938964844,110.37000274658203,110.37999725341797,89.36985778808594,490700,0.0,0.0,0.0
2016-05-16,110.37999725341797,110.38999938964844,110.37999725341797,110.38999938964844,89.37793731689453,440100,0.0,0.0,0.0
2016-05-17,110.38999938964844,110.4000015258789,110.37999725341797,110.38999938964844,89.37793731689453,794900,0.0,0.0,0.0
2016-05-18,110.37999725341797,110.38999938964844,110.37000274658203,110.37999725341797,89.36985778808594,487300,0.0,0.0,0.0
2016-05-19,110.36000061035156,110.38999938964844,110.36000061035156,110.38999938964844,89.37793731689453,788500,0.0,0.0,0.0
2016-05-20,110.38999938964844,110.38999938964844,110.37000274658203,110.37000274658203,89.36177825927734,269400,0.0,0.0,0.0
2016-05-23,110.37999725341797,110.37999725341797,110.36000061035156,110.37999725341797,89.36985778808594,479600,0.0,0.0,0.0
2016-05-24,110.36000061035156,110.37000274658203,110.3499984741211,110.37000274658203,89.36177825927734,506000,0.0,0.0,0.0
2016-05-25,110.36000061035156,110.38999938964844,110.36000061035156,110.37999725341797,89.36985778808594,411800,0.0,0.0,0.0
2016-05-26,110.37000274658203,110.38999938964844,110.36000061035156,110.37999725341797,89.36985778808594,375800,0.0,0.0,0.0
2016-05-27,110.38999938964844,110.38999938964844,110.3499984741211,110.36000061035156,89.35363006591797,692900,0.0,0.0,0.0
2016-05-31,110.33999633789062,110.37000274658203,110.33999633789062,110.37000274658203,89.36177825927734,3669400,0.0,0.0,0.0
2016-06-01,110.30999755859375,110.3499984741211,110.30999755859375,110.33999633789062,89.36254119873047,3897000,0.031,0.0,0.0
2016-06-02,110.3499984741211,110.3499984741211,110.33000183105469,110.3499984741211,89.37065887451172,826500,0.0,0.0,0.0
2016-06-03,110.37999725341797,110.38999938964844,110.3499984741211,110.3499984741211,89.37065887451172,468900,0.0,0.0,0.0
2016-06-06,110.33999633789062,110.37000274658203,110.33999633789062,110.37000274658203,89.38683319091797,471200,0.0,0.0,0.0
2016-06-07,110.3499984741211,110.37999725341797,110.3499984741211,110.37999725341797,89.39492797851562,522300,0.0,0.0,0.0
2016-06-08,110.37999725341797,110.37999725341797,110.36000061035156,110.37999725341797,89.39492797851562,330400,0.0,0.0,0.0
2016-06-09,110.36000061035156,110.37999725341797,110.36000061035156,110.37999725341797,89.39492797851562,599600,0.0,0.0,0.0
2016-06-10,110.37999725341797,110.38999938964844,110.36000061035156,110.38999938964844,89.40303039550781,396200,0.0,0.0,0.0
2016-06-13,110.37999725341797,110.4000015258789,110.37999725341797,110.38999938964844,89.40303039550781,569800,0.0,0.0,0.0
2016-06-14,110.38999938964844,110.4000015258789,110.37999725341797,110.37999725341797,89.39492797851562,938400,0.0,0.0,0.0
2016-06-15,110.4000015258789,110.4000015258789,110.37999725341797,110.37999725341797,89.39492797851562,853300,0.0,0.0,0.0
2016-06-16,110.4000015258789,110.41000366210938,110.38999938964844,110.41000366210938,89.41928100585938,296700,0.0,0.0,0.0
2016-06-17,110.41999816894531,110.41999816894531,110.38999938964844,110.41000366210938,89.41928100585938,347800,0.0,0.0,0.0
2016-06-20,110.38999938964844,110.41999816894531,110.38999938964844,110.38999938964844,89.40303039550781,377800,0.0,0.0,0.0
2016-06-21,110.38999938964844,110.41000366210938,110.38999938964844,110.38999938964844,89.40303039550781,273200,0.0,0.0,0.0
2016-06-22,110.38999938964844,110.41000366210938,110.38999938964844,110.41000366210938,89.41928100585938,641600,0.0,0.0,0.0
2016-06-23,110.41000366210938,110.41000366210938,110.37999725341797,110.37999725341797,89.39492797851562,496500,0.0,0.0,0.0
2016-06-24,110.45999908447266,110.45999908447266,110.4000015258789,110.44000244140625,89.44354248046875,1091200,0.0,0.0,0.0
2016-06-27,110.38999938964844,110.45999908447266,110.38999938964844,110.44000244140625,89.44354248046875,588600,0.0,0.0,0.0
2016-06-28,110.43000030517578,110.44000244140625,110.41000366210938,110.41999816894531,89.4273452758789,3435700,0.0,0.0,0.0
2016-06-29,110.41000366210938,110.44000244140625,110.41000366210938,110.41999816894531,89.4273452758789,607800,0.0,0.0,0.0
2016-06-30,110.41999816894531,110.44999694824219,110.41999816894531,110.44999694824219,89.45165252685547,3628900,0.0,0.0,0.0
2016-07-01,110.38999938964844,110.44000244140625,110.38999938964844,110.44000244140625,89.46946716308594,1020200,0.032,0.0,0.0
2016-07-05,110.41999816894531,110.41999816894531,110.4000015258789,110.41999816894531,89.45328521728516,548400,0.0,0.0,0.0
2016-07-06,110.43000030517578,110.43000030517578,110.38999938964844,110.38999938964844,89.42894744873047,837700,0.0,0.0,0.0
2016-07-07,110.38999938964844,110.41999816894531,110.38999938964844,110.41999816894531,89.45328521728516,435500,0.0,0.0,0.0
2016-07-08,110.41999816894531,110.41999816894531,110.4000015258789,110.41000366210938,89.44517517089844,642400,0.0,0.0,0.0
2016-07-11,110.4000015258789,110.41000366210938,110.38999938964844,110.38999938964844,89.42894744873047,660400,0.0,0.0,0.0
2016-07-12,110.41000366210938,110.41000366210938,110.38999938964844,110.4000015258789,89.43704986572266,590800,0.0,0.0,0.0
2016-07-13,110.4000015258789,110.4000015258789,110.37999725341797,110.38999938964844,89.42894744873047,892300,0.0,0.0,0.0
2016-07-14,110.4000015258789,110.41000366210938,110.37999725341797,110.38999938964844,89.42894744873047,440500,0.0,0.0,0.0
2016-07-15,110.38999938964844,110.4000015258789,110.37999725341797,110.4000015258789,89.43704986572266,300100,0.0,0.0,0.0
2016-07-18,110.38999938964844,110.4000015258789,110.38999938964844,110.4000015258789,89.43704986572266,172800,0.0,0.0,0.0
2016-07-19,110.38999938964844,110.4000015258789,110.38999938964844,110.38999938964844,89.42894744873047,183300,0.0,0.0,0.0
2016-07-20,110.4000015258789,110.4000015258789,110.38999938964844,110.38999938964844,89.42894744873047,184100,0.0,0.0,0.0
2016-07-21,110.38999938964844,110.4000015258789,110.38999938964844,110.4000015258789,89.43704986572266,3204500,0.0,0.0,0.0
2016-07-22,110.41000366210938,110.41000366210938,110.38999938964844,110.38999938964844,89.42894744873047,1602700,0.0,0.0,0.0
2016-07-25,110.38999938964844,110.41000366210938,110.38999938964844,110.4000015258789,89.43704986572266,472900,0.0,0.0,0.0
2016-07-26,110.41000366210938,110.41000366210938,110.38999938964844,110.38999938964844,89.42894744873047,334200,0.0,0.0,0.0
2016-07-27,110.4000015258789,110.41000366210938,110.38999938964844,110.41000366210938,89.44517517089844,382900,0.0,0.0,0.0
2016-07-28,110.4000015258789,110.41000366210938,110.4000015258789,110.4000015258789,89.43704986572266,293500,0.0,0.0,0.0
2016-07-29,110.41000366210938,110.43000030517578,110.4000015258789,110.41999816894531,89.45328521728516,536500,0.0,0.0,0.0
2016-08-01,110.4000015258789,110.4000015258789,110.36000061035156,110.38999938964844,89.4532699584961,497200,0.03,0.0,0.0
2016-08-02,110.37999725341797,110.4000015258789,110.37999725341797,110.38999938964844,89.4532699584961,601300,0.0,0.0,0.0
2016-08-03,110.38999938964844,110.38999938964844,110.37000274658203,110.37000274658203,89.4370346069336,831700,0.0,0.0,0.0
2016-08-04,110.37000274658203,110.4000015258789,110.37000274658203,110.4000015258789,89.46138763427734,233300,0.0,0.0,0.0
2016-08-05,110.38999938964844,110.38999938964844,110.37000274658203,110.37999725341797,89.44515991210938,702400,0.0,0.0,0.0
2016-08-08,110.37999725341797,110.38999938964844,110.36000061035156,110.36000061035156,89.42894744873047,614300,0.0,0.0,0.0
2016-08-09,110.37000274658203,110.38999938964844,110.36000061035156,110.37999725341797,89.44515991210938,417800,0.0,0.0,0.0
2016-08-10,110.38999938964844,110.4000015258789,110.37999725341797,110.38999938964844,89.4532699584961,586100,0.0,0.0,0.0
2016-08-11,110.37999725341797,110.4000015258789,110.37999725341797,110.4000015258789,89.46138763427734,1360400,0.0,0.0,0.0
2016-08-12,110.4000015258789,110.41000366210938,110.37999725341797,110.38999938964844,89.4532699584961,1975300,0.0,0.0,0.0
2016-08-15,110.38999938964844,110.41000366210938,110.38999938964844,110.4000015258789,89.46138763427734,602700,0.0,0.0,0.0
2016-08-16,110.38999938964844,110.41000366210938,110.38999938964844,110.4000015258789,89.46138763427734,795100,0.0,0.0,0.0
2016-08-17,110.4000015258789,110.41000366210938,110.37999725341797,110.37999725341797,89.44515991210938,851700,0.0,0.0,0.0
2016-08-18,110.4000015258789,110.41000366210938,110.38999938964844,110.41000366210938,89.4695053100586,363400,0.0,0.0,0.0
2016-08-19,110.4000015258789,110.41000366210938,110.38999938964844,110.41000366210938,89.4695053100586,221600,0.0,0.0,0.0
2016-08-22,110.41000366210938,110.41000366210938,110.4000015258789,110.41000366210938,89.4695053100586,425600,0.0,0.0,0.0
2016-08-23,110.4000015258789,110.41000366210938,110.38999938964844,110.38999938964844,89.4532699584961,395600,0.0,0.0,0.0
2016-08-24,110.38999938964844,110.41000366210938,110.38999938964844,110.38999938964844,89.4532699584961,249200,0.0,0.0,0.0
2016-08-25,110.38999938964844,110.41000366210938,110.38999938964844,110.38999938964844,89.4532699584961,1031300,0.0,0.0,0.0
2016-08-26,110.38999938964844,110.41000366210938,110.38999938964844,110.38999938964844,89.4532699584961,597600,0.0,0.0,0.0
2016-08-29,110.41000366210938,110.41000366210938,110.37999725341797,110.4000015258789,89.46138763427734,938300,0.0,0.0,0.0
2016-08-30,110.37999725341797,110.4000015258789,110.37999725341797,110.38999938964844,89.4532699584961,595900,0.0,0.0,0.0
2016-08-31,110.38999938964844,110.41000366210938,110.37999725341797,110.38999938964844,89.4532699584961,390300,0.0,0.0,0.0
2016-09-01,110.37999725341797,110.37999725341797,110.33999633789062,110.3499984741211,89.44761657714844,1127100,0.033,0.0,0.0
2016-09-02,110.3499984741211,110.36000061035156,110.33999633789062,110.33999633789062,89.43946838378906,462000,0.0,0.0,0.0
2016-09-06,110.33999633789062,110.38999938964844,110.33999633789062,110.38999938964844,89.4800033569336,1264400,0.0,0.0,0.0
2016-09-07,110.38999938964844,110.38999938964844,110.37000274658203,110.37000274658203,89.46377563476562,323600,0.0,0.0,0.0
2016-09-08,110.37999725341797,110.37999725341797,110.36000061035156,110.36000061035156,89.4557113647461,325800,0.0,0.0,0.0
2016-09-09,110.36000061035156,110.37000274658203,110.3499984741211,110.37000274658203,89.46377563476562,378400,0.0,0.0,0.0
2016-09-12,110.3499984741211,110.36000061035156,110.33000183105469,110.3499984741211,89.44761657714844,1399900,0.0,0.0,0.0
2016-09-13,110.33000183105469,110.36000061035156,110.31999969482422,110.36000061035156,89.4557113647461,1085100,0.0,0.0,0.0
2016-09-14,110.3499984741211,110.37000274658203,110.33999633789062,110.33999633789062,89.43946838378906,603600,0.0,0.0,0.0
2016-09-15,110.36000061035156,110.37000274658203,110.3499984741211,110.3499984741211,89.44761657714844,297400,0.0,0.0,0.0
2016-09-16,110.36000061035156,110.37999725341797,110.36000061035156,110.37999725341797,89.47189331054688,247600,0.0,0.0,0.0
2016-09-19,110.37999725341797,110.4000015258789,110.36000061035156,110.37000274658203,89.46377563476562,3965900,0.0,0.0,0.0
2016-09-20,110.38999938964844,110.41000366210938,110.37999725341797,110.41000366210938,89.49624633789062,2657800,0.0,0.0,0.0
2016-09-21,110.4000015258789,110.41000366210938,110.37000274658203,110.41000366210938,89.49624633789062,902200,0.0,0.0,0.0
2016-09-22,110.38999938964844,110.43000030517578,110.38999938964844,110.41000366210938,89.49624633789062,715600,0.0,0.0,0.0
2016-09-23,110.43000030517578,110.44000244140625,110.41000366210938,110.44000244140625,89.52052307128906,449600,0.0,0.0,0.0
2016-09-26,110.44000244140625,110.45999908447266,110.41999816894531,110.45999908447266,89.53675079345703,411900,0.0,0.0,0.0
2016-09-27,110.44999694824219,110.44999694824219,110.41000366210938,110.41000366210938,89.49624633789062,852700,0.0,0.0,0.0
2016-09-28,110.41999816894531,110.44999694824219,110.41000366210938,110.44999694824219,89.52864837646484,473500,0.0,0.0,0.0
2016-09-29,110.37999725341797,110.44000244140625,110.37999725341797,110.44000244140625,89.52052307128906,923000,0.0,0.0,0.0
2016-09-30,110.44000244140625,110.44000244140625,110.4000015258789,110.43000030517578,89.51242065429688,534900,0.0,0.0,0.0
2016-10-03,110.36000061035156,110.38999938964844,110.3499984741211,110.3499984741211,89.47431182861328,490500,0.033,0.0,0.0
2016-10-04,110.3499984741211,110.37000274658203,110.33999633789062,110.3499984741211,89.47431182861328,880600,0.0,0.0,0.0
2016-10-05,110.33999633789062,110.37999725341797,110.33999633789062,110.37999725341797,89.4986343383789,904900,0.0,0.0,0.0
2016-10-06,110.38999938964844,110.38999938964844,110.3499984741211,110.3499984741211,89.47431182861328,514400,0.0,0.0,0.0
2016-10-07,110.3499984741211,110.38999938964844,110.3499984741211,110.38999938964844,89.50675201416016,654700,0.0,0.0,0.0
2016-10-10,110.36000061035156,110.38999938964844,110.36000061035156,110.36000061035156,89.48243713378906,527200,0.0,0.0,0.0
2016-10-11,110.3499984741211,110.38999938964844,110.3499984741211,110.38999938964844,89.50675201416016,569000,0.0,0.0,0.0
2016-10-12,110.41000366210938,110.41000366210938,110.37000274658203,110.37000274658203,89.49053192138672,277700,0.0,0.0,0.0
2016-10-13,110.41999816894531,110.41999816894531,110.37000274658203,110.4000015258789,89.5148696899414,420400,0.0,0.0,0.0
2016-10-14,110.37000274658203,110.41000366210938,110.37000274658203,110.4000015258789,89.5148696899414,317700,0.0,0.0,0.0
2016-10-17,110.37999725341797,110.4000015258789,110.37999725341797,110.4000015258789,89.5148696899414,312200,0.0,0.0,0.0
2016-10-18,110.38999938964844,110.4000015258789,110.38999938964844,110.38999938964844,89.50675201416016,584600,0.0,0.0,0.0
2016-10-19,110.4000015258789,110.41000366210938,110.38999938964844,110.41000366210938,89.52299499511719,447600,0.0,0.0,0.0
2016-10-20,110.38999938964844,110.41999816894531,110.37999725341797,110.37999725341797,89.4986343383789,871800,0.0,0.0,0.0
2016-10-21,110.38999938964844,110.41000366210938,110.38999938964844,110.4000015258789,89.5148696899414,308000,0.0,0.0,0.0
2016-10-24,110.41000366210938,110.41000366210938,110.38999938964844,110.41000366210938,89.52299499511719,654300,0.0,0.0,0.0
2016-10-25,110.41000366210938,110.41000366210938,110.38999938964844,110.41000366210938,89.52299499511719,520100,0.0,0.0,0.0
2016-10-26,110.38999938964844,110.41000366210938,110.38999938964844,110.41000366210938,89.52299499511719,333700,0.0,0.0,0.0
2016-10-27,110.41000366210938,110.41000366210938,110.38999938964844,110.38999938964844,89.50675201416016,272400,0.0,0.0,0.0
2016-10-28,110.37999725341797,110.41000366210938,110.37999725341797,110.41000366210938,89.52299499511719,699100,0.0,0.0,0.0
2016-10-31,110.41999816894531,110.44000244140625,110.4000015258789,110.44000244140625,89.54728698730469,560300,0.0,0.0,0.0
2016-11-01,110.37999725341797,110.4000015258789,110.37000274658203,110.4000015258789,89.54407501220703,945600,0.036,0.0,0.0
2016-11-02,110.37000274658203,110.4000015258789,110.37000274658203,110.37999725341797,89.52783966064453,264500,0.0,0.0,0.0
2016-11-03,110.37999725341797,110.4000015258789,110.37000274658203,110.4000015258789,89.54407501220703,678300,0.0,0.0,0.0
2016-11-04,110.4000015258789,110.41000366210938,110.37999725341797,110.41000366210938,89.55220794677734,621600,0.0,0.0,0.0
2016-11-07,110.4000015258789,110.4000015258789,110.37000274658203,110.37000274658203,89.51974487304688,835700,0.0,0.0,0.0
2016-11-08,110.36000061035156,110.38999938964844,110.3499984741211,110.38999938964844,89.53594970703125,683900,0.0,0.0,0.0
2016-11-09,110.38999938964844,110.38999938964844,110.3499984741211,110.38999938964844,89.53594970703125,1555100,0.0,0.0,0.0
2016-11-10,110.37000274658203,110.37000274658203,110.31999969482422,110.31999969482422,89.47917175292969,1329000,0.0,0.0,0.0
2016-11-11,110.33999633789062,110.37000274658203,110.33000183105469,110.33000183105469,89.48728942871094,821200,0.0,0.0,0.0
2016-11-14,110.36000061035156,110.36000061035156,110.30999755859375,110.33000183105469,89.48728942871094,3575700,0.0,0.0,0.0
2016-11-15,110.33999633789062,110.3499984741211,110.31999969482422,110.33000183105469,89.48728942871094,602500,0.0,0.0,0.0
2016-11-16,110.31999969482422,110.33999633789062,110.31999969482422,110.33999633789062,89.49537658691406,592000,0.0,0.0,0.0
2016-11-17,110.33000183105469,110.36000061035156,110.33000183105469,110.36000061035156,89.51162719726562,913100,0.0,0.0,0.0
2016-11-18,110.33000183105469,110.36000061035156,110.33000183105469,110.33999633789062,89.49537658691406,902400,0.0,0.0,0.0
2016-11-21,110.33999633789062,110.36000061035156,110.33999633789062,110.3499984741211,89.50352478027344,378400,0.0,0.0,0.0
2016-11-22,110.33999633789062,110.37000274658203,110.33000183105469,110.33000183105469,89.48728942871094,1192400,0.0,0.0,0.0
2016-11-23,110.36000061035156,110.37000274658203,110.33000183105469,110.33000183105469,89.48728942871094,833200,0.0,0.0,0.0
2016-11-25,110.33000183105469,110.37000274658203,110.33000183105469,110.37000274658203,89.51974487304688,364900,0.0,0.0,0.0
2016-11-28,110.33999633789062,110.37999725341797,110.33999633789062,110.37000274658203,89.51974487304688,841700,0.0,0.0,0.0
2016-11-29,110.38999938964844,110.38999938964844,110.3499984741211,110.36000061035156,89.51162719726562,585000,0.0,0.0,0.0
2016-11-30,110.37000274658203,110.37999725341797,110.33000183105469,110.33000183105469,89.48728942871094,1651100,0.0,0.0,0.0
2016-12-01,110.3499984741211,110.3499984741211,110.30999755859375,110.30999755859375,89.5010757446289,827900,0.037,0.0,0.0
2016-12-02,110.3499984741211,110.36000061035156,110.31999969482422,110.3499984741211,89.53353118896484,654900,0.0,0.0,0.0
2016-12-05,110.3499984741211,110.3499984741211,110.30999755859375,110.30999755859375,89.5010757446289,838300,0.0,0.0,0.0
2016-12-06,110.31999969482422,110.3499984741211,110.31999969482422,110.3499984741211,89.53353118896484,690300,0.0,0.0,0.0
2016-12-07,110.33000183105469,110.3499984741211,110.30000305175781,110.30000305175781,89.49298858642578,918700,0.0,0.0,0.0
2016-12-08,110.31999969482422,110.3499984741211,110.30000305175781,110.30000305175781,89.49298858642578,462000,0.0,0.0,0.0
2016-12-09,110.33000183105469,110.3499984741211,110.30999755859375,110.30999755859375,89.5010757446289,1218300,0.0,0.0,0.0
2016-12-12,110.30999755859375,110.33999633789062,110.30999755859375,110.30999755859375,89.5010757446289,448500,0.0,0.0,0.0
2016-12-13,110.30999755859375,110.33000183105469,110.30999755859375,110.30999755859375,89.5010757446289,626000,0.0,0.0,0.0
2016-12-14,110.31999969482422,110.33999633789062,110.30000305175781,110.30000305175781,89.49298858642578,643800,0.0,0.0,0.0
2016-12-15,110.33000183105469,110.33000183105469,110.30000305175781,110.33000183105469,89.5173110961914,491200,0.0,0.0,0.0
2016-12-16,110.33999633789062,110.36000061035156,110.31999969482422,110.36000061035156,89.54164123535156,483000,0.0,0.0,0.0
2016-12-19,110.41999816894531,110.41999816894531,110.33000183105469,110.37999725341797,89.5578384399414,495800,0.0,0.0,0.0
2016-12-20,110.37000274658203,110.37999725341797,110.33999633789062,110.37999725341797,89.5578384399414,480000,0.0,0.0,0.0
2016-12-21,110.37000274658203,110.38999938964844,110.33999633789062,110.38999938964844,89.56594848632812,442100,0.0,0.0,0.0
2016-12-22,110.31999969482422,110.31999969482422,110.27999877929688,110.30000305175781,89.557861328125,756900,0.08,0.0,0.0
2016-12-23,110.30000305175781,110.30999755859375,110.27999877929688,110.30000305175781,89.557861328125,746900,0.0,0.0,0.0
2016-12-27,110.30000305175781,110.30000305175781,110.2699966430664,110.30000305175781,89.557861328125,817000,0.0,0.0,0.0
2016-12-28,110.29000091552734,110.29000091552734,110.27999877929688,110.29000091552734,89.54973602294922,403600,0.0,0.0,0.0
2016-12-29,110.29000091552734,110.31999969482422,110.27999877929688,110.30999755859375,89.56597900390625,508100,0.0,0.0,0.0
2016-12-30,110.30999755859375,110.31999969482422,110.27999877929688,110.30000305175781,89.557861328125,364200,0.0,0.0,0.0
2017-01-03,110.29000091552734,110.33000183105469,110.27999877929688,110.33000183105469,89.58226013183594,701500,0.0,0.0,0.0
2017-01-04,110.30000305175781,110.31999969482422,110.29000091552734,110.31999969482422,89.57408905029297,759900,0.0,0.0,0.0
2017-01-05,110.30999755859375,110.3499984741211,110.30000305175781,110.30999755859375,89.56597900390625,800800,0.0,0.0,0.0
2017-01-06,110.30000305175781,110.33999633789062,110.29000091552734,110.33999633789062,89.59031677246094,503700,0.0,0.0,0.0
2017-01-09,110.33000183105469,110.36000061035156,110.31999969482422,110.36000061035156,89.6065902709961,644700,0.0,0.0,0.0
2017-01-10,110.31999969482422,110.36000061035156,110.31999969482422,110.3499984741211,89.59847259521484,639700,0.0,0.0,0.0
2017-01-11,110.3499984741211,110.36000061035156,110.33999633789062,110.3499984741211,89.59847259521484,1003400,0.0,0.0,0.0
2017-01-12,110.33999633789062,110.36000061035156,110.33999633789062,110.36000061035156,89.6065902709961,712700,0.0,0.0,0.0
2017-01-13,110.33999633789062,110.36000061035156,110.33999633789062,110.36000061035156,89.6065902709961,1003100,0.0,0.0,0.0
2017-01-17,110.3499984741211,110.37000274658203,110.33999633789062,110.3499984741211,89.59847259521484,959900,0.0,0.0,0.0
2017-01-18,110.3499984741211,110.36000061035156,110.33999633789062,110.36000061035156,89.6065902709961,652400,0.0,0.0,0.0
2017-01-19,110.3499984741211,110.37999725341797,110.3499984741211,110.37000274658203,89.61466979980469,616800,0.0,0.0,0.0
2017-01-20,110.37999725341797,110.37999725341797,110.3499984741211,110.37000274658203,89.61466979980469,1248800,0.0,0.0,0.0
2017-01-23,110.3499984741211,110.37999725341797,110.3499984741211,110.37999725341797,89.622802734375,352700,0.0,0.0,0.0
2017-01-24,110.37999725341797,110.37999725341797,110.3499984741211,110.36000061035156,89.6065902709961,733100,0.0,0.0,0.0
2017-01-25,110.36000061035156,110.37000274658203,110.3499984741211,110.3499984741211,89.59847259521484,1515800,0.0,0.0,0.0
2017-01-26,110.36000061035156,110.37999725341797,110.36000061035156,110.37999725341797,89.622802734375,1167400,0.0,0.0,0.0
2017-01-27,110.36000061035156,110.38999938964844,110.36000061035156,110.36000061035156,89.6065902709961,815800,0.0,0.0,0.0
2017-01-30,110.36000061035156,110.38999938964844,110.36000061035156,110.37000274658203,89.61466979980469,502400,0.0,0.0,0.0
2017-01-31,110.38999938964844,110.38999938964844,110.36000061035156,110.36000061035156,89.6065902709961,958400,0.0,0.0,0.0
2017-02-01,110.30999755859375,110.36000061035156,110.30999755859375,110.33000183105469,89.61466217041016,529300,0.04,0.0,0.0
2017-02-02,110.33000183105469,110.36000061035156,110.31999969482422,110.31999969482422,89.60659790039062,679700,0.0,0.0,0.0
2017-02-03,110.31999969482422,110.36000061035156,110.31999969482422,110.33999633789062,89.62281799316406,721600,0.0,0.0,0.0
2017-02-06,110.33999633789062,110.36000061035156,110.33999633789062,110.36000061035156,89.63905334472656,309200,0.0,0.0,0.0
2017-02-07,110.36000061035156,110.36000061035156,110.33999633789062,110.3499984741211,89.63091278076172,364200,0.0,0.0,0.0
2017-02-08,110.36000061035156,110.37000274658203,110.3499984741211,110.37000274658203,89.64722442626953,431600,0.0,0.0,0.0
2017-02-09,110.36000061035156,110.37000274658203,110.33000183105469,110.33999633789062,89.62281799316406,639300,0.0,0.0,0.0
2017-02-10,110.33999633789062,110.37000274658203,110.33999633789062,110.36000061035156,89.63905334472656,478400,0.0,0.0,0.0
2017-02-13,110.3499984741211,110.37000274658203,110.33000183105469,110.36000061035156,89.63905334472656,881600,0.0,0.0,0.0
2017-02-14,110.33999633789062,110.36000061035156,110.33000183105469,110.33000183105469,89.61466217041016,453900,0.0,0.0,0.0
2017-02-15,110.33000183105469,110.36000061035156,110.33000183105469,110.3499984741211,89.63091278076172,391800,0.0,0.0,0.0
2017-02-16,110.33999633789062,110.36000061035156,110.33999633789062,110.33999633789062,89.62281799316406,380300,0.0,0.0,0.0
2017-02-17,110.3499984741211,110.37000274658203,110.3499984741211,110.36000061035156,89.63905334472656,364600,0.0,0.0,0.0
2017-02-21,110.36000061035156,110.37999725341797,110.3499984741211,110.37000274658203,89.64722442626953,840600,0.0,0.0,0.0
2017-02-22,110.36000061035156,110.37999725341797,110.3499984741211,110.36000061035156,89.63905334472656,681400,0.0,0.0,0.0
2017-02-23,110.37000274658203,110.37999725341797,110.36000061035156,110.36000061035156,89.63905334472656,714400,0.0,0.0,0.0
2017-02-24,110.4000015258789,110.4000015258789,110.37000274658203,110.38999938964844,89.66343688964844,1247500,0.0,0.0,0.0
2017-02-27,110.4000015258789,110.4000015258789,110.37000274658203,110.37999725341797,89.65531158447266,431100,0.0,0.0,0.0
2017-02-28,110.37999725341797,110.38999938964844,110.36000061035156,110.37000274658203,89.64722442626953,508800,0.0,0.0,0.0
2017-03-01,110.30000305175781,110.30999755859375,110.27999877929688,110.27999877929688,89.60977935791016,725100,0.044,0.0,0.0
2017-03-02,110.27999877929688,110.29000091552734,110.26000213623047,110.2699966430664,89.60166931152344,337500,0.0,0.0,0.0
2017-03-03,110.27999877929688,110.30000305175781,110.2699966430664,110.29000091552734,89.61797332763672,2054900,0.0,0.0,0.0
2017-03-06,110.26000213623047,110.29000091552734,110.26000213623047,110.2699966430664,89.60166931152344,343100,0.0,0.0,0.0
2017-03-07,110.29000091552734,110.29000091552734,110.25,110.2699966430664,89.60166931152344,442600,0.0,0.0,0.0
2017-03-08,110.23999786376953,110.26000213623047,110.2300033569336,110.2300033569336,89.5691909790039,764200,0.0,0.0,0.0
2017-03-09,110.2300033569336,110.26000213623047,110.2300033569336,110.23999786376953,89.57730102539062,686900,0.0,0.0,0.0
2017-03-10,110.25,110.27999877929688,110.23999786376953,110.27999877929688,89.60977935791016,1424900,0.0,0.0,0.0
2017-03-13,110.2699966430664,110.2699966430664,110.23999786376953,110.25,89.58541870117188,995600,0.0,0.0,0.0
2017-03-14,110.25,110.26000213623047,110.25,110.25,89.58541870117188,285300,0.0,0.0,0.0
2017-03-15,110.26000213623047,110.30000305175781,110.23999786376953,110.29000091552734,89.61797332763672,1061800,0.0,0.0,0.0
2017-03-16,110.27999877929688,110.29000091552734,110.25,110.27999877929688,89.60977935791016,556500,0.0,0.0,0.0
2017-03-17,110.30000305175781,110.30000305175781,110.2699966430664,110.27999877929688,89.60977935791016,1848400,0.0,0.0,0.0
2017-03-20,110.27999877929688,110.29000091552734,110.2699966430664,110.29000091552734,89.61797332763672,176600,0.0,0.0,0.0
2017-03-21,110.2699966430664,110.30000305175781,110.2699966430664,110.29000091552734,89.61797332763672,573500,0.0,0.0,0.0
2017-03-22,110.30999755859375,110.30999755859375,110.29000091552734,110.29000091552734,89.61797332763672,780000,0.0,0.0,0.0
2017-03-23,110.30999755859375,110.30999755859375,110.29000091552734,110.29000091552734,89.61797332763672,504400,0.0,0.0,0.0
2017-03-24,110.29000091552734,110.30999755859375,110.27999877929688,110.27999877929688,89.60977935791016,891100,0.0,0.0,0.0
2017-03-27,110.27999877929688,110.30999755859375,110.2699966430664,110.2699966430664,89.60166931152344,627500,0.0,0.0,0.0
2017-03-28,110.27999877929688,110.30000305175781,110.27999877929688,110.27999877929688,89.60977935791016,429200,0.0,0.0,0.0
2017-03-29,110.30000305175781,110.30999755859375,110.27999877929688,110.30999755859375,89.63418579101562,536300,0.0,0.0,0.0
2017-03-30,110.29000091552734,110.31999969482422,110.27999877929688,110.31999969482422,89.64232635498047,794100,0.0,0.0,0.0
2017-03-31,110.33000183105469,110.33999633789062,110.30999755859375,110.33999633789062,89.65858459472656,451700,0.0,0.0,0.0
2017-04-03,110.2699966430664,110.29000091552734,110.26000213623047,110.2699966430664,89.63984680175781,686700,0.047,0.0,0.0
2017-04-04,110.27999877929688,110.29000091552734,110.26000213623047,110.26000213623047,89.63175964355469,414600,0.0,0.0,0.0
2017-04-05,110.26000213623047,110.27999877929688,110.2300033569336,110.2300033569336,89.60739135742188,820500,0.0,0.0,0.0
2017-04-06,110.2699966430664,110.27999877929688,110.26000213623047,110.26000213623047,89.63175964355469,380800,0.0,0.0,0.0
2017-04-07,110.29000091552734,110.29000091552734,110.25,110.25,89.62359619140625,938600,0.0,0.0,0.0
2017-04-10,110.25,110.27999877929688,110.25,110.2699966430664,89.63984680175781,409700,0.0,0.0,0.0
2017-04-11,110.2699966430664,110.29000091552734,110.2699966430664,110.2699966430664,89.63984680175781,394800,0.0,0.0,0.0
2017-04-12,110.29000091552734,110.29000091552734,110.2699966430664,110.27999877929688,89.64800262451172,230900,0.0,0.0,0.0
2017-04-13,110.27999877929688,110.30000305175781,110.27999877929688,110.30000305175781,89.66423797607422,162400,0.0,0.0,0.0
2017-04-17,110.30000305175781,110.30999755859375,110.27999877929688,110.27999877929688,89.64800262451172,319200,0.0,0.0,0.0
2017-04-18,110.29000091552734,110.30000305175781,110.27999877929688,110.27999877929688,89.64800262451172,437500,0.0,0.0,0.0
2017-04-19,110.27999877929688,110.30000305175781,110.27999877929688,110.30000305175781,89.66423797607422,627700,0.0,0.0,0.0
2017-04-20,110.27999877929688,110.30000305175781,110.27999877929688,110.27999877929688,89.64800262451172,355700,0.0,0.0,0.0
2017-04-21,110.27999877929688,110.30999755859375,110.27999877929688,110.29000091552734,89.65613555908203,366700,0.0,0.0,0.0
2017-04-24,110.29000091552734,110.30999755859375,110.29000091552734,110.30999755859375,89.67240142822266,989800,0.0,0.0,0.0
2017-04-25,110.29000091552734,110.30999755859375,110.27999877929688,110.30000305175781,89.66423797607422,681300,0.0,0.0,0.0
2017-04-26,110.29000091552734,110.30000305175781,110.29000091552734,110.29000091552734,89.65613555908203,1329300,0.0,0.0,0.0
2017-04-27,110.29000091552734,110.31999969482422,110.29000091552734,110.30000305175781,89.66423797607422,602700,0.0,0.0,0.0
2017-04-28,110.31999969482422,110.31999969482422,110.29000091552734,110.29000091552734,89.65613555908203,286700,0.0,0.0,0.0
2017-05-01,110.29000091552734,110.29000091552734,110.25,110.25,89.66504669189453,196500,0.051,0.0,0.0
2017-05-02,110.25,110.2699966430664,110.23999786376953,110.23999786376953,89.65692138671875,349800,0.0,0.0,0.0
2017-05-03,110.26000213623047,110.27999877929688,110.22000122070312,110.22000122070312,89.64069366455078,530200,0.0,0.0,0.0
2017-05-04,110.23999786376953,110.26000213623047,110.2300033569336,110.2300033569336,89.64883422851562,474000,0.0,0.0,0.0
2017-05-05,110.23999786376953,110.27999877929688,110.23999786376953,110.23999786376953,89.65692138671875,684400,0.0,0.0,0.0
2017-05-08,110.26000213623047,110.26000213623047,110.23999786376953,110.23999786376953,89.65692138671875,434500,0.0,0.0,0.0
2017-05-09,110.23999786376953,110.25,110.2300033569336,110.23999786376953,89.65692138671875,380700,0.0,0.0,0.0
2017-05-10,110.23999786376953,110.26000213623047,110.2300033569336,110.2300033569336,89.64883422851562,529700,0.0,0.0,0.0
2017-05-11,110.23999786376953,110.2699966430664,110.2300033569336,110.26000213623047,89.67322540283203,523900,0.0,0.0,0.0
2017-05-12,110.26000213623047,110.27999877929688,110.26000213623047,110.26000213623047,89.67322540283203,224400,0.0,0.0,0.0
2017-05-15,110.27999877929688,110.29000091552734,110.26000213623047,110.2699966430664,89.68132019042969,507300,0.0,0.0,0.0
2017-05-16,110.27999877929688,110.29000091552734,110.2699966430664,110.2699966430664,89.68132019042969,281700,0.0,0.0,0.0
2017-05-17,110.30000305175781,110.30999755859375,110.27999877929688,110.30000305175781,89.70575714111328,844200,0.0,0.0,0.0
2017-05-18,110.29000091552734,110.31999969482422,110.2699966430664,110.29000091552734,89.69760131835938,2202000,0.0,0.0,0.0
2017-05-19,110.29000091552734,110.30999755859375,110.29000091552734,110.30000305175781,89.70575714111328,419600,0.0,0.0,0.0
2017-05-22,110.30000305175781,110.30999755859375,110.27999877929688,110.30000305175781,89.70575714111328,894500,0.0,0.0,0.0
2017-05-23,110.30000305175781,110.30999755859375,110.29000091552734,110.29000091552734,89.69760131835938,469400,0.0,0.0,0.0
2017-05-24,110.29000091552734,110.30999755859375,110.2699966430664,110.30000305175781,89.70575714111328,875200,0.0,0.0,0.0
2017-05-25,110.30000305175781,110.30999755859375,110.27999877929688,110.30000305175781,89.70575714111328,2031100,0.0,0.0,0.0
2017-05-26,110.30000305175781,110.30999755859375,110.29000091552734,110.30000305175781,89.70575714111328,707800,0.0,0.0,0.0
2017-05-30,110.30999755859375,110.31999969482422,110.27999877929688,110.29000091552734,89.69760131835938,685500,0.0,0.0,0.0
2017-05-31,110.30999755859375,110.31999969482422,110.29000091552734,110.30000305175781,89.70575714111328,1093700,0.0,0.0,0.0
2017-06-01,110.23999786376953,110.2699966430664,110.23999786376953,110.25,89.71061706542969,278400,0.056,0.0,0.0
2017-06-02,110.25,110.2699966430664,110.25,110.2699966430664,89.72686767578125,737100,0.0,0.0,0.0
2017-06-05,110.2699966430664,110.2699966430664,110.25,110.26000213623047,89.71875,292300,0.0,0.0,0.0
2017-06-06,110.2699966430664,110.27999877929688,110.23999786376953,110.25,89.71061706542969,683200,0.0,0.0,0.0
2017-06-07,110.26000213623047,110.26000213623047,110.23999786376953,110.26000213623047,89.71875,424300,0.0,0.0,0.0
2017-06-08,110.25,110.26000213623047,110.25,110.26000213623047,89.71875,368200,0.0,0.0,0.0
2017-06-09,110.25,110.26000213623047,110.23999786376953,110.25,89.71061706542969,367500,0.0,0.0,0.0
2017-06-12,110.23999786376953,110.26000213623047,110.23999786376953,110.23999786376953,89.7024917602539,379400,0.0,0.0,0.0
2017-06-13,110.25,110.29000091552734,110.25,110.27999877929688,89.73501586914062,1504200,0.0,0.0,0.0
2017-06-14,110.2699966430664,110.33000183105469,110.2699966430664,110.27999877929688,89.73501586914062,1330500,0.0,0.0,0.0
2017-06-15,110.29000091552734,110.29000091552734,110.26000213623047,110.27999877929688,89.73501586914062,1182700,0.0,0.0,0.0
2017-06-16,110.27999877929688,110.30000305175781,110.27999877929688,110.29000091552734,89.7431640625,1131300,0.0,0.0,0.0
2017-06-19,110.27999877929688,110.30000305175781,110.2699966430664,110.29000091552734,89.7431640625,545000,0.0,0.0,0.0
2017-06-20,110.30000305175781,110.30000305175781,110.27999877929688,110.29000091552734,89.7431640625,642800,0.0,0.0,0.0
2017-06-21,110.29000091552734,110.30000305175781,110.29000091552734,110.29000091552734,89.7431640625,674100,0.0,0.0,0.0
2017-06-22,110.29000091552734,110.31999969482422,110.27999877929688,110.30999755859375,89.75946807861328,1300000,0.0,0.0,0.0
2017-06-23,110.31999969482422,110.33000183105469,110.30999755859375,110.31999969482422,89.76761627197266,323900,0.0,0.0,0.0
2017-06-26,110.30999755859375,110.33000183105469,110.30000305175781,110.30000305175781,89.7513198852539,1421200,0.0,0.0,0.0
2017-06-27,110.30999755859375,110.30999755859375,110.29000091552734,110.30000305175781,89.7513198852539,502000,0.0,0.0,0.0
2017-06-28,110.29000091552734,110.30999755859375,110.29000091552734,110.30999755859375,89.75946807861328,387700,0.0,0.0,0.0
2017-06-29,110.30000305175781,110.31999969482422,110.29000091552734,110.31999969482422,89.76761627197266,677300,0.0,0.0,0.0
2017-06-30,110.30999755859375,110.33000183105469,110.30999755859375,110.33000183105469,89.77570343017578,465900,0.0,0.0,0.0
2017-07-03,110.26000213623047,110.2699966430664,110.23999786376953,110.26000213623047,89.76839447021484,765200,0.061,0.0,0.0
2017-07-05,110.23999786376953,110.27999877929688,110.23999786376953,110.26000213623047,89.76839447021484,630600,0.0,0.0,0.0
2017-07-06,110.2699966430664,110.29000091552734,110.26000213623047,110.29000091552734,89.79278564453125,766000,0.0,0.0,0.0
2017-07-07,110.29000091552734,110.29000091552734,110.27999877929688,110.27999877929688,89.78466796875,505600,0.0,0.0,0.0
2017-07-10,110.27999877929688,110.30000305175781,110.27999877929688,110.29000091552734,89.79278564453125,283200,0.0,0.0,0.0
2017-07-11,110.30000305175781,110.31999969482422,110.29000091552734,110.30999755859375,89.80912780761719,2431100,0.0,0.0,0.0
2017-07-12,110.30999755859375,110.31999969482422,110.29000091552734,110.31999969482422,89.8172607421875,2168000,0.0,0.0,0.0
2017-07-13,110.31999969482422,110.31999969482422,110.30000305175781,110.30999755859375,89.80912780761719,880500,0.0,0.0,0.0
2017-07-14,110.30999755859375,110.33999633789062,110.30999755859375,110.33999633789062,89.83352661132812,1046000,0.0,0.0,0.0
2017-07-17,110.33000183105469,110.33999633789062,110.31999969482422,110.33999633789062,89.83352661132812,763600,0.0,0.0,0.0
2017-07-18,110.33000183105469,110.3499984741211,110.31999969482422,110.33000183105469,89.82539367675781,1376800,0.0,0.0,0.0
2017-07-19,110.33000183105469,110.33999633789062,110.31999969482422,110.33000183105469,89.82539367675781,1220700,0.0,0.0,0.0
2017-07-20,110.3499984741211,110.3499984741211,110.33000183105469,110.33999633789062,89.83352661132812,676000,0.0,0.0,0.0
2017-07-21,110.3499984741211,110.3499984741211,110.31999969482422,110.33000183105469,89.82539367675781,538200,0.0,0.0,0.0
2017-07-24,110.33000183105469,110.3499984741211,110.31999969482422,110.33999633789062,89.83352661132812,476800,0.0,0.0,0.0
2017-07-25,110.33999633789062,110.33999633789062,110.29000091552734,110.29000091552734,89.79278564453125,1317600,0.0,0.0,0.0
2017-07-26,110.30999755859375,110.33999633789062,110.30000305175781,110.33999633789062,89.83352661132812,651600,0.0,0.0,0.0
2017-07-27,110.33000183105469,110.37000274658203,110.33000183105469,110.33999633789062,89.83352661132812,863300,0.0,0.0,0.0
2017-07-28,110.33000183105469,110.37000274658203,110.33000183105469,110.36000061035156,89.84976959228516,755700,0.0,0.0,0.0
2017-07-31,110.33999633789062,110.37999725341797,110.33999633789062,110.37999725341797,89.8660888671875,1189300,0.0,0.0,0.0
2017-08-01,110.30000305175781,110.31999969482422,110.29000091552734,110.30000305175781,89.8554916381836,452500,0.067,0.0,0.0
2017-08-02,110.30000305175781,110.30999755859375,110.29000091552734,110.30999755859375,89.86367797851562,346000,0.0,0.0,0.0
2017-08-03,110.30000305175781,110.33000183105469,110.30000305175781,110.33000183105469,89.87994384765625,550000,0.0,0.0,0.0
2017-08-04,110.33000183105469,110.33000183105469,110.30000305175781,110.31999969482422,89.87181091308594,268500,0.0,0.0,0.0
2017-08-07,110.33000183105469,110.33000183105469,110.30999755859375,110.31999969482422,89.87181091308594,367700,0.0,0.0,0.0
2017-08-08,110.33999633789062,110.33999633789062,110.30999755859375,110.33999633789062,89.8880844116211,886100,0.0,0.0,0.0
2017-08-09,110.33000183105469,110.33999633789062,110.29000091552734,110.30000305175781,89.8554916381836,1210800,0.0,0.0,0.0
2017-08-10,110.30999755859375,110.31999969482422,110.30000305175781,110.30999755859375,89.86367797851562,660600,0.0,0.0,0.0
2017-08-11,110.30999755859375,110.33000183105469,110.30999755859375,110.33000183105469,89.87994384765625,578400,0.0,0.0,0.0
2017-08-14,110.33000183105469,110.3499984741211,110.30999755859375,110.3499984741211,89.89623260498047,289900,0.0,0.0,0.0
2017-08-15,110.3499984741211,110.3499984741211,110.33000183105469,110.3499984741211,89.89623260498047,318100,0.0,0.0,0.0
2017-08-16,110.3499984741211,110.37000274658203,110.33999633789062,110.37000274658203,89.91251373291016,573400,0.0,0.0,0.0
2017-08-17,110.37000274658203,110.37999725341797,110.3499984741211,110.36000061035156,89.90435028076172,771000,0.0,0.0,0.0
2017-08-18,110.36000061035156,110.37999725341797,110.36000061035156,110.37999725341797,89.9206771850586,602200,0.0,0.0,0.0
2017-08-21,110.37999725341797,110.38999938964844,110.37000274658203,110.37999725341797,89.9206771850586,229100,0.0,0.0,0.0
2017-08-22,110.38999938964844,110.38999938964844,110.3499984741211,110.36000061035156,89.90435028076172,480100,0.0,0.0,0.0
2017-08-23,110.37000274658203,110.37999725341797,110.36000061035156,110.37999725341797,89.9206771850586,315500,0.0,0.0,0.0
2017-08-24,110.36000061035156,110.38999938964844,110.36000061035156,110.37999725341797,89.9206771850586,263900,0.0,0.0,0.0
2017-08-25,110.37000274658203,110.4000015258789,110.37000274658203,110.38999938964844,89.92881774902344,319300,0.0,0.0,0.0
2017-08-28,110.38999938964844,110.41000366210938,110.37999725341797,110.38999938964844,89.92881774902344,627100,0.0,0.0,0.0
2017-08-29,110.38999938964844,110.41000366210938,110.37999725341797,110.4000015258789,89.93698120117188,536100,0.0,0.0,0.0
2017-08-30,110.37999725341797,110.41000366210938,110.37999725341797,110.41000366210938,89.94510650634766,325600,0.0,0.0,0.0
2017-08-31,110.4000015258789,110.41000366210938,110.37000274658203,110.38999938964844,89.92881774902344,486100,0.0,0.0,0.0
2017-09-01,110.30999755859375,110.33999633789062,110.30000305175781,110.30000305175781,89.91577911376953,298800,0.074,0.0,0.0
2017-09-05,110.30000305175781,110.3499984741211,110.30000305175781,110.33999633789062,89.94837188720703,703900,0.0,0.0,0.0
2017-09-06,110.30999755859375,110.3499984741211,110.30000305175781,110.30000305175781,89.91577911376953,764200,0.0,0.0,0.0
2017-09-07,110.33999633789062,110.36000061035156,110.33000183105469,110.3499984741211,89.95654296875,369900,0.0,0.0,0.0
2017-09-08,110.36000061035156,110.36000061035156,110.33000183105469,110.33999633789062,89.94837188720703,1259200,0.0,0.0,0.0
2017-09-11,110.33999633789062,110.36000061035156,110.33000183105469,110.36000061035156,89.96466827392578,446300,0.0,0.0,0.0
2017-09-12,110.3499984741211,110.36000061035156,110.33000183105469,110.33000183105469,89.94022369384766,393400,0.0,0.0,0.0
2017-09-13,110.3499984741211,110.3499984741211,110.33000183105469,110.33000183105469,89.94022369384766,276400,0.0,0.0,0.0
2017-09-14,110.31999969482422,110.33999633789062,110.30999755859375,110.33999633789062,89.94837188720703,1049000,0.0,0.0,0.0
2017-09-15,110.31999969482422,110.3499984741211,110.31999969482422,110.3499984741211,89.95654296875,276600,0.0,0.0,0.0
2017-09-18,110.31999969482422,110.3499984741211,110.31999969482422,110.31999969482422,89.93213653564453,354200,0.0,0.0,0.0
2017-09-19,110.33999633789062,110.3499984741211,110.31999969482422,110.31999969482422,89.93213653564453,245600,0.0,0.0,0.0
2017-09-20,110.3499984741211,110.37000274658203,110.33000183105469,110.3499984741211,89.95654296875,481800,0.0,0.0,0.0
2017-09-21,110.33999633789062,110.36000061035156,110.33999633789062,110.3499984741211,89.95654296875,665600,0.0,0.0,0.0
2017-09-22,110.36000061035156,110.36000061035156,110.3499984741211,110.36000061035156,89.96466827392578,218100,0.0,0.0,0.0
2017-09-25,110.3499984741211,110.37999725341797,110.3499984741211,110.3499984741211,89.95654296875,702000,0.0,0.0,0.0
2017-09-26,110.36000061035156,110.38999938964844,110.3499984741211,110.37999725341797,89.98100280761719,433700,0.0,0.0,0.0
2017-09-27,110.37999725341797,110.37999725341797,110.36000061035156,110.37000274658203,89.97284698486328,735900,0.0,0.0,0.0
2017-09-28,110.37000274658203,110.38999938964844,110.36000061035156,110.37999725341797,89.98100280761719,367300,0.0,0.0,0.0
2017-09-29,110.37999725341797,110.4000015258789,110.37000274658203,110.4000015258789,89.997314453125,1616000,0.0,0.0,0.0
2017-10-02,110.31999969482422,110.33000183105469,110.30000305175781,110.31999969482422,90.00060272216797,568500,0.084,0.0,0.0
2017-10-03,110.31999969482422,110.33000183105469,110.30000305175781,110.31999969482422,90.00060272216797,624700,0.0,0.0,0.0
2017-10-04,110.30999755859375,110.33000183105469,110.30000305175781,110.30999755859375,89.992431640625,671000,0.0,0.0,0.0
2017-10-05,110.31999969482422,110.33000183105469,110.30000305175781,110.30000305175781,89.9842529296875,478500,0.0,0.0,0.0
2017-10-06,110.30999755859375,110.31999969482422,110.29000091552734,110.30000305175781,89.9842529296875,1470400,0.0,0.0,0.0
2017-10-09,110.29000091552734,110.33999633789062,110.29000091552734,110.31999969482422,90.00060272216797,1180000,0.0,0.0,0.0
2017-10-10,110.31999969482422,110.33000183105469,110.29000091552734,110.30000305175781,89.9842529296875,764500,0.0,0.0,0.0
2017-10-11,110.30000305175781,110.33000183105469,110.30000305175781,110.33000183105469,90.00871276855469,889200,0.0,0.0,0.0
2017-10-12,110.33999633789062,110.3499984741211,110.30000305175781,110.33999633789062,90.0168685913086,3464800,0.0,0.0,0.0
2017-10-13,110.33999633789062,110.33999633789062,110.31999969482422,110.33999633789062,90.0168685913086,1371000,0.0,0.0,0.0
2017-10-16,110.33999633789062,110.3499984741211,110.33000183105469,110.33999633789062,90.0168685913086,948500,0.0,0.0,0.0
2017-10-17,110.33999633789062,110.3499984741211,110.33000183105469,110.33999633789062,90.0168685913086,814200,0.0,0.0,0.0
2017-10-18,110.33000183105469,110.36000061035156,110.33000183105469,110.36000061035156,90.03317260742188,1985300,0.0,0.0,0.0
2017-10-19,110.33999633789062,110.37000274658203,110.33999633789062,110.37000274658203,90.04134368896484,972300,0.0,0.0,0.0
2017-10-20,110.37000274658203,110.37000274658203,110.3499984741211,110.36000061035156,90.03317260742188,287200,0.0,0.0,0.0
2017-10-23,110.3499984741211,110.36000061035156,110.3499984741211,110.3499984741211,90.0250473022461,680100,0.0,0.0,0.0
2017-10-24,110.36000061035156,110.37000274658203,110.33999633789062,110.3499984741211,90.0250473022461,528500,0.0,0.0,0.0
2017-10-25,110.36000061035156,110.36000061035156,110.33999633789062,110.33999633789062,90.0168685913086,903000,0.0,0.0,0.0
2017-10-26,110.3499984741211,110.37000274658203,110.3499984741211,110.3499984741211,90.0250473022461,542600,0.0,0.0,0.0
2017-10-27,110.3499984741211,110.37999725341797,110.33999633789062,110.33999633789062,90.0168685913086,429700,0.0,0.0,0.0
2017-10-30,110.36000061035156,110.37000274658203,110.3499984741211,110.36000061035156,90.03317260742188,309500,0.0,0.0,0.0
2017-10-31,110.36000061035156,110.37000274658203,110.33999633789062,110.36000061035156,90.03317260742188,404700,0.0,0.0,0.0
2017-11-01,110.27999877929688,110.30000305175781,110.26000213623047,110.2699966430664,90.03318786621094,508100,0.09,0.0,0.0
2017-11-02,110.26000213623047,110.27999877929688,110.26000213623047,110.27999877929688,90.04135131835938,211700,0.0,0.0,0.0
2017-11-03,110.27999877929688,110.29000091552734,110.2699966430664,110.27999877929688,90.04135131835938,318200,0.0,0.0,0.0
2017-11-06,110.29000091552734,110.29000091552734,110.2699966430664,110.27999877929688,90.04135131835938,449400,0.0,0.0,0.0
2017-11-07,110.27999877929688,110.27999877929688,110.26000213623047,110.2699966430664,90.03318786621094,290200,0.0,0.0,0.0
2017-11-08,110.2699966430664,110.2699966430664,110.26000213623047,110.2699966430664,90.03318786621094,475300,0.0,0.0,0.0
2017-11-09,110.2699966430664,110.30000305175781,110.26000213623047,110.27999877929688,90.04135131835938,788000,0.0,0.0,0.0
2017-11-10,110.27999877929688,110.29000091552734,110.27999877929688,110.27999877929688,90.04135131835938,555700,0.0,0.0,0.0
2017-11-13,110.29000091552734,110.30000305175781,110.27999877929688,110.29000091552734,90.04951477050781,375700,0.0,0.0,0.0
2017-11-14,110.29000091552734,110.30000305175781,110.27999877929688,110.29000091552734,90.04951477050781,470100,0.0,0.0,0.0
2017-11-15,110.30000305175781,110.30000305175781,110.27999877929688,110.30000305175781,90.05769348144531,430400,0.0,0.0,0.0
2017-11-16,110.30000305175781,110.30000305175781,110.2699966430664,110.27999877929688,90.04135131835938,330900,0.0,0.0,0.0
2017-11-17,110.2699966430664,110.29000091552734,110.2699966430664,110.29000091552734,90.04951477050781,503500,0.0,0.0,0.0
2017-11-20,110.29000091552734,110.29000091552734,110.27999877929688,110.29000091552734,90.04951477050781,152700,0.0,0.0,0.0
2017-11-21,110.29000091552734,110.30000305175781,110.27999877929688,110.30000305175781,90.05769348144531,550700,0.0,0.0,0.0
2017-11-22,110.27999877929688,110.30999755859375,110.27999877929688,110.30999755859375,90.06587982177734,274500,0.0,0.0,0.0
2017-11-24,110.30000305175781,110.31999969482422,110.30000305175781,110.31999969482422,90.07405090332031,273300,0.0,0.0,0.0
2017-11-27,110.30999755859375,110.33000183105469,110.30000305175781,110.33000183105469,90.08216094970703,545400,0.0,0.0,0.0
2017-11-28,110.31999969482422,110.33000183105469,110.30000305175781,110.33000183105469,90.08216094970703,522400,0.0,0.0,0.0
2017-11-29,110.31999969482422,110.33000183105469,110.30000305175781,110.33000183105469,90.08216094970703,473000,0.0,0.0,0.0
2017-11-30,110.33000183105469,110.33000183105469,110.30999755859375,110.33000183105469,90.08216094970703,442300,0.0,0.0,0.0
2017-12-01,110.23999786376953,110.25,110.22000122070312,110.25,90.09117126464844,693700,0.091,0.0,0.0
2017-12-04,110.2300033569336,110.25,110.22000122070312,110.23999786376953,90.08299255371094,1412300,0.0,0.0,0.0
2017-12-05,110.2300033569336,110.25,110.2300033569336,110.25,90.09117126464844,1011200,0.0,0.0,0.0
2017-12-06,110.25,110.26000213623047,110.23999786376953,110.25,90.09117126464844,667200,0.0,0.0,0.0
2017-12-07,110.25,110.26000213623047,110.23999786376953,110.26000213623047,90.09934997558594,319400,0.0,0.0,0.0
2017-12-08,110.26000213623047,110.27999877929688,110.26000213623047,110.27999877929688,90.11565399169922,2702200,0.0,0.0,0.0
2017-12-11,110.2699966430664,110.27999877929688,110.26000213623047,110.27999877929688,90.11565399169922,618800,0.0,0.0,0.0
2017-12-12,110.2699966430664,110.27999877929688,110.25,110.25,90.09117126464844,3002700,0.0,0.0,0.0
2017-12-13,110.26000213623047,110.2699966430664,110.25,110.26000213623047,90.09934997558594,399700,0.0,0.0,0.0
2017-12-14,110.26000213623047,110.27999877929688,110.26000213623047,110.2699966430664,90.10751342773438,523700,0.0,0.0,0.0
2017-12-15,110.26000213623047,110.27999877929688,110.25,110.27999877929688,90.11565399169922,723300,0.0,0.0,0.0
2017-12-18,110.29000091552734,110.29000091552734,110.26000213623047,110.26000213623047,90.09934997558594,660100,0.0,0.0,0.0
2017-12-19,110.27999877929688,110.27999877929688,110.26000213623047,110.2699966430664,90.10751342773438,796200,0.0,0.0,0.0
2017-12-20,110.27999877929688,110.29000091552734,110.26000213623047,110.27999877929688,90.11565399169922,1197000,0.0,0.0,0.0
2017-12-21,110.19999694824219,110.19999694824219,110.18000030517578,110.19999694824219,90.12548065185547,606500,0.092,0.0,0.0
2017-12-22,110.19000244140625,110.22000122070312,110.19000244140625,110.19999694824219,90.12548065185547,2287800,0.0,0.0,0.0
2017-12-26,110.19999694824219,110.22000122070312,110.19999694824219,110.20999908447266,90.1336441040039,808700,0.0,0.0,0.0
2017-12-27,110.22000122070312,110.2300033569336,110.19999694824219,110.19999694824219,90.12548065185547,640100,0.0,0.0,0.0
2017-12-28,110.19999694824219,110.23999786376953,110.19999694824219,110.23999786376953,90.15816497802734,374300,0.0,0.0,0.0
2017-12-29,110.23999786376953,110.23999786376953,110.22000122070312,110.23999786376953,90.15816497802734,533300,0.0,0.0,0.0
2018-01-02,110.23999786376953,110.23999786376953,110.20999908447266,110.2300033569336,90.15006256103516,692300,0.0,0.0,0.0
2018-01-03,110.22000122070312,110.23999786376953,110.20999908447266,110.2300033569336,90.15006256103516,546700,0.0,0.0,0.0
2018-01-04,110.2300033569336,110.25,110.22000122070312,110.25,90.16636657714844,553000,0.0,0.0,0.0
2018-01-05,110.23999786376953,110.26000213623047,110.2300033569336,110.25,90.16636657714844,240100,0.0,0.0,0.0
2018-01-08,110.25,110.26000213623047,110.23999786376953,110.25,90.16636657714844,433500,0.0,0.0,0.0
2018-01-09,110.23999786376953,110.26000213623047,110.23999786376953,110.25,90.16636657714844,410700,0.0,0.0,0.0
2018-01-10,110.25,110.26000213623047,110.2300033569336,110.23999786376953,90.15816497802734,1411000,0.0,0.0,0.0
2018-01-11,110.25,110.26000213623047,110.23999786376953,110.25,90.16636657714844,780900,0.0,0.0,0.0
2018-01-12,110.25,110.2699966430664,110.25,110.26000213623047,90.174560546875,703300,0.0,0.0,0.0
2018-01-16,110.2699966430664,110.29000091552734,110.26000213623047,110.2699966430664,90.18272399902344,1013900,0.0,0.0,0.0
2018-01-17,110.2699966430664,110.29000091552734,110.2699966430664,110.27999877929688,90.19093322753906,847100,0.0,0.0,0.0
2018-01-18,110.27999877929688,110.30000305175781,110.2699966430664,110.29000091552734,90.1991195678711,527100,0.0,0.0,0.0
2018-01-19,110.30000305175781,110.30000305175781,110.29000091552734,110.29000091552734,90.1991195678711,1240800,0.0,0.0,0.0
2018-01-22,110.29000091552734,110.30999755859375,110.29000091552734,110.30000305175781,90.20728302001953,850800,0.0,0.0,0.0
2018-01-23,110.30000305175781,110.31999969482422,110.29000091552734,110.29000091552734,90.1991195678711,534200,0.0,0.0,0.0
2018-01-24,110.30000305175781,110.31999969482422,110.30000305175781,110.30999755859375,90.21548461914062,1512900,0.0,0.0,0.0
2018-01-25,110.31999969482422,110.33000183105469,110.30999755859375,110.31999969482422,90.22364807128906,2442200,0.0,0.0,0.0
2018-01-26,110.33000183105469,110.33999633789062,110.31999969482422,110.33000183105469,90.23181915283203,1028000,0.0,0.0,0.0
2018-01-29,110.31999969482422,110.33999633789062,110.31999969482422,110.33000183105469,90.23181915283203,628000,0.0,0.0,0.0
2018-01-30,110.33000183105469,110.3499984741211,110.31999969482422,110.33000183105469,90.23181915283203,1244000,0.0,0.0,0.0
2018-01-31,110.33999633789062,110.37999725341797,110.31999969482422,110.37999725341797,90.27271270751953,826800,0.0,0.0,0.0
2018-02-01,110.25,110.25,110.2300033569336,110.2300033569336,90.2318115234375,1809900,0.1,0.0,0.0
2018-02-02,110.25,110.26000213623047,110.2300033569336,110.25,90.24812316894531,1202200,0.0,0.0,0.0
2018-02-05,110.30000305175781,110.30000305175781,110.25,110.27999877929688,90.27272033691406,1039500,0.0,0.0,0.0
2018-02-06,110.26000213623047,110.2699966430664,110.23999786376953,110.25,90.24812316894531,2899500,0.0,0.0,0.0
2018-02-07,110.23999786376953,110.25,110.2300033569336,110.25,90.24812316894531,1178100,0.0,0.0,0.0
2018-02-08,110.25,110.26000213623047,110.22000122070312,110.26000213623047,90.25633239746094,4538100,0.0,0.0,0.0
2018-02-09,110.23999786376953,110.2699966430664,110.2300033569336,110.25,90.24812316894531,2251800,0.0,0.0,0.0
2018-02-12,110.2300033569336,110.26000213623047,110.2300033569336,110.25,90.24812316894531,1132500,0.0,0.0,0.0
2018-02-13,110.25,110.25,110.22000122070312,110.2300033569336,90.2318115234375,1044900,0.0,0.0,0.0
2018-02-14,110.25,110.25,110.2300033569336,110.2300033569336,90.2318115234375,457900,0.0,0.0,0.0
2018-02-15,110.2300033569336,110.26000213623047,110.2300033569336,110.25,90.24812316894531,933600,0.0,0.0,0.0
2018-02-16,110.26000213623047,110.2699966430664,110.26000213623047,110.2699966430664,90.26449584960938,1167500,0.0,0.0,0.0
2018-02-20,110.25,110.27999877929688,110.25,110.26000213623047,90.25633239746094,2552500,0.0,0.0,0.0
2018-02-21,110.27999877929688,110.29000091552734,110.26000213623047,110.27999877929688,90.27272033691406,689300,0.0,0.0,0.0
2018-02-22,110.27999877929688,110.29000091552734,110.2699966430664,110.27999877929688,90.27272033691406,1557800,0.0,0.0,0.0
2018-02-23,110.29000091552734,110.30000305175781,110.27999877929688,110.29000091552734,90.28091430664062,525000,0.0,0.0,0.0
2018-02-26,110.30999755859375,110.30999755859375,110.27999877929688,110.27999877929688,90.27272033691406,538700,0.0,0.0,0.0
2018-02-27,110.29000091552734,110.30000305175781,110.26000213623047,110.29000091552734,90.28091430664062,1575600,0.0,0.0,0.0
2018-02-28,110.30000305175781,110.30000305175781,110.27999877929688,110.29000091552734,90.28091430664062,650300,0.0,0.0,0.0
2018-03-01,110.20999908447266,110.2300033569336,110.19000244140625,110.20999908447266,90.30057525634766,1217500,0.104,0.0,0.0
2018-03-02,110.20999908447266,110.22000122070312,110.19999694824219,110.19999694824219,90.29234313964844,624300,0.0,0.0,0.0
2018-03-05,110.22000122070312,110.2300033569336,110.19999694824219,110.19999694824219,90.29234313964844,1166800,0.0,0.0,0.0
2018-03-06,110.20999908447266,110.2300033569336,110.19999694824219,110.20999908447266,90.30057525634766,385900,0.0,0.0,0.0
2018-03-07,110.2300033569336,110.23999786376953,110.22000122070312,110.22000122070312,90.30877685546875,250000,0.0,0.0,0.0
2018-03-08,110.22000122070312,110.25,110.22000122070312,110.25,90.33335876464844,704800,0.0,0.0,0.0
2018-03-09,110.23999786376953,110.26000213623047,110.23999786376953,110.25,90.33335876464844,1899200,0.0,0.0,0.0
2018-03-12,110.25,110.26000213623047,110.23999786376953,110.25,90.33335876464844,428700,0.0,0.0,0.0
2018-03-13,110.26000213623047,110.26000213623047,110.23999786376953,110.26000213623047,90.34152221679688,893100,0.0,0.0,0.0
2018-03-14,110.26000213623047,110.2699966430664,110.25,110.25,90.33335876464844,929000,0.0,0.0,0.0
2018-03-15,110.26000213623047,110.26000213623047,110.23999786376953,110.23999786376953,90.32513427734375,788600,0.0,0.0,0.0
2018-03-16,110.2699966430664,110.2699966430664,110.25,110.2699966430664,90.3497314453125,3932900,0.0,0.0,0.0
2018-03-19,110.26000213623047,110.27999877929688,110.25,110.26000213623047,90.34152221679688,328400,0.0,0.0,0.0
2018-03-20,110.26000213623047,110.2699966430664,110.25,110.26000213623047,90.34152221679688,1647600,0.0,0.0,0.0
2018-03-21,110.26000213623047,110.30000305175781,110.26000213623047,110.30000305175781,90.37431335449219,4587000,0.0,0.0,0.0
2018-03-22,110.30000305175781,110.30999755859375,110.2699966430664,110.2699966430664,90.3497314453125,3194400,0.0,0.0,0.0
2018-03-23,110.30999755859375,110.31999969482422,110.29000091552734,110.30999755859375,90.38250732421875,1908300,0.0,0.0,0.0
2018-03-26,110.30000305175781,110.31999969482422,110.30000305175781,110.30000305175781,90.37431335449219,1225800,0.0,0.0,0.0
2018-03-27,110.30000305175781,110.33999633789062,110.30000305175781,110.33999633789062,90.40707397460938,2095500,0.0,0.0,0.0
2018-03-28,110.33000183105469,110.33999633789062,110.31999969482422,110.31999969482422,90.39067840576172,6879500,0.0,0.0,0.0
2018-03-29,110.31999969482422,110.37000274658203,110.31999969482422,110.37000274658203,90.43167877197266,723500,0.0,0.0,0.0
2018-04-02,110.25,110.25,110.2300033569336,110.25,90.42594146728516,1706400,0.113,0.0,0.0
2018-04-03,110.23999786376953,110.25,110.2300033569336,110.25,90.42594146728516,3092000,0.0,0.0,0.0
2018-04-04,110.26000213623047,110.2699966430664,110.25,110.26000213623047,90.43412017822266,5677700,0.0,0.0,0.0
2018-04-05,110.26000213623047,110.2699966430664,110.25,110.2699966430664,90.44233703613281,3626700,0.0,0.0,0.0
2018-04-06,110.27999877929688,110.27999877929688,110.2699966430664,110.2699966430664,90.44233703613281,859500,0.0,0.0,0.0
2018-04-09,110.29000091552734,110.29000091552734,110.2699966430664,110.29000091552734,90.45870971679688,563800,0.0,0.0,0.0
2018-04-10,110.29000091552734,110.29000091552734,110.27999877929688,110.27999877929688,90.45050811767578,428100,0.0,0.0,0.0
2018-04-11,110.2699966430664,110.29000091552734,110.2699966430664,110.29000091552734,90.45870971679688,846400,0.0,0.0,0.0
2018-04-12,110.30000305175781,110.30999755859375,110.27999877929688,110.29000091552734,90.45870971679688,2626200,0.0,0.0,0.0
2018-04-13,110.29000091552734,110.30000305175781,110.29000091552734,110.30000305175781,90.46693420410156,1605000,0.0,0.0,0.0
2018-04-16,110.30000305175781,110.30000305175781,110.27999877929688,110.30000305175781,90.46693420410156,835900,0.0,0.0,0.0
2018-04-17,110.30000305175781,110.30999755859375,110.29000091552734,110.30000305175781,90.46693420410156,1006200,0.0,0.0,0.0
2018-04-18,110.30000305175781,110.30999755859375,110.27999877929688,110.30000305175781,90.46693420410156,1762400,0.0,0.0,0.0
2018-04-19,110.30999755859375,110.31999969482422,110.30000305175781,110.30999755859375,90.47513580322266,2876500,0.0,0.0,0.0
2018-04-20,110.31999969482422,110.31999969482422,110.30000305175781,110.31999969482422,90.48330688476562,806400,0.0,0.0,0.0
2018-04-23,110.30999755859375,110.31999969482422,110.30000305175781,110.31999969482422,90.48330688476562,826500,0.0,0.0,0.0
2018-04-24,110.31999969482422,110.33000183105469,110.30999755859375,110.33000183105469,90.49153137207031,2147700,0.0,0.0,0.0
2018-04-25,110.33000183105469,110.33000183105469,110.30999755859375,110.33000183105469,90.49153137207031,868000,0.0,0.0,0.0
2018-04-26,110.33999633789062,110.3499984741211,110.33000183105469,110.33999633789062,90.49971771240234,1651700,0.0,0.0,0.0
2018-04-27,110.33999633789062,110.36000061035156,110.33999633789062,110.36000061035156,90.51614379882812,641500,0.0,0.0,0.0
2018-04-30,110.3499984741211,110.36000061035156,110.33999633789062,110.36000061035156,90.51614379882812,604300,0.0,0.0,0.0
2018-05-01,110.25,110.25,110.23999786376953,110.25,90.52681732177734,748000,0.123,0.0,0.0
2018-05-02,110.2300033569336,110.25,110.22000122070312,110.25,90.52681732177734,848100,0.0,0.0,0.0
2018-05-03,110.25,110.2699966430664,110.25,110.25,90.52681732177734,2063000,0.0,0.0,0.0
2018-05-04,110.25,110.2699966430664,110.25,110.2699966430664,90.54320526123047,4347700,0.0,0.0,0.0
2018-05-07,110.2699966430664,110.27999877929688,110.25,110.27999877929688,90.55146026611328,1691800,0.0,0.0,0.0
2018-05-08,110.27999877929688,110.27999877929688,110.26000213623047,110.2699966430664,90.54320526123047,1210100,0.0,0.0,0.0
2018-05-09,110.26000213623047,110.27999877929688,110.26000213623047,110.27999877929688,90.55146026611328,1288200,0.0,0.0,0.0
2018-05-10,110.27999877929688,110.29000091552734,110.2699966430664,110.29000091552734,90.5596694946289,745900,0.0,0.0,0.0
2018-05-11,110.30000305175781,110.30000305175781,110.27999877929688,110.30000305175781,90.56785583496094,960300,0.0,0.0,0.0
2018-05-14,110.30000305175781,110.30000305175781,110.27999877929688,110.29000091552734,90.5596694946289,1319600,0.0,0.0,0.0
2018-05-15,110.29000091552734,110.30999755859375,110.29000091552734,110.30999755859375,90.57603454589844,1114700,0.0,0.0,0.0
2018-05-16,110.30999755859375,110.31999969482422,110.30000305175781,110.30000305175781,90.56785583496094,2602700,0.0,0.0,0.0
2018-05-17,110.31999969482422,110.33000183105469,110.30999755859375,110.33000183105469,90.59248352050781,632600,0.0,0.0,0.0
2018-05-18,110.31999969482422,110.33999633789062,110.30999755859375,110.33000183105469,90.59248352050781,1704900,0.0,0.0,0.0
2018-05-21,110.33000183105469,110.33000183105469,110.31999969482422,110.31999969482422,90.58429718017578,663000,0.0,0.0,0.0
2018-05-22,110.33999633789062,110.33999633789062,110.31999969482422,110.31999969482422,90.58429718017578,1054200,0.0,0.0,0.0
2018-05-23,110.33999633789062,110.36000061035156,110.33000183105469,110.36000061035156,90.61710357666016,1773100,0.0,0.0,0.0
2018-05-24,110.36000061035156,110.37999725341797,110.3499984741211,110.36000061035156,90.61710357666016,774700,0.0,0.0,0.0
2018-05-25,110.38999938964844,110.38999938964844,110.37000274658203,110.38999938964844,90.64176177978516,441500,0.0,0.0,0.0
2018-05-29,110.38999938964844,110.43000030517578,110.37999725341797,110.41999816894531,90.66636657714844,1328500,0.0,0.0,0.0
2018-05-30,110.41999816894531,110.41999816894531,110.38999938964844,110.4000015258789,90.64999389648438,1190700,0.0,0.0,0.0
2018-05-31,110.4000015258789,110.41999816894531,110.4000015258789,110.41000366210938,90.65817260742188,2275500,0.0,0.0,0.0
2018-06-01,110.27999877929688,110.27999877929688,110.26000213623047,110.2699966430664,90.65653991699219,1625700,0.138,0.0,0.0
2018-06-04,110.27999877929688,110.27999877929688,110.26000213623047,110.27999877929688,90.66475677490234,1859400,0.0,0.0,0.0
2018-06-05,110.2699966430664,110.27999877929688,110.26000213623047,110.27999877929688,90.66475677490234,1541800,0.0,0.0,0.0
2018-06-06,110.27999877929688,110.27999877929688,110.2699966430664,110.27999877929688,90.66475677490234,879600,0.0,0.0,0.0
2018-06-07,110.27999877929688,110.30000305175781,110.2699966430664,110.29000091552734,90.67300415039062,2576200,0.0,0.0,0.0
2018-06-08,110.30000305175781,110.30000305175781,110.29000091552734,110.30000305175781,90.68121337890625,945000,0.0,0.0,0.0
2018-06-11,110.30999755859375,110.30999755859375,110.30000305175781,110.30999755859375,90.68939971923828,949500,0.0,0.0,0.0
2018-06-12,110.30000305175781,110.31999969482422,110.30000305175781,110.30999755859375,90.68939971923828,1185900,0.0,0.0,0.0
2018-06-13,110.31999969482422,110.31999969482422,110.30000305175781,110.30999755859375,90.68939971923828,1172700,0.0,0.0,0.0
2018-06-14,110.33000183105469,110.33000183105469,110.31999969482422,110.33000183105469,90.70585632324219,1335600,0.0,0.0,0.0
2018-06-15,110.33999633789062,110.33999633789062,110.33000183105469,110.33999633789062,90.71408081054688,641400,0.0,0.0,0.0
2018-06-18,110.33999633789062,110.36000061035156,110.33999633789062,110.33999633789062,90.71408081054688,1193500,0.0,0.0,0.0
2018-06-19,110.33999633789062,110.36000061035156,110.33999633789062,110.36000061035156,90.73054504394531,774200,0.0,0.0,0.0
2018-06-20,110.37000274658203,110.37000274658203,110.3499984741211,110.3499984741211,90.72232818603516,1950800,0.0,0.0,0.0
2018-06-21,110.37999725341797,110.38999938964844,110.37000274658203,110.38999938964844,90.75521087646484,1845700,0.0,0.0,0.0
2018-06-22,110.37999725341797,110.38999938964844,110.37000274658203,110.38999938964844,90.75521087646484,926900,0.0,0.0,0.0
2018-06-25,110.4000015258789,110.4000015258789,110.37999725341797,110.4000015258789,90.76342010498047,1126400,0.0,0.0,0.0
2018-06-26,110.4000015258789,110.41000366210938,110.38999938964844,110.41000366210938,90.77162170410156,1508400,0.0,0.0,0.0
2018-06-27,110.4000015258789,110.41999816894531,110.4000015258789,110.41999816894531,90.77983856201172,1622200,0.0,0.0,0.0
2018-06-28,110.43000030517578,110.43000030517578,110.41000366210938,110.41000366210938,90.77162170410156,2293900,0.0,0.0,0.0
2018-06-29,110.43000030517578,110.44000244140625,110.41999816894531,110.44000244140625,90.79627990722656,1629100,0.0,0.0,0.0
2018-07-02,110.30000305175781,110.30000305175781,110.2699966430664,110.29000091552734,90.7971420288086,2060300,0.151,0.0,0.0
2018-07-03,110.27999877929688,110.30000305175781,110.27999877929688,110.30000305175781,90.80536651611328,738200,0.0,0.0,0.0
2018-07-05,110.30999755859375,110.31999969482422,110.29000091552734,110.31999969482422,90.82185363769531,1853900,0.0,0.0,0.0
2018-07-06,110.33000183105469,110.33000183105469,110.30000305175781,110.31999969482422,90.82185363769531,1694800,0.0,0.0,0.0
2018-07-09,110.31999969482422,110.31999969482422,110.30999755859375,110.31999969482422,90.82185363769531,1014600,0.0,0.0,0.0
2018-07-10,110.33000183105469,110.33000183105469,110.30999755859375,110.31999969482422,90.82185363769531,981500,0.0,0.0,0.0
2018-07-11,110.33999633789062,110.33999633789062,110.33000183105469,110.33999633789062,90.83827209472656,629700,0.0,0.0,0.0
2018-07-12,110.3499984741211,110.3499984741211,110.33999633789062,110.3499984741211,90.84654235839844,789900,0.0,0.0,0.0
2018-07-13,110.3499984741211,110.36000061035156,110.33999633789062,110.3499984741211,90.84654235839844,595100,0.0,0.0,0.0
2018-07-16,110.36000061035156,110.36000061035156,110.33999633789062,110.36000061035156,90.8547592163086,1688300,0.0,0.0,0.0
2018-07-17,110.36000061035156,110.36000061035156,110.33999633789062,110.36000061035156,90.8547592163086,887400,0.0,0.0,0.0
2018-07-18,110.37000274658203,110.37000274658203,110.3499984741211,110.37000274658203,90.86305236816406,1445200,0.0,0.0,0.0
2018-07-19,110.38999938964844,110.38999938964844,110.36000061035156,110.37000274658203,90.86305236816406,1270700,0.0,0.0,0.0
2018-07-20,110.4000015258789,110.4000015258789,110.37999725341797,110.37999725341797,90.87124633789062,571600,0.0,0.0,0.0
2018-07-23,110.4000015258789,110.4000015258789,110.37999725341797,110.38999938964844,90.87947082519531,844000,0.0,0.0,0.0
2018-07-24,110.38999938964844,110.4000015258789,110.37999725341797,110.38999938964844,90.87947082519531,476500,0.0,0.0,0.0
2018-07-25,110.41000366210938,110.41000366210938,110.38999938964844,110.4000015258789,90.88768768310547,823000,0.0,0.0,0.0
2018-07-26,110.41000366210938,110.41999816894531,110.4000015258789,110.41999816894531,90.90412902832031,1847000,0.0,0.0,0.0
2018-07-27,110.43000030517578,110.43000030517578,110.41000366210938,110.41000366210938,90.8958969116211,1678700,0.0,0.0,0.0
2018-07-30,110.44000244140625,110.44000244140625,110.41999816894531,110.41999816894531,90.90412902832031,1264900,0.0,0.0,0.0
2018-07-31,110.44999694824219,110.44999694824219,110.43000030517578,110.43000030517578,90.91240692138672,835300,0.0,0.0,0.0
2018-08-01,110.27999877929688,110.29000091552734,110.2699966430664,110.2699966430664,90.91650390625,1571200,0.165,0.0,0.0
2018-08-02,110.29000091552734,110.30000305175781,110.29000091552734,110.29000091552734,90.93302917480469,479700,0.0,0.0,0.0
2018-08-03,110.29000091552734,110.30999755859375,110.29000091552734,110.30999755859375,90.94945526123047,892900,0.0,0.0,0.0
2018-08-06,110.31999969482422,110.31999969482422,110.30000305175781,110.30000305175781,90.94125366210938,1332800,0.0,0.0,0.0
2018-08-07,110.31999969482422,110.31999969482422,110.30000305175781,110.30999755859375,90.94945526123047,663000,0.0,0.0,0.0
2018-08-08,110.30999755859375,110.31999969482422,110.30000305175781,110.30999755859375,90.94945526123047,557800,0.0,0.0,0.0
2018-08-09,110.31999969482422,110.33000183105469,110.31999969482422,110.33000183105469,90.96597290039062,872000,0.0,0.0,0.0
2018-08-10,110.3499984741211,110.3499984741211,110.33000183105469,110.3499984741211,90.98248291015625,667100,0.0,0.0,0.0
2018-08-13,110.3499984741211,110.36000061035156,110.33999633789062,110.33999633789062,90.97420501708984,1412400,0.0,0.0,0.0
2018-08-14,110.36000061035156,110.36000061035156,110.33999633789062,110.36000061035156,90.99073028564453,737200,0.0,0.0,0.0
2018-08-15,110.3499984741211,110.37000274658203,110.3499984741211,110.36000061035156,90.99073028564453,1110500,0.0,0.0,0.0
2018-08-16,110.37000274658203,110.37999725341797,110.37000274658203,110.37000274658203,90.9990005493164,590300,0.0,0.0,0.0
2018-08-17,110.37000274658203,110.4000015258789,110.37000274658203,110.38999938964844,91.01544952392578,1073900,0.0,0.0,0.0
2018-08-20,110.38999938964844,110.41000366210938,110.37999725341797,110.4000015258789,91.02371215820312,588500,0.0,0.0,0.0
2018-08-21,110.4000015258789,110.41000366210938,110.4000015258789,110.41000366210938,91.03193664550781,1213700,0.0,0.0,0.0
2018-08-22,110.41000366210938,110.41999816894531,110.4000015258789,110.41999816894531,91.0401611328125,573800,0.0,0.0,0.0
2018-08-23,110.43000030517578,110.43000030517578,110.41000366210938,110.41000366210938,91.03193664550781,751800,0.0,0.0,0.0
2018-08-24,110.41999816894531,110.44000244140625,110.41999816894531,110.41999816894531,91.0401611328125,631900,0.0,0.0,0.0
2018-08-27,110.44000244140625,110.44000244140625,110.41999816894531,110.41999816894531,91.0401611328125,833900,0.0,0.0,0.0
2018-08-28,110.44000244140625,110.44000244140625,110.43000030517578,110.43000030517578,91.04844665527344,878700,0.0,0.0,0.0
2018-08-29,110.43000030517578,110.44999694824219,110.43000030517578,110.44000244140625,91.0566635131836,789100,0.0,0.0,0.0
2018-08-30,110.44999694824219,110.47000122070312,110.44999694824219,110.44999694824219,91.06489562988281,1344800,0.0,0.0,0.0
2018-08-31,110.47000122070312,110.47000122070312,110.45999908447266,110.45999908447266,91.07313537597656,722000,0.0,0.0,0.0
2018-09-04,110.30000305175781,110.30999755859375,110.29000091552734,110.30000305175781,91.08389282226562,1793600,0.173,0.0,0.0
2018-09-05,110.30999755859375,110.30999755859375,110.29000091552734,110.30999755859375,91.09212493896484,590300,0.0,0.0,0.0
2018-09-06,110.33000183105469,110.33000183105469,110.30999755859375,110.31999969482422,91.10041809082031,1181300,0.0,0.0,0.0
2018-09-07,110.33000183105469,110.33000183105469,110.31999969482422,110.33000183105469,91.10867309570312,1182200,0.0,0.0,0.0
2018-09-10,110.33999633789062,110.33999633789062,110.31999969482422,110.33999633789062,91.11691284179688,571500,0.0,0.0,0.0
2018-09-11,110.31999969482422,110.33999633789062,110.31999969482422,110.33999633789062,91.11691284179688,1507500,0.0,0.0,0.0
2018-09-12,110.33999633789062,110.3499984741211,110.33000183105469,110.3499984741211,91.12521362304688,1218400,0.0,0.0,0.0
2018-09-13,110.36000061035156,110.36000061035156,110.33999633789062,110.33999633789062,91.11691284179688,718800,0.0,0.0,0.0
2018-09-14,110.3499984741211,110.36000061035156,110.3499984741211,110.3499984741211,91.12521362304688,788000,0.0,0.0,0.0
2018-09-17,110.3499984741211,110.37000274658203,110.3499984741211,110.37000274658203,91.1417465209961,664800,0.0,0.0,0.0
2018-09-18,110.37000274658203,110.37000274658203,110.3499984741211,110.36000061035156,91.13343811035156,1291500,0.0,0.0,0.0
2018-09-19,110.37000274658203,110.37000274658203,110.3499984741211,110.3499984741211,91.12521362304688,876600,0.0,0.0,0.0
2018-09-20,110.37000274658203,110.38999938964844,110.37000274658203,110.37000274658203,91.1417465209961,610000,0.0,0.0,0.0
2018-09-21,110.37999725341797,110.38999938964844,110.37000274658203,110.38999938964844,91.15821838378906,4616200,0.0,0.0,0.0
2018-09-24,110.37999725341797,110.4000015258789,110.37999725341797,110.38999938964844,91.15821838378906,1190300,0.0,0.0,0.0
2018-09-25,110.38999938964844,110.38999938964844,110.37999725341797,110.38999938964844,91.15821838378906,1163900,0.0,0.0,0.0
2018-09-26,110.4000015258789,110.41000366210938,110.38999938964844,110.41000366210938,91.17474365234375,702800,0.0,0.0,0.0
2018-09-27,110.41000366210938,110.43000030517578,110.41000366210938,110.43000030517578,91.19127655029297,827900,0.0,0.0,0.0
2018-09-28,110.43000030517578,110.44000244140625,110.41999816894531,110.44000244140625,91.19950866699219,1323400,0.0,0.0,0.0
2018-10-01,110.2699966430664,110.2699966430664,110.26000213623047,110.2699966430664,91.20941162109375,1606200,0.182,0.0,0.0
2018-10-02,110.2699966430664,110.27999877929688,110.25,110.26000213623047,91.20117950439453,1129100,0.0,0.0,0.0
2018-10-03,110.27999877929688,110.27999877929688,110.25,110.27999877929688,91.21769714355469,1039200,0.0,0.0,0.0
2018-10-04,110.2699966430664,110.30000305175781,110.2699966430664,110.30000305175781,91.23423767089844,1289100,0.0,0.0,0.0
2018-10-05,110.30000305175781,110.30999755859375,110.27999877929688,110.30000305175781,91.23423767089844,1326200,0.0,0.0,0.0
2018-10-08,110.30999755859375,110.30999755859375,110.27999877929688,110.30999755859375,91.24250793457031,505600,0.0,0.0,0.0
2018-10-09,110.30999755859375,110.30999755859375,110.27999877929688,110.30999755859375,91.24250793457031,2452200,0.0,0.0,0.0
2018-10-10,110.30999755859375,110.30999755859375,110.29000091552734,110.30999755859375,91.24250793457031,904300,0.0,0.0,0.0
2018-10-11,110.30999755859375,110.33999633789062,110.30999755859375,110.31999969482422,91.25079345703125,3279900,0.0,0.0,0.0
2018-10-12,110.31999969482422,110.3499984741211,110.31999969482422,110.33999633789062,91.2673110961914,1179600,0.0,0.0,0.0
2018-10-15,110.3499984741211,110.3499984741211,110.33000183105469,110.33999633789062,91.2673110961914,754800,0.0,0.0,0.0
2018-10-16,110.3499984741211,110.36000061035156,110.33000183105469,110.3499984741211,91.27565002441406,1252200,0.0,0.0,0.0
2018-10-17,110.33999633789062,110.36000061035156,110.33000183105469,110.33000183105469,91.25904083251953,1129200,0.0,0.0,0.0
2018-10-18,110.3499984741211,110.37999725341797,110.3499984741211,110.37999725341797,91.30043029785156,1968500,0.0,0.0,0.0
2018-10-19,110.36000061035156,110.37999725341797,110.36000061035156,110.37999725341797,91.30043029785156,841000,0.0,0.0,0.0
2018-10-22,110.37999725341797,110.38999938964844,110.36000061035156,110.37999725341797,91.30043029785156,782200,0.0,0.0,0.0
2018-10-23,110.37999725341797,110.4000015258789,110.37000274658203,110.38999938964844,91.3086929321289,2134400,0.0,0.0,0.0
2018-10-24,110.4000015258789,110.4000015258789,110.37999725341797,110.4000015258789,91.3169937133789,1778100,0.0,0.0,0.0
2018-10-25,110.41999816894531,110.43000030517578,110.4000015258789,110.41999816894531,91.33353424072266,2977300,0.0,0.0,0.0
2018-10-26,110.41999816894531,110.43000030517578,110.41000366210938,110.43000030517578,91.34181213378906,1746300,0.0,0.0,0.0
2018-10-29,110.44000244140625,110.44000244140625,110.41000366210938,110.43000030517578,91.34181213378906,2443900,0.0,0.0,0.0
2018-10-30,110.43000030517578,110.44000244140625,110.41999816894531,110.44000244140625,91.35003662109375,2043500,0.0,0.0,0.0
2018-10-31,110.44000244140625,110.44999694824219,110.41999816894531,110.44999694824219,91.35828399658203,2635600,0.0,0.0,0.0
2018-11-01,110.27999877929688,110.29000091552734,110.26000213623047,110.27999877929688,91.37156677246094,2913600,0.186,0.0,0.0
2018-11-02,110.27999877929688,110.27999877929688,110.2699966430664,110.2699966430664,91.36328125,737100,0.0,0.0,0.0
2018-11-05,110.29000091552734,110.29000091552734,110.2699966430664,110.27999877929688,91.37156677246094,2763200,0.0,0.0,0.0
2018-11-06,110.29000091552734,110.29000091552734,110.2699966430664,110.2699966430664,91.36328125,808900,0.0,0.0,0.0
2018-11-07,110.29000091552734,110.29000091552734,110.27999877929688,110.29000091552734,91.37989044189453,1700600,0.0,0.0,0.0
2018-11-08,110.30999755859375,110.31999969482422,110.30000305175781,110.30000305175781,91.3881607055664,1654600,0.0,0.0,0.0
2018-11-09,110.31999969482422,110.31999969482422,110.30999755859375,110.30999755859375,91.39641571044922,4127200,0.0,0.0,0.0
2018-11-12,110.33999633789062,110.3499984741211,110.31999969482422,110.3499984741211,91.4295883178711,865000,0.0,0.0,0.0
2018-11-13,110.33000183105469,110.33999633789062,110.31999969482422,110.33999633789062,91.42127990722656,1226000,0.0,0.0,0.0
2018-11-14,110.33999633789062,110.3499984741211,110.33000183105469,110.3499984741211,91.4295883178711,2161400,0.0,0.0,0.0
2018-11-15,110.36000061035156,110.37000274658203,110.36000061035156,110.36000061035156,91.43788146972656,1647100,0.0,0.0,0.0
2018-11-16,110.37999725341797,110.37999725341797,110.36000061035156,110.37000274658203,91.4461669921875,7548900,0.0,0.0,0.0
2018-11-19,110.38999938964844,110.38999938964844,110.37000274658203,110.38999938964844,91.46273040771484,1518600,0.0,0.0,0.0
2018-11-20,110.4000015258789,110.4000015258789,110.38999938964844,110.4000015258789,91.47101593017578,1940600,0.0,0.0,0.0
2018-11-21,110.41999816894531,110.41999816894531,110.4000015258789,110.4000015258789,91.47101593017578,6371100,0.0,0.0,0.0
2018-11-23,110.41999816894531,110.43000030517578,110.41000366210938,110.43000030517578,91.49590301513672,1060100,0.0,0.0,0.0
2018-11-26,110.43000030517578,110.43000030517578,110.41999816894531,110.43000030517578,91.49590301513672,2793200,0.0,0.0,0.0
2018-11-27,110.43000030517578,110.44000244140625,110.41999816894531,110.44000244140625,91.50411987304688,1868900,0.0,0.0,0.0
2018-11-28,110.44000244140625,110.44999694824219,110.41999816894531,110.44999694824219,91.51240539550781,1819300,0.0,0.0,0.0
2018-11-29,110.45999908447266,110.47000122070312,110.44999694824219,110.45999908447266,91.52071380615234,1521000,0.0,0.0,0.0
2018-11-30,110.47000122070312,110.4800033569336,110.45999908447266,110.47000122070312,91.52900695800781,2973900,0.0,0.0,0.0
2018-12-03,110.2699966430664,110.29000091552734,110.26000213623047,110.29000091552734,91.53729248046875,3200500,0.19,0.0,0.0
2018-12-04,110.29000091552734,110.30000305175781,110.2699966430664,110.29000091552734,91.53729248046875,1923500,0.0,0.0,0.0
2018-12-06,110.31999969482422,110.33000183105469,110.30000305175781,110.31999969482422,91.56217193603516,4217900,0.0,0.0,0.0
2018-12-07,110.33000183105469,110.33999633789062,110.30999755859375,110.33000183105469,91.57050323486328,2184600,0.0,0.0,0.0
2018-12-10,110.33999633789062,110.3499984741211,110.31999969482422,110.33999633789062,91.57877349853516,2404200,0.0,0.0,0.0
2018-12-11,110.33999633789062,110.3499984741211,110.33000183105469,110.33000183105469,91.57050323486328,1986100,0.0,0.0,0.0
2018-12-12,110.3499984741211,110.3499984741211,110.33000183105469,110.3499984741211,91.58708190917969,1124700,0.0,0.0,0.0
2018-12-13,110.36000061035156,110.37999725341797,110.36000061035156,110.37000274658203,91.60369110107422,1342100,0.0,0.0,0.0
2018-12-14,110.37000274658203,110.38999938964844,110.36000061035156,110.37999725341797,91.61199951171875,1553400,0.0,0.0,0.0
2018-12-17,110.37999725341797,110.4000015258789,110.37000274658203,110.4000015258789,91.62857818603516,2664700,0.0,0.0,0.0
2018-12-18,110.20999908447266,110.22000122070312,110.19000244140625,110.20999908447266,91.63774108886719,2425100,0.201,0.0,0.0
2018-12-19,110.20999908447266,110.22000122070312,110.19999694824219,110.22000122070312,91.64605712890625,2932900,0.0,0.0,0.0
2018-12-20,110.23999786376953,110.25,110.22000122070312,110.23999786376953,91.66271209716797,5155500,0.0,0.0,0.0
2018-12-21,110.25,110.26000213623047,110.23999786376953,110.26000213623047,91.67931365966797,7556600,0.0,0.0,0.0
2018-12-24,110.26000213623047,110.2699966430664,110.25,110.25,91.67097473144531,11198800,0.0,0.0,0.0
2018-12-26,110.26000213623047,110.27999877929688,110.25,110.25,91.67097473144531,2851700,0.0,0.0,0.0
2018-12-27,110.29000091552734,110.30000305175781,110.27999877929688,110.30000305175781,91.71259307861328,2532400,0.0,0.0,0.0
2018-12-28,110.30999755859375,110.31999969482422,110.29000091552734,110.31999969482422,91.72917938232422,5192600,0.0,0.0,0.0
2018-12-31,110.30999755859375,110.31999969482422,110.29000091552734,110.30000305175781,91.71259307861328,3434400,0.0,0.0,0.0
2019-01-02,110.31999969482422,110.33999633789062,110.30000305175781,110.30999755859375,91.72087860107422,11493700,0.0,0.0,0.0
2019-01-03,110.33000183105469,110.37999725341797,110.33000183105469,110.3499984741211,91.7541275024414,2855400,0.0,0.0,0.0
2019-01-04,110.36000061035156,110.37999725341797,110.3499984741211,110.37999725341797,91.77909851074219,4436600,0.0,0.0,0.0
2019-01-07,110.37999725341797,110.38999938964844,110.36000061035156,110.37999725341797,91.77909851074219,2822000,0.0,0.0,0.0
2019-01-08,110.37999725341797,110.37999725341797,110.36000061035156,110.37000274658203,91.7707748413086,1497700,0.0,0.0,0.0
2019-01-09,110.37999725341797,110.38999938964844,110.36000061035156,110.36000061035156,91.76245880126953,4548700,0.0,0.0,0.0
2019-01-10,110.38999938964844,110.41999816894531,110.37999725341797,110.38999938964844,91.78743743896484,1985800,0.0,0.0,0.0
2019-01-11,110.41000366210938,110.41999816894531,110.38999938964844,110.41999816894531,91.81237030029297,1886500,0.0,0.0,0.0
2019-01-14,110.41999816894531,110.43000030517578,110.41000366210938,110.43000030517578,91.82067108154297,2135600,0.0,0.0,0.0
2019-01-15,110.41999816894531,110.44000244140625,110.41000366210938,110.44000244140625,91.8290023803711,3886400,0.0,0.0,0.0
2019-01-16,110.43000030517578,110.44000244140625,110.41999816894531,110.41999816894531,91.81237030029297,1628300,0.0,0.0,0.0
2019-01-17,110.44999694824219,110.47000122070312,110.44999694824219,110.44999694824219,91.83731842041016,4725200,0.0,0.0,0.0
2019-01-18,110.4800033569336,110.4800033569336,110.44999694824219,110.4800033569336,91.86226654052734,4056800,0.0,0.0,0.0
2019-01-22,110.47000122070312,110.48999786376953,110.45999908447266,110.47000122070312,91.85391998291016,2397400,0.0,0.0,0.0
2019-01-23,110.4800033569336,110.48999786376953,110.47000122070312,110.47000122070312,91.85391998291016,2143000,0.0,0.0,0.0
2019-01-24,110.5,110.51000213623047,110.5,110.51000213623047,91.88717651367188,2122100,0.0,0.0,0.0
2019-01-25,110.51000213623047,110.5199966430664,110.5,110.51000213623047,91.88717651367188,1404300,0.0,0.0,0.0
2019-01-28,110.5199966430664,110.52999877929688,110.51000213623047,110.51000213623047,91.88717651367188,1895700,0.0,0.0,0.0
2019-01-29,110.51000213623047,110.52999877929688,110.5,110.5,91.8788833618164,1710500,0.0,0.0,0.0
2019-01-30,110.5199966430664,110.52999877929688,110.51000213623047,110.52999877929688,91.90381622314453,1629500,0.0,0.0,0.0
2019-01-31,110.54000091552734,110.56999969482422,110.54000091552734,110.56999969482422,91.93708038330078,2889300,0.0,0.0,0.0
2019-02-01,110.37000274658203,110.37000274658203,110.3499984741211,110.37000274658203,91.94373321533203,5633200,0.208,0.0,0.0
2019-02-04,110.36000061035156,110.37000274658203,110.36000061035156,110.37000274658203,91.94373321533203,2076900,0.0,0.0,0.0
2019-02-05,110.37000274658203,110.38999938964844,110.36000061035156,110.36000061035156,91.93540954589844,3846600,0.0,0.0,0.0
2019-02-06,110.37999725341797,110.4000015258789,110.37999725341797,110.38999938964844,91.96036529541016,1594800,0.0,0.0,0.0
2019-02-07,110.4000015258789,110.41999816894531,110.4000015258789,110.4000015258789,91.9687271118164,1252800,0.0,0.0,0.0
2019-02-08,110.43000030517578,110.43000030517578,110.41999816894531,110.41999816894531,91.98540496826172,1263400,0.0,0.0,0.0
2019-02-11,110.41999816894531,110.44000244140625,110.41999816894531,110.41999816894531,91.98540496826172,1309200,0.0,0.0,0.0
2019-02-12,110.43000030517578,110.43000030517578,110.41000366210938,110.41000366210938,91.97708892822266,3730800,0.0,0.0,0.0
2019-02-13,110.43000030517578,110.43000030517578,110.41999816894531,110.41999816894531,91.98540496826172,2300300,0.0,0.0,0.0
2019-02-14,110.44999694824219,110.47000122070312,110.44999694824219,110.44999694824219,92.01038360595703,1955700,0.0,0.0,0.0
2019-02-15,110.45999908447266,110.47000122070312,110.45999908447266,110.47000122070312,92.02702331542969,1513700,0.0,0.0,0.0
2019-02-19,110.47000122070312,110.48999786376953,110.47000122070312,110.4800033569336,92.03536224365234,2378800,0.0,0.0,0.0
2019-02-20,110.4800033569336,110.48999786376953,110.4800033569336,110.4800033569336,92.03536224365234,1811400,0.0,0.0,0.0
2019-02-21,110.51000213623047,110.51000213623047,110.48999786376953,110.51000213623047,92.06037139892578,11274600,0.0,0.0,0.0
2019-02-22,110.5199966430664,110.5199966430664,110.5,110.51000213623047,92.06037139892578,1177900,0.0,0.0,0.0
2019-02-25,110.51000213623047,110.5199966430664,110.5,110.51000213623047,92.06037139892578,5606300,0.0,0.0,0.0
2019-02-26,110.5199966430664,110.52999877929688,110.51000213623047,110.51000213623047,92.06037139892578,2365300,0.0,0.0,0.0
2019-02-27,110.52999877929688,110.54000091552734,110.5199966430664,110.54000091552734,92.08536529541016,1043800,0.0,0.0,0.0
2019-02-28,110.55000305175781,110.55000305175781,110.54000091552734,110.54000091552734,92.08536529541016,1278800,0.0,0.0,0.0
2019-03-01,110.33999633789062,110.3499984741211,110.33000183105469,110.33999633789062,92.09788513183594,2753100,0.215,0.0,0.0
2019-03-04,110.33999633789062,110.36000061035156,110.33999633789062,110.36000061035156,92.11457824707031,1597000,0.0,0.0,0.0
2019-03-05,110.3499984741211,110.36000061035156,110.33999633789062,110.3499984741211,92.106201171875,1701400,0.0,0.0,0.0
2019-03-06,110.36000061035156,110.37000274658203,110.3499984741211,110.37000274658203,92.12291717529297,2242400,0.0,0.0,0.0
2019-03-07,110.37999725341797,110.38999938964844,110.37999725341797,110.38999938964844,92.13958740234375,1483900,0.0,0.0,0.0
2019-03-08,110.4000015258789,110.41000366210938,110.38999938964844,110.41000366210938,92.15633392333984,5348200,0.0,0.0,0.0
2019-03-11,110.41000366210938,110.41000366210938,110.38999938964844,110.38999938964844,92.13958740234375,1280800,0.0,0.0,0.0
2019-03-12,110.4000015258789,110.41999816894531,110.4000015258789,110.41000366210938,92.15633392333984,3320600,0.0,0.0,0.0
2019-03-13,110.41999816894531,110.43000030517578,110.41000366210938,110.43000030517578,92.1729965209961,3109800,0.0,0.0,0.0
2019-03-14,110.44000244140625,110.44999694824219,110.43000030517578,110.43000030517578,92.1729965209961,1186300,0.0,0.0,0.0
2019-03-15,110.44000244140625,110.45999908447266,110.44000244140625,110.45999908447266,92.19804382324219,1072200,0.0,0.0,0.0
2019-03-18,110.45999908447266,110.45999908447266,110.44000244140625,110.44000244140625,92.18135833740234,2360600,0.0,0.0,0.0
2019-03-19,110.47000122070312,110.47000122070312,110.44000244140625,110.47000122070312,92.20638275146484,3057000,0.0,0.0,0.0
2019-03-20,110.47000122070312,110.4800033569336,110.47000122070312,110.4800033569336,92.2147445678711,2457800,0.0,0.0,0.0
2019-03-21,110.48999786376953,110.5,110.48999786376953,110.48999786376953,92.22307586669922,3991800,0.0,0.0,0.0
2019-03-22,110.51000213623047,110.5199966430664,110.5,110.5199966430664,92.24813842773438,2037200,0.0,0.0,0.0
2019-03-25,110.52999877929688,110.52999877929688,110.5199966430664,110.5199966430664,92.24813842773438,1348800,0.0,0.0,0.0
2019-03-26,110.52999877929688,110.54000091552734,110.5199966430664,110.54000091552734,92.26482391357422,1819400,0.0,0.0,0.0
2019-03-27,110.55000305175781,110.55000305175781,110.52999877929688,110.52999877929688,92.25648498535156,1143200,0.0,0.0,0.0
2019-03-28,110.55999755859375,110.56999969482422,110.55000305175781,110.55999755859375,92.28150939941406,4010000,0.0,0.0,0.0
2019-03-29,110.55999755859375,110.56999969482422,110.55999755859375,110.56999969482422,92.28985595703125,2435200,0.0,0.0,0.0
2019-04-01,110.37000274658203,110.37000274658203,110.3499984741211,110.3499984741211,92.28983306884766,1879100,0.22,0.0,0.0
2019-04-02,110.37000274658203,110.37999725341797,110.36000061035156,110.37999725341797,92.3149185180664,2583300,0.0,0.0,0.0
2019-04-03,110.37999725341797,110.38999938964844,110.36000061035156,110.36000061035156,92.2982177734375,4651700,0.0,0.0,0.0
2019-04-04,110.4000015258789,110.41000366210938,110.38999938964844,110.41000366210938,92.3400650024414,863000,0.0,0.0,0.0
2019-04-05,110.41000366210938,110.41000366210938,110.38999938964844,110.4000015258789,92.33168029785156,1130500,0.0,0.0,0.0
2019-04-08,110.41000366210938,110.41999816894531,110.4000015258789,110.41999816894531,92.34839630126953,2513800,0.0,0.0,0.0
2019-04-09,110.41000366210938,110.41999816894531,110.4000015258789,110.4000015258789,92.33168029785156,3409900,0.0,0.0,0.0
2019-04-10,110.41000366210938,110.43000030517578,110.41000366210938,110.43000030517578,92.35675048828125,1519900,0.0,0.0,0.0
2019-04-11,110.43000030517578,110.45999908447266,110.43000030517578,110.45999908447266,92.3818588256836,2044600,0.0,0.0,0.0
2019-04-12,110.44999694824219,110.45999908447266,110.44000244140625,110.45999908447266,92.3818588256836,3353200,0.0,0.0,0.0
2019-04-15,110.44999694824219,110.45999908447266,110.44999694824219,110.44999694824219,92.37347412109375,981800,0.0,0.0,0.0
2019-04-16,110.44999694824219,110.47000122070312,110.44999694824219,110.47000122070312,92.39020538330078,920300,0.0,0.0,0.0
2019-04-17,110.47000122070312,110.5,110.47000122070312,110.5,92.41532897949219,818300,0.0,0.0,0.0
2019-04-18,110.48999786376953,110.5,110.4800033569336,110.48999786376953,92.40693664550781,521400,0.0,0.0,0.0
2019-04-22,110.48999786376953,110.5,110.48999786376953,110.48999786376953,92.40693664550781,1418400,0.0,0.0,0.0
2019-04-23,110.48999786376953,110.5,110.48999786376953,110.48999786376953,92.40693664550781,1646500,0.0,0.0,0.0
2019-04-24,110.5,110.52999877929688,110.5,110.52999877929688,92.44041442871094,1760900,0.0,0.0,0.0
2019-04-25,110.52999877929688,110.55000305175781,110.29000091552734,110.55000305175781,92.45713806152344,1710600,0.0,0.0,0.0
2019-04-26,110.55000305175781,110.55999755859375,110.54000091552734,110.55999755859375,92.4654769897461,641800,0.0,0.0,0.0
2019-04-29,110.55999755859375,110.55999755859375,110.1500015258789,110.55999755859375,92.4654769897461,714100,0.0,0.0,0.0
2019-04-30,110.55999755859375,110.55999755859375,110.55000305175781,110.55999755859375,92.4654769897461,1426400,0.0,0.0,0.0
2019-05-01,110.3499984741211,110.37000274658203,110.3499984741211,110.36000061035156,92.48054504394531,1677300,0.218,0.0,0.0
2019-05-02,110.37000274658203,110.37999725341797,110.36000061035156,110.37999725341797,92.49732208251953,1104700,0.0,0.0,0.0
2019-05-03,110.37999725341797,110.38999938964844,110.36000061035156,110.37999725341797,92.49732208251953,1476000,0.0,0.0,0.0
2019-05-06,110.38999938964844,110.38999938964844,110.37000274658203,110.38999938964844,92.50569152832031,1079800,0.0,0.0,0.0
2019-05-07,110.37999725341797,110.4000015258789,110.37999725341797,110.4000015258789,92.51409149169922,1045400,0.0,0.0,0.0
2019-05-08,110.38999938964844,110.41000366210938,110.38999938964844,110.4000015258789,92.51409149169922,1127200,0.0,0.0,0.0
2019-05-09,110.41000366210938,110.43000030517578,110.41000366210938,110.43000030517578,92.53923034667969,1210500,0.0,0.0,0.0
2019-05-10,110.43000030517578,110.44000244140625,110.19999694824219,110.43000030517578,92.53923034667969,1004400,0.0,0.0,0.0
2019-05-13,110.43000030517578,110.44999694824219,110.43000030517578,110.44999694824219,92.55597686767578,1788700,0.0,0.0,0.0
2019-05-14,110.44999694824219,110.45999908447266,110.44000244140625,110.45999908447266,92.56439971923828,3845000,0.0,0.0,0.0
2019-05-15,110.45999908447266,110.47000122070312,110.44999694824219,110.45999908447266,92.56439971923828,1162600,0.0,0.0,0.0
2019-05-16,110.47000122070312,110.48999786376953,110.47000122070312,110.48999786376953,92.5895004272461,1185500,0.0,0.0,0.0
2019-05-17,110.4800033569336,110.48999786376953,110.4800033569336,110.48999786376953,92.5895004272461,770000,0.0,0.0,0.0
2019-05-20,110.48999786376953,110.5,110.4800033569336,110.4800033569336,92.58112335205078,716900,0.0,0.0,0.0
2019-05-21,110.48999786376953,110.5,110.48999786376953,110.5,92.59789276123047,701300,0.0,0.0,0.0
2019-05-22,110.5,110.51000213623047,110.31999969482422,110.51000213623047,92.60627746582031,1583700,0.0,0.0,0.0
2019-05-23,110.52999877929688,110.54000091552734,110.52999877929688,110.54000091552734,92.63140869140625,974800,0.0,0.0,0.0
2019-05-24,110.55000305175781,110.55999755859375,110.52999877929688,110.55000305175781,92.63978576660156,1600400,0.0,0.0,0.0
2019-05-28,110.55000305175781,110.55999755859375,110.54000091552734,110.55000305175781,92.63978576660156,1496600,0.0,0.0,0.0
2019-05-29,110.55999755859375,110.56999969482422,110.55000305175781,110.55000305175781,92.63978576660156,2360300,0.0,0.0,0.0
2019-05-30,110.56999969482422,110.58999633789062,110.56999969482422,110.58000183105469,92.66494750976562,1523500,0.0,0.0,0.0
2019-05-31,110.58999633789062,110.61000061035156,110.58999633789062,110.61000061035156,92.6900863647461,3181800,0.0,0.0,0.0
2019-06-03,110.41000366210938,110.43000030517578,110.06999969482422,110.43000030517578,92.7245101928711,4214000,0.221,0.0,0.0
2019-06-04,110.44000244140625,110.44000244140625,110.16000366210938,110.41999816894531,92.71612548828125,2761200,0.0,0.0,0.0
2019-06-05,110.44999694824219,110.47000122070312,110.44000244140625,110.45999908447266,92.74971771240234,13528500,0.0,0.0,0.0
2019-06-06,110.4800033569336,110.48999786376953,110.47000122070312,110.4800033569336,92.76647186279297,16050900,0.0,0.0,0.0
2019-06-07,110.51000213623047,110.5199966430664,110.48999786376953,110.48999786376953,92.77485656738281,13568800,0.0,0.0,0.0
2019-06-10,110.5,110.51000213623047,110.48999786376953,110.51000213623047,92.79167175292969,2968100,0.0,0.0,0.0
2019-06-11,110.5,110.51000213623047,110.2699966430664,110.5,92.78324127197266,1902800,0.0,0.0,0.0
2019-06-12,110.5,110.5199966430664,110.5,110.51000213623047,92.79167175292969,1172700,0.0,0.0,0.0
2019-06-13,110.5199966430664,110.55999755859375,110.5199966430664,110.55999755859375,92.83365631103516,1496600,0.0,0.0,0.0
2019-06-14,110.55000305175781,110.56999969482422,110.55000305175781,110.56999969482422,92.84205627441406,1816900,0.0,0.0,0.0
2019-06-17,110.55999755859375,110.56999969482422,110.55000305175781,110.56999969482422,92.84205627441406,2754800,0.0,0.0,0.0
2019-06-18,110.56999969482422,110.56999969482422,110.55000305175781,110.56999969482422,92.84205627441406,1756400,0.0,0.0,0.0
2019-06-19,110.56999969482422,110.58999633789062,110.55000305175781,110.56999969482422,92.84205627441406,1404600,0.0,0.0,0.0
2019-06-20,110.61000061035156,110.63999938964844,110.61000061035156,110.62999725341797,92.8924331665039,1840600,0.0,0.0,0.0
2019-06-21,110.62000274658203,110.62999725341797,110.61000061035156,110.62000274658203,92.8840560913086,1244900,0.0,0.0,0.0
2019-06-24,110.62000274658203,110.62999725341797,110.62000274658203,110.62000274658203,92.8840560913086,1425300,0.0,0.0,0.0
2019-06-25,110.62999725341797,110.63999938964844,110.31999969482422,110.62000274658203,92.8840560913086,816200,0.0,0.0,0.0
2019-06-26,110.63999938964844,110.63999938964844,110.62999725341797,110.63999938964844,92.90083312988281,926900,0.0,0.0,0.0
2019-06-27,110.6500015258789,110.66999816894531,110.63999938964844,110.66999816894531,92.926025390625,1958300,0.0,0.0,0.0
2019-06-28,110.66999816894531,110.66999816894531,110.2699966430664,110.6500015258789,92.90923309326172,2191700,0.0,0.0,0.0
2019-07-01,110.44999694824219,110.45999908447266,110.44000244140625,110.44999694824219,92.91680145263672,2236300,0.209,0.0,0.0
2019-07-02,110.45999908447266,110.4800033569336,110.45999908447266,110.47000122070312,92.93359375,1725200,0.0,0.0,0.0
2019-07-03,110.4800033569336,110.5,110.4800033569336,110.5,92.95882415771484,1462500,0.0,0.0,0.0
2019-07-05,110.48999786376953,110.48999786376953,110.45999908447266,110.47000122070312,92.93359375,1473900,0.0,0.0,0.0
2019-07-08,110.4800033569336,110.48999786376953,110.47000122070312,110.48999786376953,92.95042419433594,2134700,0.0,0.0,0.0
2019-07-09,110.4800033569336,110.48999786376953,110.47000122070312,110.48999786376953,92.95042419433594,1318700,0.0,0.0,0.0
2019-07-10,110.48999786376953,110.51000213623047,110.4800033569336,110.51000213623047,92.96726989746094,1226700,0.0,0.0,0.0
2019-07-11,110.51000213623047,110.52999877929688,110.51000213623047,110.52999877929688,92.98410034179688,1107400,0.0,0.0,0.0
2019-07-12,110.52999877929688,110.52999877929688,110.51000213623047,110.51000213623047,92.96726989746094,1145800,0.0,0.0,0.0
2019-07-15,110.52999877929688,110.54000091552734,110.5199966430664,110.54000091552734,92.99251556396484,938300,0.0,0.0,0.0
2019-07-16,110.54000091552734,110.54000091552734,110.5199966430664,110.5199966430664,92.97566986083984,2415300,0.0,0.0,0.0
2019-07-17,110.52999877929688,110.55999755859375,110.52999877929688,110.55000305175781,93.00091552734375,4124100,0.0,0.0,0.0
2019-07-18,110.56999969482422,110.5999984741211,110.55999755859375,110.58000183105469,93.0261459350586,2383700,0.0,0.0,0.0
2019-07-19,110.58999633789062,110.58999633789062,110.56999969482422,110.56999969482422,93.01774597167969,994200,0.0,0.0,0.0
2019-07-22,110.58999633789062,110.5999984741211,110.2699966430664,110.5999984741211,93.04298400878906,839700,0.0,0.0,0.0
2019-07-23,110.58999633789062,110.5999984741211,110.56999969482422,110.58999633789062,93.03453063964844,1211200,0.0,0.0,0.0
2019-07-24,110.58999633789062,110.58999633789062,110.58000183105469,110.58999633789062,93.03453063964844,1754900,0.0,0.0,0.0
2019-07-25,110.58999633789062,110.61000061035156,110.29000091552734,110.5999984741211,93.04298400878906,1295800,0.0,0.0,0.0
2019-07-26,110.5999984741211,110.61000061035156,110.58999633789062,110.61000061035156,93.05137634277344,1525300,0.0,0.0,0.0
2019-07-29,110.61000061035156,110.62000274658203,110.5999984741211,110.61000061035156,93.05137634277344,1152500,0.0,0.0,0.0
2019-07-30,110.61000061035156,110.62000274658203,110.5999984741211,110.62000274658203,93.05982971191406,894400,0.0,0.0,0.0
2019-07-31,110.62000274658203,110.62999725341797,110.58999633789062,110.62000274658203,93.05982971191406,1921100,0.0,0.0,0.0
2019-08-01,110.41999816894531,110.45999908447266,110.41000366210938,110.45999908447266,93.10196685791016,1761700,0.21,0.0,0.0
2019-08-02,110.45999908447266,110.4800033569336,110.45999908447266,110.4800033569336,93.11880493164062,1435700,0.0,0.0,0.0
2019-08-05,110.5,110.51000213623047,110.48999786376953,110.5,93.13565826416016,2968700,0.0,0.0,0.0
2019-08-06,110.51000213623047,110.5199966430664,110.48999786376953,110.51000213623047,93.14410400390625,2822200,0.0,0.0,0.0
2019-08-07,110.52999877929688,110.54000091552734,110.5199966430664,110.5199966430664,93.15251922607422,2654900,0.0,0.0,0.0
2019-08-08,110.54000091552734,110.55000305175781,110.52999877929688,110.54000091552734,93.16937255859375,2766900,0.0,0.0,0.0
2019-08-09,110.55000305175781,110.55999755859375,110.54000091552734,110.55000305175781,93.17781829833984,1026600,0.0,0.0,0.0
2019-08-12,110.55999755859375,110.56999969482422,110.54000091552734,110.55999755859375,93.18623352050781,1370800,0.0,0.0,0.0
2019-08-13,110.55999755859375,110.56999969482422,110.54000091552734,110.55000305175781,93.17781829833984,1222900,0.0,0.0,0.0
2019-08-14,110.55999755859375,110.56999969482422,110.55999755859375,110.56999969482422,93.19467163085938,1905600,0.0,0.0,0.0
2019-08-15,110.5999984741211,110.62999725341797,110.58999633789062,110.62000274658203,93.23683166503906,2037300,0.0,0.0,0.0
2019-08-16,110.61000061035156,110.62999725341797,110.61000061035156,110.61000061035156,93.22835540771484,5311600,0.0,0.0,0.0
2019-08-19,110.62999725341797,110.62999725341797,110.5999984741211,110.61000061035156,93.22835540771484,2987600,0.0,0.0,0.0
2019-08-20,110.62000274658203,110.62999725341797,110.62000274658203,110.62999725341797,93.2452163696289,1966100,0.0,0.0,0.0
2019-08-21,110.62999725341797,110.62999725341797,110.61000061035156,110.62999725341797,93.2452163696289,1338500,0.0,0.0,0.0
2019-08-22,110.62999725341797,110.63999938964844,110.62999725341797,110.62999725341797,93.2452163696289,1042900,0.0,0.0,0.0
2019-08-23,110.63999938964844,110.66000366210938,110.02999877929688,110.66000366210938,93.27049255371094,2149900,0.0,0.0,0.0
2019-08-26,110.6500015258789,110.66999816894531,110.3499984741211,110.63999938964844,93.25366973876953,1041100,0.0,0.0,0.0
2019-08-27,110.6500015258789,110.66000366210938,110.63999938964844,110.6500015258789,93.2621078491211,3004000,0.0,0.0,0.0
2019-08-28,110.66000366210938,110.66000366210938,110.63999938964844,110.6500015258789,93.2621078491211,1396600,0.0,0.0,0.0
2019-08-29,110.66000366210938,110.66999816894531,110.66000366210938,110.66999816894531,93.27897644042969,1413900,0.0,0.0,0.0
2019-08-30,110.66999816894531,110.66999816894531,110.66000366210938,110.66000366210938,93.27049255371094,1843400,0.0,0.0,0.0
2019-09-03,110.4800033569336,110.5,110.47000122070312,110.48999786376953,93.29415893554688,3083100,0.198,0.0,0.0
2019-09-04,110.5,110.51000213623047,110.48999786376953,110.51000213623047,93.31105041503906,1229600,0.0,0.0,0.0
2019-09-05,110.5199966430664,110.5199966430664,110.48999786376953,110.48999786376953,93.29415893554688,1908600,0.0,0.0,0.0
2019-09-06,110.51000213623047,110.5199966430664,110.5,110.5199966430664,93.31951904296875,1469900,0.0,0.0,0.0
2019-09-09,110.5199966430664,110.5199966430664,110.5,110.51000213623047,93.31105041503906,832800,0.0,0.0,0.0
2019-09-10,110.5199966430664,110.5199966430664,110.2300033569336,110.48999786376953,93.29415893554688,5543800,0.0,0.0,0.0
2019-09-11,110.51000213623047,110.51000213623047,110.5,110.51000213623047,93.31105041503906,1033800,0.0,0.0,0.0
2019-09-12,110.52999877929688,110.54000091552734,110.51000213623047,110.5199966430664,93.31951904296875,1107900,0.0,0.0,0.0
2019-09-13,110.5199966430664,110.5199966430664,110.51000213623047,110.5199966430664,93.31951904296875,1377200,0.0,0.0,0.0
2019-09-16,110.5199966430664,110.52999877929688,110.51000213623047,110.5199966430664,93.31951904296875,919600,0.0,0.0,0.0
2019-09-17,110.5199966430664,110.5199966430664,110.5,110.5199966430664,93.31951904296875,851500,0.0,0.0,0.0
2019-09-18,110.5199966430664,110.54000091552734,110.5199966430664,110.52999877929688,93.32794189453125,818700,0.0,0.0,0.0
2019-09-19,110.55000305175781,110.55999755859375,110.52999877929688,110.52999877929688,93.32794189453125,5230200,0.0,0.0,0.0
2019-09-20,110.55000305175781,110.55999755859375,110.52999877929688,110.54000091552734,93.33638000488281,6352800,0.0,0.0,0.0
2019-09-23,110.55000305175781,110.56999969482422,110.25,110.55000305175781,93.34481811523438,9681600,0.0,0.0,0.0
2019-09-24,110.56999969482422,110.58000183105469,110.33999633789062,110.55999755859375,93.35326385498047,6437000,0.0,0.0,0.0
2019-09-25,110.58000183105469,110.58000183105469,110.55999755859375,110.56999969482422,93.36173248291016,4023400,0.0,0.0,0.0
2019-09-26,110.5999984741211,110.5999984741211,110.58000183105469,110.58999633789062,93.37860870361328,1006800,0.0,0.0,0.0
2019-09-27,110.5999984741211,110.61000061035156,110.5999984741211,110.5999984741211,93.38703155517578,1184100,0.0,0.0,0.0
2019-09-30,110.62000274658203,110.62000274658203,110.61000061035156,110.62000274658203,93.4039077758789,1342800,0.0,0.0,0.0
2019-10-01,110.44000244140625,110.44999694824219,110.41999816894531,110.44000244140625,93.41575622558594,1684400,0.194,0.0,0.0
2019-10-02,110.47000122070312,110.48999786376953,110.47000122070312,110.4800033569336,93.44963836669922,1803700,0.0,0.0,0.0
2019-10-03,110.5199966430664,110.54000091552734,110.51000213623047,110.5199966430664,93.48345184326172,1194800,0.0,0.0,0.0
2019-10-04,110.54000091552734,110.55999755859375,110.52999877929688,110.55999755859375,93.51730346679688,1434300,0.0,0.0,0.0
2019-10-07,110.55000305175781,110.55999755859375,110.54000091552734,110.55000305175781,93.50881958007812,1268400,0.0,0.0,0.0
2019-10-08,110.55000305175781,110.55999755859375,110.54000091552734,110.55000305175781,93.50881958007812,1348000,0.0,0.0,0.0
2019-10-09,110.56999969482422,110.56999969482422,110.54000091552734,110.55000305175781,93.50881958007812,1225200,0.0,0.0,0.0
2019-10-10,110.56999969482422,110.58999633789062,110.55999755859375,110.58999633789062,93.54263305664062,1655200,0.0,0.0,0.0
2019-10-11,110.56999969482422,110.58000183105469,110.55999755859375,110.55999755859375,93.51730346679688,1635400,0.0,0.0,0.0
2019-10-14,110.58000183105469,110.58000183105469,110.5199966430664,110.58000183105469,93.53419494628906,5543400,0.0,0.0,0.0
2019-10-15,110.5999984741211,110.5999984741211,110.58000183105469,110.58000183105469,93.53419494628906,1729800,0.0,0.0,0.0
2019-10-16,110.5999984741211,110.61000061035156,110.58999633789062,110.5999984741211,93.55108642578125,1986500,0.0,0.0,0.0
2019-10-17,110.62000274658203,110.63999938964844,110.62000274658203,110.63999938964844,93.58494567871094,2700700,0.0,0.0,0.0
2019-10-18,110.62999725341797,110.63999938964844,110.62000274658203,110.63999938964844,93.58494567871094,1320900,0.0,0.0,0.0
2019-10-21,110.63999938964844,110.63999938964844,110.62000274658203,110.62999725341797,93.57646942138672,1333300,0.0,0.0,0.0
2019-10-22,110.63999938964844,110.6500015258789,110.62999725341797,110.62999725341797,93.57646942138672,3491600,0.0,0.0,0.0
2019-10-23,110.63999938964844,110.6500015258789,110.62999725341797,110.62999725341797,93.57646942138672,2895100,0.0,0.0,0.0
2019-10-24,110.6500015258789,110.66000366210938,110.4000015258789,110.63999938964844,93.58494567871094,2377200,0.0,0.0,0.0
2019-10-25,110.6500015258789,110.66000366210938,110.63999938964844,110.66000366210938,93.60184478759766,4022300,0.0,0.0,0.0
2019-10-28,110.66000366210938,110.66000366210938,110.6500015258789,110.66000366210938,93.60184478759766,1095100,0.0,0.0,0.0
2019-10-29,110.66999816894531,110.66999816894531,110.6500015258789,110.66000366210938,93.60184478759766,2007500,0.0,0.0,0.0
2019-10-30,110.66999816894531,110.68000030517578,110.66000366210938,110.66999816894531,93.61032104492188,743700,0.0,0.0,0.0
2019-10-31,110.68000030517578,110.72000122070312,110.68000030517578,110.72000122070312,93.65260314941406,1726500,0.0,0.0,0.0
2019-11-01,110.52999877929688,110.52999877929688,110.5199966430664,110.52999877929688,93.64920806884766,1338100,0.186,0.0,0.0
2019-11-04,110.54000091552734,110.54000091552734,110.33999633789062,110.54000091552734,93.65768432617188,2470900,0.0,0.0,0.0
2019-11-05,110.5199966430664,110.54000091552734,110.5199966430664,110.5199966430664,93.64075469970703,3265100,0.0,0.0,0.0
2019-11-06,110.52999877929688,110.55000305175781,110.5199966430664,110.52999877929688,93.64920806884766,3200300,0.0,0.0,0.0
2019-11-07,110.54000091552734,110.55000305175781,110.52999877929688,110.54000091552734,93.65768432617188,2180700,0.0,0.0,0.0
2019-11-08,110.55999755859375,110.55999755859375,110.54000091552734,110.55000305175781,93.66616821289062,1121600,0.0,0.0,0.0
2019-11-11,110.55000305175781,110.55999755859375,110.54000091552734,110.54000091552734,93.65768432617188,880800,0.0,0.0,0.0
2019-11-12,110.54000091552734,110.55999755859375,110.54000091552734,110.55999755859375,93.67465209960938,1337300,0.0,0.0,0.0
2019-11-13,110.55000305175781,110.56999969482422,110.55000305175781,110.55999755859375,93.67465209960938,1449300,0.0,0.0,0.0
2019-11-14,110.55999755859375,110.58999633789062,110.55999755859375,110.58999633789062,93.70004272460938,2036300,0.0,0.0,0.0
2019-11-15,110.58000183105469,110.58999633789062,110.58000183105469,110.58999633789062,93.70004272460938,1278700,0.0,0.0,0.0
2019-11-18,110.58999633789062,110.58999633789062,110.58000183105469,110.58999633789062,93.70004272460938,521300,0.0,0.0,0.0
2019-11-19,110.5999984741211,110.5999984741211,110.58000183105469,110.58000183105469,93.69157409667969,900700,0.0,0.0,0.0
2019-11-20,110.58999633789062,110.5999984741211,110.58000183105469,110.58000183105469,93.69157409667969,3990800,0.0,0.0,0.0
2019-11-21,110.5999984741211,110.5999984741211,110.58999633789062,110.58999633789062,93.70004272460938,3623200,0.0,0.0,0.0
2019-11-22,110.5999984741211,110.61000061035156,110.5999984741211,110.5999984741211,93.70851135253906,1120700,0.0,0.0,0.0
2019-11-25,110.61000061035156,110.62000274658203,110.5999984741211,110.61000061035156,93.71699523925781,1135700,0.0,0.0,0.0
2019-11-26,110.62000274658203,110.62000274658203,110.5999984741211,110.61000061035156,93.71699523925781,890700,0.0,0.0,0.0
2019-11-27,110.62000274658203,110.62999725341797,110.61000061035156,110.62000274658203,93.7254638671875,1620100,0.0,0.0,0.0
2019-11-29,110.62000274658203,110.62999725341797,110.61000061035156,110.61000061035156,93.71699523925781,1216200,0.0,0.0,0.0
2019-12-02,110.44999694824219,110.45999908447266,110.44999694824219,110.44999694824219,93.72462463378906,2005300,0.169,0.0,0.0
2019-12-03,110.47000122070312,110.48999786376953,110.45999908447266,110.48999786376953,93.75859069824219,1881300,0.0,0.0,0.0
2019-12-04,110.4800033569336,110.5,110.4800033569336,110.4800033569336,93.75009155273438,1286200,0.0,0.0,0.0
2019-12-05,110.5,110.51000213623047,110.48999786376953,110.48999786376953,93.75859069824219,987300,0.0,0.0,0.0
2019-12-06,110.51000213623047,110.51000213623047,110.48999786376953,110.51000213623047,93.77556610107422,1207700,0.0,0.0,0.0
2019-12-09,110.5,110.5199966430664,110.5,110.5,93.76707458496094,1300000,0.0,0.0,0.0
2019-12-10,110.51000213623047,110.5199966430664,110.5,110.5,93.76707458496094,901300,0.0,0.0,0.0
2019-12-11,110.5199966430664,110.5199966430664,110.51000213623047,110.51000213623047,93.77556610107422,1160400,0.0,0.0,0.0
2019-12-12,110.54000091552734,110.54000091552734,110.5199966430664,110.5199966430664,93.78401947021484,808000,0.0,0.0,0.0
2019-12-13,110.54000091552734,110.55000305175781,110.5199966430664,110.55000305175781,93.80950164794922,3299100,0.0,0.0,0.0
2019-12-16,110.54000091552734,110.55000305175781,110.52999877929688,110.54000091552734,93.801025390625,1513300,0.0,0.0,0.0
2019-12-17,110.55000305175781,110.55999755859375,110.52999877929688,110.55999755859375,93.81798553466797,3089000,0.0,0.0,0.0
2019-12-18,110.55999755859375,110.55999755859375,110.54000091552734,110.55999755859375,93.81798553466797,2509900,0.0,0.0,0.0
2019-12-19,110.41000366210938,110.41000366210938,110.37999725341797,110.38999938964844,93.81798553466797,1786700,0.17,0.0,0.0
2019-12-20,110.41000366210938,110.41000366210938,110.12000274658203,110.41000366210938,93.8349838256836,2069100,0.0,0.0,0.0
2019-12-23,110.4000015258789,110.41000366210938,110.38999938964844,110.38999938964844,93.81798553466797,1201700,0.0,0.0,0.0
2019-12-24,110.41000366210938,110.41999816894531,110.4000015258789,110.41999816894531,93.8434829711914,544800,0.0,0.0,0.0
2019-12-26,110.41999816894531,110.44000244140625,110.41000366210938,110.41000366210938,93.8349838256836,1581400,0.0,0.0,0.0
2019-12-27,110.41999816894531,110.44000244140625,110.41999816894531,110.43000030517578,93.85199737548828,1610600,0.0,0.0,0.0
2019-12-30,110.44000244140625,110.44999694824219,110.43000030517578,110.44000244140625,93.86046600341797,3217100,0.0,0.0,0.0
2019-12-31,110.44000244140625,110.45999908447266,110.43000030517578,110.45999908447266,93.87744903564453,1760800,0.0,0.0,0.0
2020-01-02,110.45999908447266,110.4800033569336,110.44999694824219,110.4800033569336,93.89447784423828,1896100,0.0,0.0,0.0
2020-01-03,110.4800033569336,110.48999786376953,110.47000122070312,110.4800033569336,93.89447784423828,1491000,0.0,0.0,0.0
2020-01-06,110.48999786376953,110.48999786376953,110.47000122070312,110.47000122070312,93.88597106933594,1465500,0.0,0.0,0.0
2020-01-07,110.4800033569336,110.48999786376953,110.47000122070312,110.48999786376953,93.90298461914062,1370300,0.0,0.0,0.0
2020-01-08,110.5,110.5,110.4800033569336,110.5,93.91146850585938,2313700,0.0,0.0,0.0
2020-01-09,110.51000213623047,110.51000213623047,110.48999786376953,110.5,93.91146850585938,1182900,0.0,0.0,0.0
2020-01-10,110.48999786376953,110.5,110.48999786376953,110.48999786376953,93.90298461914062,2140300,0.0,0.0,0.0
2020-01-13,110.5,110.51000213623047,110.48999786376953,110.5,93.91146850585938,1676400,0.0,0.0,0.0
2020-01-14,110.5,110.51000213623047,110.5,110.5,93.91146850585938,1034200,0.0,0.0,0.0
2020-01-15,110.51000213623047,110.5199966430664,110.5,110.5199966430664,93.92848205566406,1334500,0.0,0.0,0.0
2020-01-16,110.52999877929688,110.54000091552734,110.52999877929688,110.54000091552734,93.94546508789062,1161600,0.0,0.0,0.0
2020-01-17,110.54000091552734,110.54000091552734,110.52999877929688,110.54000091552734,93.94546508789062,1813600,0.0,0.0,0.0
2020-01-21,110.52999877929688,110.55000305175781,110.52999877929688,110.55000305175781,93.95392608642578,1243500,0.0,0.0,0.0
2020-01-22,110.55000305175781,110.55999755859375,110.54000091552734,110.55000305175781,93.95392608642578,1380000,0.0,0.0,0.0
2020-01-23,110.56999969482422,110.56999969482422,110.55999755859375,110.56999969482422,93.97096252441406,769900,0.0,0.0,0.0
2020-01-24,110.56999969482422,110.58000183105469,110.55999755859375,110.58000183105469,93.97946166992188,1140900,0.0,0.0,0.0
2020-01-27,110.58000183105469,110.58999633789062,110.58000183105469,110.58999633789062,93.98796844482422,2013000,0.0,0.0,0.0
2020-01-28,110.58999633789062,110.58999633789062,110.56999969482422,110.58999633789062,93.98796844482422,2626800,0.0,0.0,0.0
2020-01-29,110.58000183105469,110.5999984741211,110.58000183105469,110.5999984741211,93.99642944335938,827400,0.0,0.0,0.0
2020-01-30,110.5999984741211,110.61000061035156,110.5999984741211,110.61000061035156,94.00495147705078,858500,0.0,0.0,0.0
2020-01-31,110.62000274658203,110.62999725341797,110.5999984741211,110.62999725341797,94.02194213867188,2549600,0.0,0.0,0.0
2020-02-03,110.45999908447266,110.47000122070312,110.44999694824219,110.47000122070312,94.02278900146484,2050500,0.161,0.0,0.0
2020-02-04,110.45999908447266,110.47000122070312,110.44999694824219,110.44999694824219,94.00578308105469,4385100,0.0,0.0,0.0
2020-02-05,110.45999908447266,110.47000122070312,110.44999694824219,110.45999908447266,94.01429748535156,2003100,0.0,0.0,0.0
2020-02-06,110.47000122070312,110.4800033569336,110.44999694824219,110.44999694824219,94.00578308105469,1212500,0.0,0.0,0.0
2020-02-07,110.45999908447266,110.4800033569336,110.45999908447266,110.4800033569336,94.03134155273438,1066500,0.0,0.0,0.0
2020-02-10,110.48999786376953,110.48999786376953,110.47000122070312,110.4800033569336,94.03134155273438,989100,0.0,0.0,0.0
2020-02-11,110.4800033569336,110.48999786376953,110.47000122070312,110.48999786376953,94.03985595703125,1468900,0.0,0.0,0.0
2020-02-12,110.48999786376953,110.48999786376953,110.4800033569336,110.4800033569336,94.03134155273438,1339800,0.0,0.0,0.0
2020-02-13,110.5,110.51000213623047,110.48999786376953,110.5,94.04833221435547,1460500,0.0,0.0,0.0
2020-02-14,110.5199966430664,110.5199966430664,110.5,110.51000213623047,94.05683898925781,990600,0.0,0.0,0.0
2020-02-18,110.51000213623047,110.5199966430664,110.5,110.51000213623047,94.05683898925781,1849200,0.0,0.0,0.0
2020-02-19,110.52999877929688,110.52999877929688,110.51000213623047,110.5199966430664,94.06537628173828,1278800,0.0,0.0,0.0
2020-02-20,110.52999877929688,110.54000091552734,110.5199966430664,110.5199966430664,94.06537628173828,1501800,0.0,0.0,0.0
2020-02-21,110.54000091552734,110.55999755859375,110.54000091552734,110.55999755859375,94.0993881225586,1483300,0.0,0.0,0.0
2020-02-24,110.55999755859375,110.58000183105469,110.55999755859375,110.55999755859375,94.0993881225586,2409100,0.0,0.0,0.0
2020-02-25,110.58000183105469,110.58999633789062,110.56999969482422,110.58999633789062,94.12493896484375,3137000,0.0,0.0,0.0
2020-02-26,110.58000183105469,110.5999984741211,110.58000183105469,110.58999633789062,94.12493896484375,3293400,0.0,0.0,0.0
2020-02-27,110.62000274658203,110.6500015258789,110.62000274658203,110.63999938964844,94.16749572753906,8854000,0.0,0.0,0.0
2020-02-28,110.66999816894531,110.70999908447266,110.66000366210938,110.70999908447266,94.22704315185547,15954800,0.0,0.0,0.0
2020-03-02,110.61000061035156,110.62000274658203,110.58999633789062,110.5999984741211,94.26116180419922,3278300,0.15,0.0,0.0
2020-03-03,110.5999984741211,110.69999694824219,110.58999633789062,110.69999694824219,94.34640502929688,2908400,0.0,0.0,0.0
2020-03-04,110.70999908447266,110.7699966430664,110.70999908447266,110.73999786376953,94.38048553466797,4348300,0.0,0.0,0.0
2020-03-05,110.80000305175781,110.83999633789062,110.79000091552734,110.83999633789062,94.46573638916016,2871800,0.0,0.0,0.0
2020-03-06,110.87000274658203,110.9000015258789,110.8499984741211,110.87000274658203,94.49127197265625,3651200,0.0,0.0,0.0
2020-03-09,110.93000030517578,110.98999786376953,110.45999908447266,110.94000244140625,94.55094146728516,12654100,0.0,0.0,0.0
2020-03-10,110.87999725341797,110.94999694824219,110.86000061035156,110.87999725341797,94.49978637695312,7631600,0.0,0.0,0.0
2020-03-11,110.91999816894531,110.93000030517578,110.83999633789062,110.9000015258789,94.51686096191406,5472500,0.0,0.0,0.0
2020-03-12,110.91999816894531,111.05999755859375,110.87999725341797,110.91999816894531,94.53388977050781,16136200,0.0,0.0,0.0
2020-03-13,110.9000015258789,111.0199966430664,110.87000274658203,110.87000274658203,94.49127197265625,12775000,0.0,0.0,0.0
2020-03-16,110.94999694824219,112.98999786376953,110.88999938964844,110.9000015258789,94.51686096191406,8366300,0.0,0.0,0.0
2020-03-17,110.91000366210938,110.9800033569336,110.86000061035156,110.91000366210938,94.5253677368164,8903500,0.0,0.0,0.0
2020-03-18,110.91000366210938,111.26000213623047,110.9000015258789,111.02999877929688,94.62760162353516,5954900,0.0,0.0,0.0
2020-03-19,111.05000305175781,111.12999725341797,110.98999786376953,111.0,94.60205841064453,10249300,0.0,0.0,0.0
2020-03-20,110.9800033569336,111.06999969482422,110.94000244140625,111.02999877929688,94.62760162353516,9522300,0.0,0.0,0.0
2020-03-23,111.08999633789062,111.08999633789062,110.58999633789062,111.0,94.60205841064453,6287100,0.0,0.0,0.0
2020-03-24,111.0,111.06999969482422,110.9000015258789,111.04000091552734,94.63617706298828,6032000,0.0,0.0,0.0
2020-03-25,111.0199966430664,111.08999633789062,110.97000122070312,111.06999969482422,94.66173553466797,5599700,0.0,0.0,0.0
2020-03-26,111.08000183105469,111.11000061035156,111.0199966430664,111.05000305175781,94.64466857910156,9128200,0.0,0.0,0.0
2020-03-27,111.05999755859375,111.08999633789062,110.98999786376953,111.05000305175781,94.64466857910156,5918000,0.0,0.0,0.0
2020-03-30,111.08000183105469,111.08000183105469,111.01000213623047,111.0199966430664,94.61910247802734,3713100,0.0,0.0,0.0
2020-03-31,111.0199966430664,111.0999984741211,110.76000213623047,111.0199966430664,94.61910247802734,4898900,0.0,0.0,0.0
2020-04-01,110.93000030517578,110.94000244140625,110.83000183105469,110.91999816894531,94.64810943603516,3248700,0.134,0.0,0.0
2020-04-02,110.9000015258789,110.97000122070312,110.88999938964844,110.91999816894531,94.64810943603516,3073100,0.0,0.0,0.0
2020-04-03,110.93000030517578,110.94999694824219,110.87999725341797,110.87999725341797,94.61399841308594,7686900,0.0,0.0,0.0
2020-04-06,110.87999725341797,110.93000030517578,110.87999725341797,110.88999938964844,94.62255859375,3622300,0.0,0.0,0.0
2020-04-07,110.91999816894531,111.0,110.88999938964844,110.94000244140625,94.66519927978516,4794600,0.0,0.0,0.0
2020-04-08,110.94000244140625,110.94000244140625,110.6500015258789,110.87999725341797,94.61399841308594,4077900,0.0,0.0,0.0
2020-04-09,110.87999725341797,110.93000030517578,110.87000274658203,110.9000015258789,94.63107299804688,6619900,0.0,0.0,0.0
2020-04-13,110.91000366210938,110.91999816894531,110.87999725341797,110.88999938964844,94.62255859375,3846400,0.0,0.0,0.0
2020-04-14,110.91999816894531,110.91999816894531,110.87000274658203,110.91000366210938,94.63961029052734,4071600,0.0,0.0,0.0
2020-04-15,110.91000366210938,110.91999816894531,110.88999938964844,110.9000015258789,94.63107299804688,3060600,0.0,0.0,0.0
2020-04-16,110.9000015258789,110.91999816894531,110.87999725341797,110.91000366210938,94.63961029052734,2522900,0.0,0.0,0.0
2020-04-17,110.9000015258789,110.94000244140625,110.9000015258789,110.91000366210938,94.63961029052734,3502300,0.0,0.0,0.0
2020-04-20,110.91999816894531,110.94000244140625,110.9000015258789,110.91999816894531,94.64810943603516,3635400,0.0,0.0,0.0
2020-04-21,110.93000030517578,110.94000244140625,110.91999816894531,110.91999816894531,94.64810943603516,3609200,0.0,0.0,0.0
2020-04-22,110.93000030517578,110.93000030517578,110.91000366210938,110.91999816894531,94.64810943603516,1727100,0.0,0.0,0.0
2020-04-23,110.93000030517578,110.93000030517578,110.9000015258789,110.9000015258789,94.63107299804688,1898600,0.0,0.0,0.0
2020-04-24,110.9000015258789,110.91999816894531,110.9000015258789,110.91999816894531,94.64810943603516,2347000,0.0,0.0,0.0
2020-04-27,110.9000015258789,110.91999816894531,110.88999938964844,110.88999938964844,94.62255859375,2707200,0.0,0.0,0.0
2020-04-28,110.91000366210938,110.91999816894531,110.88999938964844,110.91999816894531,94.64810943603516,2542300,0.0,0.0,0.0
2020-04-29,110.91999816894531,110.91999816894531,110.88999938964844,110.88999938964844,94.62255859375,2249100,0.0,0.0,0.0
2020-04-30,110.88999938964844,110.91999816894531,110.88999938964844,110.91000366210938,94.63961029052734,5988600,0.0,0.0,0.0
2020-05-01,110.83000183105469,110.83000183105469,110.80000305175781,110.81999969482422,94.64044952392578,3621400,0.091,0.0,0.0
2020-05-04,110.81999969482422,110.83000183105469,110.80000305175781,110.80999755859375,94.63188934326172,1928600,0.0,0.0,0.0
2020-05-05,110.80999755859375,110.81999969482422,110.80999755859375,110.81999969482422,94.64044952392578,1857400,0.0,0.0,0.0
2020-05-06,110.80999755859375,110.81999969482422,110.80000305175781,110.80000305175781,94.62339782714844,2271600,0.0,0.0,0.0
2020-05-07,110.80000305175781,110.81999969482422,110.80000305175781,110.80000305175781,94.62339782714844,2224800,0.0,0.0,0.0
2020-05-08,110.80999755859375,110.81999969482422,110.80999755859375,110.80999755859375,94.63188934326172,1685400,0.0,0.0,0.0
2020-05-11,110.81999969482422,110.81999969482422,110.79000091552734,110.79000091552734,94.61483764648438,3735000,0.0,0.0,0.0
2020-05-12,110.79000091552734,110.80999755859375,110.79000091552734,110.80000305175781,94.62339782714844,3061900,0.0,0.0,0.0
2020-05-13,110.80999755859375,110.80999755859375,110.80000305175781,110.80000305175781,94.62339782714844,2417500,0.0,0.0,0.0
2020-05-14,110.81999969482422,110.81999969482422,110.80000305175781,110.80999755859375,94.63188934326172,2243000,0.0,0.0,0.0
2020-05-15,110.80999755859375,110.81999969482422,110.80000305175781,110.81999969482422,94.64044952392578,1845400,0.0,0.0,0.0
2020-05-18,110.80999755859375,110.81999969482422,110.80000305175781,110.81999969482422,94.64044952392578,2723300,0.0,0.0,0.0
2020-05-19,110.81999969482422,110.81999969482422,110.80000305175781,110.81999969482422,94.64044952392578,2523700,0.0,0.0,0.0
2020-05-20,110.81999969482422,110.81999969482422,110.80000305175781,110.81999969482422,94.64044952392578,3164500,0.0,0.0,0.0
2020-05-21,110.81999969482422,110.81999969482422,110.80000305175781,110.80999755859375,94.63188934326172,6117400,0.0,0.0,0.0
2020-05-22,110.81999969482422,110.81999969482422,110.80000305175781,110.81999969482422,94.64044952392578,3984200,0.0,0.0,0.0
2020-05-26,110.81999969482422,110.81999969482422,110.80000305175781,110.80999755859375,94.63188934326172,6604700,0.0,0.0,0.0
2020-05-27,110.80999755859375,110.81999969482422,110.79000091552734,110.80000305175781,94.62339782714844,8444500,0.0,0.0,0.0
2020-05-28,110.80999755859375,110.80999755859375,110.79000091552734,110.80999755859375,94.63188934326172,5624000,0.0,0.0,0.0
2020-05-29,110.80999755859375,110.80999755859375,110.79000091552734,110.79000091552734,94.61483764648438,5893800,0.0,0.0,0.0
2020-06-01,110.7300033569336,110.7300033569336,110.72000122070312,110.7300033569336,94.62423706054688,3793300,0.071,0.0,0.0
2020-06-02,110.72000122070312,110.7300033569336,110.72000122070312,110.7300033569336,94.62423706054688,4190100,0.0,0.0,0.0
2020-06-03,110.72000122070312,110.7300033569336,110.70999908447266,110.72000122070312,94.61570739746094,4336800,0.0,0.0,0.0
2020-06-04,110.7300033569336,110.7300033569336,110.70999908447266,110.70999908447266,94.60711669921875,2685900,0.0,0.0,0.0
2020-06-05,110.72000122070312,110.7300033569336,110.70999908447266,110.70999908447266,94.60711669921875,5845700,0.0,0.0,0.0
2020-06-08,110.70999908447266,110.7300033569336,110.70999908447266,110.70999908447266,94.60711669921875,7885700,0.0,0.0,0.0
2020-06-09,110.70999908447266,110.72000122070312,110.70999908447266,110.70999908447266,94.60711669921875,2869400,0.0,0.0,0.0
2020-06-10,110.68000030517578,110.72000122070312,110.68000030517578,110.70999908447266,94.60711669921875,3540900,0.0,0.0,0.0
2020-06-11,110.70999908447266,110.7300033569336,110.70999908447266,110.7300033569336,94.62423706054688,3432200,0.0,0.0,0.0
2020-06-12,110.7300033569336,110.7300033569336,110.70999908447266,110.7300033569336,94.62423706054688,7831600,0.0,0.0,0.0
2020-06-15,110.72000122070312,110.7300033569336,110.70999908447266,110.70999908447266,94.60711669921875,1795600,0.0,0.0,0.0
2020-06-16,110.72000122070312,110.7300033569336,110.70999908447266,110.70999908447266,94.60711669921875,4543000,0.0,0.0,0.0
2020-06-17,110.7300033569336,110.7300033569336,110.70999908447266,110.70999908447266,94.60711669921875,1681300,0.0,0.0,0.0
2020-06-18,110.72000122070312,110.7300033569336,110.70999908447266,110.72000122070312,94.61570739746094,2586800,0.0,0.0,0.0
2020-06-19,110.7300033569336,110.7300033569336,110.72000122070312,110.72000122070312,94.61570739746094,1812600,0.0,0.0,0.0
2020-06-22,110.72000122070312,110.7300033569336,110.72000122070312,110.72000122070312,94.61570739746094,1540800,0.0,0.0,0.0
2020-06-23,110.72000122070312,110.7300033569336,110.72000122070312,110.7300033569336,94.62423706054688,1444800,0.0,0.0,0.0
2020-06-24,110.72000122070312,110.7300033569336,110.72000122070312,110.72000122070312,94.61570739746094,1983000,0.0,0.0,0.0
2020-06-25,110.7300033569336,110.7300033569336,110.72000122070312,110.72000122070312,94.61570739746094,1187200,0.0,0.0,0.0
2020-06-26,110.7300033569336,110.73999786376953,110.72000122070312,110.7300033569336,94.62423706054688,2886500,0.0,0.0,0.0
2020-06-29,110.73999786376953,110.73999786376953,110.72000122070312,110.72000122070312,94.61570739746094,2137000,0.0,0.0,0.0
2020-06-30,110.7300033569336,110.73999786376953,110.72000122070312,110.73999786376953,94.63273620605469,2605700,0.0,0.0,0.0
2020-07-01,110.7300033569336,110.73999786376953,110.72000122070312,110.72000122070312,94.61570739746094,1777800,0.0,0.0,0.0
2020-07-02,110.72000122070312,110.73999786376953,110.72000122070312,110.72000122070312,94.61570739746094,2664500,0.0,0.0,0.0
2020-07-06,110.7300033569336,110.7300033569336,110.72000122070312,110.7300033569336,94.62423706054688,2404900,0.0,0.0,0.0
2020-07-07,110.7300033569336,110.7300033569336,110.72000122070312,110.7300033569336,94.62423706054688,3687400,0.0,0.0,0.0
2020-07-08,110.7300033569336,110.7300033569336,110.72000122070312,110.72000122070312,94.61570739746094,2641800,0.0,0.0,0.0
2020-07-09,110.72000122070312,110.7300033569336,110.72000122070312,110.7300033569336,94.62423706054688,1418300,0.0,0.0,0.0
2020-07-10,110.7300033569336,110.7300033569336,110.72000122070312,110.7300033569336,94.62423706054688,1663000,0.0,0.0,0.0
2020-07-13,110.7300033569336,110.73999786376953,110.72000122070312,110.73999786376953,94.63273620605469,1264800,0.0,0.0,0.0
2020-07-14,110.72000122070312,110.73999786376953,110.72000122070312,110.73999786376953,94.63273620605469,1314000,0.0,0.0,0.0
2020-07-15,110.73999786376953,110.73999786376953,110.7300033569336,110.73999786376953,94.63273620605469,4655600,0.0,0.0,0.0
2020-07-16,110.7300033569336,110.73999786376953,110.7300033569336,110.7300033569336,94.62423706054688,1482600,0.0,0.0,0.0
2020-07-17,110.7300033569336,110.73999786376953,110.7300033569336,110.7300033569336,94.62423706054688,1224400,0.0,0.0,0.0
2020-07-20,110.73999786376953,110.73999786376953,110.7300033569336,110.73999786376953,94.63273620605469,1461000,0.0,0.0,0.0
2020-07-21,110.73999786376953,110.73999786376953,110.7300033569336,110.73999786376953,94.63273620605469,2564200,0.0,0.0,0.0
2020-07-22,110.73999786376953,110.73999786376953,110.7300033569336,110.7300033569336,94.62423706054688,1957100,0.0,0.0,0.0
2020-07-23,110.7300033569336,110.75,110.7300033569336,110.7300033569336,94.62423706054688,1512100,0.0,0.0,0.0
2020-07-24,110.7300033569336,110.75,110.7300033569336,110.7300033569336,94.62423706054688,2055400,0.0,0.0,0.0
2020-07-27,110.7300033569336,110.73999786376953,110.7300033569336,110.73999786376953,94.63273620605469,1595600,0.0,0.0,0.0
2020-07-28,110.7300033569336,110.73999786376953,110.7300033569336,110.73999786376953,94.63273620605469,1161900,0.0,0.0,0.0
2020-07-29,110.7300033569336,110.75,110.7300033569336,110.7300033569336,94.62423706054688,2962500,0.0,0.0,0.0
2020-07-30,110.73999786376953,110.75,110.7300033569336,110.7300033569336,94.62423706054688,1185800,0.0,0.0,0.0
2020-07-31,110.73999786376953,110.75,110.7300033569336,110.73999786376953,94.63273620605469,1690700,0.0,0.0,0.0
2020-08-03,110.7300033569336,110.7300033569336,110.72000122070312,110.7300033569336,94.6379165649414,2182500,0.016,0.0,0.0
2020-08-04,110.72000122070312,110.7300033569336,110.72000122070312,110.7300033569336,94.6379165649414,2050500,0.0,0.0,0.0
2020-08-05,110.70999908447266,110.7300033569336,110.69999694824219,110.72000122070312,94.62934875488281,1864400,0.0,0.0,0.0
2020-08-06,110.72000122070312,110.7300033569336,110.72000122070312,110.72000122070312,94.62934875488281,1612700,0.0,0.0,0.0
2020-08-07,110.72000122070312,110.7300033569336,110.72000122070312,110.72000122070312,94.62934875488281,1436500,0.0,0.0,0.0
2020-08-10,110.72000122070312,110.7300033569336,110.72000122070312,110.72000122070312,94.62934875488281,1533600,0.0,0.0,0.0
2020-08-11,110.7300033569336,110.7300033569336,110.72000122070312,110.72000122070312,94.62934875488281,1351500,0.0,0.0,0.0
2020-08-12,110.72000122070312,110.7300033569336,110.70999908447266,110.70999908447266,94.62079620361328,1307300,0.0,0.0,0.0
2020-08-13,110.70999908447266,110.72000122070312,110.70999908447266,110.70999908447266,94.62079620361328,1719800,0.0,0.0,0.0
2020-08-14,110.70999908447266,110.7300033569336,110.70999908447266,110.72000122070312,94.62934875488281,1788400,0.0,0.0,0.0
2020-08-17,110.72000122070312,110.7300033569336,110.72000122070312,110.7300033569336,94.6379165649414,1175000,0.0,0.0,0.0
2020-08-18,110.72000122070312,110.7300033569336,110.72000122070312,110.72000122070312,94.62934875488281,4399400,0.0,0.0,0.0
2020-08-19,110.7300033569336,110.7300033569336,110.72000122070312,110.72000122070312,94.62934875488281,1819200,0.0,0.0,0.0
2020-08-20,110.7300033569336,110.7300033569336,110.72000122070312,110.72000122070312,94.62934875488281,1468400,0.0,0.0,0.0
2020-08-21,110.72000122070312,110.7300033569336,110.72000122070312,110.72000122070312,94.62934875488281,1963900,0.0,0.0,0.0
2020-08-24,110.7300033569336,110.7300033569336,110.72000122070312,110.72000122070312,94.62934875488281,1043600,0.0,0.0,0.0
2020-08-25,110.72000122070312,110.7300033569336,110.70999908447266,110.70999908447266,94.62079620361328,5741500,0.0,0.0,0.0
2020-08-26,110.72000122070312,110.7300033569336,110.70999908447266,110.70999908447266,94.62079620361328,6070500,0.0,0.0,0.0
2020-08-27,110.70999908447266,110.7300033569336,110.70999908447266,110.72000122070312,94.62934875488281,1744700,0.0,0.0,0.0
2020-08-28,110.7300033569336,110.7300033569336,110.72000122070312,110.7300033569336,94.6379165649414,1338800,0.0,0.0,0.0
2020-08-31,110.7300033569336,110.7300033569336,110.72000122070312,110.72000122070312,94.62934875488281,2049100,0.0,0.0,0.0
2020-09-01,110.70999908447266,110.70999908447266,110.69999694824219,110.69999694824219,94.62421417236328,1689300,0.014,0.0,0.0
2020-09-02,110.69999694824219,110.70999908447266,110.69999694824219,110.70999908447266,94.63275146484375,2141100,0.0,0.0,0.0
2020-09-03,110.70999908447266,110.70999908447266,110.69999694824219,110.69999694824219,94.62421417236328,2984700,0.0,0.0,0.0
2020-09-04,110.70999908447266,110.70999908447266,110.69999694824219,110.69999694824219,94.62421417236328,1651000,0.0,0.0,0.0
2020-09-08,110.69999694824219,110.70999908447266,110.69999694824219,110.69999694824219,94.62421417236328,3659200,0.0,0.0,0.0
2020-09-09,110.70999908447266,110.70999908447266,110.69999694824219,110.69999694824219,94.62421417236328,8344200,0.0,0.0,0.0
2020-09-10,110.70999908447266,110.70999908447266,110.69999694824219,110.69999694824219,94.62421417236328,1137500,0.0,0.0,0.0
2020-09-11,110.69999694824219,110.70999908447266,110.69999694824219,110.69999694824219,94.62421417236328,4009400,0.0,0.0,0.0
2020-09-14,110.70999908447266,110.70999908447266,110.69999694824219,110.69999694824219,94.62421417236328,1635100,0.0,0.0,0.0
2020-09-15,110.70999908447266,110.70999908447266,110.69999694824219,110.69999694824219,94.62421417236328,1869200,0.0,0.0,0.0
2020-09-16,110.69999694824219,110.70999908447266,110.69999694824219,110.69999694824219,94.62421417236328,1398600,0.0,0.0,0.0
2020-09-17,110.70999908447266,110.70999908447266,110.69999694824219,110.69999694824219,94.62421417236328,1703100,0.0,0.0,0.0
2020-09-18,110.70999908447266,110.72000122070312,110.22000122070312,110.69999694824219,94.62421417236328,1588400,0.0,0.0,0.0
2020-09-21,110.69999694824219,110.70999908447266,110.69999694824219,110.69999694824219,94.62421417236328,1645500,0.0,0.0,0.0
2020-09-22,110.69999694824219,110.70999908447266,110.69999694824219,110.69999694824219,94.62421417236328,2020700,0.0,0.0,0.0
2020-09-23,110.69999694824219,110.70999908447266,110.69999694824219,110.69999694824219,94.62421417236328,2275800,0.0,0.0,0.0
2020-09-24,110.70999908447266,110.70999908447266,110.69999694824219,110.69999694824219,94.62421417236328,1733400,0.0,0.0,0.0
2020-09-25,110.70999908447266,110.70999908447266,110.69999694824219,110.69999694824219,94.62421417236328,1677400,0.0,0.0,0.0
2020-09-28,110.69999694824219,110.70999908447266,110.69999694824219,110.69999694824219,94.62421417236328,1576300,0.0,0.0,0.0
2020-09-29,110.69999694824219,110.72000122070312,110.69999694824219,110.70999908447266,94.63275146484375,2493400,0.0,0.0,0.0
2020-09-30,110.69999694824219,110.70999908447266,110.69999694824219,110.69999694824219,94.62421417236328,1900000,0.0,0.0,0.0
2020-10-01,110.69000244140625,110.70999908447266,110.69000244140625,110.69999694824219,94.63533020019531,1158900,0.013,0.0,0.0
2020-10-02,110.69000244140625,110.69999694824219,110.69000244140625,110.69000244140625,94.62678527832031,2547700,0.0,0.0,0.0
2020-10-05,110.69000244140625,110.69999694824219,110.69000244140625,110.69000244140625,94.62678527832031,1283900,0.0,0.0,0.0
2020-10-06,110.69000244140625,110.69999694824219,110.68000030517578,110.69999694824219,94.63533020019531,2790600,0.0,0.0,0.0
2020-10-07,110.69000244140625,110.69999694824219,110.69000244140625,110.69000244140625,94.62678527832031,1210800,0.0,0.0,0.0
2020-10-08,110.69999694824219,110.69999694824219,110.69000244140625,110.69000244140625,94.62678527832031,2570700,0.0,0.0,0.0
2020-10-09,110.69999694824219,110.69999694824219,110.69000244140625,110.69000244140625,94.62678527832031,1006800,0.0,0.0,0.0
2020-10-12,110.68000030517578,110.69999694824219,110.68000030517578,110.69999694824219,94.63533020019531,1358800,0.0,0.0,0.0
2020-10-13,110.69000244140625,110.69999694824219,110.68000030517578,110.69999694824219,94.63533020019531,1117700,0.0,0.0,0.0
2020-10-14,110.69999694824219,110.69999694824219,110.68000030517578,110.68000030517578,94.61823272705078,1078400,0.0,0.0,0.0
2020-10-15,110.68000030517578,110.69999694824219,110.68000030517578,110.69000244140625,94.62678527832031,1256500,0.0,0.0,0.0
2020-10-16,110.69999694824219,110.69999694824219,110.69000244140625,110.69000244140625,94.62678527832031,1458300,0.0,0.0,0.0
2020-10-19,110.68000030517578,110.69000244140625,110.68000030517578,110.68000030517578,94.61823272705078,1230800,0.0,0.0,0.0
2020-10-20,110.69000244140625,110.69999694824219,110.68000030517578,110.68000030517578,94.61823272705078,1657500,0.0,0.0,0.0
2020-10-21,110.69000244140625,110.69999694824219,110.68000030517578,110.68000030517578,94.61823272705078,2338200,0.0,0.0,0.0
2020-10-22,110.69000244140625,110.69999694824219,110.68000030517578,110.68000030517578,94.61823272705078,5035300,0.0,0.0,0.0
2020-10-23,110.69000244140625,110.69999694824219,110.68000030517578,110.68000030517578,94.61823272705078,2521900,0.0,0.0,0.0
2020-10-26,110.69000244140625,110.69000244140625,110.68000030517578,110.68000030517578,94.61823272705078,1232300,0.0,0.0,0.0
2020-10-27,110.69000244140625,110.69999694824219,110.68000030517578,110.68000030517578,94.61823272705078,2304100,0.0,0.0,0.0
2020-10-28,110.69000244140625,110.69999694824219,110.68000030517578,110.68000030517578,94.61823272705078,2103900,0.0,0.0,0.0
2020-10-29,110.69000244140625,110.69999694824219,110.66000366210938,110.69000244140625,94.62678527832031,3318900,0.0,0.0,0.0
2020-10-30,110.69000244140625,110.69999694824219,110.68000030517578,110.69999694824219,94.63533020019531,2967400,0.0,0.0,0.0
2020-11-02,110.66999816894531,110.68000030517578,110.66999816894531,110.66999816894531,94.61566925048828,2621100,0.007,0.0,0.0
2020-11-03,110.68000030517578,110.69000244140625,110.68000030517578,110.69000244140625,94.63275909423828,5812200,0.0,0.0,0.0
2020-11-04,110.68000030517578,110.69000244140625,110.43000030517578,110.66999816894531,94.61566925048828,2308900,0.0,0.0,0.0
2020-11-05,110.68000030517578,110.69000244140625,110.68000030517578,110.68000030517578,94.62422943115234,1597200,0.0,0.0,0.0
2020-11-06,110.68000030517578,110.69000244140625,110.68000030517578,110.68000030517578,94.62422943115234,2888000,0.0,0.0,0.0
2020-11-09,110.66999816894531,110.68000030517578,110.66999816894531,110.66999816894531,94.61566925048828,3004700,0.0,0.0,0.0
2020-11-10,110.68000030517578,110.68000030517578,110.66999816894531,110.66999816894531,94.61566925048828,2286200,0.0,0.0,0.0
2020-11-11,110.68000030517578,110.69000244140625,110.68000030517578,110.68000030517578,94.62422943115234,1367600,0.0,0.0,0.0
2020-11-12,110.68000030517578,110.69000244140625,110.68000030517578,110.68000030517578,94.62422943115234,1410100,0.0,0.0,0.0
2020-11-13,110.68000030517578,110.69000244140625,110.66999816894531,110.68000030517578,94.62422943115234,3251400,0.0,0.0,0.0
2020-11-16,110.68000030517578,110.69000244140625,110.68000030517578,110.68000030517578,94.62422943115234,2606600,0.0,0.0,0.0
2020-11-17,110.68000030517578,110.69000244140625,110.66999816894531,110.68000030517578,94.62422943115234,2162900,0.0,0.0,0.0
2020-11-18,110.69000244140625,110.69000244140625,110.68000030517578,110.68000030517578,94.62422943115234,1638000,0.0,0.0,0.0
2020-11-19,110.69000244140625,110.69000244140625,110.68000030517578,110.68000030517578,94.62422943115234,1820200,0.0,0.0,0.0
2020-11-20,110.68000030517578,110.69000244140625,110.68000030517578,110.68000030517578,94.62422943115234,1219500,0.0,0.0,0.0
2020-11-23,110.68000030517578,110.69000244140625,110.68000030517578,110.68000030517578,94.62422943115234,1219100,0.0,0.0,0.0
2020-11-24,110.68000030517578,110.69000244140625,110.68000030517578,110.68000030517578,94.62422943115234,4330100,0.0,0.0,0.0
2020-11-25,110.69000244140625,110.69000244140625,110.68000030517578,110.68000030517578,94.62422943115234,1866200,0.0,0.0,0.0
2020-11-27,110.66999816894531,110.69000244140625,110.66999816894531,110.69000244140625,94.63275909423828,2643700,0.0,0.0,0.0
2020-11-30,110.68000030517578,110.69000244140625,110.66999816894531,110.66999816894531,94.61566925048828,2492000,0.0,0.0,0.0
2020-12-01,110.52999877929688,110.52999877929688,110.51000213623047,110.51000213623047,94.61737823486328,2909100,0.162,0.0,0.0
2020-12-02,110.5199966430664,110.52999877929688,110.51000213623047,110.51000213623047,94.61737823486328,4686500,0.0,0.0,0.0
2020-12-03,110.5199966430664,110.5199966430664,110.51000213623047,110.51000213623047,94.61737823486328,2086200,0.0,0.0,0.0
2020-12-04,110.52999877929688,110.52999877929688,110.5199966430664,110.5199966430664,94.62593078613281,2520100,0.0,0.0,0.0
2020-12-07,110.5199966430664,110.52999877929688,110.51000213623047,110.5199966430664,94.62593078613281,1669800,0.0,0.0,0.0
2020-12-08,110.51000213623047,110.5199966430664,110.51000213623047,110.51000213623047,94.61737823486328,2608000,0.0,0.0,0.0
2020-12-09,110.5199966430664,110.52999877929688,110.5199966430664,110.5199966430664,94.62593078613281,1876100,0.0,0.0,0.0
2020-12-10,110.5199966430664,110.52999877929688,110.5199966430664,110.52999877929688,94.634521484375,1352500,0.0,0.0,0.0
2020-12-11,110.52999877929688,110.52999877929688,110.5199966430664,110.5199966430664,94.62593078613281,1345400,0.0,0.0,0.0
2020-12-14,110.52999877929688,110.52999877929688,110.5199966430664,110.5199966430664,94.62593078613281,2554600,0.0,0.0,0.0
2020-12-15,110.52999877929688,110.52999877929688,110.51000213623047,110.51000213623047,94.61737823486328,1898800,0.0,0.0,0.0
2020-12-16,110.5199966430664,110.52999877929688,110.5199966430664,110.5199966430664,94.62593078613281,2164900,0.0,0.0,0.0
2020-12-17,110.5199966430664,110.52999877929688,110.5199966430664,110.5199966430664,94.62593078613281,1716900,0.0,0.0,0.0
2020-12-18,110.5199966430664,110.52999877929688,110.5199966430664,110.5199966430664,94.62593078613281,1311400,0.0,0.0,0.0
2020-12-21,110.5199966430664,110.52999877929688,110.51000213623047,110.5199966430664,94.62593078613281,2017900,0.0,0.0,0.0
2020-12-22,110.52999877929688,110.52999877929688,110.51000213623047,110.51000213623047,94.61737823486328,1779500,0.0,0.0,0.0
2020-12-23,110.52999877929688,110.52999877929688,110.51000213623047,110.5199966430664,94.62593078613281,1803000,0.0,0.0,0.0
2020-12-24,110.5199966430664,110.5199966430664,110.51000213623047,110.5199966430664,94.62593078613281,996000,0.0,0.0,0.0
2020-12-28,110.51000213623047,110.5199966430664,110.51000213623047,110.51000213623047,94.61737823486328,1081000,0.0,0.0,0.0
2020-12-29,110.5199966430664,110.52999877929688,110.51000213623047,110.5199966430664,94.62593078613281,4690400,0.0,0.0,0.0
2020-12-30,110.5199966430664,110.52999877929688,110.5199966430664,110.5199966430664,94.62593078613281,1508100,0.0,0.0,0.0
2020-12-31,110.5199966430664,110.52999877929688,110.5199966430664,110.52999877929688,94.634521484375,1447200,0.0,0.0,0.0
2021-01-04,110.52999877929688,110.52999877929688,110.5199966430664,110.5199966430664,94.62593078613281,6406600,0.0,0.0,0.0
2021-01-05,110.5199966430664,110.52999877929688,110.5199966430664,110.5199966430664,94.62593078613281,3451400,0.0,0.0,0.0
2021-01-06,110.5199966430664,110.52999877929688,110.51000213623047,110.52999877929688,94.634521484375,1952500,0.0,0.0,0.0
2021-01-07,110.5199966430664,110.52999877929688,110.5199966430664,110.52999877929688,94.634521484375,1798300,0.0,0.0,0.0
2021-01-08,110.5199966430664,110.52999877929688,110.51000213623047,110.5199966430664,94.62593078613281,2267100,0.0,0.0,0.0
2021-01-11,110.5199966430664,110.52999877929688,110.51000213623047,110.51000213623047,94.61737823486328,1823900,0.0,0.0,0.0
2021-01-12,110.51000213623047,110.5199966430664,110.51000213623047,110.51000213623047,94.61737823486328,1512600,0.0,0.0,0.0
2021-01-13,110.51000213623047,110.5199966430664,110.51000213623047,110.51000213623047,94.61737823486328,1815200,0.0,0.0,0.0
2021-01-14,110.51000213623047,110.5199966430664,110.51000213623047,110.51000213623047,94.61737823486328,2072600,0.0,0.0,0.0
2021-01-15,110.5199966430664,110.52999877929688,110.51000213623047,110.51000213623047,94.61737823486328,1572400,0.0,0.0,0.0
2021-01-19,110.51000213623047,110.5199966430664,110.5,110.51000213623047,94.61737823486328,2154600,0.0,0.0,0.0
2021-01-20,110.5199966430664,110.5199966430664,110.51000213623047,110.51000213623047,94.61737823486328,1527600,0.0,0.0,0.0
2021-01-21,110.51000213623047,110.5199966430664,110.51000213623047,110.51000213623047,94.61737823486328,1747900,0.0,0.0,0.0
2021-01-22,110.51000213623047,110.5199966430664,110.51000213623047,110.51000213623047,94.61737823486328,1178100,0.0,0.0,0.0
2021-01-25,110.51000213623047,110.52999877929688,110.13999938964844,110.51000213623047,94.61737823486328,1903100,0.0,0.0,0.0
2021-01-26,110.52999877929688,110.52999877929688,110.51000213623047,110.51000213623047,94.61737823486328,2840800,0.0,0.0,0.0
2021-01-27,110.5199966430664,110.52999877929688,110.5199966430664,110.5199966430664,94.62593078613281,1969800,0.0,0.0,0.0
2021-01-28,110.5199966430664,110.52999877929688,110.51000213623047,110.51000213623047,94.61737823486328,3774100,0.0,0.0,0.0
2021-01-29,110.5199966430664,110.52999877929688,110.5199966430664,110.5199966430664,94.62593078613281,1796400,0.0,0.0,0.0
2021-02-01,110.5199966430664,110.5199966430664,110.51000213623047,110.51000213623047,94.61737823486328,2248100,0.0,0.0,0.0
2021-02-02,110.51000213623047,110.5199966430664,110.51000213623047,110.51000213623047,94.61737823486328,1183600,0.0,0.0,0.0
2021-02-03,110.5199966430664,110.52999877929688,110.5199966430664,110.52999877929688,94.634521484375,1335200,0.0,0.0,0.0
2021-02-04,110.5199966430664,110.52999877929688,110.5199966430664,110.5199966430664,94.62593078613281,1214000,0.0,0.0,0.0
2021-02-05,110.52999877929688,110.54000091552734,110.5199966430664,110.52999877929688,94.634521484375,2456800,0.0,0.0,0.0
2021-02-08,110.52999877929688,110.54000091552734,110.5199966430664,110.5199966430664,94.62593078613281,1262200,0.0,0.0,0.0
2021-02-09,110.5199966430664,110.52999877929688,110.5199966430664,110.52999877929688,94.634521484375,1380800,0.0,0.0,0.0
2021-02-10,110.52999877929688,110.52999877929688,110.5199966430664,110.52999877929688,94.634521484375,1551700,0.0,0.0,0.0
2021-02-11,110.5199966430664,110.52999877929688,110.5199966430664,110.5199966430664,94.62593078613281,1145800,0.0,0.0,0.0
2021-02-12,110.5199966430664,110.52999877929688,110.5199966430664,110.5199966430664,94.62593078613281,1448500,0.0,0.0,0.0
2021-02-16,110.5199966430664,110.52999877929688,110.5199966430664,110.5199966430664,94.62593078613281,1695800,0.0,0.0,0.0
2021-02-17,110.5199966430664,110.52999877929688,110.5199966430664,110.5199966430664,94.62593078613281,1201900,0.0,0.0,0.0
2021-02-18,110.5199966430664,110.52999877929688,110.5199966430664,110.5199966430664,94.62593078613281,1098200,0.0,0.0,0.0
2021-02-19,110.5199966430664,110.52999877929688,110.5199966430664,110.5199966430664,94.62593078613281,966300,0.0,0.0,0.0
2021-02-22,110.5199966430664,110.52999877929688,110.5199966430664,110.5199966430664,94.62593078613281,1375200,0.0,0.0,0.0
2021-02-23,110.52999877929688,110.52999877929688,110.5199966430664,110.5199966430664,94.62593078613281,1421900,0.0,0.0,0.0
2021-02-24,110.52999877929688,110.52999877929688,110.5199966430664,110.5199966430664,94.62593078613281,1795100,0.0,0.0,0.0
2021-02-25,110.5199966430664,110.52999877929688,110.51000213623047,110.51000213623047,94.61737823486328,2040200,0.0,0.0,0.0
2021-02-26,110.51000213623047,110.5199966430664,110.51000213623047,110.5199966430664,94.62593078613281,1275300,0.0,0.0,0.0
2021-03-01,110.51000213623047,110.52999877929688,110.51000213623047,110.5199966430664,94.62593078613281,2201800,0.0,0.0,0.0
2021-03-02,110.51000213623047,110.5199966430664,110.51000213623047,110.51000213623047,94.61737823486328,1806600,0.0,0.0,0.0
2021-03-03,110.5199966430664,110.5199966430664,110.51000213623047,110.5199966430664,94.62593078613281,1718300,0.0,0.0,0.0
2021-03-04,110.51000213623047,110.5199966430664,110.51000213623047,110.51000213623047,94.61737823486328,1861800,0.0,0.0,0.0
2021-03-05,110.51000213623047,110.5199966430664,110.5,110.51000213623047,94.61737823486328,7951000,0.0,0.0,0.0
2021-03-08,110.51000213623047,110.5199966430664,110.5,110.51000213623047,94.61737823486328,4312700,0.0,0.0,0.0
2021-03-09,110.51000213623047,110.5199966430664,110.51000213623047,110.5199966430664,94.62593078613281,1545000,0.0,0.0,0.0
2021-03-10,110.51000213623047,110.5199966430664,110.51000213623047,110.51000213623047,94.61737823486328,1535300,0.0,0.0,0.0
2021-03-11,110.51000213623047,110.5199966430664,110.51000213623047,110.51000213623047,94.61737823486328,1909000,0.0,0.0,0.0
2021-03-12,110.5199966430664,110.5199966430664,110.51000213623047,110.51000213623047,94.61737823486328,3366500,0.0,0.0,0.0
2021-03-15,110.51000213623047,110.5199966430664,110.51000213623047,110.51000213623047,94.61737823486328,2186500,0.0,0.0,0.0
2021-03-16,110.51000213623047,110.5199966430664,110.51000213623047,110.51000213623047,94.61737823486328,1745400,0.0,0.0,0.0
2021-03-17,110.51000213623047,110.52999877929688,110.51000213623047,110.5199966430664,94.62593078613281,1994900,0.0,0.0,0.0
2021-03-18,110.5199966430664,110.52999877929688,110.5199966430664,110.5199966430664,94.62593078613281,1910400,0.0,0.0,0.0
2021-03-19,110.5199966430664,110.52999877929688,110.5199966430664,110.5199966430664,94.62593078613281,1990300,0.0,0.0,0.0
2021-03-22,110.5199966430664,110.52999877929688,110.5199966430664,110.52999877929688,94.634521484375,1670300,0.0,0.0,0.0
2021-03-23,110.5199966430664,110.52999877929688,110.5199966430664,110.5199966430664,94.62593078613281,1356600,0.0,0.0,0.0
2021-03-24,110.5199966430664,110.52999877929688,110.5199966430664,110.5199966430664,94.62593078613281,1937500,0.0,0.0,0.0
2021-03-25,110.52999877929688,110.52999877929688,110.5199966430664,110.5199966430664,94.62593078613281,1255000,0.0,0.0,0.0
2021-03-26,110.5199966430664,110.52999877929688,110.5199966430664,110.5199966430664,94.62593078613281,1940100,0.0,0.0,0.0
2021-03-29,110.5199966430664,110.52999877929688,110.5199966430664,110.5199966430664,94.62593078613281,1468400,0.0,0.0,0.0
2021-03-30,110.5199966430664,110.52999877929688,110.51000213623047,110.51000213623047,94.61737823486328,1436600,0.0,0.0,0.0
2021-03-31,110.51000213623047,110.5199966430664,110.51000213623047,110.51000213623047,94.61737823486328,2020800,0.0,0.0,0.0
2021-04-01,110.51000213623047,110.5199966430664,110.51000213623047,110.51000213623047,94.61737823486328,1294100,0.0,0.0,0.0
2021-04-05,110.5199966430664,110.5199966430664,110.51000213623047,110.51000213623047,94.61737823486328,2112800,0.0,0.0,0.0
2021-04-06,110.51000213623047,110.52999877929688,110.51000213623047,110.52999877929688,94.634521484375,5161200,0.0,0.0,0.0
2021-04-07,110.5199966430664,110.52999877929688,110.51000213623047,110.5199966430664,94.62593078613281,1046800,0.0,0.0,0.0
2021-04-08,110.52999877929688,110.52999877929688,110.5199966430664,110.5199966430664,94.62593078613281,3458000,0.0,0.0,0.0
2021-04-09,110.5199966430664,110.52999877929688,110.5199966430664,110.52999877929688,94.634521484375,1485200,0.0,0.0,0.0
2021-04-12,110.5199966430664,110.52999877929688,110.51000213623047,110.5199966430664,94.62593078613281,1315600,0.0,0.0,0.0
2021-04-13,110.5199966430664,110.5199966430664,110.51000213623047,110.5199966430664,94.62593078613281,1392700,0.0,0.0,0.0
2021-04-14,110.51000213623047,110.5199966430664,110.51000213623047,110.5199966430664,94.62593078613281,2927500,0.0,0.0,0.0
2021-04-15,110.5199966430664,110.5199966430664,110.51000213623047,110.51000213623047,94.61737823486328,1991100,0.0,0.0,0.0
2021-04-16,110.51000213623047,110.5199966430664,110.51000213623047,110.51000213623047,94.61737823486328,1667800,0.0,0.0,0.0
2021-04-19,110.51000213623047,110.5199966430664,110.51000213623047,110.51000213623047,94.61737823486328,4899400,0.0,0.0,0.0
2021-04-20,110.51000213623047,110.5199966430664,110.51000213623047,110.51000213623047,94.61737823486328,1873000,0.0,0.0,0.0
2021-04-21,110.5199966430664,110.5199966430664,110.51000213623047,110.51000213623047,94.61737823486328,2662900,0.0,0.0,0.0
2021-04-22,110.5199966430664,110.5199966430664,110.51000213623047,110.51000213623047,94.61737823486328,2718000,0.0,0.0,0.0
2021-04-23,110.51000213623047,110.5199966430664,110.51000213623047,110.5199966430664,94.62593078613281,1154400,0.0,0.0,0.0
2021-04-26,110.51000213623047,110.5199966430664,110.51000213623047,110.51000213623047,94.61737823486328,2460400,0.0,0.0,0.0
2021-04-27,110.51000213623047,110.5199966430664,110.51000213623047,110.51000213623047,94.61737823486328,2493800,0.0,0.0,0.0
2021-04-28,110.51000213623047,110.5199966430664,110.51000213623047,110.51000213623047,94.61737823486328,3069600,0.0,0.0,0.0
2021-04-29,110.5199966430664,110.5199966430664,110.51000213623047,110.51000213623047,94.61737823486328,2150500,0.0,0.0,0.0
2021-04-30,110.51000213623047,110.5199966430664,110.51000213623047,110.51000213623047,94.61737823486328,1346000,0.0,0.0,0.0
2021-05-03,110.5199966430664,110.5199966430664,110.51000213623047,110.51000213623047,94.61737823486328,1216000,0.0,0.0,0.0
2021-05-04,110.51000213623047,110.5199966430664,110.51000213623047,110.5199966430664,94.62593078613281,1328800,0.0,0.0,0.0
2021-05-05,110.51000213623047,110.5199966430664,110.51000213623047,110.5199966430664,94.62593078613281,2087100,0.0,0.0,0.0
2021-05-06,110.51000213623047,110.5199966430664,110.51000213623047,110.5199966430664,94.62593078613281,2495400,0.0,0.0,0.0
2021-05-07,110.5199966430664,110.5199966430664,110.51000213623047,110.5199966430664,94.62593078613281,2648200,0.0,0.0,0.0
2021-05-10,110.51000213623047,110.5199966430664,110.30999755859375,110.51000213623047,94.61737823486328,2077300,0.0,0.0,0.0
2021-05-11,110.51000213623047,110.5199966430664,110.51000213623047,110.51000213623047,94.61737823486328,1981600,0.0,0.0,0.0
2021-05-12,110.51000213623047,110.5199966430664,110.51000213623047,110.51000213623047,94.61737823486328,1523900,0.0,0.0,0.0
2021-05-13,110.51000213623047,110.5199966430664,110.51000213623047,110.5199966430664,94.62593078613281,1911600,0.0,0.0,0.0
2021-05-14,110.51000213623047,110.5199966430664,110.51000213623047,110.51000213623047,94.61737823486328,1473200,0.0,0.0,0.0
2021-05-17,110.51000213623047,110.5199966430664,110.51000213623047,110.51000213623047,94.61737823486328,1346700,0.0,0.0,0.0
2021-05-18,110.5199966430664,110.5199966430664,110.51000213623047,110.51000213623047,94.61737823486328,812700,0.0,0.0,0.0
2021-05-19,110.5199966430664,110.5199966430664,110.51000213623047,110.51000213623047,94.61737823486328,1144600,0.0,0.0,0.0
2021-05-20,110.51000213623047,110.5199966430664,110.51000213623047,110.51000213623047,94.61737823486328,1250300,0.0,0.0,0.0
2021-05-21,110.51000213623047,110.5199966430664,110.51000213623047,110.5199966430664,94.62593078613281,725200,0.0,0.0,0.0
2021-05-24,110.51000213623047,110.5199966430664,110.51000213623047,110.5199966430664,94.62593078613281,1155400,0.0,0.0,0.0
2021-05-25,110.51000213623047,110.5199966430664,110.51000213623047,110.5199966430664,94.62593078613281,1544600,0.0,0.0,0.0
2021-05-26,110.51000213623047,110.5199966430664,110.51000213623047,110.5199966430664,94.62593078613281,1809900,0.0,0.0,0.0
2021-05-27,110.51000213623047,110.5199966430664,110.51000213623047,110.5199966430664,94.62593078613281,1452300,0.0,0.0,0.0
2021-05-28,110.51000213623047,110.51000213623047,110.5,110.51000213623047,94.61737823486328,1547600,0.0,0.0,0.0
2021-06-01,110.51000213623047,110.51000213623047,110.5,110.5,94.60880279541016,1689700,0.0,0.0,0.0
2021-06-02,110.51000213623047,110.51000213623047,110.5,110.51000213623047,94.61737823486328,1897800,0.0,0.0,0.0
2021-06-03,110.5,110.51000213623047,110.5,110.5,94.60880279541016,1194100,0.0,0.0,0.0
2021-06-04,110.5,110.51000213623047,110.5,110.51000213623047,94.61737823486328,1180400,0.0,0.0,0.0
2021-06-07,110.5,110.51000213623047,110.5,110.5,94.60880279541016,1016900,0.0,0.0,0.0
2021-06-08,110.5,110.51000213623047,110.5,110.51000213623047,94.61737823486328,1231100,0.0,0.0,0.0
2021-06-09,110.5,110.51000213623047,110.48999786376953,110.48999786376953,94.60023498535156,1213600,0.0,0.0,0.0
2021-06-10,110.51000213623047,110.51000213623047,110.5,110.5,94.60880279541016,1311000,0.0,0.0,0.0
2021-06-11,110.5,110.51000213623047,110.48999786376953,110.48999786376953,94.60023498535156,1464300,0.0,0.0,0.0
2021-06-14,110.48999786376953,110.5,110.48999786376953,110.48999786376953,94.60023498535156,669100,0.0,0.0,0.0
2021-06-15,110.48999786376953,110.5,110.48999786376953,110.5,94.60880279541016,1614900,0.0,0.0,0.0
2021-06-16,110.5,110.5,110.48999786376953,110.5,94.60880279541016,1467300,0.0,0.0,0.0
2021-06-17,110.48999786376953,110.5,110.48999786376953,110.5,94.60880279541016,2214800,0.0,0.0,0.0
2021-06-18,110.5,110.5,110.4800033569336,110.4800033569336,94.59169006347656,1400200,0.0,0.0,0.0
2021-06-21,110.4800033569336,110.48999786376953,110.4800033569336,110.48999786376953,94.60023498535156,1685800,0.0,0.0,0.0
2021-06-22,110.48999786376953,110.48999786376953,110.4800033569336,110.4800033569336,94.59169006347656,1025500,0.0,0.0,0.0
2021-06-23,110.4800033569336,110.48999786376953,110.4800033569336,110.48999786376953,94.60023498535156,1070400,0.0,0.0,0.0
2021-06-24,110.4800033569336,110.5,110.4800033569336,110.5,94.60880279541016,2906200,0.0,0.0,0.0
2021-06-25,110.48999786376953,110.5,110.4800033569336,110.4800033569336,94.59169006347656,1224400,0.0,0.0,0.0
2021-06-28,110.48999786376953,110.5,110.4800033569336,110.48999786376953,94.60023498535156,1611200,0.0,0.0,0.0
2021-06-29,110.48999786376953,110.5,110.4800033569336,110.48999786376953,94.60023498535156,1266100,0.0,0.0,0.0
2021-06-30,110.4800033569336,110.48999786376953,110.4800033569336,110.48999786376953,94.60023498535156,1842000,0.0,0.0,0.0
2021-07-01,110.4800033569336,110.48999786376953,110.4800033569336,110.48999786376953,94.60023498535156,971600,0.0,0.0,0.0
2021-07-02,110.4800033569336,110.48999786376953,110.4800033569336,110.48999786376953,94.60023498535156,869600,0.0,0.0,0.0
2021-07-06,110.48999786376953,110.48999786376953,110.4800033569336,110.4800033569336,94.59169006347656,1854000,0.0,0.0,0.0
2021-07-07,110.48999786376953,110.48999786376953,110.4800033569336,110.48999786376953,94.60023498535156,1279600,0.0,0.0,0.0
2021-07-08,110.4800033569336,110.48999786376953,110.4800033569336,110.48999786376953,94.60023498535156,796400,0.0,0.0,0.0
2021-07-09,110.4800033569336,110.48999786376953,110.4800033569336,110.48999786376953,94.60023498535156,746000,0.0,0.0,0.0
2021-07-12,110.48999786376953,110.48999786376953,110.4800033569336,110.4800033569336,94.59169006347656,681500,0.0,0.0,0.0
2021-07-13,110.4800033569336,110.48999786376953,110.4800033569336,110.48999786376953,94.60023498535156,1008700,0.0,0.0,0.0
2021-07-14,110.4800033569336,110.48999786376953,110.4800033569336,110.48999786376953,94.60023498535156,1018200,0.0,0.0,0.0
2021-07-15,110.48999786376953,110.48999786376953,110.4800033569336,110.4800033569336,94.59169006347656,891700,0.0,0.0,0.0
2021-07-16,110.4800033569336,110.48999786376953,110.4800033569336,110.4800033569336,94.59169006347656,767200,0.0,0.0,0.0
2021-07-19,110.4800033569336,110.48999786376953,110.4800033569336,110.4800033569336,94.59169006347656,1236300,0.0,0.0,0.0
2021-07-20,110.4800033569336,110.48999786376953,110.4800033569336,110.48999786376953,94.60023498535156,1944800,0.0,0.0,0.0
2021-07-21,110.4800033569336,110.48999786376953,110.4800033569336,110.4800033569336,94.59169006347656,1177400,0.0,0.0,0.0
2021-07-22,110.4800033569336,110.48999786376953,110.4800033569336,110.4800033569336,94.59169006347656,843700,0.0,0.0,0.0
2021-07-23,110.4800033569336,110.48999786376953,110.4800033569336,110.48999786376953,94.60023498535156,2201900,0.0,0.0,0.0
2021-07-26,110.4800033569336,110.48999786376953,110.4800033569336,110.4800033569336,94.59169006347656,874400,0.0,0.0,0.0
2021-07-27,110.48999786376953,110.48999786376953,110.4800033569336,110.4800033569336,94.59169006347656,998500,0.0,0.0,0.0
2021-07-28,110.4800033569336,110.48999786376953,110.4800033569336,110.48999786376953,94.60023498535156,1168100,0.0,0.0,0.0
2021-07-29,110.48999786376953,110.48999786376953,110.4800033569336,110.48999786376953,94.60023498535156,1318100,0.0,0.0,0.0
2021-07-30,110.48999786376953,110.48999786376953,110.4800033569336,110.48999786376953,94.60023498535156,1811700,0.0,0.0,0.0
2021-08-02,110.4800033569336,110.48999786376953,110.4800033569336,110.48999786376953,94.60023498535156,1453100,0.0,0.0,0.0
2021-08-03,110.4800033569336,110.48999786376953,110.4800033569336,110.48999786376953,94.60023498535156,1011700,0.0,0.0,0.0
2021-08-04,110.48999786376953,110.48999786376953,110.4800033569336,110.4800033569336,94.59169006347656,1071300,0.0,0.0,0.0
2021-08-05,110.4800033569336,110.48999786376953,110.4800033569336,110.4800033569336,94.59169006347656,950500,0.0,0.0,0.0
2021-08-06,110.4800033569336,110.48999786376953,110.4800033569336,110.48999786376953,94.60023498535156,794300,0.0,0.0,0.0
2021-08-09,110.48999786376953,110.48999786376953,110.4800033569336,110.4800033569336,94.59169006347656,3583300,0.0,0.0,0.0
2021-08-10,110.4800033569336,110.48999786376953,110.4800033569336,110.4800033569336,94.59169006347656,599200,0.0,0.0,0.0
2021-08-11,110.4800033569336,110.48999786376953,110.47000122070312,110.47000122070312,94.58311462402344,777700,0.0,0.0,0.0
2021-08-12,110.4800033569336,110.48999786376953,110.47000122070312,110.47000122070312,94.58311462402344,1294800,0.0,0.0,0.0
2021-08-13,110.47000122070312,110.4800033569336,110.47000122070312,110.47000122070312,94.58311462402344,855300,0.0,0.0,0.0
2021-08-16,110.47000122070312,110.4800033569336,110.47000122070312,110.47000122070312,94.58311462402344,1473200,0.0,0.0,0.0
2021-08-17,110.4800033569336,110.4800033569336,110.47000122070312,110.4800033569336,94.59169006347656,1295800,0.0,0.0,0.0
2021-08-18,110.47000122070312,110.4800033569336,110.47000122070312,110.47000122070312,94.58311462402344,1005000,0.0,0.0,0.0
2021-08-19,110.47000122070312,110.4800033569336,110.47000122070312,110.47000122070312,94.58311462402344,1295400,0.0,0.0,0.0
2021-08-20,110.4800033569336,110.4800033569336,110.47000122070312,110.4800033569336,94.59169006347656,1366200,0.0,0.0,0.0
2021-08-23,110.47000122070312,110.4800033569336,110.47000122070312,110.47000122070312,94.58311462402344,942400,0.0,0.0,0.0
2021-08-24,110.47000122070312,110.4800033569336,110.47000122070312,110.47000122070312,94.58311462402344,1042800,0.0,0.0,0.0
2021-08-25,110.47000122070312,110.4800033569336,110.47000122070312,110.4800033569336,94.59169006347656,739700,0.0,0.0,0.0
2021-08-26,110.47000122070312,110.4800033569336,110.47000122070312,110.47000122070312,94.58311462402344,984700,0.0,0.0,0.0
2021-08-27,110.4800033569336,110.4800033569336,110.47000122070312,110.47000122070312,94.58311462402344,743000,0.0,0.0,0.0
2021-08-30,110.4800033569336,110.4800033569336,110.47000122070312,110.47000122070312,94.58311462402344,662300,0.0,0.0,0.0
2021-08-31,110.47000122070312,110.4800033569336,110.47000122070312,110.47000122070312,94.58311462402344,1071300,0.0,0.0,0.0
2021-09-01,110.47000122070312,110.4800033569336,110.47000122070312,110.47000122070312,94.58311462402344,1615200,0.0,0.0,0.0
2021-09-02,110.4800033569336,110.4800033569336,110.47000122070312,110.4800033569336,94.59169006347656,1144500,0.0,0.0,0.0
2021-09-03,110.47000122070312,110.4800033569336,110.47000122070312,110.47000122070312,94.58311462402344,1124100,0.0,0.0,0.0
2021-09-07,110.47000122070312,110.4800033569336,110.47000122070312,110.47000122070312,94.58311462402344,1645200,0.0,0.0,0.0
2021-09-08,110.47000122070312,110.4800033569336,110.47000122070312,110.4800033569336,94.59169006347656,1255000,0.0,0.0,0.0
2021-09-09,110.4800033569336,110.4800033569336,110.47000122070312,110.4800033569336,94.59169006347656,797500,0.0,0.0,0.0
2021-09-10,110.47000122070312,110.4800033569336,110.47000122070312,110.47000122070312,94.58311462402344,943300,0.0,0.0,0.0
2021-09-13,110.47000122070312,110.4800033569336,110.47000122070312,110.47000122070312,94.58311462402344,1663000,0.0,0.0,0.0
2021-09-14,110.47000122070312,110.4800033569336,110.45999908447266,110.47000122070312,94.58311462402344,826000,0.0,0.0,0.0
2021-09-15,110.47000122070312,110.4800033569336,110.45999908447266,110.47000122070312,94.58311462402344,952400,0.0,0.0,0.0
2021-09-16,110.45999908447266,110.4800033569336,110.45999908447266,110.4800033569336,94.59169006347656,1038500,0.0,0.0,0.0
2021-09-17,110.47000122070312,110.4800033569336,110.47000122070312,110.47000122070312,94.58311462402344,503400,0.0,0.0,0.0
2021-09-20,110.4800033569336,110.4800033569336,110.47000122070312,110.47000122070312,94.58311462402344,1680000,0.0,0.0,0.0
2021-09-21,110.47000122070312,110.4800033569336,110.45999908447266,110.47000122070312,94.58311462402344,874400,0.0,0.0,0.0
2021-09-22,110.47000122070312,110.4800033569336,110.47000122070312,110.47000122070312,94.58311462402344,1505200,0.0,0.0,0.0
2021-09-23,110.45999908447266,110.47000122070312,110.45999908447266,110.47000122070312,94.58311462402344,643600,0.0,0.0,0.0
2021-09-24,110.45999908447266,110.47000122070312,110.45999908447266,110.45999908447266,94.5745620727539,652700,0.0,0.0,0.0
2021-09-27,110.45999908447266,110.47000122070312,110.45999908447266,110.45999908447266,94.5745620727539,1872700,0.0,0.0,0.0
2021-09-28,110.45999908447266,110.47000122070312,110.45999908447266,110.45999908447266,94.5745620727539,2281700,0.0,0.0,0.0
2021-09-29,110.45999908447266,110.47000122070312,110.45999908447266,110.45999908447266,94.5745620727539,3392300,0.0,0.0,0.0
2021-09-30,110.45999908447266,110.47000122070312,110.45999908447266,110.47000122070312,94.58311462402344,1328300,0.0,0.0,0.0
2021-10-01,110.45999908447266,110.47000122070312,110.45999908447266,110.45999908447266,94.5745620727539,1576600,0.0,0.0,0.0
2021-10-04,110.47000122070312,110.47000122070312,110.44999694824219,110.44999694824219,94.56599426269531,1087300,0.0,0.0,0.0
2021-10-05,110.44999694824219,110.45999908447266,110.44999694824219,110.45999908447266,94.5745620727539,1445300,0.0,0.0,0.0
2021-10-06,110.44999694824219,110.45999908447266,110.44999694824219,110.45999908447266,94.5745620727539,2064700,0.0,0.0,0.0
2021-10-07,110.45999908447266,110.47000122070312,110.45999908447266,110.47000122070312,94.58311462402344,1699100,0.0,0.0,0.0
2021-10-08,110.45999908447266,110.47000122070312,110.45999908447266,110.47000122070312,94.58311462402344,996500,0.0,0.0,0.0
2021-10-11,110.45999908447266,110.47000122070312,110.44999694824219,110.45999908447266,94.5745620727539,824100,0.0,0.0,0.0
2021-10-12,110.47000122070312,110.47000122070312,110.44999694824219,110.47000122070312,94.58311462402344,1122000,0.0,0.0,0.0
2021-10-13,110.45999908447266,110.47000122070312,110.44999694824219,110.47000122070312,94.58311462402344,769400,0.0,0.0,0.0
2021-10-14,110.45999908447266,110.47000122070312,110.44999694824219,110.47000122070312,94.58311462402344,1400300,0.0,0.0,0.0
2021-10-15,110.44999694824219,110.45999908447266,110.44999694824219,110.44999694824219,94.56599426269531,962200,0.0,0.0,0.0
2021-10-18,110.45999908447266,110.47000122070312,110.44999694824219,110.44999694824219,94.56599426269531,1071100,0.0,0.0,0.0
2021-10-19,110.47000122070312,110.47000122070312,110.44999694824219,110.44999694824219,94.56599426269531,1606500,0.0,0.0,0.0
2021-10-20,110.44999694824219,110.45999908447266,110.44999694824219,110.45999908447266,94.5745620727539,1012700,0.0,0.0,0.0
2021-10-21,110.44999694824219,110.45999908447266,110.44999694824219,110.44999694824219,94.56599426269531,721700,0.0,0.0,0.0
2021-10-22,110.45999908447266,110.45999908447266,110.44999694824219,110.45999908447266,94.5745620727539,1425300,0.0,0.0,0.0
2021-10-25,110.44999694824219,110.45999908447266,110.44999694824219,110.44999694824219,94.56599426269531,3126900,0.0,0.0,0.0
2021-10-26,110.44999694824219,110.45999908447266,110.44999694824219,110.45999908447266,94.5745620727539,1546800,0.0,0.0,0.0
2021-10-27,110.45999908447266,110.45999908447266,110.44999694824219,110.45999908447266,94.5745620727539,905100,0.0,0.0,0.0
2021-10-28,110.44999694824219,110.45999908447266,110.44999694824219,110.45999908447266,94.5745620727539,1248000,0.0,0.0,0.0
2021-10-29,110.44999694824219,110.45999908447266,110.44000244140625,110.44000244140625,94.5574722290039,2079100,0.0,0.0,0.0
2021-11-01,110.44000244140625,110.44999694824219,110.44000244140625,110.44000244140625,94.5574722290039,2319600,0.0,0.0,0.0
2021-11-02,110.44999694824219,110.44999694824219,110.44000244140625,110.44999694824219,94.56599426269531,636800,0.0,0.0,0.0
2021-11-03,110.44999694824219,110.44999694824219,110.44000244140625,110.44000244140625,94.5574722290039,1156300,0.0,0.0,0.0
2021-11-04,110.44000244140625,110.45999908447266,110.44000244140625,110.45999908447266,94.5745620727539,1277500,0.0,0.0,0.0
2021-11-05,110.44000244140625,110.45999908447266,110.44000244140625,110.44999694824219,94.56599426269531,1507700,0.0,0.0,0.0
2021-11-08,110.44999694824219,110.45999908447266,110.44000244140625,110.44000244140625,94.5574722290039,1045600,0.0,0.0,0.0
2021-11-09,110.44999694824219,110.45999908447266,110.44000244140625,110.44000244140625,94.5574722290039,1818200,0.0,0.0,0.0
2021-11-10,110.44999694824219,110.44999694824219,110.44000244140625,110.44000244140625,94.5574722290039,1222200,0.0,0.0,0.0
2021-11-11,110.44999694824219,110.44999694824219,110.44000244140625,110.44000244140625,94.5574722290039,719200,0.0,0.0,0.0
2021-11-12,110.44999694824219,110.44999694824219,110.44000244140625,110.44999694824219,94.56599426269531,687400,0.0,0.0,0.0
2021-11-15,110.44999694824219,110.44999694824219,110.44000244140625,110.44000244140625,94.5574722290039,632300,0.0,0.0,0.0
2021-11-16,110.44999694824219,110.44999694824219,110.44000244140625,110.44000244140625,94.5574722290039,1289900,0.0,0.0,0.0
2021-11-17,110.44999694824219,110.44999694824219,110.44000244140625,110.44999694824219,94.56599426269531,1063200,0.0,0.0,0.0
2021-11-18,110.44999694824219,110.45999908447266,110.44000244140625,110.45999908447266,94.5745620727539,1007000,0.0,0.0,0.0
2021-11-19,110.44999694824219,110.44999694824219,110.44000244140625,110.44999694824219,94.56599426269531,1528400,0.0,0.0,0.0
2021-11-22,110.44999694824219,110.44999694824219,110.44000244140625,110.44000244140625,94.5574722290039,941000,0.0,0.0,0.0
2021-11-23,110.44000244140625,110.44999694824219,110.44000244140625,110.44999694824219,94.56599426269531,3067800,0.0,0.0,0.0
2021-11-24,110.44000244140625,110.44999694824219,110.43000030517578,110.43000030517578,94.54888916015625,2469000,0.0,0.0,0.0
2021-11-26,110.43000030517578,110.44999694824219,110.41999816894531,110.43000030517578,94.54888916015625,4713300,0.0,0.0,0.0
2021-11-29,110.43000030517578,110.44000244140625,110.43000030517578,110.44000244140625,94.5574722290039,2457900,0.0,0.0,0.0
2021-11-30,110.43000030517578,110.44000244140625,110.38999938964844,110.38999938964844,94.5146255493164,3649900,0.0,0.0,0.0
2021-12-01,110.41999816894531,110.43000030517578,110.41999816894531,110.41999816894531,94.54033660888672,1422300,0.0,0.0,0.0
2021-12-02,110.43000030517578,110.43000030517578,110.41999816894531,110.43000030517578,94.54888916015625,1011300,0.0,0.0,0.0
2021-12-03,110.41999816894531,110.43000030517578,110.41999816894531,110.41999816894531,94.54033660888672,1439500,0.0,0.0,0.0
2021-12-06,110.41000366210938,110.41999816894531,110.41000366210938,110.41999816894531,94.54033660888672,1768200,0.0,0.0,0.0
2021-12-07,110.41000366210938,110.41999816894531,110.4000015258789,110.41000366210938,94.53175354003906,976500,0.0,0.0,0.0
2021-12-08,110.4000015258789,110.41000366210938,110.4000015258789,110.4000015258789,94.523193359375,1146900,0.0,0.0,0.0
2021-12-09,110.41000366210938,110.41999816894531,110.41000366210938,110.41999816894531,94.54033660888672,1262000,0.0,0.0,0.0
2021-12-10,110.41999816894531,110.41999816894531,110.41000366210938,110.41000366210938,94.53175354003906,885000,0.0,0.0,0.0
2021-12-13,110.41999816894531,110.41999816894531,110.41000366210938,110.41999816894531,94.54033660888672,759500,0.0,0.0,0.0
2021-12-14,110.41000366210938,110.41999816894531,110.41000366210938,110.41999816894531,94.54033660888672,672300,0.0,0.0,0.0
2021-12-15,110.41000366210938,110.41999816894531,110.41000366210938,110.41000366210938,94.53175354003906,1100000,0.0,0.0,0.0
2021-12-16,110.41000366210938,110.43000030517578,110.41000366210938,110.43000030517578,94.54888916015625,1434700,0.0,0.0,0.0
2021-12-17,110.41999816894531,110.43000030517578,110.41999816894531,110.41999816894531,94.54033660888672,1680400,0.0,0.0,0.0
2021-12-20,110.43000030517578,110.43000030517578,110.41000366210938,110.41000366210938,94.53175354003906,1592000,0.0,0.0,0.0
2021-12-21,110.41999816894531,110.41999816894531,110.41000366210938,110.41999816894531,94.54033660888672,953700,0.0,0.0,0.0
2021-12-22,110.41000366210938,110.41999816894531,110.41000366210938,110.41999816894531,94.54033660888672,1968300,0.0,0.0,0.0
2021-12-23,110.41999816894531,110.41999816894531,110.41000366210938,110.41999816894531,94.54033660888672,2137500,0.0,0.0,0.0
2021-12-27,110.41000366210938,110.41999816894531,110.4000015258789,110.41999816894531,94.54033660888672,1384900,0.0,0.0,0.0
2021-12-28,110.41000366210938,110.41999816894531,110.4000015258789,110.41000366210938,94.53175354003906,1617000,0.0,0.0,0.0
2021-12-29,110.41999816894531,110.41999816894531,110.41000366210938,110.41999816894531,94.54033660888672,1135100,0.0,0.0,0.0
2021-12-30,110.41999816894531,110.41999816894531,110.41000366210938,110.41999816894531,94.54033660888672,1499500,0.0,0.0,0.0
2021-12-31,110.41999816894531,110.41999816894531,110.41000366210938,110.41999816894531,94.54033660888672,1443700,0.0,0.0,0.0
2022-01-03,110.41000366210938,110.41999816894531,110.4000015258789,110.4000015258789,94.523193359375,1072800,0.0,0.0,0.0
2022-01-04,110.4000015258789,110.41000366210938,110.4000015258789,110.4000015258789,94.523193359375,1245800,0.0,0.0,0.0
2022-01-05,110.41000366210938,110.41000366210938,110.37999725341797,110.37999725341797,94.5060806274414,1332700,0.0,0.0,0.0
2022-01-06,110.38999938964844,110.4000015258789,110.37999725341797,110.38999938964844,94.5146255493164,1735300,0.0,0.0,0.0
2022-01-07,110.38999938964844,110.4000015258789,110.37999725341797,110.4000015258789,94.523193359375,2089900,0.0,0.0,0.0
2022-01-10,110.38999938964844,110.4000015258789,110.38999938964844,110.4000015258789,94.523193359375,1733400,0.0,0.0,0.0
2022-01-11,110.37999725341797,110.38999938964844,110.37999725341797,110.37999725341797,94.5060806274414,1464100,0.0,0.0,0.0
2022-01-12,110.37999725341797,110.38999938964844,110.37999725341797,110.38999938964844,94.5146255493164,2082400,0.0,0.0,0.0
2022-01-13,110.37999725341797,110.38999938964844,110.37999725341797,110.38999938964844,94.5146255493164,1201000,0.0,0.0,0.0
2022-01-14,110.37999725341797,110.38999938964844,110.37000274658203,110.37000274658203,94.49752807617188,1488800,0.0,0.0,0.0
2022-01-18,110.37999725341797,110.37999725341797,110.31999969482422,110.31999969482422,94.45470428466797,2802800,0.0,0.0,0.0
2022-01-19,110.3499984741211,110.36000061035156,110.3499984741211,110.36000061035156,94.48897552490234,1571000,0.0,0.0,0.0
2022-01-20,110.3499984741211,110.37000274658203,110.3499984741211,110.37000274658203,94.49752807617188,2880100,0.0,0.0,0.0
2022-01-21,110.36000061035156,110.37000274658203,110.36000061035156,110.37000274658203,94.49752807617188,3087900,0.0,0.0,0.0
2022-01-24,110.36000061035156,110.37000274658203,110.3499984741211,110.3499984741211,94.48037719726562,3130500,0.0,0.0,0.0
2022-01-25,110.36000061035156,110.37000274658203,110.3499984741211,110.3499984741211,94.48037719726562,2034100,0.0,0.0,0.0
2022-01-26,110.3499984741211,110.36000061035156,110.3499984741211,110.3499984741211,94.48037719726562,2250100,0.0,0.0,0.0
2022-01-27,110.33999633789062,110.3499984741211,110.33000183105469,110.33000183105469,94.46327209472656,1783700,0.0,0.0,0.0
2022-01-28,110.3499984741211,110.3499984741211,110.33000183105469,110.33000183105469,94.46327209472656,1991200,0.0,0.0,0.0
2022-01-31,110.33999633789062,110.3499984741211,110.31999969482422,110.33000183105469,94.46327209472656,17435700,0.0,0.0,0.0
2022-02-01,110.33999633789062,110.3499984741211,110.33000183105469,110.33999633789062,94.47186279296875,3005700,0.0,0.0,0.0
2022-02-02,110.33999633789062,110.3499984741211,110.33999633789062,110.33999633789062,94.47186279296875,1368600,0.0,0.0,0.0
2022-02-03,110.33999633789062,110.3499984741211,110.33000183105469,110.3499984741211,94.48037719726562,1344500,0.0,0.0,0.0
2022-02-04,110.31999969482422,110.33000183105469,110.30000305175781,110.30999755859375,94.44612884521484,1436100,0.0,0.0,0.0
2022-02-07,110.30000305175781,110.30999755859375,110.30000305175781,110.30999755859375,94.44612884521484,542200,0.0,0.0,0.0
2022-02-08,110.30000305175781,110.30999755859375,110.30000305175781,110.30999755859375,94.44612884521484,1387100,0.0,0.0,0.0
2022-02-09,110.30000305175781,110.30999755859375,110.30000305175781,110.30999755859375,94.44612884521484,1112500,0.0,0.0,0.0
2022-02-10,110.2699966430664,110.27999877929688,110.2300033569336,110.23999786376953,94.38622283935547,3104600,0.0,0.0,0.0
2022-02-11,110.2300033569336,110.2699966430664,110.2300033569336,110.2699966430664,94.41191864013672,1583300,0.0,0.0,0.0
2022-02-14,110.23999786376953,110.25,110.23999786376953,110.23999786376953,94.38622283935547,1514500,0.0,0.0,0.0
2022-02-15,110.25,110.26000213623047,110.23999786376953,110.25,94.39479064941406,1163700,0.0,0.0,0.0
2022-02-16,110.26000213623047,110.27999877929688,110.26000213623047,110.26000213623047,94.40335845947266,1370100,0.0,0.0,0.0
2022-02-17,110.27999877929688,110.29000091552734,110.2699966430664,110.29000091552734,94.42902374267578,3142600,0.0,0.0,0.0
2022-02-18,110.27999877929688,110.30000305175781,110.27999877929688,110.30000305175781,94.43756866455078,2410100,0.0,0.0,0.0
2022-02-22,110.29000091552734,110.29000091552734,110.2699966430664,110.27999877929688,94.4204330444336,6269900,0.0,0.0,0.0
2022-02-23,110.2699966430664,110.29000091552734,110.2699966430664,110.29000091552734,94.42902374267578,6909800,0.0,0.0,0.0
2022-02-24,110.30999755859375,110.31999969482422,110.29000091552734,110.29000091552734,94.42902374267578,3206300,0.0,0.0,0.0
2022-02-25,110.29000091552734,110.30000305175781,110.27999877929688,110.30000305175781,94.43756866455078,1786600,0.0,0.0,0.0
2022-02-28,110.29000091552734,110.30999755859375,110.29000091552734,110.29000091552734,94.42902374267578,2160700,0.0,0.0,0.0
2022-03-01,110.31999969482422,110.3499984741211,110.31999969482422,110.31999969482422,94.45470428466797,2369800,0.0,0.0,0.0
2022-03-02,110.30999755859375,110.31999969482422,110.29000091552734,110.30000305175781,94.43756866455078,1736600,0.0,0.0,0.0
2022-03-03,110.30000305175781,110.31999969482422,110.30000305175781,110.31999969482422,94.45470428466797,2497400,0.0,0.0,0.0
2022-03-04,110.31999969482422,110.31999969482422,110.30000305175781,110.30000305175781,94.43756866455078,2296500,0.0,0.0,0.0
2022-03-07,110.30999755859375,110.31999969482422,110.30000305175781,110.30999755859375,94.44612884521484,5395100,0.0,0.0,0.0
2022-03-08,110.30999755859375,110.30999755859375,110.29000091552734,110.30000305175781,94.43756866455078,4132700,0.0,0.0,0.0
2022-03-09,110.29000091552734,110.30000305175781,110.29000091552734,110.30000305175781,94.43756866455078,1332100,0.0,0.0,0.0
2022-03-10,110.29000091552734,110.30000305175781,110.27999877929688,110.29000091552734,94.42902374267578,1913600,0.0,0.0,0.0
2022-03-11,110.27999877929688,110.29000091552734,110.27999877929688,110.27999877929688,94.4204330444336,2172500,0.0,0.0,0.0
2022-03-14,110.2699966430664,110.27999877929688,110.26000213623047,110.26000213623047,94.40335845947266,1787400,0.0,0.0,0.0
2022-03-15,110.2699966430664,110.27999877929688,110.26000213623047,110.26000213623047,94.40335845947266,2766400,0.0,0.0,0.0
2022-03-16,110.26000213623047,110.2699966430664,110.25,110.2699966430664,94.41191864013672,3505800,0.0,0.0,0.0
2022-03-17,110.2699966430664,110.30000305175781,110.26000213623047,110.30000305175781,94.43756866455078,1988900,0.0,0.0,0.0
2022-03-18,110.2699966430664,110.27999877929688,110.2699966430664,110.27999877929688,94.4204330444336,4639300,0.0,0.0,0.0
2022-03-21,110.26000213623047,110.2699966430664,110.25,110.25,94.39479064941406,6789700,0.0,0.0,0.0
2022-03-22,110.25,110.25,110.2300033569336,110.25,94.39479064941406,2838600,0.0,0.0,0.0
2022-03-23,110.25,110.25,110.23999786376953,110.25,94.39479064941406,4145100,0.0,0.0,0.0
2022-03-24,110.23999786376953,110.25,110.23999786376953,110.23999786376953,94.38622283935547,6063900,0.0,0.0,0.0
2022-03-25,110.23999786376953,110.23999786376953,110.2300033569336,110.2300033569336,94.3776626586914,4643200,0.0,0.0,0.0
2022-03-28,110.2300033569336,110.2300033569336,110.20999908447266,110.22000122070312,94.36908721923828,2725400,0.0,0.0,0.0
2022-03-29,110.22000122070312,110.2300033569336,110.20999908447266,110.2300033569336,94.3776626586914,2036600,0.0,0.0,0.0
2022-03-30,110.22000122070312,110.23999786376953,110.22000122070312,110.23999786376953,94.38622283935547,3343800,0.0,0.0,0.0
2022-03-31,110.23999786376953,110.25,110.2300033569336,110.25,94.39479064941406,2719300,0.0,0.0,0.0
2022-04-01,110.19999694824219,110.20999908447266,110.19000244140625,110.20999908447266,94.37593078613281,4949900,0.018,0.0,0.0
2022-04-04,110.20999908447266,110.20999908447266,110.19999694824219,110.19999694824219,94.36737060546875,2755600,0.0,0.0,0.0
2022-04-05,110.19999694824219,110.20999908447266,110.19000244140625,110.19000244140625,94.35883331298828,3156000,0.0,0.0,0.0
2022-04-06,110.18000030517578,110.19999694824219,110.18000030517578,110.18000030517578,94.35025024414062,2051100,0.0,0.0,0.0
2022-04-07,110.19999694824219,110.20999908447266,110.19000244140625,110.20999908447266,94.37593078613281,2257900,0.0,0.0,0.0
2022-04-08,110.19999694824219,110.19999694824219,110.19000244140625,110.19999694824219,94.36737060546875,3354300,0.0,0.0,0.0
2022-04-11,110.19999694824219,110.19999694824219,110.18000030517578,110.19000244140625,94.35883331298828,4787300,0.0,0.0,0.0
2022-04-12,110.19999694824219,110.22000122070312,110.19000244140625,110.22000122070312,94.38450622558594,4474400,0.0,0.0,0.0
2022-04-13,110.20999908447266,110.2300033569336,110.20999908447266,110.2300033569336,94.39307403564453,2025000,0.0,0.0,0.0
2022-04-14,110.22000122070312,110.22000122070312,110.20999908447266,110.20999908447266,94.37593078613281,1597300,0.0,0.0,0.0
2022-04-18,110.19999694824219,110.22000122070312,110.19999694824219,110.20999908447266,94.37593078613281,2607900,0.0,0.0,0.0
2022-04-19,110.20999908447266,110.20999908447266,110.19000244140625,110.19999694824219,94.36737060546875,2334400,0.0,0.0,0.0
2022-04-20,110.19000244140625,110.20999908447266,110.19000244140625,110.20999908447266,94.37593078613281,1685700,0.0,0.0,0.0
2022-04-21,110.19999694824219,110.19999694824219,110.18000030517578,110.18000030517578,94.35025024414062,6440400,0.0,0.0,0.0
2022-04-22,110.16999816894531,110.18000030517578,110.16999816894531,110.16999816894531,94.34169006347656,2150600,0.0,0.0,0.0
2022-04-25,110.19000244140625,110.19999694824219,110.18000030517578,110.18000030517578,94.35025024414062,2371200,0.0,0.0,0.0
2022-04-26,110.19000244140625,110.19999694824219,110.19000244140625,110.19000244140625,94.35883331298828,2649500,0.0,0.0,0.0
2022-04-27,110.20999908447266,110.20999908447266,110.19999694824219,110.19999694824219,94.36737060546875,1878000,0.0,0.0,0.0
2022-04-28,110.19000244140625,110.20999908447266,110.19000244140625,110.19000244140625,94.35883331298828,3786600,0.0,0.0,0.0
2022-04-29,110.19000244140625,110.19999694824219,110.18000030517578,110.19999694824219,94.36737060546875,2657700,0.0,0.0,0.0
2022-05-02,110.16000366210938,110.16000366210938,110.1500015258789,110.1500015258789,94.35281372070312,9060800,0.033,0.0,0.0
2022-05-03,110.1500015258789,110.16000366210938,110.12999725341797,110.12999725341797,94.3356704711914,5665300,0.0,0.0,0.0
2022-05-04,110.13999938964844,110.18000030517578,110.12000274658203,110.18000030517578,94.37850952148438,3275200,0.0,0.0,0.0
2022-05-05,110.16999816894531,110.18000030517578,110.16000366210938,110.16000366210938,94.36137390136719,2859000,0.0,0.0,0.0
2022-05-06,110.16999816894531,110.19000244140625,110.16999816894531,110.19000244140625,94.38707733154297,4478000,0.0,0.0,0.0
2022-05-09,110.19000244140625,110.20999908447266,110.18000030517578,110.20999908447266,94.40418243408203,3553200,0.0,0.0,0.0
2022-05-10,110.20999908447266,110.20999908447266,110.19000244140625,110.20999908447266,94.40418243408203,8572100,0.0,0.0,0.0
2022-05-11,110.19999694824219,110.20999908447266,110.18000030517578,110.19000244140625,94.38707733154297,10946000,0.0,0.0,0.0
2022-05-12,110.22000122070312,110.22000122070312,110.20999908447266,110.20999908447266,94.40418243408203,2122100,0.0,0.0,0.0
2022-05-13,110.20999908447266,110.22000122070312,110.19999694824219,110.22000122070312,94.41275787353516,11577300,0.0,0.0,0.0
2022-05-16,110.20999908447266,110.22000122070312,110.20999908447266,110.22000122070312,94.41275787353516,1622600,0.0,0.0,0.0
2022-05-17,110.19000244140625,110.20999908447266,110.19000244140625,110.20999908447266,94.40418243408203,2700600,0.0,0.0,0.0
2022-05-18,110.20999908447266,110.22000122070312,110.19999694824219,110.20999908447266,94.40418243408203,3987100,0.0,0.0,0.0
2022-05-19,110.2300033569336,110.2300033569336,110.22000122070312,110.2300033569336,94.42134094238281,4170000,0.0,0.0,0.0
2022-05-20,110.22000122070312,110.23999786376953,110.22000122070312,110.2300033569336,94.42134094238281,4978700,0.0,0.0,0.0
2022-05-23,110.2300033569336,110.23999786376953,110.2300033569336,110.2300033569336,94.42134094238281,2895100,0.0,0.0,0.0
2022-05-24,110.23999786376953,110.2699966430664,110.23999786376953,110.2699966430664,94.45560455322266,1760700,0.0,0.0,0.0
2022-05-25,110.2699966430664,110.2699966430664,110.26000213623047,110.2699966430664,94.45560455322266,1246800,0.0,0.0,0.0
2022-05-26,110.2699966430664,110.27999877929688,110.2699966430664,110.27999877929688,94.46415710449219,2150400,0.0,0.0,0.0
2022-05-27,110.27999877929688,110.29000091552734,110.26000213623047,110.2699966430664,94.45560455322266,4611400,0.0,0.0,0.0
2022-05-31,110.25,110.2699966430664,110.23999786376953,110.23999786376953,94.4299087524414,13735000,0.0,0.0,0.0
2022-06-01,110.20999908447266,110.20999908447266,110.16999816894531,110.16999816894531,94.41876983642578,13184700,0.057,0.0,0.0
2022-06-02,110.18000030517578,110.18000030517578,110.16999816894531,110.16999816894531,94.41876983642578,2744300,0.0,0.0,0.0
2022-06-03,110.19000244140625,110.19000244140625,110.16999816894531,110.19000244140625,94.43590545654297,3116300,0.0,0.0,0.0
2022-06-06,110.18000030517578,110.18000030517578,110.16000366210938,110.16999816894531,94.41876983642578,2460800,0.0,0.0,0.0
2022-06-07,110.16000366210938,110.18000030517578,110.16000366210938,110.16999816894531,94.41876983642578,1806300,0.0,0.0,0.0
2022-06-08,110.16999816894531,110.16999816894531,110.1500015258789,110.16000366210938,94.41019439697266,2049800,0.0,0.0,0.0
2022-06-09,110.16999816894531,110.16999816894531,110.1500015258789,110.1500015258789,94.40162658691406,1169800,0.0,0.0,0.0
2022-06-10,110.13999938964844,110.13999938964844,110.0999984741211,110.0999984741211,94.3587417602539,2999200,0.0,0.0,0.0
2022-06-13,110.05999755859375,110.06999969482422,110.01000213623047,110.01000213623047,94.28164672851562,31413500,0.0,0.0,0.0
2022-06-14,109.95999908447266,109.9800033569336,109.94999694824219,109.95999908447266,94.23880767822266,8138300,0.0,0.0,0.0
2022-06-15,109.97000122070312,110.02999877929688,109.95999908447266,110.01000213623047,94.28164672851562,5510000,0.0,0.0,0.0
2022-06-16,110.01000213623047,110.0199966430664,109.98999786376953,110.01000213623047,94.28164672851562,3405100,0.0,0.0,0.0
2022-06-17,110.0199966430664,110.02999877929688,110.01000213623047,110.01000213623047,94.28164672851562,2358500,0.0,0.0,0.0
2022-06-21,110.0199966430664,110.02999877929688,110.01000213623047,110.0199966430664,94.29020690917969,11515900,0.0,0.0,0.0
2022-06-22,110.02999877929688,110.05999755859375,110.02999877929688,110.05999755859375,94.32451629638672,2866000,0.0,0.0,0.0
2022-06-23,110.05999755859375,110.08999633789062,110.05999755859375,110.06999969482422,94.33306121826172,3023400,0.0,0.0,0.0
2022-06-24,110.05000305175781,110.06999969482422,110.05000305175781,110.05999755859375,94.32451629638672,2424700,0.0,0.0,0.0
2022-06-27,110.05999755859375,110.06999969482422,110.0,110.0,94.2730712890625,3105900,0.0,0.0,0.0
2022-06-28,110.05000305175781,110.05999755859375,110.04000091552734,110.05000305175781,94.31593322753906,3163200,0.0,0.0,0.0
2022-06-29,110.05999755859375,110.06999969482422,110.05999755859375,110.06999969482422,94.33306121826172,2659600,0.0,0.0,0.0
2022-06-30,110.08000183105469,110.0999984741211,110.08000183105469,110.0999984741211,94.3587417602539,5807300,0.0,0.0,0.0
2022-07-01,110.02999877929688,110.05000305175781,110.0199966430664,110.0199966430664,94.35620880126953,25883700,0.077,0.0,0.0
2022-07-05,110.02999877929688,110.05000305175781,110.02999877929688,110.02999877929688,94.36475372314453,4428000,0.0,0.0,0.0
2022-07-06,110.05000305175781,110.05999755859375,110.0199966430664,110.04000091552734,94.37333679199219,3512400,0.0,0.0,0.0
2022-07-07,110.02999877929688,110.04000091552734,110.0199966430664,110.04000091552734,94.37333679199219,8854100,0.0,0.0,0.0
2022-07-08,110.0199966430664,110.0199966430664,110.01000213623047,110.0199966430664,94.35620880126953,1848700,0.0,0.0,0.0
2022-07-11,110.02999877929688,110.02999877929688,110.0,110.0,94.33903503417969,8503000,0.0,0.0,0.0
2022-07-12,110.01000213623047,110.0199966430664,109.98999786376953,109.98999786376953,94.3304443359375,3349300,0.0,0.0,0.0
2022-07-13,110.0,110.0,109.95999908447266,109.97000122070312,94.31332397460938,2187300,0.0,0.0,0.0
2022-07-14,109.94999694824219,110.0,109.94999694824219,110.0,94.33903503417969,2224600,0.0,0.0,0.0
2022-07-15,110.01000213623047,110.0199966430664,110.0,110.01000213623047,94.34764099121094,1402800,0.0,0.0,0.0
2022-07-18,110.01000213623047,110.0199966430664,109.98999786376953,110.0,94.33903503417969,1674600,0.0,0.0,0.0
2022-07-19,110.01000213623047,110.0199966430664,109.98999786376953,110.0,94.33903503417969,2040000,0.0,0.0,0.0
2022-07-20,110.01000213623047,110.0199966430664,110.0,110.01000213623047,94.34764099121094,2469800,0.0,0.0,0.0
2022-07-21,110.0199966430664,110.04000091552734,110.01000213623047,110.04000091552734,94.37333679199219,3495700,0.0,0.0,0.0
2022-07-22,110.04000091552734,110.08000183105469,110.04000091552734,110.05999755859375,94.39048767089844,4119300,0.0,0.0,0.0
2022-07-25,110.05999755859375,110.05999755859375,110.04000091552734,110.04000091552734,94.37333679199219,2526200,0.0,0.0,0.0
2022-07-26,110.05999755859375,110.06999969482422,110.05000305175781,110.05999755859375,94.39048767089844,3283800,0.0,0.0,0.0
2022-07-27,110.05999755859375,110.08999633789062,110.05000305175781,110.08000183105469,94.40766906738281,1521300,0.0,0.0,0.0
2022-07-28,110.0999984741211,110.11000061035156,110.08999633789062,110.11000061035156,94.43339538574219,2953900,0.0,0.0,0.0
2022-07-29,110.11000061035156,110.12000274658203,110.0999984741211,110.12000274658203,94.44197082519531,2905900,0.0,0.0,0.0
2022-08-01,109.97000122070312,109.98999786376953,109.97000122070312,109.97000122070312,94.42565155029297,3943800,0.131,0.0,0.0
2022-08-02,109.98999786376953,110.0,109.95999908447266,109.95999908447266,94.41706848144531,2360400,0.0,0.0,0.0
2022-08-03,109.9800033569336,109.98999786376953,109.95999908447266,109.98999786376953,94.44278717041016,2757000,0.0,0.0,0.0
2022-08-04,110.01000213623047,110.0199966430664,110.0,110.0,94.45140075683594,2338000,0.0,0.0,0.0
2022-08-05,110.0,110.0,109.97000122070312,109.9800033569336,94.43421173095703,1334700,0.0,0.0,0.0
2022-08-08,109.9800033569336,110.0,109.9800033569336,109.9800033569336,94.43421173095703,1797600,0.0,0.0,0.0
2022-08-09,109.9800033569336,109.98999786376953,109.97000122070312,109.9800033569336,94.43421173095703,2745200,0.0,0.0,0.0
2022-08-10,110.01000213623047,110.02999877929688,110.01000213623047,110.01000213623047,94.45999908447266,3768800,0.0,0.0,0.0
2022-08-11,110.02999877929688,110.05000305175781,110.0199966430664,110.02999877929688,94.47713470458984,2421200,0.0,0.0,0.0
2022-08-12,110.05000305175781,110.05000305175781,110.02999877929688,110.04000091552734,94.4857406616211,3313800,0.0,0.0,0.0
2022-08-15,110.04000091552734,110.05000305175781,110.04000091552734,110.04000091552734,94.4857406616211,4104900,0.0,0.0,0.0
2022-08-16,110.05000305175781,110.05999755859375,110.04000091552734,110.05000305175781,94.49434661865234,2174200,0.0,0.0,0.0
2022-08-17,110.05999755859375,110.05999755859375,110.04000091552734,110.05000305175781,94.49434661865234,7651700,0.0,0.0,0.0
2022-08-18,110.08999633789062,110.0999984741211,110.06999969482422,110.08000183105469,94.52011108398438,3019000,0.0,0.0,0.0
2022-08-19,110.08000183105469,110.0999984741211,110.08000183105469,110.08999633789062,94.52865600585938,3322700,0.0,0.0,0.0
2022-08-22,110.08999633789062,110.08999633789062,110.08000183105469,110.08999633789062,94.52865600585938,2390100,0.0,0.0,0.0
2022-08-23,110.08999633789062,110.11000061035156,110.08000183105469,110.0999984741211,94.53728485107422,3298900,0.0,0.0,0.0
2022-08-24,110.0999984741211,110.11000061035156,110.08999633789062,110.08999633789062,94.52865600585938,3994000,0.0,0.0,0.0
2022-08-25,110.12000274658203,110.12000274658203,110.11000061035156,110.11000061035156,94.54586791992188,1220800,0.0,0.0,0.0
2022-08-26,110.12000274658203,110.12000274658203,110.11000061035156,110.12000274658203,94.55445861816406,1437200,0.0,0.0,0.0
2022-08-29,110.11000061035156,110.12000274658203,110.0999984741211,110.11000061035156,94.54586791992188,3781600,0.0,0.0,0.0
2022-08-30,110.13999938964844,110.13999938964844,110.12000274658203,110.12999725341797,94.56304168701172,27654500,0.0,0.0,0.0
2022-08-31,110.12000274658203,110.12999725341797,110.12000274658203,110.12999725341797,94.56304168701172,3842800,0.0,0.0,0.0
2022-09-01,109.9800033569336,109.9800033569336,109.95999908447266,109.97000122070312,94.56388092041016,4748200,0.161,0.0,0.0
2022-09-02,109.9800033569336,109.98999786376953,109.97000122070312,109.97000122070312,94.56388092041016,6289800,0.0,0.0,0.0
2022-09-06,109.9800033569336,109.98999786376953,109.95999908447266,109.9800033569336,94.57247924804688,16095400,0.0,0.0,0.0
2022-09-07,109.9800033569336,109.9800033569336,109.97000122070312,109.9800033569336,94.57247924804688,3221400,0.0,0.0,0.0
2022-09-08,109.98999786376953,110.0,109.9800033569336,109.9800033569336,94.57247924804688,2119600,0.0,0.0,0.0
2022-09-09,109.9800033569336,109.98999786376953,109.95999908447266,109.9800033569336,94.57247924804688,4478500,0.0,0.0,0.0
2022-09-12,109.98999786376953,109.98999786376953,109.97000122070312,109.9800033569336,94.57247924804688,3726300,0.0,0.0,0.0
2022-09-13,109.94000244140625,109.94999694824219,109.91999816894531,109.91999816894531,94.52090454101562,2966600,0.0,0.0,0.0
2022-09-14,109.93000030517578,109.93000030517578,109.91999816894531,109.91999816894531,94.52090454101562,1533200,0.0,0.0,0.0
2022-09-15,109.94000244140625,109.94000244140625,109.93000030517578,109.93000030517578,94.52947998046875,2024200,0.0,0.0,0.0
2022-09-16,109.93000030517578,109.94999694824219,109.93000030517578,109.94999694824219,94.54669189453125,3185700,0.0,0.0,0.0
2022-09-19,109.94999694824219,109.94999694824219,109.93000030517578,109.93000030517578,94.52947998046875,2391000,0.0,0.0,0.0
2022-09-20,109.94000244140625,109.94999694824219,109.94000244140625,109.94999694824219,94.54669189453125,2551700,0.0,0.0,0.0
2022-09-21,109.95999908447266,109.95999908447266,109.93000030517578,109.94999694824219,94.54669189453125,2431200,0.0,0.0,0.0
2022-09-22,109.97000122070312,109.9800033569336,109.95999908447266,109.97000122070312,94.56388092041016,3530000,0.0,0.0,0.0
2022-09-23,109.97000122070312,109.9800033569336,109.95999908447266,109.9800033569336,94.57247924804688,5856100,0.0,0.0,0.0
2022-09-26,109.9800033569336,109.9800033569336,109.95999908447266,109.9800033569336,94.57247924804688,3709500,0.0,0.0,0.0
2022-09-27,110.0,110.0,109.97000122070312,109.97000122070312,94.56388092041016,5468100,0.0,0.0,0.0
2022-09-28,110.0199966430664,110.0199966430664,110.0,110.01000213623047,94.59829711914062,3140700,0.0,0.0,0.0
2022-09-29,110.02999877929688,110.04000091552734,110.01000213623047,110.04000091552734,94.62408447265625,4125100,0.0,0.0,0.0
2022-09-30,110.02999877929688,110.04000091552734,110.0,110.0,94.58969116210938,3135700,0.0,0.0,0.0
2022-10-03,109.83999633789062,109.8499984741211,109.83000183105469,109.83000183105469,94.61637878417969,4198900,0.201,0.0,0.0
2022-10-04,109.8499984741211,109.86000061035156,109.83999633789062,109.86000061035156,94.64222717285156,3856700,0.0,0.0,0.0
2022-10-05,109.86000061035156,109.87000274658203,109.8499984741211,109.87000274658203,94.65089416503906,3365300,0.0,0.0,0.0
2022-10-06,109.88999938964844,109.88999938964844,109.87999725341797,109.87999725341797,94.65946960449219,2595700,0.0,0.0,0.0
2022-10-07,109.88999938964844,109.88999938964844,109.87999725341797,109.88999938964844,94.66808319091797,2155400,0.0,0.0,0.0
2022-10-10,109.9000015258789,109.91000366210938,109.88999938964844,109.9000015258789,94.67671966552734,1411300,0.0,0.0,0.0
2022-10-11,109.88999938964844,109.9000015258789,109.87999725341797,109.9000015258789,94.67671966552734,2710000,0.0,0.0,0.0
2022-10-12,109.9000015258789,109.91000366210938,109.88999938964844,109.91000366210938,94.68533325195312,1900400,0.0,0.0,0.0
2022-10-13,109.91000366210938,109.91000366210938,109.88999938964844,109.91000366210938,94.68533325195312,3118600,0.0,0.0,0.0
2022-10-14,109.91000366210938,109.91999816894531,109.9000015258789,109.91000366210938,94.68533325195312,1946700,0.0,0.0,0.0
2022-10-17,109.91999816894531,109.91999816894531,109.9000015258789,109.9000015258789,94.67671966552734,3058700,0.0,0.0,0.0
2022-10-18,109.91999816894531,109.93000030517578,109.91000366210938,109.91999816894531,94.6939468383789,3319100,0.0,0.0,0.0
2022-10-19,109.91999816894531,109.91999816894531,109.91000366210938,109.91000366210938,94.68533325195312,2582900,0.0,0.0,0.0
2022-10-20,109.94000244140625,109.94000244140625,109.91999816894531,109.93000030517578,94.7025375366211,2174900,0.0,0.0,0.0
2022-10-21,109.94000244140625,109.95999908447266,109.94000244140625,109.94999694824219,94.71978759765625,3971200,0.0,0.0,0.0
2022-10-24,109.95999908447266,109.95999908447266,109.94999694824219,109.94999694824219,94.71978759765625,1810400,0.0,0.0,0.0
2022-10-25,109.95999908447266,109.97000122070312,109.95999908447266,109.97000122070312,94.73699951171875,3614900,0.0,0.0,0.0
2022-10-26,109.9800033569336,109.9800033569336,109.97000122070312,109.9800033569336,94.74560546875,2989300,0.0,0.0,0.0
2022-10-27,110.0,110.01000213623047,109.98999786376953,110.0,94.76284790039062,2993200,0.0,0.0,0.0
2022-10-28,110.01000213623047,110.01000213623047,109.98999786376953,109.98999786376953,94.75422668457031,22089200,0.0,0.0,0.0
2022-10-31,110.01000213623047,110.01000213623047,109.97000122070312,109.97000122070312,94.73699951171875,3150500,0.0,0.0,0.0
2022-11-01,109.76000213623047,109.77999877929688,109.75,109.76000213623047,94.76464080810547,21541000,0.242,0.0,0.0
2022-11-02,109.7699966430664,109.77999877929688,109.76000213623047,109.76000213623047,94.76464080810547,1911100,0.0,0.0,0.0
2022-11-03,109.80000305175781,109.80999755859375,109.79000091552734,109.80999755859375,94.80780029296875,2998000,0.0,0.0,0.0
2022-11-04,109.80999755859375,109.83000183105469,109.80999755859375,109.81999969482422,94.81644439697266,2363200,0.0,0.0,0.0
2022-11-07,109.83000183105469,109.83000183105469,109.80999755859375,109.83000183105469,94.8250503540039,3297300,0.0,0.0,0.0
2022-11-08,109.83000183105469,109.8499984741211,109.83000183105469,109.83999633789062,94.83370971679688,4418800,0.0,0.0,0.0
2022-11-09,109.88999938964844,109.9000015258789,109.87999725341797,109.87999725341797,94.86824035644531,2359000,0.0,0.0,0.0
2022-11-10,109.93000030517578,109.93000030517578,109.91000366210938,109.93000030517578,94.9113998413086,18529400,0.0,0.0,0.0
2022-11-11,109.91999816894531,109.94000244140625,109.91999816894531,109.91999816894531,94.90279388427734,3942600,0.0,0.0,0.0
2022-11-14,109.93000030517578,109.93000030517578,109.91000366210938,109.91000366210938,94.89415740966797,2489200,0.0,0.0,0.0
2022-11-15,109.93000030517578,109.94000244140625,109.93000030517578,109.94000244140625,94.9200210571289,2746800,0.0,0.0,0.0
2022-11-16,109.94000244140625,109.94999694824219,109.93000030517578,109.94999694824219,94.9286880493164,3010300,0.0,0.0,0.0
2022-11-17,109.95999908447266,109.9800033569336,109.95999908447266,109.95999908447266,94.93730163574219,1732100,0.0,0.0,0.0
2022-11-18,109.97000122070312,109.9800033569336,109.97000122070312,109.97000122070312,94.94593811035156,1213800,0.0,0.0,0.0
2022-11-21,109.98999786376953,109.98999786376953,109.97000122070312,109.97000122070312,94.94593811035156,1952200,0.0,0.0,0.0
2022-11-22,110.0,110.01000213623047,110.0,110.0,94.97183990478516,1772800,0.0,0.0,0.0
2022-11-23,110.02999877929688,110.04000091552734,110.0199966430664,110.04000091552734,95.00637817382812,1592000,0.0,0.0,0.0
2022-11-25,110.04000091552734,110.05000305175781,110.04000091552734,110.05000305175781,95.0150375366211,843300,0.0,0.0,0.0
2022-11-28,110.05999755859375,110.06999969482422,110.05000305175781,110.05999755859375,95.02363586425781,1942800,0.0,0.0,0.0
2022-11-29,110.08000183105469,110.08999633789062,110.06999969482422,110.08999633789062,95.04953002929688,1997800,0.0,0.0,0.0
2022-11-30,110.08000183105469,110.0999984741211,110.08000183105469,110.0999984741211,95.0582046508789,2660000,0.0,0.0,0.0
2022-12-01,109.83999633789062,109.87000274658203,109.83999633789062,109.87000274658203,95.1101303100586,4818300,0.29,0.0,0.0
2022-12-02,109.8499984741211,109.87999725341797,109.8499984741211,109.86000061035156,95.10145568847656,2268600,0.0,0.0,0.0
2022-12-05,109.87000274658203,109.87999725341797,109.86000061035156,109.87000274658203,95.1101303100586,3495300,0.0,0.0,0.0
2022-12-06,109.87999725341797,109.9000015258789,109.87999725341797,109.88999938964844,95.12743377685547,2459800,0.0,0.0,0.0
2022-12-07,109.91000366210938,109.93000030517578,109.91000366210938,109.93000030517578,95.16206359863281,2388700,0.0,0.0,0.0
2022-12-08,109.94999694824219,109.97000122070312,109.94999694824219,109.97000122070312,95.19670104980469,2178400,0.0,0.0,0.0
2022-12-09,109.97000122070312,109.9800033569336,109.95999908447266,109.97000122070312,95.19670104980469,1949800,0.0,0.0,0.0
2022-12-12,109.9800033569336,109.9800033569336,109.97000122070312,109.97000122070312,95.19670104980469,1094000,0.0,0.0,0.0
2022-12-13,110.01000213623047,110.01000213623047,110.0,110.01000213623047,95.2313232421875,2595000,0.0,0.0,0.0
2022-12-14,110.01000213623047,110.02999877929688,109.98999786376953,110.0,95.22265625,2636600,0.0,0.0,0.0
2022-12-15,109.73999786376953,109.73999786376953,109.7300033569336,109.73999786376953,95.26866912841797,3238800,0.313,0.0,0.0
2022-12-16,109.75,109.76000213623047,109.73999786376953,109.76000213623047,95.2860336303711,5762900,0.0,0.0,0.0
2022-12-19,109.76000213623047,109.7699966430664,109.76000213623047,109.7699966430664,95.29473876953125,2854800,0.0,0.0,0.0
2022-12-20,109.77999877929688,109.79000091552734,109.7699966430664,109.79000091552734,95.31207275390625,7136100,0.0,0.0,0.0
2022-12-21,109.80000305175781,109.80999755859375,109.79000091552734,109.80999755859375,95.3294677734375,2626100,0.0,0.0,0.0
2022-12-22,109.83999633789062,109.86000061035156,109.83999633789062,109.86000061035156,95.37284088134766,2768700,0.0,0.0,0.0
2022-12-23,109.86000061035156,109.86000061035156,109.8499984741211,109.8499984741211,95.36416625976562,1351000,0.0,0.0,0.0
2022-12-27,109.87000274658203,109.87000274658203,109.8499984741211,109.8499984741211,95.36416625976562,3463100,0.0,0.0,0.0
2022-12-28,109.87000274658203,109.87999725341797,109.87000274658203,109.87000274658203,95.38154602050781,1759700,0.0,0.0,0.0
2022-12-29,109.91999816894531,109.93000030517578,109.91999816894531,109.93000030517578,95.43360900878906,6557500,0.0,0.0,0.0
2022-12-30,109.93000030517578,109.93000030517578,109.91000366210938,109.91999816894531,95.42493438720703,4052900,0.0,0.0,0.0
2023-01-03,109.94000244140625,109.94000244140625,109.91999816894531,109.94000244140625,95.44229125976562,6851200,0.0,0.0,0.0
2023-01-04,109.94999694824219,109.94999694824219,109.94000244140625,109.94999694824219,95.45097351074219,2463300,0.0,0.0,0.0
2023-01-05,109.95999908447266,109.97000122070312,109.95999908447266,109.97000122070312,95.46834564208984,1940200,0.0,0.0,0.0
2023-01-06,109.97000122070312,109.98999786376953,109.97000122070312,109.98999786376953,95.48568725585938,2674900,0.0,0.0,0.0
2023-01-09,110.0,110.0,109.9800033569336,110.0,95.49437713623047,2286300,0.0,0.0,0.0
2023-01-10,110.0,110.0,109.9800033569336,109.98999786376953,95.48568725585938,4740500,0.0,0.0,0.0
2023-01-11,110.0,110.0199966430664,110.0,110.0199966430664,95.51171875,2882800,0.0,0.0,0.0
2023-01-12,110.06999969482422,110.08000183105469,110.06999969482422,110.08000183105469,95.56383514404297,2648900,0.0,0.0,0.0
2023-01-13,110.08999633789062,110.08999633789062,110.08000183105469,110.08000183105469,95.56383514404297,1533700,0.0,0.0,0.0
2023-01-17,110.08999633789062,110.11000061035156,110.08999633789062,110.11000061035156,95.58987426757812,3249400,0.0,0.0,0.0
2023-01-18,110.11000061035156,110.12999725341797,110.11000061035156,110.12000274658203,95.59855651855469,1580300,0.0,0.0,0.0
2023-01-19,110.16000366210938,110.16000366210938,110.1500015258789,110.1500015258789,95.62461853027344,1771700,0.0,0.0,0.0
2023-01-20,110.1500015258789,110.16999816894531,110.1500015258789,110.16999816894531,95.6419448852539,2654600,0.0,0.0,0.0
2023-01-23,110.16999816894531,110.18000030517578,110.16000366210938,110.16999816894531,95.6419448852539,3023000,0.0,0.0,0.0
2023-01-24,110.19000244140625,110.19000244140625,110.18000030517578,110.18000030517578,95.65064239501953,1497000,0.0,0.0,0.0
2023-01-25,110.19999694824219,110.22000122070312,110.19999694824219,110.22000122070312,95.68536376953125,2348300,0.0,0.0,0.0
2023-01-26,110.25,110.25,110.23999786376953,110.25,95.71141052246094,2604100,0.0,0.0,0.0
2023-01-27,110.26000213623047,110.26000213623047,110.25,110.26000213623047,95.72007751464844,2689600,0.0,0.0,0.0
2023-01-30,110.2699966430664,110.2699966430664,110.26000213623047,110.2699966430664,95.72877502441406,1537200,0.0,0.0,0.0
2023-01-31,110.27999877929688,110.29000091552734,110.27999877929688,110.27999877929688,95.73748016357422,2320300,0.0,0.0,0.0
2023-02-01,109.94000244140625,109.94999694824219,109.91999816894531,109.94000244140625,95.76358795166016,3818200,0.37,0.0,0.0
2023-02-02,109.9800033569336,109.98999786376953,109.97000122070312,109.9800033569336,95.79844665527344,4260700,0.0,0.0,0.0
2023-02-03,109.9800033569336,109.9800033569336,109.95999908447266,109.95999908447266,95.781005859375,3699000,0.0,0.0,0.0
2023-02-06,109.95999908447266,109.9800033569336,109.95999908447266,109.95999908447266,95.781005859375,1435600,0.0,0.0,0.0
2023-02-07,109.9800033569336,109.98999786376953,109.97000122070312,109.97000122070312,95.78972625732422,4316700,0.0,0.0,0.0
2023-02-08,110.0,110.0,109.98999786376953,109.98999786376953,95.80713653564453,1427500,0.0,0.0,0.0
2023-02-09,110.02999877929688,110.04000091552734,110.0199966430664,110.02999877929688,95.84197235107422,2605400,0.0,0.0,0.0
2023-02-10,110.04000091552734,110.05000305175781,110.02999877929688,110.02999877929688,95.84197235107422,3599200,0.0,0.0,0.0
2023-02-13,110.05000305175781,110.05999755859375,110.04000091552734,110.05999755859375,95.86812591552734,4937000,0.0,0.0,0.0
2023-02-14,110.05000305175781,110.05999755859375,110.04000091552734,110.05999755859375,95.86812591552734,8360500,0.0,0.0,0.0
2023-02-15,110.05000305175781,110.06999969482422,110.05000305175781,110.06999969482422,95.87683868408203,5306700,0.0,0.0,0.0
2023-02-16,110.12000274658203,110.12999725341797,110.11000061035156,110.12000274658203,95.92037200927734,8161600,0.0,0.0,0.0
2023-02-17,110.12999725341797,110.12999725341797,110.11000061035156,110.12999725341797,95.9290771484375,3311200,0.0,0.0,0.0
2023-02-21,110.12999725341797,110.13999938964844,110.12000274658203,110.12999725341797,95.9290771484375,15878000,0.0,0.0,0.0
2023-02-22,110.1500015258789,110.16000366210938,110.13999938964844,110.16000366210938,95.9552001953125,12698600,0.0,0.0,0.0
2023-02-23,110.18000030517578,110.19999694824219,110.18000030517578,110.19999694824219,95.99008178710938,3282300,0.0,0.0,0.0
2023-02-24,110.19999694824219,110.20999908447266,110.19000244140625,110.20999908447266,95.99877166748047,3538200,0.0,0.0,0.0
2023-02-27,110.22000122070312,110.2300033569336,110.20999908447266,110.2300033569336,96.01620483398438,4188100,0.0,0.0,0.0
2023-02-28,110.23999786376953,110.23999786376953,110.2300033569336,110.2300033569336,96.01620483398438,2279700,0.0,0.0,0.0
2023-03-01,109.97000122070312,109.97000122070312,109.94999694824219,109.95999908447266,96.03366088867188,4235800,0.29,0.0,0.0
2023-03-02,110.0,110.01000213623047,109.9800033569336,110.01000213623047,96.07733917236328,3645100,0.0,0.0,0.0
2023-03-03,110.0199966430664,110.0199966430664,110.0,110.0199966430664,96.08605194091797,2279200,0.0,0.0,0.0
2023-03-06,110.02999877929688,110.02999877929688,110.0199966430664,110.02999877929688,96.09479522705078,1892200,0.0,0.0,0.0
2023-03-07,110.02999877929688,110.05000305175781,110.0,110.01000213623047,96.07733917236328,3041100,0.0,0.0,0.0
2023-03-08,110.02999877929688,110.02999877929688,110.01000213623047,110.0199966430664,96.08605194091797,2498100,0.0,0.0,0.0
2023-03-09,110.05999755859375,110.08000183105469,110.05000305175781,110.08000183105469,96.13845825195312,2563000,0.0,0.0,0.0
2023-03-10,110.0999984741211,110.12999725341797,110.0999984741211,110.12999725341797,96.18213653564453,3788700,0.0,0.0,0.0
2023-03-13,110.23999786376953,110.2699966430664,110.20999908447266,110.26000213623047,96.2956771850586,6610900,0.0,0.0,0.0
2023-03-14,110.20999908447266,110.22000122070312,110.19000244140625,110.19999694824219,96.24327850341797,22109100,0.0,0.0,0.0
2023-03-15,110.31999969482422,110.33000183105469,110.29000091552734,110.30999755859375,96.33934783935547,5189900,0.0,0.0,0.0
2023-03-16,110.3499984741211,110.3499984741211,110.29000091552734,110.30000305175781,96.33059692382812,4020900,0.0,0.0,0.0
2023-03-17,110.30999755859375,110.37999725341797,110.30999755859375,110.37999725341797,96.40047454833984,2506000,0.0,0.0,0.0
2023-03-20,110.37000274658203,110.37999725341797,110.33999633789062,110.36000061035156,96.38302612304688,3548000,0.0,0.0,0.0
2023-03-21,110.33999633789062,110.33999633789062,110.31999969482422,110.33000183105469,96.3568115234375,3497500,0.0,0.0,0.0
2023-03-22,110.33999633789062,110.37000274658203,110.33000183105469,110.37000274658203,96.3917465209961,1808600,0.0,0.0,0.0
2023-03-23,110.41000366210938,110.44000244140625,110.4000015258789,110.44000244140625,96.45288848876953,2282000,0.0,0.0,0.0
2023-03-24,110.4800033569336,110.48999786376953,110.44999694824219,110.44999694824219,96.46162414550781,3134300,0.0,0.0,0.0
2023-03-27,110.44999694824219,110.44999694824219,110.44000244140625,110.44999694824219,96.46162414550781,3964900,0.0,0.0,0.0
2023-03-28,110.45999908447266,110.47000122070312,110.44999694824219,110.45999908447266,96.4703598022461,4817700,0.0,0.0,0.0
2023-03-29,110.47000122070312,110.47000122070312,110.44999694824219,110.47000122070312,96.47908782958984,1990600,0.0,0.0,0.0
2023-03-30,110.48999786376953,110.5,110.4800033569336,110.48999786376953,96.49653625488281,2791500,0.0,0.0,0.0
2023-03-31,110.48999786376953,110.5,110.4800033569336,110.5,96.50528717041016,2600800,0.0,0.0,0.0
2023-04-03,110.11000061035156,110.12000274658203,110.08999633789062,110.0999984741211,96.49739074707031,4125500,0.391,0.0,0.0
2023-04-04,110.12000274658203,110.16999816894531,110.12000274658203,110.13999938964844,96.5324478149414,2714200,0.0,0.0,0.0
2023-04-05,110.20999908447266,110.22000122070312,110.19999694824219,110.19999694824219,96.58505249023438,4244900,0.0,0.0,0.0
2023-04-06,110.22000122070312,110.2300033569336,110.19999694824219,110.19999694824219,96.58505249023438,2210200,0.0,0.0,0.0
2023-04-10,110.19999694824219,110.19999694824219,110.18000030517578,110.19000244140625,96.57628631591797,3327100,0.0,0.0,0.0
2023-04-11,110.20999908447266,110.20999908447266,110.19999694824219,110.20999908447266,96.59378814697266,2700600,0.0,0.0,0.0
2023-04-12,110.23999786376953,110.23999786376953,110.22000122070312,110.22000122070312,96.60258483886719,1886100,0.0,0.0,0.0
2023-04-13,110.27999877929688,110.29000091552734,110.2699966430664,110.27999877929688,96.65515899658203,2297000,0.0,0.0,0.0
2023-04-14,110.27999877929688,110.27999877929688,110.26000213623047,110.26000213623047,96.63763427734375,1464500,0.0,0.0,0.0
2023-04-17,110.2699966430664,110.2699966430664,110.26000213623047,110.2699966430664,96.64637756347656,1945200,0.0,0.0,0.0
2023-04-18,110.27999877929688,110.30000305175781,110.2699966430664,110.29000091552734,96.66392517089844,1819600,0.0,0.0,0.0
2023-04-19,110.29000091552734,110.30000305175781,110.27999877929688,110.30000305175781,96.67269897460938,1611900,0.0,0.0,0.0
2023-04-20,110.33999633789062,110.36000061035156,110.33999633789062,110.36000061035156,96.72527313232422,1302900,0.0,0.0,0.0
2023-04-21,110.37000274658203,110.37999725341797,110.36000061035156,110.37000274658203,96.73403930664062,1729200,0.0,0.0,0.0
2023-04-24,110.37999725341797,110.38999938964844,110.37000274658203,110.37999725341797,96.7428207397461,2170800,0.0,0.0,0.0
2023-04-25,110.4000015258789,110.41000366210938,110.38999938964844,110.41000366210938,96.76910400390625,1895200,0.0,0.0,0.0
2023-04-26,110.41999816894531,110.41999816894531,110.4000015258789,110.41999816894531,96.77787017822266,1949000,0.0,0.0,0.0
2023-04-27,110.44000244140625,110.44000244140625,110.43000030517578,110.44000244140625,96.7953872680664,2171600,0.0,0.0,0.0
2023-04-28,110.44000244140625,110.44999694824219,110.43000030517578,110.44999694824219,96.80414581298828,2053700,0.0,0.0,0.0
2023-05-01,110.06999969482422,110.06999969482422,110.04000091552734,110.04000091552734,96.79359436035156,2047300,0.398,0.0,0.0
2023-05-02,110.05999755859375,110.08000183105469,110.05000305175781,110.06999969482422,96.81997680664062,1921300,0.0,0.0,0.0
2023-05-03,110.0999984741211,110.0999984741211,110.08000183105469,110.08999633789062,96.83757019042969,2262400,0.0,0.0,0.0
2023-05-04,110.12999725341797,110.16000366210938,110.12999725341797,110.1500015258789,96.8903579711914,3223000,0.0,0.0,0.0
2023-05-05,110.13999938964844,110.1500015258789,110.12999725341797,110.13999938964844,96.88155364990234,2294100,0.0,0.0,0.0
2023-05-08,110.13999938964844,110.16000366210938,110.13999938964844,110.1500015258789,96.8903579711914,1908500,0.0,0.0,0.0
2023-05-09,110.16999816894531,110.16999816894531,110.1500015258789,110.1500015258789,96.8903579711914,1490700,0.0,0.0,0.0
2023-05-10,110.18000030517578,110.19000244140625,110.16999816894531,110.19000244140625,96.92552947998047,1791900,0.0,0.0,0.0
2023-05-11,110.23999786376953,110.25,110.2300033569336,110.2300033569336,96.9607162475586,17218700,0.0,0.0,0.0
2023-05-12,110.25,110.25,110.2300033569336,110.2300033569336,96.9607162475586,14740600,0.0,0.0,0.0
2023-05-15,110.23999786376953,110.26000213623047,110.23999786376953,110.23999786376953,96.96952056884766,3072800,0.0,0.0,0.0
2023-05-16,110.25,110.26000213623047,110.23999786376953,110.23999786376953,96.96952056884766,3750900,0.0,0.0,0.0
2023-05-17,110.26000213623047,110.2699966430664,110.25,110.26000213623047,96.98712921142578,2634100,0.0,0.0,0.0
2023-05-18,110.29000091552734,110.30000305175781,110.27999877929688,110.29000091552734,97.01351165771484,1689800,0.0,0.0,0.0
2023-05-19,110.29000091552734,110.30000305175781,110.27999877929688,110.29000091552734,97.01351165771484,2013400,0.0,0.0,0.0
2023-05-22,110.30000305175781,110.30000305175781,110.27999877929688,110.29000091552734,97.01351165771484,1988600,0.0,0.0,0.0
2023-05-23,110.29000091552734,110.31999969482422,110.29000091552734,110.30999755859375,97.03107452392578,5272200,0.0,0.0,0.0
2023-05-24,110.31999969482422,110.33000183105469,110.30999755859375,110.30999755859375,97.03107452392578,2867900,0.0,0.0,0.0
2023-05-25,110.37000274658203,110.37999725341797,110.36000061035156,110.36000061035156,97.0750732421875,2135900,0.0,0.0,0.0
2023-05-26,110.37999725341797,110.38999938964844,110.37999725341797,110.37999725341797,97.09265899658203,1506700,0.0,0.0,0.0
2023-05-30,110.41000366210938,110.41000366210938,110.37999725341797,110.38999938964844,97.1014404296875,2987300,0.0,0.0,0.0
2023-05-31,110.41000366210938,110.43000030517578,110.41000366210938,110.41000366210938,97.11905670166016,2382000,0.0,0.0,0.0
2023-06-01,110.0,110.0,109.9800033569336,110.0,97.18267822265625,3695100,0.482,0.0,0.0
2023-06-02,109.98999786376953,110.01000213623047,109.9800033569336,110.01000213623047,97.19152069091797,3734400,0.0,0.0,0.0
2023-06-05,110.01000213623047,110.0199966430664,110.0,110.01000213623047,97.19152069091797,2258200,0.0,0.0,0.0
2023-06-06,110.04000091552734,110.05000305175781,110.02999877929688,110.02999877929688,97.20918273925781,2077100,0.0,0.0,0.0
2023-06-07,110.06999969482422,110.06999969482422,110.05000305175781,110.05000305175781,97.22682189941406,1587700,0.0,0.0,0.0
2023-06-08,110.11000061035156,110.12000274658203,110.0999984741211,110.12000274658203,97.28868103027344,2594000,0.0,0.0,0.0
2023-06-09,110.12000274658203,110.12999725341797,110.11000061035156,110.12000274658203,97.28868103027344,3590300,0.0,0.0,0.0
2023-06-12,110.12999725341797,110.13999938964844,110.12000274658203,110.13999938964844,97.30635070800781,2289000,0.0,0.0,0.0
2023-06-13,110.1500015258789,110.16999816894531,110.13999938964844,110.16000366210938,97.32403564453125,2552400,0.0,0.0,0.0
2023-06-14,110.18000030517578,110.18000030517578,110.16999816894531,110.16999816894531,97.3328628540039,1831700,0.0,0.0,0.0
2023-06-15,110.23999786376953,110.25,110.2300033569336,110.25,97.4035415649414,3645600,0.0,0.0,0.0
2023-06-16,110.26000213623047,110.26000213623047,110.25,110.26000213623047,97.41238403320312,3496200,0.0,0.0,0.0
2023-06-20,110.27999877929688,110.27999877929688,110.26000213623047,110.26000213623047,97.41238403320312,2003600,0.0,0.0,0.0
2023-06-21,110.2699966430664,110.27999877929688,110.2699966430664,110.2699966430664,97.42119598388672,2147100,0.0,0.0,0.0
2023-06-22,110.31999969482422,110.31999969482422,110.30999755859375,110.30999755859375,97.45652770996094,2202400,0.0,0.0,0.0
2023-06-23,110.31999969482422,110.33999633789062,110.31999969482422,110.31999969482422,97.46538543701172,2326300,0.0,0.0,0.0
2023-06-26,110.33999633789062,110.3499984741211,110.33999633789062,110.33999633789062,97.4830551147461,2518900,0.0,0.0,0.0
2023-06-27,110.3499984741211,110.36000061035156,110.3499984741211,110.36000061035156,97.50071716308594,2218500,0.0,0.0,0.0
2023-06-28,110.36000061035156,110.37999725341797,110.36000061035156,110.37000274658203,97.50955963134766,4559800,0.0,0.0,0.0
2023-06-29,110.4000015258789,110.41000366210938,110.38999938964844,110.38999938964844,97.52720642089844,2981600,0.0,0.0,0.0
2023-06-30,110.43000030517578,110.44999694824219,110.43000030517578,110.44999694824219,97.58023834228516,4593300,0.0,0.0,0.0
2023-07-03,110.01000213623047,110.0199966430664,110.01000213623047,110.01000213623047,97.5731430053711,3995900,0.432,0.0,0.0
2023-07-05,110.02999877929688,110.04000091552734,110.02999877929688,110.02999877929688,97.59086608886719,4003500,0.0,0.0,0.0
2023-07-06,110.06999969482422,110.08999633789062,110.06999969482422,110.08999633789062,97.6440658569336,2023100,0.0,0.0,0.0
2023-07-07,110.11000061035156,110.11000061035156,110.08999633789062,110.08999633789062,97.6440658569336,2538100,0.0,0.0,0.0
2023-07-10,110.11000061035156,110.12000274658203,110.0999984741211,110.11000061035156,97.66181945800781,4577000,0.0,0.0,0.0
2023-07-11,110.12000274658203,110.12999725341797,110.11000061035156,110.11000061035156,97.66181945800781,2289500,0.0,0.0,0.0
2023-07-12,110.1500015258789,110.1500015258789,110.13999938964844,110.13999938964844,97.68842315673828,3731400,0.0,0.0,0.0
2023-07-13,110.19999694824219,110.20999908447266,110.19000244140625,110.19999694824219,97.74165344238281,2262000,0.0,0.0,0.0
2023-07-14,110.20999908447266,110.22000122070312,110.19999694824219,110.20999908447266,97.75051879882812,5843900,0.0,0.0,0.0
2023-07-17,110.2300033569336,110.2300033569336,110.22000122070312,110.22000122070312,97.75940704345703,2055100,0.0,0.0,0.0
2023-07-18,110.23999786376953,110.25,110.2300033569336,110.2300033569336,97.76827239990234,4509700,0.0,0.0,0.0
2023-07-19,110.26000213623047,110.26000213623047,110.25,110.25,97.78600311279297,2542500,0.0,0.0,0.0
2023-07-20,110.29000091552734,110.30000305175781,110.29000091552734,110.30000305175781,97.83036041259766,1943200,0.0,0.0,0.0
2023-07-21,110.30999755859375,110.31999969482422,110.30999755859375,110.30999755859375,97.83921813964844,1899000,0.0,0.0,0.0
2023-07-24,110.33000183105469,110.33000183105469,110.31999969482422,110.31999969482422,97.84809112548828,2149200,0.0,0.0,0.0
2023-07-25,110.33999633789062,110.33999633789062,110.33000183105469,110.33000183105469,97.85696411132812,1580300,0.0,0.0,0.0
2023-07-26,110.3499984741211,110.36000061035156,110.33999633789062,110.3499984741211,97.87469482421875,1419400,0.0,0.0,0.0
2023-07-27,110.41000366210938,110.41000366210938,110.38999938964844,110.38999938964844,97.91015625,2167500,0.0,0.0,0.0
2023-07-28,110.41999816894531,110.41999816894531,110.41000366210938,110.41999816894531,97.93677520751953,1572900,0.0,0.0,0.0
2023-07-31,110.43000030517578,110.44000244140625,110.43000030517578,110.44000244140625,97.95452117919922,2373400,0.0,0.0,0.0
2023-08-01,109.98999786376953,109.98999786376953,109.9800033569336,109.98999786376953,97.9696273803711,3038700,0.467,0.0,0.0
2023-08-02,110.0,110.01000213623047,109.98999786376953,110.01000213623047,97.98749542236328,2793000,0.0,0.0,0.0
2023-08-03,110.05000305175781,110.05999755859375,110.04000091552734,110.05000305175781,98.02308654785156,2999700,0.0,0.0,0.0
2023-08-04,110.08000183105469,110.08000183105469,110.06999969482422,110.08000183105469,98.0498275756836,2448100,0.0,0.0,0.0
2023-08-07,110.08999633789062,110.08999633789062,110.08000183105469,110.08000183105469,98.0498275756836,1724600,0.0,0.0,0.0
2023-08-08,110.11000061035156,110.11000061035156,110.08999633789062,110.0999984741211,98.06764221191406,1641400,0.0,0.0,0.0
2023-08-09,110.12999725341797,110.12999725341797,110.11000061035156,110.11000061035156,98.0765380859375,2524700,0.0,0.0,0.0
2023-08-10,110.16999816894531,110.16999816894531,110.16000366210938,110.16000366210938,98.12110137939453,1625600,0.0,0.0,0.0
2023-08-11,110.18000030517578,110.18000030517578,110.16999816894531,110.18000030517578,98.1388931274414,1362800,0.0,0.0,0.0
2023-08-14,110.19000244140625,110.19999694824219,110.19000244140625,110.19999694824219,98.1567153930664,1544100,0.0,0.0,0.0
2023-08-15,110.22000122070312,110.22000122070312,110.19999694824219,110.22000122070312,98.17453002929688,1889300,0.0,0.0,0.0
2023-08-16,110.22000122070312,110.2300033569336,110.22000122070312,110.2300033569336,98.18344116210938,2351500,0.0,0.0,0.0
2023-08-17,110.27999877929688,110.27999877929688,110.2699966430664,110.27999877929688,98.22798919677734,2526700,0.0,0.0,0.0
2023-08-18,110.30000305175781,110.30000305175781,110.27999877929688,110.29000091552734,98.23689270019531,1919500,0.0,0.0,0.0
2023-08-21,110.30999755859375,110.30999755859375,110.30000305175781,110.30000305175781,98.24580383300781,2102900,0.0,0.0,0.0
2023-08-22,110.31999969482422,110.31999969482422,110.30999755859375,110.31999969482422,98.26358795166016,1373000,0.0,0.0,0.0
2023-08-23,110.33000183105469,110.33999633789062,110.33000183105469,110.33999633789062,98.28143310546875,3148900,0.0,0.0,0.0
2023-08-24,110.37000274658203,110.38999938964844,110.37000274658203,110.38999938964844,98.32594299316406,1804700,0.0,0.0,0.0
2023-08-25,110.4000015258789,110.4000015258789,110.37999725341797,110.38999938964844,98.32594299316406,1789200,0.0,0.0,0.0
2023-08-28,110.4000015258789,110.41000366210938,110.4000015258789,110.4000015258789,98.33486938476562,1200700,0.0,0.0,0.0
2023-08-29,110.41999816894531,110.43000030517578,110.41000366210938,110.43000030517578,98.36157989501953,2058300,0.0,0.0,0.0
2023-08-30,110.44000244140625,110.44999694824219,110.43000030517578,110.44000244140625,98.37047576904297,1821500,0.0,0.0,0.0
2023-08-31,110.48999786376953,110.51000213623047,110.48999786376953,110.5,98.4239273071289,2688100,0.0,0.0,0.0
2023-09-01,110.06999969482422,110.06999969482422,110.05999755859375,110.06999969482422,98.4516372680664,4626000,0.461,0.0,0.0
2023-09-05,110.08999633789062,110.08999633789062,110.06999969482422,110.06999969482422,98.4516372680664,2863100,0.0,0.0,0.0
2023-09-06,110.0999984741211,110.0999984741211,110.08999633789062,110.08999633789062,98.46954345703125,2136900,0.0,0.0,0.0
2023-09-07,110.13999938964844,110.1500015258789,110.12999725341797,110.1500015258789,98.52322387695312,2119400,0.0,0.0,0.0
2023-09-08,110.16000366210938,110.16999816894531,110.1500015258789,110.16000366210938,98.53216552734375,3441500,0.0,0.0,0.0
2023-09-11,110.18000030517578,110.19000244140625,110.16999816894531,110.18000030517578,98.55003356933594,3088500,0.0,0.0,0.0
2023-09-12,110.19000244140625,110.19999694824219,110.18000030517578,110.19000244140625,98.55899047851562,2338300,0.0,0.0,0.0
2023-09-13,110.20999908447266,110.20999908447266,110.19999694824219,110.20999908447266,98.57686614990234,1776400,0.0,0.0,0.0
2023-09-14,110.25,110.26000213623047,110.25,110.26000213623047,98.6216049194336,2391700,0.0,0.0,0.0
2023-09-15,110.27999877929688,110.27999877929688,110.26000213623047,110.2699966430664,98.63053131103516,2482800,0.0,0.0,0.0
2023-09-18,110.29000091552734,110.29000091552734,110.27999877929688,110.29000091552734,98.64845275878906,2617600,0.0,0.0,0.0
2023-09-19,110.30999755859375,110.30999755859375,110.29000091552734,110.29000091552734,98.64845275878906,1920100,0.0,0.0,0.0
2023-09-20,110.31999969482422,110.31999969482422,110.30000305175781,110.30999755859375,98.66631317138672,1742000,0.0,0.0,0.0
2023-09-21,110.3499984741211,110.37000274658203,110.3499984741211,110.36000061035156,98.7110595703125,2436500,0.0,0.0,0.0
2023-09-22,110.37000274658203,110.37999725341797,110.37000274658203,110.37999725341797,98.72895050048828,1631300,0.0,0.0,0.0
2023-09-25,110.38999938964844,110.4000015258789,110.38999938964844,110.38999938964844,98.73787689208984,2278900,0.0,0.0,0.0
2023-09-26,110.41000366210938,110.41000366210938,110.4000015258789,110.4000015258789,98.74683380126953,2637200,0.0,0.0,0.0
2023-09-27,110.41999816894531,110.43000030517578,110.41000366210938,110.41999816894531,98.76471710205078,2963100,0.0,0.0,0.0
2023-09-28,110.45999908447266,110.47000122070312,110.45999908447266,110.47000122070312,98.80944061279297,2534400,0.0,0.0,0.0
2023-09-29,110.4800033569336,110.48999786376953,110.47000122070312,110.47000122070312,98.80944061279297,5282800,0.0,0.0,0.0
2023-10-02,110.04000091552734,110.04000091552734,110.02999877929688,110.02999877929688,98.83189392089844,3776800,0.465,0.0,0.0
2023-10-03,110.05999755859375,110.05999755859375,110.04000091552734,110.04000091552734,98.84086608886719,5402100,0.0,0.0,0.0
2023-10-04,110.05999755859375,110.08000183105469,110.05999755859375,110.08000183105469,98.8768081665039,16858300,0.0,0.0,0.0
2023-10-05,110.12999725341797,110.1500015258789,110.12999725341797,110.13999938964844,98.93070983886719,3781200,0.0,0.0,0.0
2023-10-06,110.1500015258789,110.1500015258789,110.13999938964844,110.1500015258789,98.93968200683594,3300300,0.0,0.0,0.0
2023-10-09,110.1500015258789,110.16000366210938,110.1500015258789,110.16000366210938,98.94868469238281,2536000,0.0,0.0,0.0
2023-10-10,110.16999816894531,110.18000030517578,110.16999816894531,110.16999816894531,98.9576416015625,3038200,0.0,0.0,0.0
2023-10-11,110.19000244140625,110.19000244140625,110.18000030517578,110.18000030517578,98.96663665771484,3782200,0.0,0.0,0.0
2023-10-12,110.2300033569336,110.23999786376953,110.22000122070312,110.23999786376953,99.02050018310547,2267900,0.0,0.0,0.0
2023-10-13,110.26000213623047,110.26000213623047,110.25,110.26000213623047,99.03848266601562,2263200,0.0,0.0,0.0
2023-10-16,110.2699966430664,110.27999877929688,110.25,110.2699966430664,99.0474624633789,2419600,0.0,0.0,0.0
2023-10-17,110.2699966430664,110.27999877929688,110.2699966430664,110.27999877929688,99.05645751953125,2370000,0.0,0.0,0.0
2023-10-18,110.30000305175781,110.30000305175781,110.27999877929688,110.29000091552734,99.06542205810547,2193500,0.0,0.0,0.0
2023-10-19,110.33000183105469,110.3499984741211,110.33000183105469,110.33999633789062,99.1103286743164,2345100,0.0,0.0,0.0
2023-10-20,110.37000274658203,110.37000274658203,110.36000061035156,110.37000274658203,99.13729858398438,2840500,0.0,0.0,0.0
2023-10-23,110.37999725341797,110.38999938964844,110.37999725341797,110.38999938964844,99.1552505493164,2013900,0.0,0.0,0.0
2023-10-24,110.4000015258789,110.41000366210938,110.38999938964844,110.4000015258789,99.16424560546875,1658300,0.0,0.0,0.0
2023-10-25,110.41000366210938,110.41999816894531,110.4000015258789,110.4000015258789,99.16424560546875,1848500,0.0,0.0,0.0
2023-10-26,110.44999694824219,110.47000122070312,110.44999694824219,110.47000122070312,99.22711181640625,1647800,0.0,0.0,0.0
2023-10-27,110.4800033569336,110.48999786376953,110.4800033569336,110.48999786376953,99.24507141113281,2058500,0.0,0.0,0.0
2023-10-30,110.48999786376953,110.5,110.48999786376953,110.5,99.25408172607422,3156500,0.0,0.0,0.0
2023-10-31,110.5,110.51000213623047,110.5,110.5,99.25408172607422,3445500,0.0,0.0,0.0
2023-11-01,110.05999755859375,110.06999969482422,110.05000305175781,110.06999969482422,99.288330078125,3890900,0.468,0.0,0.0
2023-11-02,110.12000274658203,110.12000274658203,110.11000061035156,110.12000274658203,99.33341979980469,2476700,0.0,0.0,0.0
2023-11-03,110.13999938964844,110.1500015258789,110.12999725341797,110.1500015258789,99.36050415039062,4370100,0.0,0.0,0.0
2023-11-06,110.1500015258789,110.16999816894531,110.13999938964844,110.13999938964844,99.35148620605469,16525200,0.0,0.0,0.0
2023-11-07,110.16999816894531,110.18000030517578,110.16000366210938,110.16999816894531,99.37855529785156,3892100,0.0,0.0,0.0
2023-11-08,110.19000244140625,110.19000244140625,110.18000030517578,110.18000030517578,99.3875503540039,2275700,0.0,0.0,0.0
2023-11-09,110.2300033569336,110.23999786376953,110.22000122070312,110.22000122070312,99.42365264892578,2394300,0.0,0.0,0.0
2023-11-10,110.23999786376953,110.25,110.23999786376953,110.25,99.45069122314453,2431100,0.0,0.0,0.0
2023-11-13,110.26000213623047,110.26000213623047,110.25,110.26000213623047,99.45972442626953,3531500,0.0,0.0,0.0
2023-11-14,110.27999877929688,110.30000305175781,110.27999877929688,110.30000305175781,99.4958267211914,3791000,0.0,0.0,0.0
2023-11-15,110.30000305175781,110.31999969482422,110.30000305175781,110.30999755859375,99.50482177734375,3029000,0.0,0.0,0.0
2023-11-16,110.36000061035156,110.37000274658203,110.3499984741211,110.37000274658203,99.55895233154297,3288800,0.0,0.0,0.0
2023-11-17,110.37999725341797,110.38999938964844,110.37000274658203,110.37999725341797,99.56796264648438,2997500,0.0,0.0,0.0
2023-11-20,110.38999938964844,110.4000015258789,110.37999725341797,110.38999938964844,99.57698059082031,3046900,0.0,0.0,0.0
2023-11-21,110.41999816894531,110.43000030517578,110.41000366210938,110.43000030517578,99.61307525634766,2160100,0.0,0.0,0.0
2023-11-22,110.47000122070312,110.47000122070312,110.45999908447266,110.47000122070312,99.64915466308594,1466100,0.0,0.0,0.0
2023-11-24,110.4800033569336,110.48999786376953,110.47000122070312,110.4800033569336,99.65819549560547,1088500,0.0,0.0,0.0
2023-11-27,110.5,110.51000213623047,110.48999786376953,110.5,99.67620849609375,2078900,0.0,0.0,0.0
2023-11-28,110.51000213623047,110.52999877929688,110.51000213623047,110.52999877929688,99.70325469970703,2128100,0.0,0.0,0.0
2023-11-29,110.54000091552734,110.55000305175781,110.54000091552734,110.55000305175781,99.72132873535156,2579400,0.0,0.0,0.0
2023-11-30,110.58999633789062,110.5999984741211,110.58000183105469,110.58999633789062,99.75740051269531,4696300,0.0,0.0,0.0
2023-12-01,110.12000274658203,110.13999938964844,110.12000274658203,110.13999938964844,99.78912353515625,3957200,0.485,0.0,0.0
2023-12-04,110.16000366210938,110.16000366210938,110.13999938964844,110.1500015258789,99.79816436767578,3353800,0.0,0.0,0.0
2023-12-05,110.16999816894531,110.16999816894531,110.16000366210938,110.16999816894531,99.8163070678711,2561300,0.0,0.0,0.0
2023-12-06,110.19000244140625,110.19000244140625,110.18000030517578,110.19000244140625,99.83443450927734,2971500,0.0,0.0,0.0
2023-12-07,110.2300033569336,110.23999786376953,110.2300033569336,110.23999786376953,99.87971496582031,1660500,0.0,0.0,0.0
2023-12-08,110.25,110.25,110.23999786376953,110.23999786376953,99.87971496582031,1789600,0.0,0.0,0.0
2023-12-11,110.26000213623047,110.26000213623047,110.23999786376953,110.23999786376953,99.87971496582031,2079700,0.0,0.0,0.0
2023-12-12,110.26000213623047,110.2699966430664,110.26000213623047,110.2699966430664,99.9068832397461,1542100,0.0,0.0,0.0
2023-12-13,110.27999877929688,110.30999755859375,110.27999877929688,110.30999755859375,99.94313049316406,2361500,0.0,0.0,0.0
2023-12-14,109.86000061035156,109.87000274658203,109.8499984741211,109.86000061035156,99.99227905273438,3413500,0.504,0.0,0.0
2023-12-15,109.86000061035156,109.87000274658203,109.86000061035156,109.87000274658203,100.00138854980469,2705300,0.0,0.0,0.0
2023-12-18,109.87999725341797,109.88999938964844,109.87000274658203,109.88999938964844,100.01959228515625,2280800,0.0,0.0,0.0
2023-12-19,109.88999938964844,109.9000015258789,109.88999938964844,109.88999938964844,100.01959228515625,7442000,0.0,0.0,0.0
2023-12-20,109.91999816894531,109.93000030517578,109.91000366210938,109.91999816894531,100.04689025878906,3083400,0.0,0.0,0.0
2023-12-21,109.9800033569336,109.98999786376953,109.9800033569336,109.98999786376953,100.11061096191406,2516100,0.0,0.0,0.0
2023-12-22,110.0,110.01000213623047,110.0,110.01000213623047,100.12879943847656,2083600,0.0,0.0,0.0
2023-12-26,110.01000213623047,110.02999877929688,110.01000213623047,110.02999877929688,100.14700317382812,1930800,0.0,0.0,0.0
2023-12-27,110.02999877929688,110.05000305175781,110.02999877929688,110.02999877929688,100.14700317382812,1892100,0.0,0.0,0.0
2023-12-28,110.08999633789062,110.0999984741211,110.08999633789062,110.0999984741211,100.2107162475586,1714600,0.0,0.0,0.0
2023-12-29,110.11000061035156,110.12999725341797,110.0999984741211,110.12999725341797,100.23804473876953,1851600,0.0,0.0,0.0
2024-01-02,110.12999725341797,110.12999725341797,110.12000274658203,110.12000274658203,100.22892761230469,2636900,0.0,0.0,0.0
2024-01-03,110.13999938964844,110.13999938964844,110.12999725341797,110.12999725341797,100.23804473876953,2320600,0.0,0.0,0.0
2024-01-04,110.18000030517578,110.19000244140625,110.18000030517578,110.18000030517578,100.28353118896484,1616100,0.0,0.0,0.0
2024-01-05,110.19000244140625,110.20999908447266,110.18000030517578,110.19000244140625,100.29265594482422,2078100,0.0,0.0,0.0
2024-01-08,110.20999908447266,110.22000122070312,110.20999908447266,110.20999908447266,100.31085205078125,2264900,0.0,0.0,0.0
2024-01-09,110.2300033569336,110.23999786376953,110.22000122070312,110.22000122070312,100.31996154785156,1625000,0.0,0.0,0.0
2024-01-10,110.23999786376953,110.25,110.23999786376953,110.23999786376953,100.3381576538086,1740400,0.0,0.0,0.0
2024-01-11,110.30999755859375,110.30999755859375,110.30000305175781,110.30999755859375,100.40185546875,1688000,0.0,0.0,0.0
2024-01-12,110.33999633789062,110.33999633789062,110.33000183105469,110.33999633789062,100.42916107177734,1531100,0.0,0.0,0.0
2024-01-16,110.3499984741211,110.36000061035156,110.33999633789062,110.33999633789062,100.42916107177734,2360600,0.0,0.0,0.0
2024-01-17,110.3499984741211,110.36000061035156,110.3499984741211,110.36000061035156,100.4473876953125,2662400,0.0,0.0,0.0
2024-01-18,110.38999938964844,110.41000366210938,110.38999938964844,110.38999938964844,100.47467803955078,2113500,0.0,0.0,0.0
2024-01-19,110.41999816894531,110.41999816894531,110.4000015258789,110.41999816894531,100.50196075439453,3890000,0.0,0.0,0.0
2024-01-22,110.44000244140625,110.44000244140625,110.41999816894531,110.44000244140625,100.52020263671875,3950600,0.0,0.0,0.0
2024-01-23,110.44000244140625,110.44999694824219,110.44000244140625,110.44000244140625,100.52020263671875,2189700,0.0,0.0,0.0
2024-01-24,110.45999908447266,110.47000122070312,110.44999694824219,110.44999694824219,100.52928161621094,2404000,0.0,0.0,0.0
2024-01-25,110.5,110.51000213623047,110.5,110.51000213623047,100.58392333984375,2982500,0.0,0.0,0.0
2024-01-26,110.5199966430664,110.52999877929688,110.5199966430664,110.5199966430664,100.593017578125,1729200,0.0,0.0,0.0
2024-01-29,110.52999877929688,110.54000091552734,110.52999877929688,110.52999877929688,100.60208129882812,1638100,0.0,0.0,0.0
2024-01-30,110.55999755859375,110.55999755859375,110.54000091552734,110.54000091552734,100.61121368408203,1803000,0.0,0.0,0.0
2024-01-31,110.56999969482422,110.58999633789062,110.56999969482422,110.56999969482422,100.63851928710938,3478000,0.0,0.0,0.0
2024-02-01,110.16999816894531,110.16999816894531,110.16000366210938,110.16999816894531,100.70524597167969,3815600,0.473,0.0,0.0
2024-02-02,110.1500015258789,110.16000366210938,110.13999938964844,110.13999938964844,100.67782592773438,2814700,0.0,0.0,0.0
2024-02-05,110.16000366210938,110.16000366210938,110.1500015258789,110.1500015258789,100.68695068359375,2435500,0.0,0.0,0.0
2024-02-06,110.16999816894531,110.19000244140625,110.16999816894531,110.18000030517578,100.71437072753906,2110800,0.0,0.0,0.0
2024-02-07,110.19999694824219,110.19999694824219,110.19000244140625,110.19999694824219,100.73265075683594,1388100,0.0,0.0,0.0
2024-02-08,110.23999786376953,110.25,110.2300033569336,110.25,100.77835845947266,1722500,0.0,0.0,0.0
2024-02-09,110.26000213623047,110.26000213623047,110.25,110.26000213623047,100.78751373291016,2605400,0.0,0.0,0.0
2024-02-12,110.2699966430664,110.27999877929688,110.26000213623047,110.2699966430664,100.79664611816406,1967400,0.0,0.0,0.0
2024-02-13,110.2699966430664,110.2699966430664,110.25,110.25,100.77835845947266,2706700,0.0,0.0,0.0
2024-02-14,110.27999877929688,110.29000091552734,110.2699966430664,110.29000091552734,100.8149185180664,1773600,0.0,0.0,0.0
2024-02-15,110.3499984741211,110.36000061035156,110.33999633789062,110.3499984741211,100.86979675292969,1816600,0.0,0.0,0.0
2024-02-16,110.33999633789062,110.3499984741211,110.33999633789062,110.3499984741211,100.86979675292969,1551300,0.0,0.0,0.0
2024-02-20,110.37000274658203,110.37999725341797,110.37000274658203,110.37000274658203,100.8880615234375,1756600,0.0,0.0,0.0
2024-02-21,110.37999725341797,110.38999938964844,110.37999725341797,110.37999725341797,100.89720916748047,1634000,0.0,0.0,0.0
2024-02-22,110.43000030517578,110.44000244140625,110.41999816894531,110.41999816894531,100.9337387084961,2546500,0.0,0.0,0.0
2024-02-23,110.44000244140625,110.44999694824219,110.43000030517578,110.44000244140625,100.95205688476562,3266400,0.0,0.0,0.0
2024-02-26,110.44999694824219,110.45999908447266,110.44000244140625,110.44000244140625,100.95205688476562,1684700,0.0,0.0,0.0
2024-02-27,110.45999908447266,110.47000122070312,110.45999908447266,110.45999908447266,100.97032928466797,1576600,0.0,0.0,0.0
2024-02-28,110.47000122070312,110.4800033569336,110.47000122070312,110.47000122070312,100.97946166992188,2040800,0.0,0.0,0.0
2024-02-29,110.5199966430664,110.52999877929688,110.5199966430664,110.52999877929688,101.03428649902344,3311000,0.0,0.0,0.0
2024-03-01,110.11000061035156,110.11000061035156,110.0999984741211,110.11000061035156,101.06000518798828,3757500,0.448,0.0,0.0
2024-03-04,110.12000274658203,110.12999725341797,110.11000061035156,110.12000274658203,101.06918334960938,2742300,0.0,0.0,0.0
2024-03-05,110.13999938964844,110.13999938964844,110.12999725341797,110.13999938964844,101.08755493164062,2585300,0.0,0.0,0.0
2024-03-06,110.16000366210938,110.16000366210938,110.1500015258789,110.16000366210938,101.10591125488281,1889800,0.0,0.0,0.0
2024-03-07,110.19999694824219,110.19999694824219,110.19000244140625,110.19999694824219,101.1426010131836,2023200,0.0,0.0,0.0
2024-03-08,110.2300033569336,110.2300033569336,110.20999908447266,110.20999908447266,101.15179443359375,2195000,0.0,0.0,0.0
2024-03-11,110.2300033569336,110.2300033569336,110.22000122070312,110.22000122070312,101.16098022460938,1731900,0.0,0.0,0.0
2024-03-12,110.23999786376953,110.23999786376953,110.2300033569336,110.23999786376953,101.17932891845703,1443800,0.0,0.0,0.0
2024-03-13,110.25,110.26000213623047,110.25,110.25,101.18849182128906,1552200,0.0,0.0,0.0
2024-03-14,110.30000305175781,110.30000305175781,110.29000091552734,110.30000305175781,101.23441314697266,2071800,0.0,0.0,0.0
2024-03-15,110.30999755859375,110.31999969482422,110.30000305175781,110.31999969482422,101.25274658203125,1723300,0.0,0.0,0.0
2024-03-18,110.31999969482422,110.33000183105469,110.31999969482422,110.33000183105469,101.26193237304688,2056900,0.0,0.0,0.0
2024-03-19,110.33000183105469,110.33999633789062,110.33000183105469,110.33999633789062,101.2710952758789,1860600,0.0,0.0,0.0
2024-03-20,110.3499984741211,110.37000274658203,110.3499984741211,110.37000274658203,101.29864501953125,2372200,0.0,0.0,0.0
2024-03-21,110.41000366210938,110.41999816894531,110.41000366210938,110.41000366210938,101.33535766601562,2078900,0.0,0.0,0.0
2024-03-22,110.43000030517578,110.44000244140625,110.43000030517578,110.44000244140625,101.36289978027344,1356600,0.0,0.0,0.0
2024-03-25,110.44999694824219,110.44999694824219,110.43000030517578,110.44000244140625,101.36289978027344,3515600,0.0,0.0,0.0
2024-03-26,110.45999908447266,110.45999908447266,110.44999694824219,110.45999908447266,101.38124084472656,1203000,0.0,0.0,0.0
2024-03-27,110.5199966430664,110.52999877929688,110.5199966430664,110.52999877929688,101.44546508789062,1826900,0.0,0.0,0.0
2024-03-28,110.52999877929688,110.54000091552734,110.52999877929688,110.54000091552734,101.45467376708984,2490800,0.0,0.0,0.0
2024-04-01,110.06999969482422,110.06999969482422,110.05999755859375,110.06999969482422,101.46570587158203,4439200,0.482,0.0,0.0
2024-04-02,110.08000183105469,110.08000183105469,110.06999969482422,110.08000183105469,101.47493743896484,5076300,0.0,0.0,0.0
2024-04-03,110.0999984741211,110.0999984741211,110.08999633789062,110.08999633789062,101.48414611816406,2873100,0.0,0.0,0.0
2024-04-04,110.13999938964844,110.16000366210938,110.12999725341797,110.16000366210938,101.54869842529297,2585600,0.0,0.0,0.0
2024-04-05,110.16999816894531,110.16999816894531,110.16000366210938,110.16999816894531,101.55792236328125,2037300,0.0,0.0,0.0
2024-04-08,110.18000030517578,110.18000030517578,110.16999816894531,110.18000030517578,101.56712341308594,1564200,0.0,0.0,0.0
2024-04-09,110.19000244140625,110.19000244140625,110.18000030517578,110.19000244140625,101.57635498046875,1464300,0.0,0.0,0.0
2024-04-10,110.19000244140625,110.19000244140625,110.18000030517578,110.18000030517578,101.56712341308594,2877600,0.0,0.0,0.0
2024-04-11,110.22000122070312,110.2300033569336,110.22000122070312,110.2300033569336,101.61322021484375,3432400,0.0,0.0,0.0
2024-04-12,110.25,110.26000213623047,110.23999786376953,110.23999786376953,101.62245178222656,2406400,0.0,0.0,0.0
2024-04-15,110.26000213623047,110.26000213623047,110.25,110.25,101.63165283203125,3945500,0.0,0.0,0.0
2024-04-16,110.26000213623047,110.2699966430664,110.26000213623047,110.26000213623047,101.64088439941406,3752800,0.0,0.0,0.0
2024-04-17,110.27999877929688,110.29000091552734,110.27999877929688,110.27999877929688,101.65930938720703,1804000,0.0,0.0,0.0
2024-04-18,110.33000183105469,110.33999633789062,110.31999969482422,110.33000183105469,101.70541381835938,3423200,0.0,0.0,0.0
2024-04-19,110.33999633789062,110.3499984741211,110.33999633789062,110.3499984741211,101.72384643554688,2259200,0.0,0.0,0.0
2024-04-22,110.37000274658203,110.37000274658203,110.36000061035156,110.36000061035156,101.73307800292969,3896800,0.0,0.0,0.0
2024-04-23,110.37999725341797,110.38999938964844,110.37000274658203,110.37999725341797,101.75149536132812,2211300,0.0,0.0,0.0
2024-04-24,110.38999938964844,110.4000015258789,110.38999938964844,110.4000015258789,101.76992797851562,2033000,0.0,0.0,0.0
2024-04-25,110.44000244140625,110.44000244140625,110.43000030517578,110.43000030517578,101.7975845336914,1901700,0.0,0.0,0.0
2024-04-26,110.44999694824219,110.44999694824219,110.44000244140625,110.44999694824219,101.81600952148438,1744900,0.0,0.0,0.0
2024-04-29,110.45999908447266,110.47000122070312,110.45999908447266,110.45999908447266,101.82525634765625,2577700,0.0,0.0,0.0
2024-04-30,110.47000122070312,110.4800033569336,110.47000122070312,110.47000122070312,101.83448028564453,2763000,0.0,0.0,0.0
2024-05-01,110.04000091552734,110.04000091552734,110.0199966430664,110.04000091552734,101.86592864990234,3307800,0.464,0.0,0.0
2024-05-02,110.08000183105469,110.08999633789062,110.08000183105469,110.08999633789062,101.91220092773438,3285300,0.0,0.0,0.0
2024-05-03,110.11000061035156,110.12000274658203,110.0999984741211,110.11000061035156,101.93074035644531,2206300,0.0,0.0,0.0
2024-05-06,110.12999725341797,110.12999725341797,110.11000061035156,110.12000274658203,101.93998718261719,2422800,0.0,0.0,0.0
2024-05-07,110.13999938964844,110.13999938964844,110.12999725341797,110.12999725341797,101.94924926757812,2268700,0.0,0.0,0.0
2024-05-08,110.1500015258789,110.1500015258789,110.13999938964844,110.1500015258789,101.96775817871094,1464400,0.0,0.0,0.0
2024-05-09,110.19000244140625,110.19999694824219,110.19000244140625,110.19000244140625,102.00479888916016,1654800,0.0,0.0,0.0
2024-05-10,110.20999908447266,110.22000122070312,110.19999694824219,110.20999908447266,102.02332305908203,1421600,0.0,0.0,0.0
2024-05-13,110.2300033569336,110.2300033569336,110.22000122070312,110.2300033569336,102.04181671142578,1501100,0.0,0.0,0.0
2024-05-14,110.23999786376953,110.23999786376953,110.2300033569336,110.23999786376953,102.05108642578125,1684100,0.0,0.0,0.0
2024-05-15,110.25,110.2699966430664,110.25,110.2699966430664,102.07884216308594,2191000,0.0,0.0,0.0
2024-05-16,110.30000305175781,110.30999755859375,110.30000305175781,110.30000305175781,102.10664367675781,2014700,0.0,0.0,0.0
2024-05-17,110.31999969482422,110.31999969482422,110.30999755859375,110.31999969482422,102.1251220703125,2692600,0.0,0.0,0.0
2024-05-20,110.33000183105469,110.33999633789062,110.33000183105469,110.33999633789062,102.14363098144531,1437600,0.0,0.0,0.0
2024-05-21,110.3499984741211,110.36000061035156,110.33999633789062,110.3499984741211,102.15290832519531,1684900,0.0,0.0,0.0
2024-05-22,110.36000061035156,110.37000274658203,110.36000061035156,110.37000274658203,102.17143249511719,2144300,0.0,0.0,0.0
2024-05-23,110.41999816894531,110.43000030517578,110.41999816894531,110.43000030517578,102.22695922851562,2716800,0.0,0.0,0.0
2024-05-24,110.44000244140625,110.44000244140625,110.43000030517578,110.44000244140625,102.23624420166016,980200,0.0,0.0,0.0
2024-05-28,110.44000244140625,110.47000122070312,110.43000030517578,110.43000030517578,102.22695922851562,2806300,0.0,0.0,0.0
2024-05-29,110.44999694824219,110.44999694824219,110.44000244140625,110.44000244140625,102.23624420166016,3419300,0.0,0.0,0.0
2024-05-30,110.45999908447266,110.47000122070312,110.45999908447266,110.47000122070312,102.26400756835938,1882100,0.0,0.0,0.0
2024-05-31,110.51000213623047,110.5199966430664,110.5,110.51000213623047,102.301025390625,2974400,0.0,0.0,0.0
2024-06-03,110.06999969482422,110.06999969482422,110.05999755859375,110.05999755859375,102.32147216796875,4333800,0.472,0.0,0.0
2024-06-04,110.08000183105469,110.08999633789062,110.06999969482422,110.08000183105469,102.34007263183594,2539000,0.0,0.0,0.0
2024-06-05,110.11000061035156,110.11000061035156,110.08999633789062,110.08999633789062,102.34935760498047,2327700,0.0,0.0,0.0
2024-06-06,110.11000061035156,110.12000274658203,110.11000061035156,110.12000274658203,102.37724304199219,2254700,0.0,0.0,0.0
2024-06-07,110.16999816894531,110.16999816894531,110.1500015258789,110.1500015258789,102.4051513671875,2920200,0.0,0.0,0.0
2024-06-10,110.16999816894531,110.16999816894531,110.16000366210938,110.16999816894531,102.42373657226562,2793700,0.0,0.0,0.0
2024-06-11,110.18000030517578,110.19000244140625,110.18000030517578,110.18000030517578,102.43302917480469,2374500,0.0,0.0,0.0
2024-06-12,110.22000122070312,110.22000122070312,110.20999908447266,110.22000122070312,102.4702377319336,2392200,0.0,0.0,0.0
2024-06-13,110.2300033569336,110.23999786376953,110.22000122070312,110.2300033569336,102.47950744628906,1809200,0.0,0.0,0.0
2024-06-14,110.2699966430664,110.27999877929688,110.2699966430664,110.27999877929688,102.52599334716797,1736400,0.0,0.0,0.0
2024-06-17,110.27999877929688,110.29000091552734,110.27999877929688,110.29000091552734,102.5353012084961,5256600,0.0,0.0,0.0
2024-06-18,110.31999969482422,110.33000183105469,110.30999755859375,110.31999969482422,102.56319427490234,4208800,0.0,0.0,0.0
2024-06-20,110.33000183105469,110.33999633789062,110.33000183105469,110.33999633789062,102.58177185058594,2229200,0.0,0.0,0.0
2024-06-21,110.37999725341797,110.38999938964844,110.37999725341797,110.38999938964844,102.62826538085938,2307200,0.0,0.0,0.0
2024-06-24,110.4000015258789,110.4000015258789,110.38999938964844,110.4000015258789,102.63756561279297,1905500,0.0,0.0,0.0
2024-06-25,110.41000366210938,110.41999816894531,110.4000015258789,110.41999816894531,102.65616607666016,2267200,0.0,0.0,0.0
2024-06-26,110.43000030517578,110.43000030517578,110.41999816894531,110.41999816894531,102.65616607666016,2336300,0.0,0.0,0.0
2024-06-27,110.44999694824219,110.44999694824219,110.44000244140625,110.44999694824219,102.68402862548828,2154500,0.0,0.0,0.0
2024-06-28,110.48999786376953,110.5,110.48999786376953,110.5,102.73053741455078,3244900,0.0,0.0,0.0
2024-07-01,110.05000305175781,110.05000305175781,110.04000091552734,110.05000305175781,102.74549102783203,3926600,0.466,0.0,0.0
2024-07-02,110.06999969482422,110.06999969482422,110.05999755859375,110.06999969482422,102.76414489746094,2749700,0.0,0.0,0.0
2024-07-03,110.0999984741211,110.11000061035156,110.08999633789062,110.0999984741211,102.7921371459961,1820100,0.0,0.0,0.0
2024-07-05,110.1500015258789,110.1500015258789,110.13999938964844,110.13999938964844,102.8294906616211,2065600,0.0,0.0,0.0
2024-07-08,110.16999816894531,110.16999816894531,110.16000366210938,110.16999816894531,102.85751342773438,2503000,0.0,0.0,0.0
2024-07-09,110.18000030517578,110.18000030517578,110.16999816894531,110.16999816894531,102.85751342773438,2956300,0.0,0.0,0.0
2024-07-10,110.19000244140625,110.19999694824219,110.18000030517578,110.18000030517578,102.86685943603516,2187300,0.0,0.0,0.0
2024-07-11,110.20999908447266,110.22000122070312,110.20999908447266,110.20999908447266,102.89484405517578,2358500,0.0,0.0,0.0
2024-07-12,110.2699966430664,110.27999877929688,110.2699966430664,110.2699966430664,102.95086669921875,1871700,0.0,0.0,0.0
2024-07-15,110.29000091552734,110.30000305175781,110.27999877929688,110.29000091552734,102.96955108642578,2565300,0.0,0.0,0.0
2024-07-16,110.30999755859375,110.30999755859375,110.30000305175781,110.30000305175781,102.9788818359375,2318500,0.0,0.0,0.0
2024-07-17,110.30999755859375,110.31999969482422,110.30999755859375,110.30999755859375,102.98822021484375,2155900,0.0,0.0,0.0
2024-07-18,110.33999633789062,110.33999633789062,110.33000183105469,110.33000183105469,103.00688934326172,2148000,0.0,0.0,0.0
2024-07-19,110.37999725341797,110.38999938964844,110.37000274658203,110.38999938964844,103.06291198730469,2191400,0.0,0.0,0.0
2024-07-22,110.38999938964844,110.4000015258789,110.38999938964844,110.4000015258789,103.07223510742188,3626400,0.0,0.0,0.0
2024-07-23,110.41000366210938,110.41999816894531,110.4000015258789,110.41999816894531,103.0909194946289,3351000,0.0,0.0,0.0
2024-07-24,110.41999816894531,110.44999694824219,110.41999816894531,110.43000030517578,103.10025787353516,2528800,0.0,0.0,0.0
2024-07-25,110.44999694824219,110.45999908447266,110.44000244140625,110.44000244140625,103.10960388183594,2820600,0.0,0.0,0.0
2024-07-26,110.48999786376953,110.5,110.48999786376953,110.5,103.16561126708984,2269300,0.0,0.0,0.0
2024-07-29,110.51000213623047,110.5199966430664,110.51000213623047,110.5199966430664,103.18426513671875,2134300,0.0,0.0,0.0
2024-07-30,110.5199966430664,110.54000091552734,110.5199966430664,110.52999877929688,103.19363403320312,2107900,0.0,0.0,0.0
2024-07-31,110.54000091552734,110.55999755859375,110.5199966430664,110.54000091552734,103.20294952392578,2857800,0.0,0.0,0.0
2024-08-01,110.08999633789062,110.0999984741211,110.08000183105469,110.08000183105469,103.22920989990234,4773100,0.488,0.0,0.0
2024-08-02,110.16000366210938,110.19000244140625,110.16000366210938,110.18000030517578,103.32298278808594,5001100,0.0,0.0,0.0
2024-08-05,110.20999908447266,110.22000122070312,110.18000030517578,110.18000030517578,103.32298278808594,5589900,0.0,0.0,0.0
2024-08-06,110.20999908447266,110.20999908447266,110.18000030517578,110.18000030517578,103.32298278808594,3654800,0.0,0.0,0.0
2024-08-07,110.19999694824219,110.20999908447266,110.19999694824219,110.19999694824219,103.34172821044922,2589200,0.0,0.0,0.0
2024-08-08,110.22000122070312,110.2300033569336,110.20999908447266,110.20999908447266,103.35111999511719,1864600,0.0,0.0,0.0
2024-08-09,110.26000213623047,110.2699966430664,110.25,110.25,103.38863372802734,2021900,0.0,0.0,0.0
2024-08-12,110.2699966430664,110.27999877929688,110.2699966430664,110.27999877929688,103.41676330566406,1553500,0.0,0.0,0.0
2024-08-13,110.30000305175781,110.30999755859375,110.29000091552734,110.30999755859375,103.44489288330078,1838500,0.0,0.0,0.0
2024-08-14,110.30999755859375,110.30999755859375,110.30000305175781,110.30999755859375,103.44489288330078,1719900,0.0,0.0,0.0
2024-08-15,110.31999969482422,110.31999969482422,110.30999755859375,110.31999969482422,103.45425415039062,1865100,0.0,0.0,0.0
2024-08-16,110.36000061035156,110.37000274658203,110.3499984741211,110.37000274658203,103.50117492675781,2409800,0.0,0.0,0.0
2024-08-19,110.38999938964844,110.38999938964844,110.37000274658203,110.37999725341797,103.51053619384766,1820100,0.0,0.0,0.0
2024-08-20,110.4000015258789,110.41000366210938,110.38999938964844,110.41000366210938,103.53866577148438,1678000,0.0,0.0,0.0
2024-08-21,110.41999816894531,110.44000244140625,110.41999816894531,110.43000030517578,103.55741882324219,2495500,0.0,0.0,0.0
2024-08-22,110.44999694824219,110.45999908447266,110.44000244140625,110.44999694824219,103.57617950439453,2097400,0.0,0.0,0.0
2024-08-23,110.4800033569336,110.5,110.4800033569336,110.5,103.62308502197266,2456500,0.0,0.0,0.0
2024-08-26,110.51000213623047,110.51000213623047,110.5,110.51000213623047,103.6324462890625,2129600,0.0,0.0,0.0
2024-08-27,110.5199966430664,110.52999877929688,110.51000213623047,110.52999877929688,103.65120697021484,2982800,0.0,0.0,0.0
2024-08-28,110.55000305175781,110.55000305175781,110.54000091552734,110.55000305175781,103.66996765136719,1717000,0.0,0.0,0.0
2024-08-29,110.55000305175781,110.55999755859375,110.55000305175781,110.55999755859375,103.67932891845703,1707800,0.0,0.0,0.0
2024-08-30,110.5999984741211,110.61000061035156,110.58999633789062,110.5999984741211,103.71685791015625,3287800,0.0,0.0,0.0
2024-09-03,110.16000366210938,110.16000366210938,110.1500015258789,110.16000366210938,103.74981689453125,14611400,0.475,0.0,0.0
2024-09-04,110.18000030517578,110.19000244140625,110.16999816894531,110.19000244140625,103.778076171875,2293400,0.0,0.0,0.0
2024-09-05,110.19999694824219,110.20999908447266,110.19000244140625,110.20999908447266,103.7968978881836,2667400,0.0,0.0,0.0
2024-09-06,110.26000213623047,110.2699966430664,110.25,110.26000213623047,103.84398651123047,4564800,0.0,0.0,0.0
2024-09-09,110.2699966430664,110.27999877929688,110.26000213623047,110.26000213623047,103.84398651123047,3424500,0.0,0.0,0.0
2024-09-10,110.29000091552734,110.30000305175781,110.27999877929688,110.30000305175781,103.88167572021484,5309300,0.0,0.0,0.0
2024-09-11,110.30999755859375,110.30999755859375,110.29000091552734,110.29000091552734,103.87226104736328,2925100,0.0,0.0,0.0
2024-09-12,110.31999969482422,110.31999969482422,110.30999755859375,110.30999755859375,103.89108276367188,2869500,0.0,0.0,0.0
2024-09-13,110.37999725341797,110.37999725341797,110.37000274658203,110.37000274658203,103.94759368896484,2626000,0.0,0.0,0.0
2024-09-16,110.4000015258789,110.41000366210938,110.37999725341797,110.41000366210938,103.98526763916016,1760000,0.0,0.0,0.0
2024-09-17,110.41999816894531,110.43000030517578,110.41999816894531,110.41999816894531,103.99467468261719,2246000,0.0,0.0,0.0
2024-09-18,110.43000030517578,110.45999908447266,110.41999816894531,110.45999908447266,104.03235626220703,2940200,0.0,0.0,0.0
2024-09-19,110.47000122070312,110.4800033569336,110.47000122070312,110.4800033569336,104.05118560791016,5525500,0.0,0.0,0.0
2024-09-20,110.5199966430664,110.52999877929688,110.51000213623047,110.52999877929688,104.0982666015625,2829000,0.0,0.0,0.0
2024-09-23,110.52999877929688,110.55000305175781,110.52999877929688,110.55000305175781,104.11711120605469,3188200,0.0,0.0,0.0
2024-09-24,110.55000305175781,110.56999969482422,110.55000305175781,110.55999755859375,104.12653350830078,3068800,0.0,0.0,0.0
2024-09-25,110.56999969482422,110.58999633789062,110.56999969482422,110.58000183105469,104.14537048339844,3090200,0.0,0.0,0.0
2024-09-26,110.58000183105469,110.58999633789062,110.58000183105469,110.58999633789062,104.15478515625,3071100,0.0,0.0,0.0
2024-09-27,110.62000274658203,110.62999725341797,110.62000274658203,110.62999725341797,104.19243621826172,4247700,0.0,0.0,0.0
2024-09-30,110.63999938964844,110.63999938964844,110.62999725341797,110.62999725341797,104.19243621826172,5728900,0.0,0.0,0.0
2024-10-01,110.19999694824219,110.19999694824219,110.19000244140625,110.19999694824219,104.21515655517578,11744100,0.454,0.0,0.0
2024-10-02,110.20999908447266,110.22000122070312,110.19999694824219,110.19999694824219,104.21515655517578,10743300,0.0,0.0,0.0
2024-10-03,110.2300033569336,110.2300033569336,110.19999694824219,110.19999694824219,104.21515655517578,8320700,0.0,0.0,0.0
2024-10-04,110.25,110.26000213623047,110.23999786376953,110.23999786376953,104.25299835205078,5043900,0.0,0.0,0.0
2024-10-07,110.23999786376953,110.25,110.2300033569336,110.2300033569336,104.2435302734375,7826100,0.0,0.0,0.0
2024-10-08,110.25,110.26000213623047,110.25,110.26000213623047,104.27188110351562,5234900,0.0,0.0,0.0
2024-10-09,110.2699966430664,110.27999877929688,110.26000213623047,110.2699966430664,104.28133392333984,2391800,0.0,0.0,0.0
2024-10-10,110.27999877929688,110.29000091552734,110.27999877929688,110.27999877929688,104.29080200195312,3653500,0.0,0.0,0.0
2024-10-11,110.33000183105469,110.33999633789062,110.33000183105469,110.33000183105469,104.33811950683594,3949500,0.0,0.0,0.0
2024-10-14,110.33999633789062,110.3499984741211,110.33000183105469,110.33999633789062,104.34754943847656,2932000,0.0,0.0,0.0
2024-10-15,110.36000061035156,110.36000061035156,110.3499984741211,110.3499984741211,104.35700988769531,2421300,0.0,0.0,0.0
2024-10-16,110.37000274658203,110.37000274658203,110.36000061035156,110.37000274658203,104.37592315673828,4952900,0.0,0.0,0.0
2024-10-17,110.37000274658203,110.37999725341797,110.37000274658203,110.37000274658203,104.37592315673828,4522800,0.0,0.0,0.0
2024-10-18,110.41000366210938,110.41999816894531,110.41000366210938,110.41999816894531,104.4231948852539,2611300,0.0,0.0,0.0
2024-10-21,110.43000030517578,110.44000244140625,110.41999816894531,110.43000030517578,104.43267059326172,5111000,0.0,0.0,0.0
2024-10-22,110.43000030517578,110.44999694824219,110.43000030517578,110.43000030517578,104.43267059326172,3155600,0.0,0.0,0.0
2024-10-23,110.44000244140625,110.44999694824219,110.43000030517578,110.43000030517578,104.43267059326172,9123400,0.0,0.0,0.0
2024-10-24,110.45999908447266,110.47000122070312,110.44999694824219,110.44999694824219,104.45157623291016,5750500,0.0,0.0,0.0
2024-10-25,110.51000213623047,110.51000213623047,110.48999786376953,110.48999786376953,104.48941802978516,3037200,0.0,0.0,0.0
2024-10-28,110.51000213623047,110.5199966430664,110.51000213623047,110.5199966430664,104.51778411865234,3809700,0.0,0.0,0.0
2024-10-29,110.52999877929688,110.54000091552734,110.5199966430664,110.5199966430664,104.51778411865234,6641600,0.0,0.0,0.0
2024-10-30,110.54000091552734,110.55000305175781,110.54000091552734,110.55000305175781,104.54615020751953,4879800,0.0,0.0,0.0
2024-10-31,110.55999755859375,110.56999969482422,110.55000305175781,110.56999969482422,104.56507873535156,5693400,0.0,0.0,0.0
2024-11-01,110.1500015258789,110.1500015258789,110.13999938964844,110.1500015258789,104.60971069335938,4558200,0.467,0.0,0.0
2024-11-04,110.16000366210938,110.16999816894531,110.16000366210938,110.16999816894531,104.62869262695312,5295000,0.0,0.0,0.0
2024-11-05,110.18000030517578,110.18000030517578,110.16000366210938,110.16999816894531,104.62869262695312,3004700,0.0,0.0,0.0
2024-11-06,110.18000030517578,110.19000244140625,110.16999816894531,110.16999816894531,104.62869262695312,5082300,0.0,0.0,0.0
2024-11-07,110.19999694824219,110.20999908447266,110.19000244140625,110.19999694824219,104.65718078613281,5523400,0.0,0.0,0.0
2024-11-08,110.23999786376953,110.26000213623047,110.23999786376953,110.26000213623047,104.71415710449219,4919500,0.0,0.0,0.0
2024-11-11,110.25,110.25,110.23999786376953,110.25,104.70467376708984,2185900,0.0,0.0,0.0
2024-11-12,110.25,110.26000213623047,110.25,110.26000213623047,104.71415710449219,2628200,0.0,0.0,0.0
2024-11-13,110.2699966430664,110.27999877929688,110.26000213623047,110.27999877929688,104.733154296875,2956000,0.0,0.0,0.0
2024-11-14,110.29000091552734,110.30000305175781,110.23999786376953,110.29000091552734,104.74266052246094,3675600,0.0,0.0,0.0
2024-11-15,110.33000183105469,110.33000183105469,110.30999755859375,110.30999755859375,104.76165771484375,3490100,0.0,0.0,0.0
2024-11-18,110.33000183105469,110.33999633789062,110.33000183105469,110.33000183105469,104.78064727783203,3038600,0.0,0.0,0.0
2024-11-19,110.3499984741211,110.3499984741211,110.33999633789062,110.3499984741211,104.79963684082031,5907900,0.0,0.0,0.0
2024-11-20,110.3499984741211,110.37000274658203,110.3499984741211,110.37000274658203,104.81863403320312,2160300,0.0,0.0,0.0
2024-11-21,110.37999725341797,110.37999725341797,110.36000061035156,110.37000274658203,104.81863403320312,5298100,0.0,0.0,0.0
2024-11-22,110.4000015258789,110.41000366210938,110.4000015258789,110.41000366210938,104.85662841796875,3330400,0.0,0.0,0.0
2024-11-25,110.41999816894531,110.43000030517578,110.41999816894531,110.43000030517578,104.87560272216797,3467200,0.0,0.0,0.0
2024-11-26,110.44000244140625,110.44000244140625,110.43000030517578,110.44000244140625,104.88512420654297,3266100,0.0,0.0,0.0
2024-11-27,110.45999908447266,110.47000122070312,110.45999908447266,110.45999908447266,104.90409851074219,2100100,0.0,0.0,0.0
2024-11-29,110.51000213623047,110.51000213623047,110.5,110.51000213623047,104.95157623291016,3015400,0.0,0.0,0.0
2024-12-02,110.11000061035156,110.11000061035156,110.0999984741211,110.11000061035156,104.96684265136719,4170100,0.416,0.0,0.0
2024-12-03,110.12999725341797,110.13999938964844,110.12000274658203,110.13999938964844,104.99546813964844,1738700,0.0,0.0,0.0
2024-12-04,110.1500015258789,110.16000366210938,110.13999938964844,110.13999938964844,104.99546813964844,3709400,0.0,0.0,0.0
2024-12-05,110.16999816894531,110.16999816894531,110.16000366210938,110.16999816894531,105.02404022216797,2018700,0.0,0.0,0.0
2024-12-06,110.20999908447266,110.22000122070312,110.20999908447266,110.22000122070312,105.07170104980469,2354000,0.0,0.0,0.0
2024-12-09,110.2300033569336,110.23999786376953,110.22000122070312,110.23999786376953,105.09075927734375,2567300,0.0,0.0,0.0
2024-12-10,110.25,110.25,110.23999786376953,110.23999786376953,105.09075927734375,1637300,0.0,0.0,0.0
2024-12-11,110.26000213623047,110.2699966430664,110.25,110.26000213623047,105.1098403930664,2236900,0.0,0.0,0.0
2024-12-12,110.2699966430664,110.27999877929688,110.2699966430664,110.2699966430664,105.119384765625,1564700,0.0,0.0,0.0
2024-12-13,110.31999969482422,110.31999969482422,110.30000305175781,110.30000305175781,105.14797973632812,1653300,0.0,0.0,0.0
2024-12-16,110.31999969482422,110.33000183105469,110.31999969482422,110.33000183105469,105.17658233642578,2238500,0.0,0.0,0.0
2024-12-17,110.3499984741211,110.3499984741211,110.33000183105469,110.33000183105469,105.17658233642578,2404300,0.0,0.0,0.0
2024-12-18,109.91000366210938,109.93000030517578,109.91000366210938,109.91999816894531,105.19284057617188,2961000,0.427,0.0,0.0
2024-12-19,109.94000244140625,109.94999694824219,109.93000030517578,109.94999694824219,105.22154998779297,3319900,0.0,0.0,0.0
2024-12-20,109.98999786376953,109.98999786376953,109.97000122070312,109.9800033569336,105.2502670288086,2596100,0.0,0.0,0.0
2024-12-23,110.0,110.0,109.9800033569336,109.98999786376953,105.25981903076172,5534600,0.0,0.0,0.0
2024-12-24,110.02999877929688,110.02999877929688,110.01000213623047,110.0199966430664,105.28854370117188,1832400,0.0,0.0,0.0
2024-12-26,110.02999877929688,110.04000091552734,110.0199966430664,110.04000091552734,105.30768585205078,1977900,0.0,0.0,0.0
2024-12-27,110.06999969482422,110.08000183105469,110.05999755859375,110.06999969482422,105.33638763427734,3049500,0.0,0.0,0.0
2024-12-30,110.08999633789062,110.0999984741211,110.08000183105469,110.0999984741211,105.3650894165039,3318900,0.0,0.0,0.0
2024-12-31,110.11000061035156,110.12000274658203,110.0999984741211,110.11000061035156,105.37467193603516,3601200,0.0,0.0,0.0
2025-01-02,110.12999725341797,110.12999725341797,110.12000274658203,110.12999725341797,105.39380645751953,2476800,0.0,0.0,0.0
2025-01-03,110.16999816894531,110.16999816894531,110.16000366210938,110.16000366210938,105.42251586914062,2145000,0.0,0.0,0.0
2025-01-06,110.16999816894531,110.18000030517578,110.16999816894531,110.18000030517578,105.441650390625,2611600,0.0,0.0,0.0
2025-01-07,110.18000030517578,110.19999694824219,110.18000030517578,110.19999694824219,105.46080017089844,2442700,0.0,0.0,0.0
2025-01-08,110.19000244140625,110.19999694824219,110.19000244140625,110.19999694824219,105.46080017089844,4330100,0.0,0.0,0.0
2025-01-10,110.23999786376953,110.23999786376953,110.2300033569336,110.2300033569336,105.489501953125,8609600,0.0,0.0,0.0
2025-01-13,110.25,110.25,110.23999786376953,110.25,105.50865936279297,8996000,0.0,0.0,0.0
2025-01-14,110.26000213623047,110.26000213623047,110.25,110.26000213623047,105.51821899414062,8787900,0.0,0.0,0.0
2025-01-15,110.27999877929688,110.27999877929688,110.2699966430664,110.27999877929688,105.53736114501953,9348700,0.0,0.0,0.0
2025-01-16,110.27999877929688,110.29000091552734,110.27999877929688,110.29000091552734,105.54693603515625,9546200,0.0,0.0,0.0
2025-01-17,110.33999633789062,110.33999633789062,110.33000183105469,110.33999633789062,105.59476470947266,8531500,0.0,0.0,0.0
2025-01-21,110.36000061035156,110.36000061035156,110.3499984741211,110.36000061035156,105.6139144897461,7854100,0.0,0.0,0.0
2025-01-22,110.37000274658203,110.37000274658203,110.36000061035156,110.36000061035156,105.6139144897461,6999500,0.0,0.0,0.0
2025-01-23,110.37999725341797,110.37999725341797,110.37000274658203,110.37999725341797,105.63304901123047,7440100,0.0,0.0,0.0
2025-01-24,110.41999816894531,110.43000030517578,110.41000366210938,110.41999816894531,105.67133331298828,6651200,0.0,0.0,0.0
2025-01-27,110.43000030517578,110.44000244140625,110.43000030517578,110.44000244140625,105.69046783447266,5298300,0.0,0.0,0.0
2025-01-28,110.44000244140625,110.44999694824219,110.44000244140625,110.44999694824219,105.70003509521484,5094700,0.0,0.0,0.0
2025-01-29,110.45999908447266,110.45999908447266,110.44999694824219,110.45999908447266,105.70962524414062,4414900,0.0,0.0,0.0
2025-01-30,110.45999908447266,110.47000122070312,110.45999908447266,110.47000122070312,105.71918487548828,5565700,0.0,0.0,0.0
2025-01-31,110.5,110.51000213623047,110.5,110.51000213623047,105.75746154785156,5293100,0.0,0.0,0.0
2025-02-03,110.12000274658203,110.12000274658203,110.11000061035156,110.12000274658203,105.76995086669922,6264700,0.403,0.0,0.0
2025-02-04,110.12999725341797,110.12999725341797,110.12000274658203,110.12999725341797,105.77955627441406,5357300,0.0,0.0,0.0
2025-02-05,110.13999938964844,110.13999938964844,110.12999725341797,110.13999938964844,105.78915405273438,5114900,0.0,0.0,0.0
2025-02-06,110.16000366210938,110.16000366210938,110.1500015258789,110.16000366210938,105.80838775634766,4670200,0.0,0.0,0.0
2025-02-07,110.19000244140625,110.19000244140625,110.18000030517578,110.19000244140625,105.83718872070312,5093200,0.0,0.0,0.0
2025-02-10,110.19999694824219,110.19999694824219,110.19000244140625,110.19999694824219,105.84678649902344,6866400,0.0,0.0,0.0
2025-02-11,110.19999694824219,110.20999908447266,110.19000244140625,110.19999694824219,105.84678649902344,11524800,0.0,0.0,0.0
2025-02-12,110.19999694824219,110.20999908447266,110.19999694824219,110.19999694824219,105.84678649902344,6675000,0.0,0.0,0.0
2025-02-13,110.22000122070312,110.2300033569336,110.22000122070312,110.2300033569336,105.87562561035156,2823400,0.0,0.0,0.0
2025-02-14,110.27999877929688,110.27999877929688,110.2699966430664,110.27999877929688,105.92362213134766,3559400,0.0,0.0,0.0
2025-02-18,110.29000091552734,110.30000305175781,110.27999877929688,110.27999877929688,105.92362213134766,4885500,0.0,0.0,0.0
2025-02-19,110.29000091552734,110.30999755859375,110.29000091552734,110.30999755859375,105.95243072509766,4009400,0.0,0.0,0.0
2025-02-20,110.31999969482422,110.31999969482422,110.30999755859375,110.31999969482422,105.96205139160156,3588600,0.0,0.0,0.0
2025-02-21,110.36000061035156,110.36000061035156,110.3499984741211,110.36000061035156,106.00047302246094,5773200,0.0,0.0,0.0
2025-02-24,110.37999725341797,110.37999725341797,110.37000274658203,110.37999725341797,106.0196762084961,8101900,0.0,0.0,0.0
2025-02-25,110.37999725341797,110.4000015258789,110.37999725341797,110.4000015258789,106.03889465332031,8345200,0.0,0.0,0.0
2025-02-26,110.41000366210938,110.41000366210938,110.4000015258789,110.4000015258789,106.03889465332031,4963800,0.0,0.0,0.0
2025-02-27,110.41999816894531,110.41999816894531,110.41000366210938,110.41000366210938,106.04850769042969,3224700,0.0,0.0,0.0
2025-02-28,110.44999694824219,110.45999908447266,110.44999694824219,110.44999694824219,106.08690643310547,5511200,0.0,0.0,0.0
2025-03-03,110.11000061035156,110.12000274658203,110.11000061035156,110.11000061035156,106.1042709350586,8365800,0.358,0.0,0.0
2025-03-04,110.12000274658203,110.13999938964844,110.12000274658203,110.12000274658203,106.11389923095703,11094600,0.0,0.0,0.0
2025-03-05,110.13999938964844,110.1500015258789,110.12999725341797,110.13999938964844,106.13316345214844,9906900,0.0,0.0,0.0
2025-03-06,110.16000366210938,110.16000366210938,110.1500015258789,110.1500015258789,106.1427993774414,9772100,0.0,0.0,0.0
2025-03-07,110.19999694824219,110.19999694824219,110.19000244140625,110.19999694824219,106.19098663330078,6012500,0.0,0.0,0.0
2025-03-10,110.20999908447266,110.20999908447266,110.19999694824219,110.20999908447266,106.20063018798828,10331900,0.0,0.0,0.0
2025-03-11,110.2300033569336,110.2300033569336,110.22000122070312,110.2300033569336,106.21989440917969,8340800,0.0,0.0,0.0
2025-03-12,110.23999786376953,110.23999786376953,110.22000122070312,110.2300033569336,106.21989440917969,8193500,0.0,0.0,0.0
2025-03-13,110.23999786376953,110.25,110.23999786376953,110.23999786376953,106.22953033447266,10764700,0.0,0.0,0.0
2025-03-14,110.29000091552734,110.29000091552734,110.27999877929688,110.29000091552734,106.2777099609375,9071900,0.0,0.0,0.0
2025-03-17,110.27999877929688,110.29000091552734,110.27999877929688,110.29000091552734,106.2777099609375,6214900,0.0,0.0,0.0
2025-03-18,110.29000091552734,110.30000305175781,110.29000091552734,110.30000305175781,106.287353515625,11201300,0.0,0.0,0.0
2025-03-19,110.30000305175781,110.30999755859375,110.30000305175781,110.30999755859375,106.29698181152344,10142800,0.0,0.0,0.0
2025-03-20,110.33000183105469,110.33000183105469,110.31999969482422,110.33000183105469,106.31625366210938,5685000,0.0,0.0,0.0
2025-03-21,110.37000274658203,110.37000274658203,110.36000061035156,110.37000274658203,106.35481262207031,6688100,0.0,0.0,0.0
2025-03-24,110.37000274658203,110.37999725341797,110.37000274658203,110.37999725341797,106.36444854736328,6596000,0.0,0.0,0.0
2025-03-25,110.38999938964844,110.4000015258789,110.37999725341797,110.38999938964844,106.37407684326172,10628800,0.0,0.0,0.0
2025-03-26,110.38999938964844,110.4000015258789,110.38999938964844,110.4000015258789,106.38372039794922,7838100,0.0,0.0,0.0
2025-03-27,110.41000366210938,110.41999816894531,110.4000015258789,110.41999816894531,106.40299224853516,9383800,0.0,0.0,0.0
2025-03-28,110.44999694824219,110.45999908447266,110.44000244140625,110.44999694824219,106.43187713623047,9151900,0.0,0.0,0.0
2025-03-31,110.45999908447266,110.47000122070312,110.45999908447266,110.45999908447266,106.44152069091797,10044000,0.0,0.0,0.0
2025-04-01,110.0999984741211,110.0999984741211,110.08999633789062,110.0999984741211,106.46473693847656,5617800,0.384,0.0,0.0
2025-04-02,110.0999984741211,110.11000061035156,110.0999984741211,110.11000061035156,106.47441864013672,6600100,0.0,0.0,0.0
2025-04-03,110.12999725341797,110.12999725341797,110.12000274658203,110.12000274658203,106.48407745361328,5630300,0.0,0.0,0.0
2025-04-04,110.19000244140625,110.19999694824219,110.16999816894531,110.16999816894531,106.53242492675781,7485000,0.0,0.0,0.0
2025-04-07,110.19999694824219,110.20999908447266,110.18000030517578,110.18000030517578,106.54209899902344,10155800,0.0,0.0,0.0
2025-04-08,110.19000244140625,110.19999694824219,110.18000030517578,110.19999694824219,106.56143188476562,8380900,0.0,0.0,0.0
2025-04-09,110.19999694824219,110.20999908447266,110.18000030517578,110.19999694824219,106.56143188476562,9374600,0.0,0.0,0.0
2025-04-10,110.22000122070312,110.22000122070312,110.19999694824219,110.19999694824219,106.56143188476562,5882400,0.0,0.0,0.0
2025-04-11,110.25,110.26000213623047,110.23999786376953,110.25,106.60980224609375,18461900,0.0,0.0,0.0
2025-04-14,110.26000213623047,110.26000213623047,110.25,110.26000213623047,106.61945343017578,6572100,0.0,0.0,0.0
2025-04-15,110.2699966430664,110.2699966430664,110.26000213623047,110.2699966430664,106.62911987304688,2950700,0.0,0.0,0.0
2025-04-16,110.29000091552734,110.29000091552734,110.27999877929688,110.29000091552734,106.6484603881836,4037500,0.0,0.0,0.0
2025-04-17,110.33000183105469,110.33999633789062,110.33000183105469,110.33999633789062,106.69681549072266,2704100,0.0,0.0,0.0
2025-04-21,110.3499984741211,110.3499984741211,110.33999633789062,110.3499984741211,106.70647430419922,2698800,0.0,0.0,0.0
2025-04-22,110.3499984741211,110.36000061035156,110.3499984741211,110.36000061035156,106.71615600585938,4001900,0.0,0.0,0.0
2025-04-23,110.37000274658203,110.37000274658203,110.3499984741211,110.37000274658203,106.725830078125,4259500,0.0,0.0,0.0
2025-04-24,110.37000274658203,110.37999725341797,110.37000274658203,110.37999725341797,106.73550415039062,5434200,0.0,0.0,0.0
2025-04-25,110.41999816894531,110.41999816894531,110.41000366210938,110.41999816894531,106.77417755126953,4123600,0.0,0.0,0.0
2025-04-28,110.43000030517578,110.43000030517578,110.41999816894531,110.43000030517578,106.78384399414062,3808200,0.0,0.0,0.0
2025-04-29,110.44000244140625,110.44999694824219,110.43000030517578,110.43000030517578,106.78384399414062,11871500,0.0,0.0,0.0
2025-04-30,110.45999908447266,110.45999908447266,110.44999694824219,110.45999908447266,106.8128433227539,4592400,0.0,0.0,0.0
2025-05-01,110.11000061035156,110.11000061035156,110.08999633789062,110.0999984741211,106.82449340820312,5457000,0.372,0.0,0.0
2025-05-02,110.12999725341797,110.12999725341797,110.11000061035156,110.12000274658203,106.8438949584961,4611300,0.0,0.0,0.0
2025-05-05,110.12999725341797,110.12999725341797,110.12000274658203,110.12999725341797,106.85360717773438,11721500,0.0,0.0,0.0
2025-05-06,110.1500015258789,110.1500015258789,110.13999938964844,110.13999938964844,106.86329650878906,5079000,0.0,0.0,0.0
2025-05-07,110.16000366210938,110.16999816894531,110.1500015258789,110.16000366210938,106.8827133178711,3109900,0.0,0.0,0.0
2025-05-08,110.16999816894531,110.18000030517578,110.16000366210938,110.16999816894531,106.89241027832031,3202000,0.0,0.0,0.0
2025-05-09,110.20999908447266,110.20999908447266,110.19999694824219,110.19999694824219,106.92151641845703,3022300,0.0,0.0,0.0
2025-05-12,110.19999694824219,110.20999908447266,110.19999694824219,110.20999908447266,106.93122863769531,5469700,0.0,0.0,0.0
2025-05-13,110.22000122070312,110.22000122070312,110.20999908447266,110.22000122070312,106.94092559814453,2980600,0.0,0.0,0.0
2025-05-14,110.2300033569336,110.2300033569336,110.22000122070312,110.22000122070312,106.94092559814453,3423300,0.0,0.0,0.0
2025-05-15,110.2300033569336,110.23999786376953,110.2300033569336,110.23999786376953,106.9603271484375,2761000,0.0,0.0,0.0
2025-05-16,110.2699966430664,110.27999877929688,110.2699966430664,110.27999877929688,106.99913787841797,3739000,0.0,0.0,0.0
2025-05-19,110.27999877929688,110.29000091552734,110.27999877929688,110.27999877929688,106.99913787841797,3024900,0.0,0.0,0.0
2025-05-20,110.30000305175781,110.30000305175781,110.29000091552734,110.30000305175781,107.01853942871094,2499100,0.0,0.0,0.0
2025-05-21,110.31999969482422,110.31999969482422,110.30999755859375,110.30999755859375,107.02824401855469,2832000,0.0,0.0,0.0
2025-05-22,110.31999969482422,110.33000183105469,110.31999969482422,110.33000183105469,107.04764556884766,2474700,0.0,0.0,0.0
2025-05-23,110.37999725341797,110.37999725341797,110.37000274658203,110.37999725341797,107.09617614746094,2286800,0.0,0.0,0.0
2025-05-27,110.38999938964844,110.38999938964844,110.37999725341797,110.37999725341797,107.09617614746094,2928700,0.0,0.0,0.0
2025-05-28,110.4000015258789,110.4000015258789,110.38999938964844,110.38999938964844,107.10586547851562,3058300,0.0,0.0,0.0
2025-05-29,110.41999816894531,110.41999816894531,110.41000366210938,110.41999816894531,107.13497924804688,2021900,0.0,0.0,0.0
2025-05-30,110.44999694824219,110.44999694824219,110.44000244140625,110.44000244140625,107.15438079833984,4947800,0.0,0.0,0.0
2025-06-02,110.06999969482422,110.06999969482422,110.05999755859375,110.05999755859375,107.17093658447266,7655400,0.397,0.0,0.0
2025-06-03,110.08000183105469,110.08000183105469,110.06999969482422,110.08000183105469,107.1904067993164,2471700,0.0,0.0,0.0
2025-06-04,110.08999633789062,110.0999984741211,110.08000183105469,110.08999633789062,107.20014190673828,1952500,0.0,0.0,0.0
2025-06-05,110.11000061035156,110.12000274658203,110.0999984741211,110.12000274658203,107.22936248779297,2946800,0.0,0.0,0.0
2025-06-06,110.13999938964844,110.1500015258789,110.12999725341797,110.12999725341797,107.23908996582031,2890100,0.0,0.0,0.0
2025-06-09,110.16000366210938,110.16000366210938,110.1500015258789,110.16000366210938,107.268310546875,2358600,0.0,0.0,0.0
2025-06-10,110.16999816894531,110.16999816894531,110.16000366210938,110.16999816894531,107.27804565429688,2308200,0.0,0.0,0.0
2025-06-11,110.18000030517578,110.18000030517578,110.16999816894531,110.18000030517578,107.28778839111328,2350700,0.0,0.0,0.0
2025-06-12,110.19000244140625,110.19999694824219,110.19000244140625,110.19999694824219,107.3072509765625,1970500,0.0,0.0,0.0
2025-06-13,110.2300033569336,110.23999786376953,110.2300033569336,110.23999786376953,107.34620666503906,3812900,0.0,0.0,0.0
2025-06-16,110.23999786376953,110.23999786376953,110.2300033569336,110.23999786376953,107.34620666503906,2241400,0.0,0.0,0.0
2025-06-17,110.23999786376953,110.25,110.23999786376953,110.25,107.35595703125,2466300,0.0,0.0,0.0
2025-06-18,110.2699966430664,110.27999877929688,110.2699966430664,110.27999877929688,107.3851547241211,3193300,0.0,0.0,0.0
2025-06-20,110.30999755859375,110.31999969482422,110.30000305175781,110.31999969482422,107.42410278320312,2193100,0.0,0.0,0.0
2025-06-23,110.33000183105469,110.33999633789062,110.31999969482422,110.33999633789062,107.44357299804688,2763100,0.0,0.0,0.0
2025-06-24,110.3499984741211,110.3499984741211,110.33999633789062,110.3499984741211,107.45331573486328,2718800,0.0,0.0,0.0
2025-06-25,110.37000274658203,110.37000274658203,110.36000061035156,110.36000061035156,107.46305084228516,2772100,0.0,0.0,0.0
2025-06-26,110.37999725341797,110.37999725341797,110.37000274658203,110.37999725341797,107.48252868652344,2542800,0.0,0.0,0.0
2025-06-27,110.41000366210938,110.41999816894531,110.41000366210938,110.41999816894531,107.521484375,2626800,0.0,0.0,0.0
2025-06-30,110.43000030517578,110.43000030517578,110.41999816894531,110.41999816894531,107.521484375,3543400,0.0,0.0,0.0
2025-07-01,110.06999969482422,110.06999969482422,110.05999755859375,110.05999755859375,107.53223419189453,3952900,0.371,0.0,0.0
2025-07-02,110.08000183105469,110.08000183105469,110.06999969482422,110.06999969482422,107.54200744628906,2678800,0.0,0.0,0.0
2025-07-03,110.12999725341797,110.12999725341797,110.11000061035156,110.11000061035156,107.58108520507812,1596500,0.0,0.0,0.0
2025-07-07,110.12000274658203,110.12999725341797,110.12000274658203,110.12999725341797,107.60062408447266,2867900,0.0,0.0,0.0
2025-07-08,110.13999938964844,110.1500015258789,110.13999938964844,110.1500015258789,107.62016296386719,3260700,0.0,0.0,0.0
2025-07-09,110.1500015258789,110.16000366210938,110.1500015258789,110.16000366210938,107.62993621826172,2484700,0.0,0.0,0.0
2025-07-10,110.16999816894531,110.18000030517578,110.16999816894531,110.16999816894531,107.63970184326172,2139300,0.0,0.0,0.0
2025-07-11,110.20999908447266,110.20999908447266,110.19999694824219,110.19999694824219,107.66901397705078,2443400,0.0,0.0,0.0
2025-07-14,110.22000122070312,110.22000122070312,110.20999908447266,110.22000122070312,107.68856048583984,2041100,0.0,0.0,0.0
2025-07-15,110.2300033569336,110.2300033569336,110.22000122070312,110.22000122070312,107.68856048583984,2116300,0.0,0.0,0.0
2025-07-16,110.2300033569336,110.25,110.2300033569336,110.25,107.71788024902344,2760700,0.0,0.0,0.0
2025-07-17,110.26000213623047,110.26000213623047,110.25,110.26000213623047,107.72763061523438,2048600,0.0,0.0,0.0
2025-07-18,110.29000091552734,110.30000305175781,110.29000091552734,110.30000305175781,107.7667236328125,3854500,0.0,0.0,0.0
2025-07-21,110.30999755859375,110.30999755859375,110.30000305175781,110.30999755859375,107.7764892578125,2462200,0.0,0.0,0.0
2025-07-22,110.31999969482422,110.31999969482422,110.30999755859375,110.31999969482422,107.78626251220703,1686900,0.0,0.0,0.0
2025-07-23,110.33000183105469,110.33999633789062,110.31999969482422,110.33000183105469,107.79603576660156,2738500,0.0,0.0,0.0
2025-07-24,110.33000183105469,110.33999633789062,110.33000183105469,110.33999633789062,107.80579376220703,3358700,0.0,0.0,0.0
2025-07-25,110.37000274658203,110.37999725341797,110.37000274658203,110.37999725341797,107.84487915039062,1781300,0.0,0.0,0.0
2025-07-28,110.38999938964844,110.38999938964844,110.37999725341797,110.38999938964844,107.85466003417969,2756800,0.0,0.0,0.0
2025-07-29,110.4000015258789,110.41000366210938,110.4000015258789,110.41000366210938,107.87419891357422,2426900,0.0,0.0,0.0
2025-07-30,110.41000366210938,110.41999816894531,110.4000015258789,110.4000015258789,107.86441802978516,2720200,0.0,0.0,0.0
2025-07-31,110.41999816894531,110.41999816894531,110.41000366210938,110.41000366210938,107.87419891357422,4128800,0.0,0.0,0.0
2025-08-01,110.11000061035156,110.12000274658203,110.0999984741211,110.12000274658203,107.96733856201172,5053700,0.385,0.0,0.0
2025-08-04,110.12999725341797,110.13999938964844,110.12000274658203,110.13999938964844,107.9869384765625,5236100,0.0,0.0,0.0
2025-08-05,110.13999938964844,110.1500015258789,110.12999725341797,110.12999725341797,107.97713470458984,4247700,0.0,0.0,0.0
2025-08-06,110.1500015258789,110.16000366210938,110.13999938964844,110.16000366210938,108.00655364990234,2470400,0.0,0.0,0.0
2025-08-07,110.16999816894531,110.16999816894531,110.16000366210938,110.16999816894531,108.01634979248047,2560600,0.0,0.0,0.0
2025-08-08,110.20999908447266,110.20999908447266,110.19999694824219,110.20999908447266,108.05558013916016,3333100,0.0,0.0,0.0
2025-08-11,110.20999908447266,110.22000122070312,110.20999908447266,110.22000122070312,108.06538391113281,1887000,0.0,0.0,0.0
2025-08-12,110.2300033569336,110.23999786376953,110.2300033569336,110.23999786376953,108.08499145507812,2332000,0.0,0.0,0.0
2025-08-13,110.25,110.26000213623047,110.25,110.26000213623047,108.1045913696289,2160100,0.0,0.0,0.0
2025-08-14,110.2699966430664,110.2699966430664,110.26000213623047,110.26000213623047,108.1045913696289,2417100,0.0,0.0,0.0
2025-08-15,110.30000305175781,110.30000305175781,110.29000091552734,110.29000091552734,108.13400268554688,2051000,0.0,0.0,0.0
2025-08-18,110.30000305175781,110.30999755859375,110.30000305175781,110.30000305175781,108.1438217163086,2448000,0.0,0.0,0.0
2025-08-19,110.30999755859375,110.33000183105469,110.30999755859375,110.33000183105469,108.17323303222656,3473600,0.0,0.0,0.0
2025-08-20,110.33999633789062,110.33999633789062,110.33000183105469,110.33999633789062,108.18302154541016,2352200,0.0,0.0,0.0
2025-08-21,110.33999633789062,110.3499984741211,110.33000183105469,110.33000183105469,108.17323303222656,2232300,0.0,0.0,0.0
2025-08-22,110.37999725341797,110.4000015258789,110.37000274658203,110.4000015258789,108.24185943603516,4058700,0.0,0.0,0.0
2025-08-25,110.4000015258789,110.41000366210938,110.4000015258789,110.4000015258789,108.24185943603516,2672200,0.0,0.0,0.0
2025-08-26,110.41000366210938,110.41999816894531,110.41000366210938,110.41000366210938,108.25167083740234,1735600,0.0,0.0,0.0
2025-08-27,110.41999816894531,110.43000030517578,110.41999816894531,110.43000030517578,108.2712631225586,2575800,0.0,0.0,0.0
2025-08-28,110.44000244140625,110.44999694824219,110.44000244140625,110.44000244140625,108.28107452392578,2172200,0.0,0.0,0.0
2025-08-29,110.4800033569336,110.5,110.4800033569336,110.48999786376953,108.33009338378906,4761000,0.0,0.0,0.0
2025-09-02,110.12000274658203,110.12999725341797,110.11000061035156,110.12999725341797,108.35763549804688,3894700,0.388,0.0,0.0
2025-09-03,110.12999725341797,110.1500015258789,110.12999725341797,110.1500015258789,108.3773193359375,3009300,0.0,0.0,0.0
2025-09-04,110.1500015258789,110.16999816894531,110.1500015258789,110.16999816894531,108.39701080322266,2439900,0.0,0.0,0.0
2025-09-05,110.22000122070312,110.2300033569336,110.22000122070312,110.2300033569336,108.45604705810547,2586400,0.0,0.0,0.0
2025-09-08,110.23999786376953,110.25,110.23999786376953,110.25,108.47572326660156,1786600,0.0,0.0,0.0
2025-09-09,110.26000213623047,110.26000213623047,110.23999786376953,110.23999786376953,108.46588134765625,1925400,0.0,0.0,0.0
2025-09-10,110.26000213623047,110.26000213623047,110.25,110.26000213623047,108.48555755615234,2305700,0.0,0.0,0.0
2025-09-11,110.2699966430664,110.27999877929688,110.2699966430664,110.27999877929688,108.5052261352539,2148200,0.0,0.0,0.0
2025-09-12,110.30999755859375,110.31999969482422,110.30000305175781,110.30000305175781,108.52491760253906,2703700,0.0,0.0,0.0
2025-09-15,110.30999755859375,110.31999969482422,110.30999755859375,110.31999969482422,108.54458618164062,4698800,0.0,0.0,0.0
2025-09-16,110.33999633789062,110.33999633789062,110.33000183105469,110.33999633789062,108.56427001953125,2019900,0.0,0.0,0.0
2025-09-17,110.36000061035156,110.36000061035156,110.3499984741211,110.3499984741211,108.57410430908203,2844800,0.0,0.0,0.0
2025-09-18,110.37000274658203,110.37000274658203,110.36000061035156,110.36000061035156,108.58394622802734,2264400,0.0,0.0,0.0
2025-09-19,110.38999938964844,110.4000015258789,110.38999938964844,110.4000015258789,108.62329864501953,1902500,0.0,0.0,0.0
2025-09-22,110.4000015258789,110.41000366210938,110.4000015258789,110.41000366210938,108.63314819335938,1859900,0.0,0.0,0.0
2025-09-23,110.41999816894531,110.41999816894531,110.41000366210938,110.41000366210938,108.63314819335938,3294200,0.0,0.0,0.0
2025-09-24,110.43000030517578,110.43000030517578,110.41999816894531,110.41999816894531,108.64299011230469,1632200,0.0,0.0,0.0
2025-09-25,110.43000030517578,110.44000244140625,110.43000030517578,110.43000030517578,108.65281677246094,2470800,0.0,0.0,0.0
2025-09-26,110.47000122070312,110.47000122070312,110.45999908447266,110.47000122070312,108.69217681884766,1942600,0.0,0.0,0.0
2025-09-29,110.47000122070312,110.4800033569336,110.47000122070312,110.4800033569336,108.7020263671875,2385900,0.0,0.0,0.0
2025-09-30,110.48999786376953,110.48999786376953,110.4800033569336,110.48999786376953,108.71184539794922,4237800,0.0,0.0,0.0
2025-10-01,110.1500015258789,110.1500015258789,110.13999938964844,110.1500015258789,108.73851013183594,3446000,0.367,0.0,0.0
2025-10-02,110.16000366210938,110.16000366210938,110.1500015258789,110.16000366210938,108.7483901977539,2008900,0.0,0.0,0.0
2025-10-03,110.19999694824219,110.19999694824219,110.19000244140625,110.19999694824219,108.78787231445312,2090700,0.0,0.0,0.0
2025-10-06,110.19000244140625,110.19999694824219,110.19000244140625,110.19000244140625,108.77799987792969,2485200,0.0,0.0,0.0
2025-10-07,110.19999694824219,110.20999908447266,110.19999694824219,110.19999694824219,108.78787231445312,2531700,0.0,0.0,0.0
2025-10-08,110.22000122070312,110.22000122070312,110.20999908447266,110.22000122070312,108.8076171875,2069500,0.0,0.0,0.0
2025-10-09,110.2300033569336,110.23999786376953,110.2300033569336,110.2300033569336,108.81748962402344,2873200,0.0,0.0,0.0
2025-10-10,110.27999877929688,110.29000091552734,110.2699966430664,110.27999877929688,108.8668441772461,3878000,0.0,0.0,0.0
2025-10-13,110.27999877929688,110.27999877929688,110.2699966430664,110.2699966430664,108.85696411132812,3202400,0.0,0.0,0.0
2025-10-14,110.29000091552734,110.30000305175781,110.29000091552734,110.30000305175781,108.8865966796875,2144600,0.0,0.0,0.0
2025-10-15,110.30000305175781,110.30999755859375,110.29000091552734,110.29000091552734,108.87671661376953,2007600,0.0,0.0,0.0
2025-10-16,110.30999755859375,110.31999969482422,110.30999755859375,110.30999755859375,108.89644622802734,2001000,0.0,0.0,0.0
2025-10-17,110.36000061035156,110.36000061035156,110.3499984741211,110.36000061035156,108.9458236694336,1471100,0.0,0.0,0.0
2025-10-20,110.37000274658203,110.37000274658203,110.36000061035156,110.37000274658203,108.95569610595703,1369800,0.0,0.0,0.0
2025-10-21,110.38999938964844,110.38999938964844,110.37999725341797,110.37999725341797,108.96556854248047,2140000,0.0,0.0,0.0
2025-10-22,110.38999938964844,110.4000015258789,110.38999938964844,110.4000015258789,108.98530578613281,1573900,0.0,0.0,0.0
2025-10-23,110.4000015258789,110.41000366210938,110.4000015258789,110.41000366210938,108.99518585205078,1554700,0.0,0.0,0.0
2025-10-24,110.43000030517578,110.44000244140625,110.43000030517578,110.43000030517578,109.01492309570312,2995100,0.0,0.0,0.0
2025-10-27,110.44999694824219,110.45999908447266,110.44000244140625,110.45999908447266,109.0445327758789,2173100,0.0,0.0,0.0
2025-10-28,110.45999908447266,110.47000122070312,110.45999908447266,110.47000122070312,109.05440521240234,1509400,0.0,0.0,0.0
2025-10-29,110.4800033569336,110.4800033569336,110.44999694824219,110.45999908447266,109.0445327758789,3416300,0.0,0.0,0.0
2025-10-30,110.45999908447266,110.47000122070312,110.45999908447266,110.47000122070312,109.05440521240234,2092500,0.0,0.0,0.0
2025-10-31,110.5,110.5,110.48999786376953,110.48999786376953,109.07415008544922,2912400,0.0,0.0,0.0
2025-11-03,110.1500015258789,110.1500015258789,110.13999938964844,110.1500015258789,109.1048583984375,4062900,0.371,0.0,0.0
2025-11-04,110.1500015258789,110.16000366210938,110.1500015258789,110.16000366210938,109.1147689819336,3393000,0.0,0.0,0.0
2025-11-05,110.16000366210938,110.16999816894531,110.16000366210938,110.16999816894531,109.12467193603516,2062900,0.0,0.0,0.0
2025-11-06,110.16999816894531,110.19000244140625,110.16999816894531,110.19000244140625,109.14448547363281,2422700,0.0,0.0,0.0
2025-11-07,110.2300033569336,110.2300033569336,110.22000122070312,110.2300033569336,109.1841049194336,2216300,0.0,0.0,0.0
2025-11-10,110.2300033569336,110.23999786376953,110.2300033569336,110.23999786376953,109.19400787353516,2445900,0.0,0.0,0.0
2025-11-11,110.23999786376953,110.23999786376953,110.2300033569336,110.23999786376953,109.19400787353516,1703800,0.0,0.0,0.0
2025-11-12,110.25,110.25,110.23999786376953,110.25,109.20391845703125,1842200,0.0,0.0,0.0
2025-11-13,110.25,110.26000213623047,110.25,110.26000213623047,109.21381378173828,2135500,0.0,0.0,0.0
2025-11-14,110.29000091552734,110.29000091552734,110.27999877929688,110.29000091552734,109.2435302734375,3229400,0.0,0.0,0.0
2025-11-17,110.29000091552734,110.30000305175781,110.29000091552734,110.30000305175781,109.2534408569336,2194500,0.0,0.0,0.0
2025-11-18,110.30999755859375,110.31999969482422,110.30999755859375,110.31999969482422,109.27324676513672,2445400,0.0,0.0,0.0
2025-11-19,110.31999969482422,110.33000183105469,110.31999969482422,110.33000183105469,109.28314971923828,2480300,0.0,0.0,0.0
2025-11-20,110.33999633789062,110.33999633789062,110.33000183105469,110.33999633789062,109.29305267333984,3212600,0.0,0.0,0.0
2025-11-21,110.37000274658203,110.37999725341797,110.37000274658203,110.37999725341797,109.33267974853516,2488800,0.0,0.0,0.0
2025-11-24,110.37999725341797,110.38999938964844,110.37999725341797,110.38999938964844,109.34259033203125,1975800,0.0,0.0,0.0
2025-11-25,110.4000015258789,110.4000015258789,110.38999938964844,110.4000015258789,109.35248565673828,1860900,0.0,0.0,0.0
2025-11-26,110.41999816894531,110.43000030517578,110.41999816894531,110.41999816894531,109.37229919433594,1898700,0.0,0.0,0.0
2025-11-28,110.45999908447266,110.45999908447266,110.44999694824219,110.44999694824219,109.40200805664062,2504400,0.0,0.0,0.0
2025-12-01,110.12000274658203,110.12000274658203,110.11000061035156,110.12000274658203,109.42387390136719,3505900,0.352,0.0,0.0
2025-12-02,110.12999725341797,110.13999938964844,110.12999725341797,110.13999938964844,109.44374084472656,1888200,0.0,0.0,0.0
2025-12-03,110.1500015258789,110.16000366210938,110.1500015258789,110.16000366210938,109.463623046875,4578500,0.0,0.0,0.0
2025-12-04,110.16999816894531,110.18000030517578,110.16000366210938,110.16000366210938,109.463623046875,3668900,0.0,0.0,0.0
2025-12-05,110.19999694824219,110.20999908447266,110.19999694824219,110.19999694824219,109.50336456298828,2290200,0.0,0.0,0.0
2025-12-08,110.20999908447266,110.22000122070312,110.20999908447266,110.20999908447266,109.5133056640625,2922200,0.0,0.0,0.0
2025-12-09,110.2300033569336,110.2300033569336,110.22000122070312,110.22000122070312,109.52323913574219,2463500,0.0,0.0,0.0
2025-12-10,110.23999786376953,110.25,110.2300033569336,110.25,109.55305480957031,4006500,0.0,0.0,0.0
2025-12-11,110.26000213623047,110.2699966430664,110.25,110.2699966430664,109.57291412353516,2275500,0.0,0.0,0.0
2025-12-12,110.30000305175781,110.30000305175781,110.29000091552734,110.30000305175781,109.60273742675781,1883900,0.0,0.0,0.0
2025-12-15,110.31999969482422,110.31999969482422,110.30999755859375,110.31999969482422,109.62260437011719,2455000,0.0,0.0,0.0
2025-12-16,110.33000183105469,110.33000183105469,110.31999969482422,110.33000183105469,109.6325454711914,2424800,0.0,0.0,0.0
2025-12-17,110.33999633789062,110.33999633789062,110.33000183105469,110.33999633789062,109.6424789428711,1986700,0.0,0.0,0.0
2025-12-18,110.3499984741211,110.36000061035156,110.3499984741211,110.36000061035156,109.662353515625,2101000,0.0,0.0,0.0
2025-12-19,110.0199966430664,110.02999877929688,110.0199966430664,110.0199966430664,109.6792984008789,3193000,0.357,0.0,0.0
2025-12-22,110.02999877929688,110.04000091552734,110.02999877929688,110.04000091552734,109.6992416381836,3061600,0.0,0.0,0.0
2025-12-23,110.04000091552734,110.05000305175781,110.04000091552734,110.04000091552734,109.6992416381836,2922400,0.0,0.0,0.0
2025-12-24,110.05999755859375,110.06999969482422,110.05999755859375,110.06999969482422,109.7291488647461,1539200,0.0,0.0,0.0
2025-12-26,110.0999984741211,110.11000061035156,110.08999633789062,110.11000061035156,109.7690200805664,2439800,0.0,0.0,0.0
2025-12-29,110.11000061035156,110.12000274658203,110.11000061035156,110.11000061035156,109.7690200805664,2178700,0.0,0.0,0.0
2025-12-30,110.12999725341797,110.12999725341797,110.12000274658203,110.12000274658203,109.77899169921875,2135900,0.0,0.0,0.0
2025-12-31,110.13999938964844,110.1500015258789,110.13999938964844,110.1500015258789,109.80889892578125,2338800,0.0,0.0,0.0
2026-01-02,110.16999816894531,110.18000030517578,110.16999816894531,110.16999816894531,109.8288345336914,2411000,0.0,0.0,0.0
2026-01-05,110.18000030517578,110.19000244140625,110.18000030517578,110.19000244140625,109.8487777709961,1921700,0.0,0.0,0.0
2026-01-06,110.19999694824219,110.19999694824219,110.19000244140625,110.19000244140625,109.8487777709961,2899100,0.0,0.0,0.0
2026-01-07,110.20999908447266,110.20999908447266,110.19999694824219,110.20999908447266,109.86871337890625,2450200,0.0,0.0,0.0
2026-01-08,110.22000122070312,110.22000122070312,110.20999908447266,110.22000122070312,109.8786849975586,2781000,0.0,0.0,0.0
2026-01-09,110.23999786376953,110.25,110.23999786376953,110.25,109.9085922241211,2455900,0.0,0.0,0.0
2026-01-12,110.25,110.26000213623047,110.25,110.26000213623047,109.9185562133789,2279800,0.0,0.0,0.0
2026-01-13,110.26000213623047,110.26000213623047,110.25,110.26000213623047,109.9185562133789,2948400,0.0,0.0,0.0
2026-01-14,110.2699966430664,110.2699966430664,110.26000213623047,110.2699966430664,109.92852020263672,2449900,0.0,0.0,0.0
2026-01-15,110.27999877929688,110.27999877929688,110.2699966430664,110.27999877929688,109.93849182128906,2944500,0.0,0.0,0.0
2026-01-16,110.30999755859375,110.31999969482422,110.30999755859375,110.30999755859375,109.96839904785156,2621200,0.0,0.0,0.0
2026-01-20,110.33000183105469,110.33000183105469,110.31999969482422,110.31999969482422,109.9783706665039,3367800,0.0,0.0,0.0
2026-01-21,110.33999633789062,110.33999633789062,110.33000183105469,110.33999633789062,109.99830627441406,3360500,0.0,0.0,0.0
2026-01-22,110.33999633789062,110.3499984741211,110.33999633789062,110.33999633789062,109.99830627441406,4150000,0.0,0.0,0.0
2026-01-23,110.37000274658203,110.37999725341797,110.37000274658203,110.37000274658203,110.0282211303711,2437200,0.0,0.0,0.0
2026-01-26,110.37999725341797,110.38999938964844,110.37999725341797,110.37999725341797,110.0381851196289,1833800,0.0,0.0,0.0
2026-01-27,110.4000015258789,110.4000015258789,110.38999938964844,110.4000015258789,110.0581283569336,2090400,0.0,0.0,0.0
2026-01-28,110.4000015258789,110.41000366210938,110.4000015258789,110.4000015258789,110.0581283569336,1828300,0.0,0.0,0.0
2026-01-29,110.41000366210938,110.41999816894531,110.41000366210938,110.41000366210938,110.06809997558594,3034800,0.0,0.0,0.0
2026-01-30,110.44000244140625,110.44999694824219,110.44000244140625,110.44000244140625,110.0979995727539,3285700,0.0,0.0,0.0
2026-02-02,110.12000274658203,110.12000274658203,110.11000061035156,110.12000274658203,110.12000274658203,3828200,0.342,0.0,0.0
2026-02-03,110.12000274658203,110.12999725341797,110.12000274658203,110.12999725341797,110.12999725341797,3391400,0.0,0.0,0.0
2026-02-04,110.13999938964844,110.13999938964844,110.12999725341797,110.12999725341797,110.12999725341797,3051700,0.0,0.0,0.0
2026-02-05,110.1500015258789,110.16000366210938,110.13999938964844,110.16000366210938,110.16000366210938,3621800,0.0,0.0,0.0
2026-02-06,110.19000244140625,110.19000244140625,110.18000030517578,110.18000030517578,110.18000030517578,5659300,0.0,0.0,0.0
