Date,open,high,low,close,adjclose,volume,dividends,stock_splits,capital_gains
1993-01-29,43.96875,43.96875,43.75,43.9375,24.24139976501465,1003200,0.0,0.0,0.0
1993-02-01,43.96875,44.25,43.96875,44.25,24.413816452026367,480500,0.0,0.0,0.0
1993-02-02,44.21875,44.375,44.125,44.34375,24.46555519104004,201300,0.0,0.0,0.0
1993-02-03,44.40625,44.84375,44.375,44.8125,24.72416877746582,529400,0.0,0.0,0.0
1993-02-04,44.96875,45.09375,44.46875,45.0,24.827611923217773,531500,0.0,0.0,0.0
1993-02-05,44.96875,45.0625,44.71875,44.96875,24.81036949157715,492100,0.0,0.0,0.0
1993-02-08,44.96875,45.125,44.90625,44.96875,24.81036949157715,596100,0.0,0.0,0.0
1993-02-09,44.8125,44.8125,44.5625,44.65625,24.63796043395996,122100,0.0,0.0,0.0
1993-02-10,44.65625,44.75,44.53125,44.71875,24.672439575195312,379600,0.0,0.0,0.0
1993-02-11,44.78125,45.125,44.78125,44.9375,24.79311752319336,19500,0.0,0.0,0.0
1993-02-12,44.875,44.875,44.59375,44.59375,24.603473663330078,42500,0.0,0.0,0.0
1993-02-16,44.46875,44.46875,43.40625,43.46875,23.982791900634766,374800,0.0,0.0,0.0
1993-02-17,43.46875,43.53125,43.28125,43.4375,23.965526580810547,210900,0.0,0.0,0.0
1993-02-18,43.9375,43.9375,42.8125,43.40625,23.948293685913086,378100,0.0,0.0,0.0
1993-02-19,43.40625,43.5625,43.34375,43.5625,24.034509658813477,34900,0.0,0.0,0.0
1993-02-22,43.6875,43.78125,43.5625,43.71875,24.120723724365234,513600,0.0,0.0,0.0
1993-02-23,43.84375,43.875,43.46875,43.6875,24.103471755981445,373700,0.0,0.0,0.0
1993-02-24,43.71875,44.25,43.71875,44.25,24.413816452026367,26300,0.0,0.0,0.0
1993-02-25,44.21875,44.375,44.125,44.34375,24.46555519104004,44500,0.0,0.0,0.0
1993-02-26,44.4375,44.4375,44.1875,44.40625,24.50002098083496,66200,0.0,0.0,0.0
1993-03-01,44.5625,44.5625,44.21875,44.28125,24.431062698364258,66500,0.0,0.0,0.0
1993-03-02,44.3125,44.9375,44.25,44.9375,24.79311752319336,182400,0.0,0.0,0.0
1993-03-03,45.0,45.15625,44.9375,45.125,24.89657211303711,280100,0.0,0.0,0.0
1993-03-04,45.1875,45.1875,44.875,44.875,24.7586612701416,89500,0.0,0.0,0.0
1993-03-05,44.9375,45.125,44.71875,44.75,24.68967628479004,40000,0.0,0.0,0.0
1993-03-08,44.84375,45.75,44.84375,45.75,25.241403579711914,50800,0.0,0.0,0.0
1993-03-09,45.65625,45.6875,45.5,45.59375,25.15519905090332,169300,0.0,0.0,0.0
1993-03-10,45.59375,45.6875,45.40625,45.6875,25.206926345825195,194400,0.0,0.0,0.0
1993-03-11,45.71875,45.84375,45.5,45.5625,25.137958526611328,70900,0.0,0.0,0.0
1993-03-12,45.1875,45.21875,44.8125,45.09375,24.879337310791016,643600,0.0,0.0,0.0
1993-03-15,45.0625,45.3125,45.0625,45.3125,25.000022888183594,310800,0.0,0.0,0.0
1993-03-16,45.3125,45.4375,45.3125,45.3125,25.000022888183594,30800,0.0,0.0,0.0
1993-03-17,45.25,45.25,44.96875,45.03125,24.844844818115234,21800,0.0,0.0,0.0
1993-03-18,45.21875,45.5,45.21875,45.3125,25.000022888183594,59300,0.0,0.0,0.0
1993-03-19,45.28125,45.28125,45.03125,45.03125,24.962186813354492,66900,0.213,0.0,0.0
1993-03-22,44.59375,44.875,44.5625,44.78125,24.8236083984375,183400,0.0,0.0,0.0
1993-03-23,44.90625,44.9375,44.8125,44.875,24.875591278076172,55200,0.0,0.0,0.0
1993-03-24,44.8125,45.0625,44.59375,44.875,24.875591278076172,37200,0.0,0.0,0.0
1993-03-25,44.90625,45.25,44.84375,45.15625,25.031482696533203,110100,0.0,0.0,0.0
1993-03-26,45.125,45.15625,44.875,44.90625,24.89291000366211,101500,0.0,0.0,0.0
1993-03-29,44.9375,45.3125,44.9375,45.09375,24.996843338012695,87100,0.0,0.0,0.0
1993-03-30,45.15625,45.21875,45.09375,45.21875,25.06613540649414,56000,0.0,0.0,0.0
1993-03-31,45.34375,45.46875,45.1875,45.1875,25.048810958862305,111600,0.0,0.0,0.0
1993-04-01,45.25,45.25,44.9375,45.03125,24.962186813354492,129500,0.0,0.0,0.0
1993-04-02,44.65625,44.65625,44.09375,44.09375,24.442514419555664,59400,0.0,0.0,0.0
1993-04-05,44.4375,44.4375,44.1875,44.3125,24.56376838684082,172200,0.0,0.0,0.0
1993-04-06,44.40625,44.40625,44.0625,44.1875,24.494468688964844,129700,0.0,0.0,0.0
1993-04-07,44.25,44.34375,44.15625,44.34375,24.581096649169922,28000,0.0,0.0,0.0
1993-04-08,44.53125,44.53125,44.09375,44.28125,24.54644203186035,180800,0.0,0.0,0.0
1993-04-12,44.71875,44.9375,44.65625,44.90625,24.89291000366211,348500,0.0,0.0,0.0
1993-04-13,44.875,45.15625,44.84375,45.0,24.944868087768555,146100,0.0,0.0,0.0
1993-04-14,45.03125,45.0625,44.90625,44.9375,24.910213470458984,119600,0.0,0.0,0.0
1993-04-15,44.90625,45.03125,44.75,44.9375,24.910213470458984,148600,0.0,0.0,0.0
1993-04-16,44.96875,45.03125,44.875,44.9375,24.910213470458984,47900,0.0,0.0,0.0
1993-04-19,44.9375,45.0625,44.71875,44.75,24.806283950805664,157000,0.0,0.0,0.0
1993-04-20,44.6875,44.75,44.25,44.53125,24.685022354125977,279500,0.0,0.0,0.0
1993-04-21,44.625,44.625,44.375,44.5,24.667709350585938,67900,0.0,0.0,0.0
1993-04-22,44.3125,44.6875,43.9375,43.9375,24.355884552001953,97700,0.0,0.0,0.0
1993-04-23,43.84375,43.96875,43.6875,43.75,24.25196075439453,106000,0.0,0.0,0.0
1993-04-26,43.78125,43.9375,43.28125,43.40625,24.061397552490234,62600,0.0,0.0,0.0
1993-04-27,43.34375,43.875,43.34375,43.875,24.321252822875977,156800,0.0,0.0,0.0
1993-04-28,43.8125,43.90625,43.71875,43.78125,24.26926612854004,85900,0.0,0.0,0.0
1993-04-29,43.875,43.96875,43.625,43.96875,24.373210906982422,85000,0.0,0.0,0.0
1993-04-30,44.125,44.28125,44.03125,44.03125,24.40785789489746,88500,0.0,0.0,0.0
1993-05-03,44.09375,44.3125,43.90625,44.3125,24.56376838684082,80500,0.0,0.0,0.0
1993-05-04,44.40625,44.625,44.34375,44.46875,24.6503849029541,149100,0.0,0.0,0.0
1993-05-05,44.46875,44.75,44.46875,44.59375,24.71967315673828,109000,0.0,0.0,0.0
1993-05-06,44.53125,44.5625,44.40625,44.4375,24.633056640625,54700,0.0,0.0,0.0
1993-05-07,44.46875,44.46875,44.28125,44.34375,24.581096649169922,68000,0.0,0.0,0.0
1993-05-10,44.40625,44.6875,44.40625,44.4375,24.633056640625,113900,0.0,0.0,0.0
1993-05-11,44.4375,44.625,44.3125,44.625,24.736995697021484,42600,0.0,0.0,0.0
1993-05-12,44.4375,44.59375,44.4375,44.5625,24.702346801757812,31000,0.0,0.0,0.0
1993-05-13,44.375,44.375,44.0,44.03125,24.40785789489746,129100,0.0,0.0,0.0
1993-05-14,44.03125,44.15625,43.96875,44.0,24.390544891357422,63500,0.0,0.0,0.0
1993-05-17,44.125,44.15625,43.9375,44.15625,24.477170944213867,34000,0.0,0.0,0.0
1993-05-18,44.1875,44.21875,43.96875,44.125,24.459819793701172,105200,0.0,0.0,0.0
1993-05-19,44.125,45.03125,43.84375,45.03125,24.962186813354492,50200,0.0,0.0,0.0
1993-05-20,45.03125,45.15625,44.9375,45.15625,25.031482696533203,98200,0.0,0.0,0.0
1993-05-21,45.1875,45.25,44.71875,44.75,24.806283950805664,221400,0.0,0.0,0.0
1993-05-24,44.84375,45.09375,44.84375,44.9375,24.910213470458984,30500,0.0,0.0,0.0
1993-05-25,45.125,45.125,45.03125,45.03125,24.962186813354492,191800,0.0,0.0,0.0
1993-05-26,45.15625,45.625,45.125,45.59375,25.274003982543945,102400,0.0,0.0,0.0
1993-05-27,45.65625,45.65625,45.375,45.4375,25.187393188476562,53800,0.0,0.0,0.0
1993-05-28,45.40625,45.40625,45.0,45.21875,25.06613540649414,79100,0.0,0.0,0.0
1993-06-01,45.375,45.8125,45.3125,45.65625,25.30866050720215,28300,0.0,0.0,0.0
1993-06-02,45.53125,45.75,45.34375,45.59375,25.274003982543945,20300,0.0,0.0,0.0
1993-06-03,45.5,45.5,45.34375,45.4375,25.187393188476562,21600,0.0,0.0,0.0
1993-06-04,45.3125,45.3125,45.09375,45.28125,25.100765228271484,32000,0.0,0.0,0.0
1993-06-07,45.375,45.375,45.125,45.125,25.014158248901367,121400,0.0,0.0,0.0
1993-06-08,45.0,45.0,44.71875,44.71875,24.788963317871094,104500,0.0,0.0,0.0
1993-06-09,44.875,45.0625,44.8125,44.875,24.875591278076172,43300,0.0,0.0,0.0
1993-06-10,44.84375,44.9375,44.75,44.90625,24.89291000366211,17900,0.0,0.0,0.0
1993-06-11,45.0625,45.15625,44.90625,45.09375,24.996843338012695,647400,0.0,0.0,0.0
1993-06-14,45.15625,45.1875,45.03125,45.03125,24.962186813354492,64200,0.0,0.0,0.0
1993-06-15,45.09375,45.125,44.9375,44.9375,24.910213470458984,142400,0.0,0.0,0.0
1993-06-16,44.9375,45.03125,44.8125,45.03125,24.962186813354492,330900,0.0,0.0,0.0
1993-06-17,45.125,45.1875,45.03125,45.1875,25.048810958862305,37400,0.0,0.0,0.0
1993-06-18,44.84375,44.84375,44.5,44.5,24.842525482177734,58500,0.318,0.0,0.0
1993-06-21,44.625,44.625,44.53125,44.59375,24.894859313964844,29300,0.0,0.0,0.0
1993-06-22,44.65625,44.65625,44.5625,44.625,24.91231918334961,137500,0.0,0.0,0.0
1993-06-23,44.625,44.625,44.21875,44.21875,24.6855411529541,227600,0.0,0.0,0.0
1993-06-24,44.34375,44.8125,44.34375,44.8125,25.016983032226562,243700,0.0,0.0,0.0
1993-06-25,44.78125,44.90625,44.75,44.78125,24.999536514282227,44800,0.0,0.0,0.0
1993-06-28,45.0,45.28125,44.9375,45.28125,25.278656005859375,439900,0.0,0.0,0.0
1993-06-29,45.21875,45.21875,45.0,45.0625,25.156551361083984,207500,0.0,0.0,0.0
1993-06-30,45.125,45.21875,45.0,45.0625,25.156551361083984,437600,0.0,0.0,0.0
1993-07-01,45.125,45.125,44.875,44.9375,25.086763381958008,605700,0.0,0.0,0.0
1993-07-02,44.78125,44.8125,44.53125,44.6875,24.94719696044922,285400,0.0,0.0,0.0
1993-07-06,44.625,44.75,44.15625,44.21875,24.6855411529541,246400,0.0,0.0,0.0
1993-07-07,44.1875,44.40625,44.1875,44.34375,24.755308151245117,343700,0.0,0.0,0.0
1993-07-08,44.375,44.9375,44.3125,44.84375,25.034427642822266,248200,0.0,0.0,0.0
1993-07-09,44.84375,44.96875,44.75,44.96875,25.104204177856445,378200,0.0,0.0,0.0
1993-07-12,44.90625,44.96875,44.84375,44.9375,25.086763381958008,373700,0.0,0.0,0.0
1993-07-13,44.96875,45.09375,44.65625,44.90625,25.069334030151367,389600,0.0,0.0,0.0
1993-07-14,44.9375,45.1875,44.90625,45.0625,25.156551361083984,617300,0.0,0.0,0.0
1993-07-15,45.03125,45.03125,44.78125,44.875,25.05188751220703,443800,0.0,0.0,0.0
1993-07-16,44.90625,44.9375,44.6875,44.75,24.982097625732422,216400,0.0,0.0,0.0
1993-07-19,44.75,44.75,44.59375,44.71875,24.964649200439453,188200,0.0,0.0,0.0
1993-07-20,44.6875,44.84375,44.46875,44.84375,25.034427642822266,68500,0.0,0.0,0.0
1993-07-21,44.78125,44.8125,44.65625,44.8125,25.016983032226562,142700,0.0,0.0,0.0
1993-07-22,44.75,44.8125,44.5,44.5,24.842525482177734,632400,0.0,0.0,0.0
1993-07-23,44.59375,44.71875,44.5625,44.71875,24.964649200439453,286200,0.0,0.0,0.0
1993-07-26,44.84375,45.0625,44.84375,44.96875,25.104204177856445,121300,0.0,0.0,0.0
1993-07-27,45.0,45.03125,44.78125,44.9375,25.086763381958008,92800,0.0,0.0,0.0
1993-07-28,44.84375,44.9375,44.78125,44.84375,25.034427642822266,30800,0.0,0.0,0.0
1993-07-29,44.9375,45.21875,44.875,45.09375,25.173994064331055,331000,0.0,0.0,0.0
1993-07-30,45.09375,45.09375,44.78125,44.84375,25.034427642822266,75300,0.0,0.0,0.0
1993-08-02,44.90625,45.125,44.90625,44.96875,25.104204177856445,41300,0.0,0.0,0.0
1993-08-03,45.0625,45.1875,44.84375,45.0,25.12167739868164,81600,0.0,0.0,0.0
1993-08-04,45.0,45.09375,44.875,45.0,25.12167739868164,434000,0.0,0.0,0.0
1993-08-05,45.0,45.0,44.84375,44.90625,25.069334030151367,36800,0.0,0.0,0.0
1993-08-06,45.03125,45.0625,44.90625,44.96875,25.104204177856445,402300,0.0,0.0,0.0
1993-08-09,45.09375,45.34375,45.0,45.21875,25.2437801361084,828200,0.0,0.0,0.0
1993-08-10,45.1875,45.21875,45.125,45.1875,25.226333618164062,604900,0.0,0.0,0.0
1993-08-11,45.15625,45.3125,45.15625,45.1875,25.226333618164062,542200,0.0,0.0,0.0
1993-08-12,45.3125,45.3125,44.90625,45.0625,25.156551361083984,303700,0.0,0.0,0.0
1993-08-13,45.09375,45.15625,45.09375,45.125,25.19144630432129,103500,0.0,0.0,0.0
1993-08-16,45.15625,45.5,45.15625,45.375,25.33099937438965,241800,0.0,0.0,0.0
1993-08-17,45.34375,45.53125,45.34375,45.53125,25.418235778808594,369300,0.0,0.0,0.0
1993-08-18,45.6875,45.875,45.65625,45.78125,25.557796478271484,414300,0.0,0.0,0.0
1993-08-19,45.8125,45.8125,45.71875,45.78125,25.557796478271484,28500,0.0,0.0,0.0
1993-08-20,45.6875,45.8125,45.65625,45.8125,25.57524871826172,80700,0.0,0.0,0.0
1993-08-23,45.625,45.75,45.625,45.71875,25.522903442382812,15600,0.0,0.0,0.0
1993-08-24,45.71875,46.21875,45.71875,46.21875,25.802038192749023,273400,0.0,0.0,0.0
1993-08-25,46.21875,46.4375,46.15625,46.25,25.819490432739258,242300,0.0,0.0,0.0
1993-08-26,46.28125,46.53125,46.09375,46.28125,25.83693504333496,120000,0.0,0.0,0.0
1993-08-27,46.15625,46.25,46.15625,46.25,25.819490432739258,25700,0.0,0.0,0.0
1993-08-30,46.28125,46.5,46.28125,46.4375,25.92416763305664,183500,0.0,0.0,0.0
1993-08-31,46.40625,46.5625,46.34375,46.5625,25.99393653869629,66500,0.0,0.0,0.0
1993-09-01,46.40625,46.59375,46.40625,46.5,25.959054946899414,136500,0.0,0.0,0.0
1993-09-02,46.53125,46.59375,46.3125,46.34375,25.871810913085938,472400,0.0,0.0,0.0
1993-09-03,46.3125,46.4375,46.25,46.375,25.88927459716797,630500,0.0,0.0,0.0
1993-09-07,46.375,46.4375,46.0,46.0625,25.71481704711914,196400,0.0,0.0,0.0
1993-09-08,46.0625,46.0625,45.59375,45.90625,25.627573013305664,269900,0.0,0.0,0.0
1993-09-09,45.71875,46.03125,45.71875,46.0,25.679914474487305,239200,0.0,0.0,0.0
1993-09-10,46.125,46.4375,46.0625,46.40625,25.906721115112305,106500,0.0,0.0,0.0
1993-09-13,46.5625,46.5625,46.4375,46.4375,25.92416763305664,66900,0.0,0.0,0.0
1993-09-14,46.3125,46.3125,46.09375,46.25,25.819490432739258,184500,0.0,0.0,0.0
1993-09-15,46.0625,46.40625,45.90625,46.375,25.88927459716797,101000,0.0,0.0,0.0
1993-09-16,46.3125,46.34375,46.15625,46.1875,25.784591674804688,54300,0.0,0.0,0.0
1993-09-17,45.875,45.90625,45.75,45.8125,25.734603881835938,200900,0.286,0.0,0.0
1993-09-20,45.875,45.96875,45.4375,45.4375,25.523944854736328,57800,0.0,0.0,0.0
1993-09-21,45.5,45.5625,44.8125,45.28125,25.436155319213867,318200,0.0,0.0,0.0
1993-09-22,45.4375,45.71875,45.375,45.65625,25.646831512451172,439700,0.0,0.0,0.0
1993-09-23,45.78125,45.9375,45.71875,45.90625,25.787260055541992,88500,0.0,0.0,0.0
1993-09-24,45.84375,45.875,45.71875,45.78125,25.7170352935791,53500,0.0,0.0,0.0
1993-09-27,46.125,46.28125,46.125,46.28125,25.9979190826416,274600,0.0,0.0,0.0
1993-09-28,46.3125,46.3125,46.15625,46.1875,25.945247650146484,158300,0.0,0.0,0.0
1993-09-29,46.1875,46.3125,45.96875,46.03125,25.857484817504883,221000,0.0,0.0,0.0
1993-09-30,46.03125,46.125,45.84375,45.9375,25.80481719970703,99300,0.0,0.0,0.0
1993-10-01,45.875,46.21875,45.8125,46.15625,25.927690505981445,22700,0.0,0.0,0.0
1993-10-04,46.21875,46.21875,46.09375,46.21875,25.96280860900879,1038500,0.0,0.0,0.0
1993-10-05,46.3125,46.3125,46.0,46.15625,25.927690505981445,436500,0.0,0.0,0.0
1993-10-06,46.1875,46.375,46.125,46.125,25.91013526916504,209200,0.0,0.0,0.0
1993-10-07,46.1875,46.1875,45.96875,46.0,25.839923858642578,59400,0.0,0.0,0.0
1993-10-08,46.125,46.15625,45.71875,46.0625,25.875043869018555,54400,0.0,0.0,0.0
1993-10-11,46.15625,46.25,46.15625,46.15625,25.927690505981445,467100,0.0,0.0,0.0
1993-10-12,46.21875,46.25,46.1875,46.21875,25.96280860900879,26200,0.0,0.0,0.0
1993-10-13,46.25,46.25,46.15625,46.21875,25.96280860900879,139100,0.0,0.0,0.0
1993-10-14,46.40625,46.8125,46.28125,46.8125,26.29633331298828,108100,0.0,0.0,0.0
1993-10-15,47.03125,47.15625,46.90625,47.0625,26.436777114868164,1502500,0.0,0.0,0.0
1993-10-18,47.03125,47.03125,46.875,46.9375,26.366546630859375,722400,0.0,0.0,0.0
1993-10-19,46.875,46.96875,46.59375,46.59375,26.17344856262207,880100,0.0,0.0,0.0
1993-10-20,46.75,46.75,46.5625,46.65625,26.208576202392578,230400,0.0,0.0,0.0
1993-10-21,46.6875,46.6875,46.53125,46.59375,26.17344856262207,56200,0.0,0.0,0.0
1993-10-22,46.65625,46.84375,46.375,46.375,26.050573348999023,390700,0.0,0.0,0.0
1993-10-25,46.40625,46.5625,46.28125,46.5,26.12079620361328,114500,0.0,0.0,0.0
1993-10-26,46.46875,46.5,46.3125,46.46875,26.103240966796875,186200,0.0,0.0,0.0
1993-10-27,46.40625,46.53125,46.40625,46.5,26.12079620361328,118400,0.0,0.0,0.0
1993-10-28,46.5625,46.96875,46.5625,46.84375,26.313886642456055,129600,0.0,0.0,0.0
1993-10-29,46.8125,46.875,46.78125,46.84375,26.313886642456055,80700,0.0,0.0,0.0
1993-11-01,46.78125,47.0,46.78125,46.96875,26.384109497070312,36400,0.0,0.0,0.0
1993-11-02,46.90625,47.0,46.65625,46.9375,26.366546630859375,262100,0.0,0.0,0.0
1993-11-03,46.90625,46.90625,46.125,46.34375,26.033010482788086,479100,0.0,0.0,0.0
1993-11-04,46.34375,46.34375,45.8125,45.84375,25.752145767211914,130400,0.0,0.0,0.0
1993-11-05,45.71875,46.0625,45.53125,46.0625,25.875043869018555,363200,0.0,0.0,0.0
1993-11-08,46.09375,46.25,45.96875,46.125,25.91013526916504,367600,0.0,0.0,0.0
1993-11-09,46.4375,46.46875,46.125,46.15625,25.927690505981445,246900,0.0,0.0,0.0
1993-11-10,46.15625,46.5,46.03125,46.5,26.12079620361328,46500,0.0,0.0,0.0
1993-11-11,46.5,46.625,46.34375,46.375,26.050573348999023,88900,0.0,0.0,0.0
1993-11-12,46.46875,46.75,46.4375,46.59375,26.17344856262207,108200,0.0,0.0,0.0
1993-11-15,46.6875,46.6875,46.4375,46.5625,26.155895233154297,243300,0.0,0.0,0.0
1993-11-16,46.65625,46.8125,46.46875,46.78125,26.278783798217773,492600,0.0,0.0,0.0
1993-11-17,46.8125,46.8125,46.40625,46.53125,26.138351440429688,39600,0.0,0.0,0.0
1993-11-18,46.46875,46.5625,46.28125,46.40625,26.06812858581543,240800,0.0,0.0,0.0
1993-11-19,46.25,46.375,46.21875,46.3125,26.01546287536621,106000,0.0,0.0,0.0
1993-11-22,46.1875,46.21875,45.875,46.03125,25.857484817504883,165300,0.0,0.0,0.0
1993-11-23,46.28125,46.3125,46.03125,46.28125,25.9979190826416,89700,0.0,0.0,0.0
1993-11-24,46.40625,46.5,46.34375,46.46875,26.103240966796875,77200,0.0,0.0,0.0
1993-11-26,46.59375,46.59375,46.46875,46.5,26.12079620361328,1019800,0.0,0.0,0.0
1993-11-29,46.625,46.71875,46.3125,46.3125,26.01546287536621,517500,0.0,0.0,0.0
1993-11-30,46.28125,46.5625,46.25,46.34375,26.033010482788086,230000,0.0,0.0,0.0
1993-12-01,46.59375,46.625,46.40625,46.40625,26.06812858581543,379200,0.0,0.0,0.0
1993-12-02,46.5,46.5625,46.40625,46.53125,26.138351440429688,352000,0.0,0.0,0.0
1993-12-03,46.5,46.71875,46.5,46.71875,26.243671417236328,306000,0.0,0.0,0.0
1993-12-06,46.78125,46.9375,46.78125,46.875,26.331438064575195,99500,0.0,0.0,0.0
1993-12-07,46.875,46.90625,46.78125,46.84375,26.313886642456055,88800,0.0,0.0,0.0
1993-12-08,46.84375,46.84375,46.78125,46.84375,26.313886642456055,146700,0.0,0.0,0.0
1993-12-09,46.84375,46.90625,46.625,46.6875,26.22612953186035,416500,0.0,0.0,0.0
1993-12-10,46.71875,46.71875,46.5,46.59375,26.17344856262207,412900,0.0,0.0,0.0
1993-12-13,46.59375,46.875,46.53125,46.875,26.331438064575195,273200,0.0,0.0,0.0
1993-12-14,46.90625,46.90625,46.53125,46.53125,26.138351440429688,41900,0.0,0.0,0.0
1993-12-15,46.59375,46.625,46.46875,46.46875,26.103240966796875,82600,0.0,0.0,0.0
1993-12-16,46.65625,46.65625,46.5625,46.625,26.191003799438477,78200,0.0,0.0,0.0
1993-12-17,46.40625,46.59375,46.375,46.5625,26.334945678710938,104700,0.317,0.0,0.0
1993-12-20,46.53125,46.65625,46.5,46.625,26.37029266357422,68800,0.0,0.0,0.0
1993-12-21,46.5625,46.5625,46.40625,46.46875,26.281925201416016,205700,0.0,0.0,0.0
1993-12-22,46.59375,46.8125,46.5,46.78125,26.458677291870117,410300,0.0,0.0,0.0
1993-12-23,46.75,46.84375,46.6875,46.75,26.44098663330078,533800,0.0,0.0,0.0
1993-12-27,46.75,47.0,46.75,47.0,26.5823974609375,447100,0.0,0.0,0.0
1993-12-28,46.96875,47.125,46.9375,47.09375,26.635417938232422,880600,0.0,0.0,0.0
1993-12-29,47.125,47.15625,47.0,47.03125,26.600065231323242,266700,0.0,0.0,0.0
1993-12-30,47.0,47.0,46.75,46.84375,26.494022369384766,219900,0.0,0.0,0.0
1993-12-31,46.9375,47.0,46.5625,46.59375,26.352622985839844,312900,0.0,0.0,0.0
1994-01-03,46.59375,46.65625,46.40625,46.46875,26.281925201416016,960900,0.0,0.0,0.0
1994-01-04,46.53125,46.65625,46.46875,46.65625,26.38799285888672,164300,0.0,0.0,0.0
1994-01-05,46.71875,46.78125,46.53125,46.75,26.44098663330078,710900,0.0,0.0,0.0
1994-01-06,46.8125,46.84375,46.6875,46.75,26.44098663330078,201000,0.0,0.0,0.0
1994-01-07,46.84375,47.0625,46.71875,47.03125,26.600065231323242,775500,0.0,0.0,0.0
1994-01-10,47.09375,47.59375,46.96875,47.59375,26.9182071685791,593700,0.0,0.0,0.0
1994-01-11,47.5625,47.5625,47.34375,47.5,26.865182876586914,295200,0.0,0.0,0.0
1994-01-12,47.53125,47.53125,47.1875,47.34375,26.77680206298828,158400,0.0,0.0,0.0
1994-01-13,47.21875,47.3125,47.15625,47.21875,26.70610809326172,244300,0.0,0.0,0.0
1994-01-14,47.375,47.5,47.375,47.40625,26.812156677246094,137200,0.0,0.0,0.0
1994-01-17,47.40625,47.46875,47.3125,47.40625,26.812156677246094,17700,0.0,0.0,0.0
1994-01-18,47.46875,47.53125,47.375,47.46875,26.847509384155273,166400,0.0,0.0,0.0
1994-01-19,47.40625,47.46875,47.25,47.34375,26.77680206298828,200800,0.0,0.0,0.0
1994-01-20,47.40625,47.5,47.375,47.46875,26.847509384155273,281100,0.0,0.0,0.0
1994-01-21,47.53125,47.53125,47.34375,47.375,26.794483184814453,85600,0.0,0.0,0.0
1994-01-24,47.34375,47.5625,47.1875,47.1875,26.68842887878418,373800,0.0,0.0,0.0
1994-01-25,47.21875,47.25,47.09375,47.1875,26.68842887878418,310400,0.0,0.0,0.0
1994-01-26,47.1875,47.34375,47.125,47.3125,26.759140014648438,145100,0.0,0.0,0.0
1994-01-27,47.40625,47.8125,47.34375,47.75,27.006576538085938,344500,0.0,0.0,0.0
1994-01-28,47.9375,48.03125,47.875,47.875,27.077287673950195,356500,0.0,0.0,0.0
1994-01-31,48.0625,48.3125,48.0,48.21875,27.27169418334961,313800,0.0,0.0,0.0
1994-02-01,48.15625,48.15625,47.90625,47.96875,27.13029670715332,303600,0.0,0.0,0.0
1994-02-02,48.125,48.28125,48.09375,48.28125,27.307039260864258,307600,0.0,0.0,0.0
1994-02-03,48.1875,48.1875,47.90625,48.0625,27.183319091796875,466100,0.0,0.0,0.0
1994-02-04,48.0625,48.125,46.96875,46.96875,26.564714431762695,1403200,0.0,0.0,0.0
1994-02-07,46.84375,47.3125,46.84375,47.1875,26.68842887878418,516400,0.0,0.0,0.0
1994-02-08,47.28125,47.28125,47.03125,47.21875,26.70610809326172,188200,0.0,0.0,0.0
1994-02-09,47.25,47.4375,47.1875,47.40625,26.812156677246094,144600,0.0,0.0,0.0
1994-02-10,47.375,47.40625,47.0,47.0,26.5823974609375,883900,0.0,0.0,0.0
1994-02-11,47.03125,47.28125,46.8125,47.15625,26.670759201049805,519400,0.0,0.0,0.0
1994-02-14,47.0625,47.375,47.0,47.21875,26.70610809326172,2742100,0.0,0.0,0.0
1994-02-15,47.3125,47.5,47.25,47.46875,26.847509384155273,374700,0.0,0.0,0.0
1994-02-16,47.53125,47.53125,47.34375,47.4375,26.829835891723633,287600,0.0,0.0,0.0
1994-02-17,47.65625,47.6875,47.03125,47.15625,26.670759201049805,342400,0.0,0.0,0.0
1994-02-18,47.1875,47.21875,46.75,46.875,26.511693954467773,313300,0.0,0.0,0.0
1994-02-22,47.0,47.34375,47.0,47.34375,26.77680206298828,154500,0.0,0.0,0.0
1994-02-23,47.40625,47.4375,47.0625,47.21875,26.70610809326172,391700,0.0,0.0,0.0
1994-02-24,47.0625,47.0625,46.5625,46.59375,26.352622985839844,770800,0.0,0.0,0.0
1994-02-25,46.65625,46.8125,46.5625,46.8125,26.476343154907227,531300,0.0,0.0,0.0
1994-02-28,46.9375,47.0625,46.8125,46.8125,26.476343154907227,333000,0.0,0.0,0.0
1994-03-01,46.8125,46.90625,46.375,46.625,26.37029266357422,423600,0.0,0.0,0.0
1994-03-02,46.03125,46.6875,45.90625,46.6875,26.40565299987793,581500,0.0,0.0,0.0
1994-03-03,46.625,46.625,46.4375,46.5625,26.334945678710938,223200,0.0,0.0,0.0
1994-03-04,46.5625,46.8125,46.40625,46.6875,26.40565299987793,595800,0.0,0.0,0.0
1994-03-07,46.84375,47.0,46.84375,46.9375,26.547039031982422,539800,0.0,0.0,0.0
1994-03-08,46.96875,46.96875,46.6875,46.75,26.44098663330078,880300,0.0,0.0,0.0
1994-03-09,46.8125,47.0,46.59375,46.96875,26.564714431762695,2500100,0.0,0.0,0.0
1994-03-10,46.9375,46.9375,46.4375,46.59375,26.352622985839844,207400,0.0,0.0,0.0
1994-03-11,46.65625,46.90625,46.40625,46.84375,26.494022369384766,576600,0.0,0.0,0.0
1994-03-14,47.03125,47.03125,46.84375,46.90625,26.52936363220215,345900,0.0,0.0,0.0
1994-03-15,47.0,47.09375,46.84375,46.875,26.511693954467773,748600,0.0,0.0,0.0
1994-03-16,46.9375,47.25,46.78125,47.25,26.723798751831055,455500,0.0,0.0,0.0
1994-03-17,47.09375,47.3125,47.09375,47.25,26.723798751831055,133000,0.0,0.0,0.0
1994-03-18,46.75,47.03125,46.71875,46.96875,26.71796226501465,365500,0.271,0.0,0.0
1994-03-21,46.8125,46.9375,46.71875,46.84375,26.64685821533203,324800,0.0,0.0,0.0
1994-03-22,46.84375,47.0625,46.75,46.96875,26.71796226501465,435700,0.0,0.0,0.0
1994-03-23,46.9375,47.0625,46.90625,46.9375,26.70016860961914,698500,0.0,0.0,0.0
1994-03-24,46.75,46.84375,46.15625,46.375,26.380216598510742,1200500,0.0,0.0,0.0
1994-03-25,46.40625,46.53125,45.9375,45.9375,26.131330490112305,100900,0.0,0.0,0.0
1994-03-28,46.0,46.0625,45.59375,46.0,26.166889190673828,1117200,0.0,0.0,0.0
1994-03-29,46.0,46.03125,45.09375,45.09375,25.651365280151367,338400,0.0,0.0,0.0
1994-03-30,45.125,45.25,44.46875,44.46875,25.295848846435547,1123900,0.0,0.0,0.0
1994-03-31,44.46875,44.6875,43.53125,44.59375,25.36695098876953,788800,0.0,0.0,0.0
1994-04-04,43.34375,44.03125,43.34375,43.90625,24.975872039794922,2627300,0.0,0.0,0.0
1994-04-05,44.34375,44.8125,44.34375,44.8125,25.49137306213379,1179000,0.0,0.0,0.0
1994-04-06,44.875,44.90625,44.5,44.8125,25.49137306213379,516500,0.0,0.0,0.0
1994-04-07,44.78125,45.125,44.53125,45.03125,25.615816116333008,666100,0.0,0.0,0.0
1994-04-08,44.9375,44.9375,44.46875,44.6875,25.42027473449707,242400,0.0,0.0,0.0
1994-04-11,44.8125,45.0625,44.703125,44.875,25.52693748474121,203300,0.0,0.0,0.0
1994-04-12,44.921875,45.0,44.71875,44.8125,25.49137306213379,1409200,0.0,0.0,0.0
1994-04-13,44.796875,44.90625,44.25,44.578125,25.358057022094727,364100,0.0,0.0,0.0
1994-04-14,44.5,44.828125,44.40625,44.59375,25.36695098876953,419900,0.0,0.0,0.0
1994-04-15,44.578125,44.78125,44.515625,44.59375,25.36695098876953,387300,0.0,0.0,0.0
1994-04-18,44.640625,44.765625,44.15625,44.296875,25.19806480407715,369100,0.0,0.0,0.0
1994-04-19,44.25,44.53125,43.984375,44.359375,25.233623504638672,472200,0.0,0.0,0.0
1994-04-20,44.40625,44.515625,44.078125,44.3125,25.20696258544922,508000,0.0,0.0,0.0
1994-04-21,44.5,44.96875,44.34375,44.90625,25.544723510742188,200300,0.0,0.0,0.0
1994-04-22,45.015625,45.046875,44.734375,44.859375,25.51803970336914,301800,0.0,0.0,0.0
1994-04-25,44.84375,45.359375,44.84375,45.328125,25.78470230102539,394600,0.0,0.0,0.0
1994-04-26,45.265625,45.34375,45.1875,45.28125,25.758024215698242,399000,0.0,0.0,0.0
1994-04-28,45.1875,45.25,44.8125,44.953125,25.571392059326172,287000,0.0,0.0,0.0
1994-04-29,44.875,45.15625,44.8125,45.09375,25.651365280151367,481900,0.0,0.0,0.0
1994-05-02,45.09375,45.71875,44.9375,45.375,25.81136703491211,275000,0.0,0.0,0.0
1994-05-03,45.390625,45.40625,45.0625,45.328125,25.78470230102539,183400,0.0,0.0,0.0
1994-05-04,45.421875,45.421875,45.078125,45.25,25.740259170532227,401900,0.0,0.0,0.0
1994-05-05,45.296875,45.375,45.1875,45.1875,25.7047061920166,659800,0.0,0.0,0.0
1994-05-06,44.96875,44.96875,44.59375,44.75,25.455825805664062,216300,0.0,0.0,0.0
1994-05-09,44.625,44.75,44.28125,44.359375,25.233623504638672,499300,0.0,0.0,0.0
1994-05-10,44.578125,44.84375,44.546875,44.703125,25.429166793823242,583400,0.0,0.0,0.0
1994-05-11,44.65625,44.71875,44.171875,44.296875,25.19806480407715,210600,0.0,0.0,0.0
1994-05-12,44.578125,44.625,44.40625,44.515625,25.3225040435791,305200,0.0,0.0,0.0
1994-05-13,44.640625,44.640625,44.296875,44.515625,25.3225040435791,321300,0.0,0.0,0.0
1994-05-16,44.609375,44.75,44.515625,44.53125,25.331384658813477,450400,0.0,0.0,0.0
1994-05-17,44.5625,45.1875,44.5,45.1875,25.7047061920166,470200,0.0,0.0,0.0
1994-05-18,45.21875,45.6875,45.015625,45.515625,25.891342163085938,824800,0.0,0.0,0.0
1994-05-19,45.421875,45.859375,45.421875,45.734375,26.01578140258789,531000,0.0,0.0,0.0
1994-05-20,45.65625,45.6875,45.5,45.5625,25.918027877807617,370400,0.0,0.0,0.0
1994-05-23,45.515625,45.53125,45.34375,45.484375,25.87356185913086,262700,0.0,0.0,0.0
1994-05-24,45.609375,45.84375,45.609375,45.671875,25.980224609375,549600,0.0,0.0,0.0
1994-05-25,45.5,45.828125,45.34375,45.796875,26.051342010498047,738200,0.0,0.0,0.0
1994-05-26,45.78125,45.9375,45.734375,45.828125,26.069137573242188,369600,0.0,0.0,0.0
1994-05-27,45.75,45.875,45.671875,45.875,26.09578514099121,162000,0.0,0.0,0.0
1994-05-31,45.734375,45.90625,45.65625,45.8125,26.060243606567383,160000,0.0,0.0,0.0
1994-06-01,45.703125,46.015625,45.5625,46.015625,26.17576026916504,200500,0.0,0.0,0.0
1994-06-02,46.046875,46.046875,45.890625,45.96875,26.14910888671875,55100,0.0,0.0,0.0
1994-06-03,46.0,46.390625,45.859375,46.234375,26.300212860107422,550400,0.0,0.0,0.0
1994-06-06,46.328125,46.46875,46.1875,46.21875,26.291332244873047,99300,0.0,0.0,0.0
1994-06-07,46.140625,46.21875,46.03125,46.15625,26.255775451660156,120600,0.0,0.0,0.0
1994-06-08,46.265625,46.265625,45.78125,45.78125,26.042451858520508,131900,0.0,0.0,0.0
1994-06-09,45.984375,46.03125,45.890625,46.03125,26.184659957885742,80500,0.0,0.0,0.0
1994-06-10,46.078125,46.203125,46.078125,46.109375,26.229093551635742,83100,0.0,0.0,0.0
1994-06-13,46.046875,46.1875,46.03125,46.171875,26.264652252197266,109700,0.0,0.0,0.0
1994-06-14,46.3125,46.546875,46.3125,46.53125,26.469087600708008,161000,0.0,0.0,0.0
1994-06-15,46.546875,46.5625,46.3125,46.34375,26.362424850463867,142800,0.0,0.0,0.0
1994-06-16,46.34375,46.46875,46.296875,46.4375,26.415767669677734,44000,0.0,0.0,0.0
1994-06-17,46.15625,46.203125,45.8125,45.875,26.26832389831543,403800,0.305,0.0,0.0
1994-06-20,45.546875,45.625,45.4375,45.484375,26.044633865356445,137400,0.0,0.0,0.0
1994-06-21,45.453125,45.453125,44.90625,45.09375,25.820953369140625,139200,0.0,0.0,0.0
1994-06-22,45.21875,45.421875,45.171875,45.265625,25.919382095336914,279900,0.0,0.0,0.0
1994-06-23,45.34375,45.40625,44.9375,45.0,25.767276763916016,922500,0.0,0.0,0.0
1994-06-24,44.78125,44.78125,44.0,44.0625,25.230457305908203,353800,0.0,0.0,0.0
1994-06-27,44.234375,44.828125,44.015625,44.828125,25.668865203857422,371200,0.0,0.0,0.0
1994-06-28,44.84375,44.84375,44.25,44.609375,25.543611526489258,5382300,0.0,0.0,0.0
1994-06-29,44.671875,45.015625,44.625,44.75,25.62413787841797,311800,0.0,0.0,0.0
1994-06-30,44.828125,44.84375,44.3125,44.46875,25.46307945251465,271900,0.0,0.0,0.0
1994-07-01,44.6875,44.6875,44.375,44.5625,25.51675796508789,406900,0.0,0.0,0.0
1994-07-05,44.65625,44.859375,44.515625,44.796875,25.650972366333008,112000,0.0,0.0,0.0
1994-07-06,44.625,44.8125,44.46875,44.734375,25.615177154541016,174800,0.0,0.0,0.0
1994-07-07,44.734375,44.921875,44.6875,44.921875,25.722553253173828,66700,0.0,0.0,0.0
1994-07-08,44.640625,44.984375,44.625,44.90625,25.713613510131836,148400,0.0,0.0,0.0
1994-07-11,44.9375,45.015625,44.53125,44.75,25.62413787841797,124000,0.0,0.0,0.0
1994-07-12,44.765625,44.828125,44.515625,44.8125,25.659914016723633,257300,0.0,0.0,0.0
1994-07-13,44.828125,45.03125,44.828125,44.890625,25.704662322998047,532700,0.0,0.0,0.0
1994-07-14,45.109375,45.46875,45.078125,45.375,25.982011795043945,494200,0.0,0.0,0.0
1994-07-15,45.34375,45.484375,45.328125,45.390625,25.99095344543457,49100,0.0,0.0,0.0
1994-07-18,45.390625,45.578125,45.390625,45.46875,26.03569984436035,72300,0.0,0.0,0.0
1994-07-19,45.546875,45.5625,45.375,45.375,25.982011795043945,609500,0.0,0.0,0.0
1994-07-20,45.40625,45.40625,45.0625,45.171875,25.865705490112305,185300,0.0,0.0,0.0
1994-07-21,45.171875,45.296875,45.078125,45.265625,25.919382095336914,86300,0.0,0.0,0.0
1994-07-22,45.375,45.40625,45.25,45.34375,25.96412467956543,151600,0.0,0.0,0.0
1994-07-25,45.359375,45.453125,45.3125,45.40625,25.999908447265625,120900,0.0,0.0,0.0
1994-07-26,45.390625,45.421875,45.3125,45.359375,25.973064422607422,489600,0.0,0.0,0.0
1994-07-27,45.359375,45.359375,45.171875,45.359375,25.973064422607422,83200,0.0,0.0,0.0
1994-07-28,45.359375,45.578125,45.359375,45.453125,26.026731491088867,828200,0.0,0.0,0.0
1994-07-29,45.765625,46.046875,45.75,45.90625,26.286212921142578,459100,0.0,0.0,0.0
1994-08-01,45.9375,46.15625,45.890625,46.125,26.41147804260254,486300,0.0,0.0,0.0
1994-08-02,46.28125,46.375,46.03125,46.1875,26.447250366210938,505500,0.0,0.0,0.0
1994-08-03,46.171875,46.234375,46.09375,46.203125,26.45620346069336,144100,0.0,0.0,0.0
1994-08-04,46.171875,46.21875,45.921875,45.9375,26.304086685180664,231700,0.0,0.0,0.0
1994-08-05,45.703125,45.84375,45.65625,45.78125,26.21462631225586,138400,0.0,0.0,0.0
1994-08-08,45.828125,45.9375,45.78125,45.890625,26.277265548706055,328600,0.0,0.0,0.0
1994-08-09,45.71875,45.96875,45.71875,45.96875,26.32199478149414,105900,0.0,0.0,0.0
1994-08-10,46.0,46.1875,45.9375,46.140625,26.4204044342041,840300,0.0,0.0,0.0
1994-08-11,46.03125,46.234375,45.734375,45.96875,26.32199478149414,876200,0.0,0.0,0.0
1994-08-12,46.046875,46.34375,46.046875,46.328125,26.527772903442383,184100,0.0,0.0,0.0
1994-08-15,46.375,46.484375,46.3125,46.3125,26.51883316040039,325900,0.0,0.0,0.0
1994-08-16,46.34375,46.6875,46.15625,46.640625,26.706701278686523,1089500,0.0,0.0,0.0
1994-08-17,46.703125,46.734375,46.578125,46.609375,26.68882179260254,133700,0.0,0.0,0.0
1994-08-18,46.453125,46.5625,46.40625,46.453125,26.599348068237305,620000,0.0,0.0,0.0
1994-08-19,46.46875,46.515625,46.3125,46.421875,26.58145523071289,103200,0.0,0.0,0.0
1994-08-22,46.4375,46.4375,46.28125,46.375,26.554615020751953,79700,0.0,0.0,0.0
1994-08-23,46.578125,46.859375,46.515625,46.640625,26.706701278686523,268600,0.0,0.0,0.0
1994-08-24,46.6875,47.140625,46.671875,47.140625,26.993009567260742,254700,0.0,0.0,0.0
1994-08-25,47.09375,47.203125,46.890625,47.015625,26.921438217163086,147400,0.0,0.0,0.0
1994-08-26,47.125,47.78125,47.125,47.6875,27.306156158447266,339500,0.0,0.0,0.0
1994-08-29,47.8125,47.984375,47.640625,47.65625,27.288272857666016,350300,0.0,0.0,0.0
1994-08-30,47.640625,47.859375,47.578125,47.78125,27.359830856323242,36000,0.0,0.0,0.0
1994-08-31,47.703125,47.890625,47.59375,47.65625,27.288272857666016,356200,0.0,0.0,0.0
1994-09-01,47.5,47.53125,47.328125,47.5,27.198801040649414,294600,0.0,0.0,0.0
1994-09-02,47.71875,47.71875,47.21875,47.296875,27.082490921020508,99600,0.0,0.0,0.0
1994-09-06,47.265625,47.359375,47.125,47.3125,27.09143829345703,229800,0.0,0.0,0.0
1994-09-07,47.421875,47.421875,47.21875,47.265625,27.064599990844727,27900,0.0,0.0,0.0
1994-09-08,47.359375,47.5625,47.34375,47.5,27.198801040649414,284800,0.0,0.0,0.0
1994-09-09,47.03125,47.125,46.8125,47.0,26.91248893737793,488400,0.0,0.0,0.0
1994-09-12,47.0,47.0625,46.78125,46.859375,26.831966400146484,129400,0.0,0.0,0.0
1994-09-13,46.953125,47.125,46.859375,47.0,26.91248893737793,389200,0.0,0.0,0.0
1994-09-14,46.84375,47.109375,46.84375,47.046875,26.939355850219727,423500,0.0,0.0,0.0
1994-09-15,47.171875,47.640625,47.171875,47.640625,27.279327392578125,779800,0.0,0.0,0.0
1994-09-16,47.0,47.140625,46.84375,47.015625,27.085189819335938,571300,0.288,0.0,0.0
1994-09-19,47.125,47.328125,47.015625,47.0625,27.112178802490234,167300,0.0,0.0,0.0
1994-09-20,46.8125,46.859375,46.171875,46.171875,26.599109649658203,355600,0.0,0.0,0.0
1994-09-21,46.3125,46.3125,45.734375,46.171875,26.599109649658203,397500,0.0,0.0,0.0
1994-09-22,46.28125,46.28125,46.015625,46.0625,26.53609275817871,266400,0.0,0.0,0.0
1994-09-23,46.078125,46.171875,45.828125,45.90625,26.446081161499023,176600,0.0,0.0,0.0
1994-09-26,46.078125,46.171875,45.984375,46.140625,26.581096649169922,223000,0.0,0.0,0.0
1994-09-27,46.140625,46.265625,46.0,46.109375,26.563087463378906,479500,0.0,0.0,0.0
1994-09-28,46.359375,46.53125,46.328125,46.46875,26.77013397216797,324000,0.0,0.0,0.0
1994-09-29,46.46875,46.46875,46.09375,46.234375,26.635108947753906,195900,0.0,0.0,0.0
1994-09-30,46.21875,46.4375,46.171875,46.171875,26.599109649658203,5200,0.0,0.0,0.0
1994-10-03,46.203125,46.25,45.984375,46.0625,26.53609275817871,72600,0.0,0.0,0.0
1994-10-04,46.296875,46.296875,45.34375,45.375,26.140029907226562,84200,0.0,0.0,0.0
1994-10-05,45.296875,45.390625,45.0,45.390625,26.149036407470703,461900,0.0,0.0,0.0
1994-10-06,45.421875,45.453125,45.171875,45.25,26.06801986694336,345200,0.0,0.0,0.0
1994-10-07,45.25,45.578125,45.203125,45.453125,26.18503761291504,188700,0.0,0.0,0.0
1994-10-10,45.65625,46.015625,45.640625,45.9375,26.464082717895508,213600,0.0,0.0,0.0
1994-10-11,46.140625,46.75,46.140625,46.625,26.860139846801758,461400,0.0,0.0,0.0
1994-10-12,46.6875,46.75,46.578125,46.6875,26.89615821838379,162400,0.0,0.0,0.0
1994-10-13,47.21875,47.328125,46.796875,46.84375,26.986154556274414,1564500,0.0,0.0,0.0
1994-10-14,47.0,47.0625,46.6875,47.046875,27.103187561035156,72800,0.0,0.0,0.0
1994-10-17,47.0,47.0625,46.90625,46.953125,27.049177169799805,282300,0.0,0.0,0.0
1994-10-18,46.90625,46.90625,46.6875,46.84375,26.986154556274414,132100,0.0,0.0,0.0
1994-10-19,46.671875,47.234375,46.65625,47.0625,27.112178802490234,136700,0.0,0.0,0.0
1994-10-20,47.0625,47.0625,46.609375,46.75,26.932151794433594,290300,0.0,0.0,0.0
1994-10-21,46.625,46.6875,46.359375,46.5625,26.824132919311523,87800,0.0,0.0,0.0
1994-10-24,46.578125,46.765625,46.15625,46.171875,26.599109649658203,149600,0.0,0.0,0.0
1994-10-25,46.015625,46.3125,46.0,46.21875,26.62611961364746,91800,0.0,0.0,0.0
1994-10-26,46.390625,46.4375,46.171875,46.390625,26.725126266479492,201000,0.0,0.0,0.0
1994-10-27,46.5625,46.671875,46.453125,46.671875,26.88714599609375,210300,0.0,0.0,0.0
1994-10-28,46.765625,47.703125,46.765625,47.65625,27.454221725463867,192100,0.0,0.0,0.0
1994-10-31,47.546875,47.59375,47.46875,47.484375,27.3552188873291,36300,0.0,0.0,0.0
1994-11-01,47.28125,47.28125,46.9375,46.953125,27.049177169799805,435200,0.0,0.0,0.0
1994-11-02,46.8125,47.234375,46.6875,46.6875,26.89615821838379,115600,0.0,0.0,0.0
1994-11-03,46.84375,47.015625,46.78125,46.9375,27.040170669555664,87000,0.0,0.0,0.0
1994-11-04,47.15625,47.15625,46.328125,46.328125,26.689123153686523,124400,0.0,0.0,0.0
1994-11-07,46.4375,46.59375,46.3125,46.46875,26.77013397216797,115000,0.0,0.0,0.0
1994-11-08,46.625,46.984375,46.546875,46.828125,26.977157592773438,308300,0.0,0.0,0.0
1994-11-09,47.328125,47.328125,46.5,46.90625,27.022171020507812,318500,0.0,0.0,0.0
1994-11-10,46.9375,47.03125,46.546875,46.578125,26.83313751220703,172100,0.0,0.0,0.0
1994-11-11,46.515625,46.5625,46.28125,46.40625,26.734132766723633,302200,0.0,0.0,0.0
1994-11-14,46.609375,46.859375,46.609375,46.84375,26.986154556274414,181400,0.0,0.0,0.0
1994-11-15,46.796875,47.09375,46.328125,46.6875,26.89615821838379,316900,0.0,0.0,0.0
1994-11-16,46.765625,46.84375,46.609375,46.84375,26.986154556274414,106900,0.0,0.0,0.0
1994-11-17,46.875,46.875,46.34375,46.53125,26.806127548217773,104700,0.0,0.0,0.0
1994-11-18,46.546875,46.625,46.265625,46.46875,26.77013397216797,269300,0.0,0.0,0.0
1994-11-21,46.4375,46.578125,46.0,46.0,26.500099182128906,283100,0.0,0.0,0.0
1994-11-22,45.828125,46.0,45.0,45.0,25.923999786376953,483600,0.0,0.0,0.0
1994-11-23,45.03125,45.265625,44.609375,45.25,26.06801986694336,601600,0.0,0.0,0.0
1994-11-25,45.28125,45.53125,45.28125,45.46875,26.19404411315918,77300,0.0,0.0,0.0
1994-11-28,45.453125,45.6875,45.34375,45.671875,26.311059951782227,79900,0.0,0.0,0.0
1994-11-29,45.65625,45.75,45.5,45.65625,26.302074432373047,105500,0.0,0.0,0.0
1994-11-30,45.890625,45.953125,45.59375,45.59375,26.266056060791016,218800,0.0,0.0,0.0
1994-12-01,45.640625,45.640625,45.046875,45.140625,26.005008697509766,439000,0.0,0.0,0.0
1994-12-02,45.046875,45.5625,45.046875,45.5625,26.248043060302734,318500,0.0,0.0,0.0
1994-12-05,45.65625,45.8125,45.5,45.609375,26.275054931640625,139200,0.0,0.0,0.0
1994-12-06,45.4375,45.65625,45.359375,45.640625,26.293046951293945,249900,0.0,0.0,0.0
1994-12-07,45.359375,45.5,45.265625,45.3125,26.104019165039062,531900,0.0,0.0,0.0
1994-12-08,45.5,45.5625,44.75,44.875,25.851985931396484,261500,0.0,0.0,0.0
1994-12-09,44.875,45.078125,44.6875,45.046875,25.95100212097168,235900,0.0,0.0,0.0
1994-12-12,44.953125,45.34375,44.953125,45.34375,26.12203025817871,151100,0.0,0.0,0.0
1994-12-13,45.3125,45.53125,45.3125,45.515625,26.221046447753906,70900,0.0,0.0,0.0
1994-12-14,45.453125,45.953125,45.453125,45.75,26.35605239868164,203300,0.0,0.0,0.0
1994-12-15,45.8125,46.03125,45.8125,45.890625,26.437074661254883,130100,0.0,0.0,0.0
1994-12-16,45.671875,45.84375,45.625,45.75,26.566200256347656,266100,0.363,0.0,0.0
1994-12-19,45.75,45.84375,45.609375,45.8125,26.602506637573242,1120200,0.0,0.0,0.0
1994-12-20,45.859375,45.890625,45.671875,45.671875,26.520841598510742,675600,0.0,0.0,0.0
1994-12-21,45.703125,46.265625,45.703125,46.15625,26.802122116088867,544500,0.0,0.0,0.0
1994-12-22,46.15625,46.203125,45.96875,46.015625,26.720447540283203,222000,0.0,0.0,0.0
1994-12-23,45.984375,46.171875,45.984375,46.0625,26.747657775878906,125800,0.0,0.0,0.0
1994-12-27,46.21875,46.40625,46.1875,46.3125,26.89284896850586,95200,0.0,0.0,0.0
1994-12-28,46.359375,46.359375,45.96875,46.078125,26.756744384765625,358200,0.0,0.0,0.0
1994-12-29,46.25,46.25,46.0625,46.109375,26.774890899658203,220100,0.0,0.0,0.0
1994-12-30,46.203125,46.25,45.5625,45.5625,26.457338333129883,2209500,0.0,0.0,0.0
1995-01-03,45.703125,45.84375,45.6875,45.78125,26.58435821533203,324300,0.0,0.0,0.0
1995-01-04,45.984375,46.0,45.75,46.0,26.711374282836914,351800,0.0,0.0,0.0
1995-01-05,46.03125,46.109375,45.953125,46.0,26.711374282836914,89800,0.0,0.0,0.0
1995-01-06,46.09375,46.25,45.90625,46.046875,26.73859214782715,448400,0.0,0.0,0.0
1995-01-09,46.03125,46.09375,46.0,46.09375,26.76580810546875,36800,0.0,0.0,0.0
1995-01-10,46.203125,46.390625,46.140625,46.140625,26.79303741455078,229800,0.0,0.0,0.0
1995-01-11,46.296875,46.296875,45.8125,46.171875,26.811182022094727,222400,0.0,0.0,0.0
1995-01-12,46.125,46.21875,46.03125,46.1875,26.82026481628418,40300,0.0,0.0,0.0
1995-01-13,46.4375,46.734375,46.375,46.734375,27.1378231048584,170600,0.0,0.0,0.0
1995-01-16,46.71875,47.03125,46.71875,47.015625,27.30113983154297,105100,0.0,0.0,0.0
1995-01-17,46.921875,47.0625,46.859375,47.03125,27.310203552246094,89500,0.0,0.0,0.0
1995-01-18,47.0,47.078125,46.875,46.984375,27.28298568725586,84500,0.0,0.0,0.0
1995-01-19,46.828125,46.875,46.6875,46.71875,27.128738403320312,139100,0.0,0.0,0.0
1995-01-20,46.65625,46.671875,46.453125,46.546875,27.028945922851562,78700,0.0,0.0,0.0
1995-01-23,46.234375,46.6875,46.203125,46.6875,27.1106014251709,53700,0.0,0.0,0.0
1995-01-24,46.671875,46.75,46.640625,46.75,27.14688491821289,32400,0.0,0.0,0.0
1995-01-25,46.515625,47.046875,46.515625,46.875,27.2194766998291,15700,0.0,0.0,0.0
1995-01-26,46.84375,46.984375,46.75,46.921875,27.246692657470703,9800,0.0,0.0,0.0
1995-01-27,47.234375,47.234375,46.921875,47.109375,27.35556983947754,91200,0.0,0.0,0.0
1995-01-30,47.015625,47.046875,46.84375,46.90625,27.237632751464844,26600,0.0,0.0,0.0
1995-01-31,47.0,47.171875,46.921875,47.09375,27.346508026123047,127500,0.0,0.0,0.0
1995-02-01,47.15625,47.328125,47.0,47.078125,27.337430953979492,380200,0.0,0.0,0.0
1995-02-02,47.0625,47.359375,47.0625,47.359375,27.500764846801758,131700,0.0,0.0,0.0
1995-02-03,47.65625,48.109375,47.578125,48.03125,27.890901565551758,405100,0.0,0.0,0.0
1995-02-06,48.015625,48.375,47.96875,48.234375,28.008848190307617,405400,0.0,0.0,0.0
1995-02-07,48.3125,48.3125,48.140625,48.296875,28.045122146606445,702900,0.0,0.0,0.0
1995-02-08,48.234375,48.46875,48.203125,48.296875,28.045122146606445,521500,0.0,0.0,0.0
1995-02-09,48.21875,48.296875,48.125,48.296875,28.045122146606445,390700,0.0,0.0,0.0
1995-02-10,48.234375,48.359375,48.09375,48.359375,28.0814266204834,148300,0.0,0.0,0.0
1995-02-13,48.328125,48.46875,48.328125,48.375,28.09051513671875,79700,0.0,0.0,0.0
1995-02-14,48.53125,48.53125,48.25,48.4375,28.126779556274414,170200,0.0,0.0,0.0
1995-02-15,48.4375,48.765625,48.390625,48.703125,28.28104019165039,431500,0.0,0.0,0.0
1995-02-16,48.640625,48.6875,48.5,48.640625,28.2447509765625,99300,0.0,0.0,0.0
1995-02-17,48.59375,48.625,48.4375,48.453125,28.13585662841797,49100,0.0,0.0,0.0
1995-02-21,48.453125,48.53125,48.421875,48.4375,28.126779556274414,168000,0.0,0.0,0.0
1995-02-22,48.484375,48.796875,48.453125,48.796875,28.33548355102539,386400,0.0,0.0,0.0
1995-02-23,48.984375,49.15625,48.859375,48.875,28.380834579467773,402800,0.0,0.0,0.0
1995-02-24,48.9375,49.015625,48.8125,49.0,28.453420639038086,307600,0.0,0.0,0.0
1995-02-27,48.859375,49.0,48.53125,48.609375,28.226587295532227,280900,0.0,0.0,0.0
1995-02-28,48.5625,49.015625,48.5625,49.015625,28.462505340576172,493500,0.0,0.0,0.0
1995-03-01,48.96875,49.03125,48.65625,48.703125,28.28104019165039,242600,0.0,0.0,0.0
1995-03-02,48.6875,48.765625,48.546875,48.765625,28.317319869995117,488600,0.0,0.0,0.0
1995-03-03,48.609375,48.78125,48.484375,48.78125,28.32639503479004,290000,0.0,0.0,0.0
1995-03-06,48.453125,48.8125,48.390625,48.8125,28.344552993774414,85700,0.0,0.0,0.0
1995-03-07,48.640625,48.75,48.21875,48.4375,28.126779556274414,180900,0.0,0.0,0.0
1995-03-08,48.515625,48.625,48.34375,48.5625,28.199369430541992,155900,0.0,0.0,0.0
1995-03-09,48.546875,48.59375,48.421875,48.546875,28.19029426574707,63500,0.0,0.0,0.0
1995-03-10,48.59375,49.390625,48.53125,49.265625,28.607666015625,192100,0.0,0.0,0.0
1995-03-13,49.234375,49.390625,49.171875,49.21875,28.580442428588867,261300,0.0,0.0,0.0
1995-03-14,49.359375,49.640625,49.359375,49.578125,28.78912925720215,223300,0.0,0.0,0.0
1995-03-15,49.5,49.578125,49.296875,49.484375,28.73469352722168,278500,0.0,0.0,0.0
1995-03-16,49.4375,49.8125,49.4375,49.78125,28.90708351135254,20400,0.0,0.0,0.0
1995-03-17,49.4375,49.625,49.40625,49.5625,28.93583869934082,89900,0.268,0.0,0.0
1995-03-20,49.625,49.625,49.46875,49.5625,28.93583869934082,91700,0.0,0.0,0.0
1995-03-21,49.5625,49.875,49.359375,49.4375,28.862865447998047,104400,0.0,0.0,0.0
1995-03-22,49.53125,49.53125,49.328125,49.484375,28.890228271484375,74900,0.0,0.0,0.0
1995-03-23,49.421875,49.65625,49.359375,49.515625,28.908456802368164,220500,0.0,0.0,0.0
1995-03-24,49.671875,50.21875,49.671875,50.21875,29.318973541259766,134000,0.0,0.0,0.0
1995-03-27,50.296875,50.421875,50.171875,50.421875,29.437572479248047,132100,0.0,0.0,0.0
1995-03-28,50.296875,50.421875,50.234375,50.421875,29.437572479248047,121900,0.0,0.0,0.0
1995-03-29,50.375,50.890625,50.125,50.40625,29.428443908691406,246100,0.0,0.0,0.0
1995-03-30,50.515625,50.515625,50.109375,50.3125,29.37371253967285,298400,0.0,0.0,0.0
1995-03-31,49.921875,50.171875,49.546875,50.109375,29.255126953125,541300,0.0,0.0,0.0
1995-04-03,50.09375,50.234375,50.0625,50.234375,29.328088760375977,193300,0.0,0.0,0.0
1995-04-04,50.25,50.5625,50.25,50.5625,29.519655227661133,66900,0.0,0.0,0.0
1995-04-05,50.453125,50.609375,50.421875,50.5625,29.519655227661133,107200,0.0,0.0,0.0
1995-04-06,50.6875,50.796875,50.59375,50.75,29.629135131835938,352500,0.0,0.0,0.0
1995-04-07,50.859375,50.859375,50.46875,50.703125,29.601764678955078,361400,0.0,0.0,0.0
1995-04-10,50.625,50.796875,50.59375,50.796875,29.656503677368164,285400,0.0,0.0,0.0
1995-04-11,50.921875,50.9375,50.59375,50.625,29.556154251098633,250300,0.0,0.0,0.0
1995-04-12,50.703125,50.796875,50.609375,50.796875,29.656503677368164,150900,0.0,0.0,0.0
1995-04-13,50.890625,51.09375,50.859375,51.078125,29.8206844329834,243400,0.0,0.0,0.0
1995-04-17,51.265625,51.3125,50.625,50.78125,29.64738655090332,178900,0.0,0.0,0.0
1995-04-18,50.828125,50.828125,50.484375,50.609375,29.54701805114746,329500,0.0,0.0,0.0
1995-04-19,50.609375,50.71875,50.296875,50.5625,29.519655227661133,223000,0.0,0.0,0.0
1995-04-20,50.703125,50.78125,50.4375,50.640625,29.565279006958008,207900,0.0,0.0,0.0
1995-04-21,50.65625,50.90625,50.65625,50.890625,29.711231231689453,145000,0.0,0.0,0.0
1995-04-24,50.859375,51.484375,50.859375,51.484375,30.057876586914062,169000,0.0,0.0,0.0
1995-04-25,51.40625,51.484375,51.3125,51.34375,29.97576904296875,293200,0.0,0.0,0.0
1995-04-26,51.25,51.421875,51.125,51.390625,30.00313949584961,204400,0.0,0.0,0.0
1995-04-27,51.3125,51.546875,51.28125,51.515625,30.076128005981445,502200,0.0,0.0,0.0
1995-04-28,51.5,51.671875,51.171875,51.59375,30.121723175048828,130800,0.0,0.0,0.0
1995-05-01,51.546875,51.65625,51.453125,51.453125,30.039628982543945,518700,0.0,0.0,0.0
1995-05-02,51.5,51.640625,51.390625,51.5625,30.10349464416504,228400,0.0,0.0,0.0
1995-05-03,51.734375,52.28125,51.734375,52.28125,30.523090362548828,724700,0.0,0.0,0.0
1995-05-04,52.34375,52.6875,52.125,52.25,30.504867553710938,311400,0.0,0.0,0.0
1995-05-05,52.46875,52.46875,52.078125,52.1875,30.46839714050293,314900,0.0,0.0,0.0
1995-05-08,52.140625,52.734375,52.09375,52.5625,30.687307357788086,183100,0.0,0.0,0.0
1995-05-09,52.78125,52.84375,52.4375,52.515625,30.65993881225586,180600,0.0,0.0,0.0
1995-05-10,52.65625,52.671875,52.328125,52.578125,30.696447372436523,330300,0.0,0.0,0.0
1995-05-11,52.65625,52.71875,52.484375,52.71875,30.778539657592773,351700,0.0,0.0,0.0
1995-05-12,52.515625,52.875,52.5,52.75,30.79676628112793,94600,0.0,0.0,0.0
1995-05-15,52.890625,53.0,52.78125,53.0,30.942712783813477,147200,0.0,0.0,0.0
1995-05-16,52.984375,53.15625,52.890625,53.03125,30.960979461669922,221600,0.0,0.0,0.0
1995-05-17,53.03125,53.046875,52.78125,52.828125,30.842384338378906,189200,0.0,0.0,0.0
1995-05-18,52.734375,52.765625,52.0625,52.0625,30.39539909362793,577800,0.0,0.0,0.0
1995-05-19,51.984375,52.1875,51.90625,52.09375,30.413650512695312,363900,0.0,0.0,0.0
1995-05-22,52.265625,52.75,52.234375,52.671875,30.751163482666016,216000,0.0,0.0,0.0
1995-05-23,52.765625,53.15625,52.609375,53.15625,31.03395652770996,136800,0.0,0.0,0.0
1995-05-24,53.25,53.421875,52.796875,53.125,31.015724182128906,370800,0.0,0.0,0.0
1995-05-25,52.96875,53.21875,52.71875,53.171875,31.0430850982666,379900,0.0,0.0,0.0
1995-05-26,52.96875,52.984375,52.359375,52.5625,30.687307357788086,518600,0.0,0.0,0.0
1995-05-30,52.6875,52.828125,52.375,52.546875,30.67818832397461,61500,0.0,0.0,0.0
1995-05-31,52.453125,53.640625,52.453125,53.640625,31.316753387451172,564500,0.0,0.0,0.0
1995-06-01,53.40625,53.90625,53.25,53.5,31.234668731689453,810100,0.0,0.0,0.0
1995-06-02,53.28125,53.921875,53.09375,53.546875,31.262004852294922,112900,0.0,0.0,0.0
1995-06-05,53.546875,54.046875,53.5,53.875,31.453596115112305,257200,0.0,0.0,0.0
1995-06-06,53.828125,54.015625,53.78125,53.78125,31.398845672607422,165800,0.0,0.0,0.0
1995-06-07,53.671875,53.703125,53.4375,53.5,31.234668731689453,41900,0.0,0.0,0.0
1995-06-08,53.484375,53.640625,53.375,53.375,31.161684036254883,141100,0.0,0.0,0.0
1995-06-09,53.265625,53.328125,52.75,53.0625,30.979215621948242,304900,0.0,0.0,0.0
1995-06-12,53.234375,53.578125,53.203125,53.359375,31.152538299560547,378500,0.0,0.0,0.0
1995-06-13,53.609375,53.96875,53.5625,53.9375,31.49005889892578,120000,0.0,0.0,0.0
1995-06-14,53.859375,53.953125,53.6875,53.890625,31.46270179748535,389400,0.0,0.0,0.0
1995-06-15,53.96875,54.234375,53.875,54.125,31.599533081054688,274500,0.0,0.0,0.0
1995-06-16,53.703125,53.96875,53.703125,53.96875,31.693355560302734,325100,0.316,0.0,0.0
1995-06-19,54.125,54.609375,54.09375,54.578125,32.051204681396484,134600,0.0,0.0,0.0
1995-06-20,54.421875,54.609375,54.390625,54.4375,31.968647003173828,287800,0.0,0.0,0.0
1995-06-21,54.609375,54.65625,54.40625,54.40625,31.95025634765625,158200,0.0,0.0,0.0
1995-06-22,54.640625,55.15625,54.640625,55.125,32.37236785888672,297000,0.0,0.0,0.0
1995-06-23,55.0,55.03125,54.84375,55.015625,32.308135986328125,315400,0.0,0.0,0.0
1995-06-26,54.859375,54.953125,54.359375,54.359375,31.922760009765625,132900,0.0,0.0,0.0
1995-06-27,54.34375,54.703125,54.21875,54.25,31.858510971069336,127700,0.0,0.0,0.0
1995-06-28,54.25,54.75,54.078125,54.53125,32.023685455322266,212600,0.0,0.0,0.0
1995-06-29,54.53125,54.671875,54.0625,54.4375,31.968647003173828,89200,0.0,0.0,0.0
1995-06-30,54.546875,54.734375,54.296875,54.40625,31.95025634765625,714100,0.0,0.0,0.0
1995-07-03,54.46875,54.609375,54.46875,54.609375,32.069557189941406,9500,0.0,0.0,0.0
1995-07-05,54.765625,55.0625,54.640625,54.8125,32.18885040283203,409300,0.0,0.0,0.0
1995-07-06,54.828125,55.515625,54.71875,55.515625,32.60176467895508,202500,0.0,0.0,0.0
1995-07-07,55.40625,55.78125,55.375,55.765625,32.74856948852539,481700,0.0,0.0,0.0
1995-07-10,55.8125,55.953125,55.703125,55.796875,32.76691436767578,400400,0.0,0.0,0.0
1995-07-11,55.75,55.796875,55.453125,55.53125,32.61094284057617,420500,0.0,0.0,0.0
1995-07-12,55.640625,56.3125,55.53125,56.21875,33.01466369628906,203400,0.0,0.0,0.0
1995-07-13,56.140625,56.265625,56.03125,56.09375,32.94126510620117,215600,0.0,0.0,0.0
1995-07-14,55.796875,56.09375,55.75,56.046875,32.91374969482422,543700,0.0,0.0,0.0
1995-07-17,56.125,56.421875,56.078125,56.359375,33.09725570678711,171500,0.0,0.0,0.0
1995-07-18,56.265625,56.265625,55.828125,55.875,32.81278991699219,221200,0.0,0.0,0.0
1995-07-19,55.65625,55.71875,54.203125,55.265625,32.454959869384766,486600,0.0,0.0,0.0
1995-07-20,55.328125,55.578125,55.03125,55.46875,32.5742301940918,318900,0.0,0.0,0.0
1995-07-21,55.421875,55.625,55.1875,55.40625,32.53753662109375,94000,0.0,0.0,0.0
1995-07-24,55.484375,55.875,55.484375,55.8125,32.77610778808594,108400,0.0,0.0,0.0
1995-07-25,55.875,56.3125,55.703125,56.234375,33.02385330200195,107400,0.0,0.0,0.0
1995-07-26,56.203125,56.46875,56.171875,56.1875,32.99634552001953,167800,0.0,0.0,0.0
1995-07-27,56.453125,56.703125,56.453125,56.65625,33.271583557128906,187700,0.0,0.0,0.0
1995-07-28,56.703125,56.703125,56.25,56.296875,33.060543060302734,415600,0.0,0.0,0.0
1995-07-31,56.34375,56.390625,56.03125,56.15625,32.97797393798828,342500,0.0,0.0,0.0
1995-08-01,56.234375,56.234375,55.75,56.0625,32.92292404174805,141000,0.0,0.0,0.0
1995-08-02,56.390625,56.796875,55.84375,55.9375,32.84950637817383,240400,0.0,0.0,0.0
1995-08-03,55.546875,55.953125,55.453125,55.921875,32.84035110473633,1193600,0.0,0.0,0.0
1995-08-04,56.03125,56.078125,55.921875,55.984375,32.87704849243164,240500,0.0,0.0,0.0
1995-08-07,56.109375,56.28125,56.078125,56.109375,32.95044708251953,193100,0.0,0.0,0.0
1995-08-08,56.140625,56.3125,55.9375,56.109375,32.95044708251953,951900,0.0,0.0,0.0
1995-08-09,56.296875,56.296875,56.046875,56.09375,32.94126510620117,107100,0.0,0.0,0.0
1995-08-10,56.15625,56.28125,55.734375,55.96875,32.86786651611328,280800,0.0,0.0,0.0
1995-08-11,55.921875,55.984375,55.421875,55.65625,32.68435287475586,257200,0.0,0.0,0.0
1995-08-14,55.796875,56.15625,55.671875,56.15625,32.97797393798828,254800,0.0,0.0,0.0
1995-08-15,56.140625,56.140625,55.65625,56.046875,32.91374969482422,44400,0.0,0.0,0.0
1995-08-16,56.0,56.203125,55.9375,56.203125,33.00550079345703,374900,0.0,0.0,0.0
1995-08-17,56.234375,56.234375,55.90625,56.109375,32.95044708251953,353800,0.0,0.0,0.0
1995-08-18,56.390625,56.40625,56.125,56.171875,32.98716354370117,85400,0.0,0.0,0.0
1995-08-21,56.40625,56.640625,56.0,56.015625,32.895389556884766,266700,0.0,0.0,0.0
1995-08-22,56.09375,56.21875,55.8125,56.125,32.95964431762695,220200,0.0,0.0,0.0
1995-08-23,56.171875,56.203125,55.921875,55.921875,32.84035110473633,176500,0.0,0.0,0.0
1995-08-24,55.9375,56.09375,55.75,55.984375,32.87704849243164,167400,0.0,0.0,0.0
1995-08-25,56.078125,56.390625,56.078125,56.296875,33.060543060302734,195000,0.0,0.0,0.0
1995-08-28,56.453125,56.453125,56.0,56.09375,32.94126510620117,293000,0.0,0.0,0.0
1995-08-29,56.15625,56.25,55.765625,56.234375,33.02385330200195,1133100,0.0,0.0,0.0
1995-08-30,56.28125,56.421875,56.21875,56.359375,33.09725570678711,437400,0.0,0.0,0.0
1995-08-31,56.34375,56.5,56.296875,56.40625,33.124778747558594,491900,0.0,0.0,0.0
1995-09-01,56.390625,56.75,56.34375,56.65625,33.271583557128906,629900,0.0,0.0,0.0
1995-09-05,56.828125,57.21875,56.734375,57.1875,33.583587646484375,272200,0.0,0.0,0.0
1995-09-06,57.234375,57.359375,57.21875,57.296875,33.64781188964844,214500,0.0,0.0,0.0
1995-09-07,57.359375,57.390625,57.25,57.328125,33.66615295410156,258800,0.0,0.0,0.0
1995-09-08,57.546875,57.546875,57.171875,57.546875,33.79462432861328,107300,0.0,0.0,0.0
1995-09-11,57.640625,57.8125,57.640625,57.703125,33.88637161254883,260700,0.0,0.0,0.0
1995-09-12,57.71875,57.96875,57.578125,57.96875,34.04235076904297,139500,0.0,0.0,0.0
1995-09-13,57.90625,58.3125,57.890625,58.234375,34.1983642578125,239800,0.0,0.0,0.0
1995-09-14,58.4375,58.8125,58.28125,58.765625,34.51032638549805,457600,0.0,0.0,0.0
1995-09-15,58.40625,58.578125,58.203125,58.4375,34.50080871582031,431200,0.312,0.0,0.0
1995-09-18,58.234375,58.265625,57.9375,58.21875,34.37166213989258,307500,0.0,0.0,0.0
1995-09-19,58.328125,58.53125,58.125,58.5,34.537715911865234,549600,0.0,0.0,0.0
1995-09-20,58.59375,58.78125,58.546875,58.78125,34.70377731323242,290800,0.0,0.0,0.0
1995-09-21,58.703125,58.75,58.0625,58.296875,34.41779708862305,508500,0.0,0.0,0.0
1995-09-22,57.828125,58.375,57.78125,58.3125,34.4270133972168,449900,0.0,0.0,0.0
1995-09-25,58.375,58.375,58.015625,58.21875,34.37166213989258,130000,0.0,0.0,0.0
1995-09-26,58.390625,58.53125,58.0625,58.203125,34.36241912841797,466600,0.0,0.0,0.0
1995-09-27,57.953125,58.1875,57.59375,58.15625,34.33476257324219,654400,0.0,0.0,0.0
1995-09-28,58.203125,58.59375,58.15625,58.59375,34.59306716918945,456200,0.0,0.0,0.0
1995-09-29,58.546875,58.90625,58.40625,58.484375,34.52850341796875,606600,0.0,0.0,0.0
1995-10-02,58.484375,58.625,58.046875,58.1875,34.35321807861328,293100,0.0,0.0,0.0
1995-10-03,58.1875,58.34375,57.953125,58.25,34.39012145996094,839700,0.0,0.0,0.0
1995-10-04,58.28125,58.28125,58.109375,58.1875,34.35321807861328,248800,0.0,0.0,0.0
1995-10-05,58.25,58.359375,58.09375,58.359375,34.45469284057617,268800,0.0,0.0,0.0
1995-10-06,58.390625,58.578125,58.390625,58.40625,34.48236846923828,75300,0.0,0.0,0.0
1995-10-09,58.1875,58.21875,57.8125,57.921875,34.196407318115234,358200,0.0,0.0,0.0
1995-10-10,57.328125,57.890625,57.265625,57.890625,34.17792892456055,360800,0.0,0.0,0.0
1995-10-11,58.09375,58.09375,57.875,58.078125,34.288658142089844,228100,0.0,0.0,0.0
1995-10-12,58.125,58.46875,58.125,58.4375,34.50080871582031,199800,0.0,0.0,0.0
1995-10-13,58.703125,58.859375,58.625,58.625,34.61149978637695,488100,0.0,0.0,0.0
1995-10-16,58.453125,58.5625,58.34375,58.34375,34.445465087890625,443600,0.0,0.0,0.0
1995-10-17,58.40625,58.796875,58.296875,58.734375,34.67606735229492,146000,0.0,0.0,0.0
1995-10-18,59.015625,59.09375,58.71875,58.90625,34.777565002441406,228100,0.0,0.0,0.0
1995-10-19,58.875,59.1875,58.796875,59.1875,34.943607330322266,500600,0.0,0.0,0.0
1995-10-20,59.140625,59.1875,58.828125,58.828125,34.731422424316406,748400,0.0,0.0,0.0
1995-10-23,58.546875,58.8125,58.546875,58.703125,34.65761947631836,533000,0.0,0.0,0.0
1995-10-24,58.78125,58.84375,58.625,58.765625,34.69453430175781,172200,0.0,0.0,0.0
1995-10-25,58.8125,58.890625,58.28125,58.28125,34.40856170654297,302700,0.0,0.0,0.0
1995-10-26,58.375,58.421875,57.28125,57.75,34.094932556152344,606800,0.0,0.0,0.0
1995-10-27,57.6875,58.1875,57.421875,58.1875,34.35321807861328,905800,0.0,0.0,0.0
1995-10-30,58.328125,58.59375,58.328125,58.5625,34.57462692260742,488700,0.0,0.0,0.0
1995-10-31,58.71875,58.84375,58.3125,58.3125,34.4270133972168,508200,0.0,0.0,0.0
1995-11-01,58.28125,58.78125,58.234375,58.78125,34.70377731323242,415700,0.0,0.0,0.0
1995-11-02,58.6875,59.15625,58.6875,59.15625,34.92517852783203,326000,0.0,0.0,0.0
1995-11-03,59.234375,59.25,59.0625,59.234375,34.97129821777344,615000,0.0,0.0,0.0
1995-11-06,59.21875,59.21875,59.015625,59.03125,34.85136795043945,311200,0.0,0.0,0.0
1995-11-07,59.0,59.0,58.625,58.8125,34.72221374511719,358200,0.0,0.0,0.0
1995-11-08,58.890625,59.375,58.890625,59.34375,35.035850524902344,357200,0.0,0.0,0.0
1995-11-09,59.578125,59.578125,59.28125,59.5625,35.16500473022461,503700,0.0,0.0,0.0
1995-11-10,59.234375,59.609375,59.21875,59.53125,35.14655685424805,795600,0.0,0.0,0.0
1995-11-13,59.421875,59.65625,59.3125,59.46875,35.10966110229492,818500,0.0,0.0,0.0
1995-11-14,59.359375,59.484375,59.078125,59.078125,34.87903594970703,341800,0.0,0.0,0.0
1995-11-15,59.140625,59.6875,59.109375,59.671875,35.229591369628906,584700,0.0,0.0,0.0
1995-11-16,59.671875,60.0625,59.65625,60.0,35.42329788208008,577700,0.0,0.0,0.0
1995-11-17,60.09375,60.203125,60.015625,60.1875,35.53398895263672,267000,0.0,0.0,0.0
1995-11-20,60.28125,60.296875,59.859375,59.875,35.349491119384766,448800,0.0,0.0,0.0
1995-11-21,59.9375,60.359375,59.921875,60.359375,35.635459899902344,119200,0.0,0.0,0.0
1995-11-22,60.3125,60.375,60.171875,60.171875,35.52476501464844,351600,0.0,0.0,0.0
1995-11-24,60.234375,60.328125,60.1875,60.328125,35.61701202392578,62400,0.0,0.0,0.0
1995-11-27,60.453125,60.640625,60.34375,60.34375,35.626258850097656,273000,0.0,0.0,0.0
1995-11-28,60.296875,60.984375,60.15625,60.984375,36.00447082519531,479000,0.0,0.0,0.0
1995-11-29,61.09375,61.09375,60.84375,61.046875,36.04135513305664,549200,0.0,0.0,0.0
1995-11-30,61.046875,61.203125,60.84375,60.90625,35.95834732055664,286200,0.0,0.0,0.0
1995-12-01,60.984375,61.078125,60.84375,60.984375,36.00447082519531,465200,0.0,0.0,0.0
1995-12-04,61.125,61.734375,61.046875,61.734375,36.44724655151367,631700,0.0,0.0,0.0
1995-12-05,61.671875,62.203125,61.625,62.140625,36.68709945678711,567700,0.0,0.0,0.0
1995-12-06,62.296875,62.53125,62.0,62.28125,36.77013397216797,272800,0.0,0.0,0.0
1995-12-07,62.203125,62.28125,61.90625,61.953125,36.57640838623047,289700,0.0,0.0,0.0
1995-12-08,62.21875,62.234375,61.765625,62.15625,36.696327209472656,296900,0.0,0.0,0.0
1995-12-11,62.28125,62.546875,62.15625,62.421875,36.85314178466797,186500,0.0,0.0,0.0
1995-12-12,62.140625,62.359375,62.140625,62.234375,36.74243927001953,299400,0.0,0.0,0.0
1995-12-13,62.3125,62.703125,62.3125,62.625,36.97307586669922,390700,0.0,0.0,0.0
1995-12-14,62.6875,62.796875,62.015625,62.171875,36.705535888671875,395000,0.0,0.0,0.0
1995-12-15,61.875,61.875,61.59375,61.8125,36.71900177001953,416700,0.382,0.0,0.0
1995-12-18,61.265625,61.265625,60.609375,60.625,36.0135612487793,862300,0.0,0.0,0.0
1995-12-19,60.65625,61.34375,60.578125,61.265625,36.39411926269531,1022600,0.0,0.0,0.0
1995-12-20,61.453125,61.515625,60.671875,60.671875,36.04142379760742,1349800,0.0,0.0,0.0
1995-12-21,61.03125,61.171875,60.75,60.984375,36.2270622253418,857600,0.0,0.0,0.0
1995-12-22,61.3125,61.375,61.140625,61.203125,36.356998443603516,332800,0.0,0.0,0.0
1995-12-26,61.453125,61.53125,61.328125,61.5,36.533355712890625,432200,0.0,0.0,0.0
1995-12-27,61.65625,61.65625,61.359375,61.46875,36.514793395996094,151800,0.0,0.0,0.0
1995-12-28,61.34375,61.65625,61.25,61.40625,36.47766876220703,256200,0.0,0.0,0.0
1995-12-29,61.46875,61.53125,61.25,61.484375,36.524070739746094,339200,0.0,0.0,0.0
1996-01-02,61.40625,62.140625,61.34375,62.140625,36.91392135620117,514400,0.0,0.0,0.0
1996-01-03,62.34375,62.5,62.0,62.3125,37.01599884033203,610300,0.0,0.0,0.0
1996-01-04,62.390625,62.625,61.21875,61.71875,36.663291931152344,1129700,0.0,0.0,0.0
1996-01-05,61.3125,61.75,61.171875,61.59375,36.589046478271484,302400,0.0,0.0,0.0
1996-01-08,61.8125,61.90625,61.734375,61.828125,36.728271484375,179900,0.0,0.0,0.0
1996-01-09,62.015625,62.0625,60.625,60.765625,36.09711837768555,415500,0.0,0.0,0.0
1996-01-10,60.6875,60.8125,59.640625,59.96875,35.62369918823242,787700,0.0,0.0,0.0
1996-01-11,60.0625,60.328125,59.78125,60.328125,35.83721923828125,513200,0.0,0.0,0.0
1996-01-12,60.484375,60.5,59.671875,60.234375,35.7815055847168,390400,0.0,0.0,0.0
1996-01-15,60.25,60.453125,59.859375,60.109375,35.7072868347168,154200,0.0,0.0,0.0
1996-01-16,60.40625,60.890625,59.890625,60.84375,36.14352035522461,454600,0.0,0.0,0.0
1996-01-17,60.703125,61.125,60.453125,60.65625,36.03213882446289,407600,0.0,0.0,0.0
1996-01-18,60.890625,60.90625,60.375,60.859375,36.15279769897461,425600,0.0,0.0,0.0
1996-01-19,60.859375,61.421875,60.796875,61.265625,36.39411926269531,169800,0.0,0.0,0.0
1996-01-22,61.21875,61.421875,61.109375,61.28125,36.40340805053711,288200,0.0,0.0,0.0
1996-01-23,61.25,61.421875,61.125,61.421875,36.48693084716797,362200,0.0,0.0,0.0
1996-01-24,61.515625,62.046875,61.484375,61.921875,36.78396224975586,1506500,0.0,0.0,0.0
1996-01-25,61.96875,62.0,61.625,61.703125,36.65402603149414,298400,0.0,0.0,0.0
1996-01-26,61.65625,62.265625,61.578125,62.234375,36.96959686279297,726300,0.0,0.0,0.0
1996-01-29,62.1875,62.484375,62.140625,62.484375,37.11811828613281,254800,0.0,0.0,0.0
1996-01-30,62.609375,63.140625,62.53125,63.015625,37.43368911743164,272100,0.0,0.0,0.0
1996-01-31,63.0,63.6875,62.96875,63.671875,37.82352828979492,498000,0.0,0.0,0.0
1996-02-01,63.609375,63.90625,63.5625,63.90625,37.9627571105957,373900,0.0,0.0,0.0
1996-02-02,63.875,64.015625,63.5,63.640625,37.804962158203125,496200,0.0,0.0,0.0
1996-02-05,63.53125,64.25,63.4375,64.15625,38.111270904541016,295300,0.0,0.0,0.0
1996-02-06,64.1875,64.828125,64.09375,64.765625,38.47327423095703,301600,0.0,0.0,0.0
1996-02-07,64.75,65.140625,64.6875,65.140625,38.6960334777832,585100,0.0,0.0,0.0
1996-02-08,65.046875,65.90625,64.921875,65.84375,39.113685607910156,1526600,0.0,0.0,0.0
1996-02-09,65.8125,66.375,65.515625,65.828125,39.104427337646484,804600,0.0,0.0,0.0
1996-02-12,65.953125,66.625,65.890625,66.328125,39.40144729614258,626500,0.0,0.0,0.0
1996-02-13,66.046875,66.6875,66.0,66.1875,39.317909240722656,1045900,0.0,0.0,0.0
1996-02-14,66.140625,66.359375,65.578125,65.609375,38.97447967529297,431400,0.0,0.0,0.0
1996-02-15,65.46875,65.90625,65.125,65.203125,38.73314666748047,889500,0.0,0.0,0.0
1996-02-16,65.078125,65.234375,64.734375,64.9375,38.57535171508789,606100,0.0,0.0,0.0
1996-02-20,64.4375,64.625,63.875,64.296875,38.194793701171875,492300,0.0,0.0,0.0
1996-02-21,64.421875,65.140625,64.421875,65.09375,38.66818618774414,434000,0.0,0.0,0.0
1996-02-22,65.453125,66.328125,65.40625,66.125,39.28077697753906,721400,0.0,0.0,0.0
1996-02-23,66.5,66.609375,65.328125,65.9375,39.16939926147461,1430400,0.0,0.0,0.0
1996-02-26,65.75,65.890625,64.96875,65.0,38.612483978271484,1408400,0.0,0.0,0.0
1996-02-27,65.15625,65.171875,64.5,64.796875,38.49181365966797,601000,0.0,0.0,0.0
1996-02-28,65.3125,65.734375,64.5,64.5,38.31547927856445,865900,0.0,0.0,0.0
1996-02-29,64.125,64.953125,63.875,63.875,37.944210052490234,914300,0.0,0.0,0.0
1996-03-01,64.640625,64.890625,63.609375,64.890625,38.547489166259766,1452600,0.0,0.0,0.0
1996-03-04,65.03125,65.65625,64.8125,65.265625,38.770286560058594,652600,0.0,0.0,0.0
1996-03-05,65.109375,65.875,65.078125,65.875,39.132259368896484,402000,0.0,0.0,0.0
1996-03-06,65.78125,65.96875,65.296875,65.296875,38.788841247558594,624700,0.0,0.0,0.0
1996-03-07,65.421875,65.65625,65.234375,65.625,38.98375701904297,534200,0.0,0.0,0.0
1996-03-08,64.1875,64.875,62.0,63.5,37.721435546875,2289900,0.0,0.0,0.0
1996-03-11,63.25,64.328125,63.0625,64.234375,38.15768051147461,1511400,0.0,0.0,0.0
1996-03-12,63.8125,64.046875,62.90625,63.734375,37.86066436767578,1385300,0.0,0.0,0.0
1996-03-13,64.15625,64.4375,63.796875,64.171875,38.120540618896484,1019300,0.0,0.0,0.0
1996-03-14,64.265625,64.8125,64.234375,64.453125,38.287628173828125,725600,0.0,0.0,0.0
1996-03-15,64.0625,64.328125,63.75,64.125,38.26188659667969,869200,0.285,0.0,0.0
1996-03-18,64.71875,65.359375,64.578125,65.359375,38.99839782714844,917600,0.0,0.0,0.0
1996-03-19,65.9375,65.9375,65.0,65.21875,38.914493560791016,858300,0.0,0.0,0.0
1996-03-20,65.53125,65.53125,64.640625,65.140625,38.86789321899414,744300,0.0,0.0,0.0
1996-03-21,65.21875,65.25,64.765625,64.984375,38.77465057373047,650800,0.0,0.0,0.0
1996-03-22,65.015625,65.328125,64.9375,65.15625,38.8772087097168,344500,0.0,0.0,0.0
1996-03-25,65.75,65.8125,64.859375,65.03125,38.80261993408203,802400,0.0,0.0,0.0
1996-03-26,64.921875,65.515625,64.859375,65.34375,38.98908615112305,969400,0.0,0.0,0.0
1996-03-27,65.4375,65.484375,64.6875,64.75,38.63479995727539,809600,0.0,0.0,0.0
1996-03-28,64.515625,65.03125,64.5,65.0,38.78398513793945,1001300,0.0,0.0,0.0
1996-03-29,65.1875,65.1875,64.375,64.6875,38.59752655029297,457700,0.0,0.0,0.0
1996-04-01,65.0,65.453125,64.796875,65.4375,39.045021057128906,773400,0.0,0.0,0.0
1996-04-02,65.515625,65.5625,65.296875,65.5625,39.11960983276367,638800,0.0,0.0,0.0
1996-04-03,65.328125,65.609375,65.171875,65.5625,39.11960983276367,288000,0.0,0.0,0.0
1996-04-04,65.5625,65.71875,65.5,65.515625,39.09163284301758,934900,0.0,0.0,0.0
1996-04-08,63.875,64.390625,63.59375,64.390625,38.42038345336914,2217200,0.0,0.0,0.0
1996-04-09,64.640625,64.640625,64.015625,64.140625,38.27122116088867,1180900,0.0,0.0,0.0
1996-04-10,64.03125,64.3125,62.75,63.0,37.59062957763672,939500,0.0,0.0,0.0
1996-04-11,63.15625,63.46875,62.125,62.921875,37.54402542114258,1276000,0.0,0.0,0.0
1996-04-12,63.359375,63.8125,63.171875,63.71875,38.01948928833008,411300,0.0,0.0,0.0
1996-04-15,64.046875,64.328125,63.84375,64.25,38.33646774291992,484200,0.0,0.0,0.0
1996-04-16,64.375,64.65625,64.234375,64.4375,38.44834899902344,429700,0.0,0.0,0.0
1996-04-17,64.375,64.5625,63.84375,64.28125,38.355125427246094,525300,0.0,0.0,0.0
1996-04-18,64.4375,64.578125,64.09375,64.375,38.41106033325195,818600,0.0,0.0,0.0
1996-04-19,64.6875,64.859375,64.421875,64.53125,38.504295349121094,885100,0.0,0.0,0.0
1996-04-22,65.125,65.28125,64.59375,65.03125,38.80261993408203,828900,0.0,0.0,0.0
1996-04-23,64.921875,65.28125,64.78125,65.234375,38.9238166809082,225400,0.0,0.0,0.0
1996-04-24,65.5625,65.5625,64.859375,65.0,38.78398513793945,699000,0.0,0.0,0.0
1996-04-25,65.140625,65.5625,64.75,65.296875,38.96111297607422,475500,0.0,0.0,0.0
1996-04-26,65.46875,65.8125,65.234375,65.4375,39.045021057128906,563300,0.0,0.0,0.0
1996-04-29,65.15625,65.5625,65.15625,65.4375,39.045021057128906,219900,0.0,0.0,0.0
1996-04-30,65.4375,65.5625,65.125,65.390625,39.017059326171875,184400,0.0,0.0,0.0
1996-05-01,65.375,65.796875,65.28125,65.53125,39.10097885131836,561900,0.0,0.0,0.0
1996-05-02,65.015625,65.375,64.09375,64.40625,38.42969512939453,1299600,0.0,0.0,0.0
1996-05-03,64.78125,64.984375,63.75,64.3125,38.37377166748047,1329300,0.0,0.0,0.0
1996-05-06,64.5625,64.5625,63.6875,64.25,38.33646774291992,647500,0.0,0.0,0.0
1996-05-07,64.25,64.25,63.765625,63.984375,38.17798614501953,582100,0.0,0.0,0.0
1996-05-08,63.671875,64.78125,63.078125,64.78125,38.653438568115234,1694700,0.0,0.0,0.0
1996-05-09,64.5625,65.0625,64.5,64.734375,38.625492095947266,593400,0.0,0.0,0.0
1996-05-10,65.375,65.59375,65.0625,65.375,39.00773239135742,925100,0.0,0.0,0.0
1996-05-13,65.53125,66.640625,65.46875,66.359375,39.5950927734375,867500,0.0,0.0,0.0
1996-05-14,66.625,66.9375,66.5625,66.765625,39.83749008178711,632300,0.0,0.0,0.0
1996-05-15,66.78125,67.3125,66.640625,66.6875,39.790870666503906,466100,0.0,0.0,0.0
1996-05-16,66.3125,66.9375,66.28125,66.828125,39.87478256225586,514400,0.0,0.0,0.0
1996-05-17,67.0,67.296875,67.0,67.1875,40.08919906616211,427700,0.0,0.0,0.0
1996-05-20,67.65625,67.75,66.984375,67.640625,40.35958480834961,788500,0.0,0.0,0.0
1996-05-21,67.75,67.875,67.5,67.546875,40.30363845825195,352700,0.0,0.0,0.0
1996-05-22,67.625,68.1875,67.390625,68.1875,40.68589401245117,1218100,0.0,0.0,0.0
1996-05-23,68.28125,68.4375,67.53125,67.90625,40.518043518066406,967900,0.0,0.0,0.0
1996-05-24,67.96875,68.328125,67.9375,68.171875,40.676570892333984,659100,0.0,0.0,0.0
1996-05-28,68.375,68.375,67.3125,67.484375,40.266361236572266,456400,0.0,0.0,0.0
1996-05-29,67.625,67.6875,66.8125,67.03125,39.995975494384766,649600,0.0,0.0,0.0
1996-05-30,66.9375,67.71875,66.75,67.375,40.20106506347656,895800,0.0,0.0,0.0
1996-05-31,67.359375,67.640625,66.875,66.875,39.90276336669922,923500,0.0,0.0,0.0
1996-06-03,66.890625,67.109375,66.703125,67.0625,40.01464080810547,503100,0.0,0.0,0.0
1996-06-04,67.375,67.59375,67.25,67.53125,40.29431915283203,627100,0.0,0.0,0.0
1996-06-05,67.5625,68.203125,67.421875,68.125,40.64857864379883,428000,0.0,0.0,0.0
1996-06-06,68.5,68.5,67.5,67.625,40.35026931762695,523300,0.0,0.0,0.0
1996-06-07,66.1875,67.640625,66.1875,67.625,40.35026931762695,1422800,0.0,0.0,0.0
1996-06-10,67.53125,67.734375,67.296875,67.40625,40.21975326538086,548800,0.0,0.0,0.0
1996-06-11,67.65625,68.03125,67.34375,67.34375,40.182437896728516,688700,0.0,0.0,0.0
1996-06-12,67.5625,67.734375,67.109375,67.21875,40.107872009277344,1120600,0.0,0.0,0.0
1996-06-13,67.375,67.46875,66.828125,67.21875,40.107872009277344,1502000,0.0,0.0,0.0
1996-06-14,67.25,67.25,66.71875,66.9375,39.9400520324707,1468200,0.0,0.0,0.0
1996-06-17,66.96875,67.21875,66.71875,66.890625,39.912071228027344,1101000,0.0,0.0,0.0
1996-06-18,66.84375,67.03125,66.328125,66.34375,39.58577346801758,718000,0.0,0.0,0.0
1996-06-19,66.65625,67.0,66.421875,66.640625,39.76290512084961,552100,0.0,0.0,0.0
1996-06-20,66.703125,66.921875,66.1875,66.59375,39.73493576049805,1234400,0.0,0.0,0.0
1996-06-21,66.5625,66.8125,66.375,66.8125,40.07669448852539,573300,0.351,0.0,0.0
1996-06-24,66.96875,67.21875,66.84375,66.9375,40.15168762207031,416500,0.0,0.0,0.0
1996-06-25,67.125,67.171875,66.78125,66.859375,40.104801177978516,454400,0.0,0.0,0.0
1996-06-26,66.78125,66.921875,66.390625,66.40625,39.8329963684082,838200,0.0,0.0,0.0
1996-06-27,66.40625,67.046875,66.15625,66.875,40.11418151855469,1090500,0.0,0.0,0.0
1996-06-28,67.15625,67.5,66.96875,67.109375,40.25477600097656,1060800,0.0,0.0,0.0
1996-07-01,67.28125,67.703125,67.1875,67.6875,40.6015510559082,471300,0.0,0.0,0.0
1996-07-02,67.625,67.640625,67.328125,67.4375,40.451595306396484,389400,0.0,0.0,0.0
1996-07-03,67.40625,67.5,67.0625,67.296875,40.367244720458984,308300,0.0,0.0,0.0
1996-07-05,66.125,66.4375,65.375,65.578125,39.33625793457031,842900,0.0,0.0,0.0
1996-07-08,65.625,65.984375,65.125,65.3125,39.17693328857422,942000,0.0,0.0,0.0
1996-07-09,65.609375,65.8125,65.375,65.578125,39.33625793457031,716300,0.0,0.0,0.0
1996-07-10,65.5625,65.84375,64.921875,65.84375,39.49559783935547,1132300,0.0,0.0,0.0
1996-07-11,65.5625,65.6875,63.875,64.515625,38.69894790649414,1587400,0.0,0.0,0.0
1996-07-12,64.625,64.90625,64.078125,64.5625,38.72705841064453,1312000,0.0,0.0,0.0
1996-07-15,64.71875,64.71875,62.65625,62.65625,37.58361053466797,1951300,0.0,0.0,0.0
1996-07-16,62.84375,63.5,60.375,62.8125,37.677345275878906,4141000,0.0,0.0,0.0
1996-07-17,63.75,64.0,63.0,63.5625,38.1272087097168,1340500,0.0,0.0,0.0
1996-07-18,63.75,64.546875,63.328125,64.4375,38.65208435058594,1432500,0.0,0.0,0.0
1996-07-19,64.28125,64.375,63.625,63.96875,38.37091827392578,1216000,0.0,0.0,0.0
1996-07-22,63.53125,63.75,63.015625,63.5,38.0897331237793,519800,0.0,0.0,0.0
1996-07-23,63.59375,63.9375,62.578125,62.6875,37.602352142333984,1479800,0.0,0.0,0.0
1996-07-24,61.9375,63.1875,61.625,62.8125,37.677345275878906,2463400,0.0,0.0,0.0
1996-07-25,63.4375,63.5625,63.125,63.375,38.01473617553711,1989800,0.0,0.0,0.0
1996-07-26,63.5625,63.8125,63.390625,63.71875,38.22093200683594,642300,0.0,0.0,0.0
1996-07-29,63.625,63.71875,62.9375,63.015625,37.79918670654297,1297900,0.0,0.0,0.0
1996-07-30,63.4375,63.6875,62.9375,63.625,38.164710998535156,1868200,0.0,0.0,0.0
1996-07-31,63.671875,64.265625,63.515625,64.09375,38.44588088989258,767100,0.0,0.0,0.0
1996-08-01,64.15625,65.390625,64.0625,65.15625,39.08320236206055,1168600,0.0,0.0,0.0
1996-08-02,66.0,66.59375,65.75,66.5625,39.9267463684082,1098500,0.0,0.0,0.0
1996-08-05,66.578125,66.59375,65.96875,66.171875,39.69242858886719,710200,0.0,0.0,0.0
1996-08-06,66.15625,66.515625,65.796875,66.375,39.81426239013672,640000,0.0,0.0,0.0
1996-08-07,66.625,66.75,66.125,66.546875,39.91736602783203,917800,0.0,0.0,0.0
1996-08-08,66.5625,66.5625,66.1875,66.4375,39.851749420166016,925100,0.0,0.0,0.0
1996-08-09,66.671875,66.765625,66.0625,66.21875,39.720542907714844,648800,0.0,0.0,0.0
1996-08-12,66.25,66.859375,66.0,66.703125,40.0110969543457,764200,0.0,0.0,0.0
1996-08-13,66.578125,66.625,66.0,66.171875,39.69242858886719,805200,0.0,0.0,0.0
1996-08-14,66.1875,66.46875,66.0,66.40625,39.8329963684082,533800,0.0,0.0,0.0
1996-08-15,66.234375,66.625,66.203125,66.28125,39.758033752441406,632600,0.0,0.0,0.0
1996-08-16,66.46875,66.875,66.46875,66.84375,40.0954475402832,475100,0.0,0.0,0.0
1996-08-19,66.859375,66.921875,66.625,66.875,40.11418151855469,436400,0.0,0.0,0.0
1996-08-20,66.890625,66.90625,66.671875,66.828125,40.086063385009766,645700,0.0,0.0,0.0
1996-08-21,66.65625,66.8125,66.375,66.59375,39.94548797607422,266400,0.0,0.0,0.0
1996-08-22,66.75,67.34375,66.71875,67.21875,40.32038116455078,584800,0.0,0.0,0.0
1996-08-23,67.09375,67.203125,66.640625,66.859375,40.104801177978516,757100,0.0,0.0,0.0
1996-08-26,66.703125,66.78125,66.421875,66.53125,39.90798568725586,784700,0.0,0.0,0.0
1996-08-27,66.71875,66.84375,66.5,66.78125,40.05795669555664,389400,0.0,0.0,0.0
1996-08-28,66.9375,67.0,66.65625,66.671875,39.99235153198242,227600,0.0,0.0,0.0
1996-08-29,66.59375,66.59375,65.625,66.015625,39.59870147705078,680200,0.0,0.0,0.0
1996-08-30,66.0,66.015625,65.125,65.328125,39.186309814453125,1500900,0.0,0.0,0.0
1996-09-03,64.46875,65.84375,64.375,65.75,39.43934631347656,1782000,0.0,0.0,0.0
1996-09-04,65.75,66.75,65.484375,65.8125,39.476837158203125,930200,0.0,0.0,0.0
1996-09-05,65.5,65.765625,65.015625,65.015625,38.998863220214844,616600,0.0,0.0,0.0
1996-09-06,65.25,66.171875,65.140625,65.9375,39.55183410644531,804900,0.0,0.0,0.0
1996-09-09,66.1875,66.734375,66.078125,66.71875,40.02047348022461,719200,0.0,0.0,0.0
1996-09-10,66.625,66.90625,66.375,66.6875,40.00172424316406,669900,0.0,0.0,0.0
1996-09-11,66.5625,67.125,66.40625,67.0625,40.226661682128906,713500,0.0,0.0,0.0
1996-09-12,67.25,67.734375,67.15625,67.53125,40.50783157348633,713300,0.0,0.0,0.0
1996-09-13,68.3125,68.625,68.125,68.5625,41.12638473510742,2008800,0.0,0.0,0.0
1996-09-16,68.65625,69.15625,68.5625,68.8125,41.2763786315918,1220200,0.0,0.0,0.0
1996-09-17,68.875,68.984375,68.234375,68.65625,41.18264389038086,604700,0.0,0.0,0.0
1996-09-18,68.5625,68.75,68.21875,68.484375,41.07954788208008,225500,0.0,0.0,0.0
1996-09-19,68.375,68.796875,68.28125,68.75,41.23887252807617,410000,0.0,0.0,0.0
1996-09-20,68.59375,68.78125,68.375,68.640625,41.38515853881836,948400,0.352,0.0,0.0
1996-09-23,68.46875,68.75,68.15625,68.625,41.37574005126953,466800,0.0,0.0,0.0
1996-09-24,68.5625,69.25,68.3125,68.609375,41.366329193115234,1269800,0.0,0.0,0.0
1996-09-25,68.9375,68.9375,68.5,68.65625,41.394588470458984,1353300,0.0,0.0,0.0
1996-09-26,68.75,69.1875,68.390625,68.625,41.37574005126953,773200,0.0,0.0,0.0
1996-09-27,68.71875,68.71875,68.375,68.6875,41.413429260253906,407600,0.0,0.0,0.0
1996-09-30,68.78125,69.0625,68.578125,68.625,41.37574005126953,578200,0.0,0.0,0.0
1996-10-01,68.703125,69.046875,68.4375,69.0,41.60182189941406,561400,0.0,0.0,0.0
1996-10-02,69.25,69.59375,69.15625,69.46875,41.884456634521484,609000,0.0,0.0,0.0
1996-10-03,69.5,69.53125,69.203125,69.40625,41.846778869628906,342200,0.0,0.0,0.0
1996-10-04,69.6875,70.34375,69.5,70.34375,42.41201400756836,754100,0.0,0.0,0.0
1996-10-07,70.3125,70.625,70.25,70.421875,42.45912551879883,235100,0.0,0.0,0.0
1996-10-08,70.453125,70.6875,70.015625,70.140625,42.289554595947266,386200,0.0,0.0,0.0
1996-10-09,70.25,70.375,69.515625,69.59375,41.9598274230957,528800,0.0,0.0,0.0
1996-10-10,69.59375,69.859375,69.375,69.453125,41.875038146972656,1562200,0.0,0.0,0.0
1996-10-11,69.71875,70.3125,69.71875,70.3125,42.3931770324707,331300,0.0,0.0,0.0
1996-10-14,70.3125,70.6875,70.296875,70.40625,42.449703216552734,201600,0.0,0.0,0.0
1996-10-15,71.125,71.125,69.953125,70.3125,42.3931770324707,776900,0.0,0.0,0.0
1996-10-16,70.5,70.65625,69.9375,70.65625,42.60044479370117,590100,0.0,0.0,0.0
1996-10-17,70.875,71.03125,70.546875,70.84375,42.713478088378906,792500,0.0,0.0,0.0
1996-10-18,70.875,71.3125,70.71875,71.21875,42.93958282470703,695800,0.0,0.0,0.0
1996-10-21,71.28125,71.625,70.9375,71.125,42.88304901123047,879200,0.0,0.0,0.0
1996-10-22,71.0625,71.078125,70.59375,70.625,42.58159637451172,848900,0.0,0.0,0.0
1996-10-23,70.46875,70.890625,70.1875,70.859375,42.72291564941406,735900,0.0,0.0,0.0
1996-10-24,70.859375,70.984375,70.21875,70.25,42.355506896972656,379300,0.0,0.0,0.0
1996-10-25,70.234375,70.5625,70.125,70.3125,42.3931770324707,568300,0.0,0.0,0.0
1996-10-28,70.375,70.734375,69.8125,69.84375,42.11054611206055,975400,0.0,0.0,0.0
1996-10-29,70.0625,70.578125,69.703125,70.40625,42.449703216552734,815900,0.0,0.0,0.0
1996-10-30,70.625,70.625,70.09375,70.171875,42.30840301513672,495400,0.0,0.0,0.0
1996-10-31,70.265625,70.875,70.1875,70.84375,42.713478088378906,726300,0.0,0.0,0.0
1996-11-01,70.984375,71.15625,70.265625,70.59375,42.5627555847168,821300,0.0,0.0,0.0
1996-11-04,70.6875,71.0625,70.53125,71.0625,42.84537124633789,1608400,0.0,0.0,0.0
1996-11-05,71.296875,71.796875,71.28125,71.46875,43.09030532836914,764000,0.0,0.0,0.0
1996-11-06,71.59375,72.875,71.53125,72.84375,43.91935729980469,1665000,0.0,0.0,0.0
1996-11-07,72.625,73.296875,72.53125,73.015625,44.022953033447266,1446300,0.0,0.0,0.0
1996-11-08,73.03125,73.4375,72.75,73.421875,44.26789855957031,1355700,0.0,0.0,0.0
1996-11-11,73.25,73.515625,73.21875,73.34375,44.220802307128906,655900,0.0,0.0,0.0
1996-11-12,73.546875,73.59375,73.015625,73.125,44.088897705078125,719900,0.0,0.0,0.0
1996-11-13,73.203125,73.5625,73.015625,73.453125,44.2867431640625,481900,0.0,0.0,0.0
1996-11-14,73.1875,73.9375,73.15625,73.9375,44.578800201416016,558800,0.0,0.0,0.0
1996-11-15,74.125,74.5,73.71875,74.03125,44.63532638549805,2250900,0.0,0.0,0.0
1996-11-18,74.171875,74.25,73.734375,74.046875,44.64474105834961,1518200,0.0,0.0,0.0
1996-11-19,74.140625,74.59375,74.03125,74.578125,44.96501541137695,1029300,0.0,0.0,0.0
1996-11-20,74.5625,75.015625,74.3125,74.703125,45.04039001464844,730000,0.0,0.0,0.0
1996-11-21,74.796875,74.84375,74.375,74.59375,44.97447967529297,653000,0.0,0.0,0.0
1996-11-22,74.703125,75.25,74.703125,75.171875,45.32301712036133,965100,0.0,0.0,0.0
1996-11-25,75.25,76.15625,75.078125,76.125,45.89766311645508,2058800,0.0,0.0,0.0
1996-11-26,76.28125,76.6875,75.46875,75.875,45.746952056884766,2861800,0.0,0.0,0.0
1996-11-27,76.0625,76.1875,75.640625,75.734375,45.66215896606445,872000,0.0,0.0,0.0
1996-11-29,76.0,76.21875,75.859375,76.015625,45.83171463012695,1073400,0.0,0.0,0.0
1996-12-02,75.921875,76.125,75.390625,76.046875,45.850589752197266,1350600,0.0,0.0,0.0
1996-12-03,76.0625,76.578125,74.75,74.75,45.06865692138672,1777800,0.0,0.0,0.0
1996-12-04,74.875,75.0625,74.09375,74.953125,45.19111251831055,2365100,0.0,0.0,0.0
1996-12-05,74.84375,75.140625,74.53125,74.75,45.06865692138672,1697700,0.0,0.0,0.0
1996-12-06,73.25,74.75,72.65625,74.3125,44.80487060546875,3401800,0.0,0.0,0.0
1996-12-09,74.6875,75.421875,74.578125,75.40625,45.46434783935547,1864600,0.0,0.0,0.0
1996-12-10,75.5625,75.671875,74.96875,75.046875,45.24766540527344,1331600,0.0,0.0,0.0
1996-12-11,73.625,74.625,73.3125,74.359375,44.8331413269043,1847900,0.0,0.0,0.0
1996-12-12,74.78125,74.875,72.9375,73.125,44.088897705078125,2540200,0.0,0.0,0.0
1996-12-13,73.0625,73.578125,72.40625,73.3125,44.201961517333984,1678300,0.0,0.0,0.0
1996-12-16,73.5,73.6875,72.0625,72.375,43.6367073059082,1831100,0.0,0.0,0.0
1996-12-17,72.15625,73.28125,71.875,72.953125,43.98530197143555,2023200,0.0,0.0,0.0
1996-12-18,73.375,73.765625,73.265625,73.53125,44.333839416503906,1666800,0.0,0.0,0.0
1996-12-19,74.1875,75.125,73.890625,75.046875,45.24766540527344,2269300,0.0,0.0,0.0
1996-12-20,75.125,75.71875,74.75,74.84375,45.346946716308594,1543200,0.367,0.0,0.0
1996-12-23,75.09375,75.203125,74.328125,74.65625,45.23333740234375,1263700,0.0,0.0,0.0
1996-12-24,74.84375,75.203125,74.796875,75.203125,45.56468963623047,633000,0.0,0.0,0.0
1996-12-26,75.4375,75.828125,75.375,75.78125,45.91495895385742,1384300,0.0,0.0,0.0
1996-12-27,75.78125,76.03125,75.5,75.875,45.971771240234375,410400,0.0,0.0,0.0
1996-12-30,76.125,76.125,75.15625,75.21875,45.57416915893555,694100,0.0,0.0,0.0
1996-12-31,75.28125,75.375,73.84375,73.84375,44.74104690551758,1378100,0.0,0.0,0.0
1997-01-02,74.375,74.375,72.75,74.03125,44.854679107666016,2031900,0.0,0.0,0.0
1997-01-03,74.375,75.125,74.078125,75.09375,45.49842834472656,2123200,0.0,0.0,0.0
1997-01-06,75.09375,75.4375,74.3125,74.4375,45.10077667236328,1374100,0.0,0.0,0.0
1997-01-07,74.4375,75.46875,74.125,75.34375,45.64987564086914,939000,0.0,0.0,0.0
1997-01-08,75.75,75.78125,74.6875,74.6875,45.25228500366211,1802200,0.0,0.0,0.0
1997-01-09,75.0625,75.875,74.9375,75.3125,45.630943298339844,1415700,0.0,0.0,0.0
1997-01-10,74.25,76.25,74.25,76.125,46.12321472167969,2369500,0.0,0.0,0.0
1997-01-13,76.5,76.5,75.640625,76.015625,46.05695343017578,1364600,0.0,0.0,0.0
1997-01-14,76.6875,77.390625,76.5,76.96875,46.634490966796875,2111200,0.0,0.0,0.0
1997-01-15,76.71875,77.203125,76.375,76.78125,46.52085876464844,1583900,0.0,0.0,0.0
1997-01-16,77.03125,77.296875,76.5,77.09375,46.71018600463867,1308400,0.0,0.0,0.0
1997-01-17,77.203125,77.75,77.109375,77.5625,46.99419021606445,1604000,0.0,0.0,0.0
1997-01-20,77.75,78.09375,77.46875,77.65625,47.05099868774414,1889900,0.0,0.0,0.0
1997-01-21,77.375,78.546875,77.109375,78.28125,47.42970275878906,2785800,0.0,0.0,0.0
1997-01-22,78.3125,78.84375,77.875,78.84375,47.77050018310547,1201600,0.0,0.0,0.0
1997-01-23,79.0625,79.6875,76.90625,77.75,47.10780715942383,2601100,0.0,0.0,0.0
1997-01-24,77.875,77.90625,76.75,76.75,46.50190353393555,2176000,0.0,0.0,0.0
1997-01-27,76.875,77.234375,76.375,76.53125,46.36939239501953,2108500,0.0,0.0,0.0
1997-01-28,77.625,77.84375,76.0,76.75,46.50190353393555,4376000,0.0,0.0,0.0
1997-01-29,76.875,77.5,76.59375,77.5,46.95631790161133,1122700,0.0,0.0,0.0
1997-01-30,77.875,78.53125,77.40625,78.5,47.56222152709961,2126300,0.0,0.0,0.0
1997-01-31,78.9375,79.40625,78.375,78.40625,47.50540542602539,3208100,0.0,0.0,0.0
1997-02-03,78.71875,78.890625,78.359375,78.640625,47.64741897583008,755000,0.0,0.0,0.0
1997-02-04,78.75,79.203125,78.4375,79.125,47.94091033935547,654100,0.0,0.0,0.0
1997-02-05,79.234375,79.46875,77.125,77.640625,47.04154968261719,2255400,0.0,0.0,0.0
1997-02-06,77.78125,78.203125,77.40625,78.15625,47.35392379760742,2483100,0.0,0.0,0.0
1997-02-07,78.8125,79.25,77.78125,79.21875,47.99769592285156,2321000,0.0,0.0,0.0
1997-02-10,79.25,79.53125,78.421875,78.46875,47.54328155517578,1670000,0.0,0.0,0.0
1997-02-11,78.78125,79.375,78.125,79.375,48.09238052368164,1664300,0.0,0.0,0.0
1997-02-12,79.375,80.640625,79.265625,80.5,48.77399826049805,2675400,0.0,0.0,0.0
1997-02-13,80.8125,81.5625,80.6875,81.375,49.30413818359375,1104800,0.0,0.0,0.0
1997-02-14,81.1875,81.46875,80.90625,81.1875,49.190521240234375,1112900,0.0,0.0,0.0
1997-02-18,81.34375,81.9375,80.75,81.875,49.60709762573242,833100,0.0,0.0,0.0
1997-02-19,81.65625,82.0,81.15625,81.328125,49.275733947753906,648100,0.0,0.0,0.0
1997-02-20,81.03125,81.359375,80.15625,80.34375,48.679317474365234,1193900,0.0,0.0,0.0
1997-02-21,80.40625,80.765625,80.140625,80.375,48.6982536315918,1844400,0.0,0.0,0.0
1997-02-24,79.96875,81.375,79.96875,81.328125,49.275733947753906,787300,0.0,0.0,0.0
1997-02-25,81.40625,81.53125,80.875,81.390625,49.313636779785156,1653900,0.0,0.0,0.0
1997-02-26,81.3125,81.4375,79.625,80.59375,48.830787658691406,1597800,0.0,0.0,0.0
1997-02-27,80.8125,80.8125,79.375,79.390625,48.101844787597656,1813100,0.0,0.0,0.0
1997-02-28,79.25,79.875,79.0625,79.15625,47.95981979370117,2961200,0.0,0.0,0.0
1997-03-03,78.75,79.75,78.6875,79.6875,48.28171157836914,1210400,0.0,0.0,0.0
1997-03-04,79.90625,80.125,79.09375,79.25,48.016639709472656,1478700,0.0,0.0,0.0
1997-03-05,79.71875,80.59375,79.453125,80.59375,48.830787658691406,1254800,0.0,0.0,0.0
1997-03-06,80.625,80.90625,79.875,80.125,48.54677200317383,1528500,0.0,0.0,0.0
1997-03-07,80.4375,81.15625,80.25,80.84375,48.98228454589844,1859300,0.0,0.0,0.0
1997-03-10,80.9375,81.6875,80.546875,81.6875,49.49345779418945,1074900,0.0,0.0,0.0
1997-03-11,81.75,81.796875,81.25,81.25,49.2284049987793,624600,0.0,0.0,0.0
1997-03-12,81.3125,81.34375,80.296875,80.53125,48.792930603027344,1055600,0.0,0.0,0.0
1997-03-13,80.25,80.46875,79.0625,79.28125,48.03554916381836,2514100,0.0,0.0,0.0
1997-03-14,79.640625,80.03125,79.25,79.6875,48.28171157836914,1642700,0.0,0.0,0.0
1997-03-17,79.25,80.03125,78.4375,79.90625,48.41426467895508,3013500,0.0,0.0,0.0
1997-03-18,80.0,80.109375,78.71875,79.046875,47.89354705810547,1352500,0.0,0.0,0.0
1997-03-19,78.84375,79.5,78.0625,78.78125,47.73265075683594,1510000,0.0,0.0,0.0
1997-03-20,78.75,79.0,77.875,78.375,47.48647689819336,1808200,0.0,0.0,0.0
1997-03-21,78.6875,78.75,78.34375,78.4375,47.70637893676758,2810600,0.299,0.0,0.0
1997-03-24,78.5,79.578125,78.09375,79.53125,48.3715934753418,2145600,0.0,0.0,0.0
1997-03-25,79.34375,79.96875,78.53125,78.75,47.89640808105469,2125800,0.0,0.0,0.0
1997-03-26,79.0625,79.65625,78.6875,79.09375,48.1054801940918,1335300,0.0,0.0,0.0
1997-03-27,79.375,79.375,76.15625,77.0,46.83204650878906,2898500,0.0,0.0,0.0
1997-03-31,76.90625,77.125,75.25,75.375,45.84372329711914,4270700,0.0,0.0,0.0
1997-04-01,75.25,76.1875,75.046875,75.859375,46.13832473754883,3210900,0.0,0.0,0.0
1997-04-02,75.625,75.9375,74.4375,74.5,45.31154251098633,2672700,0.0,0.0,0.0
1997-04-03,74.4375,75.125,74.1875,74.90625,45.5586051940918,2284200,0.0,0.0,0.0
1997-04-04,74.5,75.859375,74.15625,75.84375,46.128807067871094,3706700,0.0,0.0,0.0
1997-04-07,76.1875,76.625,76.140625,76.140625,46.30937957763672,2596200,0.0,0.0,0.0
1997-04-08,76.125,76.78125,75.84375,76.6875,46.642005920410156,1822700,0.0,0.0,0.0
1997-04-09,77.0,77.046875,75.84375,76.0625,46.261837005615234,2453200,0.0,0.0,0.0
1997-04-10,76.09375,76.546875,75.6875,75.78125,46.090797424316406,1996500,0.0,0.0,0.0
1997-04-11,75.0625,75.3125,73.375,73.375,44.627296447753906,4221600,0.0,0.0,0.0
1997-04-14,73.734375,74.453125,73.3125,74.359375,45.22598648071289,3988500,0.0,0.0,0.0
1997-04-15,75.25,75.640625,74.5,75.625,45.99578094482422,2760400,0.0,0.0,0.0
1997-04-16,75.375,76.609375,75.25,76.5,46.52796173095703,2273300,0.0,0.0,0.0
1997-04-17,76.5,77.0,76.0,76.1875,46.33788299560547,1386000,0.0,0.0,0.0
1997-04-18,76.8125,76.984375,76.25,76.5625,46.565982818603516,1702100,0.0,0.0,0.0
1997-04-21,76.75,76.90625,75.46875,76.0625,46.261837005615234,2809400,0.0,0.0,0.0
1997-04-22,76.109375,77.734375,76.0,77.734375,47.27870178222656,3215000,0.0,0.0,0.0
1997-04-23,77.65625,78.03125,77.1875,77.8125,47.32622146606445,2047700,0.0,0.0,0.0
1997-04-24,78.046875,78.28125,76.875,77.421875,47.088645935058594,2689900,0.0,0.0,0.0
1997-04-25,77.0625,77.203125,76.421875,76.53125,46.546966552734375,1606200,0.0,0.0,0.0
1997-04-28,76.5,77.8125,76.375,77.28125,47.00310516357422,1666500,0.0,0.0,0.0
1997-04-29,78.59375,79.78125,78.296875,79.71875,48.485626220703125,3197400,0.0,0.0,0.0
1997-04-30,79.25,80.6875,79.21875,80.09375,48.71369171142578,3372200,0.0,0.0,0.0
1997-05-01,80.21875,80.53125,79.3125,80.0,48.656673431396484,2149500,0.0,0.0,0.0
1997-05-02,80.28125,81.671875,80.0625,81.4375,49.53097915649414,1448300,0.0,0.0,0.0
1997-05-05,81.65625,83.5625,81.296875,83.375,50.70939636230469,3636200,0.0,0.0,0.0
1997-05-06,82.96875,83.46875,82.5,83.3125,50.6713752746582,1721100,0.0,0.0,0.0
1997-05-07,83.0,83.0,81.40625,81.5,49.56898880004883,2327200,0.0,0.0,0.0
1997-05-08,81.3125,83.21875,81.1875,82.0625,49.911102294921875,2923700,0.0,0.0,0.0
1997-05-09,82.96875,83.125,81.65625,82.625,50.25321578979492,2558200,0.0,0.0,0.0
1997-05-12,82.9375,84.25,82.875,84.0,51.089500427246094,2357900,0.0,0.0,0.0
1997-05-13,83.9375,84.09375,83.015625,83.65625,50.88041305541992,1195100,0.0,0.0,0.0
1997-05-14,84.234375,84.5,83.4375,83.8125,50.9754638671875,2772000,0.0,0.0,0.0
1997-05-15,83.8125,84.59375,83.515625,84.375,51.31759262084961,884100,0.0,0.0,0.0
1997-05-16,84.125,84.3125,83.0,83.21875,50.614322662353516,1934200,0.0,0.0,0.0
1997-05-19,83.3125,83.90625,83.0625,83.46875,50.766387939453125,1375800,0.0,0.0,0.0
1997-05-20,83.28125,84.6875,82.75,84.46875,51.3746452331543,1756400,0.0,0.0,0.0
1997-05-21,84.6875,84.984375,83.65625,84.28125,51.26057434082031,1208000,0.0,0.0,0.0
1997-05-22,84.375,84.46875,83.5625,84.0,51.089500427246094,907600,0.0,0.0,0.0
1997-05-23,84.375,85.21875,84.15625,84.78125,51.56466293334961,644400,0.0,0.0,0.0
1997-05-27,84.375,85.53125,84.265625,85.125,51.77372741699219,1531000,0.0,0.0,0.0
1997-05-28,85.125,85.453125,84.515625,85.109375,51.76424789428711,716700,0.0,0.0,0.0
1997-05-29,85.09375,85.25,84.5,84.609375,51.46015548706055,1282700,0.0,0.0,0.0
1997-05-30,83.21875,85.5625,83.125,85.15625,51.792755126953125,2143300,0.0,0.0,0.0
1997-06-02,85.34375,85.5,84.71875,84.78125,51.56466293334961,1479100,0.0,0.0,0.0
1997-06-03,84.40625,85.4375,84.34375,84.5,51.393611907958984,1562100,0.0,0.0,0.0
1997-06-04,84.53125,84.75,84.078125,84.40625,51.336612701416016,1063100,0.0,0.0,0.0
1997-06-05,84.59375,85.3125,84.421875,84.71875,51.52666473388672,1180800,0.0,0.0,0.0
1997-06-06,84.59375,86.4375,84.59375,86.375,52.53400421142578,1511100,0.0,0.0,0.0
1997-06-09,86.4375,86.875,86.34375,86.8125,52.800079345703125,1823400,0.0,0.0,0.0
1997-06-10,86.84375,87.40625,86.5,87.078125,52.96166229248047,1217500,0.0,0.0,0.0
1997-06-11,87.0,87.40625,86.828125,87.28125,53.0852165222168,1673800,0.0,0.0,0.0
1997-06-12,87.875,89.0,87.5625,88.96875,54.11152267456055,4273300,0.0,0.0,0.0
1997-06-13,89.0625,90.0,88.90625,89.71875,54.56768798828125,2132900,0.0,0.0,0.0
1997-06-16,89.75,90.0,89.46875,89.75,54.58671951293945,800400,0.0,0.0,0.0
1997-06-17,89.4375,90.234375,88.9375,89.625,54.51069641113281,2048100,0.0,0.0,0.0
1997-06-18,89.125,89.625,88.96875,89.3125,54.32062530517578,1971900,0.0,0.0,0.0
1997-06-19,89.609375,90.5,89.375,90.234375,54.88132095336914,2029900,0.0,0.0,0.0
1997-06-20,89.9375,90.34375,89.5,89.578125,54.694305419921875,1396900,0.35,0.0,0.0
1997-06-23,89.40625,89.90625,87.34375,87.40625,53.368228912353516,3991500,0.0,0.0,0.0
1997-06-24,88.25,89.875,88.0,89.625,54.72294998168945,4895100,0.0,0.0,0.0
1997-06-25,89.484375,90.25,87.9375,89.0,54.341339111328125,4708900,0.0,0.0,0.0
1997-06-26,88.84375,89.625,87.6875,88.5625,54.074214935302734,2569900,0.0,0.0,0.0
1997-06-27,88.96875,89.71875,88.6875,88.90625,54.28410339355469,2617900,0.0,0.0,0.0
1997-06-30,88.90625,89.46875,87.875,88.3125,53.92155456542969,2384900,0.0,0.0,0.0
1997-07-01,88.5,89.5625,88.390625,89.34375,54.551212310791016,1749000,0.0,0.0,0.0
1997-07-02,89.5625,90.8125,89.21875,90.8125,55.44801330566406,1961800,0.0,0.0,0.0
1997-07-03,91.875,92.15625,91.46875,92.0625,56.21123504638672,2539100,0.0,0.0,0.0
1997-07-07,92.375,92.5,90.90625,91.125,55.638816833496094,1158600,0.0,0.0,0.0
1997-07-08,91.25,92.1875,91.1875,92.078125,56.22079086303711,3396500,0.0,0.0,0.0
1997-07-09,92.3125,92.375,90.03125,91.0625,55.60066223144531,5390300,0.0,0.0,0.0
1997-07-10,91.125,91.84375,90.484375,91.46875,55.848697662353516,2072200,0.0,0.0,0.0
1997-07-11,91.59375,92.1875,91.375,91.78125,56.03948974609375,2258900,0.0,0.0,0.0
1997-07-14,91.890625,92.3125,91.21875,92.0625,56.21123504638672,3186400,0.0,0.0,0.0
1997-07-15,92.3125,92.765625,91.46875,92.53125,56.497413635253906,2983100,0.0,0.0,0.0
1997-07-16,93.125,94.09375,92.890625,93.75,57.2415771484375,2621300,0.0,0.0,0.0
1997-07-17,93.625,93.8125,92.78125,93.28125,56.95536804199219,1794800,0.0,0.0,0.0
1997-07-18,93.015625,93.21875,91.0625,91.296875,55.743717193603516,3961900,0.0,0.0,0.0
1997-07-21,91.28125,91.59375,90.6875,91.3125,55.75330352783203,3810300,0.0,0.0,0.0
1997-07-22,91.6875,93.796875,91.625,93.734375,57.2320442199707,4243400,0.0,0.0,0.0
1997-07-23,93.9375,94.484375,93.53125,93.65625,57.18434143066406,3204300,0.0,0.0,0.0
1997-07-24,93.9375,94.265625,92.6875,94.09375,57.45143508911133,4152700,0.0,0.0,0.0
1997-07-25,94.5625,94.8125,93.625,94.03125,57.41328811645508,2364800,0.0,0.0,0.0
1997-07-28,94.25,94.5625,93.5,93.96875,57.375118255615234,2794700,0.0,0.0,0.0
1997-07-29,93.625,94.46875,93.421875,94.28125,57.56595993041992,2737100,0.0,0.0,0.0
1997-07-30,94.5,95.625,94.40625,95.40625,58.252811431884766,4839800,0.0,0.0,0.0
1997-07-31,95.40625,96.03125,95.03125,95.3125,58.19559860229492,2138700,0.0,0.0,0.0
1997-08-01,95.5,95.71875,93.8125,94.9375,57.9666633605957,7077700,0.0,0.0,0.0
1997-08-04,94.78125,95.546875,94.40625,95.1875,58.11928176879883,2339500,0.0,0.0,0.0
1997-08-05,95.09375,95.6875,94.90625,95.25,58.15740966796875,1466700,0.0,0.0,0.0
1997-08-06,95.4375,96.53125,95.0625,96.03125,58.634464263916016,2478200,0.0,0.0,0.0
1997-08-07,96.5,96.625,95.125,95.3125,58.19559860229492,3641900,0.0,0.0,0.0
1997-08-08,94.3125,94.75,92.40625,93.375,57.01261901855469,7113100,0.0,0.0,0.0
1997-08-11,93.75,94.28125,92.625,94.0625,57.43239974975586,6355900,0.0,0.0,0.0
1997-08-12,94.21875,94.546875,92.46875,92.5625,56.516517639160156,6132500,0.0,0.0,0.0
1997-08-13,93.6875,93.84375,91.46875,92.28125,56.344825744628906,6982300,0.0,0.0,0.0
1997-08-14,93.09375,93.3125,91.71875,92.625,56.5546760559082,3462700,0.0,0.0,0.0
1997-08-15,92.125,92.125,89.625,89.78125,54.818363189697266,4907100,0.0,0.0,0.0
1997-08-18,90.375,91.78125,89.34375,91.78125,56.03948974609375,5638900,0.0,0.0,0.0
1997-08-19,92.21875,92.90625,91.53125,92.84375,56.68824768066406,3802800,0.0,0.0,0.0
1997-08-20,92.9375,94.3125,92.609375,94.25,57.54685592651367,3564600,0.0,0.0,0.0
1997-08-21,94.125,94.25,92.09375,92.59375,56.535579681396484,5392600,0.0,0.0,0.0
1997-08-22,91.0,92.734375,90.5625,92.5625,56.516517639160156,8087800,0.0,0.0,0.0
1997-08-25,92.78125,93.40625,91.84375,92.21875,56.30659866333008,3888000,0.0,0.0,0.0
1997-08-26,92.0,92.5625,90.703125,90.859375,55.47661590576172,4290000,0.0,0.0,0.0
1997-08-27,91.0,91.96875,90.40625,91.40625,55.810543060302734,5484300,0.0,0.0,0.0
1997-08-28,91.1875,91.9375,90.0,90.015625,54.9614372253418,4287900,0.0,0.0,0.0
1997-08-29,90.125,91.109375,89.71875,90.375,55.18087387084961,2652300,0.0,0.0,0.0
1997-09-02,90.6875,93.359375,90.59375,93.3125,56.974456787109375,7294000,0.0,0.0,0.0
1997-09-03,93.296875,94.0,92.75,92.8125,56.66914367675781,2812500,0.0,0.0,0.0
1997-09-04,93.0625,93.71875,92.75,93.40625,57.031700134277344,2473700,0.0,0.0,0.0
1997-09-05,93.96875,94.4375,92.59375,93.140625,56.86946487426758,3663300,0.0,0.0,0.0
1997-09-08,93.71875,94.0,93.3125,93.546875,57.117549896240234,803500,0.0,0.0,0.0
1997-09-09,93.21875,94.28125,92.90625,93.59375,57.14619827270508,1885200,0.0,0.0,0.0
1997-09-10,93.125,93.5,91.65625,91.65625,55.96317672729492,3623700,0.0,0.0,0.0
1997-09-11,91.78125,91.90625,90.25,91.1875,55.67697525024414,7055900,0.0,0.0,0.0
1997-09-12,92.0,92.96875,90.9375,92.65625,56.573734283447266,6708000,0.0,0.0,0.0
1997-09-15,92.65625,93.3125,92.1875,92.5,56.478336334228516,2060500,0.0,0.0,0.0
1997-09-16,93.3125,95.28125,93.03125,94.8125,57.89030838012695,6979000,0.0,0.0,0.0
1997-09-17,95.375,95.5,94.5,94.8125,57.89030838012695,2220000,0.0,0.0,0.0
1997-09-18,95.0,96.375,94.96875,95.21875,58.13835525512695,5045400,0.0,0.0,0.0
1997-09-19,94.65625,95.359375,94.40625,95.03125,58.23670959472656,1566400,0.348,0.0,0.0
1997-09-22,95.5,96.203125,95.21875,95.5625,58.562320709228516,3259000,0.0,0.0,0.0
1997-09-23,95.5625,95.703125,94.75,95.125,58.29417037963867,1872800,0.0,0.0,0.0
1997-09-24,95.375,96.109375,94.28125,94.34375,57.815391540527344,2793100,0.0,0.0,0.0
1997-09-25,94.25,94.75,93.625,93.6875,57.41323471069336,6327800,0.0,0.0,0.0
1997-09-26,94.4375,94.8125,94.1875,94.46875,57.89202117919922,3995800,0.0,0.0,0.0
1997-09-29,94.5,95.5625,94.15625,95.375,58.447330474853516,2065000,0.0,0.0,0.0
1997-09-30,95.0,95.6875,94.375,94.375,57.83455276489258,4137600,0.0,0.0,0.0
1997-10-01,95.25,95.8125,94.78125,95.625,58.60055923461914,3567500,0.0,0.0,0.0
1997-10-02,95.53125,96.1875,95.3125,96.15625,58.92613983154297,2577500,0.0,0.0,0.0
1997-10-03,97.46875,97.75,95.34375,96.640625,59.22297668457031,6499900,0.0,0.0,0.0
1997-10-06,97.3125,97.609375,96.90625,97.28125,59.615516662597656,2272100,0.0,0.0,0.0
1997-10-07,97.53125,98.5,97.203125,98.1875,60.17094421386719,1832800,0.0,0.0,0.0
1997-10-08,98.359375,98.375,96.734375,97.5,59.74958038330078,4439400,0.0,0.0,0.0
1997-10-09,96.78125,97.609375,96.21875,97.15625,59.538936614990234,3607600,0.0,0.0,0.0
1997-10-10,96.3125,96.984375,96.25,96.875,59.36658477783203,2858100,0.0,0.0,0.0
1997-10-13,97.34375,97.546875,96.71875,96.96875,59.42402267456055,1760300,0.0,0.0,0.0
1997-10-14,97.46875,97.5,96.1875,97.0,59.44321823120117,2235700,0.0,0.0,0.0
1997-10-15,96.3125,97.0625,96.28125,96.78125,59.309146881103516,2601700,0.0,0.0,0.0
1997-10-16,97.3125,97.5,95.0,95.25,58.370765686035156,9488100,0.0,0.0,0.0
1997-10-17,95.015625,95.375,93.0,94.28125,57.77711868286133,8151300,0.0,0.0,0.0
1997-10-20,94.84375,95.75,94.15625,95.625,58.60055923461914,3636400,0.0,0.0,0.0
1997-10-21,96.21875,97.5,96.03125,97.484375,59.74003982543945,5225400,0.0,0.0,0.0
1997-10-22,97.34375,97.390625,96.53125,96.84375,59.347442626953125,4485200,0.0,0.0,0.0
1997-10-23,94.9375,95.75,94.28125,94.9375,58.17928695678711,8054100,0.0,0.0,0.0
1997-10-24,96.15625,96.15625,93.671875,94.0,57.604774475097656,6778700,0.0,0.0,0.0
1997-10-27,93.015625,93.9375,86.84375,87.1875,53.42998123168945,10840700,0.0,0.0,0.0
1997-10-28,84.375,92.875,84.375,92.21875,56.513179779052734,19548000,0.0,0.0,0.0
1997-10-29,92.5,93.75,91.28125,91.96875,56.35993957519531,10134400,0.0,0.0,0.0
1997-10-30,90.625,92.5625,89.75,89.9375,55.11516189575195,9772900,0.0,0.0,0.0
1997-10-31,91.8125,92.5,90.4375,92.0625,56.41740417480469,7072700,0.0,0.0,0.0
1997-11-03,93.1875,94.375,92.875,94.0,57.604774475097656,5548500,0.0,0.0,0.0
1997-11-04,93.875,94.4375,93.28125,94.0,57.604774475097656,3455700,0.0,0.0,0.0
1997-11-05,94.1875,95.28125,93.84375,94.3125,57.796260833740234,4774900,0.0,0.0,0.0
1997-11-06,94.03125,94.34375,93.5,93.953125,57.57600021362305,3679800,0.0,0.0,0.0
1997-11-07,92.375,93.25,91.4375,92.9375,56.953643798828125,10606800,0.0,0.0,0.0
1997-11-10,93.625,93.84375,92.0,92.375,56.608917236328125,4347900,0.0,0.0,0.0
1997-11-11,92.6875,93.0625,92.03125,92.40625,56.6280632019043,3212400,0.0,0.0,0.0
1997-11-12,91.625,92.71875,90.375,90.5,55.459896087646484,6775300,0.0,0.0,0.0
1997-11-13,91.46875,92.15625,90.09375,91.8125,56.264217376708984,8589600,0.0,0.0,0.0
1997-11-14,92.3125,93.390625,91.609375,93.0625,57.030242919921875,5827900,0.0,0.0,0.0
1997-11-17,94.375,95.3125,94.03125,94.78125,58.0835075378418,5149900,0.0,0.0,0.0
1997-11-18,94.8125,95.09375,93.890625,94.1875,57.71963882446289,3433600,0.0,0.0,0.0
1997-11-19,93.6875,95.0625,92.75,94.65625,58.00690460205078,4387900,0.0,0.0,0.0
1997-11-20,95.3125,96.53125,95.28125,96.09375,58.887840270996094,4822700,0.0,0.0,0.0
1997-11-21,96.625,96.8125,95.65625,96.75,59.29000473022461,5436500,0.0,0.0,0.0
1997-11-24,96.0,96.34375,94.625,95.0,58.217552185058594,4337200,0.0,0.0,0.0
1997-11-25,95.625,95.8125,94.65625,95.25,58.370765686035156,4525000,0.0,0.0,0.0
1997-11-26,95.875,95.984375,95.3125,95.53125,58.54311752319336,2681100,0.0,0.0,0.0
1997-11-28,95.75,96.25,95.59375,95.625,58.60055923461914,1564700,0.0,0.0,0.0
1997-12-01,96.21875,98.09375,96.03125,98.09375,60.11347198486328,4850900,0.0,0.0,0.0
1997-12-02,97.6875,97.984375,97.25,97.5,59.74958038330078,1974900,0.0,0.0,0.0
1997-12-03,97.625,98.53125,96.875,97.78125,59.921966552734375,3302500,0.0,0.0,0.0
1997-12-04,98.5,98.71875,97.375,97.6875,59.8645133972168,2872500,0.0,0.0,0.0
1997-12-05,97.375,99.0,97.125,98.9375,60.63055419921875,3458800,0.0,0.0,0.0
1997-12-08,98.96875,99.0,98.25,98.65625,60.458194732666016,2289200,0.0,0.0,0.0
1997-12-09,98.21875,98.59375,97.625,98.0625,60.094303131103516,1703000,0.0,0.0,0.0
1997-12-10,97.5625,97.84375,96.46875,97.21875,59.57725524902344,3558400,0.0,0.0,0.0
1997-12-11,96.3125,96.59375,95.3125,95.5625,58.562320709228516,5072800,0.0,0.0,0.0
1997-12-12,96.4375,96.5,94.90625,95.75,58.67717361450195,4478400,0.0,0.0,0.0
1997-12-15,96.25,97.109375,95.875,96.71875,59.27084732055664,4674700,0.0,0.0,0.0
1997-12-16,97.21875,97.8125,96.875,97.3125,59.63471984863281,2885800,0.0,0.0,0.0
1997-12-17,97.84375,97.875,96.703125,96.8125,59.328304290771484,2236300,0.0,0.0,0.0
1997-12-18,96.9375,96.9375,95.21875,95.875,58.75377655029297,4658300,0.0,0.0,0.0
1997-12-19,94.53125,95.875,92.375,94.78125,58.31460952758789,8556000,0.38,0.0,0.0
1997-12-22,95.4375,95.90625,94.5625,95.390625,58.68960189819336,5136800,0.0,0.0,0.0
1997-12-23,95.4375,95.625,93.53125,93.6875,57.641700744628906,4436500,0.0,0.0,0.0
1997-12-24,94.4375,94.4375,93.25,93.40625,57.46865463256836,2019200,0.0,0.0,0.0
1997-12-26,94.125,94.125,93.40625,93.78125,57.69937515258789,941800,0.0,0.0,0.0
1997-12-29,94.59375,95.71875,94.4375,95.625,58.833770751953125,2080000,0.0,0.0,0.0
1997-12-30,95.9375,97.25,95.84375,97.125,59.75666809082031,3616000,0.0,0.0,0.0
1997-12-31,96.875,97.625,96.6875,97.0625,59.71819305419922,4359500,0.0,0.0,0.0
1998-01-02,97.3125,97.65625,96.53125,97.5625,60.025814056396484,2360900,0.0,0.0,0.0
1998-01-05,97.84375,98.4375,96.78125,97.78125,60.160404205322266,4191800,0.0,0.0,0.0
1998-01-06,97.25,97.28125,96.1875,96.21875,59.19906234741211,3154900,0.0,0.0,0.0
1998-01-07,96.09375,96.71875,95.21875,96.46875,59.35287094116211,4424200,0.0,0.0,0.0
1998-01-08,96.3125,96.3125,95.375,95.625,58.833770751953125,3831000,0.0,0.0,0.0
1998-01-09,95.25,95.5,91.90625,92.3125,56.79572677612305,10258800,0.0,0.0,0.0
1998-01-12,91.125,94.1875,90.90625,94.0,57.833984375,12097900,0.0,0.0,0.0
1998-01-13,94.625,95.375,94.21875,95.3125,58.6414909362793,5224900,0.0,0.0,0.0
1998-01-14,95.6875,95.96875,94.71875,95.75,58.91069030761719,3770400,0.0,0.0,0.0
1998-01-15,95.5,95.75,94.8125,94.953125,58.42034912109375,2875400,0.0,0.0,0.0
1998-01-16,96.25,96.6875,95.65625,96.3125,59.25674819946289,4374800,0.0,0.0,0.0
1998-01-20,96.6875,98.015625,96.5,97.875,60.21810531616211,5091700,0.0,0.0,0.0
1998-01-21,97.21875,97.6875,96.15625,96.9375,59.64127731323242,4699400,0.0,0.0,0.0
1998-01-22,96.15625,96.875,95.875,96.078125,59.11257553100586,4543400,0.0,0.0,0.0
1998-01-23,96.5,96.78125,95.0,95.9375,59.02602767944336,6350300,0.0,0.0,0.0
1998-01-26,96.375,96.734375,95.40625,95.875,58.987571716308594,4362900,0.0,0.0,0.0
1998-01-27,95.8125,97.5,95.65625,96.84375,59.58360290527344,7044200,0.0,0.0,0.0
1998-01-28,97.40625,98.109375,97.1875,97.71875,60.121971130371094,4268600,0.0,0.0,0.0
1998-01-29,97.84375,99.5625,97.5625,98.25,60.44881820678711,8007700,0.0,0.0,0.0
1998-01-30,98.78125,98.96875,98.0,98.3125,60.48725509643555,3649100,0.0,0.0,0.0
1998-02-02,99.90625,100.5,99.75,99.9375,61.487030029296875,5756300,0.0,0.0,0.0
1998-02-03,100.0,100.8125,99.71875,100.6875,61.94847869873047,2759600,0.0,0.0,0.0
1998-02-04,100.28125,101.15625,99.9375,100.5625,61.87154769897461,3374000,0.0,0.0,0.0
1998-02-05,101.3125,101.59375,100.03125,100.5,61.833133697509766,5076200,0.0,0.0,0.0
1998-02-06,101.0,101.625,100.6875,101.625,62.525272369384766,5701200,0.0,0.0,0.0
1998-02-09,101.71875,101.75,100.71875,101.28125,62.313819885253906,2322200,0.0,0.0,0.0
1998-02-10,101.4375,102.46875,101.1875,102.25,62.9097900390625,3660400,0.0,0.0,0.0
1998-02-11,102.09375,102.34375,101.703125,102.15625,62.85213088989258,4073200,0.0,0.0,0.0
1998-02-12,101.71875,102.9375,100.875,102.59375,63.121299743652344,5024700,0.0,0.0,0.0
1998-02-13,102.1875,102.515625,101.875,102.0,62.756011962890625,2101300,0.0,0.0,0.0
1998-02-17,102.8125,103.09375,102.15625,102.5,63.06363296508789,3055500,0.0,0.0,0.0
1998-02-18,102.3125,103.484375,102.28125,103.4375,63.64043426513672,3007400,0.0,0.0,0.0
1998-02-19,103.25,103.40625,102.75,102.890625,63.303955078125,3387800,0.0,0.0,0.0
1998-02-20,103.15625,103.71875,102.375,103.65625,63.7750358581543,3707000,0.0,0.0,0.0
1998-02-23,104.25,104.25,103.34375,104.0625,64.02497863769531,3227800,0.0,0.0,0.0
1998-02-24,103.90625,104.09375,102.9375,103.25,63.52510452270508,3386800,0.0,0.0,0.0
1998-02-25,103.75,104.875,103.625,104.53125,64.31336212158203,3481800,0.0,0.0,0.0
1998-02-26,104.4375,105.21875,104.1875,105.125,64.6787109375,3187600,0.0,0.0,0.0
1998-02-27,104.96875,105.53125,104.53125,105.125,64.6787109375,3442900,0.0,0.0,0.0
1998-03-02,105.25,105.75,104.625,104.90625,64.54409790039062,4252300,0.0,0.0,0.0
1998-03-03,104.53125,105.625,104.53125,105.5,64.90938568115234,3349200,0.0,0.0,0.0
1998-03-04,105.09375,105.40625,104.4375,104.8125,64.48641204833984,4404100,0.0,0.0,0.0
1998-03-05,103.5,104.4375,103.15625,103.84375,63.89036178588867,7268000,0.0,0.0,0.0
1998-03-06,104.5625,105.9375,104.4375,105.9375,65.17858123779297,6896300,0.0,0.0,0.0
1998-03-09,105.53125,106.21875,105.25,105.5625,64.94786834716797,3362800,0.0,0.0,0.0
1998-03-10,106.21875,106.84375,105.9375,106.5625,65.5631103515625,5481900,0.0,0.0,0.0
1998-03-11,106.96875,107.3125,106.78125,107.0625,65.87076568603516,3439600,0.0,0.0,0.0
1998-03-12,107.09375,107.59375,106.5,107.5,66.139892578125,3191300,0.0,0.0,0.0
1998-03-13,107.84375,108.0,106.875,107.09375,65.88999938964844,2879400,0.0,0.0,0.0
1998-03-16,107.84375,108.375,107.53125,108.25,66.6013412475586,3223600,0.0,0.0,0.0
1998-03-17,108.3125,108.5625,107.65625,108.5625,66.79364013671875,4581900,0.0,0.0,0.0
1998-03-18,108.25,108.96875,108.03125,108.96875,67.0435562133789,1944100,0.0,0.0,0.0
1998-03-19,108.96875,109.375,108.65625,109.25,67.21659851074219,2554800,0.0,0.0,0.0
1998-03-20,109.5625,110.1875,108.875,109.875,67.79537963867188,3123300,0.313,0.0,0.0
1998-03-23,109.71875,110.3125,109.40625,109.625,67.64110565185547,4453100,0.0,0.0,0.0
1998-03-24,110.0625,110.8125,109.9375,110.5625,68.21959686279297,3333600,0.0,0.0,0.0
1998-03-25,111.40625,111.53125,109.1875,110.15625,67.96892547607422,4597600,0.0,0.0,0.0
1998-03-26,109.875,110.75,109.625,110.09375,67.93034362792969,3333500,0.0,0.0,0.0
1998-03-27,110.75,110.78125,109.0,109.625,67.64110565185547,2611300,0.0,0.0,0.0
1998-03-30,109.625,110.09375,108.96875,109.5625,67.6025390625,3108700,0.0,0.0,0.0
1998-03-31,110.15625,111.1875,109.75,109.9375,67.83392333984375,5926500,0.0,0.0,0.0
1998-04-01,110.3125,111.078125,109.40625,110.828125,68.38346862792969,2929000,0.0,0.0,0.0
1998-04-02,110.9375,112.25,110.75,112.03125,69.12586212158203,3920900,0.0,0.0,0.0
1998-04-03,112.34375,112.8125,111.84375,112.59375,69.47288513183594,3787600,0.0,0.0,0.0
1998-04-06,113.25,113.375,111.6875,111.6875,68.91374969482422,4550500,0.0,0.0,0.0
1998-04-07,111.75,111.9375,110.15625,110.9375,68.45097351074219,5583700,0.0,0.0,0.0
1998-04-08,111.21875,111.28125,109.75,110.3125,68.06533813476562,4854800,0.0,0.0,0.0
1998-04-09,110.5625,111.28125,110.53125,111.1875,68.6052474975586,4481200,0.0,0.0,0.0
1998-04-13,111.375,111.375,110.0,110.875,68.41238403320312,4350200,0.0,0.0,0.0
1998-04-14,111.125,111.8125,110.90625,111.8125,68.99080657958984,3279100,0.0,0.0,0.0
1998-04-15,111.96875,112.125,111.15625,112.125,69.18363952636719,3867200,0.0,0.0,0.0
1998-04-16,111.3125,111.5,110.5,110.8125,68.37387084960938,7177900,0.0,0.0,0.0
1998-04-17,110.71875,112.4375,110.4375,112.28125,69.28006744384766,5688800,0.0,0.0,0.0
1998-04-20,112.0,112.5625,111.875,112.25,69.26078796386719,3688300,0.0,0.0,0.0
1998-04-21,112.4375,113.15625,111.90625,112.78125,69.58861541748047,4573200,0.0,0.0,0.0
1998-04-22,112.875,113.4375,112.8125,113.09375,69.78143310546875,2386100,0.0,0.0,0.0
1998-04-23,112.625,113.0,111.75,112.0,69.10655975341797,5062000,0.0,0.0,0.0
1998-04-24,111.75,112.46875,110.34375,110.8125,68.37387084960938,11039700,0.0,0.0,0.0
1998-04-27,109.375,109.6875,107.625,108.71875,67.08192443847656,14510200,0.0,0.0,0.0
1998-04-28,109.78125,109.8125,108.125,108.5625,66.98552703857422,6511400,0.0,0.0,0.0
1998-04-29,109.03125,109.96875,108.4375,109.3125,67.44828796386719,7703100,0.0,0.0,0.0
1998-04-30,110.5625,111.921875,110.40625,111.34375,68.70162963867188,8684500,0.0,0.0,0.0
1998-05-01,111.75,112.59375,111.3125,112.59375,69.47288513183594,4008800,0.0,0.0,0.0
1998-05-04,112.71875,113.3125,112.15625,112.3125,69.29937744140625,4537200,0.0,0.0,0.0
1998-05-05,112.0,112.15625,111.125,111.53125,68.81735229492188,5146400,0.0,0.0,0.0
1998-05-06,112.125,112.125,110.1875,110.21875,68.00747680664062,5526100,0.0,0.0,0.0
1998-05-07,110.5,110.5625,109.34375,109.34375,67.46758270263672,6940400,0.0,0.0,0.0
1998-05-08,110.0,111.375,110.0,111.125,68.56664276123047,7951000,0.0,0.0,0.0
1998-05-11,111.5625,112.21875,110.375,110.75,68.33531188964844,6336300,0.0,0.0,0.0
1998-05-12,110.8125,111.96875,110.34375,111.9375,69.06798553466797,6045200,0.0,0.0,0.0
1998-05-13,112.0625,112.5625,111.59375,112.21875,69.24150848388672,4441500,0.0,0.0,0.0
1998-05-14,111.53125,112.6875,111.34375,111.65625,68.89444732666016,4187500,0.0,0.0,0.0
1998-05-15,112.0,112.21875,110.8125,111.03125,68.50879669189453,6716100,0.0,0.0,0.0
1998-05-18,110.71875,111.59375,109.828125,110.59375,68.23885345458984,4847200,0.0,0.0,0.0
1998-05-19,111.0,111.6875,110.78125,111.34375,68.70162963867188,5918700,0.0,0.0,0.0
1998-05-20,112.09375,112.5,110.875,112.40625,69.35723114013672,5716600,0.0,0.0,0.0
1998-05-21,112.375,112.78125,111.3125,111.6875,68.91374969482422,6301500,0.0,0.0,0.0
1998-05-22,111.75,112.0625,110.9375,111.25,68.643798828125,4862200,0.0,0.0,0.0
1998-05-26,112.09375,112.09375,109.1875,109.46875,67.54471588134766,6899300,0.0,0.0,0.0
1998-05-27,108.53125,109.90625,107.578125,109.625,67.64110565185547,10202600,0.0,0.0,0.0
1998-05-28,109.875,110.375,109.0625,110.125,67.94965362548828,4907600,0.0,0.0,0.0
1998-05-29,110.625,110.8125,109.03125,109.03125,67.2747573852539,4772600,0.0,0.0,0.0
1998-06-01,108.96875,110.21875,108.5625,109.53125,67.58330535888672,6092200,0.0,0.0,0.0
1998-06-02,110.0,110.34375,109.15625,109.625,67.64110565185547,6701100,0.0,0.0,0.0
1998-06-03,109.875,110.1875,107.875,107.875,66.56131744384766,6445100,0.0,0.0,0.0
1998-06-04,108.25,110.0625,108.0625,109.875,67.79537963867188,6566300,0.0,0.0,0.0
1998-06-05,110.375,112.0,109.875,112.0,69.10655975341797,8463200,0.0,0.0,0.0
1998-06-08,111.9375,112.46875,111.65625,111.875,69.02942657470703,4159900,0.0,0.0,0.0
1998-06-09,111.71875,112.421875,111.40625,112.21875,69.24150848388672,2725300,0.0,0.0,0.0
1998-06-10,111.625,113.0625,111.25,111.5,68.79801940917969,6186900,0.0,0.0,0.0
1998-06-11,111.4375,111.875,109.375,109.40625,67.50614166259766,8056600,0.0,0.0,0.0
1998-06-12,109.875,110.4375,108.25,110.4375,68.14244842529297,9779000,0.0,0.0,0.0
1998-06-15,108.8125,109.90625,107.5,107.53125,66.34922790527344,10234200,0.0,0.0,0.0
1998-06-16,108.40625,109.21875,107.75,109.1875,67.37117767333984,7471500,0.0,0.0,0.0
1998-06-17,110.15625,111.78125,109.9375,111.46875,68.77877044677734,12057700,0.0,0.0,0.0
1998-06-18,111.1875,111.4375,110.75,110.96875,68.47029113769531,3844600,0.0,0.0,0.0
1998-06-19,111.0625,111.234375,109.625,110.0625,68.12716674804688,3549100,0.352,0.0,0.0
1998-06-22,110.25,111.0625,110.0625,110.59375,68.45600128173828,5438300,0.0,0.0,0.0
1998-06-23,111.09375,112.0625,111.0,111.90625,69.26841735839844,5004600,0.0,0.0,0.0
1998-06-24,112.15625,113.6875,111.609375,113.40625,70.1969223022461,8291900,0.0,0.0,0.0
1998-06-25,113.90625,114.4375,112.8125,113.21875,70.08081817626953,5854800,0.0,0.0,0.0
1998-06-26,113.3125,113.84375,113.125,113.6875,70.3709945678711,4833100,0.0,0.0,0.0
1998-06-29,114.25,114.6875,113.796875,114.09375,70.6224365234375,5953400,0.0,0.0,0.0
1998-06-30,113.90625,114.1875,113.0625,113.3125,70.13887786865234,4284800,0.0,0.0,0.0
1998-07-01,114.0625,114.9375,113.625,114.625,70.95130157470703,3489500,0.0,0.0,0.0
1998-07-02,114.71875,114.875,114.25,114.84375,71.0866928100586,3503900,0.0,0.0,0.0
1998-07-06,114.78125,116.0,114.5625,116.0,71.80243682861328,3144400,0.0,0.0,0.0
1998-07-07,115.984375,116.125,115.28125,115.78125,71.6670150756836,4920700,0.0,0.0,0.0
1998-07-08,115.875,116.9375,115.75,116.625,72.18925476074219,6875000,0.0,0.0,0.0
1998-07-09,116.28125,116.71875,115.625,115.84375,71.70569610595703,6942500,0.0,0.0,0.0
1998-07-10,116.03125,116.9375,115.0625,116.46875,72.09256744384766,7849700,0.0,0.0,0.0
1998-07-13,116.5625,116.84375,116.0625,116.5,72.11190795898438,6555100,0.0,0.0,0.0
1998-07-14,116.9375,118.15625,116.9375,117.8125,72.92433166503906,6983600,0.0,0.0,0.0
1998-07-15,118.0625,118.28125,117.53125,117.59375,72.7889175415039,4977500,0.0,0.0,0.0
1998-07-16,117.6875,118.59375,117.0625,118.40625,73.29181671142578,6315600,0.0,0.0,0.0
1998-07-17,118.625,119.0,118.3125,118.5625,73.38854217529297,3539500,0.0,0.0,0.0
1998-07-20,118.75,119.234375,117.9375,118.5625,73.38854217529297,2338400,0.0,0.0,0.0
1998-07-21,119.0,119.0,116.28125,116.5,72.11190795898438,5518600,0.0,0.0,0.0
1998-07-22,116.34375,116.984375,115.53125,116.5,72.11190795898438,10417300,0.0,0.0,0.0
1998-07-23,116.3125,116.59375,113.90625,114.1875,70.68049621582031,15110900,0.0,0.0,0.0
1998-07-24,114.96875,115.09375,112.875,114.09375,70.6224365234375,11540500,0.0,0.0,0.0
1998-07-27,113.625,115.0,112.84375,114.90625,71.12538146972656,9600000,0.0,0.0,0.0
1998-07-28,114.4375,114.65625,111.875,112.96875,69.92610168457031,13693000,0.0,0.0,0.0
1998-07-29,113.71875,114.125,112.25,112.53125,69.65528106689453,7462400,0.0,0.0,0.0
1998-07-30,113.625,114.59375,113.40625,114.21875,70.69986724853516,6821600,0.0,0.0,0.0
1998-07-31,114.34375,114.5,111.3125,111.78125,69.19104766845703,7680500,0.0,0.0,0.0
1998-08-03,111.78125,112.421875,111.03125,111.3125,68.90088653564453,10486500,0.0,0.0,0.0
1998-08-04,112.21875,112.21875,107.0,107.0,66.23152160644531,15091600,0.0,0.0,0.0
1998-08-05,107.9375,108.875,105.59375,108.46875,67.14066314697266,21718400,0.0,0.0,0.0
1998-08-06,108.125,109.5,107.5625,108.9375,67.4308090209961,13084400,0.0,0.0,0.0
1998-08-07,109.6875,110.59375,108.46875,109.125,67.54690551757812,12083800,0.0,0.0,0.0
1998-08-10,108.75,109.65625,108.1875,108.5,67.15999603271484,6273000,0.0,0.0,0.0
1998-08-11,106.78125,107.4375,105.5,106.875,66.15413665771484,14287100,0.0,0.0,0.0
1998-08-12,107.75,108.875,107.5,108.6875,67.27608489990234,11158400,0.0,0.0,0.0
1998-08-13,108.8125,109.65625,107.375,107.375,66.46365356445312,9073900,0.0,0.0,0.0
1998-08-14,108.34375,108.71875,105.78125,106.125,65.68990325927734,8628500,0.0,0.0,0.0
1998-08-17,106.0,108.9375,105.5,108.375,67.08263397216797,11290000,0.0,0.0,0.0
1998-08-18,109.0,110.59375,108.78125,110.375,68.32056427001953,7603900,0.0,0.0,0.0
1998-08-19,111.09375,111.09375,109.625,110.09375,68.1465072631836,6258600,0.0,0.0,0.0
1998-08-20,109.6875,110.40625,109.15625,109.4375,67.74028778076172,7402800,0.0,0.0,0.0
1998-08-21,108.1875,108.71875,105.5,108.5625,67.19867706298828,16685400,0.0,0.0,0.0
1998-08-24,109.25,109.9375,108.3125,109.25,67.62425231933594,7201700,0.0,0.0,0.0
1998-08-25,110.375,111.25,108.640625,109.5,67.77898406982422,9688300,0.0,0.0,0.0
1998-08-26,108.28125,109.625,107.75,108.875,67.39213562011719,9339700,0.0,0.0,0.0
1998-08-27,107.0,107.5625,103.46875,103.75,64.2198257446289,24887800,0.0,0.0,0.0
1998-08-28,104.96875,105.71875,102.15625,103.375,63.987693786621094,23735900,0.0,0.0,0.0
1998-08-31,103.75,104.015625,95.0,96.0,59.422672271728516,22563100,0.0,0.0,0.0
1998-09-01,96.0625,100.5625,93.625,100.0625,61.937313079833984,24748500,0.0,0.0,0.0
1998-09-02,99.8125,101.75,98.78125,99.34375,61.49238586425781,13843200,0.0,0.0,0.0
1998-09-03,97.625,99.375,96.75,98.5625,61.00883483886719,17311300,0.0,0.0,0.0
1998-09-04,99.4375,99.8125,95.75,97.75,60.50589370727539,17783800,0.0,0.0,0.0
1998-09-08,100.875,103.0,99.8125,103.0,63.75556564331055,14746500,0.0,0.0,0.0
1998-09-09,102.75,103.125,100.4375,100.5,62.20811080932617,12109700,0.0,0.0,0.0
1998-09-10,98.4375,99.34375,96.8125,98.5,60.970184326171875,19889300,0.0,0.0,0.0
1998-09-11,98.1875,101.6875,97.0,101.6875,62.94312286376953,20379800,0.0,0.0,0.0
1998-09-14,102.875,104.453125,102.09375,103.4375,64.02641296386719,10686800,0.0,0.0,0.0
1998-09-15,102.875,104.3125,102.28125,104.0625,64.41324615478516,8337900,0.0,0.0,0.0
1998-09-16,104.75,105.25,103.15625,105.0,64.99356842041016,11024900,0.0,0.0,0.0
1998-09-17,102.25,103.03125,101.78125,102.0,63.13658142089844,12945200,0.0,0.0,0.0
1998-09-18,102.375,102.40625,101.09375,102.09375,63.41780471801758,7019200,0.359,0.0,0.0
1998-09-21,99.625,103.40625,98.9375,102.03125,63.378990173339844,8834600,0.0,0.0,0.0
1998-09-22,103.5,103.65625,102.15625,102.875,63.903133392333984,7270100,0.0,0.0,0.0
1998-09-23,103.875,107.0,103.78125,107.0,66.46546173095703,13688500,0.0,0.0,0.0
1998-09-24,106.3125,106.8125,103.25,104.375,64.83486938476562,11129500,0.0,0.0,0.0
1998-09-25,103.125,105.421875,102.625,104.25,64.75725555419922,10247400,0.0,0.0,0.0
1998-09-28,105.3125,106.3125,104.25,105.1875,65.3395767211914,8847800,0.0,0.0,0.0
1998-09-29,105.375,105.9375,103.375,104.9375,65.18428039550781,10618100,0.0,0.0,0.0
1998-09-30,103.5,104.3125,101.375,101.75,63.20431137084961,7908400,0.0,0.0,0.0
1998-10-01,100.03125,101.546875,98.09375,98.8125,61.37959671020508,13335600,0.0,0.0,0.0
1998-10-02,98.875,100.875,97.21875,100.71875,62.563724517822266,14351800,0.0,0.0,0.0
1998-10-05,99.59375,99.96875,96.34375,98.6875,61.30194854736328,12807200,0.0,0.0,0.0
1998-10-06,100.75,101.28125,97.53125,98.59375,61.24375534057617,12621000,0.0,0.0,0.0
1998-10-07,98.625,100.03125,95.75,97.125,60.33139419555664,14348500,0.0,0.0,0.0
1998-10-08,94.5625,96.75,92.21875,96.59375,60.00139236450195,20625000,0.0,0.0,0.0
1998-10-09,97.0,98.78125,94.0625,98.53125,61.20490646362305,12708500,0.0,0.0,0.0
1998-10-12,100.625,101.4375,99.6875,99.96875,62.09783935546875,9508500,0.0,0.0,0.0
1998-10-13,99.5625,100.40625,98.75,99.625,61.88428497314453,6256800,0.0,0.0,0.0
1998-10-14,98.9375,101.8125,98.84375,100.5625,62.46666717529297,8176900,0.0,0.0,0.0
1998-10-15,100.125,107.25,99.9375,105.96875,65.82484436035156,20541100,0.0,0.0,0.0
1998-10-16,106.125,106.75,105.0,106.0,65.84427642822266,16573900,0.0,0.0,0.0
1998-10-19,105.6875,106.8125,105.5,106.375,66.07718658447266,7915900,0.0,0.0,0.0
1998-10-20,107.5625,108.796875,106.09375,107.0,66.46546173095703,14611600,0.0,0.0,0.0
1998-10-21,106.875,107.625,105.875,106.625,66.23249816894531,9178400,0.0,0.0,0.0
1998-10-22,106.78125,108.46875,106.15625,108.21875,67.22249603271484,8277500,0.0,0.0,0.0
1998-10-23,107.96875,108.0,106.78125,106.84375,66.36840057373047,6237200,0.0,0.0,0.0
1998-10-26,107.71875,108.46875,106.78125,107.625,66.85369873046875,5838600,0.0,0.0,0.0
1998-10-27,108.4375,108.96875,106.28125,107.0,66.46546173095703,10089700,0.0,0.0,0.0
1998-10-28,106.5625,107.53125,106.03125,106.8125,66.34899139404297,5650600,0.0,0.0,0.0
1998-10-29,107.09375,109.4375,106.625,109.40625,67.96015930175781,9625600,0.0,0.0,0.0
1998-10-30,110.125,110.90625,109.5,110.0,68.3289566040039,9872800,0.0,0.0,0.0
1998-11-02,110.8125,111.875,110.1875,111.875,69.49364471435547,6501400,0.0,0.0,0.0
1998-11-03,111.59375,111.8125,110.75,111.0625,68.98898315429688,6866000,0.0,0.0,0.0
1998-11-04,112.46875,113.09375,111.09375,112.25,69.72661590576172,8233600,0.0,0.0,0.0
1998-11-05,111.53125,113.9375,111.125,113.78125,70.67779541015625,6841500,0.0,0.0,0.0
1998-11-06,113.46875,114.5625,113.3125,114.125,70.89130401611328,5224800,0.0,0.0,0.0
1998-11-09,113.9375,114.25,112.5,113.3125,70.38658142089844,6188700,0.0,0.0,0.0
1998-11-10,113.0,113.9375,112.25,113.0,70.19248962402344,14015200,0.0,0.0,0.0
1998-11-11,113.8125,114.0,111.890625,112.25,69.72661590576172,10922400,0.0,0.0,0.0
1998-11-12,112.3125,113.125,111.6875,112.125,69.64895629882812,5457400,0.0,0.0,0.0
1998-11-13,112.21875,113.21875,112.125,113.21875,70.32835388183594,5524600,0.0,0.0,0.0
1998-11-16,114.21875,114.359375,112.890625,114.0625,70.85247802734375,6023700,0.0,0.0,0.0
1998-11-17,113.65625,115.625,113.0,114.0625,70.85247802734375,9058900,0.0,0.0,0.0
1998-11-18,114.3125,115.0,113.5,114.75,71.2795639038086,4567700,0.0,0.0,0.0
1998-11-19,115.28125,115.90625,114.625,115.75,71.90071868896484,5249300,0.0,0.0,0.0
1998-11-20,116.359375,116.75,115.84375,116.625,72.44422912597656,5562000,0.0,0.0,0.0
1998-11-23,117.46875,119.625,117.15625,119.375,74.15242767333984,7151300,0.0,0.0,0.0
1998-11-24,119.0,119.65625,118.453125,118.625,73.68658447265625,5323700,0.0,0.0,0.0
1998-11-25,118.9375,119.1875,118.21875,118.625,73.68658447265625,4393500,0.0,0.0,0.0
1998-11-27,119.46875,119.71875,119.015625,119.5,74.2301025390625,4557900,0.0,0.0,0.0
1998-11-30,119.015625,119.375,116.125,116.125,72.1336898803711,8705400,0.0,0.0,0.0
1998-12-01,116.125,118.03125,115.21875,117.625,73.06542205810547,8950600,0.0,0.0,0.0
1998-12-02,117.21875,117.90625,116.0,117.28125,72.85189056396484,7495500,0.0,0.0,0.0
1998-12-03,117.25,118.3125,115.09375,115.34375,71.64838409423828,12145300,0.0,0.0,0.0
1998-12-04,116.625,118.5,116.5,118.375,73.53129577636719,10339500,0.0,0.0,0.0
1998-12-07,118.0625,119.46875,118.0,118.9375,73.88072967529297,4290000,0.0,0.0,0.0
1998-12-08,118.53125,119.75,117.5,118.40625,73.5506820678711,10102600,0.0,0.0,0.0
1998-12-09,118.6875,118.96875,117.875,118.625,73.68658447265625,5327900,0.0,0.0,0.0
1998-12-10,118.84375,118.84375,116.71875,116.890625,72.6092300415039,5966600,0.0,0.0,0.0
1998-12-11,116.4375,117.34375,115.5625,117.125,72.75482940673828,8198200,0.0,0.0,0.0
1998-12-14,116.15625,116.40625,113.75,113.75,70.65837860107422,9521400,0.0,0.0,0.0
1998-12-15,114.6875,116.75,114.53125,116.6875,72.48307037353516,9631500,0.0,0.0,0.0
1998-12-16,117.125,117.125,115.75,116.53125,72.38602447509766,7260000,0.0,0.0,0.0
1998-12-17,117.21875,118.59375,117.03125,118.390625,73.54100036621094,6914700,0.0,0.0,0.0
1998-12-18,118.3125,119.125,117.875,118.5,73.85346984863281,4802400,0.392,0.0,0.0
1998-12-21,119.25,121.34375,119.0,120.15625,74.88568115234375,8580700,0.0,0.0,0.0
1998-12-22,120.40625,121.21875,119.1875,120.6875,75.21678924560547,5461100,0.0,0.0,0.0
1998-12-23,121.1875,123.21875,120.8125,123.21875,76.79438018798828,7791000,0.0,0.0,0.0
1998-12-24,123.15625,123.25,122.5,122.6875,76.46324920654297,1507100,0.0,0.0,0.0
1998-12-28,123.25,123.3125,122.0,122.375,76.26850891113281,4203600,0.0,0.0,0.0
1998-12-29,122.71875,124.484375,122.125,124.3125,77.4760513305664,3935800,0.0,0.0,0.0
1998-12-30,123.9375,124.75,123.03125,123.3125,76.85279846191406,6810700,0.0,0.0,0.0
1998-12-31,123.3125,123.9375,122.46875,123.3125,76.85279846191406,6790500,0.0,0.0,0.0
1999-01-04,123.375,125.21875,121.71875,123.03125,76.67750549316406,9450400,0.0,0.0,0.0
1999-01-05,122.9375,124.875,122.9375,124.4375,77.55397033691406,8031000,0.0,0.0,0.0
1999-01-06,125.8125,127.75,125.75,127.4375,79.42367553710938,7737700,0.0,0.0,0.0
1999-01-07,126.375,127.21875,125.78125,126.8125,79.03416442871094,5504900,0.0,0.0,0.0
1999-01-08,128.1875,128.5,125.96875,127.75,79.61843872070312,6224400,0.0,0.0,0.0
1999-01-11,127.6875,127.6875,125.21875,126.53125,78.85881805419922,7578300,0.0,0.0,0.0
1999-01-12,126.21875,126.21875,123.75,124.25,77.4371109008789,7768800,0.0,0.0,0.0
1999-01-13,120.40625,125.125,120.375,123.375,76.89175415039062,10810600,0.0,0.0,0.0
1999-01-14,123.625,123.90625,120.90625,121.21875,75.54791259765625,11400700,0.0,0.0,0.0
1999-01-15,122.375,124.78125,122.0625,124.375,77.51498413085938,7817700,0.0,0.0,0.0
1999-01-19,125.296875,125.625,123.5,125.1875,78.0213851928711,6535100,0.0,0.0,0.0
1999-01-20,126.09375,127.9375,125.03125,126.1875,78.64458465576172,6534400,0.0,0.0,0.0
1999-01-21,125.578125,125.84375,122.59375,122.84375,76.56063079833984,6937500,0.0,0.0,0.0
1999-01-22,122.125,123.84375,121.78125,122.5625,76.38538360595703,7522300,0.0,0.0,0.0
1999-01-25,123.28125,124.0,121.90625,123.8125,77.16441345214844,5700300,0.0,0.0,0.0
1999-01-26,124.125,126.0625,123.625,126.0625,78.56670379638672,6047000,0.0,0.0,0.0
1999-01-27,126.375,126.625,124.15625,124.59375,77.65132904052734,7399400,0.0,0.0,0.0
1999-01-28,125.25,126.96875,125.1875,126.6875,78.9561996459961,5961700,0.0,0.0,0.0
1999-01-29,127.34375,128.296875,125.40625,127.65625,79.56000518798828,6456800,0.0,0.0,0.0
1999-02-01,128.6875,128.6875,126.90625,126.90625,79.09259033203125,9426800,0.0,0.0,0.0
1999-02-02,127.078125,127.21875,124.765625,126.125,78.60565185546875,9194500,0.0,0.0,0.0
1999-02-03,125.6875,127.9375,125.65625,127.40625,79.4041748046875,10290700,0.0,0.0,0.0
1999-02-04,127.375,127.5,124.78125,125.5,78.21613311767578,7761100,0.0,0.0,0.0
1999-02-05,125.65625,125.65625,123.21875,124.0625,77.32028198242188,7516100,0.0,0.0,0.0
1999-02-08,125.09375,125.09375,123.34375,124.3125,77.4760513305664,8528400,0.0,0.0,0.0
1999-02-09,124.375,124.5,121.515625,121.53125,75.74263763427734,8985700,0.0,0.0,0.0
1999-02-10,122.125,123.0,121.328125,122.3125,76.22955322265625,6936700,0.0,0.0,0.0
1999-02-11,123.0625,126.09375,122.5,125.125,77.98240661621094,9181800,0.0,0.0,0.0
1999-02-12,124.8125,125.5,122.625,123.625,77.04755401611328,10676600,0.0,0.0,0.0
1999-02-16,124.75,125.625,122.875,122.875,76.58013153076172,6915500,0.0,0.0,0.0
1999-02-17,123.1875,125.359375,122.25,122.75,76.50226593017578,7858100,0.0,0.0,0.0
1999-02-18,123.1875,124.375,122.21875,123.71875,77.10597229003906,9048900,0.0,0.0,0.0
1999-02-19,124.0,125.75,123.375,124.25,77.4371109008789,5312200,0.0,0.0,0.0
1999-02-22,124.4375,127.71875,124.28125,127.5625,79.50157165527344,10695800,0.0,0.0,0.0
1999-02-23,127.59375,128.5,126.59375,127.5,79.46257781982422,7770700,0.0,0.0,0.0
1999-02-24,127.84375,128.84375,125.0,125.25,78.0603256225586,7271000,0.0,0.0,0.0
1999-02-25,124.53125,125.28125,122.6875,124.0625,77.32028198242188,11633000,0.0,0.0,0.0
1999-02-26,124.75,124.84375,122.8125,123.5625,77.00862121582031,9621300,0.0,0.0,0.0
1999-03-01,123.65625,124.3125,122.375,123.90625,77.22285461425781,7607200,0.0,0.0,0.0
1999-03-02,124.5,125.3125,122.3125,122.8125,76.54119110107422,9651500,0.0,0.0,0.0
1999-03-03,123.09375,123.5625,121.78125,123.46875,76.95018005371094,7881400,0.0,0.0,0.0
1999-03-04,124.0625,125.484375,123.265625,125.03125,77.9239501953125,8256400,0.0,0.0,0.0
1999-03-05,127.5,128.125,126.5625,127.546875,79.49182891845703,10703100,0.0,0.0,0.0
1999-03-08,128.28125,128.796875,127.25,128.375,80.0079345703125,4802200,0.0,0.0,0.0
1999-03-09,128.125,129.9375,127.75,128.0625,79.8132095336914,7893400,0.0,0.0,0.0
1999-03-10,128.46875,129.25,127.78125,129.1875,80.51432037353516,3950000,0.0,0.0,0.0
1999-03-11,129.6875,131.1875,128.875,130.625,81.41022491455078,6583700,0.0,0.0,0.0
1999-03-12,131.0,131.03125,129.21875,129.375,80.63119506835938,5286500,0.0,0.0,0.0
1999-03-15,129.9375,131.25,129.5,131.21875,81.7802963256836,5394400,0.0,0.0,0.0
1999-03-16,131.125,131.65625,130.46875,130.71875,81.46863555908203,4547500,0.0,0.0,0.0
1999-03-17,130.6875,130.9375,129.625,130.15625,81.1180648803711,4524100,0.0,0.0,0.0
1999-03-18,129.78125,132.375,129.75,132.25,82.42298889160156,3506300,0.0,0.0,0.0
1999-03-19,132.3125,132.625,129.6875,129.6875,81.02196502685547,5526700,0.32,0.0,0.0
1999-03-22,130.0625,130.59375,129.421875,129.9375,81.17816925048828,4603800,0.0,0.0,0.0
1999-03-23,129.3125,129.53125,125.703125,126.1875,78.83534240722656,9713800,0.0,0.0,0.0
1999-03-24,126.84375,127.171875,125.625,126.90625,79.28443908691406,6280900,0.0,0.0,0.0
1999-03-25,128.0625,129.5,127.75,129.5,80.90480041503906,6639600,0.0,0.0,0.0
1999-03-26,128.625,129.125,127.71875,128.5625,80.31916046142578,6159700,0.0,0.0,0.0
1999-03-29,129.15625,131.4375,129.15625,131.15625,81.93958282470703,5863900,0.0,0.0,0.0
1999-03-30,129.9375,131.21875,129.5625,130.46875,81.51007843017578,5401400,0.0,0.0,0.0
1999-03-31,131.15625,131.609375,128.3125,128.375,80.2020034790039,7413600,0.0,0.0,0.0
1999-04-01,129.6875,129.6875,128.125,129.34375,80.80718994140625,7683600,0.0,0.0,0.0
1999-04-05,130.9375,132.59375,130.25,132.40625,82.72050476074219,5791100,0.0,0.0,0.0
1999-04-06,132.1875,132.984375,131.15625,132.09375,82.52529907226562,5381300,0.0,0.0,0.0
1999-04-07,132.6875,133.375,131.375,133.15625,83.1890640258789,6248600,0.0,0.0,0.0
1999-04-08,133.1875,134.9375,132.28125,134.84375,84.24333953857422,5909100,0.0,0.0,0.0
1999-04-09,134.4375,135.5,133.59375,134.875,84.2628402709961,4365800,0.0,0.0,0.0
1999-04-12,133.46875,136.40625,133.21875,136.3125,85.16093444824219,8213200,0.0,0.0,0.0
1999-04-13,136.25,136.46875,134.5,135.4375,84.61428833007812,10071400,0.0,0.0,0.0
1999-04-14,136.0625,136.0625,132.6875,133.15625,83.1890640258789,11551700,0.0,0.0,0.0
1999-04-15,133.4375,133.5625,131.0,132.65625,82.87667083740234,11150000,0.0,0.0,0.0
1999-04-16,132.90625,132.90625,131.1875,131.53125,82.17386627197266,6476200,0.0,0.0,0.0
1999-04-19,132.6875,134.53125,128.375,129.5,80.90480041503906,12487200,0.0,0.0,0.0
1999-04-20,129.8125,131.1875,129.0,131.125,81.9200210571289,9049600,0.0,0.0,0.0
1999-04-21,131.0625,135.625,130.40625,134.875,84.2628402709961,5772200,0.0,0.0,0.0
1999-04-22,135.125,136.375,134.390625,136.15625,85.06332397460938,6897400,0.0,0.0,0.0
1999-04-23,135.875,136.75,135.0,135.8125,84.84857940673828,4593100,0.0,0.0,0.0
1999-04-26,136.5,136.8125,135.46875,136.59375,85.33662414550781,3606500,0.0,0.0,0.0
1999-04-27,137.125,137.5,135.84375,137.25,85.7466049194336,5147200,0.0,0.0,0.0
1999-04-28,136.4375,137.25,135.0,135.375,84.57522583007812,5544300,0.0,0.0,0.0
1999-04-29,135.5625,136.0625,133.8125,134.34375,83.93096160888672,9824300,0.0,0.0,0.0
1999-04-30,135.09375,135.625,131.5,133.25,83.24767303466797,10991900,0.0,0.0,0.0
1999-05-03,133.4375,135.84375,133.09375,135.6875,84.77046966552734,10709700,0.0,0.0,0.0
1999-05-04,135.125,135.8125,133.125,133.75,83.5600357055664,10509300,0.0,0.0,0.0
1999-05-05,133.9375,135.0625,131.84375,134.8125,84.22379302978516,10032300,0.0,0.0,0.0
1999-05-06,134.4375,135.125,132.375,133.984375,83.7064437866211,13507200,0.0,0.0,0.0
1999-05-07,134.5,135.125,133.4375,135.0,84.3409652709961,8680700,0.0,0.0,0.0
1999-05-10,134.84375,135.71875,133.53125,134.328125,83.92118072509766,5580100,0.0,0.0,0.0
1999-05-11,135.3125,136.875,134.71875,135.6875,84.77046966552734,7000600,0.0,0.0,0.0
1999-05-12,135.75,137.21875,131.5,136.75,85.43424987792969,13865800,0.0,0.0,0.0
1999-05-13,137.25,138.0,136.8125,137.34375,85.80520629882812,4485700,0.0,0.0,0.0
1999-05-14,134.5625,135.875,133.5,133.78125,83.57951354980469,8370100,0.0,0.0,0.0
1999-05-17,133.625,134.484375,132.375,134.1875,83.8333511352539,6268100,0.0,0.0,0.0
1999-05-18,134.53125,134.984375,132.625,133.9375,83.67716979980469,8218600,0.0,0.0,0.0
1999-05-19,134.46875,135.0,133.25,134.90625,84.2823715209961,5052400,0.0,0.0,0.0
1999-05-20,135.125,135.59375,134.0625,134.09375,83.7748031616211,4670400,0.0,0.0,0.0
1999-05-21,134.125,134.6875,132.59375,133.34375,83.30622100830078,6418200,0.0,0.0,0.0
1999-05-24,133.84375,133.84375,130.390625,131.125,81.9200210571289,7952000,0.0,0.0,0.0
1999-05-25,131.375,132.34375,128.4375,129.0,80.59246063232422,15406400,0.0,0.0,0.0
1999-05-26,129.3125,131.0,128.09375,130.4375,81.49050903320312,12575900,0.0,0.0,0.0
1999-05-27,129.84375,130.28125,128.0,128.5625,80.31916046142578,14515400,0.0,0.0,0.0
1999-05-28,129.0,130.75,128.59375,130.203125,81.34412384033203,8748000,0.0,0.0,0.0
1999-06-01,130.125,130.15625,128.375,129.75,81.06103515625,6705300,0.0,0.0,0.0
1999-06-02,129.75,130.1875,128.015625,129.875,81.13909912109375,6981900,0.0,0.0,0.0
1999-06-03,130.6875,130.875,129.78125,130.59375,81.58812713623047,6076600,0.0,0.0,0.0
1999-06-04,131.46875,133.359375,130.9375,133.21875,83.22811126708984,9787200,0.0,0.0,0.0
1999-06-07,133.4375,134.1875,132.90625,133.5625,83.4428939819336,5299100,0.0,0.0,0.0
1999-06-08,133.375,133.796875,131.59375,132.25,82.62291717529297,4895700,0.0,0.0,0.0
1999-06-09,132.40625,133.09375,131.8125,132.125,82.5447769165039,7409700,0.0,0.0,0.0
1999-06-10,131.4375,131.46875,129.59375,130.90625,81.78335571289062,7040700,0.0,0.0,0.0
1999-06-11,131.21875,132.21875,129.09375,129.8125,81.10005187988281,12824800,0.0,0.0,0.0
1999-06-14,130.6875,130.75,129.546875,129.9375,81.17816925048828,6823500,0.0,0.0,0.0
1999-06-15,130.46875,131.65625,130.078125,130.8125,81.72480010986328,5700900,0.0,0.0,0.0
1999-06-16,132.375,133.875,132.375,133.3125,83.28669738769531,7865800,0.0,0.0,0.0
1999-06-17,132.875,135.5625,132.625,134.5625,84.06764221191406,8162800,0.0,0.0,0.0
1999-06-18,134.0625,134.6875,133.375,134.3125,84.16472625732422,2875100,0.405,0.0,0.0
1999-06-21,134.46875,135.25,133.65625,134.625,84.36058807373047,4646400,0.0,0.0,0.0
1999-06-22,134.0,135.1875,133.5,133.6875,83.77310180664062,5862400,0.0,0.0,0.0
1999-06-23,133.0,133.625,132.125,133.03125,83.36190032958984,9629200,0.0,0.0,0.0
1999-06-24,132.875,132.9375,130.65625,132.03125,82.7352523803711,9176900,0.0,0.0,0.0
1999-06-25,132.59375,133.015625,131.25,131.703125,82.52961730957031,4087000,0.0,0.0,0.0
1999-06-28,132.6875,133.625,132.5,133.3125,83.5380859375,5028900,0.0,0.0,0.0
1999-06-29,133.0,135.1875,132.78125,134.5625,84.32140350341797,6956200,0.0,0.0,0.0
1999-06-30,134.625,137.5,133.84375,137.0,85.84882354736328,16856100,0.0,0.0,0.0
1999-07-01,137.0,138.5,136.0625,138.03125,86.49501037597656,9939500,0.0,0.0,0.0
1999-07-02,138.125,139.5,137.90625,139.40625,87.35665893554688,3772800,0.0,0.0,0.0
1999-07-06,139.25,140.75,138.59375,139.375,87.33707427978516,11221100,0.0,0.0,0.0
1999-07-07,139.0625,139.71875,138.515625,139.5625,87.45462036132812,3230700,0.0,0.0,0.0
1999-07-08,139.0625,140.625,138.75,139.671875,87.52310943603516,7101500,0.0,0.0,0.0
1999-07-09,140.0,140.59375,139.5625,140.5,88.04206848144531,2976800,0.0,0.0,0.0
1999-07-12,140.9375,140.9375,139.5,139.875,87.65037536621094,4436300,0.0,0.0,0.0
1999-07-13,139.375,139.921875,138.65625,139.375,87.33707427978516,6477600,0.0,0.0,0.0
1999-07-14,140.0,140.21875,138.75,140.15625,87.82665252685547,4382500,0.0,0.0,0.0
1999-07-15,140.78125,141.375,140.3125,141.046875,88.38471221923828,3348600,0.0,0.0,0.0
1999-07-16,141.25,142.15625,140.75,141.8125,88.8645248413086,2281500,0.0,0.0,0.0
1999-07-19,142.1875,142.25,140.5625,140.875,88.27704620361328,4287000,0.0,0.0,0.0
1999-07-20,140.125,140.40625,137.53125,137.984375,86.46564483642578,7060100,0.0,0.0,0.0
1999-07-21,138.09375,138.90625,137.3125,137.828125,86.3677749633789,4793700,0.0,0.0,0.0
1999-07-22,137.4375,138.0,135.46875,136.015625,85.23199462890625,7804100,0.0,0.0,0.0
1999-07-23,136.65625,137.0,135.125,135.75,85.0655288696289,4603000,0.0,0.0,0.0
1999-07-26,134.875,136.125,134.625,134.75,84.43891906738281,4333400,0.0,0.0,0.0
1999-07-27,136.0,137.203125,135.375,135.875,85.14383697509766,5908500,0.0,0.0,0.0
1999-07-28,136.25,137.3125,135.59375,136.3125,85.41802978515625,3955500,0.0,0.0,0.0
1999-07-29,134.9375,135.25,133.3125,134.40625,84.22351837158203,7760600,0.0,0.0,0.0
1999-07-30,134.8125,135.34375,132.5625,132.75,83.18563842773438,5994300,0.0,0.0,0.0
1999-08-02,132.75,134.75,132.5,133.0625,83.38146209716797,6065500,0.0,0.0,0.0
1999-08-03,133.71875,133.84375,131.375,132.4375,82.98983001708984,5445400,0.0,0.0,0.0
1999-08-04,132.71875,133.875,130.4375,130.625,81.85404205322266,6497900,0.0,0.0,0.0
1999-08-05,130.875,131.9375,128.84375,131.8125,82.59817504882812,10322000,0.0,0.0,0.0
1999-08-06,131.21875,132.0,129.5,130.375,81.6973648071289,7537700,0.0,0.0,0.0
1999-08-09,130.59375,131.796875,129.75,130.09375,81.52115631103516,5565900,0.0,0.0,0.0
1999-08-10,129.875,130.15625,127.0,128.65625,80.62037658691406,9793300,0.0,0.0,0.0
1999-08-11,129.6875,130.53125,128.625,130.21875,81.59947967529297,8003400,0.0,0.0,0.0
1999-08-12,130.6875,131.8125,129.90625,130.140625,81.55052947998047,7036800,0.0,0.0,0.0
1999-08-13,131.625,133.25,131.125,133.15625,83.44020080566406,5857700,0.0,0.0,0.0
1999-08-16,133.125,133.96875,132.25,133.75,83.81230163574219,3927000,0.0,0.0,0.0
1999-08-17,134.4375,134.84375,133.125,134.625,84.36058807373047,4808000,0.0,0.0,0.0
1999-08-18,134.203125,134.375,133.25,133.65625,83.75353240966797,4355500,0.0,0.0,0.0
1999-08-19,132.375,133.234375,131.6875,132.5625,83.06812286376953,6448100,0.0,0.0,0.0
1999-08-20,133.0625,134.125,132.6875,133.90625,83.91020965576172,3663700,0.0,0.0,0.0
1999-08-23,134.8125,136.546875,134.65625,136.46875,85.51592254638672,5637800,0.0,0.0,0.0
1999-08-24,136.0625,137.96875,135.375,136.96875,85.82921600341797,9279500,0.0,0.0,0.0
1999-08-25,137.1875,138.78125,136.15625,138.375,86.71045684814453,6005300,0.0,0.0,0.0
1999-08-26,138.28125,138.421875,136.5,136.71875,85.67261505126953,4322300,0.0,0.0,0.0
1999-08-27,136.875,137.0625,135.0625,135.0625,84.63473510742188,6247400,0.0,0.0,0.0
1999-08-30,135.34375,135.5,132.0,132.5625,83.06812286376953,4652000,0.0,0.0,0.0
1999-08-31,132.9375,133.75,130.875,132.0625,82.75481414794922,11453700,0.0,0.0,0.0
1999-09-01,132.9375,133.734375,132.3125,133.6875,83.77310180664062,6863900,0.0,0.0,0.0
1999-09-02,132.125,132.671875,130.65625,132.109375,82.7841567993164,10896300,0.0,0.0,0.0
1999-09-03,134.875,136.5,134.6875,135.96875,85.20260620117188,9160800,0.0,0.0,0.0
1999-09-07,136.0625,136.625,135.21875,135.46875,84.8892822265625,4560800,0.0,0.0,0.0
1999-09-08,134.84375,136.0625,134.03125,134.8125,84.47807312011719,6159600,0.0,0.0,0.0
1999-09-09,134.75,135.25,133.6875,134.75,84.43891906738281,6177800,0.0,0.0,0.0
1999-09-10,136.25,136.359375,134.9375,135.875,85.14383697509766,2934500,0.0,0.0,0.0
1999-09-13,135.125,135.46875,134.5,134.953125,84.56615447998047,2320500,0.0,0.0,0.0
1999-09-14,134.0625,134.5625,133.375,134.0625,84.00813293457031,3736000,0.0,0.0,0.0
1999-09-15,135.4375,135.4375,131.875,131.9375,82.67648315429688,6984500,0.0,0.0,0.0
1999-09-16,132.5,132.8125,130.3125,132.453125,82.99960327148438,15377600,0.0,0.0,0.0
1999-09-17,132.625,133.9375,132.15625,133.75,84.04828643798828,8542300,0.372,0.0,0.0
1999-09-20,133.9375,134.0,133.09375,133.5625,83.93051147460938,2803900,0.0,0.0,0.0
1999-09-21,132.25,132.46875,130.15625,130.75,82.16310119628906,9335200,0.0,0.0,0.0
1999-09-22,131.25,131.84375,129.75,130.609375,82.0747299194336,13009100,0.0,0.0,0.0
1999-09-23,131.8125,131.8125,127.625,127.875,80.35648345947266,12204100,0.0,0.0,0.0
1999-09-24,127.75,128.375,126.3125,127.75,80.27792358398438,13792900,0.0,0.0,0.0
1999-09-27,128.75,129.75,128.28125,128.59375,80.80812072753906,6970300,0.0,0.0,0.0
1999-09-28,127.9375,128.8125,125.5625,128.34375,80.6510238647461,11063400,0.0,0.0,0.0
1999-09-29,128.4375,129.125,126.75,126.8125,79.6888198852539,7580300,0.0,0.0,0.0
1999-09-30,127.4375,129.4375,126.96875,128.75,80.90634155273438,7498900,0.0,0.0,0.0
1999-10-01,127.9375,128.5625,126.625,128.46875,80.72955322265625,11127100,0.0,0.0,0.0
1999-10-04,129.1875,130.875,128.75,130.75,82.16310119628906,6341600,0.0,0.0,0.0
1999-10-05,130.71875,131.96875,128.6875,130.625,82.08457946777344,11976000,0.0,0.0,0.0
1999-10-06,130.75,132.8125,130.6875,132.625,83.34136199951172,10308200,0.0,0.0,0.0
1999-10-07,132.859375,133.0,131.5,131.875,82.87010955810547,6535600,0.0,0.0,0.0
1999-10-08,131.75,133.875,131.234375,133.875,84.12687683105469,9674300,0.0,0.0,0.0
1999-10-11,133.59375,134.125,133.3125,133.65625,83.98941802978516,4282000,0.0,0.0,0.0
1999-10-12,133.125,133.3125,131.1875,131.59375,82.6933364868164,8686100,0.0,0.0,0.0
1999-10-13,130.6875,131.3125,128.1875,128.1875,80.55281829833984,10469300,0.0,0.0,0.0
1999-10-14,128.484375,129.1875,126.75,128.15625,80.5332260131836,10562200,0.0,0.0,0.0
1999-10-15,126.0,126.75,124.5,124.875,78.4713134765625,14238700,0.0,0.0,0.0
1999-10-18,124.9375,125.9375,123.4375,125.78125,79.04078674316406,9758800,0.0,0.0,0.0
1999-10-19,127.1875,128.25,125.9375,127.0,79.8066635131836,14392900,0.0,0.0,0.0
1999-10-20,127.75,129.46875,127.125,128.25,80.59211730957031,9759400,0.0,0.0,0.0
1999-10-21,127.21875,129.0,126.625,129.0,81.06343841552734,9105400,0.0,0.0,0.0
1999-10-22,129.75,131.21875,129.5625,130.09375,81.7507095336914,8309600,0.0,0.0,0.0
1999-10-25,129.3125,130.46875,128.75,129.4375,81.33833312988281,8114300,0.0,0.0,0.0
1999-10-26,130.1875,130.6875,127.8125,127.8125,80.31719970703125,6256300,0.0,0.0,0.0
1999-10-27,128.375,130.3125,128.25,130.125,81.77030944824219,5433300,0.0,0.0,0.0
1999-10-28,132.4375,134.859375,132.1875,134.5625,84.5589599609375,10509700,0.0,0.0,0.0
1999-10-29,135.84375,137.6875,135.71875,137.0,86.0905990600586,10988600,0.0,0.0,0.0
1999-11-01,136.5,137.0,135.5625,135.5625,85.1872787475586,4006500,0.0,0.0,0.0
1999-11-02,135.96875,137.25,134.59375,134.59375,84.5785140991211,6516900,0.0,0.0,0.0
1999-11-03,136.0,136.375,135.125,135.5,85.14805603027344,7222300,0.0,0.0,0.0
1999-11-04,136.75,137.359375,135.765625,136.53125,85.79608154296875,7907500,0.0,0.0,0.0
1999-11-05,138.625,139.109375,136.78125,137.875,86.6404800415039,7431500,0.0,0.0,0.0
1999-11-08,137.0,138.375,136.75,138.0,86.71903228759766,4649200,0.0,0.0,0.0
1999-11-09,138.5,138.6875,136.28125,136.703125,85.904052734375,4533700,0.0,0.0,0.0
1999-11-10,136.25,138.390625,136.078125,137.71875,86.54225158691406,6405600,0.0,0.0,0.0
1999-11-11,138.1875,138.5,137.46875,138.5,87.03319549560547,4794100,0.0,0.0,0.0
1999-11-12,139.25,139.984375,137.125,139.75,87.81874084472656,11802900,0.0,0.0,0.0
1999-11-15,139.84375,140.25,139.40625,140.078125,88.02494812011719,2187500,0.0,0.0,0.0
1999-11-16,140.5625,143.0,140.09375,141.25,88.76129150390625,7544800,0.0,0.0,0.0
1999-11-17,142.25,142.9375,141.3125,141.625,88.9969711303711,9459000,0.0,0.0,0.0
1999-11-18,142.4375,143.0,141.625,142.625,89.62535095214844,4491000,0.0,0.0,0.0
1999-11-19,142.40625,142.96875,142.0,142.5,89.54681396484375,4832100,0.0,0.0,0.0
1999-11-22,142.4375,143.0,141.5,142.46875,89.52717590332031,4155400,0.0,0.0,0.0
1999-11-23,142.84375,142.84375,140.375,141.21875,88.74168395996094,5918000,0.0,0.0,0.0
1999-11-24,140.75,142.4375,140.0,141.96875,89.21294403076172,4459700,0.0,0.0,0.0
1999-11-26,142.46875,142.875,141.25,141.4375,88.87913513183594,1693900,0.0,0.0,0.0
1999-11-29,140.875,141.921875,140.4375,140.9375,88.56495666503906,7348600,0.0,0.0,0.0
1999-11-30,140.75,142.3125,139.0,139.28125,87.52413940429688,7682000,0.0,0.0,0.0
1999-12-01,139.3125,140.5,139.0,140.40625,88.23117065429688,6980200,0.0,0.0,0.0
1999-12-02,140.625,141.375,140.375,141.25,88.76129150390625,6698300,0.0,0.0,0.0
1999-12-03,143.03125,145.34375,143.03125,143.84375,90.39124298095703,10045400,0.0,0.0,0.0
1999-12-06,143.53125,143.71875,142.25,142.78125,89.72351837158203,3138900,0.0,0.0,0.0
1999-12-07,143.28125,143.3125,141.375,141.625,88.9969711303711,10714200,0.0,0.0,0.0
1999-12-08,141.34375,142.0625,140.5,140.71875,88.42745971679688,4611400,0.0,0.0,0.0
1999-12-09,141.8125,142.21875,139.375,141.40625,88.8594970703125,6474700,0.0,0.0,0.0
1999-12-10,142.28125,142.8125,140.875,141.875,89.15409088134766,5127300,0.0,0.0,0.0
1999-12-13,141.4375,142.71875,141.28125,142.125,89.31114959716797,4210800,0.0,0.0,0.0
1999-12-14,141.625,142.484375,140.625,140.75,88.44710540771484,5739000,0.0,0.0,0.0
1999-12-15,140.375,142.203125,140.03125,141.5,88.91844177246094,6879100,0.0,0.0,0.0
1999-12-16,142.1875,142.65625,141.15625,142.125,89.31114959716797,5854900,0.0,0.0,0.0
1999-12-17,143.0,143.3125,142.0625,142.6875,89.88475799560547,4775400,0.348,0.0,0.0
1999-12-20,142.5625,143.1875,141.09375,141.65625,89.23507690429688,4608700,0.0,0.0,0.0
1999-12-21,141.59375,144.0625,141.34375,143.8125,90.59341430664062,7981300,0.0,0.0,0.0
1999-12-22,143.625,144.1875,142.96875,144.1875,90.82962036132812,5377500,0.0,0.0,0.0
1999-12-23,145.015625,146.484375,145.0,146.484375,92.27653503417969,5721700,0.0,0.0,0.0
1999-12-27,146.5,146.78125,145.0625,146.28125,92.14855194091797,2691000,0.0,0.0,0.0
1999-12-28,145.875,146.5,145.484375,146.1875,92.08955383300781,4084500,0.0,0.0,0.0
1999-12-29,146.3125,146.8125,145.3125,146.8125,92.4832534790039,3001000,0.0,0.0,0.0
1999-12-30,147.125,147.5625,146.1875,146.640625,92.37495422363281,3641300,0.0,0.0,0.0
1999-12-31,146.84375,147.5,146.25,146.875,92.5226058959961,3172700,0.0,0.0,0.0
2000-01-03,148.25,148.25,143.875,145.4375,91.61705017089844,8164300,0.0,0.0,0.0
2000-01-04,143.53125,144.0625,139.640625,139.75,88.03429412841797,8089800,0.0,0.0,0.0
2000-01-05,139.9375,141.53125,137.25,140.0,88.19178771972656,12177900,0.0,0.0,0.0
2000-01-06,139.625,141.5,137.75,137.75,86.77440643310547,6227200,0.0,0.0,0.0
2000-01-07,140.3125,145.75,140.0625,145.75,91.81390380859375,8066500,0.0,0.0,0.0
2000-01-10,146.25,146.90625,145.03125,146.25,92.1288833618164,5741700,0.0,0.0,0.0
2000-01-11,145.8125,146.09375,143.5,144.5,91.02645874023438,7503700,0.0,0.0,0.0
2000-01-12,144.59375,144.59375,142.875,143.0625,90.12097930908203,6907700,0.0,0.0,0.0
2000-01-13,144.46875,145.75,143.28125,145.0,91.34146118164062,5158300,0.0,0.0,0.0
2000-01-14,146.53125,147.46875,145.96875,146.96875,92.58161163330078,7437300,0.0,0.0,0.0
2000-01-18,145.34375,146.625,145.1875,145.8125,91.85326385498047,6488500,0.0,0.0,0.0
2000-01-19,145.3125,147.0,145.0,147.0,92.60133361816406,6157900,0.0,0.0,0.0
2000-01-20,146.96875,146.96875,143.8125,144.75,91.18399047851562,5800100,0.0,0.0,0.0
2000-01-21,145.5,145.5,144.0625,144.4375,90.98709106445312,6244800,0.0,0.0,0.0
2000-01-24,145.65625,145.84375,139.40625,140.34375,88.40826416015625,7896900,0.0,0.0,0.0
2000-01-25,140.515625,141.9375,139.0,141.9375,89.41224670410156,9942500,0.0,0.0,0.0
2000-01-26,141.0,141.546875,140.09375,140.8125,88.70355987548828,5158100,0.0,0.0,0.0
2000-01-27,141.84375,142.21875,138.125,140.25,88.34921264648438,10922700,0.0,0.0,0.0
2000-01-28,139.4375,140.0625,135.53125,135.875,85.59322357177734,11916200,0.0,0.0,0.0
2000-01-31,135.8125,139.671875,135.0,139.5625,87.91615295410156,10768700,0.0,0.0,0.0
2000-02-01,139.75,141.6875,138.53125,140.9375,88.7823257446289,8419900,0.0,0.0,0.0
2000-02-02,141.28125,142.25,140.375,141.0625,88.86103820800781,6205900,0.0,0.0,0.0
2000-02-03,140.875,143.25,140.0,143.1875,90.1996841430664,7997500,0.0,0.0,0.0
2000-02-04,143.1875,144.0,142.125,142.59375,89.82566833496094,4925400,0.0,0.0,0.0
2000-02-07,142.5625,142.78125,141.4375,142.375,89.68788146972656,5845800,0.0,0.0,0.0
2000-02-08,143.96875,144.5625,143.625,144.3125,90.90834045410156,4936400,0.0,0.0,0.0
2000-02-09,144.46875,144.46875,141.265625,141.28125,88.99884796142578,8511500,0.0,0.0,0.0
2000-02-10,141.625,142.5625,140.875,141.5625,89.17601013183594,6690600,0.0,0.0,0.0
2000-02-11,141.84375,141.9375,138.03125,138.6875,87.36492156982422,9849800,0.0,0.0,0.0
2000-02-14,139.78125,139.78125,138.3125,139.5,87.87679290771484,8528800,0.0,0.0,0.0
2000-02-15,139.25,141.21875,137.796875,141.078125,88.87088775634766,11078300,0.0,0.0,0.0
2000-02-16,140.375,140.9375,138.796875,139.0,87.56179809570312,8845400,0.0,0.0,0.0
2000-02-17,140.4375,140.4375,138.21875,138.28125,87.1090087890625,7584200,0.0,0.0,0.0
2000-02-18,138.875,138.875,134.625,135.3125,85.23887634277344,9409200,0.0,0.0,0.0
2000-02-22,135.1875,136.34375,133.53125,134.96875,85.02235412597656,16415400,0.0,0.0,0.0
2000-02-23,135.625,137.46875,134.5,136.5625,86.02630615234375,12119000,0.0,0.0,0.0
2000-02-24,136.6875,137.03125,133.09375,133.8125,84.29399871826172,17375000,0.0,0.0,0.0
2000-02-25,135.1875,136.71875,133.125,133.328125,83.98886108398438,10559900,0.0,0.0,0.0
2000-02-28,133.375,136.6875,132.71875,136.125,85.75074768066406,13397800,0.0,0.0,0.0
2000-02-29,136.0625,137.4375,135.75,137.4375,86.5775375366211,8242500,0.0,0.0,0.0
2000-03-01,137.625,139.0,137.21875,138.4375,87.20746612548828,6868000,0.0,0.0,0.0
2000-03-02,138.6875,139.125,137.34375,138.53125,87.26654815673828,7600200,0.0,0.0,0.0
2000-03-03,140.4375,141.71875,139.71875,141.125,88.90046691894531,12770300,0.0,0.0,0.0
2000-03-06,140.8125,141.34375,138.75,139.75,88.03429412841797,11967100,0.0,0.0,0.0
2000-03-07,140.0,140.15625,135.21875,137.046875,86.33147430419922,20062000,0.0,0.0,0.0
2000-03-08,136.46875,137.84375,135.03125,136.875,86.22319793701172,11808500,0.0,0.0,0.0
2000-03-09,137.25,140.875,136.125,140.875,88.74293518066406,5500900,0.0,0.0,0.0
2000-03-10,140.1875,142.0,139.53125,140.125,88.2705078125,7924600,0.0,0.0,0.0
2000-03-13,136.6875,140.46875,135.6875,138.59375,87.3059310913086,10540500,0.0,0.0,0.0
2000-03-14,139.28125,140.09375,136.15625,136.625,86.06570434570312,8263900,0.0,0.0,0.0
2000-03-15,136.875,140.4375,136.0625,139.8125,88.07364654541016,10300800,0.0,0.0,0.0
2000-03-16,141.625,146.84375,140.875,146.34375,92.1879653930664,25601400,0.0,0.0,0.0
2000-03-17,145.8125,148.0,145.4375,146.9375,92.79722595214844,10272900,0.371,0.0,0.0
2000-03-20,146.875,147.34375,144.78125,146.1875,92.32355499267578,12502300,0.0,0.0,0.0
2000-03-21,145.53125,149.75,144.5,149.1875,94.2181396484375,13612600,0.0,0.0,0.0
2000-03-22,149.5625,150.84375,148.6875,150.09375,94.79048919677734,8260000,0.0,0.0,0.0
2000-03-23,149.15625,153.46875,149.15625,152.65625,96.40882110595703,11654500,0.0,0.0,0.0
2000-03-24,152.875,155.75,151.71875,153.5625,96.98117065429688,11462900,0.0,0.0,0.0
2000-03-27,153.375,153.78125,151.8125,151.9375,95.95491790771484,8798600,0.0,0.0,0.0
2000-03-28,151.25,152.984375,150.59375,151.0625,95.40229797363281,6334400,0.0,0.0,0.0
2000-03-29,151.5625,152.484375,149.65625,151.21875,95.50098419189453,6747500,0.0,0.0,0.0
2000-03-30,150.15625,151.921875,147.125,148.6875,93.90239715576172,9491900,0.0,0.0,0.0
2000-03-31,149.625,152.3125,148.4375,150.375,94.96813201904297,9249100,0.0,0.0,0.0
2000-04-03,150.125,151.25,148.6875,151.25,95.5207748413086,8508200,0.0,0.0,0.0
2000-04-04,151.75,153.0,141.390625,150.125,94.810302734375,19585500,0.0,0.0,0.0
2000-04-05,147.875,150.8125,147.625,149.1875,94.2181396484375,8387200,0.0,0.0,0.0
2000-04-06,150.25,151.6875,149.0,150.484375,95.0372085571289,6378500,0.0,0.0,0.0
2000-04-07,151.5625,152.125,150.5,151.4375,95.63912963867188,6023600,0.0,0.0,0.0
2000-04-10,151.75,153.109375,150.3125,150.84375,95.26419830322266,9624200,0.0,0.0,0.0
2000-04-11,150.0,151.625,148.375,150.40625,94.98785400390625,9006400,0.0,0.0,0.0
2000-04-12,150.375,151.15625,146.15625,146.28125,92.38278198242188,10779200,0.0,0.0,0.0
2000-04-13,147.46875,148.15625,143.78125,144.25,91.09993743896484,12225800,0.0,0.0,0.0
2000-04-14,142.625,142.8125,133.5,136.0,85.88976287841797,29604000,0.0,0.0,0.0
2000-04-17,135.1875,140.75,134.6875,140.75,88.88957977294922,23918200,0.0,0.0,0.0
2000-04-18,140.5625,144.46875,139.78125,144.46875,91.23809814453125,11069200,0.0,0.0,0.0
2000-04-19,144.5,145.125,142.53125,143.125,90.38945770263672,6553700,0.0,0.0,0.0
2000-04-20,143.5625,143.9375,142.375,143.8125,90.82364654541016,8537600,0.0,0.0,0.0
2000-04-24,141.5,143.3125,140.5,142.25,89.83687591552734,12893100,0.0,0.0,0.0
2000-04-25,144.625,148.15625,144.4375,148.15625,93.56684875488281,14102000,0.0,0.0,0.0
2000-04-26,147.96875,148.75,146.0,146.484375,92.51105499267578,7711100,0.0,0.0,0.0
2000-04-27,143.0,147.34375,143.0,146.0,92.20516967773438,15595300,0.0,0.0,0.0
2000-04-28,147.0,147.859375,145.0625,145.09375,91.6327896118164,8743400,0.0,0.0,0.0
2000-05-01,146.5625,148.484375,145.84375,147.0625,92.87619018554688,7328300,0.0,0.0,0.0
2000-05-02,145.5,147.125,144.125,144.125,91.0210189819336,9411900,0.0,0.0,0.0
2000-05-03,144.0,144.0,139.78125,140.75,88.88957977294922,12630700,0.0,0.0,0.0
2000-05-04,142.0,142.359375,140.75,141.8125,89.56055450439453,5963600,0.0,0.0,0.0
2000-05-05,141.0625,144.0,140.9375,143.53125,90.64604187011719,7862400,0.0,0.0,0.0
2000-05-08,142.75,143.375,141.84375,142.453125,89.96519470214844,5064100,0.0,0.0,0.0
2000-05-09,143.0625,143.40625,140.265625,141.3125,89.24481201171875,5620300,0.0,0.0,0.0
2000-05-10,140.5,140.96875,137.75,138.125,87.23176574707031,10293900,0.0,0.0,0.0
2000-05-11,140.125,141.5,139.125,141.28125,89.22506713867188,7091100,0.0,0.0,0.0
2000-05-12,141.8125,143.46875,141.625,142.8125,90.19210815429688,5960800,0.0,0.0,0.0
2000-05-15,142.75,145.609375,142.0,145.28125,91.7512435913086,4441300,0.0,0.0,0.0
2000-05-16,146.5625,147.71875,145.3125,146.6875,92.63932037353516,8192200,0.0,0.0,0.0
2000-05-17,145.6875,146.1875,144.46875,145.15625,91.67231750488281,5907200,0.0,0.0,0.0
2000-05-18,145.625,146.3125,143.375,143.375,90.54737091064453,4325600,0.0,0.0,0.0
2000-05-19,142.5625,143.234375,140.40625,141.125,89.12638854980469,6518400,0.0,0.0,0.0
2000-05-22,141.25,141.46875,137.0,140.0625,88.45536804199219,10839400,0.0,0.0,0.0
2000-05-23,140.4375,140.8125,137.5625,138.0,87.15282440185547,7979200,0.0,0.0,0.0
2000-05-24,138.0,140.6875,136.5,140.25,88.57378387451172,11081500,0.0,0.0,0.0
2000-05-25,140.6875,141.8125,137.71875,137.84375,87.05411529541016,8278900,0.0,0.0,0.0
2000-05-26,138.8125,139.6875,137.328125,138.0,87.15282440185547,4814000,0.0,0.0,0.0
2000-05-30,140.0,142.9375,139.46875,142.5,89.9947509765625,5362700,0.0,0.0,0.0
2000-05-31,142.5625,144.0,142.09375,142.8125,90.19210815429688,6056500,0.0,0.0,0.0
2000-06-01,143.6875,145.4375,143.0,145.3125,91.77096557617188,8961600,0.0,0.0,0.0
2000-06-02,148.9375,149.09375,147.484375,147.84375,93.36949920654297,8962200,0.0,0.0,0.0
2000-06-05,147.46875,148.21875,146.875,147.125,92.91561126708984,6998100,0.0,0.0,0.0
2000-06-06,146.625,147.78125,145.90625,146.46875,92.501220703125,4858900,0.0,0.0,0.0
2000-06-07,146.625,148.0,146.0,147.484375,93.14261627197266,4919500,0.0,0.0,0.0
2000-06-08,147.5,147.75,146.0625,146.90625,92.7774887084961,5723100,0.0,0.0,0.0
2000-06-09,147.5,147.96875,145.625,146.59375,92.58016204833984,3085300,0.0,0.0,0.0
2000-06-12,146.96875,146.96875,144.875,144.875,91.49463653564453,3678900,0.0,0.0,0.0
2000-06-13,144.8125,147.75,144.625,147.59375,93.2116470336914,6558700,0.0,0.0,0.0
2000-06-14,148.25,148.875,147.1875,147.84375,93.36949920654297,6420500,0.0,0.0,0.0
2000-06-15,148.125,148.75,146.84375,148.15625,93.56684875488281,5881200,0.0,0.0,0.0
2000-06-16,148.3125,148.3125,145.875,146.59375,92.79813385009766,5567900,0.348,0.0,0.0
2000-06-19,146.46875,149.15625,146.25,148.46875,93.98502349853516,5106900,0.0,0.0,0.0
2000-06-20,148.1875,148.875,147.0,147.9375,93.64876556396484,6480000,0.0,0.0,0.0
2000-06-21,146.9375,148.4375,146.890625,147.875,93.60918426513672,3115000,0.0,0.0,0.0
2000-06-22,147.5625,147.6875,145.0,145.625,92.18482971191406,7490500,0.0,0.0,0.0
2000-06-23,145.8125,146.125,143.875,144.375,91.39356994628906,4863300,0.0,0.0,0.0
2000-06-26,145.375,146.25,144.875,146.234375,92.57058715820312,5201300,0.0,0.0,0.0
2000-06-27,145.984375,146.71875,145.015625,145.15625,91.88814544677734,4159500,0.0,0.0,0.0
2000-06-28,145.625,146.984375,145.3125,145.5625,92.1452407836914,5347700,0.0,0.0,0.0
2000-06-29,144.75,145.75,143.515625,144.1875,91.2748794555664,6345700,0.0,0.0,0.0
2000-06-30,143.9375,145.59375,143.890625,145.28125,91.96725463867188,7420200,0.0,0.0,0.0
2000-07-03,145.4375,147.4375,145.1875,147.28125,93.23332214355469,1436600,0.0,0.0,0.0
2000-07-05,146.375,146.65625,144.375,144.625,91.55182647705078,2748200,0.0,0.0,0.0
2000-07-06,144.9375,146.46875,144.21875,145.75,92.26398468017578,5963200,0.0,0.0,0.0
2000-07-07,146.6875,148.78125,146.25,148.09375,93.74763488769531,3034800,0.0,0.0,0.0
2000-07-10,147.875,148.90625,147.53125,147.84375,93.58935546875,2816100,0.0,0.0,0.0
2000-07-11,147.46875,149.125,147.15625,148.15625,93.78717803955078,5431600,0.0,0.0,0.0
2000-07-12,149.28125,150.125,148.6875,149.125,94.40042877197266,5883000,0.0,0.0,0.0
2000-07-13,149.984375,150.375,149.1875,149.78125,94.81587982177734,5356000,0.0,0.0,0.0
2000-07-14,150.4375,151.25,149.671875,151.25,95.74565887451172,5341900,0.0,0.0,0.0
2000-07-17,150.984375,151.984375,150.6875,151.0,95.58738708496094,4208300,0.0,0.0,0.0
2000-07-18,150.625,150.625,149.34375,149.765625,94.80601501464844,4262100,0.0,0.0,0.0
2000-07-19,149.46875,149.90625,148.25,148.5625,94.04441833496094,8506800,0.0,0.0,0.0
2000-07-20,149.0,150.625,148.8125,150.625,95.3499755859375,4538900,0.0,0.0,0.0
2000-07-21,149.75,149.75,147.6875,147.6875,93.490478515625,5656900,0.0,0.0,0.0
2000-07-24,148.125,148.859375,146.5625,146.84375,92.95635986328125,5628500,0.0,0.0,0.0
2000-07-25,147.75,147.84375,146.78125,147.3125,93.25308227539062,4757100,0.0,0.0,0.0
2000-07-26,146.96875,147.15625,145.640625,145.875,92.3431396484375,12062500,0.0,0.0,0.0
2000-07-27,145.9375,146.625,144.6875,145.375,92.02659606933594,7652600,0.0,0.0,0.0
2000-07-28,145.71875,145.90625,141.515625,142.09375,89.9494400024414,6229500,0.0,0.0,0.0
2000-07-31,142.9375,144.125,142.0625,143.0,90.52316284179688,5265500,0.0,0.0,0.0
2000-08-01,143.625,144.71875,143.125,143.875,91.07706451416016,3946600,0.0,0.0,0.0
2000-08-02,143.875,145.40625,143.625,144.59375,91.53202056884766,7439800,0.0,0.0,0.0
2000-08-03,142.875,145.8125,142.625,145.59375,92.16510772705078,4607100,0.0,0.0,0.0
2000-08-04,146.3125,146.71875,145.40625,146.375,92.65962982177734,3686600,0.0,0.0,0.0
2000-08-07,146.71875,148.4375,146.375,148.125,93.7674560546875,4159800,0.0,0.0,0.0
2000-08-08,147.5,148.8125,147.5,148.6875,94.12346649169922,3658700,0.0,0.0,0.0
2000-08-09,149.140625,149.21875,147.375,147.4375,93.33222198486328,5383800,0.0,0.0,0.0
2000-08-10,147.53125,147.859375,146.28125,146.71875,92.87725830078125,4193400,0.0,0.0,0.0
2000-08-11,146.625,148.0,145.5625,147.40625,93.31246185302734,5089400,0.0,0.0,0.0
2000-08-14,147.78125,149.5625,147.0625,149.28125,94.49935150146484,2966700,0.0,0.0,0.0
2000-08-15,149.34375,149.8125,148.5625,149.15625,94.42025756835938,5564600,0.0,0.0,0.0
2000-08-16,149.3125,149.9375,147.84375,148.625,94.08391571044922,5191600,0.0,0.0,0.0
2000-08-17,148.6875,150.4375,148.34375,150.1875,95.07308959960938,5652200,0.0,0.0,0.0
2000-08-18,150.375,150.375,149.21875,149.6875,94.75653076171875,4626400,0.0,0.0,0.0
2000-08-21,150.03125,150.71875,149.40625,150.5,95.27084350585938,2380600,0.0,0.0,0.0
2000-08-22,150.5625,151.3125,150.09375,150.25,95.11263275146484,3075300,0.0,0.0,0.0
2000-08-23,149.8125,151.28125,149.28125,150.84375,95.48847198486328,5483200,0.0,0.0,0.0
2000-08-24,151.15625,151.5,150.5,151.3125,95.78516387939453,4529000,0.0,0.0,0.0
2000-08-25,151.15625,151.625,150.9375,151.25,95.74565887451172,2822200,0.0,0.0,0.0
2000-08-28,151.25,152.90625,151.25,151.765625,96.07209777832031,5518700,0.0,0.0,0.0
2000-08-29,151.4375,151.875,150.90625,151.796875,96.09181213378906,3561900,0.0,0.0,0.0
2000-08-30,151.3125,151.5,150.34375,150.34375,95.17195892333984,3964800,0.0,0.0,0.0
2000-08-31,151.0625,153.09375,150.90625,152.34375,96.43802642822266,4863100,0.0,0.0,0.0
2000-09-01,153.25,153.59375,152.0,152.5,96.53694915771484,3191200,0.0,0.0,0.0
2000-09-05,151.875,152.203125,150.8125,151.28125,95.76537322998047,3470800,0.0,0.0,0.0
2000-09-06,151.1875,151.953125,149.53125,149.5625,94.67742156982422,4322200,0.0,0.0,0.0
2000-09-07,150.25,151.078125,149.828125,150.84375,95.48847198486328,4265500,0.0,0.0,0.0
2000-09-08,150.28125,150.5,149.328125,149.8125,94.835693359375,3518200,0.0,0.0,0.0
2000-09-11,149.75,151.1875,148.6875,149.59375,94.69718933105469,3937500,0.0,0.0,0.0
2000-09-12,149.75,150.25,148.4375,148.5,94.00482940673828,4769100,0.0,0.0,0.0
2000-09-13,148.0,149.34375,147.65625,148.890625,94.25206756591797,7691600,0.0,0.0,0.0
2000-09-14,149.875,149.9375,148.15625,149.640625,94.72686004638672,3397100,0.0,0.0,0.0
2000-09-15,148.1875,148.25,146.0,146.0,92.65447998046875,4085700,0.375,0.0,0.0
2000-09-18,146.375,146.96875,144.203125,144.65625,91.8016128540039,5109300,0.0,0.0,0.0
2000-09-19,145.125,146.3125,144.703125,145.96875,92.63461303710938,6588200,0.0,0.0,0.0
2000-09-20,145.6875,146.03125,143.15625,144.890625,91.9504165649414,6508100,0.0,0.0,0.0
2000-09-21,144.46875,145.5625,142.625,142.6875,90.55229187011719,5972300,0.0,0.0,0.0
2000-09-22,142.625,145.3125,142.421875,145.28125,92.19832611083984,7791300,0.0,0.0,0.0
2000-09-25,145.9375,146.0625,143.71875,144.25,91.5438461303711,9726300,0.0,0.0,0.0
2000-09-26,144.375,145.0,142.40625,142.40625,90.37381744384766,5302400,0.0,0.0,0.0
2000-09-27,143.5625,143.96875,142.125,143.15625,90.8497543334961,7186200,0.0,0.0,0.0
2000-09-28,143.1875,146.328125,142.890625,145.0,92.01981353759766,7036400,0.0,0.0,0.0
2000-09-29,145.46875,145.96875,143.625,143.625,91.14724731445312,9333600,0.0,0.0,0.0
2000-10-02,144.28125,144.90625,143.140625,143.84375,91.2860336303711,5517800,0.0,0.0,0.0
2000-10-03,144.53125,145.75,142.28125,142.5,90.4332504272461,9347200,0.0,0.0,0.0
2000-10-04,142.875,144.25,141.75,143.6875,91.18687438964844,6148900,0.0,0.0,0.0
2000-10-05,143.40625,144.84375,143.3125,144.1875,91.50419616699219,4566900,0.0,0.0,0.0
2000-10-06,143.875,144.640625,139.75,141.0625,89.52098846435547,10014900,0.0,0.0,0.0
2000-10-09,141.3125,141.3125,139.375,140.0,88.84674835205078,4508000,0.0,0.0,0.0
2000-10-10,140.09375,141.25,137.6875,137.6875,87.3791732788086,6104700,0.0,0.0,0.0
2000-10-11,137.625,138.625,135.125,136.53125,86.64537811279297,10346000,0.0,0.0,0.0
2000-10-12,137.28125,137.59375,132.78125,133.125,84.48369598388672,12336900,0.0,0.0,0.0
2000-10-13,132.9375,137.65625,132.875,137.5625,87.2998275756836,11778800,0.0,0.0,0.0
2000-10-16,137.40625,138.234375,136.6875,138.1875,87.69646453857422,5659000,0.0,0.0,0.0
2000-10-17,138.4375,138.5625,134.40625,134.75,85.51498413085938,7831700,0.0,0.0,0.0
2000-10-18,132.625,136.125,130.15625,134.25,85.19764709472656,10897300,0.0,0.0,0.0
2000-10-19,136.84375,139.453125,136.4375,139.3125,88.41043853759766,8767300,0.0,0.0,0.0
2000-10-20,138.375,141.1875,138.375,139.90625,88.78720092773438,7373500,0.0,0.0,0.0
2000-10-23,139.9375,141.03125,138.9375,140.53125,89.18385314941406,5290000,0.0,0.0,0.0
2000-10-24,140.96875,141.9375,139.0,139.59375,88.58885192871094,5750700,0.0,0.0,0.0
2000-10-25,138.75,139.5625,136.125,136.3125,86.50658416748047,9137600,0.0,0.0,0.0
2000-10-26,137.125,137.65625,134.03125,136.6875,86.74455261230469,9345800,0.0,0.0,0.0
2000-10-27,137.875,139.28125,136.625,139.28125,88.39057922363281,9762900,0.0,0.0,0.0
2000-10-30,138.4375,141.09375,138.15625,140.53125,89.18385314941406,10154100,0.0,0.0,0.0
2000-10-31,141.015625,143.6875,140.0625,142.953125,90.72076416015625,7752400,0.0,0.0,0.0
2000-11-01,142.25,143.25,141.21875,142.46875,90.41341400146484,6753600,0.0,0.0,0.0
2000-11-02,143.15625,143.90625,142.515625,142.703125,90.56218719482422,11395100,0.0,0.0,0.0
2000-11-03,143.46875,143.75,142.375,142.78125,90.61173248291016,5187100,0.0,0.0,0.0
2000-11-06,143.15625,144.296875,143.03125,143.78125,91.24636840820312,4042500,0.0,0.0,0.0
2000-11-07,143.140625,144.0,142.5625,143.75,91.2265396118164,5231300,0.0,0.0,0.0
2000-11-08,144.0625,144.0625,140.5625,140.5625,89.20367431640625,6123300,0.0,0.0,0.0
2000-11-09,140.0,141.21875,137.25,140.03125,88.8665542602539,10635300,0.0,0.0,0.0
2000-11-10,139.0,139.46875,136.53125,136.625,86.70491027832031,8569500,0.0,0.0,0.0
2000-11-13,135.625,136.984375,133.015625,135.5625,86.0306167602539,17285300,0.0,0.0,0.0
2000-11-14,137.46875,139.625,137.0,139.125,88.29144287109375,7668900,0.0,0.0,0.0
2000-11-15,139.0625,140.109375,137.75,139.5625,88.56908416748047,8837700,0.0,0.0,0.0
2000-11-16,138.578125,139.875,137.3125,137.375,87.18086242675781,6684100,0.0,0.0,0.0
2000-11-17,137.3125,139.0,135.75,136.640625,86.71481323242188,6551100,0.0,0.0,0.0
2000-11-20,135.75,136.375,134.3125,134.6875,85.47530364990234,5458500,0.0,0.0,0.0
2000-11-21,134.875,136.1875,133.515625,135.375,85.91161346435547,7684300,0.0,0.0,0.0
2000-11-22,134.34375,134.875,132.125,132.140625,83.85900115966797,5736900,0.0,0.0,0.0
2000-11-24,133.625,134.96875,133.625,134.84375,85.57447814941406,3411600,0.0,0.0,0.0
2000-11-27,136.46875,136.6875,135.3125,136.03125,86.32804870605469,5992000,0.0,0.0,0.0
2000-11-28,135.125,136.59375,133.640625,133.6875,84.84070587158203,5336100,0.0,0.0,0.0
2000-11-29,134.375,135.90625,133.265625,133.4375,84.68206024169922,6914100,0.0,0.0,0.0
2000-11-30,132.5,133.5,129.75,132.28125,83.9482650756836,11201600,0.0,0.0,0.0
2000-12-01,133.1875,134.0625,131.0,132.21875,83.90860748291016,7587200,0.0,0.0,0.0
2000-12-04,131.875,133.875,131.5,133.34375,84.6225357055664,6996600,0.0,0.0,0.0
2000-12-05,134.875,138.25,134.40625,137.71875,87.39899444580078,8883400,0.0,0.0,0.0
2000-12-06,137.78125,138.34375,135.03125,135.515625,86.00084686279297,12888000,0.0,0.0,0.0
2000-12-07,134.875,135.875,133.65625,133.65625,84.82086181640625,6529100,0.0,0.0,0.0
2000-12-08,137.0625,139.46875,133.875,133.96875,85.0191421508789,10276300,0.0,0.0,0.0
2000-12-11,137.375,139.5625,136.71875,138.625,87.97407531738281,6405600,0.0,0.0,0.0
2000-12-12,138.1875,138.8125,137.375,138.03125,87.5973129272461,5022900,0.0,0.0,0.0
2000-12-13,139.25,139.40625,136.03125,136.140625,86.39750671386719,6070500,0.0,0.0,0.0
2000-12-14,135.875,136.5,134.03125,134.40625,85.29679870605469,7678400,0.0,0.0,0.0
2000-12-15,133.125,133.125,130.5625,130.96875,83.3702621459961,9065300,0.411,0.0,0.0
2000-12-18,132.0625,133.46875,131.765625,132.71875,84.48423767089844,7235400,0.0,0.0,0.0
2000-12-19,132.46875,134.96875,130.015625,130.015625,82.7635269165039,9616600,0.0,0.0,0.0
2000-12-20,128.625,128.9375,126.09375,126.25,80.36643981933594,9994300,0.0,0.0,0.0
2000-12-21,126.0,128.859375,125.53125,127.125,80.92347717285156,14331500,0.0,0.0,0.0
2000-12-22,129.0,131.109375,128.84375,130.9375,83.35032653808594,10182900,0.0,0.0,0.0
2000-12-26,130.84375,132.34375,130.28125,132.34375,84.24552917480469,4665300,0.0,0.0,0.0
2000-12-27,131.75,133.734375,131.25,133.3125,84.8622055053711,4854100,0.0,0.0,0.0
2000-12-28,132.8125,133.875,132.59375,133.71875,85.12080383300781,8358700,0.0,0.0,0.0
2000-12-29,134.0625,134.28125,131.1875,131.1875,83.50947570800781,8774600,0.0,0.0,0.0
2001-01-02,132.0,132.15625,127.5625,128.8125,81.99761199951172,8737500,0.0,0.0,0.0
2001-01-03,128.3125,136.0,127.65625,135.0,85.9364242553711,19431600,0.0,0.0,0.0
2001-01-04,134.9375,135.46875,133.0,133.546875,85.01139068603516,9219000,0.0,0.0,0.0
2001-01-05,133.46875,133.625,129.1875,129.1875,82.236328125,12911400,0.0,0.0,0.0
2001-01-08,129.875,130.1875,127.6875,130.1875,82.87297058105469,6625300,0.0,0.0,0.0
2001-01-09,131.046875,131.5,129.421875,129.84375,82.65410614013672,5702400,0.0,0.0,0.0
2001-01-10,129.0,132.125,128.8125,132.125,84.10627746582031,8746100,0.0,0.0,0.0
2001-01-11,131.09375,133.484375,131.09375,132.25,84.18585968017578,7245100,0.0,0.0,0.0
2001-01-12,132.6875,133.71875,131.28125,132.0,84.0267105102539,7244000,0.0,0.0,0.0
2001-01-16,132.0,133.1875,131.515625,132.84375,84.56381225585938,8542200,0.0,0.0,0.0
2001-01-17,134.84375,135.046875,132.640625,133.453125,84.95169830322266,7851400,0.0,0.0,0.0
2001-01-18,133.4375,135.703125,132.9375,134.78125,85.79713439941406,8107000,0.0,0.0,0.0
2001-01-19,136.1875,136.1875,133.875,134.015625,85.30975341796875,7782500,0.0,0.0,0.0
2001-01-22,134.25,135.78125,133.5625,134.90625,85.876708984375,7050900,0.0,0.0,0.0
2001-01-23,134.46875,136.65625,134.15625,135.96875,86.55307006835938,8463100,0.0,0.0,0.0
2001-01-24,136.25,137.3125,135.84375,136.375,86.81167602539062,6199900,0.0,0.0,0.0
2001-01-25,136.25,137.25,135.65625,136.03125,86.59286499023438,10818300,0.0,0.0,0.0
2001-01-26,135.15625,136.125,134.453125,135.875,86.49337005615234,7136800,0.0,0.0,0.0
2001-01-29,135.5,136.89999389648438,135.3699951171875,136.60000610351562,86.9549331665039,6705900,0.0,0.0,0.0
2001-01-30,136.3000030517578,137.9199981689453,135.7899932861328,137.8000030517578,87.71882629394531,7069100,0.0,0.0,0.0
2001-01-31,137.39999389648438,138.6999969482422,136.60000610351562,137.02000427246094,87.2222671508789,9706900,0.0,0.0,0.0
2001-02-01,137.10000610351562,137.9499969482422,136.25,137.92999267578125,87.8015365600586,8239100,0.0,0.0,0.0
2001-02-02,137.39999389648438,137.99000549316406,134.75,134.8000030517578,85.8091049194336,8276600,0.0,0.0,0.0
2001-02-05,134.8000030517578,135.94000244140625,134.75,135.7899932861328,86.43928527832031,4352900,0.0,0.0,0.0
2001-02-06,135.3000030517578,136.6999969482422,135.22000122070312,135.38999938964844,86.1846694946289,7106700,0.0,0.0,0.0
2001-02-07,134.72000122070312,135.39999389648438,133.67999267578125,134.69000244140625,85.73905944824219,5748700,0.0,0.0,0.0
2001-02-08,134.8000030517578,135.39999389648438,133.10000610351562,133.1199951171875,84.73965454101562,5943300,0.0,0.0,0.0
2001-02-09,133.35000610351562,133.35000610351562,131.25999450683594,131.83999633789062,83.92486572265625,9913000,0.0,0.0,0.0
2001-02-12,131.6999969482422,133.5,131.6999969482422,133.35000610351562,84.88609313964844,5804400,0.0,0.0,0.0
2001-02-13,133.6999969482422,134.1699981689453,132.0,132.25999450683594,84.19222259521484,6587600,0.0,0.0,0.0
2001-02-14,132.64999389648438,132.64999389648438,130.66000366210938,132.05999755859375,84.0649185180664,8400100,0.0,0.0,0.0
2001-02-15,132.83999633789062,133.52000427246094,131.99000549316406,133.33999633789062,84.87969970703125,5929800,0.0,0.0,0.0
2001-02-16,131.0,131.2899932861328,129.3000030517578,130.39999389648438,83.00821685791016,6434900,0.0,0.0,0.0
2001-02-20,131.0399932861328,131.13999938964844,128.10000610351562,128.38999938964844,81.72870635986328,5760000,0.0,0.0,0.0
2001-02-21,127.9000015258789,128.83999633789062,125.5,125.62000274658203,79.9654312133789,10910800,0.0,0.0,0.0
2001-02-22,126.3499984741211,126.54000091552734,123.0199966430664,125.80999755859375,80.08638000488281,21281600,0.0,0.0,0.0
2001-02-23,125.08000183105469,125.54000091552734,121.80000305175781,124.95999908447266,79.54524230957031,20173000,0.0,0.0,0.0
2001-02-26,125.80000305175781,127.62000274658203,124.5,127.62000274658203,81.23854064941406,11503700,0.0,0.0,0.0
2001-02-27,126.80000305175781,127.83999633789062,125.51000213623047,126.44000244140625,80.48739624023438,11415000,0.0,0.0,0.0
2001-02-28,126.75,126.83999633789062,123.2699966430664,123.94999694824219,78.90232849121094,14825800,0.0,0.0,0.0
2001-03-01,124.05000305175781,124.5999984741211,121.75,124.5999984741211,79.31611633300781,14672000,0.0,0.0,0.0
2001-03-02,122.5,125.6500015258789,122.30000305175781,123.61000061035156,78.6859130859375,12564300,0.0,0.0,0.0
2001-03-05,124.1500015258789,124.77999877929688,123.80999755859375,124.73999786376953,79.4052505493164,5293200,0.0,0.0,0.0
2001-03-06,126.3499984741211,127.75,125.48999786376953,126.08000183105469,80.25825500488281,6917000,0.0,0.0,0.0
2001-03-07,126.9000015258789,127.04000091552734,125.76000213623047,126.9800033569336,80.83114624023438,6371700,0.0,0.0,0.0
2001-03-08,126.5999984741211,127.23999786376953,126.13999938964844,127.12000274658203,80.92023468017578,6055000,0.0,0.0,0.0
2001-03-09,126.0999984741211,126.0999984741211,123.11000061035156,123.36000061035156,78.5267562866211,10020300,0.0,0.0,0.0
2001-03-12,122.33999633789062,122.5,117.75,118.08000183105469,75.1656723022461,13972900,0.0,0.0,0.0
2001-03-13,119.4000015258789,120.44000244140625,117.52999877929688,120.0199966430664,76.40065002441406,12888000,0.0,0.0,0.0
2001-03-14,117.05000305175781,119.29000091552734,115.75,117.6500015258789,74.89200592041016,19883400,0.0,0.0,0.0
2001-03-15,118.44999694824219,118.86000061035156,117.36000061035156,117.68000030517578,74.91108703613281,10370300,0.0,0.0,0.0
2001-03-16,117.12999725341797,117.4000015258789,114.80999755859375,115.01000213623047,73.40856170654297,58514600,0.316,0.0,0.0
2001-03-19,115.76000213623047,117.69000244140625,114.81999969482422,117.3499984741211,74.90214538574219,10067800,0.0,0.0,0.0
2001-03-20,117.9000015258789,118.45999908447266,114.11000061035156,114.19999694824219,72.89155578613281,15083900,0.0,0.0,0.0
2001-03-21,114.18000030517578,115.26000213623047,111.9000015258789,112.26000213623047,71.65331268310547,19004600,0.0,0.0,0.0
2001-03-22,112.0199966430664,112.5999984741211,108.04000091552734,111.12000274658203,70.92566680908203,28624800,0.0,0.0,0.0
2001-03-23,113.25,114.66000366210938,111.5,114.4800033569336,73.0702896118164,12861700,0.0,0.0,0.0
2001-03-26,115.69999694824219,116.2699966430664,114.7699966430664,115.94000244140625,74.00214385986328,9943800,0.0,0.0,0.0
2001-03-27,115.62000274658203,118.6500015258789,115.27999877929688,118.30999755859375,75.514892578125,12880700,0.0,0.0,0.0
2001-03-28,116.9000015258789,116.94999694824219,114.9000015258789,115.04000091552734,73.42767333984375,10953300,0.0,0.0,0.0
2001-03-29,114.69999694824219,116.5,112.13999938964844,115.4800033569336,73.70858001708984,12060300,0.0,0.0,0.0
2001-03-30,115.55000305175781,116.69000244140625,114.5,116.69000244140625,74.48089599609375,9183600,0.0,0.0,0.0
2001-04-02,116.30000305175781,117.37999725341797,113.80000305175781,114.19999694824219,72.89155578613281,10561000,0.0,0.0,0.0
2001-04-03,113.9800033569336,114.1500015258789,110.05999755859375,110.38999938964844,70.45972442626953,12836000,0.0,0.0,0.0
2001-04-04,110.56999969482422,112.0999984741211,109.30000305175781,110.8499984741211,70.75335693359375,14884300,0.0,0.0,0.0
2001-04-05,113.30000305175781,115.48999786376953,112.5,115.05000305175781,73.43412780761719,21522800,0.0,0.0,0.0
2001-04-06,113.98999786376953,114.4000015258789,112.05999755859375,113.30000305175781,72.3171157836914,14937800,0.0,0.0,0.0
2001-04-09,114.0,114.98999786376953,112.77999877929688,114.55999755859375,73.12135314941406,9034300,0.0,0.0,0.0
2001-04-10,115.44999694824219,117.75,115.16999816894531,116.6500015258789,74.45535278320312,17873600,0.0,0.0,0.0
2001-04-11,118.77999877929688,118.98999786376953,116.13999938964844,116.7300033569336,74.50640869140625,12722300,0.0,0.0,0.0
2001-04-12,116.30000305175781,118.94000244140625,115.95999908447266,118.8499984741211,75.85958862304688,9233200,0.0,0.0,0.0
2001-04-16,118.29000091552734,118.88999938964844,116.91000366210938,117.5999984741211,75.06172943115234,7350000,0.0,0.0,0.0
2001-04-17,117.30999755859375,119.66000366210938,117.0199966430664,119.26000213623047,76.12123107910156,10924700,0.0,0.0,0.0
2001-04-18,121.05999755859375,126.0,120.69000244140625,124.0,79.14669036865234,32481600,0.0,0.0,0.0
2001-04-19,124.25,125.83999633789062,123.58000183105469,125.6500015258789,80.19984436035156,13809900,0.0,0.0,0.0
2001-04-20,124.9000015258789,125.4000015258789,123.66000366210938,124.5,79.46585083007812,7626700,0.0,0.0,0.0
2001-04-23,123.6500015258789,123.88999938964844,121.91000366210938,122.23999786376953,78.0233383178711,8451800,0.0,0.0,0.0
2001-04-24,122.5199966430664,123.6500015258789,121.0999984741211,121.58000183105469,77.60205841064453,10044700,0.0,0.0,0.0
2001-04-25,121.41999816894531,123.66999816894531,120.94999694824219,123.16999816894531,78.6169204711914,8249000,0.0,0.0,0.0
2001-04-26,123.7300033569336,125.22000122070312,123.5,123.72000122070312,78.96798706054688,10590400,0.0,0.0,0.0
2001-04-27,124.91999816894531,125.83999633789062,124.19999694824219,125.77999877929688,80.28284454345703,7938700,0.0,0.0,0.0
2001-04-30,126.44999694824219,127.2699966430664,124.66999816894531,126.66000366210938,80.84452056884766,10766900,0.0,0.0,0.0
2001-05-01,125.06999969482422,127.1500015258789,124.5999984741211,127.05000305175781,81.09346771240234,10578000,0.0,0.0,0.0
2001-05-02,127.41000366210938,127.69000244140625,126.0,126.81999969482422,80.94662475585938,9572900,0.0,0.0,0.0
2001-05-03,126.12999725341797,126.1500015258789,124.22000122070312,125.20999908447266,79.91900634765625,9926200,0.0,0.0,0.0
2001-05-04,123.6500015258789,127.3499984741211,123.44000244140625,127.33999633789062,81.27852630615234,12145300,0.0,0.0,0.0
2001-05-07,126.86000061035156,127.37999725341797,126.2300033569336,126.23999786376953,80.57644653320312,7185200,0.0,0.0,0.0
2001-05-08,126.86000061035156,127.0999984741211,125.55999755859375,126.18000030517578,80.53815460205078,6952600,0.0,0.0,0.0
2001-05-09,125.25,126.55000305175781,125.05999755859375,125.6500015258789,80.19984436035156,9507400,0.0,0.0,0.0
2001-05-10,127.26000213623047,127.5,125.7699966430664,126.0199966430664,80.43603515625,6872400,0.0,0.0,0.0
2001-05-11,126.0,126.48999786376953,124.4000015258789,125.1500015258789,79.88077545166016,7734400,0.0,0.0,0.0
2001-05-14,124.9000015258789,125.44000244140625,124.45999908447266,125.4000015258789,80.04029083251953,7914000,0.0,0.0,0.0
2001-05-15,125.55000305175781,126.5,124.8499984741211,125.9800033569336,80.4105224609375,9782200,0.0,0.0,0.0
2001-05-16,124.83999633789062,129.1999969482422,124.62000274658203,128.9499969482422,82.30619812011719,14909000,0.0,0.0,0.0
2001-05-17,129.0,130.0800018310547,128.55999755859375,129.14999389648438,82.43386840820312,11824600,0.0,0.0,0.0
2001-05-18,129.08999633789062,129.74000549316406,128.10000610351562,129.74000549316406,82.81044006347656,6683100,0.0,0.0,0.0
2001-05-21,129.83999633789062,131.83999633789062,129.14999389648438,131.64999389648438,84.02954864501953,11531500,0.0,0.0,0.0
2001-05-22,131.8300018310547,132.08999633789062,131.07000732421875,131.47999572753906,83.92103576660156,8342700,0.0,0.0,0.0
2001-05-23,131.0500030517578,131.0500030517578,129.25,129.25,82.4976577758789,12330800,0.0,0.0,0.0
2001-05-24,129.47000122070312,130.0,128.5500030517578,129.6300048828125,82.740234375,7902800,0.0,0.0,0.0
2001-05-25,129.64999389648438,129.6999969482422,127.9000015258789,128.10000610351562,81.76362609863281,7425000,0.0,0.0,0.0
2001-05-29,128.22000122070312,128.35000610351562,126.9000015258789,127.08000183105469,81.11259460449219,9003900,0.0,0.0,0.0
2001-05-30,126.58999633789062,127.08999633789062,125.0,125.30000305175781,79.97647857666016,10041800,0.0,0.0,0.0
2001-05-31,125.43000030517578,126.76000213623047,125.26000213623047,125.94999694824219,80.39131927490234,9874200,0.0,0.0,0.0
2001-06-01,126.19999694824219,127.0999984741211,125.12000274658203,126.7300033569336,80.88924407958984,8848300,0.0,0.0,0.0
2001-06-04,126.80000305175781,127.43000030517578,126.08000183105469,127.33999633789062,81.27852630615234,5623500,0.0,0.0,0.0
2001-06-05,127.48999786376953,129.22999572753906,127.2699966430664,128.8000030517578,82.21050262451172,9115400,0.0,0.0,0.0
2001-06-06,128.8300018310547,128.8300018310547,127.36000061035156,127.7300033569336,81.52750396728516,12064900,0.0,0.0,0.0
2001-06-07,127.05000305175781,128.35000610351562,127.0,128.19000244140625,81.82111358642578,7355300,0.0,0.0,0.0
2001-06-08,127.69999694824219,127.87000274658203,126.13999938964844,127.0,81.06156158447266,8170600,0.0,0.0,0.0
2001-06-11,126.70999908447266,126.98999786376953,125.41000366210938,126.0999984741211,80.48709869384766,7012200,0.0,0.0,0.0
2001-06-12,124.86000061035156,126.73999786376953,124.04000091552734,125.87999725341797,80.34664916992188,9364400,0.0,0.0,0.0
2001-06-13,126.16999816894531,126.58000183105469,124.6500015258789,124.80000305175781,79.65734100341797,7629400,0.0,0.0,0.0
2001-06-14,124.18000030517578,124.30000305175781,121.75,122.0,77.8701400756836,12603000,0.0,0.0,0.0
2001-06-15,120.91000366210938,122.4000015258789,120.4000015258789,121.8499984741211,77.99556732177734,16821100,0.346,0.0,0.0
2001-06-18,121.6500015258789,122.44000244140625,120.91000366210938,121.26000213623047,77.61798095703125,11368300,0.0,0.0,0.0
2001-06-19,122.37999725341797,122.88999938964844,120.88999938964844,121.79000091552734,77.95721435546875,7732300,0.0,0.0,0.0
2001-06-20,121.19000244140625,122.86000061035156,121.0999984741211,122.43000030517578,78.36685180664062,8787200,0.0,0.0,0.0
2001-06-21,122.22000122070312,124.30999755859375,122.1500015258789,123.81999969482422,79.25660705566406,12259100,0.0,0.0,0.0
2001-06-22,123.48999786376953,123.58999633789062,122.16000366210938,122.8499984741211,78.63568878173828,12212000,0.0,0.0,0.0
2001-06-25,123.27999877929688,123.44000244140625,121.5,121.72000122070312,77.91239929199219,8406800,0.0,0.0,0.0
2001-06-26,120.9000015258789,122.38999938964844,120.56999969482422,121.55000305175781,77.80358123779297,8005800,0.0,0.0,0.0
2001-06-27,121.5999984741211,122.23999786376953,120.91000366210938,121.4800033569336,77.7587890625,10105100,0.0,0.0,0.0
2001-06-28,122.0,123.94000244140625,121.93000030517578,122.1500015258789,78.18763732910156,10269300,0.0,0.0,0.0
2001-06-29,122.80000305175781,124.01000213623047,122.26000213623047,122.5999984741211,78.4756851196289,9824200,0.0,0.0,0.0
2001-07-02,122.80000305175781,124.31999969482422,122.62000274658203,124.12999725341797,79.45504760742188,8522200,0.0,0.0,0.0
2001-07-03,123.9800033569336,124.0999984741211,123.05000305175781,124.0999984741211,79.43584442138672,3303100,0.0,0.0,0.0
2001-07-05,123.06999969482422,123.6500015258789,121.66000366210938,121.68000030517578,77.88680267333984,5517900,0.0,0.0,0.0
2001-07-06,121.30999755859375,121.48999786376953,119.05000305175781,119.05000305175781,76.20336151123047,11665900,0.0,0.0,0.0
2001-07-09,119.48999786376953,120.54000091552734,119.19999694824219,119.69999694824219,76.61942291259766,8339300,0.0,0.0,0.0
2001-07-10,120.29000091552734,120.63999938964844,118.20999908447266,118.26000213623047,75.69763946533203,8630700,0.0,0.0,0.0
2001-07-11,118.0999984741211,118.88999938964844,117.08999633789062,118.37999725341797,75.77449035644531,15328600,0.0,0.0,0.0
2001-07-12,119.5,121.47000122070312,119.30999755859375,121.19000244140625,77.57315063476562,12002800,0.0,0.0,0.0
2001-07-13,120.83999633789062,122.31999969482422,120.62000274658203,122.23999786376953,78.2452392578125,10433800,0.0,0.0,0.0
2001-07-16,121.7699966430664,122.27999877929688,120.29000091552734,120.70999908447266,77.2658920288086,6915300,0.0,0.0,0.0
2001-07-17,120.19999694824219,121.94999694824219,119.83000183105469,121.83999633789062,77.98919677734375,7469800,0.0,0.0,0.0
2001-07-18,120.55999755859375,121.63999938964844,120.05999755859375,121.01000213623047,77.45795440673828,7709300,0.0,0.0,0.0
2001-07-19,122.18000030517578,122.9800033569336,120.76000213623047,122.06999969482422,78.13642120361328,10082900,0.0,0.0,0.0
2001-07-20,121.1500015258789,121.94000244140625,120.91999816894531,121.33999633789062,77.66913604736328,6705800,0.0,0.0,0.0
2001-07-23,121.80000305175781,121.87999725341797,118.94999694824219,118.94999694824219,76.13933563232422,8065200,0.0,0.0,0.0
2001-07-24,119.0,119.19999694824219,116.75,117.80000305175781,75.40322875976562,12269000,0.0,0.0,0.0
2001-07-25,117.91999816894531,119.4800033569336,117.45999908447266,119.0999984741211,76.23536682128906,12088500,0.0,0.0,0.0
2001-07-26,119.05999755859375,120.8499984741211,118.55999755859375,120.3499984741211,77.03546142578125,12898200,0.0,0.0,0.0
2001-07-27,120.83000183105469,121.3499984741211,119.91000366210938,120.80999755859375,77.32988739013672,8478800,0.0,0.0,0.0
2001-07-30,121.19000244140625,121.3499984741211,120.30000305175781,120.8499984741211,77.35550689697266,8547700,0.0,0.0,0.0
2001-07-31,121.0,122.68000030517578,120.80000305175781,121.3499984741211,77.67558288574219,11918100,0.0,0.0,0.0
2001-08-01,121.97000122070312,122.69999694824219,121.55000305175781,122.11000061035156,78.16207885742188,11940800,0.0,0.0,0.0
2001-08-02,123.2300033569336,123.25,121.88999938964844,122.61000061035156,78.48209381103516,11070100,0.0,0.0,0.0
2001-08-03,122.36000061035156,122.36000061035156,120.9000015258789,121.94000244140625,78.05323791503906,10816300,0.0,0.0,0.0
2001-08-06,121.3499984741211,121.51000213623047,120.0999984741211,120.30000305175781,77.00348663330078,8550100,0.0,0.0,0.0
2001-08-07,120.2699966430664,121.19999694824219,119.91000366210938,120.7699966430664,77.30430603027344,8865100,0.0,0.0,0.0
2001-08-08,120.12000274658203,121.16000366210938,118.43000030517578,118.52999877929688,75.87049102783203,15183800,0.0,0.0,0.0
2001-08-09,118.69999694824219,118.97000122070312,117.86000061035156,118.87999725341797,76.09454345703125,14118500,0.0,0.0,0.0
2001-08-10,118.80000305175781,119.83999633789062,117.33999633789062,119.29000091552734,76.35697937011719,11173300,0.0,0.0,0.0
2001-08-13,119.5999984741211,119.8499984741211,118.80999755859375,119.31999969482422,76.37615966796875,7431600,0.0,0.0,0.0
2001-08-14,120.13999938964844,120.3499984741211,118.80000305175781,119.2699966430664,76.3441390991211,13178100,0.0,0.0,0.0
2001-08-15,119.2300033569336,119.61000061035156,118.08000183105469,118.23999786376953,75.68488311767578,8520600,0.0,0.0,0.0
2001-08-16,117.80000305175781,118.75,117.0,118.6500015258789,75.94731140136719,10734700,0.0,0.0,0.0
2001-08-17,117.6500015258789,117.87000274658203,116.01000213623047,116.75,74.73110961914062,11604600,0.0,0.0,0.0
2001-08-20,116.80000305175781,117.9000015258789,116.55000305175781,117.83000183105469,75.42242431640625,10417400,0.0,0.0,0.0
2001-08-21,117.80000305175781,118.54000091552734,115.80000305175781,115.81999969482422,74.13584899902344,14480800,0.0,0.0,0.0
2001-08-22,116.75,117.43000030517578,115.77999877929688,117.0199966430664,74.90393829345703,11752300,0.0,0.0,0.0
2001-08-23,116.95999908447266,117.5199966430664,116.48999786376953,116.5999984741211,74.63510131835938,8744100,0.0,0.0,0.0
2001-08-24,117.20999908447266,119.12999725341797,116.73999786376953,119.0199966430664,76.18416595458984,11687700,0.0,0.0,0.0
2001-08-27,118.97000122070312,119.19999694824219,118.26000213623047,118.30999755859375,75.72967529296875,7425100,0.0,0.0,0.0
2001-08-28,118.27999877929688,118.48999786376953,116.58000183105469,116.58000183105469,74.622314453125,12046600,0.0,0.0,0.0
2001-08-29,117.12999725341797,117.18000030517578,115.16999816894531,115.54000091552734,73.95660400390625,16180000,0.0,0.0,0.0
2001-08-30,114.8499984741211,115.73999786376953,112.04000091552734,113.31999969482422,72.53556823730469,17692600,0.0,0.0,0.0
2001-08-31,113.4000015258789,114.7699966430664,113.12999725341797,114.1500015258789,73.06687927246094,15985400,0.0,0.0,0.0
2001-09-04,113.8499984741211,116.16999816894531,113.37000274658203,113.41999816894531,72.599609375,24473400,0.0,0.0,0.0
2001-09-05,113.69999694824219,114.19000244140625,111.94999694824219,113.69999694824219,72.77883911132812,21477100,0.0,0.0,0.0
2001-09-06,112.6500015258789,113.30000305175781,110.7699966430664,110.7699966430664,70.9033432006836,21653000,0.0,0.0,0.0
2001-09-07,110.0199966430664,111.25,108.62999725341797,108.72000122070312,69.59117126464844,33133900,0.0,0.0,0.0
2001-09-10,107.69999694824219,110.3499984741211,107.69999694824219,110.05000305175781,70.4424819946289,23408700,0.0,0.0,0.0
2001-09-17,101.0,106.4000015258789,100.0,104.30000305175781,66.7619400024414,32388700,0.0,0.0,0.0
2001-09-18,104.33000183105469,105.30000305175781,103.36000061035156,104.05000305175781,66.60188293457031,22029200,0.0,0.0,0.0
2001-09-19,104.0999984741211,104.5,98.55999755859375,101.94999694824219,65.2576904296875,42771800,0.0,0.0,0.0
2001-09-20,100.4000015258789,101.80999755859375,98.55999755859375,98.70999908447266,63.18379592895508,36210900,0.0,0.0,0.0
2001-09-21,94.27999877929688,98.98999786376953,93.80000305175781,97.27999877929688,62.5020866394043,49782100,0.369,0.0,0.0
2001-09-24,99.72000122070312,101.16000366210938,99.05999755859375,100.69999694824219,64.6994400024414,25549600,0.0,0.0,0.0
2001-09-25,100.75,102.0,99.9000015258789,101.75,65.37405395507812,25466200,0.0,0.0,0.0
2001-09-26,102.3499984741211,102.4000015258789,100.43000030517578,101.38999938964844,65.14278411865234,18587500,0.0,0.0,0.0
2001-09-27,101.25,102.29000091552734,100.0,102.2699966430664,65.70819091796875,20536800,0.0,0.0,0.0
2001-09-28,102.9800033569336,109.62000274658203,102.5,104.44000244140625,67.10240936279297,21687200,0.0,0.0,0.0
2001-10-01,103.9000015258789,104.31999969482422,102.83000183105469,104.2699966430664,66.9931640625,20457400,0.0,0.0,0.0
2001-10-02,104.0,105.58000183105469,103.6500015258789,105.58000183105469,67.83485412597656,19833100,0.0,0.0,0.0
2001-10-03,104.5999984741211,107.87999725341797,104.3499984741211,107.3499984741211,68.9720458984375,32045800,0.0,0.0,0.0
2001-10-04,108.29000091552734,108.97000122070312,106.75,107.44000244140625,69.0299072265625,32674100,0.0,0.0,0.0
2001-10-05,107.25,107.62000274658203,105.5199966430664,107.2300033569336,68.89495086669922,29796100,0.0,0.0,0.0
2001-10-08,106.2699966430664,107.30000305175781,105.87000274658203,106.52999877929688,68.44523620605469,12970300,0.0,0.0,0.0
2001-10-09,106.61000061035156,106.75,105.5999984741211,105.95999908447266,68.0789794921875,15976300,0.0,0.0,0.0
2001-10-10,105.80000305175781,108.55000305175781,105.5199966430664,108.31999969482422,69.59529876708984,19987400,0.0,0.0,0.0
2001-10-11,108.94999694824219,110.30000305175781,108.94999694824219,110.0,70.67469787597656,23006300,0.0,0.0,0.0
2001-10-12,109.1500015258789,109.88999938964844,107.30000305175781,109.5,70.35343933105469,31360500,0.0,0.0,0.0
2001-10-15,108.62999725341797,109.44999694824219,108.05999755859375,109.30000305175781,70.22493743896484,16873000,0.0,0.0,0.0
2001-10-16,109.80000305175781,110.61000061035156,108.94999694824219,109.98999786376953,70.66826629638672,15877100,0.0,0.0,0.0
2001-10-17,111.06999969482422,111.1500015258789,107.6500015258789,107.6500015258789,69.164794921875,28542300,0.0,0.0,0.0
2001-10-18,107.81999969482422,108.16000366210938,106.75,107.41999816894531,69.01703643798828,16510000,0.0,0.0,0.0
2001-10-19,107.0,107.91000366210938,106.01000213623047,107.3499984741211,68.9720458984375,21912500,0.0,0.0,0.0
2001-10-22,107.30000305175781,109.56999969482422,107.20999908447266,109.47000122070312,70.33415222167969,17540600,0.0,0.0,0.0
2001-10-23,109.95999908447266,110.27999877929688,108.37999725341797,108.91000366210938,69.97434997558594,22062500,0.0,0.0,0.0
2001-10-24,108.9800033569336,109.44999694824219,108.22000122070312,108.62000274658203,69.78804016113281,16065200,0.0,0.0,0.0
2001-10-25,107.44999694824219,110.5999984741211,106.73999786376953,110.56999969482422,71.04086303710938,27467900,0.0,0.0,0.0
2001-10-26,109.94999694824219,111.79000091552734,109.66999816894531,110.31999969482422,70.8802490234375,18623300,0.0,0.0,0.0
2001-10-29,110.16000366210938,110.55000305175781,107.44999694824219,107.44999694824219,69.03633880615234,18727500,0.0,0.0,0.0
2001-10-30,107.3499984741211,107.69999694824219,105.55999755859375,106.16000366210938,68.2074966430664,26178600,0.0,0.0,0.0
2001-10-31,106.9000015258789,107.86000061035156,105.80000305175781,105.80000305175781,67.97615814208984,28124200,0.0,0.0,0.0
2001-11-01,106.5999984741211,109.01000213623047,105.69999694824219,108.51000213623047,69.71735382080078,29806800,0.0,0.0,0.0
2001-11-02,108.44000244140625,109.37999725341797,107.87000274658203,109.25,70.19278717041016,17575900,0.0,0.0,0.0
2001-11-05,110.12000274658203,111.08999633789062,109.94999694824219,110.68000030517578,71.1115951538086,15929500,0.0,0.0,0.0
2001-11-06,110.3499984741211,112.4800033569336,109.8499984741211,112.4000015258789,72.21666717529297,23245800,0.0,0.0,0.0
2001-11-07,111.7699966430664,113.12000274658203,111.63999938964844,112.25,72.12029266357422,19716000,0.0,0.0,0.0
2001-11-08,112.87000274658203,114.08000183105469,111.9000015258789,112.5999984741211,72.34513854980469,22563500,0.0,0.0,0.0
2001-11-09,112.25,112.95999908447266,111.44000244140625,112.72000122070312,72.42228698730469,15895800,0.0,0.0,0.0
2001-11-12,111.0,112.6500015258789,110.0,112.02999877929688,71.97891235351562,26068800,0.0,0.0,0.0
2001-11-13,113.44000244140625,114.55000305175781,113.18000030517578,114.55000305175781,73.59806060791016,15296200,0.0,0.0,0.0
2001-11-14,115.16999816894531,115.4000015258789,113.70999908447266,114.66000366210938,73.66871643066406,17571300,0.0,0.0,0.0
2001-11-15,114.37000274658203,115.18000030517578,113.93000030517578,114.87000274658203,73.80364990234375,19470200,0.0,0.0,0.0
2001-11-16,115.08000183105469,115.0999984741211,113.4000015258789,114.36000061035156,73.47594451904297,18134900,0.0,0.0,0.0
2001-11-19,114.91999816894531,115.8499984741211,114.44999694824219,115.7699966430664,74.38188171386719,13625400,0.0,0.0,0.0
2001-11-20,115.37000274658203,115.80000305175781,114.63999938964844,114.80000305175781,73.75869750976562,16209700,0.0,0.0,0.0
2001-11-21,114.5,114.66999816894531,113.51000213623047,114.04000091552734,73.2703628540039,11470200,0.0,0.0,0.0
2001-11-23,114.04000091552734,115.75,114.0,115.68000030517578,74.32404327392578,6717100,0.0,0.0,0.0
2001-11-26,115.75,116.33999633789062,115.06999969482422,115.93000030517578,74.48465728759766,13726000,0.0,0.0,0.0
2001-11-27,115.62000274658203,116.9000015258789,114.08999633789062,115.43000030517578,74.16343688964844,19261400,0.0,0.0,0.0
2001-11-28,114.73999786376953,115.16999816894531,113.25,113.33999633789062,72.82060241699219,20195500,0.0,0.0,0.0
2001-11-29,113.66000366210938,114.91999816894531,113.0,114.87000274658203,73.80364990234375,16354700,0.0,0.0,0.0
2001-11-30,114.4000015258789,114.91000366210938,114.0199966430664,114.05000305175781,73.27680206298828,13680300,0.0,0.0,0.0
2001-12-03,113.6500015258789,114.08000183105469,113.01000213623047,113.37000274658203,72.83990478515625,15220400,0.0,0.0,0.0
2001-12-04,113.91999816894531,115.30000305175781,113.3499984741211,115.29000091552734,74.07347869873047,17239900,0.0,0.0,0.0
2001-12-05,115.61000061035156,118.0,115.55999755859375,117.4000015258789,75.42915344238281,25204000,0.0,0.0,0.0
2001-12-06,117.33999633789062,117.94000244140625,116.93000030517578,117.33999633789062,75.3906021118164,17972900,0.0,0.0,0.0
2001-12-07,116.9000015258789,117.08999633789062,115.69999694824219,116.55999755859375,74.88947296142578,18857800,0.0,0.0,0.0
2001-12-10,115.8499984741211,116.38999938964844,114.3499984741211,114.37999725341797,73.48882293701172,13862700,0.0,0.0,0.0
2001-12-11,114.9000015258789,115.72000122070312,113.9000015258789,114.1500015258789,73.34101867675781,20833300,0.0,0.0,0.0
2001-12-12,114.55000305175781,114.77999877929688,113.11000061035156,114.27999877929688,73.42455291748047,16171500,0.0,0.0,0.0
2001-12-13,113.44999694824219,113.69999694824219,112.04000091552734,112.05999755859375,71.99821472167969,19026700,0.0,0.0,0.0
2001-12-14,112.33000183105469,113.48999786376953,112.0,113.12999725341797,72.68568420410156,16721900,0.0,0.0,0.0
2001-12-17,112.98999786376953,114.36000061035156,112.9000015258789,114.30000305175781,73.43742370605469,13925900,0.0,0.0,0.0
2001-12-18,114.62999725341797,115.1500015258789,114.33999633789062,114.9800033569336,73.8742904663086,13663700,0.0,0.0,0.0
2001-12-19,114.08999633789062,115.91999816894531,114.0,115.79000091552734,74.39472961425781,20143400,0.0,0.0,0.0
2001-12-20,115.5,115.80000305175781,114.55000305175781,114.6500015258789,73.66227722167969,14867900,0.0,0.0,0.0
2001-12-21,115.02999877929688,115.06999969482422,114.19999694824219,114.94999694824219,74.10905456542969,14037700,0.393,0.0,0.0
2001-12-24,114.83000183105469,115.04000091552734,114.61000061035156,114.7300033569336,73.96721649169922,5728800,0.0,0.0,0.0
2001-12-26,114.6500015258789,116.20999908447266,114.6500015258789,115.36000061035156,74.37339782714844,10304800,0.0,0.0,0.0
2001-12-27,115.30000305175781,116.08000183105469,115.25,116.05999755859375,74.82472229003906,9407300,0.0,0.0,0.0
2001-12-28,116.29000091552734,116.75,115.91999816894531,116.0,74.78599548339844,10593800,0.0,0.0,0.0
2001-12-31,116.1500015258789,116.38999938964844,114.2300033569336,114.30000305175781,73.69001770019531,14619500,0.0,0.0,0.0
2002-01-02,115.11000061035156,115.75,113.80999755859375,115.52999877929688,74.48298645019531,18651900,0.0,0.0,0.0
2002-01-03,115.6500015258789,116.94999694824219,115.54000091552734,116.83999633789062,75.32756805419922,15743000,0.0,0.0,0.0
2002-01-04,117.16999816894531,117.9800033569336,116.55000305175781,117.62000274658203,75.8304443359375,20140700,0.0,0.0,0.0
2002-01-07,117.69999694824219,117.98999786376953,116.55999755859375,116.79000091552734,75.29534149169922,13106500,0.0,0.0,0.0
2002-01-08,116.79000091552734,117.05999755859375,115.97000122070312,116.5199966430664,75.1212158203125,12683700,0.0,0.0,0.0
2002-01-09,116.68000030517578,117.77999877929688,115.33999633789062,115.56999969482422,74.5087661743164,16610300,0.0,0.0,0.0
2002-01-10,115.69000244140625,116.3499984741211,115.30000305175781,116.08000183105469,74.83760833740234,12823400,0.0,0.0,0.0
2002-01-11,116.20999908447266,116.27999877929688,114.69999694824219,114.94000244140625,74.10259246826172,13708400,0.0,0.0,0.0
2002-01-14,114.6500015258789,114.83999633789062,113.95999908447266,114.22000122070312,73.63838195800781,12301100,0.0,0.0,0.0
2002-01-15,114.55000305175781,115.38999938964844,113.9000015258789,115.1500015258789,74.23799133300781,20219900,0.0,0.0,0.0
2002-01-16,114.30000305175781,114.4000015258789,112.69000244140625,112.81999969482422,72.7358627319336,17067000,0.0,0.0,0.0
2002-01-17,113.76000213623047,114.23999786376953,113.4000015258789,113.66999816894531,73.28385162353516,17283400,0.0,0.0,0.0
2002-01-18,113.0,113.8499984741211,112.66999816894531,113.1500015258789,72.9485855102539,17028000,0.0,0.0,0.0
2002-01-22,113.75,113.93000030517578,112.0199966430664,112.37000274658203,72.44570922851562,11689300,0.0,0.0,0.0
2002-01-23,112.62999725341797,113.55000305175781,112.0199966430664,113.2300033569336,73.00019836425781,12438900,0.0,0.0,0.0
2002-01-24,113.63999938964844,114.25,113.31999969482422,113.58000183105469,73.2258071899414,12142800,0.0,0.0,0.0
2002-01-25,113.12000274658203,114.18000030517578,113.04000091552734,113.55000305175781,73.20647430419922,12810700,0.0,0.0,0.0
2002-01-28,113.9000015258789,114.19000244140625,112.91999816894531,113.86000061035156,73.4063491821289,10589200,0.0,0.0,0.0
2002-01-29,113.8499984741211,114.12999725341797,110.05000305175781,110.27999877929688,71.09829711914062,27720800,0.0,0.0,0.0
2002-01-30,110.38999938964844,113.38999938964844,108.4000015258789,111.87000274658203,72.12335205078125,34711800,0.0,0.0,0.0
2002-01-31,112.1500015258789,113.30000305175781,111.62000274658203,113.18000030517578,72.96793365478516,19909200,0.0,0.0,0.0
2002-02-01,113.08999633789062,113.30000305175781,112.16999816894531,112.6500015258789,72.62626647949219,15838500,0.0,0.0,0.0
2002-02-04,112.2300033569336,112.2300033569336,109.44000244140625,109.8499984741211,70.82105255126953,24243400,0.0,0.0,0.0
2002-02-05,109.4000015258789,110.48999786376953,108.52999877929688,109.16999816894531,70.3826675415039,33614000,0.0,0.0,0.0
2002-02-06,109.6500015258789,109.73999786376953,108.05999755859375,108.69999694824219,70.07962799072266,29486000,0.0,0.0,0.0
2002-02-07,108.72000122070312,109.86000061035156,108.0,108.0199966430664,69.64125061035156,23445400,0.0,0.0,0.0
2002-02-08,108.62999725341797,110.75,108.30000305175781,110.08999633789062,70.97581481933594,19277800,0.0,0.0,0.0
2002-02-11,110.05000305175781,111.63999938964844,109.81999969482422,111.44000244140625,71.84616088867188,18792400,0.0,0.0,0.0
2002-02-12,110.95999908447266,111.70999908447266,110.02999877929688,111.08999633789062,71.62049865722656,13942500,0.0,0.0,0.0
2002-02-13,111.4800033569336,112.54000091552734,111.3499984741211,112.2699966430664,72.38124084472656,16781100,0.0,0.0,0.0
2002-02-14,112.51000213623047,112.97000122070312,111.58999633789062,112.05999755859375,72.2458724975586,20453800,0.0,0.0,0.0
2002-02-15,112.1500015258789,112.23999786376953,110.70999908447266,110.88999938964844,71.49156188964844,18366800,0.0,0.0,0.0
2002-02-19,110.1500015258789,110.29000091552734,108.61000061035156,108.76000213623047,70.11835479736328,15988100,0.0,0.0,0.0
2002-02-20,109.05000305175781,110.58999633789062,107.81999969482422,110.58999633789062,71.29814910888672,29242800,0.0,0.0,0.0
2002-02-21,109.93000030517578,110.62999725341797,108.26000213623047,108.30000305175781,69.8217544555664,26288600,0.0,0.0,0.0
2002-02-22,108.3499984741211,109.94000244140625,107.87000274658203,109.63999938964844,70.6856689453125,26572900,0.0,0.0,0.0
2002-02-25,109.73999786376953,111.80999755859375,109.69999694824219,111.44999694824219,71.8525619506836,17458700,0.0,0.0,0.0
2002-02-26,111.5999984741211,112.04000091552734,110.56999969482422,111.22000122070312,71.70431518554688,22346500,0.0,0.0,0.0
2002-02-27,111.95999908447266,112.86000061035156,110.6500015258789,111.6500015258789,71.98152160644531,28597900,0.0,0.0,0.0
2002-02-28,111.83000183105469,112.75,111.02999877929688,111.1500015258789,71.6591567993164,23755400,0.0,0.0,0.0
2002-03-01,111.72000122070312,113.8499984741211,111.51000213623047,113.73999786376953,73.32896423339844,26273600,0.0,0.0,0.0
2002-03-04,113.9000015258789,115.98999786376953,113.6500015258789,115.75,74.62480163574219,27184600,0.0,0.0,0.0
2002-03-05,115.33000183105469,116.4000015258789,114.97000122070312,115.37999725341797,74.38630676269531,22718900,0.0,0.0,0.0
2002-03-06,115.0999984741211,117.1500015258789,115.06999969482422,116.75,75.26952362060547,20143200,0.0,0.0,0.0
2002-03-07,117.36000061035156,117.5,115.56999969482422,116.5,75.10833740234375,19330800,0.0,0.0,0.0
2002-03-08,117.37999725341797,117.9000015258789,116.4800033569336,116.98999786376953,75.42425537109375,19930100,0.0,0.0,0.0
2002-03-11,116.88999938964844,117.9000015258789,116.43000030517578,117.23999786376953,75.58541870117188,15621800,0.0,0.0,0.0
2002-03-12,116.0999984741211,117.25,115.94000244140625,117.16999816894531,75.54031372070312,17153600,0.0,0.0,0.0
2002-03-13,116.62999725341797,116.75,115.63999938964844,116.04000091552734,74.811767578125,17175300,0.0,0.0,0.0
2002-03-14,116.04000091552734,116.43000030517578,115.62999725341797,115.87999725341797,74.70863342285156,11168100,0.0,0.0,0.0
2002-03-15,115.97000122070312,116.94999694824219,115.9000015258789,116.6500015258789,75.42047882080078,21220100,0.331,0.0,0.0
2002-03-18,117.0999984741211,117.55999755859375,116.0999984741211,116.66999816894531,75.43343353271484,17548900,0.0,0.0,0.0
2002-03-19,117.30000305175781,117.73999786376953,116.81999969482422,117.44999694824219,75.93771362304688,17912000,0.0,0.0,0.0
2002-03-20,116.5,116.58000183105469,115.19000244140625,115.23999786376953,74.50882720947266,17114500,0.0,0.0,0.0
2002-03-21,115.30000305175781,115.9000015258789,114.12000274658203,115.29000091552734,74.54116821289062,25846800,0.0,0.0,0.0
2002-03-22,115.5,115.94000244140625,114.69999694824219,115.04000091552734,74.3795394897461,15235400,0.0,0.0,0.0
2002-03-25,115.08999633789062,115.36000061035156,113.30000305175781,113.61000061035156,73.45497131347656,17499600,0.0,0.0,0.0
2002-03-26,113.5199966430664,115.0199966430664,113.47000122070312,114.2699966430664,73.88166809082031,19947600,0.0,0.0,0.0
2002-03-27,114.02999877929688,115.01000213623047,113.76000213623047,114.56999969482422,74.07568359375,19020300,0.0,0.0,0.0
2002-03-28,114.97000122070312,115.7699966430664,114.5,114.5199966430664,74.0433120727539,17532900,0.0,0.0,0.0
2002-04-01,114.2300033569336,115.0999984741211,113.5,114.56999969482422,74.07568359375,17711000,0.0,0.0,0.0
2002-04-02,113.9800033569336,114.94999694824219,113.7699966430664,113.94000244140625,73.6683349609375,15669500,0.0,0.0,0.0
2002-04-03,114.01000213623047,114.20999908447266,112.16000366210938,113.13999938964844,73.15108489990234,25658500,0.0,0.0,0.0
2002-04-04,112.5999984741211,113.4000015258789,112.2300033569336,112.66999816894531,72.84722900390625,23549000,0.0,0.0,0.0
2002-04-05,113.19000244140625,113.62999725341797,112.18000030517578,112.69000244140625,72.86013793945312,19404900,0.0,0.0,0.0
2002-04-08,111.31999969482422,113.02999877929688,111.2300033569336,112.93000030517578,73.01534271240234,16470100,0.0,0.0,0.0
2002-04-09,113.18000030517578,113.18000030517578,111.93000030517578,112.13999938964844,72.50455474853516,15122700,0.0,0.0,0.0
2002-04-10,112.0999984741211,113.54000091552734,112.08999633789062,113.41000366210938,73.32568359375,17199300,0.0,0.0,0.0
2002-04-11,112.88999938964844,113.05000305175781,110.5,110.58999633789062,71.50236511230469,25453700,0.0,0.0,0.0
2002-04-12,111.0199966430664,111.6500015258789,110.04000091552734,111.41999816894531,72.0390396118164,14950600,0.0,0.0,0.0
2002-04-15,111.62000274658203,111.86000061035156,110.19999694824219,110.56999969482422,71.4894790649414,17394900,0.0,0.0,0.0
2002-04-16,111.69999694824219,113.31999969482422,111.66999816894531,113.19999694824219,73.18990325927734,15040900,0.0,0.0,0.0
2002-04-17,113.38999938964844,113.66999816894531,112.5999984741211,112.95999908447266,73.03472137451172,12920100,0.0,0.0,0.0
2002-04-18,112.9000015258789,113.45999908447266,111.1500015258789,112.47000122070312,72.71790313720703,25204800,0.0,0.0,0.0
2002-04-19,113.19999694824219,113.23999786376953,112.55999755859375,112.87999725341797,72.98298645019531,10499200,0.0,0.0,0.0
2002-04-22,112.37999725341797,112.43000030517578,110.83999633789062,111.0,71.7674331665039,13922900,0.0,0.0,0.0
2002-04-23,111.08999633789062,111.4800033569336,110.16999816894531,110.5199966430664,71.45710754394531,16967000,0.0,0.0,0.0
2002-04-24,110.55999755859375,111.80999755859375,109.4000015258789,109.41000366210938,70.73942565917969,18902700,0.0,0.0,0.0
2002-04-25,109.20999908447266,109.73999786376953,108.72000122070312,109.47000122070312,70.77828216552734,25451500,0.0,0.0,0.0
2002-04-26,109.79000091552734,110.01000213623047,107.29000091552734,107.38999938964844,69.43338775634766,19769800,0.0,0.0,0.0
2002-04-29,107.93000030517578,108.26000213623047,106.62999725341797,106.86000061035156,69.09074401855469,17724400,0.0,0.0,0.0
2002-04-30,107.0199966430664,108.63999938964844,106.63999938964844,107.86000061035156,69.73729705810547,19473500,0.0,0.0,0.0
2002-05-01,107.97000122070312,109.25,106.80000305175781,109.18000030517578,70.59074401855469,24575600,0.0,0.0,0.0
2002-05-02,109.0999984741211,109.91000366210938,107.77999877929688,108.76000213623047,70.31919860839844,15666800,0.0,0.0,0.0
2002-05-03,108.5999984741211,108.76000213623047,107.19999694824219,107.58000183105469,69.5562515258789,18185500,0.0,0.0,0.0
2002-05-06,107.63999938964844,107.98999786376953,105.30999755859375,105.47000122070312,68.19200134277344,23630400,0.0,0.0,0.0
2002-05-07,106.0999984741211,106.31999969482422,104.9000015258789,105.0999984741211,67.95280456542969,21910000,0.0,0.0,0.0
2002-05-08,107.05000305175781,109.36000061035156,106.79000091552734,109.01000213623047,70.48084259033203,27917400,0.0,0.0,0.0
2002-05-09,108.6500015258789,109.0999984741211,107.58000183105469,107.75,69.66614532470703,18085600,0.0,0.0,0.0
2002-05-10,107.97000122070312,108.05000305175781,105.5999984741211,105.72000122070312,68.35365295410156,18958900,0.0,0.0,0.0
2002-05-13,106.22000122070312,107.94999694824219,105.79000091552734,107.87000274658203,69.74374389648438,14677700,0.0,0.0,0.0
2002-05-14,109.62000274658203,110.37000274658203,109.0,110.22000122070312,71.26315307617188,34201200,0.0,0.0,0.0
2002-05-15,109.5,110.91000366210938,109.29000091552734,109.79000091552734,70.98511505126953,29535300,0.0,0.0,0.0
2002-05-16,109.69999694824219,110.4800033569336,109.33000183105469,110.36000061035156,71.35369873046875,28092000,0.0,0.0,0.0
2002-05-17,110.66000366210938,111.25,110.0999984741211,110.9000015258789,71.70284271240234,27823700,0.0,0.0,0.0
2002-05-20,110.63999938964844,110.69000244140625,109.48999786376953,109.69999694824219,70.92696380615234,13833800,0.0,0.0,0.0
2002-05-21,110.11000061035156,110.4800033569336,108.31999969482422,108.69999694824219,70.28038024902344,16877200,0.0,0.0,0.0
2002-05-22,108.22000122070312,109.12000274658203,108.0,108.94000244140625,70.43559265136719,15844200,0.0,0.0,0.0
2002-05-23,109.26000213623047,110.36000061035156,108.4800033569336,110.0999984741211,71.18556213378906,13879800,0.0,0.0,0.0
2002-05-24,109.9800033569336,110.19999694824219,108.61000061035156,108.69000244140625,70.2739028930664,11877000,0.0,0.0,0.0
2002-05-28,109.05000305175781,109.12999725341797,107.44999694824219,108.0999984741211,69.89247131347656,24236900,0.0,0.0,0.0
2002-05-29,107.62000274658203,108.0199966430664,107.12999725341797,107.30000305175781,69.37519836425781,14773300,0.0,0.0,0.0
2002-05-30,106.55000305175781,107.51000213623047,105.9000015258789,107.0,69.18128967285156,18217900,0.0,0.0,0.0
2002-05-31,107.4000015258789,108.55999755859375,106.8499984741211,107.22000122070312,69.323486328125,19826300,0.0,0.0,0.0
2002-06-03,107.08999633789062,107.5999984741211,104.12999725341797,104.37000274658203,67.48081970214844,26056300,0.0,0.0,0.0
2002-06-04,104.1500015258789,105.19999694824219,103.55000305175781,104.62999725341797,67.64891052246094,25856200,0.0,0.0,0.0
2002-06-05,104.94999694824219,105.66999816894531,104.3499984741211,105.61000061035156,68.28252410888672,19695900,0.0,0.0,0.0
2002-06-06,105.54000091552734,105.5999984741211,103.1500015258789,103.45999908447266,66.8924560546875,22998500,0.0,0.0,0.0
2002-06-07,101.77999877929688,103.91999816894531,101.72000122070312,103.33999633789062,66.81484985351562,24011600,0.0,0.0,0.0
2002-06-10,103.23999786376953,104.45999908447266,103.0199966430664,103.73999786376953,67.07347869873047,18759900,0.0,0.0,0.0
2002-06-11,104.12999725341797,104.54000091552734,101.7300033569336,101.95999908447266,65.92264556884766,19990700,0.0,0.0,0.0
2002-06-12,101.70999908447266,102.80999755859375,100.77999877929688,102.58000183105469,66.3235092163086,31266000,0.0,0.0,0.0
2002-06-13,102.12999725341797,103.0,101.33999633789062,101.55000305175781,65.65753173828125,21043900,0.0,0.0,0.0
2002-06-14,100.30999755859375,101.55999755859375,98.5,101.4000015258789,65.56058502197266,39267500,0.0,0.0,0.0
2002-06-17,101.91999816894531,104.33999633789062,101.8499984741211,104.12000274658203,67.31915283203125,17647200,0.0,0.0,0.0
2002-06-18,103.73999786376953,105.02999877929688,103.62999725341797,104.97000122070312,67.8687515258789,21628500,0.0,0.0,0.0
2002-06-19,103.5,104.43000030517578,102.23999786376953,102.5199966430664,66.28468322753906,21540700,0.0,0.0,0.0
2002-06-20,102.26000213623047,103.05000305175781,100.95999908447266,101.20999908447266,65.43769836425781,25691000,0.0,0.0,0.0
2002-06-21,100.47000122070312,100.93000030517578,98.68000030517578,99.27999877929688,64.41453552246094,31190700,0.353,0.0,0.0
2002-06-24,98.61000061035156,100.69000244140625,97.25,99.80000305175781,64.75190734863281,37169700,0.0,0.0,0.0
2002-06-25,100.30000305175781,100.88999938964844,97.54000091552734,97.55999755859375,63.29854202270508,33355000,0.0,0.0,0.0
2002-06-26,95.19999694824219,98.1500015258789,95.19000244140625,97.72000122070312,63.402347564697266,37913600,0.0,0.0,0.0
2002-06-27,98.5,99.48999786376953,96.56999969482422,99.43000030517578,64.5118408203125,31616400,0.0,0.0,0.0
2002-06-28,99.23999786376953,100.5,98.87999725341797,98.95999908447266,64.20694732666016,28184200,0.0,0.0,0.0
2002-07-01,99.18000030517578,99.80000305175781,96.88999938964844,97.02999877929688,62.95466613769531,20270200,0.0,0.0,0.0
2002-07-02,96.86000061035156,97.19999694824219,94.7699966430664,94.97000122070312,61.61812210083008,34213900,0.0,0.0,0.0
2002-07-03,94.62000274658203,95.83999633789062,93.72000122070312,95.51000213623047,61.96847152709961,30565800,0.0,0.0,0.0
2002-07-05,96.77999877929688,99.52999877929688,96.66000366210938,99.30999755859375,64.43395233154297,19013500,0.0,0.0,0.0
2002-07-08,98.9800033569336,99.69999694824219,97.55999755859375,98.06999969482422,63.629478454589844,19118600,0.0,0.0,0.0
2002-07-09,97.7300033569336,98.33999633789062,95.01000213623047,95.5999984741211,62.02688217163086,28620400,0.0,0.0,0.0
2002-07-10,96.0,96.06999969482422,92.04000091552734,92.12000274658203,59.768985748291016,50522500,0.0,0.0,0.0
2002-07-11,91.76000213623047,93.3499984741211,90.31999969482422,92.87000274658203,60.25563049316406,59476500,0.0,0.0,0.0
2002-07-12,93.33000183105469,93.88999938964844,91.5199966430664,91.8499984741211,59.59381866455078,39018600,0.0,0.0,0.0
2002-07-15,91.63999938964844,92.4000015258789,87.88999938964844,92.33999633789062,59.9117546081543,77317200,0.0,0.0,0.0
2002-07-16,91.12000274658203,92.37999725341797,89.87000274658203,90.55999755859375,58.7568473815918,53282400,0.0,0.0,0.0
2002-07-17,92.45999908447266,93.30000305175781,89.75,90.73999786376953,58.87361145019531,48880600,0.0,0.0,0.0
2002-07-18,90.69999694824219,91.0999984741211,87.75,87.80000305175781,56.966102600097656,32656700,0.0,0.0,0.0
2002-07-19,86.76000213623047,87.55000305175781,84.30000305175781,84.70999908447266,54.96124267578125,77572600,0.0,0.0,0.0
2002-07-22,84.0999984741211,85.91000366210938,81.44999694824219,82.19999694824219,53.33272171020508,78134000,0.0,0.0,0.0
2002-07-23,82.55000305175781,83.23999786376953,79.75,79.94999694824219,51.872920989990234,74484100,0.0,0.0,0.0
2002-07-24,78.12999725341797,85.12000274658203,77.68000030517578,84.72000122070312,54.96773147583008,107022800,0.0,0.0,0.0
2002-07-25,84.2699966430664,85.8499984741211,81.5999984741211,84.0,54.50057601928711,87176600,0.0,0.0,0.0
2002-07-26,84.6500015258789,85.93000030517578,83.80000305175781,85.5999984741211,55.5387077331543,41206800,0.0,0.0,0.0
2002-07-29,87.5,90.33999633789062,87.30000305175781,89.7699966430664,58.24428939819336,53492900,0.0,0.0,0.0
2002-07-30,89.31999969482422,91.4000015258789,88.72000122070312,90.94000244140625,59.00343322753906,47532200,0.0,0.0,0.0
2002-07-31,90.48999786376953,91.55000305175781,89.25,91.16000366210938,59.14609909057617,44669900,0.0,0.0,0.0
2002-08-01,90.87999725341797,91.3499984741211,88.33000183105469,88.77999877929688,57.60194778442383,66571900,0.0,0.0,0.0
2002-08-02,88.5,88.91000366210938,85.62000274658203,86.79000091552734,56.31079864501953,51772900,0.0,0.0,0.0
2002-08-05,86.48999786376953,86.93000030517578,83.55000305175781,83.7699966430664,54.35135269165039,47191300,0.0,0.0,0.0
2002-08-06,85.2300033569336,87.9000015258789,85.11000061035156,86.58999633789062,56.18103790283203,64730000,0.0,0.0,0.0
2002-08-07,87.87000274658203,88.5,85.7699966430664,88.0999984741211,57.16075134277344,43289400,0.0,0.0,0.0
2002-08-08,88.41999816894531,91.0999984741211,87.80000305175781,90.94999694824219,59.00986862182617,48339800,0.0,0.0,0.0
2002-08-09,90.0999984741211,91.94000244140625,89.3499984741211,91.29000091552734,59.23046112060547,41879200,0.0,0.0,0.0
2002-08-12,89.98999786376953,91.2699966430664,89.55000305175781,90.62000274658203,58.795753479003906,25841700,0.0,0.0,0.0
2002-08-13,90.1500015258789,91.66000366210938,88.6500015258789,88.97000122070312,57.7252197265625,49690500,0.0,0.0,0.0
2002-08-14,89.0199966430664,92.62999725341797,88.0199966430664,92.22000122070312,59.833858489990234,57423600,0.0,0.0,0.0
2002-08-15,92.83999633789062,93.98999786376953,92.19999694824219,93.5,60.66438674926758,45551500,0.0,0.0,0.0
2002-08-16,92.81999969482422,94.08000183105469,92.0,93.22000122070312,60.48270797729492,36517300,0.0,0.0,0.0
2002-08-19,93.45999908447266,95.75,93.0999984741211,95.4000015258789,61.89711380004883,33669900,0.0,0.0,0.0
2002-08-20,94.81999969482422,95.4000015258789,93.62000274658203,94.38999938964844,61.241825103759766,30508300,0.0,0.0,0.0
2002-08-21,95.05999755859375,95.77999877929688,93.56999969482422,95.75,62.12419891357422,39628900,0.0,0.0,0.0
2002-08-22,95.48999786376953,97.1500015258789,95.06999969482422,96.68000030517578,62.72764205932617,38399800,0.0,0.0,0.0
2002-08-23,96.01000213623047,96.1500015258789,94.1500015258789,94.5999984741211,61.3780403137207,33716400,0.0,0.0,0.0
2002-08-26,94.91000366210938,95.63999938964844,93.5,95.26000213623047,61.80630111694336,33830100,0.0,0.0,0.0
2002-08-27,95.69999694824219,96.25,93.5,94.16000366210938,61.09260559082031,35335700,0.0,0.0,0.0
2002-08-28,93.27999877929688,93.48999786376953,91.80000305175781,92.0999984741211,59.756004333496094,38970600,0.0,0.0,0.0
2002-08-29,91.2699966430664,93.05000305175781,90.80999755859375,92.13999938964844,59.78196334838867,42965700,0.0,0.0,0.0
2002-08-30,91.68000030517578,93.38999938964844,91.4000015258789,91.77999877929688,59.54839324951172,30366700,0.0,0.0,0.0
2002-09-03,90.7300033569336,91.0,88.1500015258789,88.27999877929688,57.277523040771484,76586400,0.0,0.0,0.0
2002-09-04,88.61000061035156,90.25,88.05999755859375,89.54000091552734,58.09505081176758,51099500,0.0,0.0,0.0
2002-09-05,88.48999786376953,89.43000030517578,87.5,88.77999877929688,57.60194778442383,67250900,0.0,0.0,0.0
2002-09-06,89.75,90.56999969482422,89.33999633789062,90.0,58.393531799316406,38622200,0.0,0.0,0.0
2002-09-09,89.0999984741211,91.3499984741211,88.80000305175781,90.66000366210938,58.821720123291016,33998400,0.0,0.0,0.0
2002-09-10,91.13999938964844,91.77999877929688,90.55999755859375,91.69999694824219,59.4964714050293,41416600,0.0,0.0,0.0
2002-09-11,92.47000122070312,93.33000183105469,91.0999984741211,91.12999725341797,59.12665557861328,27711200,0.0,0.0,0.0
2002-09-12,90.75,90.83999633789062,88.98999786376953,89.44999694824219,58.03665542602539,43601700,0.0,0.0,0.0
2002-09-13,88.69000244140625,89.9000015258789,88.25,89.66999816894531,58.17937469482422,41131000,0.0,0.0,0.0
2002-09-16,89.30999755859375,89.88999938964844,88.45999908447266,89.88999938964844,58.32218551635742,28167600,0.0,0.0,0.0
2002-09-17,90.88999938964844,91.19000244140625,87.75,87.83000183105469,56.985565185546875,47609700,0.0,0.0,0.0
2002-09-18,87.01000213623047,88.5,86.27999877929688,86.94999694824219,56.414608001708984,54719400,0.0,0.0,0.0
2002-09-19,85.98999786376953,86.80000305175781,84.69999694824219,84.69999694824219,54.95479965209961,48510500,0.0,0.0,0.0
2002-09-20,84.91999816894531,85.19999694824219,84.05000305175781,84.3499984741211,54.9730110168457,46325600,0.378,0.0,0.0
2002-09-23,83.6500015258789,84.05999755859375,82.69000244140625,83.66000366210938,54.52333450317383,46893800,0.0,0.0,0.0
2002-09-24,82.44000244140625,83.6500015258789,81.8499984741211,82.30999755859375,53.643489837646484,69507000,0.0,0.0,0.0
2002-09-25,83.37000274658203,84.7699966430664,82.04000091552734,84.3499984741211,54.9730110168457,59294400,0.0,0.0,0.0
2002-09-26,85.0199966430664,85.97000122070312,84.44999694824219,85.7300033569336,55.872398376464844,53638000,0.0,0.0,0.0
2002-09-27,85.0,85.62999725341797,82.75,82.75,53.930274963378906,64648300,0.0,0.0,0.0
2002-09-30,82.0,82.80000305175781,80.9000015258789,81.79000091552734,53.30462646484375,73096400,0.0,0.0,0.0
2002-10-01,82.43000030517578,85.7699966430664,81.47000122070312,85.72000122070312,55.86586380004883,67198100,0.0,0.0,0.0
2002-10-02,84.69000244140625,85.52999877929688,82.5999984741211,83.1500015258789,54.19095993041992,56749100,0.0,0.0,0.0
2002-10-03,83.13999938964844,84.5999984741211,81.94999694824219,82.30999755859375,53.643489837646484,55547000,0.0,0.0,0.0
2002-10-04,82.80000305175781,82.91999816894531,79.58000183105469,80.80000305175781,52.659423828125,68483700,0.0,0.0,0.0
2002-10-07,80.05999755859375,81.19999694824219,78.55000305175781,79.12999725341797,51.570980072021484,53188000,0.0,0.0,0.0
2002-10-08,79.80999755859375,81.30999755859375,78.19999694824219,80.37000274658203,52.37914276123047,79531000,0.0,0.0,0.0
2002-10-09,79.08999633789062,79.69999694824219,77.77999877929688,78.0999984741211,50.899749755859375,79956400,0.0,0.0,0.0
2002-10-10,77.94000244140625,81.06999969482422,77.06999969482422,80.62999725341797,52.548606872558594,76749000,0.0,0.0,0.0
2002-10-11,82.0999984741211,84.7300033569336,81.81999969482422,84.16000366210938,54.849212646484375,82308300,0.0,0.0,0.0
2002-10-14,83.19999694824219,84.8499984741211,83.04000091552734,84.62999725341797,55.155517578125,40631900,0.0,0.0,0.0
2002-10-15,86.98999786376953,88.72000122070312,86.8499984741211,88.69999694824219,57.80802536010742,82320300,0.0,0.0,0.0
2002-10-16,87.41000366210938,87.80000305175781,85.91999816894531,86.55000305175781,56.406803131103516,62977800,0.0,0.0,0.0
2002-10-17,88.87000274658203,89.30000305175781,87.8499984741211,88.2699966430664,57.52777099609375,68534100,0.0,0.0,0.0
2002-10-18,87.6500015258789,89.11000061035156,86.93000030517578,88.63999938964844,57.768943786621094,47448700,0.0,0.0,0.0
2002-10-21,88.12000274658203,90.5,87.56999969482422,90.16999816894531,58.76602554321289,45859100,0.0,0.0,0.0
2002-10-22,89.05000305175781,90.01000213623047,88.5199966430664,89.5199966430664,58.34245681762695,40966800,0.0,0.0,0.0
2002-10-23,88.7699966430664,90.2699966430664,87.68000030517578,90.19999694824219,58.785640716552734,54905800,0.0,0.0,0.0
2002-10-24,90.75,90.9000015258789,88.0999984741211,88.36000061035156,57.58644485473633,54987400,0.0,0.0,0.0
2002-10-25,88.20999908447266,90.38999938964844,87.94000244140625,90.19999694824219,58.785640716552734,43672100,0.0,0.0,0.0
2002-10-28,91.1500015258789,91.29000091552734,88.8499984741211,89.61000061035156,58.401100158691406,39416100,0.0,0.0,0.0
2002-10-29,89.08000183105469,89.48999786376953,87.0,88.56999969482422,57.72329330444336,59508200,0.0,0.0,0.0
2002-10-30,88.68000030517578,89.95999908447266,88.2300033569336,89.43000030517578,58.28377914428711,41688600,0.0,0.0,0.0
2002-10-31,89.66000366210938,90.30000305175781,88.19000244140625,88.5199966430664,57.69072341918945,41620600,0.0,0.0,0.0
2002-11-01,88.3499984741211,90.81999969482422,88.05000305175781,90.2699966430664,58.83121871948242,51878900,0.0,0.0,0.0
2002-11-04,91.80000305175781,92.94000244140625,90.9000015258789,91.12999725341797,59.39168930053711,49080600,0.0,0.0,0.0
2002-11-05,90.83999633789062,92.06999969482422,90.83999633789062,91.8499984741211,59.86098098754883,37270800,0.0,0.0,0.0
2002-11-06,92.4800033569336,93.06999969482422,90.79000091552734,93.04000091552734,60.63651657104492,65013100,0.0,0.0,0.0
2002-11-07,92.0199966430664,92.22000122070312,90.22000122070312,90.76000213623047,59.15060043334961,51572000,0.0,0.0,0.0
2002-11-08,90.52999877929688,91.56999969482422,89.5199966430664,89.6500015258789,58.42716598510742,37905400,0.0,0.0,0.0
2002-11-11,89.51000213623047,89.55999755859375,87.80000305175781,88.26000213623047,57.521270751953125,33505100,0.0,0.0,0.0
2002-11-12,88.66000366210938,89.93000030517578,88.37000274658203,88.95999908447266,57.97746658325195,37724500,0.0,0.0,0.0
2002-11-13,88.31999969482422,89.73999786376953,87.44999694824219,89.05000305175781,58.03611755371094,63891500,0.0,0.0,0.0
2002-11-14,90.06999969482422,91.0,89.75,90.7300033569336,59.13104248046875,31896800,0.0,0.0,0.0
2002-11-15,90.0,91.55000305175781,89.94999694824219,91.4000015258789,59.567657470703125,39152100,0.0,0.0,0.0
2002-11-18,92.1500015258789,92.1500015258789,90.3499984741211,90.4800033569336,58.968109130859375,28934800,0.0,0.0,0.0
2002-11-19,90.0199966430664,91.0999984741211,89.76000213623047,90.36000061035156,58.889892578125,32806600,0.0,0.0,0.0
2002-11-20,89.9800033569336,92.41999816894531,89.94999694824219,92.37000274658203,60.1998405456543,36688400,0.0,0.0,0.0
2002-11-21,92.5999984741211,94.19000244140625,92.43000030517578,94.08999633789062,61.32085037231445,55128200,0.0,0.0,0.0
2002-11-22,93.4800033569336,94.2699966430664,93.2699966430664,93.41999816894531,60.88416290283203,32513800,0.0,0.0,0.0
2002-11-25,93.43000030517578,94.26000213623047,92.7699966430664,93.4800033569336,60.923255920410156,33846400,0.0,0.0,0.0
2002-11-26,93.06999969482422,93.44999694824219,91.62000274658203,91.69999694824219,59.76320266723633,42284700,0.0,0.0,0.0
2002-11-27,92.5199966430664,94.6500015258789,92.43000030517578,94.27999877929688,61.44465255737305,37764000,0.0,0.0,0.0
2002-11-29,94.80000305175781,94.94999694824219,93.7699966430664,93.9800033569336,61.2491455078125,19385700,0.0,0.0,0.0
2002-12-02,95.47000122070312,96.05000305175781,93.22000122070312,94.12999725341797,61.346885681152344,49911900,0.0,0.0,0.0
2002-12-03,93.25,93.4000015258789,92.3499984741211,92.87000274658203,60.52574920654297,34407700,0.0,0.0,0.0
2002-12-04,91.7699966430664,93.13999938964844,91.43000030517578,92.44999694824219,60.25198745727539,64040800,0.0,0.0,0.0
2002-12-05,92.7300033569336,92.80000305175781,91.0999984741211,91.43000030517578,59.587242126464844,36724900,0.0,0.0,0.0
2002-12-06,90.12000274658203,92.16999816894531,89.9800033569336,92.02999877929688,59.978267669677734,49824100,0.0,0.0,0.0
2002-12-09,91.06999969482422,91.45999908447266,89.4800033569336,89.5,58.32942199707031,36789600,0.0,0.0,0.0
2002-12-10,90.0199966430664,91.0999984741211,89.76000213623047,90.69999694824219,59.11148452758789,33319900,0.0,0.0,0.0
2002-12-11,90.41999816894531,91.62000274658203,90.16000366210938,90.77999877929688,59.163612365722656,39201000,0.0,0.0,0.0
2002-12-12,91.19999694824219,91.48999786376953,90.19999694824219,90.7699966430664,59.157108306884766,34465600,0.0,0.0,0.0
2002-12-13,89.91000366210938,90.4800033569336,89.2699966430664,89.33999633789062,58.225135803222656,36862200,0.0,0.0,0.0
2002-12-16,89.81999969482422,91.79000091552734,89.66000366210938,91.6500015258789,59.730594635009766,37098400,0.0,0.0,0.0
2002-12-17,91.37000274658203,91.73999786376953,90.73999786376953,90.8499984741211,59.2092399597168,32353900,0.0,0.0,0.0
2002-12-18,90.31999969482422,90.4000015258789,89.33000183105469,89.80000305175781,58.524940490722656,35612600,0.0,0.0,0.0
2002-12-19,89.3499984741211,90.69999694824219,88.5999984741211,89.16000366210938,58.107826232910156,39264200,0.0,0.0,0.0
2002-12-20,89.19999694824219,90.0199966430664,89.0999984741211,89.98999786376953,58.936946868896484,31176900,0.436,0.0,0.0
2002-12-23,89.58999633789062,90.47000122070312,89.30999755859375,90.0199966430664,58.956600189208984,22599300,0.0,0.0,0.0
2002-12-24,89.58999633789062,89.86000061035156,89.25,89.3499984741211,58.5178108215332,10937000,0.0,0.0,0.0
2002-12-26,89.69999694824219,90.61000061035156,88.83999633789062,89.38999938964844,58.544010162353516,17485600,0.0,0.0,0.0
2002-12-27,88.95999908447266,89.29000091552734,87.37999725341797,87.37999725341797,57.22761535644531,22205700,0.0,0.0,0.0
2002-12-30,87.79000091552734,88.47000122070312,87.22000122070312,88.11000061035156,57.70571517944336,29968000,0.0,0.0,0.0
2002-12-31,87.98999786376953,88.43000030517578,87.11000061035156,88.2300033569336,57.78429412841797,34036600,0.0,0.0,0.0
2003-01-02,88.8499984741211,91.30000305175781,88.54000091552734,91.06999969482422,59.644264221191406,44516300,0.0,0.0,0.0
2003-01-03,90.91000366210938,91.37999725341797,90.5,91.3499984741211,59.82768249511719,32222600,0.0,0.0,0.0
2003-01-06,91.23999786376953,93.48999786376953,91.16999816894531,92.95999908447266,60.8820915222168,40984500,0.0,0.0,0.0
2003-01-07,92.9000015258789,93.37000274658203,92.19999694824219,92.7300033569336,60.7314567565918,38640400,0.0,0.0,0.0
2003-01-08,92.19999694824219,92.4000015258789,91.05000305175781,91.38999938964844,59.853843688964844,38702200,0.0,0.0,0.0
2003-01-09,91.81999969482422,93.18000030517578,91.41000366210938,92.80999755859375,60.78383255004883,34804900,0.0,0.0,0.0
2003-01-10,91.94999694824219,93.63999938964844,91.80000305175781,93.05999755859375,60.94759750366211,37768900,0.0,0.0,0.0
2003-01-13,93.54000091552734,93.86000061035156,92.44000244140625,93.02999877929688,60.92796325683594,31649900,0.0,0.0,0.0
2003-01-14,92.69000244140625,93.83000183105469,92.41000366210938,93.33000183105469,61.12440872192383,30733000,0.0,0.0,0.0
2003-01-15,93.54000091552734,93.56999969482422,91.91000366210938,92.4000015258789,60.51536178588867,33511800,0.0,0.0,0.0
2003-01-16,92.5,92.93000030517578,91.44999694824219,92.0199966430664,60.266456604003906,44812100,0.0,0.0,0.0
2003-01-17,90.98999786376953,92.30000305175781,90.1500015258789,90.66000366210938,59.375755310058594,35618300,0.0,0.0,0.0
2003-01-21,90.87000274658203,90.91999816894531,88.94999694824219,89.25,58.45232391357422,36826200,0.0,0.0,0.0
2003-01-22,88.7699966430664,89.80000305175781,88.0,88.16999816894531,57.744991302490234,42286500,0.0,0.0,0.0
2003-01-23,88.75,89.37999725341797,87.94999694824219,88.70999908447266,58.0986328125,55919800,0.0,0.0,0.0
2003-01-24,88.58999633789062,88.68000030517578,86.16999816894531,86.37999725341797,56.572654724121094,68633900,0.0,0.0,0.0
2003-01-27,85.7300033569336,86.80000305175781,84.5,85.19999694824219,55.79985046386719,57884400,0.0,0.0,0.0
2003-01-28,85.62999725341797,86.4000015258789,85.12999725341797,85.83000183105469,56.21247482299805,46929100,0.0,0.0,0.0
2003-01-29,85.41999816894531,87.18000030517578,84.7699966430664,86.4800033569336,56.638160705566406,53712200,0.0,0.0,0.0
2003-01-30,86.79000091552734,86.87999725341797,84.4000015258789,84.43000030517578,55.295562744140625,49845900,0.0,0.0,0.0
2003-01-31,84.1500015258789,86.20999908447266,84.1500015258789,86.05999755859375,56.36309814453125,55317000,0.0,0.0,0.0
2003-02-03,86.13999938964844,86.80999755859375,85.91999816894531,86.2300033569336,56.47445297241211,39696000,0.0,0.0,0.0
2003-02-04,85.30999755859375,85.75,84.30000305175781,85.37999725341797,55.91775131225586,43633400,0.0,0.0,0.0
2003-02-05,85.75,86.54000091552734,84.4800033569336,84.8499984741211,55.57063293457031,55270600,0.0,0.0,0.0
2003-02-06,84.37000274658203,84.88999938964844,83.6500015258789,84.44999694824219,55.30864715576172,53638000,0.0,0.0,0.0
2003-02-07,84.91000366210938,84.98999786376953,82.97000122070312,83.41999816894531,54.63409423828125,43165000,0.0,0.0,0.0
2003-02-10,83.45999908447266,84.12999725341797,82.6500015258789,84.01000213623047,55.0205078125,45455900,0.0,0.0,0.0
2003-02-11,84.37000274658203,84.87999725341797,82.83000183105469,83.43000030517578,54.64063262939453,46861000,0.0,0.0,0.0
2003-02-12,83.16000366210938,83.62000274658203,82.08999633789062,82.0999984741211,53.76958084106445,35873600,0.0,0.0,0.0
2003-02-13,82.1500015258789,82.66000366210938,81.0,82.3499984741211,53.933311462402344,57934100,0.0,0.0,0.0
2003-02-14,82.37000274658203,84.19999694824219,81.81999969482422,84.1500015258789,55.11216354370117,59580900,0.0,0.0,0.0
2003-02-18,84.52999877929688,85.80000305175781,84.38999938964844,85.62999725341797,56.08146286010742,39492700,0.0,0.0,0.0
2003-02-19,85.31999969482422,85.47000122070312,84.27999877929688,85.18000030517578,55.78672409057617,31432000,0.0,0.0,0.0
2003-02-20,85.20999908447266,85.41999816894531,84.05000305175781,84.33000183105469,55.23008346557617,29280100,0.0,0.0,0.0
2003-02-21,84.37999725341797,85.73999786376953,83.45999908447266,85.18000030517578,55.78672409057617,60955800,0.0,0.0,0.0
2003-02-24,84.93000030517578,85.0,83.58999633789062,83.80000305175781,54.882972717285156,30628600,0.0,0.0,0.0
2003-02-25,82.94999694824219,84.48999786376953,82.22000122070312,84.47000122070312,55.32175827026367,56770600,0.0,0.0,0.0
2003-02-26,84.0199966430664,84.52999877929688,83.08000183105469,83.23999786376953,54.51618194580078,37787200,0.0,0.0,0.0
2003-02-27,83.69999694824219,84.75,83.16000366210938,84.33999633789062,55.236629486083984,51126000,0.0,0.0,0.0
2003-02-28,84.47000122070312,85.2300033569336,84.16000366210938,84.9000015258789,55.60341262817383,43666800,0.0,0.0,0.0
2003-03-03,85.26000213623047,85.77999877929688,83.72000122070312,84.08999633789062,55.072879791259766,42923100,0.0,0.0,0.0
2003-03-04,83.94999694824219,84.01000213623047,82.6500015258789,82.75,54.1953125,31440500,0.0,0.0,0.0
2003-03-05,82.61000061035156,83.54000091552734,82.36000061035156,83.44999694824219,54.65376281738281,43974700,0.0,0.0,0.0
2003-03-06,82.87000274658203,83.5199966430664,82.47000122070312,82.75,54.1953125,41217700,0.0,0.0,0.0
2003-03-07,81.61000061035156,83.98999786376953,81.43000030517578,83.31999969482422,54.568603515625,63538000,0.0,0.0,0.0
2003-03-10,82.5999984741211,82.86000061035156,81.0999984741211,81.31999969482422,53.258750915527344,41014100,0.0,0.0,0.0
2003-03-11,81.4800033569336,82.0,80.4800033569336,80.5199966430664,52.73479461669922,48102700,0.0,0.0,0.0
2003-03-12,80.37999725341797,81.0999984741211,79.37999725341797,81.05999755859375,53.088470458984375,62459800,0.0,0.0,0.0
2003-03-13,82.18000030517578,83.91000366210938,81.52999877929688,83.86000061035156,54.92224884033203,72117800,0.0,0.0,0.0
2003-03-14,84.19999694824219,84.7699966430664,83.3499984741211,84.12999725341797,55.0991096496582,63951800,0.0,0.0,0.0
2003-03-17,83.45999908447266,86.94999694824219,83.22000122070312,86.77999877929688,56.83464050292969,88217500,0.0,0.0,0.0
2003-03-18,87.1500015258789,87.3499984741211,86.27999877929688,87.29000091552734,57.168643951416016,50792300,0.0,0.0,0.0
2003-03-19,87.27999877929688,88.16000366210938,86.68000030517578,87.95999908447266,57.607479095458984,49630800,0.0,0.0,0.0
2003-03-20,87.33000183105469,88.58999633789062,86.3499984741211,88.1500015258789,57.73190689086914,67321600,0.0,0.0,0.0
2003-03-21,88.80000305175781,89.87999725341797,87.93000030517578,89.66999816894531,58.96417236328125,71165300,0.354,0.0,0.0
2003-03-24,88.0199966430664,88.13999938964844,86.3499984741211,86.69000244140625,57.00462341308594,65398900,0.0,0.0,0.0
2003-03-25,86.73999786376953,88.26000213623047,86.44000244140625,87.5199966430664,57.550411224365234,61040100,0.0,0.0,0.0
2003-03-26,87.55999755859375,87.8499984741211,86.80000305175781,87.08000183105469,57.26106643676758,45740800,0.0,0.0,0.0
2003-03-27,86.4000015258789,87.66000366210938,85.98999786376953,87.1500015258789,57.307098388671875,53120200,0.0,0.0,0.0
2003-03-28,86.47000122070312,87.27999877929688,86.25,86.70999908447266,57.017765045166016,32583000,0.0,0.0,0.0
2003-03-31,85.3499984741211,86.58999633789062,84.4000015258789,84.73999786376953,55.722347259521484,61119500,0.0,0.0,0.0
2003-04-01,85.25,86.38999938964844,84.91000366210938,86.04000091552734,56.57722091674805,53574000,0.0,0.0,0.0
2003-04-02,87.54000091552734,88.7699966430664,87.5,88.12000274658203,57.944923400878906,50431200,0.0,0.0,0.0
2003-04-03,88.87000274658203,88.98999786376953,87.6500015258789,87.69999694824219,57.66877746582031,48755500,0.0,0.0,0.0
2003-04-04,88.43000030517578,88.58999633789062,87.62000274658203,88.22000122070312,58.010719299316406,36250100,0.0,0.0,0.0
2003-04-07,90.33999633789062,90.8499984741211,87.97000122070312,88.05000305175781,57.898956298828125,69776200,0.0,0.0,0.0
2003-04-08,88.30000305175781,88.6500015258789,87.70999908447266,88.19000244140625,57.990966796875,39712700,0.0,0.0,0.0
2003-04-09,88.36000061035156,89.0999984741211,86.7699966430664,87.02999877929688,57.228179931640625,55647300,0.0,0.0,0.0
2003-04-10,87.08999633789062,87.62999725341797,85.70999908447266,87.51000213623047,57.54380798339844,41812400,0.0,0.0,0.0
2003-04-11,88.16000366210938,88.69999694824219,86.86000061035156,87.1500015258789,57.307098388671875,47730100,0.0,0.0,0.0
2003-04-14,87.47000122070312,89.0,87.0,88.94999694824219,58.490760803222656,36711700,0.0,0.0,0.0
2003-04-15,88.83999633789062,89.77999877929688,88.41999816894531,89.77999877929688,59.0365104675293,49709800,0.0,0.0,0.0
2003-04-16,89.91000366210938,90.05999755859375,88.02999877929688,88.25,58.030433654785156,51788000,0.0,0.0,0.0
2003-04-17,88.30000305175781,89.72000122070312,88.19000244140625,89.55999755859375,58.89186096191406,37403100,0.0,0.0,0.0
2003-04-21,89.86000061035156,90.16000366210938,89.05999755859375,89.6500015258789,58.95103454589844,32052700,0.0,0.0,0.0
2003-04-22,89.0999984741211,91.55999755859375,88.88999938964844,91.33999633789062,60.062320709228516,59763600,0.0,0.0,0.0
2003-04-23,91.62000274658203,92.3499984741211,91.23999786376953,92.18000030517578,60.61467361450195,44227100,0.0,0.0,0.0
2003-04-24,91.52999877929688,92.08000183105469,90.95999908447266,91.36000061035156,60.07546615600586,49692400,0.0,0.0,0.0
2003-04-25,91.30000305175781,91.47000122070312,90.0199966430664,90.2300033569336,59.33241653442383,43917200,0.0,0.0,0.0
2003-04-28,90.44000244140625,92.19000244140625,90.30000305175781,91.79000091552734,60.358219146728516,46432900,0.0,0.0,0.0
2003-04-29,92.13999938964844,92.80000305175781,91.4000015258789,92.11000061035156,60.568634033203125,52017100,0.0,0.0,0.0
2003-04-30,91.91000366210938,92.56999969482422,91.41000366210938,91.91000366210938,60.43714141845703,48709100,0.0,0.0,0.0
2003-05-01,91.91999816894531,92.7300033569336,90.5,91.9000015258789,60.430538177490234,50240400,0.0,0.0,0.0
2003-05-02,91.55999755859375,93.47000122070312,91.48999786376953,93.20999908447266,61.29194259643555,50201500,0.0,0.0,0.0
2003-05-05,93.47000122070312,93.77999877929688,92.5,93.02999877929688,61.17359924316406,35437800,0.0,0.0,0.0
2003-05-06,93.04000091552734,94.37999725341797,93.0,93.91000366210938,61.75226593017578,44401000,0.0,0.0,0.0
2003-05-07,93.41999816894531,94.13999938964844,92.97000122070312,93.38999938964844,61.41034698486328,41413100,0.0,0.0,0.0
2003-05-08,92.5199966430664,93.33000183105469,92.27999877929688,92.44999694824219,60.79219436645508,40570700,0.0,0.0,0.0
2003-05-09,92.83000183105469,93.80000305175781,92.61000061035156,93.7300033569336,61.63389587402344,33608100,0.0,0.0,0.0
2003-05-12,93.5,95.12000274658203,93.27999877929688,94.87999725341797,62.39009475708008,35662300,0.0,0.0,0.0
2003-05-13,94.52999877929688,95.18000030517578,94.26000213623047,94.70999908447266,62.278316497802734,39253600,0.0,0.0,0.0
2003-05-14,95.08999633789062,95.23999786376953,93.91000366210938,94.51000213623047,62.14680099487305,32195100,0.0,0.0,0.0
2003-05-15,94.88999938964844,95.33000183105469,94.25,95.11000061035156,62.541351318359375,43879200,0.0,0.0,0.0
2003-05-16,94.88999938964844,95.44999694824219,94.26000213623047,94.87000274658203,62.38355255126953,38905000,0.0,0.0,0.0
2003-05-19,94.1500015258789,94.41999816894531,92.33000183105469,92.6500015258789,60.923736572265625,41606000,0.0,0.0,0.0
2003-05-20,92.81999969482422,93.02999877929688,91.58999633789062,92.45999908447266,60.798789978027344,55404600,0.0,0.0,0.0
2003-05-21,92.11000061035156,92.87999725341797,91.91000366210938,92.6500015258789,60.923736572265625,49333800,0.0,0.0,0.0
2003-05-22,92.94999694824219,94.05000305175781,92.68000030517578,93.56999969482422,61.52870178222656,38421800,0.0,0.0,0.0
2003-05-23,93.52999877929688,93.9800033569336,93.13999938964844,93.76000213623047,61.65365219116211,26155900,0.0,0.0,0.0
2003-05-27,93.30000305175781,95.83999633789062,93.06999969482422,95.4000015258789,62.7320556640625,43719200,0.0,0.0,0.0
2003-05-28,95.8499984741211,96.47000122070312,95.43000030517578,95.66999816894531,62.90958023071289,37727100,0.0,0.0,0.0
2003-05-29,95.87999725341797,96.81999969482422,95.08000183105469,95.41999816894531,62.74520492553711,50844200,0.0,0.0,0.0
2003-05-30,95.9000015258789,97.08999633789062,95.55999755859375,96.94999694824219,63.75130081176758,52529500,0.0,0.0,0.0
2003-06-02,97.52999877929688,98.44999694824219,96.66999816894531,97.3499984741211,64.01431274414062,50305500,0.0,0.0,0.0
2003-06-03,97.1500015258789,97.83999633789062,96.8499984741211,97.75,64.27730560302734,38254500,0.0,0.0,0.0
2003-06-04,97.66000366210938,99.3499984741211,97.56999969482422,99.16000366210938,65.2044677734375,49360700,0.0,0.0,0.0
2003-06-05,98.58000183105469,99.6500015258789,98.2699966430664,99.6500015258789,65.52670288085938,46262400,0.0,0.0,0.0
2003-06-06,100.4000015258789,101.4000015258789,99.12999725341797,99.26000213623047,65.27025604248047,60356800,0.0,0.0,0.0
2003-06-09,98.7699966430664,99.0999984741211,97.7699966430664,98.25,64.60610961914062,37808500,0.0,0.0,0.0
2003-06-10,98.45999908447266,99.26000213623047,98.19000244140625,99.25,65.2636489868164,29965900,0.0,0.0,0.0
2003-06-11,99.16000366210938,100.38999938964844,98.70999908447266,100.30000305175781,65.95415496826172,37610200,0.0,0.0,0.0
2003-06-12,100.75,100.9000015258789,99.62000274658203,100.61000061035156,66.15797424316406,36442000,0.0,0.0,0.0
2003-06-13,100.61000061035156,100.75,98.94999694824219,99.55999755859375,65.4675064086914,48628300,0.0,0.0,0.0
2003-06-16,99.95999908447266,101.69999694824219,99.80000305175781,101.66000366210938,66.84843444824219,36326300,0.0,0.0,0.0
2003-06-17,102.06999969482422,102.18000030517578,101.2300033569336,101.66000366210938,66.84843444824219,36801800,0.0,0.0,0.0
2003-06-18,101.29000091552734,102.13999938964844,101.0,101.56999969482422,66.78927612304688,35521000,0.0,0.0,0.0
2003-06-19,101.63999938964844,101.7300033569336,99.83999633789062,100.0199966430664,65.77001953125,43551700,0.0,0.0,0.0
2003-06-20,100.38999938964844,100.5,99.41999816894531,99.44000244140625,65.6248550415039,41545000,0.36,0.0,0.0
2003-06-23,99.44999694824219,99.66000366210938,97.91999816894531,98.41999816894531,64.95169830322266,34237500,0.0,0.0,0.0
2003-06-24,98.22000122070312,99.08999633789062,98.0199966430664,98.5199966430664,65.01768493652344,36213600,0.0,0.0,0.0
2003-06-25,98.52999877929688,99.44000244140625,97.52999877929688,97.52999877929688,64.36431121826172,47743400,0.0,0.0,0.0
2003-06-26,97.77999877929688,98.9800033569336,96.95999908447266,98.80000305175781,65.2024917602539,33477300,0.0,0.0,0.0
2003-06-27,98.75,99.19000244140625,97.58000183105469,97.66000366210938,64.45013427734375,54208800,0.0,0.0,0.0
2003-06-30,98.22000122070312,98.66999816894531,97.47000122070312,97.62999725341797,64.4303207397461,33349000,0.0,0.0,0.0
2003-07-01,97.25,98.8499984741211,96.43000030517578,98.52999877929688,65.02424621582031,51322800,0.0,0.0,0.0
2003-07-02,98.7699966430664,99.79000091552734,98.56999969482422,99.7699966430664,65.84259796142578,34662100,0.0,0.0,0.0
2003-07-03,99.06999969482422,99.8499984741211,97.9000015258789,98.73999786376953,65.16287231445312,30792800,0.0,0.0,0.0
2003-07-07,99.6500015258789,100.9000015258789,99.6500015258789,100.69999694824219,66.45634460449219,31391100,0.0,0.0,0.0
2003-07-08,100.5,101.29000091552734,100.16999816894531,101.1500015258789,66.75333404541016,30952500,0.0,0.0,0.0
2003-07-09,100.91999816894531,101.4000015258789,100.02999877929688,100.58000183105469,66.3771743774414,36528500,0.0,0.0,0.0
2003-07-10,99.83999633789062,100.04000091552734,98.62999725341797,99.30000305175781,65.53241729736328,49777700,0.0,0.0,0.0
2003-07-11,99.38999938964844,100.44999694824219,99.38999938964844,100.23999786376953,66.15277099609375,39976300,0.0,0.0,0.0
2003-07-14,101.19999694824219,101.9000015258789,100.44999694824219,100.7300033569336,66.47616577148438,42114900,0.0,0.0,0.0
2003-07-15,101.37999725341797,101.45999908447266,99.94999694824219,100.51000213623047,66.33099365234375,42573600,0.0,0.0,0.0
2003-07-16,100.80999755859375,100.87000274658203,99.2300033569336,99.91999816894531,65.94160461425781,39894200,0.0,0.0,0.0
2003-07-17,99.1500015258789,99.87999725341797,98.16000366210938,98.5,65.00447845458984,52253500,0.0,0.0,0.0
2003-07-18,99.0199966430664,99.80000305175781,98.45999908447266,99.51000213623047,65.6710205078125,35698100,0.0,0.0,0.0
2003-07-21,99.44999694824219,99.48999786376953,97.8499984741211,98.27999877929688,64.85929107666016,34786000,0.0,0.0,0.0
2003-07-22,98.69000244140625,99.41000366210938,97.91999816894531,99.16999816894531,65.44664764404297,49968300,0.0,0.0,0.0
2003-07-23,99.20999908447266,99.44999694824219,98.27999877929688,99.23999786376953,65.4928207397461,37275400,0.0,0.0,0.0
2003-07-24,99.98999786376953,100.33999633789062,98.37000274658203,98.48999786376953,64.99787902832031,40896200,0.0,0.0,0.0
2003-07-25,98.66000366210938,100.29000091552734,98.04000091552734,100.2300033569336,66.14617156982422,43241100,0.0,0.0,0.0
2003-07-28,100.37000274658203,100.9800033569336,99.66999816894531,99.86000061035156,65.90200805664062,34382800,0.0,0.0,0.0
2003-07-29,100.13999938964844,100.26000213623047,98.68000030517578,99.4000015258789,65.59844970703125,53472100,0.0,0.0,0.0
2003-07-30,99.5999984741211,99.75,98.93000030517578,99.16000366210938,65.44001770019531,28363300,0.0,0.0,0.0
2003-07-31,99.9800033569336,100.91000366210938,99.16999816894531,99.38999938964844,65.59183502197266,54937200,0.0,0.0,0.0
2003-08-01,99.19000244140625,99.52999877929688,98.23999786376953,98.51000213623047,65.0110855102539,49321000,0.0,0.0,0.0
2003-08-04,98.30999755859375,99.0,97.0,98.51000213623047,65.0110855102539,55214100,0.0,0.0,0.0
2003-08-05,98.41000366210938,98.76000213623047,96.33999633789062,96.41999816894531,63.631813049316406,61415600,0.0,0.0,0.0
2003-08-06,96.69000244140625,98.05999755859375,96.41999816894531,96.9800033569336,64.00137329101562,50096900,0.0,0.0,0.0
2003-08-07,97.16999816894531,98.06999969482422,96.76000213623047,98.0,64.67447662353516,43427400,0.0,0.0,0.0
2003-08-08,98.31999969482422,98.55000305175781,97.76000213623047,98.27999877929688,64.85929107666016,27357300,0.0,0.0,0.0
2003-08-11,98.26000213623047,99.04000091552734,97.83999633789062,98.6500015258789,65.10347747802734,34631400,0.0,0.0,0.0
2003-08-12,98.70999908447266,99.58999633789062,98.41999816894531,99.55000305175781,65.6974105834961,43285600,0.0,0.0,0.0
2003-08-13,99.81999969482422,99.8499984741211,98.52999877929688,99.04000091552734,65.36087036132812,36152000,0.0,0.0,0.0
2003-08-14,99.0999984741211,99.75,98.44999694824219,99.30999755859375,65.53903198242188,35525100,0.0,0.0,0.0
2003-08-15,99.36000061035156,99.79000091552734,99.12000274658203,99.62000274658203,65.7436294555664,12567000,0.0,0.0,0.0
2003-08-18,99.93000030517578,100.5999984741211,99.73999786376953,100.4800033569336,66.3111572265625,22873800,0.0,0.0,0.0
2003-08-19,100.69000244140625,100.94000244140625,100.0,100.86000061035156,66.56195068359375,37437700,0.0,0.0,0.0
2003-08-20,100.29000091552734,100.88999938964844,100.16000366210938,100.44999694824219,66.29134368896484,21295300,0.0,0.0,0.0
2003-08-21,101.05000305175781,101.5199966430664,100.4000015258789,100.7699966430664,66.50255584716797,46494200,0.0,0.0,0.0
2003-08-22,101.75,101.81999969482422,99.7300033569336,99.7699966430664,65.84259796142578,52040300,0.0,0.0,0.0
2003-08-25,99.70999908447266,100.83000183105469,99.27999877929688,99.93000030517578,65.9482192993164,23473000,0.0,0.0,0.0
2003-08-26,99.5,100.38999938964844,98.83000183105469,100.11000061035156,66.06697845458984,45065800,0.0,0.0,0.0
2003-08-27,100.05000305175781,100.36000061035156,99.56999969482422,100.13999938964844,66.0867919921875,18919500,0.0,0.0,0.0
2003-08-28,100.4000015258789,101.0,99.66000366210938,100.76000213623047,66.49598693847656,27402400,0.0,0.0,0.0
2003-08-29,100.61000061035156,101.4800033569336,100.4800033569336,101.44000244140625,66.9447250366211,28706600,0.0,0.0,0.0
2003-09-02,101.63999938964844,102.87999725341797,101.05000305175781,102.80000305175781,67.84225463867188,49419100,0.0,0.0,0.0
2003-09-03,103.02999877929688,103.69999694824219,102.77999877929688,103.36000061035156,68.21178436279297,44912400,0.0,0.0,0.0
2003-09-04,103.0999984741211,103.55000305175781,102.76000213623047,103.41000366210938,68.24478912353516,28381000,0.0,0.0,0.0
2003-09-05,102.94000244140625,103.55000305175781,102.4000015258789,102.83000183105469,67.86202239990234,31637300,0.0,0.0,0.0
2003-09-08,103.04000091552734,103.87999725341797,102.93000030517578,103.68000030517578,68.42298126220703,32632800,0.0,0.0,0.0
2003-09-09,103.37000274658203,103.45999908447266,102.68000030517578,103.0,67.97425079345703,35053200,0.0,0.0,0.0
2003-09-10,102.52999877929688,102.80000305175781,101.55000305175781,101.95999908447266,67.28788757324219,45904900,0.0,0.0,0.0
2003-09-11,102.0999984741211,102.76000213623047,101.83999633789062,102.26000213623047,67.48588562011719,38396300,0.0,0.0,0.0
2003-09-12,101.91000366210938,102.63999938964844,101.3499984741211,102.44999694824219,67.61125183105469,42524800,0.0,0.0,0.0
2003-09-15,102.5199966430664,102.62999725341797,101.94999694824219,102.08999633789062,67.37367248535156,21312800,0.0,0.0,0.0
2003-09-16,102.2300033569336,103.63999938964844,102.16999816894531,103.58000183105469,68.35700988769531,37892600,0.0,0.0,0.0
2003-09-17,103.4800033569336,103.79000091552734,103.05000305175781,103.37999725341797,68.22501373291016,31885800,0.0,0.0,0.0
2003-09-18,103.4000015258789,104.69999694824219,103.16999816894531,104.5999984741211,69.03014373779297,30243600,0.0,0.0,0.0
2003-09-19,104.2699966430664,104.5999984741211,103.4000015258789,103.66999816894531,68.67903137207031,34331600,0.4,0.0,0.0
2003-09-22,102.8499984741211,102.95999908447266,102.02999877929688,102.55000305175781,67.93704223632812,36677400,0.0,0.0,0.0
2003-09-23,102.58999633789062,103.29000091552734,102.36000061035156,102.94000244140625,68.19542694091797,32489200,0.0,0.0,0.0
2003-09-24,103.12000274658203,103.22000122070312,101.06999969482422,101.11000061035156,66.98307037353516,41694700,0.0,0.0,0.0
2003-09-25,101.41000366210938,101.87999725341797,100.19999694824219,100.27999877929688,66.4332275390625,52673100,0.0,0.0,0.0
2003-09-26,100.44000244140625,100.66000366210938,99.8499984741211,99.94999694824219,66.214599609375,42914700,0.0,0.0,0.0
2003-09-29,100.30000305175781,100.98999786376953,99.79000091552734,100.93000030517578,66.86384582519531,36771600,0.0,0.0,0.0
2003-09-30,100.4800033569336,100.76000213623047,99.25,99.94999694824219,66.214599609375,70764500,0.0,0.0,0.0
2003-10-01,100.23999786376953,102.18000030517578,100.19999694824219,102.08000183105469,67.62570190429688,65797600,0.0,0.0,0.0
2003-10-02,101.93000030517578,102.55999755859375,101.62999725341797,102.44999694824219,67.87081909179688,44591500,0.0,0.0,0.0
2003-10-03,103.66999816894531,104.27999877929688,103.08000183105469,103.38999938964844,68.4935302734375,48806900,0.0,0.0,0.0
2003-10-06,103.4800033569336,103.98999786376953,103.19999694824219,103.86000061035156,68.80487823486328,20226500,0.0,0.0,0.0
2003-10-07,103.26000213623047,104.30999755859375,102.91000366210938,104.26000213623047,69.06987762451172,42602900,0.0,0.0,0.0
2003-10-08,104.33000183105469,104.38999938964844,103.41000366210938,104.0,68.89762115478516,30920800,0.0,0.0,0.0
2003-10-09,104.87999725341797,105.22000122070312,103.83000183105469,104.27999877929688,69.08316040039062,40066500,0.0,0.0,0.0
2003-10-10,104.2699966430664,104.5999984741211,103.91000366210938,104.56999969482422,69.27526092529297,22682800,0.0,0.0,0.0
2003-10-13,104.70999908447266,105.29000091552734,104.51000213623047,104.9000015258789,69.49385070800781,23825600,0.0,0.0,0.0
2003-10-14,104.80000305175781,105.43000030517578,104.36000061035156,105.2699966430664,69.73895263671875,38484400,0.0,0.0,0.0
2003-10-15,105.86000061035156,105.88999938964844,104.63999938964844,104.98999786376953,69.55350494384766,39021700,0.0,0.0,0.0
2003-10-16,104.68000030517578,105.7300033569336,104.6500015258789,105.41000366210938,69.83173370361328,32772200,0.0,0.0,0.0
2003-10-17,105.47000122070312,105.62999725341797,103.9800033569336,104.26000213623047,69.06987762451172,32790300,0.0,0.0,0.0
2003-10-20,104.44999694824219,105.04000091552734,103.94000244140625,105.04000091552734,69.58662414550781,27657000,0.0,0.0,0.0
2003-10-21,104.81999969482422,105.27999877929688,104.31999969482422,104.86000061035156,69.46736907958984,26729100,0.0,0.0,0.0
2003-10-22,104.02999877929688,104.19000244140625,103.19000244140625,103.54000091552734,68.5929183959961,33914500,0.0,0.0,0.0
2003-10-23,102.88999938964844,103.94999694824219,102.83999633789062,103.3499984741211,68.46702575683594,45830500,0.0,0.0,0.0
2003-10-24,102.83000183105469,103.58000183105469,102.18000030517578,103.58000183105469,68.61939239501953,51723600,0.0,0.0,0.0
2003-10-27,103.73999786376953,104.18000030517578,103.2699966430664,103.62999725341797,68.65253448486328,32460200,0.0,0.0,0.0
2003-10-28,103.9800033569336,105.1500015258789,103.81999969482422,105.04000091552734,69.58662414550781,34956200,0.0,0.0,0.0
2003-10-29,104.7699966430664,105.43000030517578,103.87000274658203,105.18000030517578,69.67939758300781,30955400,0.0,0.0,0.0
2003-10-30,105.79000091552734,105.97000122070312,104.80000305175781,105.4000015258789,69.82511901855469,39123100,0.0,0.0,0.0
2003-10-31,105.4000015258789,105.73999786376953,105.22000122070312,105.30000305175781,69.75885009765625,25761600,0.0,0.0,0.0
2003-11-03,105.75,106.61000061035156,105.70999908447266,105.98999786376953,70.21597290039062,37589300,0.0,0.0,0.0
2003-11-04,105.98999786376953,106.2699966430664,105.58000183105469,105.76000213623047,70.0636215209961,31421600,0.0,0.0,0.0
2003-11-05,105.48999786376953,105.97000122070312,104.9000015258789,105.83999633789062,70.11660766601562,33558800,0.0,0.0,0.0
2003-11-06,105.5999984741211,106.44000244140625,105.0999984741211,106.4000015258789,70.48758697509766,28392300,0.0,0.0,0.0
2003-11-07,106.63999938964844,106.72000122070312,105.56999969482422,105.61000061035156,69.9642333984375,31723200,0.0,0.0,0.0
2003-11-10,105.73999786376953,105.83999633789062,105.01000213623047,105.18000030517578,69.67939758300781,25530800,0.0,0.0,0.0
2003-11-11,105.08999633789062,105.33000183105469,104.80000305175781,105.1500015258789,69.65950012207031,26558600,0.0,0.0,0.0
2003-11-12,105.2300033569336,106.47000122070312,105.16000366210938,106.33000183105469,70.44120025634766,28000000,0.0,0.0,0.0
2003-11-13,106.01000213623047,106.54000091552734,105.77999877929688,106.36000061035156,70.4610824584961,29714800,0.0,0.0,0.0
2003-11-14,106.4000015258789,106.94999694824219,105.29000091552734,105.45999908447266,69.8648681640625,49158500,0.0,0.0,0.0
2003-11-17,104.91000366210938,105.13999938964844,104.04000091552734,104.93000030517578,69.51374053955078,44382100,0.0,0.0,0.0
2003-11-18,105.23999786376953,105.44999694824219,103.69999694824219,103.83999633789062,68.79165649414062,41155000,0.0,0.0,0.0
2003-11-19,104.02999877929688,105.01000213623047,103.91999816894531,104.72000122070312,69.3746566772461,29827000,0.0,0.0,0.0
2003-11-20,104.0,105.23999786376953,103.75,103.77999877929688,68.75188446044922,53578700,0.0,0.0,0.0
2003-11-21,104.23999786376953,104.33000183105469,103.62000274658203,104.20999908447266,69.0367660522461,30016000,0.0,0.0,0.0
2003-11-24,104.69000244140625,105.77999877929688,104.68000030517578,105.58999633789062,69.95098876953125,28906400,0.0,0.0,0.0
2003-11-25,105.7300033569336,106.41999816894531,105.44999694824219,105.98999786376953,70.21597290039062,37580000,0.0,0.0,0.0
2003-11-26,106.41999816894531,106.44999694824219,105.38999938964844,106.37000274658203,70.46772003173828,33053600,0.0,0.0,0.0
2003-11-28,106.27999877929688,106.66000366210938,106.19999694824219,106.44999694824219,70.52069091796875,10507500,0.0,0.0,0.0
2003-12-01,106.8499984741211,107.68000030517578,106.80000305175781,107.5999984741211,71.28254699707031,38699000,0.0,0.0,0.0
2003-12-02,107.37999725341797,107.7699966430664,107.06999969482422,107.33000183105469,71.10369873046875,35352000,0.0,0.0,0.0
2003-12-03,107.6500015258789,108.08000183105469,107.06999969482422,107.16000366210938,70.99105834960938,39078600,0.0,0.0,0.0
2003-12-04,107.16999816894531,107.72000122070312,106.94000244140625,107.5999984741211,71.28254699707031,36089500,0.0,0.0,0.0
2003-12-05,107.12000274658203,107.80000305175781,106.62000274658203,106.8499984741211,70.78572082519531,28824400,0.0,0.0,0.0
2003-12-08,106.73999786376953,107.63999938964844,106.68000030517578,107.56999969482422,71.26266479492188,32482900,0.0,0.0,0.0
2003-12-09,107.9000015258789,107.93000030517578,106.54000091552734,106.73999786376953,70.71282196044922,43596100,0.0,0.0,0.0
2003-12-10,106.7699966430664,106.9800033569336,105.95999908447266,106.7300033569336,70.70616912841797,36915400,0.0,0.0,0.0
2003-12-11,106.68000030517578,108.0999984741211,106.66999816894531,107.93000030517578,71.50118255615234,45304000,0.0,0.0,0.0
2003-12-12,107.97000122070312,108.19999694824219,107.38999938964844,108.13999938964844,71.64027404785156,34142200,0.0,0.0,0.0
2003-12-15,109.16999816894531,109.2300033569336,107.4800033569336,107.5999984741211,71.28254699707031,38693400,0.0,0.0,0.0
2003-12-16,107.68000030517578,108.5,107.5199966430664,108.16000366210938,71.653564453125,32894200,0.0,0.0,0.0
2003-12-17,108.05999755859375,108.5,107.80000305175781,108.5,71.87877655029297,23198800,0.0,0.0,0.0
2003-12-18,108.55000305175781,109.7300033569336,108.38999938964844,109.72000122070312,72.68704223632812,29353100,0.0,0.0,0.0
2003-12-19,109.30000305175781,109.37000274658203,108.58000183105469,108.9000015258789,72.48465728759766,41465100,0.516,0.0,0.0
2003-12-22,108.79000091552734,109.66000366210938,108.77999877929688,109.66000366210938,72.99054718017578,27611300,0.0,0.0,0.0
2003-12-23,109.4800033569336,109.94999694824219,109.37999725341797,109.7300033569336,73.03714752197266,24741200,0.0,0.0,0.0
2003-12-24,109.5199966430664,109.87999725341797,109.43000030517578,109.62000274658203,72.96389770507812,8055800,0.0,0.0,0.0
2003-12-26,109.70999908447266,110.08000183105469,109.62999725341797,109.69999694824219,73.01715850830078,8308400,0.0,0.0,0.0
2003-12-29,110.0999984741211,111.2699966430664,109.77999877929688,111.16000366210938,73.98892974853516,22483700,0.0,0.0,0.0
2003-12-30,111.08999633789062,111.2699966430664,110.8499984741211,111.18000030517578,74.00223541259766,19559500,0.0,0.0,0.0
2003-12-31,111.22000122070312,111.5199966430664,110.83999633789062,111.27999877929688,74.06880950927734,31501800,0.0,0.0,0.0
2004-01-02,111.73999786376953,112.19000244140625,110.7300033569336,111.2300033569336,74.03551483154297,38072300,0.0,0.0,0.0
2004-01-05,111.69000244140625,112.5199966430664,111.58999633789062,112.44000244140625,74.84091186523438,27959800,0.0,0.0,0.0
2004-01-06,112.16000366210938,112.7300033569336,112.0,112.55000305175781,74.91413116455078,20472800,0.0,0.0,0.0
2004-01-07,112.38999938964844,113.05999755859375,111.88999938964844,112.93000030517578,75.16703796386719,30170400,0.0,0.0,0.0
2004-01-08,113.25,113.41000366210938,112.7699966430664,113.37999725341797,75.46658325195312,36438400,0.0,0.0,0.0
2004-01-09,112.83000183105469,113.5,112.2699966430664,112.38999938964844,74.80763244628906,54084300,0.0,0.0,0.0
2004-01-12,112.55000305175781,113.25,112.36000061035156,113.22000122070312,75.360107421875,31564100,0.0,0.0,0.0
2004-01-13,113.08999633789062,113.2300033569336,111.76000213623047,112.55999755859375,74.9207992553711,54239700,0.0,0.0,0.0
2004-01-14,112.76000213623047,113.66000366210938,112.66999816894531,113.5,75.54646301269531,30112800,0.0,0.0,0.0
2004-01-15,113.56999969482422,114.05999755859375,112.58000183105469,113.77999877929688,75.73279571533203,38408700,0.0,0.0,0.0
2004-01-16,114.04000091552734,114.30999755859375,113.62999725341797,114.2300033569336,76.0323486328125,31922700,0.0,0.0,0.0
2004-01-20,114.52999877929688,114.6500015258789,113.81999969482422,114.19999694824219,76.01236724853516,29863000,0.0,0.0,0.0
2004-01-21,114.12999725341797,115.30000305175781,113.72000122070312,115.0999984741211,76.61144256591797,30725000,0.0,0.0,0.0
2004-01-22,115.13999938964844,115.37999725341797,114.58000183105469,114.80000305175781,76.41175079345703,29888500,0.0,0.0,0.0
2004-01-23,115.0,115.37000274658203,113.94999694824219,114.43000030517578,76.16546630859375,44245300,0.0,0.0,0.0
2004-01-26,114.38999938964844,115.93000030517578,114.37999725341797,115.87000274658203,77.12393951416016,30460600,0.0,0.0,0.0
2004-01-27,115.75,116.5,114.6500015258789,114.68000030517578,76.33185577392578,35322800,0.0,0.0,0.0
2004-01-28,114.9800033569336,115.27999877929688,112.94000244140625,113.37000274658203,75.45995330810547,52621300,0.0,0.0,0.0
2004-01-29,113.55999755859375,113.8499984741211,112.55999755859375,113.4800033569336,75.53314971923828,60117100,0.0,0.0,0.0
2004-01-30,113.5199966430664,113.72000122070312,113.08999633789062,113.4800033569336,75.53314971923828,30984400,0.0,0.0,0.0
2004-02-02,113.69999694824219,114.68000030517578,113.12000274658203,113.97000122070312,75.85929870605469,38832400,0.0,0.0,0.0
2004-02-03,113.73999786376953,114.13999938964844,113.44000244140625,113.77999877929688,75.73279571533203,25093500,0.0,0.0,0.0
2004-02-04,113.19000244140625,113.7300033569336,112.79000091552734,112.8499984741211,75.11382293701172,39332600,0.0,0.0,0.0
2004-02-05,113.16999816894531,113.54000091552734,112.77999877929688,113.18000030517578,75.33345031738281,37226800,0.0,0.0,0.0
2004-02-06,113.41999816894531,114.69999694824219,113.19999694824219,114.44999694824219,76.17878723144531,37216000,0.0,0.0,0.0
2004-02-09,114.66999816894531,114.87000274658203,114.29000091552734,114.4800033569336,76.19874572753906,24851300,0.0,0.0,0.0
2004-02-10,114.27999877929688,115.13999938964844,114.26000213623047,114.8499984741211,76.44501495361328,27908100,0.0,0.0,0.0
2004-02-11,114.8499984741211,116.38999938964844,114.16999816894531,116.06999969482422,77.25711059570312,42965700,0.0,0.0,0.0
2004-02-12,115.97000122070312,116.2699966430664,115.58000183105469,115.6500015258789,76.97749328613281,27814700,0.0,0.0,0.0
2004-02-13,115.81999969482422,116.19999694824219,114.75,115.12999725341797,76.63138580322266,44739900,0.0,0.0,0.0
2004-02-17,115.8499984741211,116.43000030517578,115.7699966430664,116.16999816894531,77.32362365722656,23984300,0.0,0.0,0.0
2004-02-18,116.19999694824219,116.5999984741211,115.3499984741211,115.66000366210938,76.98416137695312,28618000,0.0,0.0,0.0
2004-02-19,116.33000183105469,116.38999938964844,115.05999755859375,115.2300033569336,76.69796752929688,51146200,0.0,0.0,0.0
2004-02-20,115.4800033569336,115.55999755859375,114.31999969482422,114.87999725341797,76.46497344970703,46728800,0.0,0.0,0.0
2004-02-23,115.22000122070312,115.26000213623047,114.16999816894531,114.58999633789062,76.27197265625,36357000,0.0,0.0,0.0
2004-02-24,114.2699966430664,114.98999786376953,113.02999877929688,114.38999938964844,76.13885498046875,43953000,0.0,0.0,0.0
2004-02-25,114.45999908447266,115.05999755859375,114.31999969482422,114.87000274658203,76.45832061767578,31213600,0.0,0.0,0.0
2004-02-26,114.61000061035156,115.29000091552734,114.33999633789062,114.94000244140625,76.50492858886719,29683000,0.0,0.0,0.0
2004-02-27,115.19000244140625,115.73999786376953,114.62999725341797,115.0199966430664,76.55821228027344,39312000,0.0,0.0,0.0
2004-03-01,115.43000030517578,116.33999633789062,115.25,116.16000366210938,77.3169937133789,33130800,0.0,0.0,0.0
2004-03-02,115.94000244140625,116.97000122070312,115.2300033569336,115.4800033569336,76.86434936523438,38556400,0.0,0.0,0.0
2004-03-03,115.25,115.87000274658203,114.91999816894531,115.69000244140625,77.0041275024414,31346200,0.0,0.0,0.0
2004-03-04,115.72000122070312,116.0999984741211,115.5199966430664,115.98999786376953,77.20384979248047,21060000,0.0,0.0,0.0
2004-03-05,115.41999816894531,116.94999694824219,115.27999877929688,116.37999725341797,77.4634017944336,55905600,0.0,0.0,0.0
2004-03-08,116.33999633789062,116.62000274658203,114.91000366210938,114.95999908447266,76.51824188232422,39281600,0.0,0.0,0.0
2004-03-09,115.0999984741211,115.20999908447266,114.23999786376953,114.5,76.21206665039062,39746100,0.0,0.0,0.0
2004-03-10,114.72000122070312,114.7699966430664,112.55999755859375,112.58000183105469,74.93414306640625,67671800,0.0,0.0,0.0
2004-03-11,112.4000015258789,113.2699966430664,111.0999984741211,111.12000274658203,73.96231079101562,89134800,0.0,0.0,0.0
2004-03-12,111.7300033569336,112.70999908447266,111.58000183105469,112.58000183105469,74.93414306640625,54012200,0.0,0.0,0.0
2004-03-15,112.2699966430664,112.3499984741211,110.9000015258789,111.19999694824219,74.01554107666016,57677200,0.0,0.0,0.0
2004-03-16,111.77999877929688,112.05999755859375,110.83999633789062,111.79000091552734,74.40828704833984,59832600,0.0,0.0,0.0
2004-03-17,112.18000030517578,113.26000213623047,112.0999984741211,113.04000091552734,75.24024200439453,41607300,0.0,0.0,0.0
2004-03-18,112.69999694824219,113.2699966430664,111.93000030517578,113.06999969482422,75.26025390625,60014300,0.0,0.0,0.0
2004-03-19,112.41000366210938,112.56999969482422,111.04000091552734,111.05999755859375,74.18151092529297,48636200,0.395,0.0,0.0
2004-03-22,110.54000091552734,110.56999969482422,109.0999984741211,109.6500015258789,73.23974609375,62752100,0.0,0.0,0.0
2004-03-23,110.25,110.4000015258789,109.36000061035156,109.45999908447266,73.11283111572266,54080200,0.0,0.0,0.0
2004-03-24,109.58000183105469,110.13999938964844,108.8499984741211,109.55000305175781,73.17293548583984,51584300,0.0,0.0,0.0
2004-03-25,110.08000183105469,111.30000305175781,109.79000091552734,111.0,74.1414566040039,49873600,0.0,0.0,0.0
2004-03-26,110.95999908447266,111.79000091552734,110.80000305175781,111.02999877929688,74.16149139404297,37409500,0.0,0.0,0.0
2004-03-29,111.62999725341797,112.73999786376953,111.58000183105469,112.58999633789062,75.2034912109375,44113600,0.0,0.0,0.0
2004-03-30,112.30000305175781,113.06999969482422,112.22000122070312,112.97000122070312,75.45730590820312,39059900,0.0,0.0,0.0
2004-03-31,112.98999786376953,113.4000015258789,112.37999725341797,113.0999984741211,75.54411315917969,48517600,0.0,0.0,0.0
2004-04-01,113.06999969482422,113.87000274658203,113.05000305175781,113.77999877929688,75.99829864501953,45103800,0.0,0.0,0.0
2004-04-02,114.80999755859375,114.83999633789062,113.9000015258789,114.63999938964844,76.57276916503906,50987700,0.0,0.0,0.0
2004-04-05,114.45999908447266,115.37999725341797,114.44000244140625,115.2699966430664,76.99354553222656,30251800,0.0,0.0,0.0
2004-04-06,114.83000183105469,115.18000030517578,114.62000274658203,114.9000015258789,76.74639892578125,28420900,0.0,0.0,0.0
2004-04-07,114.94999694824219,114.9800033569336,114.11000061035156,114.62999725341797,76.56609344482422,45890500,0.0,0.0,0.0
2004-04-08,115.41000366210938,115.41000366210938,113.73999786376953,114.37000274658203,76.39240264892578,46929700,0.0,0.0,0.0
2004-04-12,114.58000183105469,115.08000183105469,114.56999969482422,114.81999969482422,76.6929702758789,23085200,0.0,0.0,0.0
2004-04-13,115.26000213623047,115.30000305175781,113.0199966430664,113.20999908447266,75.61759948730469,56210300,0.0,0.0,0.0
2004-04-14,112.61000061035156,113.63999938964844,112.55000305175781,113.38999938964844,75.73783874511719,62322300,0.0,0.0,0.0
2004-04-15,113.44999694824219,113.77999877929688,112.36000061035156,112.95999908447266,75.45063018798828,61602500,0.0,0.0,0.0
2004-04-16,113.37999725341797,114.05000305175781,112.9800033569336,113.83000183105469,76.0317153930664,47059200,0.0,0.0,0.0
2004-04-19,113.55000305175781,113.98999786376953,113.2699966430664,113.83000183105469,76.0317153930664,28277600,0.0,0.0,0.0
2004-04-20,114.08000183105469,114.31999969482422,111.77999877929688,111.91999816894531,74.75594329833984,53299400,0.0,0.0,0.0
2004-04-21,112.19999694824219,112.94999694824219,111.87000274658203,112.66999816894531,75.25691223144531,50177300,0.0,0.0,0.0
2004-04-22,112.4800033569336,114.66999816894531,112.44000244140625,114.25,76.31224822998047,62071500,0.0,0.0,0.0
2004-04-23,114.41999816894531,114.56999969482422,113.79000091552734,114.36000061035156,76.38574981689453,29395700,0.0,0.0,0.0
2004-04-26,114.5,114.94000244140625,113.5999984741211,114.19999694824219,76.27883911132812,35515200,0.0,0.0,0.0
2004-04-27,114.2300033569336,115.12000274658203,113.95999908447266,114.30000305175781,76.34564208984375,43485500,0.0,0.0,0.0
2004-04-28,113.88999938964844,114.01000213623047,112.5,112.81999969482422,75.35711669921875,50165800,0.0,0.0,0.0
2004-04-29,112.72000122070312,113.31999969482422,111.16000366210938,111.83000183105469,74.69584655761719,69687600,0.0,0.0,0.0
2004-04-30,112.16999816894531,112.37999725341797,110.9000015258789,110.95999908447266,74.11473846435547,48681400,0.0,0.0,0.0
2004-05-03,111.37000274658203,112.29000091552734,111.3499984741211,112.1500015258789,74.90957641601562,33758000,0.0,0.0,0.0
2004-05-04,112.25,113.26000213623047,111.66000366210938,112.05999755859375,74.84947204589844,51185100,0.0,0.0,0.0
2004-05-05,112.41000366210938,112.95999908447266,112.16000366210938,112.77999877929688,75.33040618896484,34405000,0.0,0.0,0.0
2004-05-06,112.0199966430664,112.58999633789062,111.0,111.80999755859375,74.68254852294922,54997000,0.0,0.0,0.0
2004-05-07,111.22000122070312,112.2300033569336,109.95999908447266,109.95999908447266,73.44679260253906,60950000,0.0,0.0,0.0
2004-05-10,109.44000244140625,109.75,108.36000061035156,108.83000183105469,72.69202423095703,75279400,0.0,0.0,0.0
2004-05-11,109.45999908447266,110.05000305175781,109.33000183105469,109.75,73.3065414428711,48300600,0.0,0.0,0.0
2004-05-12,109.56999969482422,110.54000091552734,108.05999755859375,110.44999694824219,73.77404022216797,90830500,0.0,0.0,0.0
2004-05-13,109.76000213623047,110.80999755859375,109.62999725341797,109.98999786376953,73.46683502197266,57393700,0.0,0.0,0.0
2004-05-14,109.94999694824219,110.73999786376953,109.2699966430664,110.04000091552734,73.50022888183594,54123100,0.0,0.0,0.0
2004-05-17,108.88999938964844,109.5,108.41000366210938,109.0999984741211,72.87239074707031,55020400,0.0,0.0,0.0
2004-05-18,109.48999786376953,109.94000244140625,109.33000183105469,109.6500015258789,73.23974609375,30193100,0.0,0.0,0.0
2004-05-19,110.5,111.18000030517578,109.1500015258789,109.2699966430664,72.98590850830078,54804100,0.0,0.0,0.0
2004-05-20,109.44999694824219,109.87000274658203,109.04000091552734,109.62000274658203,73.21968078613281,38082900,0.0,0.0,0.0
2004-05-21,109.97000122070312,110.55000305175781,109.47000122070312,109.80999755859375,73.34661102294922,47480400,0.0,0.0,0.0
2004-05-24,110.52999877929688,110.76000213623047,109.68000030517578,110.2699966430664,73.65385437011719,40961500,0.0,0.0,0.0
2004-05-25,109.9000015258789,111.9800033569336,109.5999984741211,111.8499984741211,74.7092056274414,48668000,0.0,0.0,0.0
2004-05-26,111.66000366210938,112.29000091552734,111.51000213623047,112.23999786376953,74.9697265625,35977000,0.0,0.0,0.0
2004-05-27,112.54000091552734,113.02999877929688,112.05999755859375,112.87000274658203,75.39051818847656,45306900,0.0,0.0,0.0
2004-05-28,112.7300033569336,112.87999725341797,112.36000061035156,112.86000061035156,75.38382720947266,23367200,0.0,0.0,0.0
2004-06-01,112.45999908447266,112.86000061035156,111.87000274658203,112.70999908447266,75.28363037109375,41044700,0.0,0.0,0.0
2004-06-02,113.02999877929688,113.4800033569336,112.45999908447266,113.12999725341797,75.56419372558594,39774200,0.0,0.0,0.0
2004-06-03,112.80999755859375,113.19000244140625,112.06999969482422,112.08999633789062,74.86954498291016,38688300,0.0,0.0,0.0
2004-06-04,112.9800033569336,113.58000183105469,112.70999908447266,112.9800033569336,75.46397399902344,32739500,0.0,0.0,0.0
2004-06-07,113.43000030517578,114.80999755859375,113.41999816894531,114.69999694824219,76.61282348632812,31643800,0.0,0.0,0.0
2004-06-08,114.37000274658203,114.91999816894531,114.16999816894531,114.86000061035156,76.71968078613281,32846500,0.0,0.0,0.0
2004-06-09,114.51000213623047,114.69999694824219,113.72000122070312,113.79000091552734,76.00499725341797,36737600,0.0,0.0,0.0
2004-06-10,114.04000091552734,114.3499984741211,113.93000030517578,114.3499984741211,76.37906646728516,21711000,0.0,0.0,0.0
2004-06-14,113.81999969482422,113.8499984741211,112.87000274658203,113.22000122070312,75.6242904663086,34633000,0.0,0.0,0.0
2004-06-15,113.9000015258789,114.44999694824219,113.51000213623047,114.0199966430664,76.15861511230469,37445000,0.0,0.0,0.0
2004-06-16,114.0,114.19999694824219,113.69999694824219,114.0,76.14524841308594,26633400,0.0,0.0,0.0
2004-06-17,113.8499984741211,114.06999969482422,113.33000183105469,113.83000183105469,76.0317153930664,28402400,0.0,0.0,0.0
2004-06-18,113.2699966430664,114.22000122070312,113.18000030517578,113.62999725341797,76.17518615722656,31799800,0.414,0.0,0.0
2004-06-21,113.75,114.13999938964844,113.12999725341797,113.19999694824219,75.88692474365234,25284000,0.0,0.0,0.0
2004-06-22,113.12999725341797,113.87999725341797,112.66999816894531,113.7699966430664,76.26904296875,37334000,0.0,0.0,0.0
2004-06-23,113.61000061035156,114.83999633789062,113.41999816894531,114.75,76.92598724365234,35580000,0.0,0.0,0.0
2004-06-24,114.55999755859375,114.93000030517578,114.26000213623047,114.38999938964844,76.68468475341797,35272100,0.0,0.0,0.0
2004-06-25,114.41000366210938,114.94000244140625,113.68000030517578,113.83999633789062,76.31595611572266,32837900,0.0,0.0,0.0
2004-06-28,114.5199966430664,114.61000061035156,113.41000366210938,113.44999694824219,76.05451202392578,40824500,0.0,0.0,0.0
2004-06-29,113.52999877929688,114.16999816894531,113.41999816894531,113.91999816894531,76.36958312988281,28418100,0.0,0.0,0.0
2004-06-30,114.06999969482422,114.79000091552734,113.6500015258789,114.52999877929688,76.77853393554688,52230600,0.0,0.0,0.0
2004-07-01,114.25,114.4000015258789,112.58000183105469,112.94000244140625,75.71263885498047,57734700,0.0,0.0,0.0
2004-07-02,113.16000366210938,113.29000091552734,112.5999984741211,112.87999725341797,75.67243194580078,34615100,0.0,0.0,0.0
2004-07-06,112.37000274658203,112.44999694824219,111.62999725341797,111.88999938964844,75.00873565673828,38698200,0.0,0.0,0.0
2004-07-07,111.80999755859375,112.56999969482422,111.75,112.22000122070312,75.22994232177734,29839800,0.0,0.0,0.0
2004-07-08,111.80999755859375,112.31999969482422,111.19999694824219,111.44000244140625,74.70708465576172,45291100,0.0,0.0,0.0
2004-07-09,111.72000122070312,111.94000244140625,111.37999725341797,111.7300033569336,74.9014663696289,27412900,0.0,0.0,0.0
2004-07-12,111.5199966430664,112.04000091552734,111.0,111.77999877929688,74.93496704101562,35691300,0.0,0.0,0.0
2004-07-13,111.91999816894531,112.0199966430664,111.5999984741211,111.86000061035156,74.98860931396484,26752000,0.0,0.0,0.0
2004-07-14,111.26000213623047,112.38999938964844,111.12000274658203,111.5199966430664,74.76066589355469,54089400,0.0,0.0,0.0
2004-07-15,111.73999786376953,111.91000366210938,110.69999694824219,110.80000305175781,74.27802276611328,38403500,0.0,0.0,0.0
2004-07-16,111.56999969482422,111.66999816894531,110.44000244140625,110.70999908447266,74.21768188476562,40871200,0.0,0.0,0.0
2004-07-19,110.75,110.95999908447266,109.98999786376953,110.23999786376953,73.90259552001953,39592800,0.0,0.0,0.0
2004-07-20,110.52999877929688,111.9000015258789,110.25,111.63999938964844,74.8411636352539,46679800,0.0,0.0,0.0
2004-07-21,111.81999969482422,112.05999755859375,109.44999694824219,109.58000183105469,73.46012878417969,56241100,0.0,0.0,0.0
2004-07-22,109.36000061035156,110.38999938964844,108.7699966430664,109.87999725341797,73.6612777709961,72477100,0.0,0.0,0.0
2004-07-23,109.62000274658203,109.70999908447266,108.69000244140625,108.95999908447266,73.04452514648438,49610500,0.0,0.0,0.0
2004-07-26,109.19000244140625,109.43000030517578,108.20999908447266,108.75,72.90371704101562,49679100,0.0,0.0,0.0
2004-07-27,109.05000305175781,110.11000061035156,108.97000122070312,109.7699966430664,73.58750915527344,51295100,0.0,0.0,0.0
2004-07-28,109.55000305175781,110.37000274658203,108.58999633789062,110.0999984741211,73.80872344970703,65862300,0.0,0.0,0.0
2004-07-29,110.54000091552734,110.87000274658203,110.0,110.56999969482422,74.12385559082031,52200500,0.0,0.0,0.0
2004-07-30,110.31999969482422,110.9000015258789,110.0999984741211,110.83999633789062,74.30480194091797,41581700,0.0,0.0,0.0
2004-08-02,110.19000244140625,111.36000061035156,110.05000305175781,111.06999969482422,74.4590072631836,38263100,0.0,0.0,0.0
2004-08-03,110.93000030517578,111.05999755859375,110.16000366210938,110.20999908447266,73.88249969482422,40948800,0.0,0.0,0.0
2004-08-04,109.88999938964844,110.75,109.63999938964844,110.19999694824219,73.87577819824219,40763200,0.0,0.0,0.0
2004-08-05,110.29000091552734,110.37999725341797,108.2699966430664,108.4000015258789,72.66911315917969,50772000,0.0,0.0,0.0
2004-08-06,107.62999725341797,107.95999908447266,106.62000274658203,106.8499984741211,71.63001251220703,74729000,0.0,0.0,0.0
2004-08-09,107.0199966430664,107.4800033569336,106.87000274658203,107.0,71.73056030273438,37476300,0.0,0.0,0.0
2004-08-10,107.30999755859375,108.41000366210938,107.26000213623047,108.37999725341797,72.65570068359375,55870600,0.0,0.0,0.0
2004-08-11,107.68000030517578,108.33000183105469,107.0999984741211,108.16000366210938,72.50823211669922,52933200,0.0,0.0,0.0
2004-08-12,107.68000030517578,107.94999694824219,106.62999725341797,106.9800033569336,71.7171859741211,50015900,0.0,0.0,0.0
2004-08-13,107.0999984741211,107.3499984741211,106.58999633789062,107.19000244140625,71.85794067382812,41634700,0.0,0.0,0.0
2004-08-16,107.13999938964844,108.63999938964844,107.0999984741211,108.30000305175781,72.60205841064453,45731900,0.0,0.0,0.0
2004-08-17,108.75,109.27999877929688,108.52999877929688,108.91000366210938,73.01097869873047,40701600,0.0,0.0,0.0
2004-08-18,108.5199966430664,110.16999816894531,108.48999786376953,110.02999877929688,73.76183319091797,43165400,0.0,0.0,0.0
2004-08-19,109.80999755859375,110.0199966430664,109.18000030517578,109.70999908447266,73.54730224609375,39881600,0.0,0.0,0.0
2004-08-20,109.61000061035156,110.62999725341797,109.51000213623047,110.4800033569336,74.06346893310547,44870900,0.0,0.0,0.0
2004-08-23,110.55000305175781,110.7699966430664,110.05000305175781,110.19999694824219,73.87577819824219,33745100,0.0,0.0,0.0
2004-08-24,110.63999938964844,110.7300033569336,109.8499984741211,110.3499984741211,73.97634887695312,30453100,0.0,0.0,0.0
2004-08-25,110.33000183105469,111.2699966430664,109.9000015258789,111.0999984741211,74.4791488647461,38551400,0.0,0.0,0.0
2004-08-26,110.95999908447266,111.30999755859375,110.8499984741211,111.0999984741211,74.4791488647461,26629500,0.0,0.0,0.0
2004-08-27,111.19999694824219,111.62999725341797,111.05000305175781,111.44999694824219,74.71375274658203,24902900,0.0,0.0,0.0
2004-08-30,111.22000122070312,111.33999633789062,110.44999694824219,110.52999877929688,74.09703826904297,26726500,0.0,0.0,0.0
2004-08-31,110.66000366210938,111.16000366210938,110.0999984741211,111.11000061035156,74.48580932617188,44125300,0.0,0.0,0.0
2004-09-01,110.94999694824219,111.63999938964844,110.4800033569336,111.31999969482422,74.62661743164062,52778300,0.0,0.0,0.0
2004-09-02,111.23999786376953,112.69999694824219,111.23999786376953,112.58000183105469,75.47132110595703,42736600,0.0,0.0,0.0
2004-09-03,112.33000183105469,112.81999969482422,112.01000213623047,112.12000274658203,75.16291046142578,30480500,0.0,0.0,0.0
2004-09-07,112.54000091552734,113.12999725341797,112.31999969482422,112.86000061035156,75.65899658203125,37338800,0.0,0.0,0.0
2004-09-08,112.62000274658203,113.05999755859375,112.30999755859375,112.58000183105469,75.47132110595703,32963100,0.0,0.0,0.0
2004-09-09,112.56999969482422,112.87999725341797,112.02999877929688,112.4800033569336,75.40428161621094,34314800,0.0,0.0,0.0
2004-09-10,112.5199966430664,113.2699966430664,112.08000183105469,113.05999755859375,75.79309844970703,27900600,0.0,0.0,0.0
2004-09-13,113.30999755859375,113.73999786376953,113.01000213623047,113.43000030517578,76.0411148071289,44398100,0.0,0.0,0.0
2004-09-14,113.30000305175781,113.69000244140625,113.19000244140625,113.66000366210938,76.19530487060547,28048900,0.0,0.0,0.0
2004-09-15,113.30000305175781,113.36000061035156,112.68000030517578,112.80000305175781,75.61878967285156,38295000,0.0,0.0,0.0
2004-09-16,112.8499984741211,113.37000274658203,112.80000305175781,113.13999938964844,75.84668731689453,23911700,0.0,0.0,0.0
2004-09-17,112.94999694824219,113.36000061035156,112.69000244140625,113.1500015258789,76.1691665649414,33683000,0.469,0.0,0.0
2004-09-20,112.66999816894531,112.98999786376953,112.27999877929688,112.47000122070312,75.71139526367188,37149400,0.0,0.0,0.0
2004-09-21,112.75,113.47000122070312,112.54000091552734,112.95999908447266,76.04125213623047,40920800,0.0,0.0,0.0
2004-09-22,112.5,112.5199966430664,111.47000122070312,111.55000305175781,75.09208679199219,49042100,0.0,0.0,0.0
2004-09-23,111.5999984741211,111.69999694824219,110.94999694824219,110.94999694824219,74.68818664550781,44068700,0.0,0.0,0.0
2004-09-24,111.16999816894531,111.7300033569336,111.12999725341797,111.45999908447266,75.03147888183594,34981100,0.0,0.0,0.0
2004-09-27,111.0999984741211,111.19999694824219,110.58000183105469,110.75,74.55355072021484,39355100,0.0,0.0,0.0
2004-09-28,110.91000366210938,111.51000213623047,110.41000366210938,111.27999877929688,74.91030883789062,41662900,0.0,0.0,0.0
2004-09-29,111.20999908447266,111.8499984741211,111.0,111.83999633789062,75.28728485107422,33325700,0.0,0.0,0.0
2004-09-30,111.55000305175781,111.9800033569336,111.26000213623047,111.76000213623047,75.23344421386719,43536700,0.0,0.0,0.0
2004-10-01,112.26000213623047,113.6500015258789,112.20999908447266,113.6500015258789,76.5057601928711,62824300,0.0,0.0,0.0
2004-10-04,114.0999984741211,114.44000244140625,113.80000305175781,113.83999633789062,76.63361358642578,33082400,0.0,0.0,0.0
2004-10-05,113.8499984741211,114.16000366210938,113.54000091552734,113.9000015258789,76.67402648925781,36910600,0.0,0.0,0.0
2004-10-06,113.7699966430664,114.68000030517578,113.68000030517578,114.68000030517578,77.19910430908203,42297800,0.0,0.0,0.0
2004-10-07,114.37999725341797,114.4000015258789,113.36000061035156,113.44999694824219,76.3710708618164,39388800,0.0,0.0,0.0
2004-10-08,113.1500015258789,113.7699966430664,112.3499984741211,112.51000213623047,75.73832702636719,51872600,0.0,0.0,0.0
2004-10-11,112.77999877929688,113.0199966430664,112.63999938964844,112.97000122070312,76.04796600341797,20229100,0.0,0.0,0.0
2004-10-12,112.19999694824219,112.83000183105469,111.94000244140625,112.52999877929688,75.75179290771484,41754700,0.0,0.0,0.0
2004-10-13,113.0,113.06999969482422,111.31999969482422,111.54000091552734,75.08534240722656,54212600,0.0,0.0,0.0
2004-10-14,111.68000030517578,111.93000030517578,110.58000183105469,110.63999938964844,74.47947692871094,64082200,0.0,0.0,0.0
2004-10-15,111.0199966430664,111.73999786376953,110.56999969482422,111.26000213623047,74.89685821533203,63482200,0.0,0.0,0.0
2004-10-18,110.88999938964844,111.9000015258789,110.69999694824219,111.68000030517578,75.17961120605469,43535100,0.0,0.0,0.0
2004-10-19,112.0199966430664,112.2300033569336,110.58999633789062,110.73999786376953,74.54679107666016,55851900,0.0,0.0,0.0
2004-10-20,110.37999725341797,110.81999969482422,109.75,110.5199966430664,74.3987045288086,57118500,0.0,0.0,0.0
2004-10-21,110.79000091552734,111.31999969482422,110.20999908447266,111.23999786376953,74.88340759277344,53218300,0.0,0.0,0.0
2004-10-22,111.19000244140625,111.25,109.86000061035156,109.98999786376953,74.04190063476562,48752400,0.0,0.0,0.0
2004-10-25,109.75,110.12000274658203,109.3499984741211,109.86000061035156,73.95442962646484,43990900,0.0,0.0,0.0
2004-10-26,110.12999725341797,111.5999984741211,109.87999725341797,111.54000091552734,75.08534240722656,54337400,0.0,0.0,0.0
2004-10-27,111.37999725341797,113.0999984741211,111.12000274658203,112.87999725341797,75.98741912841797,73896000,0.0,0.0,0.0
2004-10-28,112.77999877929688,113.55999755859375,112.48999786376953,113.22000122070312,76.21629333496094,54413300,0.0,0.0,0.0
2004-10-29,113.12000274658203,113.63999938964844,112.9000015258789,113.19999694824219,76.20282745361328,48820200,0.0,0.0,0.0
2004-11-01,113.55999755859375,113.83999633789062,113.19999694824219,113.51000213623047,76.41151428222656,36720900,0.0,0.0,0.0
2004-11-02,113.66999816894531,114.56999969482422,113.22000122070312,113.55000305175781,76.43843841552734,56210000,0.0,0.0,0.0
2004-11-03,115.02999877929688,115.36000061035156,114.23999786376953,114.9800033569336,77.40105438232422,76960200,0.0,0.0,0.0
2004-11-04,114.77999877929688,116.66999816894531,114.68000030517578,116.55000305175781,78.45792388916016,55350300,0.0,0.0,0.0
2004-11-05,117.05000305175781,117.63999938964844,116.48999786376953,117.27999877929688,78.94933319091797,63287200,0.0,0.0,0.0
2004-11-08,116.9800033569336,117.2300033569336,116.72000122070312,117.11000061035156,78.83488464355469,33863800,0.0,0.0,0.0
2004-11-09,117.08000183105469,117.5,116.76000213623047,116.87999725341797,78.6800537109375,44658100,0.0,0.0,0.0
2004-11-10,117.05999755859375,117.55000305175781,116.76000213623047,116.97000122070312,78.74064636230469,45265400,0.0,0.0,0.0
2004-11-11,117.18000030517578,118.12000274658203,117.0999984741211,117.86000061035156,79.33979034423828,37863200,0.0,0.0,0.0
2004-11-12,117.97000122070312,119.0,117.68000030517578,118.79000091552734,79.96583557128906,55583700,0.0,0.0,0.0
2004-11-15,118.5,118.7699966430664,118.2300033569336,118.7300033569336,80.16231536865234,35297900,0.351,0.0,0.0
2004-11-16,118.36000061035156,118.41000366210938,117.7300033569336,117.87999725341797,79.58842468261719,40028700,0.0,0.0,0.0
2004-11-17,118.37000274658203,119.13999938964844,118.06999969482422,118.58000183105469,80.06104278564453,54494000,0.0,0.0,0.0
2004-11-18,118.52999877929688,118.80000305175781,118.2300033569336,118.73999786376953,80.16902160644531,31854300,0.0,0.0,0.0
2004-11-19,118.69999694824219,118.72000122070312,117.13999938964844,117.41999816894531,79.27783203125,54276500,0.0,0.0,0.0
2004-11-22,117.16999816894531,118.12000274658203,117.02999877929688,117.9800033569336,79.65591430664062,37560200,0.0,0.0,0.0
2004-11-23,117.93000030517578,118.26000213623047,117.37000274658203,118.16000366210938,79.77745056152344,41968800,0.0,0.0,0.0
2004-11-24,118.2699966430664,118.58999633789062,118.05000305175781,118.44000244140625,79.96649169921875,29724800,0.0,0.0,0.0
2004-11-26,118.51000213623047,118.9800033569336,118.30000305175781,118.3499984741211,79.90573120117188,15487700,0.0,0.0,0.0
2004-11-29,118.79000091552734,119.01000213623047,117.4800033569336,117.80999755859375,79.5411605834961,61460800,0.0,0.0,0.0
2004-11-30,118.0,118.23999786376953,117.63999938964844,117.88999938964844,79.59514617919922,53685200,0.0,0.0,0.0
2004-12-01,118.16000366210938,119.5,118.0999984741211,119.2300033569336,80.49987030029297,49898300,0.0,0.0,0.0
2004-12-02,119.0999984741211,119.87000274658203,119.01000213623047,119.33000183105469,80.56739807128906,60163500,0.0,0.0,0.0
2004-12-03,119.30999755859375,120.13999938964844,119.08999633789062,119.25,80.51338958740234,49067900,0.0,0.0,0.0
2004-12-06,119.20999908447266,119.63999938964844,118.83999633789062,119.20999908447266,80.48636627197266,33030500,0.0,0.0,0.0
2004-12-07,119.48999786376953,119.62000274658203,118.04000091552734,118.0999984741211,79.73694610595703,52047200,0.0,0.0,0.0
2004-12-08,118.20999908447266,118.81999969482422,118.01000213623047,118.79000091552734,80.20280456542969,43895100,0.0,0.0,0.0
2004-12-09,118.13999938964844,119.45999908447266,117.7300033569336,119.20999908447266,80.48636627197266,60922800,0.0,0.0,0.0
2004-12-10,118.91999816894531,119.55999755859375,118.8499984741211,119.33000183105469,80.56739807128906,47828600,0.0,0.0,0.0
2004-12-13,119.76000213623047,120.4000015258789,119.3499984741211,120.37000274658203,81.26954650878906,38541000,0.0,0.0,0.0
2004-12-14,120.18000030517578,120.95999908447266,120.18000030517578,120.79000091552734,81.55315399169922,41500700,0.0,0.0,0.0
2004-12-15,120.69999694824219,121.11000061035156,120.30999755859375,120.87999725341797,81.61389923095703,46699200,0.0,0.0,0.0
2004-12-16,120.72000122070312,121.23999786376953,120.04000091552734,120.80999755859375,81.56664276123047,51641800,0.0,0.0,0.0
2004-12-17,119.45999908447266,119.97000122070312,119.16000366210938,119.44000244140625,81.02262878417969,70761900,0.568,0.0,0.0
2004-12-20,119.75,120.29000091552734,119.16999816894531,119.47000122070312,81.0429458618164,47187400,0.0,0.0,0.0
2004-12-21,119.5999984741211,120.4800033569336,119.45999908447266,120.38999938964844,81.66702270507812,33094200,0.0,0.0,0.0
2004-12-22,120.37999725341797,121.08000183105469,120.30000305175781,120.68000030517578,81.86375427246094,31500700,0.0,0.0,0.0
2004-12-23,120.87000274658203,121.27999877929688,120.66000366210938,120.7699966430664,81.92481231689453,25646100,0.0,0.0,0.0
2004-12-27,121.19999694824219,121.36000061035156,120.38999938964844,120.5199966430664,81.7552490234375,29944100,0.0,0.0,0.0
2004-12-28,120.63999938964844,121.33000183105469,120.5999984741211,121.18000030517578,82.20295715332031,23422900,0.0,0.0,0.0
2004-12-29,121.08000183105469,121.4000015258789,120.94999694824219,121.36000061035156,82.32506561279297,22650600,0.0,0.0,0.0
2004-12-30,121.4000015258789,121.56999969482422,121.04000091552734,121.12999725341797,82.16899871826172,21076900,0.0,0.0,0.0
2004-12-31,121.30000305175781,121.66000366210938,120.80000305175781,120.87000274658203,81.9926528930664,28648800,0.0,0.0,0.0
2005-01-03,121.55999755859375,121.76000213623047,119.9000015258789,120.30000305175781,81.60597229003906,55748000,0.0,0.0,0.0
2005-01-04,120.45999908447266,120.54000091552734,118.44000244140625,118.83000183105469,80.60880279541016,69167600,0.0,0.0,0.0
2005-01-05,118.73999786376953,119.25,118.0,118.01000213623047,80.05253601074219,65667300,0.0,0.0,0.0
2005-01-06,118.44000244140625,119.1500015258789,118.26000213623047,118.61000061035156,80.45956420898438,47814700,0.0,0.0,0.0
2005-01-07,118.97000122070312,119.2300033569336,118.12999725341797,118.44000244140625,80.34424591064453,55847700,0.0,0.0,0.0
2005-01-10,118.33999633789062,119.45999908447266,118.33999633789062,119.0,80.72412109375,56563300,0.0,0.0,0.0
2005-01-11,118.63999938964844,118.73999786376953,117.98999786376953,118.18000030517578,80.16787719726562,63099700,0.0,0.0,0.0
2005-01-12,118.4000015258789,118.83999633789062,117.5199966430664,118.56999969482422,80.43245697021484,72720500,0.0,0.0,0.0
2005-01-13,118.63999938964844,118.7300033569336,117.5,117.62000274658203,79.78800201416016,55537500,0.0,0.0,0.0
2005-01-14,117.97000122070312,118.52999877929688,117.76000213623047,118.23999786376953,80.20857238769531,42032500,0.0,0.0,0.0
2005-01-18,118.05000305175781,119.62000274658203,117.94999694824219,119.47000122070312,81.0429458618164,57391700,0.0,0.0,0.0
2005-01-19,119.43000030517578,119.5199966430664,118.20999908447266,118.22000122070312,80.19500732421875,54378900,0.0,0.0,0.0
2005-01-20,117.88999938964844,118.19999694824219,117.29000091552734,117.5,79.7065658569336,72049300,0.0,0.0,0.0
2005-01-21,117.79000091552734,118.0,116.6500015258789,116.77999877929688,79.2181396484375,63160400,0.0,0.0,0.0
2005-01-24,117.08999633789062,117.33999633789062,116.37000274658203,116.55000305175781,79.06216430664062,58441900,0.0,0.0,0.0
2005-01-25,116.91000366210938,117.47000122070312,116.72000122070312,116.87999725341797,79.2860336303711,68245000,0.0,0.0,0.0
2005-01-26,117.31999969482422,117.5999984741211,117.04000091552734,117.2300033569336,79.52344512939453,57195100,0.0,0.0,0.0
2005-01-27,117.19000244140625,117.75,116.9800033569336,117.43000030517578,79.65912628173828,55878800,0.0,0.0,0.0
2005-01-28,117.48999786376953,117.55000305175781,116.61000061035156,117.43000030517578,79.65912628173828,60738900,0.0,0.0,0.0
2005-01-31,117.94999694824219,118.25,117.70999908447266,118.16000366210938,80.15430450439453,52532700,0.0,0.0,0.0
2005-02-01,118.25,119.08000183105469,118.0999984741211,118.91000366210938,80.66307830810547,49841200,0.0,0.0,0.0
2005-02-02,119.05999755859375,119.58999633789062,118.9000015258789,119.2699966430664,80.90728759765625,52468900,0.0,0.0,0.0
2005-02-03,119.05999755859375,119.16000366210938,118.56999969482422,118.95999908447266,80.69697570800781,48837100,0.0,0.0,0.0
2005-02-04,119.0,120.43000030517578,118.9800033569336,120.2300033569336,81.55850982666016,50024600,0.0,0.0,0.0
2005-02-07,120.25,120.5199966430664,119.95999908447266,120.06999969482422,81.44995880126953,45412000,0.0,0.0,0.0
2005-02-08,120.16999816894531,120.6500015258789,120.06999969482422,120.20999908447266,81.5449447631836,39263500,0.0,0.0,0.0
2005-02-09,120.41999816894531,120.48999786376953,119.25,119.30999755859375,80.93441772460938,55279400,0.0,0.0,0.0
2005-02-10,119.66000366210938,120.0199966430664,119.26000213623047,119.73999786376953,81.2260971069336,45858600,0.0,0.0,0.0
2005-02-11,119.69999694824219,121.04000091552734,119.45999908447266,120.7699966430664,81.92481231689453,53133000,0.0,0.0,0.0
2005-02-14,120.69000244140625,120.86000061035156,120.4800033569336,120.68000030517578,81.86375427246094,32432100,0.0,0.0,0.0
2005-02-15,120.80000305175781,121.43000030517578,120.68000030517578,121.12999725341797,82.16899871826172,43852700,0.0,0.0,0.0
2005-02-16,120.93000030517578,121.45999908447266,120.66999816894531,121.20999908447266,82.2232894897461,55523000,0.0,0.0,0.0
2005-02-17,121.2300033569336,121.33000183105469,120.22000122070312,120.2300033569336,81.55850982666016,58124000,0.0,0.0,0.0
2005-02-18,120.23999786376953,120.4800033569336,119.9000015258789,120.38999938964844,81.66702270507812,47723300,0.0,0.0,0.0
2005-02-22,119.9000015258789,120.47000122070312,118.58000183105469,118.5999984741211,80.45277404785156,80697600,0.0,0.0,0.0
2005-02-23,118.93000030517578,119.56999969482422,118.62000274658203,119.44999694824219,81.0293960571289,68292600,0.0,0.0,0.0
2005-02-24,119.23999786376953,120.31999969482422,118.9800033569336,120.23999786376953,81.56529998779297,68563600,0.0,0.0,0.0
2005-02-25,120.2699966430664,121.66999816894531,120.18000030517578,121.43000030517578,82.37252044677734,60899900,0.0,0.0,0.0
2005-02-28,121.1500015258789,121.30000305175781,120.04000091552734,120.62999725341797,81.82984161376953,69381300,0.0,0.0,0.0
2005-03-01,120.81999969482422,121.5199966430664,120.77999877929688,121.2300033569336,82.2368392944336,47294400,0.0,0.0,0.0
2005-03-02,120.76000213623047,121.93000030517578,120.6500015258789,121.16999816894531,82.19613647460938,64226500,0.0,0.0,0.0
2005-03-03,121.66000366210938,121.9000015258789,120.69999694824219,121.22000122070312,82.23004913330078,61230800,0.0,0.0,0.0
2005-03-04,122.05000305175781,122.83000183105469,121.79000091552734,122.7300033569336,83.25437927246094,56168500,0.0,0.0,0.0
2005-03-07,122.66000366210938,123.25,122.4000015258789,122.79000091552734,83.29505920410156,43442400,0.0,0.0,0.0
2005-03-08,122.66999816894531,123.0,122.11000061035156,122.33000183105469,82.98303985595703,44362000,0.0,0.0,0.0
2005-03-09,121.97000122070312,122.29000091552734,120.95999908447266,120.97000122070312,82.06049346923828,73263600,0.0,0.0,0.0
2005-03-10,121.19999694824219,121.5,120.4000015258789,121.23999786376953,82.24365234375,65149000,0.0,0.0,0.0
2005-03-11,121.30999755859375,121.72000122070312,120.16000366210938,120.38999938964844,81.66702270507812,57976500,0.0,0.0,0.0
2005-03-14,120.61000061035156,121.16000366210938,120.27999877929688,121.13999938964844,82.17582702636719,36336400,0.0,0.0,0.0
2005-03-15,121.41999816894531,121.45999908447266,120.08000183105469,120.13999938964844,81.49745178222656,62438500,0.0,0.0,0.0
2005-03-16,119.69999694824219,120.16000366210938,118.9000015258789,119.12000274658203,80.80550384521484,74874200,0.0,0.0,0.0
2005-03-17,119.30999755859375,119.73999786376953,118.9800033569336,119.36000061035156,80.96831512451172,62584200,0.0,0.0,0.0
2005-03-18,119.11000061035156,119.52999877929688,118.1500015258789,118.54000091552734,80.72795867919922,60232000,0.467,0.0,0.0
2005-03-21,118.70999908447266,118.77999877929688,117.76000213623047,118.0999984741211,80.42827606201172,61244300,0.0,0.0,0.0
2005-03-22,118.37000274658203,118.93000030517578,116.9000015258789,116.9000015258789,79.61111450195312,92472400,0.0,0.0,0.0
2005-03-23,116.94999694824219,117.72000122070312,116.75,117.0,79.67916107177734,70817300,0.0,0.0,0.0
2005-03-24,117.45999908447266,117.98999786376953,117.05999755859375,117.13999938964844,79.7745361328125,51932500,0.0,0.0,0.0
2005-03-28,117.41999816894531,117.94000244140625,117.30999755859375,117.30999755859375,79.89027404785156,46765500,0.0,0.0,0.0
2005-03-29,117.13999938964844,117.9000015258789,116.25,116.52999877929688,79.35905456542969,71160300,0.0,0.0,0.0
2005-03-30,116.77999877929688,118.19999694824219,116.7699966430664,118.18000030517578,80.48273468017578,62002100,0.0,0.0,0.0
2005-03-31,118.19000244140625,118.45999908447266,117.87000274658203,117.95999908447266,80.33296966552734,64575400,0.0,0.0,0.0
2005-04-01,118.62999725341797,118.98999786376953,116.91000366210938,117.43000030517578,79.97197723388672,95255300,0.0,0.0,0.0
2005-04-04,117.36000061035156,117.86000061035156,116.73999786376953,117.62999725341797,80.10820007324219,71581200,0.0,0.0,0.0
2005-04-05,117.77999877929688,118.37999725341797,117.66999816894531,118.19000244140625,80.48956298828125,46853900,0.0,0.0,0.0
2005-04-06,118.44999694824219,118.94999694824219,118.18000030517578,118.5999984741211,80.76879119873047,53268200,0.0,0.0,0.0
2005-04-07,118.41000366210938,119.26000213623047,118.31999969482422,119.23999786376953,81.20466613769531,46734600,0.0,0.0,0.0
2005-04-08,119.16999816894531,119.20999908447266,118.0,118.0,80.3602066040039,63772900,0.0,0.0,0.0
2005-04-11,118.29000091552734,118.41999816894531,117.83000183105469,118.08999633789062,80.4214859008789,44945000,0.0,0.0,0.0
2005-04-12,117.88999938964844,119.05999755859375,117.06999969482422,118.69999694824219,80.83690643310547,86144800,0.0,0.0,0.0
2005-04-13,118.55999755859375,118.80000305175781,117.12999725341797,117.30000305175781,79.88346862792969,65949000,0.0,0.0,0.0
2005-04-14,117.4000015258789,117.5,115.7699966430664,115.7699966430664,78.84149932861328,96119800,0.0,0.0,0.0
2005-04-15,115.73999786376953,116.19999694824219,114.0999984741211,114.1500015258789,77.73827362060547,128677300,0.0,0.0,0.0
2005-04-18,114.12000274658203,114.95999908447266,113.95999908447266,114.5,77.97660827636719,100035200,0.0,0.0,0.0
2005-04-19,115.0999984741211,115.52999877929688,114.83000183105469,115.41000366210938,78.59634399414062,64930100,0.0,0.0,0.0
2005-04-20,115.37999725341797,115.62999725341797,113.55000305175781,113.80000305175781,77.49993896484375,107735900,0.0,0.0,0.0
2005-04-21,114.79000091552734,116.20999908447266,114.37999725341797,116.01000213623047,79.0049819946289,86952200,0.0,0.0,0.0
2005-04-22,115.73999786376953,116.5,114.2699966430664,115.56999969482422,78.705322265625,88845800,0.0,0.0,0.0
2005-04-25,115.86000061035156,116.5,115.72000122070312,116.33000183105469,79.22288513183594,52284100,0.0,0.0,0.0
2005-04-26,115.95999908447266,116.7699966430664,115.1500015258789,115.19999694824219,78.45331573486328,72626000,0.0,0.0,0.0
2005-04-27,114.86000061035156,116.06999969482422,114.44000244140625,115.6500015258789,78.75981140136719,84131900,0.0,0.0,0.0
2005-04-28,115.2699966430664,115.68000030517578,114.19999694824219,114.19999694824219,77.77230834960938,72481500,0.0,0.0,0.0
2005-04-29,115.06999969482422,115.87000274658203,113.97000122070312,115.75,78.8279037475586,103993800,0.0,0.0,0.0
2005-05-02,116.06999969482422,116.41000366210938,115.5199966430664,116.4000015258789,79.27055358886719,56026400,0.0,0.0,0.0
2005-05-03,116.06999969482422,116.8499984741211,115.69000244140625,116.5999984741211,79.40674591064453,86000300,0.0,0.0,0.0
2005-05-04,116.6500015258789,117.75,116.27999877929688,117.5,80.0196533203125,81055700,0.0,0.0,0.0
2005-05-05,117.66999816894531,118.0,116.73999786376953,117.45999908447266,79.99241638183594,96906700,0.0,0.0,0.0
2005-05-06,117.93000030517578,117.98999786376953,117.05999755859375,117.08999633789062,79.7404556274414,67415400,0.0,0.0,0.0
2005-05-09,117.20999908447266,118.08000183105469,117.05000305175781,117.81999969482422,80.23760986328125,43750500,0.0,0.0,0.0
2005-05-10,117.36000061035156,117.5,116.38999938964844,116.5999984741211,79.40674591064453,74613500,0.0,0.0,0.0
2005-05-11,116.93000030517578,117.4000015258789,115.8499984741211,117.23999786376953,79.84259033203125,91647400,0.0,0.0,0.0
2005-05-12,117.31999969482422,117.58999633789062,115.94999694824219,115.94999694824219,78.96410369873047,95086800,0.0,0.0,0.0
2005-05-13,116.30000305175781,116.62000274658203,114.80000305175781,115.72000122070312,78.80746459960938,85267000,0.0,0.0,0.0
2005-05-16,115.69999694824219,116.83999633789062,115.66000366210938,116.80000305175781,79.54297637939453,49207000,0.0,0.0,0.0
2005-05-17,116.41000366210938,117.69999694824219,116.16000366210938,117.58000183105469,80.07418060302734,61071800,0.0,0.0,0.0
2005-05-18,118.08999633789062,119.08000183105469,118.01000213623047,118.79000091552734,80.89820098876953,77944900,0.0,0.0,0.0
2005-05-19,119.0199966430664,119.41000366210938,118.69999694824219,119.29000091552734,81.23870086669922,61768100,0.0,0.0,0.0
2005-05-20,119.33999633789062,119.38999938964844,118.73999786376953,119.12000274658203,81.12293243408203,46345500,0.0,0.0,0.0
2005-05-23,119.20999908447266,120.04000091552734,119.19000244140625,119.77999877929688,81.5723876953125,51047900,0.0,0.0,0.0
2005-05-24,119.44000244140625,119.83000183105469,119.19999694824219,119.5,81.38168334960938,50654100,0.0,0.0,0.0
2005-05-25,119.3499984741211,119.87000274658203,118.83000183105469,119.41000366210938,81.3204345703125,47608800,0.0,0.0,0.0
2005-05-26,119.79000091552734,120.20999908447266,119.62000274658203,120.05000305175781,81.75625610351562,43256200,0.0,0.0,0.0
2005-05-27,120.05999755859375,120.25,119.80000305175781,120.25,81.8924789428711,24596100,0.0,0.0,0.0
2005-05-31,120.08000183105469,120.16999816894531,119.4000015258789,119.4800033569336,81.36805725097656,43377200,0.0,0.0,0.0
2005-06-01,119.5199966430664,120.91999816894531,119.44999694824219,120.5,82.06273651123047,69611000,0.0,0.0,0.0
2005-06-02,120.2300033569336,120.83999633789062,120.0999984741211,120.76000213623047,82.23979949951172,39704500,0.0,0.0,0.0
2005-06-03,120.55000305175781,120.88999938964844,119.7300033569336,120.1500015258789,81.82437133789062,60999400,0.0,0.0,0.0
2005-06-06,119.94999694824219,120.19999694824219,119.55000305175781,120.04000091552734,81.74947357177734,36046400,0.0,0.0,0.0
2005-06-07,120.38999938964844,121.25,120.01000213623047,120.12999725341797,81.81073760986328,66501300,0.0,0.0,0.0
2005-06-08,120.43000030517578,120.58999633789062,119.66999816894531,119.91000366210938,81.66093444824219,46881200,0.0,0.0,0.0
2005-06-09,119.73999786376953,120.58000183105469,119.44000244140625,120.4800033569336,82.04911804199219,56653300,0.0,0.0,0.0
2005-06-10,120.55999755859375,120.6500015258789,119.5999984741211,120.19999694824219,81.85843658447266,36465300,0.0,0.0,0.0
2005-06-13,119.94000244140625,121.08000183105469,119.80999755859375,120.58000183105469,82.1172103881836,49383200,0.0,0.0,0.0
2005-06-14,120.44999694824219,121.19999694824219,120.37999725341797,120.86000061035156,82.3078842163086,33857100,0.0,0.0,0.0
2005-06-15,121.16000366210938,121.23999786376953,120.2300033569336,121.08999633789062,82.46453857421875,53195600,0.0,0.0,0.0
2005-06-16,121.05999755859375,121.63999938964844,120.91999816894531,121.4000015258789,82.67567443847656,46564500,0.0,0.0,0.0
2005-06-17,121.54000091552734,121.9000015258789,121.22000122070312,121.36000061035156,82.98199462890625,51529400,0.488,0.0,0.0
2005-06-20,121.08000183105469,121.83999633789062,120.94000244140625,121.4000015258789,83.00935363769531,41019400,0.0,0.0,0.0
2005-06-21,121.5,121.6500015258789,121.02999877929688,121.47000122070312,83.05717468261719,39879800,0.0,0.0,0.0
2005-06-22,121.68000030517578,121.94000244140625,121.06999969482422,121.56999969482422,83.12559509277344,46310100,0.0,0.0,0.0
2005-06-23,121.31999969482422,121.5999984741211,119.83000183105469,119.86000061035156,81.95633697509766,62185600,0.0,0.0,0.0
2005-06-24,119.87999725341797,120.01000213623047,118.83999633789062,118.9800033569336,81.35462188720703,58572500,0.0,0.0,0.0
2005-06-27,118.97000122070312,119.41000366210938,118.75,119.1500015258789,81.47084045410156,48183800,0.0,0.0,0.0
2005-06-28,119.4000015258789,120.23999786376953,119.37000274658203,120.1500015258789,82.15461730957031,41174200,0.0,0.0,0.0
2005-06-29,120.37000274658203,120.4000015258789,119.76000213623047,119.83000183105469,81.93582916259766,42316500,0.0,0.0,0.0
2005-06-30,120.22000122070312,120.31999969482422,118.94999694824219,119.18000030517578,81.49136352539062,62288800,0.0,0.0,0.0
2005-07-01,119.44999694824219,119.80000305175781,119.20999908447266,119.52999877929688,81.730712890625,49737500,0.0,0.0,0.0
2005-07-05,119.25,120.6500015258789,119.19000244140625,120.48999786376953,82.38712310791016,51549000,0.0,0.0,0.0
2005-07-06,120.38999938964844,120.6500015258789,119.41000366210938,119.4800033569336,81.69647216796875,52363600,0.0,0.0,0.0
2005-07-07,118.29000091552734,119.94999694824219,118.26000213623047,119.94999694824219,82.01786804199219,103268800,0.0,0.0,0.0
2005-07-08,119.97000122070312,121.31999969482422,119.72000122070312,121.31999969482422,82.95460510253906,64491200,0.0,0.0,0.0
2005-07-11,121.33000183105469,122.0999984741211,121.30999755859375,121.94000244140625,83.37854766845703,49688300,0.0,0.0,0.0
2005-07-12,121.98999786376953,122.62999725341797,121.63999938964844,122.26000213623047,83.59735870361328,51871100,0.0,0.0,0.0
2005-07-13,122.2699966430664,122.5199966430664,121.98999786376953,122.43000030517578,83.7136001586914,41182300,0.0,0.0,0.0
2005-07-14,122.9800033569336,123.44000244140625,122.48999786376953,122.91000366210938,84.04179382324219,63638800,0.0,0.0,0.0
2005-07-15,122.79000091552734,123.04000091552734,122.36000061035156,122.83999633789062,83.99394226074219,56075900,0.0,0.0,0.0
2005-07-18,122.5,122.62999725341797,122.05000305175781,122.3499984741211,83.65892028808594,56598400,0.0,0.0,0.0
2005-07-19,122.70999908447266,123.11000061035156,122.41000366210938,123.0199966430664,84.11701965332031,59165700,0.0,0.0,0.0
2005-07-20,122.58999633789062,123.7300033569336,122.30000305175781,123.44000244140625,84.40419006347656,69477000,0.0,0.0,0.0
2005-07-21,123.55000305175781,123.61000061035156,122.47000122070312,122.72000122070312,83.91190338134766,101110900,0.0,0.0,0.0
2005-07-22,122.87999725341797,123.55999755859375,122.62999725341797,123.54000091552734,84.47261047363281,52607100,0.0,0.0,0.0
2005-07-25,123.41000366210938,123.94999694824219,122.8499984741211,123.19000244140625,84.23326110839844,57301600,0.0,0.0,0.0
2005-07-26,123.2300033569336,123.52999877929688,122.94999694824219,123.33999633789062,84.33585357666016,42758800,0.0,0.0,0.0
2005-07-27,123.5,123.88999938964844,123.05000305175781,123.79000091552734,84.64352416992188,43181600,0.0,0.0,0.0
2005-07-28,123.95999908447266,124.63999938964844,123.63999938964844,124.56999969482422,85.1768569946289,47880700,0.0,0.0,0.0
2005-07-29,124.41000366210938,124.62999725341797,123.5,123.73999786376953,84.60933685302734,62358100,0.0,0.0,0.0
2005-08-01,123.83000183105469,124.04000091552734,123.44999694824219,123.6500015258789,84.54780578613281,40418200,0.0,0.0,0.0
2005-08-02,123.87000274658203,124.5999984741211,123.73999786376953,124.38999938964844,85.0538330078125,45147400,0.0,0.0,0.0
2005-08-03,124.25,124.73999786376953,124.12000274658203,124.72000122070312,85.27943420410156,36837200,0.0,0.0,0.0
2005-08-04,124.2300033569336,124.30999755859375,123.56999969482422,123.72000122070312,84.59565734863281,50855600,0.0,0.0,0.0
2005-08-05,123.44999694824219,123.9800033569336,122.66999816894531,122.87999725341797,84.02127838134766,53595500,0.0,0.0,0.0
2005-08-08,123.1500015258789,123.41000366210938,122.37999725341797,122.6500015258789,83.8640365600586,47616000,0.0,0.0,0.0
2005-08-09,123.05999755859375,123.58999633789062,122.87000274658203,123.38999938964844,84.37003326416016,47170000,0.0,0.0,0.0
2005-08-10,123.81999969482422,124.5,122.81999969482422,123.33000183105469,84.32896423339844,72863700,0.0,0.0,0.0
2005-08-11,123.2699966430664,124.02999877929688,123.01000213623047,123.81999969482422,84.66403198242188,58570200,0.0,0.0,0.0
2005-08-12,123.56999969482422,123.69000244140625,122.75,123.05999755859375,84.1443862915039,54776900,0.0,0.0,0.0
2005-08-15,123.22000122070312,123.87000274658203,122.83000183105469,123.81999969482422,84.66403198242188,36208500,0.0,0.0,0.0
2005-08-16,123.44000244140625,123.5199966430664,122.08999633789062,122.20999908447266,83.56315612792969,71942100,0.0,0.0,0.0
2005-08-17,122.19000244140625,122.87000274658203,122.02999877929688,122.19999694824219,83.55633544921875,62275100,0.0,0.0,0.0
2005-08-18,122.05000305175781,122.55999755859375,121.83999633789062,122.19000244140625,83.54949951171875,53388600,0.0,0.0,0.0
2005-08-19,122.62999725341797,122.81999969482422,122.19999694824219,122.47000122070312,83.7409439086914,39842100,0.0,0.0,0.0
2005-08-22,122.58000183105469,123.2300033569336,121.87999725341797,122.47000122070312,83.7409439086914,69912000,0.0,0.0,0.0
2005-08-23,122.5,122.61000061035156,121.1500015258789,122.23999786376953,83.58367156982422,55168600,0.0,0.0,0.0
2005-08-24,121.94000244140625,122.7300033569336,121.08999633789062,121.1500015258789,82.8384017944336,79104600,0.0,0.0,0.0
2005-08-25,121.3499984741211,121.66999816894531,121.20999908447266,121.58999633789062,83.13920593261719,35631100,0.0,0.0,0.0
2005-08-26,121.4800033569336,121.48999786376953,120.68000030517578,120.76000213623047,82.57173156738281,61956800,0.0,0.0,0.0
2005-08-29,120.41000366210938,121.77999877929688,120.37999725341797,121.69000244140625,83.20767211914062,56179200,0.0,0.0,0.0
2005-08-30,121.25,121.30000305175781,120.38999938964844,121.05000305175781,82.77001190185547,74160200,0.0,0.0,0.0
2005-08-31,121.19000244140625,122.66000366210938,120.73999786376953,122.58000183105469,83.816162109375,102945200,0.0,0.0,0.0
2005-09-01,122.5199966430664,123.1500015258789,121.13999938964844,122.48999786376953,83.7546157836914,74578700,0.0,0.0,0.0
2005-09-02,122.8499984741211,122.87999725341797,122.04000091552734,122.2699966430664,83.60419464111328,47653400,0.0,0.0,0.0
2005-09-06,122.66000366210938,123.80000305175781,122.6500015258789,123.69999694824219,84.58199310302734,57251300,0.0,0.0,0.0
2005-09-07,123.62999725341797,124.12999725341797,123.45999908447266,123.91000366210938,84.7256088256836,41749700,0.0,0.0,0.0
2005-09-08,123.66000366210938,124.0,123.30999755859375,123.5,84.44523620605469,39068700,0.0,0.0,0.0
2005-09-09,123.83000183105469,124.73999786376953,123.80000305175781,124.5999984741211,85.19734954833984,43093900,0.0,0.0,0.0
2005-09-12,124.44999694824219,124.66999816894531,124.2699966430664,124.3499984741211,85.02642822265625,33017600,0.0,0.0,0.0
2005-09-13,124.12999725341797,124.41999816894531,123.5199966430664,123.66000366210938,84.55464172363281,58427500,0.0,0.0,0.0
2005-09-14,123.73999786376953,123.91999816894531,123.0199966430664,123.20999908447266,84.2469482421875,57694600,0.0,0.0,0.0
2005-09-15,123.58999633789062,123.6500015258789,122.9000015258789,123.1500015258789,84.20592498779297,73156900,0.0,0.0,0.0
2005-09-16,123.30000305175781,123.73999786376953,122.87000274658203,123.5,84.8046646118164,75424100,0.522,0.0,0.0
2005-09-19,123.47000122070312,123.55000305175781,122.63999938964844,123.08999633789062,84.52316284179688,53355300,0.0,0.0,0.0
2005-09-20,123.19999694824219,123.61000061035156,121.87000274658203,122.05000305175781,83.80902099609375,84480300,0.0,0.0,0.0
2005-09-21,121.79000091552734,121.87000274658203,120.77999877929688,120.91000366210938,83.02619934082031,94469100,0.0,0.0,0.0
2005-09-22,120.94999694824219,121.66000366210938,120.44000244140625,121.33999633789062,83.32147216796875,84597200,0.0,0.0,0.0
2005-09-23,121.23999786376953,121.88999938964844,120.9000015258789,121.44000244140625,83.39016723632812,59368100,0.0,0.0,0.0
2005-09-26,122.0199966430664,122.23999786376953,121.08000183105469,121.58000183105469,83.48628997802734,70415400,0.0,0.0,0.0
2005-09-27,121.5199966430664,121.98999786376953,121.0199966430664,121.55000305175781,83.46568298339844,66150800,0.0,0.0,0.0
2005-09-28,121.93000030517578,122.12000274658203,121.19999694824219,121.66999816894531,83.54806518554688,58620500,0.0,0.0,0.0
2005-09-29,121.55000305175781,122.86000061035156,121.08000183105469,122.66000366210938,84.22789764404297,66607700,0.0,0.0,0.0
2005-09-30,122.62000274658203,123.04000091552734,121.73999786376953,123.04000091552734,84.48883056640625,47824200,0.0,0.0,0.0
2005-10-03,122.95999908447266,123.33999633789062,122.44999694824219,122.5999984741211,84.18669128417969,50994800,0.0,0.0,0.0
2005-10-04,122.79000091552734,123.02999877929688,121.16000366210938,121.22000122070312,83.23907470703125,60776300,0.0,0.0,0.0
2005-10-05,121.25,121.30999755859375,119.56999969482422,119.62999725341797,82.14725494384766,106052100,0.0,0.0,0.0
2005-10-06,119.77999877929688,120.26000213623047,118.16999816894531,119.19999694824219,81.85198974609375,140941800,0.0,0.0,0.0
2005-10-07,119.69999694824219,120.05000305175781,119.12999725341797,119.61000061035156,82.13353729248047,75661400,0.0,0.0,0.0
2005-10-10,119.68000030517578,119.70999908447266,118.30000305175781,118.5999984741211,81.43999481201172,52677000,0.0,0.0,0.0
2005-10-11,118.98999786376953,119.38999938964844,118.31999969482422,118.43000030517578,81.3232421875,75629800,0.0,0.0,0.0
2005-10-12,118.38999938964844,119.12999725341797,117.41000366210938,117.5,80.68463897705078,100510400,0.0,0.0,0.0
2005-10-13,117.45999908447266,118.08000183105469,116.87999725341797,117.43000030517578,80.63653564453125,99052900,0.0,0.0,0.0
2005-10-14,118.12000274658203,118.80999755859375,117.55999755859375,118.66999816894531,81.48804473876953,88651000,0.0,0.0,0.0
2005-10-17,118.80000305175781,119.2699966430664,118.44999694824219,119.11000061035156,81.79015350341797,68109300,0.0,0.0,0.0
2005-10-18,118.94000244140625,118.95999908447266,117.80000305175781,117.81999969482422,80.90438842773438,74996900,0.0,0.0,0.0
2005-10-19,117.5,119.80000305175781,117.12000274658203,119.77999877929688,82.25023651123047,116563800,0.0,0.0,0.0
2005-10-20,119.48999786376953,119.80999755859375,117.30000305175781,117.66999816894531,80.80138397216797,131966700,0.0,0.0,0.0
2005-10-21,118.29000091552734,118.77999877929688,117.51000213623047,118.12999725341797,81.11721801757812,96579500,0.0,0.0,0.0
2005-10-24,118.44000244140625,120.08999633789062,118.41000366210938,119.95999908447266,82.37384796142578,71308400,0.0,0.0,0.0
2005-10-25,119.72000122070312,120.23999786376953,118.94000244140625,119.72000122070312,82.20903778076172,76594500,0.0,0.0,0.0
2005-10-26,119.51000213623047,120.54000091552734,119.19000244140625,119.37000274658203,81.96870422363281,80855800,0.0,0.0,0.0
2005-10-27,119.19999694824219,119.37000274658203,117.93000030517578,118.0999984741211,81.09664154052734,66623100,0.0,0.0,0.0
2005-10-28,118.43000030517578,119.94999694824219,118.0999984741211,119.80000305175781,82.26397705078125,72322000,0.0,0.0,0.0
2005-10-31,120.29000091552734,121.30000305175781,120.12999725341797,120.12999725341797,82.49057006835938,77698900,0.0,0.0,0.0
2005-11-01,120.58000183105469,120.9000015258789,120.22000122070312,120.48999786376953,82.73783111572266,66365100,0.0,0.0,0.0
2005-11-02,120.16999816894531,121.75,120.12999725341797,121.75,83.6030502319336,74012300,0.0,0.0,0.0
2005-11-03,122.1500015258789,122.66000366210938,121.75,122.2699966430664,83.96009063720703,84897600,0.0,0.0,0.0
2005-11-04,122.4000015258789,122.45999908447266,121.55000305175781,122.11000061035156,83.85021209716797,59156000,0.0,0.0,0.0
2005-11-07,122.37000274658203,122.62000274658203,121.8499984741211,122.2300033569336,83.93262481689453,46765400,0.0,0.0,0.0
2005-11-08,121.93000030517578,122.41999816894531,121.79000091552734,122.2300033569336,83.93262481689453,42152800,0.0,0.0,0.0
2005-11-09,122.08000183105469,122.94999694824219,121.86000061035156,122.38999938964844,84.04248809814453,57666800,0.0,0.0,0.0
2005-11-10,122.33999633789062,123.5199966430664,121.75,123.33999633789062,84.69482421875,79048100,0.0,0.0,0.0
2005-11-11,123.3499984741211,123.83999633789062,122.43000030517578,123.76000213623047,84.9832763671875,34867000,0.0,0.0,0.0
2005-11-14,123.79000091552734,124.0199966430664,123.37999725341797,123.69000244140625,84.93517303466797,45092200,0.0,0.0,0.0
2005-11-15,123.55000305175781,124.08999633789062,122.86000061035156,123.23999786376953,84.62614440917969,69592500,0.0,0.0,0.0
2005-11-16,123.37000274658203,123.55000305175781,122.9800033569336,123.48999786376953,84.79781341552734,51133000,0.0,0.0,0.0
2005-11-17,123.68000030517578,124.6500015258789,123.13999938964844,124.63999938964844,85.58748626708984,55717500,0.0,0.0,0.0
2005-11-18,125.05999755859375,125.27999877929688,124.33000183105469,125.12999725341797,85.92398834228516,72437200,0.0,0.0,0.0
2005-11-21,125.1500015258789,125.91000366210938,124.9800033569336,125.76000213623047,86.35659790039062,50021200,0.0,0.0,0.0
2005-11-22,125.55999755859375,126.5199966430664,125.41999816894531,126.30000305175781,86.72742462158203,66438800,0.0,0.0,0.0
2005-11-23,126.25,127.41000366210938,126.20999908447266,127.02999877929688,87.22869873046875,50854700,0.0,0.0,0.0
2005-11-25,126.9800033569336,127.22000122070312,126.80999755859375,127.12999725341797,87.2973403930664,15270000,0.0,0.0,0.0
2005-11-28,127.25,127.2699966430664,126.04000091552734,126.2300033569336,86.67933654785156,54498500,0.0,0.0,0.0
2005-11-29,126.6500015258789,126.9800033569336,126.08999633789062,126.08999633789062,86.58319854736328,51738900,0.0,0.0,0.0
2005-11-30,126.16000366210938,126.5199966430664,125.29000091552734,125.41000366210938,86.11627197265625,56007200,0.0,0.0,0.0
2005-12-01,126.0199966430664,127.02999877929688,125.9800033569336,126.69000244140625,86.99520874023438,65468200,0.0,0.0,0.0
2005-12-02,126.7699966430664,127.08000183105469,126.5,126.8499984741211,87.10511016845703,46699400,0.0,0.0,0.0
2005-12-05,126.69999694824219,126.7300033569336,126.18000030517578,126.58000183105469,86.91969299316406,59273400,0.0,0.0,0.0
2005-12-06,127.05000305175781,127.73999786376953,126.62999725341797,126.81999969482422,87.08446502685547,57935200,0.0,0.0,0.0
2005-12-07,126.7699966430664,126.87000274658203,125.68000030517578,126.08000183105469,86.5763168334961,66816500,0.0,0.0,0.0
2005-12-08,126.22000122070312,126.81999969482422,125.4800033569336,126.0,86.52139282226562,62608600,0.0,0.0,0.0
2005-12-09,126.16000366210938,126.77999877929688,125.81999969482422,126.33000183105469,86.7480239868164,50744500,0.0,0.0,0.0
2005-12-12,126.70999908447266,126.86000061035156,125.95999908447266,126.44999694824219,86.8304214477539,48389900,0.0,0.0,0.0
2005-12-13,126.41999816894531,127.69999694824219,126.29000091552734,127.30999755859375,87.42092895507812,88630900,0.0,0.0,0.0
2005-12-14,127.19000244140625,128.08999633789062,127.13999938964844,127.80999755859375,87.76427459716797,64375000,0.0,0.0,0.0
2005-12-15,127.83999633789062,128.0,127.18000030517578,127.44000244140625,87.5102310180664,55900300,0.0,0.0,0.0
2005-12-16,127.27999877929688,127.36000061035156,126.36000061035156,126.36000061035156,87.22857666015625,46238300,0.672,0.0,0.0
2005-12-19,126.7300033569336,126.87000274658203,125.69000244140625,125.70999908447266,86.77986907958984,48733000,0.0,0.0,0.0
2005-12-20,125.86000061035156,126.58999633789062,125.4800033569336,125.83000183105469,86.86272430419922,46603200,0.0,0.0,0.0
2005-12-21,126.22000122070312,126.76000213623047,125.80000305175781,126.02999877929688,87.00078582763672,51806900,0.0,0.0,0.0
2005-12-22,126.30999755859375,126.69000244140625,126.08000183105469,126.69000244140625,87.45636749267578,32247900,0.0,0.0,0.0
2005-12-23,126.77999877929688,126.86000061035156,126.41999816894531,126.76000213623047,87.50468444824219,27977300,0.0,0.0,0.0
2005-12-27,126.95999908447266,127.05000305175781,125.37999725341797,125.47000122070312,86.61419677734375,44499500,0.0,0.0,0.0
2005-12-28,125.73999786376953,125.98999786376953,125.5,125.75,86.80746459960938,30764300,0.0,0.0,0.0
2005-12-29,125.72000122070312,125.95999908447266,125.05999755859375,125.19000244140625,86.42089080810547,32788900,0.0,0.0,0.0
2005-12-30,124.80000305175781,125.05999755859375,124.36000061035156,124.51000213623047,85.95146179199219,44645600,0.0,0.0,0.0
2006-01-03,125.19000244140625,127.0,124.38999938964844,126.69999694824219,87.46326446533203,73256700,0.0,0.0,0.0
2006-01-04,126.86000061035156,127.48999786376953,126.69999694824219,127.30000305175781,87.87748718261719,51899600,0.0,0.0,0.0
2006-01-05,127.1500015258789,127.58999633789062,126.87999725341797,127.37999725341797,87.93268585205078,47307500,0.0,0.0,0.0
2006-01-06,128.02000427246094,128.5800018310547,127.36000061035156,128.44000244140625,88.66441345214844,62885900,0.0,0.0,0.0
2006-01-09,128.4199981689453,129.05999755859375,128.3800048828125,128.77000427246094,88.8922119140625,43527400,0.0,0.0,0.0
2006-01-10,128.38999938964844,128.97999572753906,128.25999450683594,128.89999389648438,88.9819564819336,44960800,0.0,0.0,0.0
2006-01-11,129.02000427246094,129.44000244140625,128.72999572753906,129.30999755859375,89.2649917602539,49598900,0.0,0.0,0.0
2006-01-12,129.0800018310547,129.27999877929688,128.44000244140625,128.8000030517578,88.91291809082031,40509200,0.0,0.0,0.0
2006-01-13,128.57000732421875,128.89999389648438,128.1999969482422,128.67999267578125,88.83010864257812,44856700,0.0,0.0,0.0
2006-01-17,128.1999969482422,128.4199981689453,127.80999755859375,128.3300018310547,88.5884780883789,52066600,0.0,0.0,0.0
2006-01-18,127.58000183105469,128.89999389648438,127.16000366210938,127.81999969482422,88.23645782470703,75067600,0.0,0.0,0.0
2006-01-19,128.1300048828125,128.77000427246094,127.80999755859375,128.30999755859375,88.57466888427734,81530400,0.0,0.0,0.0
2006-01-20,128.27999877929688,128.30999755859375,125.97000122070312,125.97000122070312,86.9593505859375,114957800,0.0,0.0,0.0
2006-01-23,126.20999908447266,126.81999969482422,126.12999725341797,126.41999816894531,87.26997375488281,67017400,0.0,0.0,0.0
2006-01-24,126.62999725341797,127.1500015258789,126.41999816894531,126.55000305175781,87.35972595214844,53008800,0.0,0.0,0.0
2006-01-25,127.04000091552734,127.18000030517578,125.83999633789062,126.66000366210938,87.4356689453125,87747700,0.0,0.0,0.0
2006-01-26,127.25,127.66999816894531,126.76000213623047,127.36000061035156,87.91886138916016,71294000,0.0,0.0,0.0
2006-01-27,127.66000366210938,128.66000366210938,127.44999694824219,128.5399932861328,88.73346710205078,65771200,0.0,0.0,0.0
2006-01-30,128.44000244140625,128.80999755859375,128.35000610351562,128.44000244140625,88.66441345214844,33709600,0.0,0.0,0.0
2006-01-31,128.32000732421875,128.5399932861328,127.48999786376953,127.5,88.01551055908203,72937000,0.0,0.0,0.0
2006-02-01,127.81999969482422,128.42999267578125,127.72000122070312,128.38999938964844,88.62992858886719,63561000,0.0,0.0,0.0
2006-02-02,128.10000610351562,128.13999938964844,126.80000305175781,126.9000015258789,87.601318359375,83626900,0.0,0.0,0.0
2006-02-03,126.58000183105469,128.38999938964844,126.13999938964844,126.2699966430664,87.16643524169922,86040400,0.0,0.0,0.0
2006-02-06,126.44000244140625,126.80000305175781,126.16999816894531,126.5999984741211,87.39423370361328,45511900,0.0,0.0,0.0
2006-02-07,126.37999725341797,126.66000366210938,125.4000015258789,125.4800033569336,86.62109375,71208100,0.0,0.0,0.0
2006-02-08,125.8499984741211,128.10000610351562,125.5999984741211,126.62000274658203,87.40806579589844,59422200,0.0,0.0,0.0
2006-02-09,126.91999816894531,127.5999984741211,126.37000274658203,126.41000366210938,87.26309967041016,62023300,0.0,0.0,0.0
2006-02-10,126.43000030517578,127.12999725341797,125.44999694824219,126.63999938964844,87.42186737060547,64508700,0.0,0.0,0.0
2006-02-13,126.5999984741211,126.79000091552734,125.94999694824219,126.41000366210938,87.26309967041016,52308700,0.0,0.0,0.0
2006-02-14,126.45999908447266,128.02999877929688,126.20999908447266,127.75,88.18812561035156,90964400,0.0,0.0,0.0
2006-02-15,127.68000030517578,128.32000732421875,127.23999786376953,128.1999969482422,88.49873352050781,85471300,0.0,0.0,0.0
2006-02-16,128.33999633789062,129.2100067138672,128.17999267578125,129.16000366210938,89.16144561767578,61017900,0.0,0.0,0.0
2006-02-17,129.0500030517578,129.16000366210938,128.5800018310547,128.80999755859375,88.9197998046875,40342600,0.0,0.0,0.0
2006-02-21,129.11000061035156,129.39999389648438,128.2899932861328,128.49000549316406,88.69893646240234,46456300,0.0,0.0,0.0
2006-02-22,128.77000427246094,129.64999389648438,128.64999389648438,129.27000427246094,89.23739624023438,42326700,0.0,0.0,0.0
2006-02-23,129.27000427246094,129.63999938964844,128.27999877929688,129.0800018310547,89.10619354248047,43423200,0.0,0.0,0.0
2006-02-24,129.11000061035156,129.47999572753906,128.75999450683594,129.41000366210938,89.33402252197266,36777400,0.0,0.0,0.0
2006-02-27,129.39999389648438,130.0399932861328,129.27999877929688,129.4600067138672,89.3685531616211,35858600,0.0,0.0,0.0
2006-02-28,129.1999969482422,129.91000366210938,128.1300048828125,128.22999572753906,88.51945495605469,74394800,0.0,0.0,0.0
2006-03-01,128.60000610351562,129.49000549316406,128.5,129.3699951171875,89.30640411376953,48641600,0.0,0.0,0.0
2006-03-02,128.89999389648438,129.4199981689453,128.61000061035156,129.36000061035156,89.299560546875,60642300,0.0,0.0,0.0
2006-03-03,128.6699981689453,130.07000732421875,128.64999389648438,128.75999450683594,88.88531494140625,73402500,0.0,0.0,0.0
2006-03-06,129.13999938964844,129.17999267578125,127.8499984741211,128.1699981689453,88.47801208496094,57478400,0.0,0.0,0.0
2006-03-07,127.86000061035156,128.05999755859375,127.4000015258789,127.97000122070312,88.33997344970703,61780800,0.0,0.0,0.0
2006-03-08,127.69999694824219,128.44000244140625,127.18000030517578,128.24000549316406,88.52637481689453,66692400,0.0,0.0,0.0
2006-03-09,128.27999877929688,128.67999267578125,127.37999725341797,127.37999725341797,87.93268585205078,56313600,0.0,0.0,0.0
2006-03-10,127.70999908447266,128.83999633789062,127.44000244140625,128.58999633789062,88.76795196533203,60490800,0.0,0.0,0.0
2006-03-13,128.83999633789062,129.16000366210938,128.52999877929688,128.8300018310547,88.93363952636719,45479100,0.0,0.0,0.0
2006-03-14,128.7100067138672,130.22999572753906,128.61000061035156,130.17999267578125,89.86553192138672,69877300,0.0,0.0,0.0
2006-03-15,130.14999389648438,130.86000061035156,129.85000610351562,130.75999450683594,90.26593017578125,53398900,0.0,0.0,0.0
2006-03-16,131.00999450683594,131.47000122070312,130.83999633789062,131.02999877929688,90.45235443115234,65526400,0.0,0.0,0.0
2006-03-17,130.67999267578125,130.89999389648438,130.3800048828125,130.6199951171875,90.52790069580078,47286800,0.519,0.0,0.0
2006-03-20,130.63999938964844,130.89999389648438,130.2100067138672,130.41000366210938,90.38236236572266,45538500,0.0,0.0,0.0
2006-03-21,130.3699951171875,130.99000549316406,129.4499969482422,129.58999633789062,89.81402587890625,87102700,0.0,0.0,0.0
2006-03-22,129.50999450683594,130.50999450683594,129.4499969482422,130.3800048828125,90.36155700683594,51605700,0.0,0.0,0.0
2006-03-23,130.25999450683594,130.38999938964844,129.66000366210938,130.11000061035156,90.17440032958984,46704200,0.0,0.0,0.0
2006-03-24,129.99000549316406,130.57000732421875,129.74000549316406,130.2100067138672,90.24374389648438,43209200,0.0,0.0,0.0
2006-03-27,130.02999877929688,130.27999877929688,129.74000549316406,130.02000427246094,90.11205291748047,32523000,0.0,0.0,0.0
2006-03-28,129.92999267578125,130.52999877929688,129.0500030517578,129.22000122070312,89.55758666992188,82079900,0.0,0.0,0.0
2006-03-29,129.41000366210938,130.5,129.2899932861328,130.02999877929688,90.11894989013672,61505700,0.0,0.0,0.0
2006-03-30,130.11000061035156,130.97999572753906,129.5500030517578,129.8000030517578,89.95957946777344,70571700,0.0,0.0,0.0
2006-03-31,130.02000427246094,130.24000549316406,129.3699951171875,129.8300018310547,89.98037719726562,62925600,0.0,0.0,0.0
2006-04-03,130.07000732421875,130.8699951171875,129.49000549316406,129.72999572753906,89.91102600097656,61624700,0.0,0.0,0.0
2006-04-04,129.72999572753906,130.72999572753906,129.36000061035156,130.55999755859375,90.486328125,54809300,0.0,0.0,0.0
2006-04-05,130.61000061035156,131.27999877929688,130.3800048828125,131.00999450683594,90.79816436767578,50607200,0.0,0.0,0.0
2006-04-06,130.85000610351562,131.2100067138672,130.19000244140625,130.8699951171875,90.701171875,57906200,0.0,0.0,0.0
2006-04-07,131.05999755859375,131.39999389648438,129.35000610351562,129.5399932861328,89.77936553955078,80180900,0.0,0.0,0.0
2006-04-10,129.74000549316406,130.0800018310547,129.25999450683594,129.74000549316406,89.91799926757812,41496500,0.0,0.0,0.0
2006-04-11,129.85000610351562,130.05999755859375,128.25,128.63999938964844,89.15562438964844,72799400,0.0,0.0,0.0
2006-04-12,128.77000427246094,129.1300048828125,128.61000061035156,128.8800048828125,89.32197570800781,43033700,0.0,0.0,0.0
2006-04-13,128.58999633789062,129.25,128.30999755859375,128.7100067138672,89.20417022705078,51051800,0.0,0.0,0.0
2006-04-17,128.8300018310547,129.30999755859375,128.02000427246094,128.66000366210938,89.16950988769531,64167700,0.0,0.0,0.0
2006-04-18,128.92999267578125,130.94000244140625,128.92999267578125,130.6999969482422,90.58332061767578,92531800,0.0,0.0,0.0
2006-04-19,130.75,131.07000732421875,130.24000549316406,130.9499969482422,90.75659942626953,87269000,0.0,0.0,0.0
2006-04-20,131.0,131.86000061035156,130.60000610351562,131.1300048828125,90.88134002685547,86005500,0.0,0.0,0.0
2006-04-21,131.69000244140625,131.7899932861328,130.6199951171875,131.14999389648438,90.89518737792969,72342600,0.0,0.0,0.0
2006-04-24,130.88999938964844,131.07000732421875,130.3800048828125,130.91000366210938,90.72887420654297,52546400,0.0,0.0,0.0
2006-04-25,131.0399932861328,131.1199951171875,129.9199981689453,130.3699951171875,90.35462951660156,84359800,0.0,0.0,0.0
2006-04-26,130.5,131.13999938964844,130.3000030517578,130.39999389648438,90.37540435791016,67262400,0.0,0.0,0.0
2006-04-27,129.89999389648438,131.6300048828125,129.58999633789062,131.02999877929688,90.81205749511719,124478600,0.0,0.0,0.0
2006-04-28,130.7899932861328,131.75,130.7100067138672,131.47000122070312,91.11699676513672,55854400,0.0,0.0,0.0
2006-05-01,131.47000122070312,131.8000030517578,130.32000732421875,130.39999389648438,90.37540435791016,64990300,0.0,0.0,0.0
2006-05-02,131.00999450683594,131.4600067138672,130.74000549316406,131.3800048828125,91.05461120605469,49063500,0.0,0.0,0.0
2006-05-03,131.14999389648438,131.32000732421875,130.4499969482422,130.88999938964844,90.71504211425781,60821300,0.0,0.0,0.0
2006-05-04,131.0800018310547,131.6199951171875,130.97000122070312,131.36000061035156,91.04075622558594,42921400,0.0,0.0,0.0
2006-05-05,132.0500030517578,132.8000030517578,131.85000610351562,132.52000427246094,91.84471130371094,62588200,0.0,0.0,0.0
2006-05-08,132.50999450683594,132.77000427246094,132.36000061035156,132.36000061035156,91.7338638305664,30016700,0.0,0.0,0.0
2006-05-09,132.4199981689453,132.77000427246094,132.30999755859375,132.6199951171875,91.91402435302734,29864000,0.0,0.0,0.0
2006-05-10,132.41000366210938,132.75,131.88999938964844,132.5500030517578,91.86551666259766,64378200,0.0,0.0,0.0
2006-05-11,132.50999450683594,132.5500030517578,130.52000427246094,130.9499969482422,90.75659942626953,80626900,0.0,0.0,0.0
2006-05-12,130.36000061035156,130.72000122070312,129.19000244140625,129.24000549316406,89.57145690917969,91726500,0.0,0.0,0.0
2006-05-15,128.7899932861328,129.74000549316406,128.61000061035156,129.5,89.75165557861328,84029300,0.0,0.0,0.0
2006-05-16,129.75999450683594,130.0,129.00999450683594,129.30999755859375,89.61998748779297,62137600,0.0,0.0,0.0
2006-05-17,128.6699981689453,129.10000610351562,126.7699966430664,126.8499984741211,87.9150390625,144789500,0.0,0.0,0.0
2006-05-18,127.3499984741211,127.75,126.11000061035156,126.20999908447266,87.47148132324219,87906300,0.0,0.0,0.0
2006-05-19,126.87000274658203,127.48999786376953,125.80000305175781,127.0999984741211,88.08831787109375,124309400,0.0,0.0,0.0
2006-05-22,126.27999877929688,127.16999816894531,125.5,126.12999725341797,87.41606140136719,110852800,0.0,0.0,0.0
2006-05-23,127.18000030517578,127.62999725341797,125.16999816894531,125.16999816894531,86.7507095336914,92006500,0.0,0.0,0.0
2006-05-24,125.68000030517578,126.88999938964844,124.76000213623047,126.16999816894531,87.44376373291016,168405000,0.0,0.0,0.0
2006-05-25,126.91999816894531,127.7300033569336,126.43000030517578,127.7300033569336,88.52497863769531,78977900,0.0,0.0,0.0
2006-05-26,128.00999450683594,128.3800048828125,127.51000213623047,128.3800048828125,88.97542572021484,62989700,0.0,0.0,0.0
2006-05-30,127.97000122070312,128.0,126.05000305175781,126.0999984741211,87.39525604248047,72419900,0.0,0.0,0.0
2006-05-31,126.62000274658203,127.51000213623047,126.19999694824219,127.51000213623047,88.3724594116211,86926200,0.0,0.0,0.0
2006-06-01,127.37999725341797,128.94000244140625,127.2699966430664,128.72999572753906,89.21798706054688,73721700,0.0,0.0,0.0
2006-06-02,129.25,129.42999267578125,128.32000732421875,129.0,89.40511322021484,91702600,0.0,0.0,0.0
2006-06-05,128.85000610351562,128.86000061035156,126.7699966430664,127.12000274658203,88.1021728515625,86105100,0.0,0.0,0.0
2006-06-06,127.20999908447266,127.37999725341797,125.76000213623047,126.80999755859375,87.88729858398438,130498600,0.0,0.0,0.0
2006-06-07,126.91000366210938,127.6500015258789,125.79000091552734,125.86000061035156,87.22893524169922,108599400,0.0,0.0,0.0
2006-06-08,125.58000183105469,126.5,123.87000274658203,125.75,87.15267944335938,204957200,0.0,0.0,0.0
2006-06-09,126.36000061035156,126.95999908447266,125.29000091552734,125.3499984741211,86.87543487548828,94972200,0.0,0.0,0.0
2006-06-12,125.87999725341797,125.93000030517578,123.81999969482422,123.98999786376953,85.93287658691406,95815900,0.0,0.0,0.0
2006-06-13,123.73999786376953,124.83999633789062,122.55000305175781,122.55000305175781,84.9348373413086,185688800,0.0,0.0,0.0
2006-06-14,122.83999633789062,123.62999725341797,122.33999633789062,123.5,85.59326171875,163566400,0.0,0.0,0.0
2006-06-15,123.94999694824219,126.36000061035156,123.86000061035156,126.12000274658203,87.40911102294922,134057000,0.0,0.0,0.0
2006-06-16,125.29000091552734,125.55999755859375,124.45999908447266,124.6500015258789,86.77210998535156,94253500,0.555,0.0,0.0
2006-06-19,125.4000015258789,125.4800033569336,123.55000305175781,123.66999816894531,86.08993530273438,95804400,0.0,0.0,0.0
2006-06-20,124.01000213623047,124.80999755859375,123.72000122070312,124.08999633789062,86.38232421875,65494700,0.0,0.0,0.0
2006-06-21,124.0,125.69999694824219,123.95999908447266,125.01000213623047,87.02278137207031,75008200,0.0,0.0,0.0
2006-06-22,124.94999694824219,125.05999755859375,124.04000091552734,124.45999908447266,86.63988494873047,74566100,0.0,0.0,0.0
2006-06-23,124.33000183105469,125.30000305175781,124.02999877929688,124.44000244140625,86.62596130371094,54107000,0.0,0.0,0.0
2006-06-26,124.54000091552734,125.05999755859375,124.25,124.98999786376953,87.00885772705078,37899600,0.0,0.0,0.0
2006-06-27,125.01000213623047,125.29000091552734,123.7699966430664,123.91000366210938,86.25702667236328,69780200,0.0,0.0,0.0
2006-06-28,124.19000244140625,124.7699966430664,123.6500015258789,124.75,86.84178161621094,62368100,0.0,0.0,0.0
2006-06-29,125.19999694824219,127.3499984741211,125.16999816894531,127.2699966430664,88.59600830078125,110634800,0.0,0.0,0.0
2006-06-30,127.54000091552734,127.66000366210938,126.95999908447266,127.27999877929688,88.60293579101562,54227800,0.0,0.0,0.0
2006-07-03,127.43000030517578,128.00999450683594,127.30999755859375,127.80000305175781,88.96497344970703,23914000,0.0,0.0,0.0
2006-07-05,127.29000091552734,127.44999694824219,126.5199966430664,127.06999969482422,88.45673370361328,69653400,0.0,0.0,0.0
2006-07-06,127.19999694824219,127.8499984741211,127.08000183105469,127.44000244140625,88.71432495117188,50100300,0.0,0.0,0.0
2006-07-07,127.19000244140625,127.55999755859375,126.29000091552734,126.61000061035156,88.13656616210938,81626500,0.0,0.0,0.0
2006-07-10,126.94000244140625,127.43000030517578,126.41000366210938,126.8499984741211,88.3036117553711,60964100,0.0,0.0,0.0
2006-07-11,126.61000061035156,127.41000366210938,125.94000244140625,127.41000366210938,88.69346618652344,73640800,0.0,0.0,0.0
2006-07-12,127.1500015258789,127.4000015258789,125.72000122070312,126.05000305175781,87.74669647216797,82561300,0.0,0.0,0.0
2006-07-13,125.44999694824219,125.68000030517578,124.0,124.0,86.31966400146484,102405700,0.0,0.0,0.0
2006-07-14,124.12999725341797,124.26000213623047,122.83000183105469,123.5199966430664,85.98555755615234,103242500,0.0,0.0,0.0
2006-07-17,123.5199966430664,124.0999984741211,123.1500015258789,123.33999633789062,85.8602294921875,81159000,0.0,0.0,0.0
2006-07-18,123.70999908447266,124.05000305175781,122.38999938964844,123.97000122070312,86.29875946044922,122771000,0.0,0.0,0.0
2006-07-19,124.18000030517578,126.26000213623047,123.72000122070312,125.69000244140625,87.49612426757812,133565300,0.0,0.0,0.0
2006-07-20,126.12000274658203,126.30000305175781,124.66000366210938,124.83000183105469,86.89743041992188,112259800,0.0,0.0,0.0
2006-07-21,125.1500015258789,125.19000244140625,123.81999969482422,123.94999694824219,86.28485107421875,101560000,0.0,0.0,0.0
2006-07-24,124.44000244140625,126.31999969482422,124.44000244140625,126.20999908447266,87.85812377929688,92884000,0.0,0.0,0.0
2006-07-25,125.9800033569336,127.30000305175781,125.72000122070312,126.66000366210938,88.1713638305664,95480700,0.0,0.0,0.0
2006-07-26,126.58999633789062,127.44999694824219,126.18000030517578,126.83000183105469,88.28971099853516,84525800,0.0,0.0,0.0
2006-07-27,127.37999725341797,127.69000244140625,126.19999694824219,126.70999908447266,88.20619201660156,87257100,0.0,0.0,0.0
2006-07-28,127.04000091552734,128.13999938964844,126.86000061035156,127.9800033569336,89.09025573730469,82137000,0.0,0.0,0.0
2006-07-31,127.66000366210938,127.95999908447266,127.44999694824219,127.8499984741211,88.9997329711914,49593100,0.0,0.0,0.0
2006-08-01,127.33999633789062,127.37999725341797,126.5999984741211,127.22000122070312,88.56118774414062,65225600,0.0,0.0,0.0
2006-08-02,127.58000183105469,128.4600067138672,127.55000305175781,128.0800018310547,89.15984344482422,64770900,0.0,0.0,0.0
2006-08-03,127.33999633789062,128.5500030517578,127.1500015258789,128.4199981689453,89.39653015136719,63693800,0.0,0.0,0.0
2006-08-04,129.0800018310547,129.42999267578125,127.4800033569336,128.1999969482422,89.24339294433594,96294200,0.0,0.0,0.0
2006-08-07,127.9000015258789,128.0800018310547,127.4000015258789,127.9000015258789,89.03457641601562,45377300,0.0,0.0,0.0
2006-08-08,128.08999633789062,128.4600067138672,126.94999694824219,127.41000366210938,88.69346618652344,90901300,0.0,0.0,0.0
2006-08-09,128.17999267578125,128.60000610351562,126.61000061035156,126.9800033569336,88.39411926269531,78910600,0.0,0.0,0.0
2006-08-10,126.58000183105469,127.5,126.27999877929688,127.37000274658203,88.66558837890625,69322300,0.0,0.0,0.0
2006-08-11,127.16999816894531,127.19999694824219,126.38999938964844,127.01000213623047,88.41500091552734,47482200,0.0,0.0,0.0
2006-08-14,127.62999725341797,128.16000366210938,126.91999816894531,127.11000061035156,88.484619140625,57839000,0.0,0.0,0.0
2006-08-15,128.25,128.8699951171875,127.9000015258789,128.6300048828125,89.542724609375,68143000,0.0,0.0,0.0
2006-08-16,129.32000732421875,129.88999938964844,129.0399932861328,129.6999969482422,90.28759002685547,71737600,0.0,0.0,0.0
2006-08-17,129.5800018310547,130.3699951171875,129.49000549316406,130.02999877929688,90.51729583740234,70992800,0.0,0.0,0.0
2006-08-18,130.19000244140625,130.69000244140625,129.58999633789062,130.69000244140625,90.97676086425781,58288400,0.0,0.0,0.0
2006-08-21,130.17999267578125,130.27999877929688,129.8000030517578,130.1300048828125,90.5869140625,42133600,0.0,0.0,0.0
2006-08-22,129.99000549316406,130.52000427246094,129.67999267578125,130.1199951171875,90.57996368408203,60839900,0.0,0.0,0.0
2006-08-23,130.17999267578125,130.44000244140625,129.19000244140625,129.75999450683594,90.329345703125,66592100,0.0,0.0,0.0
2006-08-24,129.99000549316406,130.10000610351562,129.39999389648438,129.64999389648438,90.25274658203125,57983000,0.0,0.0,0.0
2006-08-25,129.63999938964844,130.25,129.5500030517578,129.80999755859375,90.36414337158203,41756000,0.0,0.0,0.0
2006-08-28,129.64999389648438,130.82000732421875,129.63999938964844,130.42999267578125,90.79573059082031,52681500,0.0,0.0,0.0
2006-08-29,130.49000549316406,130.8300018310547,129.80999755859375,130.5800018310547,90.9001693725586,61817800,0.0,0.0,0.0
2006-08-30,130.8699951171875,131.0399932861328,130.5500030517578,130.66000366210938,90.95585632324219,50052200,0.0,0.0,0.0
2006-08-31,130.85000610351562,130.99000549316406,130.5800018310547,130.63999938964844,90.94193267822266,37510300,0.0,0.0,0.0
2006-09-01,131.13999938964844,131.5800018310547,130.83999633789062,131.4199981689453,91.48493194580078,48794500,0.0,0.0,0.0
2006-09-05,131.50999450683594,131.85000610351562,131.1999969482422,131.6699981689453,91.65896606445312,52348300,0.0,0.0,0.0
2006-09-06,131.11000061035156,131.16000366210938,130.3300018310547,130.50999450683594,90.85142517089844,53795600,0.0,0.0,0.0
2006-09-07,130.05999755859375,130.57000732421875,129.35000610351562,129.91000366210938,90.43377685546875,86269400,0.0,0.0,0.0
2006-09-08,130.0800018310547,130.4600067138672,129.8300018310547,130.27999877929688,90.69132995605469,45096300,0.0,0.0,0.0
2006-09-11,129.86000061035156,130.69000244140625,129.47999572753906,130.41000366210938,90.78185272216797,68496600,0.0,0.0,0.0
2006-09-12,130.55999755859375,131.83999633789062,130.3699951171875,131.69000244140625,91.67286682128906,69875600,0.0,0.0,0.0
2006-09-13,131.63999938964844,132.4499969482422,131.52000427246094,132.22000122070312,92.04182434082031,62898400,0.0,0.0,0.0
2006-09-14,131.9600067138672,132.24000549316406,131.75,132.22999572753906,92.04876708984375,57805400,0.0,0.0,0.0
2006-09-15,132.30999755859375,132.38999938964844,131.67999267578125,131.9600067138672,92.26485443115234,76703100,0.579,0.0,0.0
2006-09-18,131.7899932861328,132.38999938964844,131.64999389648438,132.13999938964844,92.39067840576172,64154100,0.0,0.0,0.0
2006-09-19,132.1199951171875,132.1300048828125,131.07000732421875,131.80999755859375,92.15997314453125,92089100,0.0,0.0,0.0
2006-09-20,132.25,132.77000427246094,132.05999755859375,132.50999450683594,92.6493911743164,75204100,0.0,0.0,0.0
2006-09-21,132.61000061035156,132.75,131.4199981689453,131.8699951171875,92.20191955566406,88932500,0.0,0.0,0.0
2006-09-22,131.6699981689453,131.67999267578125,131.0,131.47000122070312,91.92222595214844,65966800,0.0,0.0,0.0
2006-09-25,131.72999572753906,132.85000610351562,131.0500030517578,132.47999572753906,92.62841033935547,92299100,0.0,0.0,0.0
2006-09-26,132.5,133.60000610351562,132.39999389648438,133.5800018310547,93.39751434326172,73962700,0.0,0.0,0.0
2006-09-27,133.49000549316406,133.97000122070312,133.27000427246094,133.74000549316406,93.50941467285156,82432200,0.0,0.0,0.0
2006-09-28,133.74000549316406,133.99000549316406,133.27999877929688,133.69000244140625,93.47444152832031,58597500,0.0,0.0,0.0
2006-09-29,133.8000030517578,133.94000244140625,133.47999572753906,133.5800018310547,93.39751434326172,47966600,0.0,0.0,0.0
2006-10-02,133.5399932861328,133.8300018310547,132.9499969482422,133.0800018310547,93.04794311523438,51687400,0.0,0.0,0.0
2006-10-03,132.88999938964844,133.8699951171875,132.64999389648438,133.36000061035156,93.24371337890625,73108100,0.0,0.0,0.0
2006-10-04,133.22999572753906,135.0,133.0800018310547,134.9199981689453,94.33445739746094,80890500,0.0,0.0,0.0
2006-10-05,134.9199981689453,135.41000366210938,134.75,135.17999267578125,94.51622009277344,60505900,0.0,0.0,0.0
2006-10-06,134.9499969482422,135.10000610351562,134.39999389648438,135.00999450683594,94.39735412597656,64983600,0.0,0.0,0.0
2006-10-09,134.85000610351562,135.3000030517578,134.63999938964844,135.08999633789062,94.45331573486328,41176800,0.0,0.0,0.0
2006-10-10,135.10000610351562,135.4499969482422,134.83999633789062,135.27000427246094,94.57914733886719,56403700,0.0,0.0,0.0
2006-10-11,134.83999633789062,135.42999267578125,134.3000030517578,135.11000061035156,94.46727752685547,104071800,0.0,0.0,0.0
2006-10-12,135.4499969482422,136.38999938964844,135.39999389648438,136.27999877929688,95.28535461425781,59158600,0.0,0.0,0.0
2006-10-13,136.16000366210938,136.7100067138672,136.0399932861328,136.6300048828125,95.53004455566406,53944000,0.0,0.0,0.0
2006-10-16,136.52000427246094,137.0500030517578,136.4199981689453,136.83999633789062,95.6768569946289,42273000,0.0,0.0,0.0
2006-10-17,136.47000122070312,136.6999969482422,135.6699981689453,136.41000366210938,95.37622833251953,90500600,0.0,0.0,0.0
2006-10-18,137.0399932861328,137.3699951171875,136.10000610351562,136.58999633789062,95.50206756591797,86848600,0.0,0.0,0.0
2006-10-19,136.38999938964844,136.8800048828125,136.22999572753906,136.80999755859375,95.65591430664062,64063200,0.0,0.0,0.0
2006-10-20,136.83999633789062,136.9499969482422,136.3300018310547,136.83999633789062,95.6768569946289,48094500,0.0,0.0,0.0
2006-10-23,136.55999755859375,137.8000030517578,136.38999938964844,137.47000122070312,96.11736297607422,66219900,0.0,0.0,0.0
2006-10-24,137.27999877929688,137.92999267578125,137.22000122070312,137.8800048828125,96.40403747558594,53234900,0.0,0.0,0.0
2006-10-25,137.74000549316406,138.41000366210938,137.50999450683594,138.35000610351562,96.73263549804688,78105400,0.0,0.0,0.0
2006-10-26,138.66000366210938,139.0,137.97999572753906,138.77999877929688,97.03326416015625,66843700,0.0,0.0,0.0
2006-10-27,138.61000061035156,138.75,137.6300048828125,137.91000366210938,96.42500305175781,80238000,0.0,0.0,0.0
2006-10-30,137.66000366210938,138.1999969482422,137.39999389648438,137.80999755859375,96.35505676269531,49717800,0.0,0.0,0.0
2006-10-31,138.07000732421875,138.25999450683594,137.25,137.7899932861328,96.34111785888672,71274100,0.0,0.0,0.0
2006-11-01,138.22000122070312,138.30999755859375,136.72000122070312,136.86000061035156,95.69084930419922,83005600,0.0,0.0,0.0
2006-11-02,136.50999450683594,137.00999450683594,136.36000061035156,136.77999877929688,95.63489532470703,60693100,0.0,0.0,0.0
2006-11-03,137.27000427246094,137.38999938964844,135.6199951171875,136.5399932861328,95.4671401977539,71346400,0.0,0.0,0.0
2006-11-06,136.9600067138672,138.27999877929688,136.9499969482422,138.0800018310547,96.5438461303711,63303300,0.0,0.0,0.0
2006-11-07,138.1999969482422,138.97999572753906,138.0,138.61000061035156,96.91445922851562,63318900,0.0,0.0,0.0
2006-11-08,138.0,139.0500030517578,136.86000061035156,138.91000366210938,97.12423706054688,87517800,0.0,0.0,0.0
2006-11-09,139.00999450683594,139.13999938964844,137.89999389648438,138.17999267578125,96.61377716064453,95916300,0.0,0.0,0.0
2006-11-10,138.13999938964844,138.33999633789062,137.72000122070312,138.24000549316406,96.65574645996094,48991500,0.0,0.0,0.0
2006-11-13,138.17999267578125,139.0399932861328,138.07000732421875,138.5800018310547,96.89346313476562,59398200,0.0,0.0,0.0
2006-11-14,138.97000122070312,139.74000549316406,138.1199951171875,139.6199951171875,97.62060546875,96704000,0.0,0.0,0.0
2006-11-15,139.57000732421875,140.4499969482422,139.52999877929688,140.02000427246094,97.90032958984375,76509600,0.0,0.0,0.0
2006-11-16,140.44000244140625,140.67999267578125,139.49000549316406,140.3800048828125,98.15198516845703,76728800,0.0,0.0,0.0
2006-11-17,139.92999267578125,140.42999267578125,139.72999572753906,140.4199981689453,98.1799545288086,56353800,0.0,0.0,0.0
2006-11-20,140.3000030517578,140.74000549316406,139.94000244140625,140.5,98.23589324951172,69174200,0.0,0.0,0.0
2006-11-21,140.49000549316406,140.6699981689453,140.2899932861328,140.63999938964844,98.33377075195312,51367900,0.0,0.0,0.0
2006-11-22,140.75,141.16000366210938,140.5,140.9199981689453,98.52957153320312,45505300,0.0,0.0,0.0
2006-11-24,140.24000549316406,140.83999633789062,140.1999969482422,140.35000610351562,98.13101959228516,30998000,0.0,0.0,0.0
2006-11-27,140.27999877929688,140.35000610351562,138.3800048828125,138.4199981689453,96.78156280517578,84545100,0.0,0.0,0.0
2006-11-28,138.24000549316406,139.16000366210938,138.11000061035156,139.02000427246094,97.20111083984375,106652900,0.0,0.0,0.0
2006-11-29,139.47000122070312,140.52999877929688,139.0800018310547,140.47000122070312,98.2149429321289,90034900,0.0,0.0,0.0
2006-11-30,140.44000244140625,141.0500030517578,139.75999450683594,140.52999877929688,98.25689697265625,83994300,0.0,0.0,0.0
2006-12-01,140.52999877929688,140.66000366210938,138.97000122070312,140.22000122070312,98.04010772705078,126080000,0.0,0.0,0.0
2006-12-04,140.25,141.5500030517578,140.22999572753906,141.2899932861328,98.78829193115234,87813200,0.0,0.0,0.0
2006-12-05,141.55999755859375,141.9600067138672,141.25999450683594,141.89999389648438,99.21473693847656,73374400,0.0,0.0,0.0
2006-12-06,141.8699951171875,142.07000732421875,141.5,141.77999877929688,99.130859375,53253200,0.0,0.0,0.0
2006-12-07,142.02999877929688,142.3000030517578,141.11000061035156,141.16000366210938,98.69734191894531,62857400,0.0,0.0,0.0
2006-12-08,141.1300048828125,141.89999389648438,140.77999877929688,141.4199981689453,98.87909698486328,79625500,0.0,0.0,0.0
2006-12-11,141.4199981689453,142.08999633789062,141.33999633789062,141.8300018310547,99.16581726074219,39779400,0.0,0.0,0.0
2006-12-12,141.69000244140625,141.8699951171875,140.88999938964844,141.72000122070312,99.08892059326172,77451600,0.0,0.0,0.0
2006-12-13,142.22999572753906,142.33999633789062,141.55999755859375,141.8699951171875,99.1937484741211,55520200,0.0,0.0,0.0
2006-12-14,141.86000061035156,143.24000549316406,141.83999633789062,143.1199951171875,100.06777954101562,64755200,0.0,0.0,0.0
2006-12-15,142.63999938964844,142.88999938964844,142.24000549316406,142.33999633789062,100.07693481445312,70857400,0.793,0.0,0.0
2006-12-18,142.5399932861328,142.8800048828125,141.75,141.9499969482422,99.80265045166016,48954600,0.0,0.0,0.0
2006-12-19,141.5500030517578,142.55999755859375,141.19000244140625,142.22000122070312,99.9925308227539,65023600,0.0,0.0,0.0
2006-12-20,142.27999877929688,142.66000366210938,142.00999450683594,142.13999938964844,99.93630981445312,41469600,0.0,0.0,0.0
2006-12-21,142.27000427246094,142.42999267578125,141.32000732421875,141.6199951171875,99.57068634033203,48698400,0.0,0.0,0.0
2006-12-22,141.63999938964844,141.64999389648438,140.6699981689453,140.75,98.95903015136719,62069100,0.0,0.0,0.0
2006-12-26,140.80999755859375,141.61000061035156,140.77999877929688,141.5800018310547,99.5425796508789,32696900,0.0,0.0,0.0
2006-12-27,141.8699951171875,142.60000610351562,141.8300018310547,142.50999450683594,100.19644927978516,39727100,0.0,0.0,0.0
2006-12-28,142.41000366210938,142.6999969482422,141.99000549316406,142.2100067138672,99.98554229736328,37288800,0.0,0.0,0.0
2006-12-29,142.05999755859375,142.5399932861328,141.42999267578125,141.6199951171875,99.57068634033203,45461200,0.0,0.0,0.0
2007-01-03,142.25,142.86000061035156,140.57000732421875,141.3699951171875,99.3949203491211,94807600,0.0,0.0,0.0
2007-01-04,141.22999572753906,142.0500030517578,140.61000061035156,141.6699981689453,99.6058349609375,69620600,0.0,0.0,0.0
2007-01-05,141.3300018310547,141.39999389648438,140.3800048828125,140.5399932861328,98.81133270263672,76645300,0.0,0.0,0.0
2007-01-08,140.82000732421875,141.41000366210938,140.25,141.19000244140625,99.26834106445312,71655000,0.0,0.0,0.0
2007-01-09,141.30999755859375,141.60000610351562,140.39999389648438,141.07000732421875,99.18395233154297,75680100,0.0,0.0,0.0
2007-01-10,140.5800018310547,141.57000732421875,140.3000030517578,141.5399932861328,99.51444244384766,72428000,0.0,0.0,0.0
2007-01-11,141.5800018310547,142.6199951171875,141.5,142.16000366210938,99.95036315917969,54476800,0.0,0.0,0.0
2007-01-12,142.14999389648438,143.24000549316406,142.11000061035156,143.24000549316406,100.70970916748047,55370600,0.0,0.0,0.0
2007-01-16,143.07000732421875,143.44000244140625,142.72999572753906,142.9600067138672,100.51285552978516,44871300,0.0,0.0,0.0
2007-01-17,142.85000610351562,143.4600067138672,142.72999572753906,143.02000427246094,100.5550308227539,50241400,0.0,0.0,0.0
2007-01-18,143.1699981689453,143.25999450683594,142.30999755859375,142.5399932861328,100.21751403808594,68177300,0.0,0.0,0.0
2007-01-19,142.5399932861328,143.10000610351562,142.4600067138672,142.82000732421875,100.4144287109375,56973000,0.0,0.0,0.0
2007-01-22,143.07000732421875,143.10000610351562,141.92999267578125,142.3800048828125,100.10503387451172,60253600,0.0,0.0,0.0
2007-01-23,142.25999450683594,143.0800018310547,142.05999755859375,142.8000030517578,100.40034484863281,54064400,0.0,0.0,0.0
2007-01-24,142.97000122070312,143.97999572753906,142.91000366210938,143.9499969482422,101.20885467529297,55834700,0.0,0.0,0.0
2007-01-25,143.86000061035156,143.9199981689453,142.00999450683594,142.25999450683594,100.02064514160156,73583800,0.0,0.0,0.0
2007-01-26,142.57000732421875,142.64999389648438,141.5800018310547,142.1300048828125,99.92928314208984,67255600,0.0,0.0,0.0
2007-01-29,142.19000244140625,142.8000030517578,141.74000549316406,142.0500030517578,99.8730239868164,66114600,0.0,0.0,0.0
2007-01-30,142.35000610351562,142.86000061035156,142.05999755859375,142.7899932861328,100.3933334350586,70407600,0.0,0.0,0.0
2007-01-31,142.6300048828125,144.1300048828125,142.39999389648438,143.75,101.06825256347656,91868600,0.0,0.0,0.0
2007-02-01,144.14999389648438,144.66000366210938,143.91000366210938,144.61000061035156,101.67285919189453,69312400,0.0,0.0,0.0
2007-02-02,144.72999572753906,144.9499969482422,144.3800048828125,144.80999755859375,101.81352233886719,49607000,0.0,0.0,0.0
2007-02-05,144.6999969482422,144.94000244140625,144.33999633789062,144.85000610351562,101.84162902832031,45705300,0.0,0.0,0.0
2007-02-06,144.97000122070312,145.02999877929688,144.3300018310547,144.88999938964844,101.8697509765625,57081300,0.0,0.0,0.0
2007-02-07,145.1199951171875,145.36000061035156,144.57000732421875,145.2100067138672,102.09475708007812,55669700,0.0,0.0,0.0
2007-02-08,144.77999877929688,145.1199951171875,144.27000427246094,145.02000427246094,101.96118927001953,70641000,0.0,0.0,0.0
2007-02-09,145.05999755859375,145.3300018310547,143.38999938964844,143.94000244140625,101.20185089111328,79084400,0.0,0.0,0.0
2007-02-12,143.94000244140625,144.0399932861328,143.19000244140625,143.4499969482422,100.8573226928711,65657000,0.0,0.0,0.0
2007-02-13,143.77000427246094,144.89999389648438,143.75999450683594,144.66000366210938,101.70807647705078,64081800,0.0,0.0,0.0
2007-02-14,144.8000030517578,145.89999389648438,144.77999877929688,145.61000061035156,102.37593841552734,66039400,0.0,0.0,0.0
2007-02-15,145.6699981689453,145.9499969482422,145.42999267578125,145.8000030517578,102.5096206665039,38715200,0.0,0.0,0.0
2007-02-16,145.44000244140625,145.75999450683594,145.22999572753906,145.72999572753906,102.46036529541016,39841800,0.0,0.0,0.0
2007-02-20,145.55999755859375,146.1999969482422,145.0,146.0399932861328,102.67829132080078,56911800,0.0,0.0,0.0
2007-02-21,145.61000061035156,146.07000732421875,145.35000610351562,145.97999572753906,102.63612365722656,63971600,0.0,0.0,0.0
2007-02-22,146.0500030517578,146.4199981689453,145.1699981689453,145.8699951171875,102.55877685546875,79067400,0.0,0.0,0.0
2007-02-23,145.74000549316406,145.7899932861328,145.02999877929688,145.3000030517578,102.15804290771484,71966200,0.0,0.0,0.0
2007-02-26,145.8300018310547,145.9499969482422,144.75,145.1699981689453,102.066650390625,69192800,0.0,0.0,0.0
2007-02-27,143.8800048828125,144.1999969482422,139.0,139.5,98.08016204833984,274466500,0.0,0.0,0.0
2007-02-28,140.38999938964844,141.97999572753906,139.8000030517578,140.92999267578125,99.08552551269531,177536300,0.0,0.0,0.0
2007-03-01,139.33999633789062,141.25,138.0500030517578,140.50999450683594,98.790283203125,212828600,0.0,0.0,0.0
2007-03-02,140.0500030517578,140.66000366210938,138.66000366210938,138.6699981689453,97.49658966064453,162574000,0.0,0.0,0.0
2007-03-05,137.92999267578125,139.5800018310547,137.3300018310547,137.35000610351562,96.56855773925781,143750400,0.0,0.0,0.0
2007-03-06,138.77999877929688,140.1199951171875,137.72000122070312,139.6999969482422,98.22071075439453,143333300,0.0,0.0,0.0
2007-03-07,139.58999633789062,140.4600067138672,139.39999389648438,139.55999755859375,98.1223373413086,115144900,0.0,0.0,0.0
2007-03-08,140.5399932861328,141.16000366210938,140.07000732421875,140.74000549316406,98.95195770263672,117891600,0.0,0.0,0.0
2007-03-09,141.30999755859375,141.4199981689453,140.0800018310547,140.77999877929688,98.9801025390625,107765100,0.0,0.0,0.0
2007-03-12,140.4199981689453,141.33999633789062,140.16000366210938,140.99000549316406,99.12775421142578,80366900,0.0,0.0,0.0
2007-03-13,140.17999267578125,140.77000427246094,138.0399932861328,138.25,97.2012939453125,190605200,0.0,0.0,0.0
2007-03-14,138.42999267578125,139.36000061035156,136.75,139.27999877929688,97.92547607421875,231853800,0.0,0.0,0.0
2007-03-15,138.97000122070312,139.99000549316406,138.8000030517578,139.47000122070312,98.05903625488281,132435900,0.0,0.0,0.0
2007-03-16,139.30999755859375,139.6300048828125,138.1199951171875,138.52999877929688,97.78446960449219,121531600,0.551,0.0,0.0
2007-03-19,139.25999450683594,140.3300018310547,139.14999389648438,140.1999969482422,98.96327209472656,96161200,0.0,0.0,0.0
2007-03-20,140.0800018310547,141.0500030517578,139.9600067138672,140.97000122070312,99.50679016113281,82147400,0.0,0.0,0.0
2007-03-21,141.10000610351562,143.64999389648438,140.82000732421875,143.2899932861328,101.14442443847656,152368700,0.0,0.0,0.0
2007-03-22,143.47999572753906,143.67999267578125,142.7899932861328,143.17999267578125,101.06678009033203,118942200,0.0,0.0,0.0
2007-03-23,143.27999877929688,143.80999755859375,143.14999389648438,143.38999938964844,101.21502685546875,74416800,0.0,0.0,0.0
2007-03-26,143.5,143.64999389648438,142.08999633789062,143.1999969482422,101.08088684082031,113787500,0.0,0.0,0.0
2007-03-27,143.1199951171875,143.16000366210938,142.38999938964844,142.86000061035156,100.8409194946289,99864600,0.0,0.0,0.0
2007-03-28,142.13999938964844,142.47000122070312,141.25999450683594,141.82000732421875,100.1067886352539,152907900,0.0,0.0,0.0
2007-03-29,142.5399932861328,142.61000061035156,141.19000244140625,141.97000122070312,100.21270751953125,139432700,0.0,0.0,0.0
2007-03-30,142.24000549316406,142.83999633789062,140.55999755859375,142.0,100.23383331298828,128194100,0.0,0.0,0.0
2007-04-02,142.16000366210938,142.4600067138672,141.47999572753906,142.16000366210938,100.34681701660156,79416400,0.0,0.0,0.0
2007-04-03,142.97000122070312,143.97999572753906,142.91000366210938,143.69000244140625,101.42677307128906,82417800,0.0,0.0,0.0
2007-04-04,143.69000244140625,143.9499969482422,143.16000366210938,143.85000610351562,101.53972625732422,63995200,0.0,0.0,0.0
2007-04-05,143.6699981689453,144.44000244140625,143.61000061035156,144.24000549316406,101.81503295898438,46822800,0.0,0.0,0.0
2007-04-09,144.64999389648438,144.8000030517578,144.14999389648438,144.44000244140625,101.95616149902344,50967400,0.0,0.0,0.0
2007-04-10,144.3300018310547,144.85000610351562,144.27000427246094,144.61000061035156,102.07612609863281,56620000,0.0,0.0,0.0
2007-04-11,144.82000732421875,144.86000061035156,143.5399932861328,144.02000427246094,101.65969848632812,106365700,0.0,0.0,0.0
2007-04-12,143.74000549316406,144.9199981689453,143.33999633789062,144.66000366210938,102.11149597167969,115534400,0.0,0.0,0.0
2007-04-13,144.89999389648438,145.32000732421875,144.36000061035156,145.32000732421875,102.57740020751953,84287000,0.0,0.0,0.0
2007-04-16,145.8300018310547,146.86000061035156,145.82000732421875,146.6999969482422,103.55150604248047,83064600,0.0,0.0,0.0
2007-04-17,146.97000122070312,147.39999389648438,146.64999389648438,147.08999633789062,103.82672882080078,108424100,0.0,0.0,0.0
2007-04-18,146.60000610351562,147.6999969482422,146.57000732421875,147.27000427246094,103.95377349853516,88345300,0.0,0.0,0.0
2007-04-19,146.5500030517578,147.39999389648438,146.36000061035156,147.22999572753906,103.92555236816406,102947700,0.0,0.0,0.0
2007-04-20,148.22000122070312,148.6199951171875,147.0399932861328,148.6199951171875,104.9067153930664,124114100,0.0,0.0,0.0
2007-04-23,148.3699951171875,148.72999572753906,147.97000122070312,148.05999755859375,104.51138305664062,77270800,0.0,0.0,0.0
2007-04-24,148.22999572753906,148.39999389648438,147.32000732421875,148.1199951171875,104.55377960205078,114471000,0.0,0.0,0.0
2007-04-25,148.72999572753906,149.66000366210938,148.02000427246094,149.47999572753906,105.51377868652344,108418800,0.0,0.0,0.0
2007-04-26,149.49000549316406,149.8000030517578,149.10000610351562,149.64999389648438,105.63378143310547,88741600,0.0,0.0,0.0
2007-04-27,149.08999633789062,149.74000549316406,148.83999633789062,149.52999877929688,105.5490493774414,108191100,0.0,0.0,0.0
2007-04-30,149.63999938964844,149.74000549316406,148.2100067138672,148.2899932861328,104.67375183105469,100874100,0.0,0.0,0.0
2007-05-01,148.4199981689453,149.47000122070312,147.6699981689453,148.6699981689453,104.9420394897461,134342700,0.0,0.0,0.0
2007-05-02,148.89999389648438,149.9499969482422,148.75,149.5399932861328,105.55613708496094,87129800,0.0,0.0,0.0
2007-05-03,149.97000122070312,150.39999389648438,149.72999572753906,150.35000610351562,106.12791442871094,86569700,0.0,0.0,0.0
2007-05-04,150.75,151.1199951171875,150.22000122070312,150.9199981689453,106.5302505493164,96409000,0.0,0.0,0.0
2007-05-07,150.8800048828125,151.1999969482422,150.80999755859375,150.9499969482422,106.5513916015625,63461400,0.0,0.0,0.0
2007-05-08,150.5800018310547,150.9199981689453,150.1300048828125,150.75,106.41026306152344,80584000,0.0,0.0,0.0
2007-05-09,150.63999938964844,152.82000732421875,150.3699951171875,151.16000366210938,106.69964599609375,102070100,0.0,0.0,0.0
2007-05-10,150.72999572753906,151.02000427246094,149.27000427246094,149.5800018310547,105.58436584472656,153617800,0.0,0.0,0.0
2007-05-11,149.75,150.92999267578125,149.72000122070312,150.86000061035156,106.48789978027344,113408900,0.0,0.0,0.0
2007-05-14,150.86000061035156,151.3000030517578,149.7899932861328,150.52999877929688,106.25495147705078,108027500,0.0,0.0,0.0
2007-05-15,150.6999969482422,151.66000366210938,150.19000244140625,150.57000732421875,106.28316497802734,180673300,0.0,0.0,0.0
2007-05-16,150.8000030517578,151.6300048828125,150.3800048828125,151.60000610351562,107.01023864746094,114166500,0.0,0.0,0.0
2007-05-17,151.3800048828125,151.9600067138672,151.11000061035156,151.3000030517578,106.79845428466797,101132800,0.0,0.0,0.0
2007-05-18,152.00999450683594,152.6199951171875,151.80999755859375,152.6199951171875,107.73017120361328,99182000,0.0,0.0,0.0
2007-05-21,152.5800018310547,153.22999572753906,152.5,152.5399932861328,107.67369842529297,174664600,0.0,0.0,0.0
2007-05-22,152.6999969482422,153.16000366210938,152.3800048828125,152.4199981689453,107.58899688720703,82148800,0.0,0.0,0.0
2007-05-23,152.9499969482422,153.5,152.36000061035156,152.44000244140625,107.6031723022461,133786600,0.0,0.0,0.0
2007-05-24,152.52999877929688,153.2100067138672,150.74000549316406,151.05999755859375,106.6290512084961,187593000,0.0,0.0,0.0
2007-05-25,151.5,152.02000427246094,151.17999267578125,151.69000244140625,107.07376098632812,83309200,0.0,0.0,0.0
2007-05-29,151.94000244140625,152.5,151.4499969482422,152.24000549316406,107.46197509765625,82020000,0.0,0.0,0.0
2007-05-30,151.4600067138672,153.5399932861328,151.33999633789062,153.47999572753906,108.33724975585938,129013600,0.0,0.0,0.0
2007-05-31,153.6699981689453,153.88999938964844,153.1199951171875,153.32000732421875,108.22433471679688,114866700,0.0,0.0,0.0
2007-06-01,153.8800048828125,154.39999389648438,153.50999450683594,154.0800018310547,108.76077270507812,107771700,0.0,0.0,0.0
2007-06-04,153.5399932861328,154.38999938964844,153.47999572753906,154.10000610351562,108.77494049072266,78008800,0.0,0.0,0.0
2007-06-05,153.74000549316406,153.89999389648438,152.86000061035156,153.49000549316406,108.34429931640625,126917900,0.0,0.0,0.0
2007-06-06,152.86000061035156,152.9499969482422,151.75,151.83999633789062,107.17959594726562,164096800,0.0,0.0,0.0
2007-06-07,151.55999755859375,152.5,149.05999755859375,149.10000610351562,105.24551391601562,232414600,0.0,0.0,0.0
2007-06-08,149.5800018310547,151.19000244140625,149.08999633789062,151.0399932861328,106.61492919921875,175886000,0.0,0.0,0.0
2007-06-11,150.92999267578125,151.9499969482422,150.6999969482422,151.3000030517578,106.79845428466797,102015600,0.0,0.0,0.0
2007-06-12,150.6699981689453,151.5399932861328,149.5500030517578,149.64999389648438,105.63378143310547,233898000,0.0,0.0,0.0
2007-06-13,150.5,152.07000732421875,149.72000122070312,151.88999938964844,107.21490478515625,193208200,0.0,0.0,0.0
2007-06-14,152.05999755859375,153.1199951171875,152.02999877929688,152.86000061035156,107.89964294433594,146396500,0.0,0.0,0.0
2007-06-15,153.13999938964844,153.66000366210938,152.92999267578125,153.07000732421875,108.51350402832031,154030800,0.656,0.0,0.0
2007-06-18,153.3800048828125,153.38999938964844,152.66000366210938,152.88999938964844,108.3859634399414,88537500,0.0,0.0,0.0
2007-06-19,152.5500030517578,153.3800048828125,152.36000061035156,153.27000427246094,108.65535736083984,110851700,0.0,0.0,0.0
2007-06-20,153.5800018310547,153.5800018310547,150.9600067138672,151.13999938964844,107.14532470703125,177119700,0.0,0.0,0.0
2007-06-21,151.0800018310547,152.11000061035156,150.25,151.97999572753906,107.74082946777344,205262000,0.0,0.0,0.0
2007-06-22,151.52000427246094,151.77000427246094,149.85000610351562,150.5500030517578,106.72711181640625,204964700,0.0,0.0,0.0
2007-06-25,150.24000549316406,151.25,149.02000427246094,149.8300018310547,106.2166519165039,232014400,0.0,0.0,0.0
2007-06-26,150.2100067138672,150.4600067138672,148.27999877929688,148.2899932861328,105.12493133544922,198445700,0.0,0.0,0.0
2007-06-27,148.1300048828125,150.57000732421875,148.05999755859375,150.39999389648438,106.62071990966797,213638000,0.0,0.0,0.0
2007-06-28,150.3800048828125,151.41000366210938,149.6699981689453,150.3800048828125,106.6065444946289,157705000,0.0,0.0,0.0
2007-06-29,150.89999389648438,151.64999389648438,149.14999389648438,150.42999267578125,106.64202880859375,199701800,0.0,0.0,0.0
2007-07-02,150.8699951171875,151.9199981689453,150.77000427246094,151.7899932861328,107.60613250732422,103357000,0.0,0.0,0.0
2007-07-03,152.17999267578125,152.5,151.99000549316406,152.33999633789062,107.99603271484375,54048400,0.0,0.0,0.0
2007-07-05,152.39999389648438,152.55999755859375,151.6300048828125,152.17999267578125,107.8825912475586,89279000,0.0,0.0,0.0
2007-07-06,152.3800048828125,153.1699981689453,151.92999267578125,152.97999572753906,108.44971466064453,81109000,0.0,0.0,0.0
2007-07-09,153.16000366210938,153.36000061035156,152.6199951171875,153.10000610351562,108.53480529785156,72348100,0.0,0.0,0.0
2007-07-10,152.2899932861328,152.61000061035156,150.77000427246094,150.9199981689453,106.98939514160156,180362600,0.0,0.0,0.0
2007-07-11,150.75,152.0500030517578,150.52000427246094,151.99000549316406,107.7479248046875,175607600,0.0,0.0,0.0
2007-07-12,152.3699951171875,154.75,152.33999633789062,154.38999938964844,109.44930267333984,133882500,0.0,0.0,0.0
2007-07-13,154.57000732421875,155.4600067138672,154.38999938964844,154.85000610351562,109.77540588378906,111794300,0.0,0.0,0.0
2007-07-16,154.99000549316406,155.52999877929688,154.5800018310547,154.8300018310547,109.7612533569336,98378700,0.0,0.0,0.0
2007-07-17,154.92999267578125,155.47999572753906,154.67999267578125,154.75,109.70451354980469,126201300,0.0,0.0,0.0
2007-07-18,154.22999572753906,154.8000030517578,153.3000030517578,154.47000122070312,109.50603485107422,237887400,0.0,0.0,0.0
2007-07-19,155.1999969482422,155.52999877929688,154.75,155.07000732421875,109.93134307861328,145212700,0.0,0.0,0.0
2007-07-20,154.88999938964844,154.99000549316406,152.8300018310547,153.5,108.81838989257812,245502500,0.0,0.0,0.0
2007-07-23,154.17999267578125,154.72000122070312,153.3000030517578,153.97000122070312,109.15154266357422,121183900,0.0,0.0,0.0
2007-07-24,153.1199951171875,154.27999877929688,150.75999450683594,151.3000030517578,107.25875091552734,256732400,0.0,0.0,0.0
2007-07-25,152.02000427246094,152.38999938964844,150.25,151.61000061035156,107.47855377197266,265214500,0.0,0.0,0.0
2007-07-26,150.19000244140625,150.8000030517578,146.38999938964844,148.02000427246094,104.93354034423828,467592500,0.0,0.0,0.0
2007-07-27,148.2100067138672,148.8699951171875,145.0500030517578,145.11000061035156,102.87060546875,422987600,0.0,0.0,0.0
2007-07-30,145.92999267578125,147.80999755859375,145.2899932861328,147.3800048828125,104.47980499267578,283017500,0.0,0.0,0.0
2007-07-31,148.3300018310547,149.4600067138672,145.0399932861328,145.72000122070312,103.30304718017578,316976700,0.0,0.0,0.0
2007-08-01,145.17999267578125,147.00999450683594,143.9499969482422,146.42999267578125,103.80635833740234,467670000,0.0,0.0,0.0
2007-08-02,146.75999450683594,147.75999450683594,145.25999450683594,147.60000610351562,104.63581085205078,294758400,0.0,0.0,0.0
2007-08-03,147.27999877929688,147.5800018310547,143.1999969482422,143.8000030517578,101.94192504882812,359398200,0.0,0.0,0.0
2007-08-06,144.2100067138672,146.8300018310547,142.52999877929688,146.2100067138672,103.65043640136719,324980000,0.0,0.0,0.0
2007-08-07,145.94000244140625,149.0,145.22999572753906,147.77000427246094,104.75630187988281,232568700,0.0,0.0,0.0
2007-08-08,148.41000366210938,150.58999633789062,147.33999633789062,149.8300018310547,106.2166519165039,274930600,0.0,0.0,0.0
2007-08-09,147.42999267578125,148.9499969482422,145.2899932861328,145.38999938964844,103.06907653808594,357622100,0.0,0.0,0.0
2007-08-10,144.38999938964844,146.5,143.1199951171875,144.7100067138672,102.58705139160156,411018400,0.0,0.0,0.0
2007-08-13,146.5,146.88999938964844,145.02000427246094,145.22999572753906,102.95562744140625,181917200,0.0,0.0,0.0
2007-08-14,145.6999969482422,146.05999755859375,142.72000122070312,143.00999450683594,101.38184356689453,264134500,0.0,0.0,0.0
2007-08-15,142.72000122070312,144.4600067138672,140.6199951171875,141.0399932861328,99.98529815673828,323834000,0.0,0.0,0.0
2007-08-16,139.7899932861328,142.94000244140625,137.0,142.10000610351562,100.73675537109375,546743700,0.0,0.0,0.0
2007-08-17,145.5,145.80999755859375,141.38999938964844,144.7100067138672,102.58705139160156,388218100,0.0,0.0,0.0
2007-08-20,145.1699981689453,145.47000122070312,143.2899932861328,144.63999938964844,102.53739166259766,187320400,0.0,0.0,0.0
2007-08-21,144.60000610351562,145.97000122070312,144.13999938964844,144.92999267578125,102.74295806884766,157066400,0.0,0.0,0.0
2007-08-22,146.00999450683594,146.8000030517578,145.3300018310547,146.64999389648438,103.96224975585938,173156700,0.0,0.0,0.0
2007-08-23,147.33999633789062,147.64999389648438,145.61000061035156,146.52000427246094,103.87017059326172,203915300,0.0,0.0,0.0
2007-08-24,146.47999572753906,148.3300018310547,146.27999877929688,148.3300018310547,105.15330505371094,128901900,0.0,0.0,0.0
2007-08-27,147.85000610351562,148.3300018310547,146.72999572753906,146.9499969482422,104.1749496459961,113024300,0.0,0.0,0.0
2007-08-28,146.16000366210938,146.25,143.4600067138672,143.72000122070312,101.88516998291016,219790700,0.0,0.0,0.0
2007-08-29,144.3699951171875,146.74000549316406,143.9600067138672,146.5399932861328,103.88433074951172,207654200,0.0,0.0,0.0
2007-08-30,145.4499969482422,147.19000244140625,145.30999755859375,146.14999389648438,103.60784912109375,191817300,0.0,0.0,0.0
2007-08-31,147.64999389648438,148.5,146.8300018310547,147.58999633789062,104.62867736816406,185477500,0.0,0.0,0.0
2007-09-04,147.4499969482422,149.97999572753906,147.39999389648438,149.0800018310547,105.68496704101562,120062000,0.0,0.0,0.0
2007-09-05,148.1999969482422,148.36000061035156,147.0,147.7899932861328,104.77046203613281,166261800,0.0,0.0,0.0
2007-09-06,147.9499969482422,148.61000061035156,147.1199951171875,148.1300048828125,105.011474609375,127878400,0.0,0.0,0.0
2007-09-07,146.47999572753906,146.88999938964844,145.25999450683594,146.07000732421875,103.55111694335938,235447600,0.0,0.0,0.0
2007-09-10,146.52000427246094,146.72000122070312,144.3300018310547,145.7899932861328,103.35264587402344,192305900,0.0,0.0,0.0
2007-09-11,146.24000549316406,147.6999969482422,146.1300048828125,147.49000549316406,104.5577621459961,162081900,0.0,0.0,0.0
2007-09-12,147.2899932861328,148.44000244140625,146.97999572753906,147.8699951171875,104.8271713256836,149554600,0.0,0.0,0.0
2007-09-13,148.5500030517578,149.4499969482422,148.1999969482422,148.91000366210938,105.56446075439453,154079000,0.0,0.0,0.0
2007-09-14,147.9600067138672,149.08999633789062,147.74000549316406,148.89999389648438,105.55735778808594,121911000,0.0,0.0,0.0
2007-09-17,148.30999755859375,148.64999389648438,147.6300048828125,148.10000610351562,104.99024200439453,109870800,0.0,0.0,0.0
2007-09-18,148.8300018310547,152.5,148.1300048828125,152.4600067138672,108.08111572265625,263759500,0.0,0.0,0.0
2007-09-19,153.41000366210938,154.38999938964844,152.7100067138672,153.36000061035156,108.7190933227539,193779900,0.0,0.0,0.0
2007-09-20,153.33999633789062,153.42999267578125,152.11000061035156,152.27999877929688,107.95353698730469,175186800,0.0,0.0,0.0
2007-09-21,152.7100067138672,153.1199951171875,151.74000549316406,151.97000122070312,108.24478912353516,141457500,0.719,0.0,0.0
2007-09-24,152.4199981689453,152.82000732421875,151.36000061035156,151.69000244140625,108.04536437988281,139450200,0.0,0.0,0.0
2007-09-25,150.80999755859375,151.66000366210938,150.47000122070312,151.38999938964844,107.83170318603516,142289900,0.0,0.0,0.0
2007-09-26,152.25,152.77000427246094,151.38999938964844,152.19000244140625,108.40151977539062,135547000,0.0,0.0,0.0
2007-09-27,152.91000366210938,153.10000610351562,152.19000244140625,153.08999633789062,109.04254913330078,102713300,0.0,0.0,0.0
2007-09-28,152.85000610351562,153.19000244140625,151.97999572753906,152.5800018310547,108.6792984008789,133372100,0.0,0.0,0.0
2007-10-01,152.60000610351562,154.75,152.5,154.3000030517578,109.90447235107422,148162300,0.0,0.0,0.0
2007-10-02,154.61000061035156,154.64999389648438,153.80999755859375,154.08999633789062,109.75484466552734,112978800,0.0,0.0,0.0
2007-10-03,153.80999755859375,154.41000366210938,153.00999450683594,153.77999877929688,109.53398895263672,119055900,0.0,0.0,0.0
2007-10-04,154.11000061035156,154.25999450683594,153.58999633789062,154.02000427246094,109.70502471923828,76864400,0.0,0.0,0.0
2007-10-05,155.02999877929688,156.10000610351562,154.6300048828125,155.85000610351562,111.00846862792969,134579700,0.0,0.0,0.0
2007-10-08,155.38999938964844,155.49000549316406,154.77000427246094,155.02000427246094,110.41729736328125,71280400,0.0,0.0,0.0
2007-10-09,155.60000610351562,156.5,155.02999877929688,156.47999572753906,111.45714569091797,94054300,0.0,0.0,0.0
2007-10-10,156.0399932861328,156.44000244140625,155.41000366210938,156.22000122070312,111.27198791503906,101711100,0.0,0.0,0.0
2007-10-11,156.92999267578125,157.52000427246094,154.5399932861328,155.47000122070312,110.7377700805664,233529100,0.0,0.0,0.0
2007-10-12,155.4600067138672,156.35000610351562,155.27000427246094,156.3300018310547,111.35033416748047,124546700,0.0,0.0,0.0
2007-10-15,156.27000427246094,156.36000061035156,153.94000244140625,155.00999450683594,110.41010284423828,161151900,0.0,0.0,0.0
2007-10-16,154.41000366210938,154.52000427246094,153.47000122070312,153.77999877929688,109.53398895263672,166525700,0.0,0.0,0.0
2007-10-17,154.97999572753906,155.08999633789062,152.47000122070312,154.25,109.86882019042969,216687300,0.0,0.0,0.0
2007-10-18,153.4499969482422,154.19000244140625,153.0800018310547,153.69000244140625,109.46992492675781,148367500,0.0,0.0,0.0
2007-10-19,153.08999633789062,156.47999572753906,149.66000366210938,149.6699981689453,106.6065673828125,297169900,0.0,0.0,0.0
2007-10-22,148.86000061035156,150.75999450683594,148.66000366210938,150.5399932861328,107.22623443603516,261989800,0.0,0.0,0.0
2007-10-23,151.4600067138672,151.9499969482422,150.25,151.75999450683594,108.09521484375,180085100,0.0,0.0,0.0
2007-10-24,151.2100067138672,151.74000549316406,148.83999633789062,151.47999572753906,107.89578247070312,326694200,0.0,0.0,0.0
2007-10-25,151.64999389648438,152.2899932861328,149.8800048828125,151.83999633789062,108.15221405029297,237374500,0.0,0.0,0.0
2007-10-26,153.05999755859375,153.6199951171875,151.89999389648438,153.6199951171875,109.42009735107422,176484000,0.0,0.0,0.0
2007-10-29,153.92999267578125,154.44000244140625,153.5500030517578,154.1300048828125,109.78336334228516,106841000,0.0,0.0,0.0
2007-10-30,153.4499969482422,153.75,152.8699951171875,153.05999755859375,109.02120208740234,132981600,0.0,0.0,0.0
2007-10-31,153.97999572753906,155.27000427246094,152.83999633789062,154.64999389648438,110.15376281738281,220954400,0.0,0.0,0.0
2007-11-01,153.2899932861328,153.41000366210938,150.58999633789062,151.02999877929688,107.57524108886719,333040800,0.0,0.0,0.0
2007-11-02,151.52999877929688,152.0,149.2100067138672,151.1999969482422,107.69636535644531,331228200,0.0,0.0,0.0
2007-11-05,149.63999938964844,151.16000366210938,148.97000122070312,150.0500030517578,106.87727355957031,226841000,0.0,0.0,0.0
2007-11-06,150.86000061035156,152.11000061035156,149.89999389648438,152.07000732421875,108.3160629272461,177800500,0.0,0.0,0.0
2007-11-07,150.44000244140625,151.1300048828125,147.5500030517578,147.91000366210938,105.35301208496094,306639700,0.0,0.0,0.0
2007-11-08,147.99000549316406,148.39999389648438,145.07000732421875,147.16000366210938,104.81877899169922,374509900,0.0,0.0,0.0
2007-11-09,145.69000244140625,147.5399932861328,144.88999938964844,145.13999938964844,103.37997436523438,277745100,0.0,0.0,0.0
2007-11-12,145.2100067138672,146.61000061035156,143.6999969482422,143.6999969482422,102.35427856445312,243087800,0.0,0.0,0.0
2007-11-13,145.3699951171875,148.30999755859375,145.22000122070312,148.0800018310547,105.4739990234375,191117400,0.0,0.0,0.0
2007-11-14,149.22000122070312,149.39999389648438,146.77999877929688,147.6699981689453,105.18203735351562,230558800,0.0,0.0,0.0
2007-11-15,146.57000732421875,147.49000549316406,144.52000427246094,145.5399932861328,103.66490173339844,263111100,0.0,0.0,0.0
2007-11-16,146.30999755859375,146.47000122070312,144.57000732421875,145.7899932861328,103.84294128417969,308770600,0.0,0.0,0.0
2007-11-19,145.27999877929688,145.36000061035156,143.19000244140625,143.75999450683594,102.39704895019531,267746000,0.0,0.0,0.0
2007-11-20,144.02000427246094,145.52999877929688,142.11000061035156,144.63999938964844,103.02385711669922,414767500,0.0,0.0,0.0
2007-11-21,143.0800018310547,143.91000366210938,141.6699981689453,141.67999267578125,100.91546630859375,259012400,0.0,0.0,0.0
2007-11-23,143.07000732421875,144.33999633789062,142.6999969482422,144.1300048828125,102.66056060791016,77688400,0.0,0.0,0.0
2007-11-26,144.42999267578125,144.8800048828125,140.66000366210938,140.9499969482422,100.39553833007812,214232000,0.0,0.0,0.0
2007-11-27,141.74000549316406,143.22999572753906,140.9499969482422,142.57000732421875,101.54939270019531,293897900,0.0,0.0,0.0
2007-11-28,144.19000244140625,147.47000122070312,144.13999938964844,147.1300048828125,104.79744720458984,258596900,0.0,0.0,0.0
2007-11-29,146.6199951171875,147.72000122070312,146.10000610351562,147.17999267578125,104.83297729492188,199409900,0.0,0.0,0.0
2007-11-30,149.0399932861328,149.8699951171875,147.3300018310547,148.66000366210938,105.88720703125,222908000,0.0,0.0,0.0
2007-12-03,148.19000244140625,148.4499969482422,147.2899932861328,147.67999267578125,105.18917083740234,146430400,0.0,0.0,0.0
2007-12-04,146.66000366210938,147.5399932861328,146.30999755859375,146.36000061035156,104.24897003173828,136533900,0.0,0.0,0.0
2007-12-05,147.92999267578125,149.1999969482422,147.8300018310547,148.80999755859375,105.99401092529297,171130000,0.0,0.0,0.0
2007-12-06,148.6300048828125,151.2100067138672,148.57000732421875,150.94000244140625,107.51123046875,154457400,0.0,0.0,0.0
2007-12-07,151.4199981689453,151.5,150.5500030517578,150.91000366210938,107.48985290527344,148980100,0.0,0.0,0.0
2007-12-10,151.27999877929688,152.25,150.86000061035156,152.0800018310547,108.32316589355469,123914300,0.0,0.0,0.0
2007-12-11,152.13999938964844,152.88999938964844,147.8300018310547,147.91000366210938,105.35301208496094,250346400,0.0,0.0,0.0
2007-12-12,151.05999755859375,151.77000427246094,147.1999969482422,149.3699951171875,106.39291381835938,322435600,0.0,0.0,0.0
2007-12-13,148.32000732421875,149.38999938964844,147.3000030517578,149.05999755859375,106.17208862304688,237551300,0.0,0.0,0.0
2007-12-14,147.92999267578125,149.10000610351562,147.10000610351562,147.1699981689453,104.82588958740234,159152900,0.0,0.0,0.0
2007-12-17,146.61000061035156,146.8699951171875,144.86000061035156,145.07000732421875,103.33011627197266,177269400,0.0,0.0,0.0
2007-12-18,146.10000610351562,146.47999572753906,143.9600067138672,145.8800048828125,103.90705108642578,245569300,0.0,0.0,0.0
2007-12-19,145.94000244140625,146.88999938964844,144.94000244140625,145.8800048828125,103.90705108642578,198917200,0.0,0.0,0.0
2007-12-20,146.83999633789062,146.86000061035156,145.17999267578125,146.8000030517578,104.56237030029297,214813800,0.0,0.0,0.0
2007-12-21,147.3699951171875,148.4199981689453,147.08999633789062,148.1300048828125,106.06963348388672,146084400,0.775,0.0,0.0
2007-12-24,148.82000732421875,149.47999572753906,148.47999572753906,149.22999572753906,106.85733032226562,45601400,0.0,0.0,0.0
2007-12-26,148.64999389648438,149.67999267578125,148.5,149.5500030517578,107.08646392822266,67093100,0.0,0.0,0.0
2007-12-27,149.02000427246094,149.02999877929688,147.32000732421875,147.6699981689453,105.7402572631836,122981700,0.0,0.0,0.0
2007-12-28,148.5399932861328,148.61000061035156,146.89999389648438,147.3000030517578,105.47533416748047,116398100,0.0,0.0,0.0
2007-12-31,147.10000610351562,147.61000061035156,146.05999755859375,146.2100067138672,104.69481658935547,108126800,0.0,0.0,0.0
2008-01-02,146.52999877929688,146.99000549316406,143.8800048828125,144.92999267578125,103.77825927734375,204935600,0.0,0.0,0.0
2008-01-03,144.91000366210938,145.49000549316406,144.07000732421875,144.86000061035156,103.72815704345703,125133300,0.0,0.0,0.0
2008-01-04,143.33999633789062,143.44000244140625,140.91000366210938,141.30999755859375,101.18614959716797,232330900,0.0,0.0,0.0
2008-01-07,141.80999755859375,142.22999572753906,140.10000610351562,141.19000244140625,101.1001968383789,234991000,0.0,0.0,0.0
2008-01-08,142.0800018310547,142.89999389648438,138.44000244140625,138.91000366210938,99.46759796142578,326365700,0.0,0.0,0.0
2008-01-09,139.08999633789062,140.7899932861328,137.6999969482422,140.3699951171875,100.51304626464844,301824900,0.0,0.0,0.0
2008-01-10,139.67999267578125,142.8000030517578,139.3699951171875,141.2899932861328,101.17180633544922,335701200,0.0,0.0,0.0
2008-01-11,140.77999877929688,141.89999389648438,139.0,140.14999389648438,100.35546875,267076600,0.0,0.0,0.0
2008-01-14,141.16000366210938,141.86000061035156,140.39999389648438,141.27999877929688,101.16463470458984,170365500,0.0,0.0,0.0
2008-01-15,139.7899932861328,141.49000549316406,137.89999389648438,138.1699981689453,98.93769073486328,239940100,0.0,0.0,0.0
2008-01-16,137.36000061035156,139.1199951171875,136.27999877929688,136.97999572753906,98.08561706542969,378802600,0.0,0.0,0.0
2008-01-17,137.80999755859375,137.8800048828125,132.92999267578125,133.42999267578125,95.5435791015625,397892600,0.0,0.0,0.0
2008-01-18,134.74000549316406,135.02000427246094,131.10000610351562,132.05999755859375,94.56261444091797,348561500,0.0,0.0,0.0
2008-01-22,127.20999908447266,132.42999267578125,126.0,130.72000122070312,93.60308074951172,435923700,0.0,0.0,0.0
2008-01-23,127.08999633789062,134.19000244140625,126.83999633789062,133.86000061035156,95.85144805908203,511913000,0.0,0.0,0.0
2008-01-24,134.47999572753906,135.4600067138672,133.30999755859375,134.99000549316406,96.66065979003906,259949300,0.0,0.0,0.0
2008-01-25,136.50999450683594,136.75999450683594,132.60000610351562,133.0399932861328,95.26433563232422,269603900,0.0,0.0,0.0
2008-01-28,133.25999450683594,135.52000427246094,132.05999755859375,135.24000549316406,96.83966064453125,217934600,0.0,0.0,0.0
2008-01-29,136.10000610351562,136.4499969482422,134.8800048828125,135.91000366210938,97.31940460205078,168968300,0.0,0.0,0.0
2008-01-30,135.5800018310547,138.5399932861328,134.60000610351562,134.91000366210938,96.60340881347656,334939200,0.0,0.0,0.0
2008-01-31,133.39999389648438,138.5399932861328,133.1999969482422,137.3699951171875,98.36487579345703,343680800,0.0,0.0,0.0
2008-02-01,137.94000244140625,139.61000061035156,137.52000427246094,139.5800018310547,99.94734191894531,206843600,0.0,0.0,0.0
2008-02-04,139.2100067138672,139.3000030517578,137.63999938964844,137.82000732421875,98.68712615966797,124694300,0.0,0.0,0.0
2008-02-05,135.94000244140625,136.25,133.6699981689453,134.1300048828125,96.04486083984375,286882500,0.0,0.0,0.0
2008-02-06,134.5800018310547,135.25,132.41000366210938,133.0500030517578,95.27149963378906,250792900,0.0,0.0,0.0
2008-02-07,131.8000030517578,134.7899932861328,131.72999572753906,133.92999267578125,95.90159606933594,297368100,0.0,0.0,0.0
2008-02-08,133.08999633789062,134.22000122070312,132.10000610351562,133.07000732421875,95.28581237792969,221643500,0.0,0.0,0.0
2008-02-11,133.10000610351562,134.22999572753906,132.0399932861328,133.75,95.77278137207031,188576300,0.0,0.0,0.0
2008-02-12,134.91000366210938,136.30999755859375,133.97999572753906,134.99000549316406,96.66065979003906,256654400,0.0,0.0,0.0
2008-02-13,136.00999450683594,137.05999755859375,135.13999938964844,136.3699951171875,97.64881896972656,181967800,0.0,0.0,0.0
2008-02-14,136.9499969482422,137.0,134.7899932861328,135.1699981689453,96.78950500488281,215207200,0.0,0.0,0.0
2008-02-15,134.5,135.22000122070312,133.91000366210938,135.13999938964844,96.76803588867188,154110300,0.0,0.0,0.0
2008-02-19,136.72000122070312,136.88999938964844,134.61000061035156,135.52000427246094,97.04020690917969,145190000,0.0,0.0,0.0
2008-02-20,133.99000549316406,136.5500030517578,133.75999450683594,135.9199981689453,97.32660675048828,220085700,0.0,0.0,0.0
2008-02-21,136.66000366210938,137.00999450683594,134.07000732421875,134.7899932861328,96.5174331665039,201051200,0.0,0.0,0.0
2008-02-22,134.97000122070312,135.85000610351562,132.86000061035156,135.6199951171875,97.11177062988281,205491000,0.0,0.0,0.0
2008-02-25,135.5399932861328,137.64999389648438,134.77999877929688,137.3300018310547,98.33621215820312,190107000,0.0,0.0,0.0
2008-02-26,136.75,138.9499969482422,136.5,138.36000061035156,99.07377624511719,212420700,0.0,0.0,0.0
2008-02-27,137.55999755859375,139.13999938964844,137.41000366210938,138.22000122070312,98.97354125976562,168395800,0.0,0.0,0.0
2008-02-28,137.24000549316406,137.9600067138672,136.5500030517578,136.8699951171875,98.0068359375,170831100,0.0,0.0,0.0
2008-02-29,135.60000610351562,135.67999267578125,132.77999877929688,133.82000732421875,95.8228759765625,252715200,0.0,0.0,0.0
2008-03-03,133.13999938964844,133.80999755859375,132.24000549316406,133.5,95.59373474121094,189483500,0.0,0.0,0.0
2008-03-04,132.22999572753906,133.39999389648438,130.99000549316406,132.99000549316406,95.22855377197266,282513100,0.0,0.0,0.0
2008-03-05,133.4199981689453,134.77000427246094,132.33999633789062,133.8300018310547,95.83002471923828,270681400,0.0,0.0,0.0
2008-03-06,132.97999572753906,133.22000122070312,130.5500030517578,131.05999755859375,93.84654998779297,247911700,0.0,0.0,0.0
2008-03-07,129.77000427246094,131.74000549316406,128.5800018310547,129.7100067138672,92.87989044189453,326434600,0.0,0.0,0.0
2008-03-10,129.83999633789062,129.92999267578125,127.58999633789062,128.0,91.6553955078125,235683600,0.0,0.0,0.0
2008-03-11,130.72000122070312,132.72000122070312,128.9499969482422,132.60000610351562,94.94931030273438,341440600,0.0,0.0,0.0
2008-03-12,132.74000549316406,133.77000427246094,131.16000366210938,131.36000061035156,94.06135559082031,229161100,0.0,0.0,0.0
2008-03-13,129.61000061035156,132.63999938964844,128.60000610351562,131.64999389648438,94.26900482177734,351504200,0.0,0.0,0.0
2008-03-14,132.77000427246094,132.80999755859375,127.77999877929688,129.61000061035156,92.80827331542969,484687800,0.0,0.0,0.0
2008-03-17,126.56999969482422,129.25999450683594,126.06999969482422,128.3000030517578,91.87022399902344,405311100,0.0,0.0,0.0
2008-03-18,130.6199951171875,133.69000244140625,129.97999572753906,133.6300048828125,95.68684387207031,334416600,0.0,0.0,0.0
2008-03-19,134.13999938964844,134.64999389648438,130.0399932861328,130.32000732421875,93.31665802001953,345971600,0.0,0.0,0.0
2008-03-20,130.0500030517578,132.91000366210938,129.25999450683594,132.0800018310547,95.04515838623047,245320700,0.642,0.0,0.0
2008-03-24,133.30999755859375,135.80999755859375,133.24000549316406,134.72000122070312,96.94487762451172,208977300,0.0,0.0,0.0
2008-03-25,134.86000061035156,135.5500030517578,133.77000427246094,134.85000610351562,97.03842163085938,192947200,0.0,0.0,0.0
2008-03-26,134.4600067138672,135.08999633789062,133.11000061035156,133.1999969482422,95.85112762451172,196934300,0.0,0.0,0.0
2008-03-27,134.1999969482422,134.44000244140625,132.36000061035156,132.77999877929688,95.54886627197266,225153200,0.0,0.0,0.0
2008-03-28,132.99000549316406,133.36000061035156,131.05999755859375,131.50999450683594,94.63494873046875,180896100,0.0,0.0,0.0
2008-03-31,131.2899932861328,132.72999572753906,131.08999633789062,131.97000122070312,94.96600341796875,166692100,0.0,0.0,0.0
2008-04-01,133.61000061035156,136.83999633789062,133.50999450683594,136.61000061035156,98.30497741699219,254547300,0.0,0.0,0.0
2008-04-02,137.0500030517578,137.6699981689453,135.97999572753906,136.6999969482422,98.3697509765625,210910800,0.0,0.0,0.0
2008-04-03,135.9600067138672,137.44000244140625,135.7100067138672,137.0399932861328,98.61439514160156,175884800,0.0,0.0,0.0
2008-04-04,137.1199951171875,137.9600067138672,136.1199951171875,136.88999938964844,98.50643157958984,204446800,0.0,0.0,0.0
2008-04-07,137.8699951171875,138.57000732421875,136.74000549316406,136.9600067138672,98.55681610107422,154245500,0.0,0.0,0.0
2008-04-08,136.19000244140625,136.9199981689453,135.9499969482422,136.82000732421875,98.4560546875,148937300,0.0,0.0,0.0
2008-04-09,136.61000061035156,136.8000030517578,134.88999938964844,135.8300018310547,97.74365234375,195610600,0.0,0.0,0.0
2008-04-10,135.4199981689453,136.6699981689453,134.89999389648438,136.02000427246094,97.88038635253906,192967800,0.0,0.0,0.0
2008-04-11,134.49000549316406,135.1199951171875,133.00999450683594,133.3800048828125,95.98062896728516,222973300,0.0,0.0,0.0
2008-04-14,133.19000244140625,133.5399932861328,132.5500030517578,132.92999267578125,95.65682220458984,160522000,0.0,0.0,0.0
2008-04-15,133.5800018310547,133.69000244140625,132.3300018310547,133.24000549316406,95.8799057006836,172389200,0.0,0.0,0.0
2008-04-16,134.5399932861328,136.91000366210938,134.52000427246094,136.85000610351562,98.47765350341797,189268900,0.0,0.0,0.0
2008-04-17,136.02000427246094,137.25,135.66000366210938,137.0500030517578,98.62159729003906,179665700,0.0,0.0,0.0
2008-04-18,138.94000244140625,139.55999755859375,138.25999450683594,138.47999572753906,99.65059661865234,218530600,0.0,0.0,0.0
2008-04-21,138.22999572753906,138.97999572753906,137.85000610351562,138.5500030517578,99.70099639892578,118587400,0.0,0.0,0.0
2008-04-22,138.19000244140625,138.30999755859375,136.89999389648438,137.94000244140625,99.26203155517578,162166000,0.0,0.0,0.0
2008-04-23,138.08999633789062,138.77999877929688,137.1199951171875,137.72000122070312,99.10372161865234,193309000,0.0,0.0,0.0
2008-04-24,138.0800018310547,139.74000549316406,137.0399932861328,138.32000732421875,99.53546142578125,229381300,0.0,0.0,0.0
2008-04-25,139.39999389648438,139.88999938964844,137.91000366210938,139.60000610351562,100.45660400390625,190788100,0.0,0.0,0.0
2008-04-28,139.8800048828125,140.25,139.3800048828125,139.6300048828125,100.47821044921875,105610200,0.0,0.0,0.0
2008-04-29,139.38999938964844,139.72999572753906,138.61000061035156,139.0800018310547,100.0823745727539,125514100,0.0,0.0,0.0
2008-04-30,139.2899932861328,140.58999633789062,138.25999450683594,138.25999450683594,99.49232482910156,208395900,0.0,0.0,0.0
2008-05-01,138.3800048828125,141.1199951171875,138.27000427246094,141.1199951171875,101.55033874511719,187279500,0.0,0.0,0.0
2008-05-02,142.33999633789062,142.3699951171875,140.55999755859375,141.50999450683594,101.83094787597656,181585500,0.0,0.0,0.0
2008-05-05,141.0500030517578,141.61000061035156,140.41000366210938,140.8300018310547,101.3416748046875,118504500,0.0,0.0,0.0
2008-05-06,140.02000427246094,142.1999969482422,139.69000244140625,142.0500030517578,102.21955871582031,179339800,0.0,0.0,0.0
2008-05-07,141.88999938964844,142.0399932861328,139.1300048828125,139.52000427246094,100.39897918701172,199267300,0.0,0.0,0.0
2008-05-08,139.74000549316406,140.32000732421875,138.97999572753906,139.16000366210938,100.13992309570312,178321200,0.0,0.0,0.0
2008-05-09,138.60000610351562,139.38999938964844,138.4499969482422,138.89999389648438,99.95284271240234,152588200,0.0,0.0,0.0
2008-05-12,139.25,140.55999755859375,138.72999572753906,140.4600067138672,101.07545471191406,147865900,0.0,0.0,0.0
2008-05-13,140.8000030517578,140.88999938964844,139.72999572753906,140.47999572753906,101.08982849121094,159132200,0.0,0.0,0.0
2008-05-14,141.07000732421875,142.1999969482422,140.4600067138672,140.77000427246094,101.29849243164062,181910800,0.0,0.0,0.0
2008-05-15,141.0399932861328,142.6300048828125,140.8300018310547,142.52999877929688,102.5649642944336,166927000,0.0,0.0,0.0
2008-05-16,142.86000061035156,142.8699951171875,141.61000061035156,142.66000366210938,102.65853881835938,204236800,0.0,0.0,0.0
2008-05-19,142.80999755859375,144.3000030517578,142.3000030517578,143.0500030517578,102.93916320800781,165664400,0.0,0.0,0.0
2008-05-20,142.27000427246094,142.33999633789062,141.0,141.88999938964844,102.10447692871094,178552100,0.0,0.0,0.0
2008-05-21,141.80999755859375,142.1199951171875,139.0,139.49000549316406,100.37739562988281,252724800,0.0,0.0,0.0
2008-05-22,139.42999267578125,140.1699981689453,139.0,139.50999450683594,100.39183044433594,170820400,0.0,0.0,0.0
2008-05-23,139.0500030517578,139.66000366210938,137.52000427246094,137.63999938964844,99.046142578125,181376400,0.0,0.0,0.0
2008-05-27,137.8000030517578,139.0,137.52999877929688,138.66000366210938,99.78007507324219,168322900,0.0,0.0,0.0
2008-05-28,139.1699981689453,140.0,138.0,139.3000030517578,100.24068450927734,181288100,0.0,0.0,0.0
2008-05-29,139.1300048828125,140.92999267578125,139.0800018310547,140.0,100.74443054199219,173927200,0.0,0.0,0.0
2008-05-30,140.47000122070312,140.74000549316406,139.94000244140625,140.35000610351562,100.99629211425781,117362000,0.0,0.0,0.0
2008-06-02,139.8300018310547,139.86000061035156,138.0,138.89999389648438,99.95284271240234,181069900,0.0,0.0,0.0
2008-06-03,139.3000030517578,139.6199951171875,137.22999572753906,138.08999633789062,99.36994934082031,271965700,0.0,0.0,0.0
2008-06-04,137.6999969482422,139.16000366210938,137.4600067138672,138.02000427246094,99.31959533691406,246637700,0.0,0.0,0.0
2008-06-05,138.5800018310547,140.88999938964844,138.32000732421875,140.77999877929688,101.30570220947266,237867100,0.0,0.0,0.0
2008-06-06,139.5500030517578,139.8000030517578,136.22000122070312,136.2899932861328,98.07466888427734,384276300,0.0,0.0,0.0
2008-06-09,136.86000061035156,137.5,135.41000366210938,136.6199951171875,98.31217193603516,228263900,0.0,0.0,0.0
2008-06-10,135.6699981689453,137.10000610351562,135.35000610351562,135.94000244140625,97.82279205322266,260234900,0.0,0.0,0.0
2008-06-11,135.97000122070312,136.25999450683594,133.92999267578125,133.94000244140625,96.38359832763672,283890100,0.0,0.0,0.0
2008-06-12,134.60000610351562,135.8699951171875,133.52000427246094,134.4499969482422,96.7506332397461,252791800,0.0,0.0,0.0
2008-06-13,135.1699981689453,136.52000427246094,134.4199981689453,136.14999389648438,97.97391510009766,244726900,0.0,0.0,0.0
2008-06-16,135.5500030517578,136.92999267578125,135.4600067138672,136.22999572753906,98.0315170288086,185832500,0.0,0.0,0.0
2008-06-17,137.07000732421875,137.1199951171875,135.3699951171875,135.57000732421875,97.55659484863281,191707700,0.0,0.0,0.0
2008-06-18,134.69000244140625,135.52000427246094,133.7100067138672,134.25,96.60669708251953,265893000,0.0,0.0,0.0
2008-06-19,134.14999389648438,135.24000549316406,133.5,134.4199981689453,96.72901916503906,304204900,0.0,0.0,0.0
2008-06-20,132.83999633789062,133.08999633789062,131.22000122070312,131.5800018310547,95.15895080566406,289275700,0.669,0.0,0.0
2008-06-23,132.08999633789062,132.22999572753906,131.32000732421875,131.4499969482422,95.0649185180664,165096400,0.0,0.0,0.0
2008-06-24,131.0500030517578,132.44000244140625,130.19000244140625,131.19000244140625,94.87689208984375,267300600,0.0,0.0,0.0
2008-06-25,131.72000122070312,133.39999389648438,131.24000549316406,131.80999755859375,95.32527160644531,287853900,0.0,0.0,0.0
2008-06-26,130.57000732421875,131.4199981689453,128.0800018310547,128.22999572753906,92.73621368408203,297775000,0.0,0.0,0.0
2008-06-27,128.27999877929688,128.86000061035156,127.04000091552734,127.52999877929688,92.2299575805664,303423400,0.0,0.0,0.0
2008-06-30,127.88999938964844,128.91000366210938,127.30000305175781,127.9800033569336,92.55541229248047,258842600,0.0,0.0,0.0
2008-07-01,126.5199966430664,128.47000122070312,125.93000030517578,128.3800048828125,92.84467315673828,388622000,0.0,0.0,0.0
2008-07-02,128.7899932861328,129.16000366210938,125.94999694824219,126.18000030517578,91.25365447998047,288064600,0.0,0.0,0.0
2008-07-03,127.11000061035156,127.11000061035156,124.98999786376953,126.30999755859375,91.34764862060547,239352500,0.0,0.0,0.0
2008-07-07,126.79000091552734,127.33999633789062,123.91999816894531,125.0199966430664,90.41473388671875,372427300,0.0,0.0,0.0
2008-07-08,124.98999786376953,127.38999938964844,124.19999694824219,127.23999786376953,92.02023315429688,375973700,0.0,0.0,0.0
2008-07-09,127.5,127.73999786376953,124.38999938964844,124.79000091552734,90.2483901977539,336729400,0.0,0.0,0.0
2008-07-10,124.43000030517578,125.79000091552734,123.58000183105469,125.30000305175781,90.61721801757812,436475700,0.0,0.0,0.0
2008-07-11,123.97000122070312,125.9000015258789,122.48999786376953,123.83999633789062,89.56136322021484,481124600,0.0,0.0,0.0
2008-07-14,125.26000213623047,125.5,122.4000015258789,122.72000122070312,88.75137329101562,322720800,0.0,0.0,0.0
2008-07-15,121.80000305175781,123.48999786376953,120.0199966430664,120.98999786376953,87.50020599365234,502502500,0.0,0.0,0.0
2008-07-16,121.44999694824219,124.56999969482422,121.0999984741211,123.95999908447266,89.64817810058594,371642900,0.0,0.0,0.0
2008-07-17,125.13999938964844,126.26000213623047,124.08999633789062,125.19999694824219,90.54490661621094,375490600,0.0,0.0,0.0
2008-07-18,126.16999816894531,126.41999816894531,125.1500015258789,125.9800033569336,91.10901641845703,267030100,0.0,0.0,0.0
2008-07-21,126.51000213623047,126.80000305175781,125.19000244140625,126.05000305175781,91.15963745117188,222863000,0.0,0.0,0.0
2008-07-22,125.1500015258789,127.80000305175781,124.8499984741211,127.4800033569336,92.19380950927734,296904200,0.0,0.0,0.0
2008-07-23,127.88999938964844,129.14999389648438,127.55000305175781,128.1699981689453,92.69281768798828,311698400,0.0,0.0,0.0
2008-07-24,128.33999633789062,128.41000366210938,125.16000366210938,125.51000213623047,90.76908874511719,248634500,0.0,0.0,0.0
2008-07-25,125.88999938964844,126.48999786376953,125.16999816894531,125.4800033569336,90.7474136352539,219131000,0.0,0.0,0.0
2008-07-28,125.51000213623047,126.05999755859375,123.41999816894531,123.63999938964844,89.4167251586914,205201300,0.0,0.0,0.0
2008-07-29,123.9800033569336,126.37999725341797,123.63999938964844,126.27999877929688,91.32598114013672,261505600,0.0,0.0,0.0
2008-07-30,127.11000061035156,128.60000610351562,126.27999877929688,128.52999877929688,92.95319366455078,354710000,0.0,0.0,0.0
2008-07-31,127.4000015258789,128.57000732421875,126.62999725341797,126.83000183105469,91.72374725341797,277402100,0.0,0.0,0.0
2008-08-01,127.12000274658203,127.27999877929688,125.45999908447266,126.16000366210938,91.23918914794922,248690900,0.0,0.0,0.0
2008-08-04,126.04000091552734,126.13999938964844,124.76000213623047,124.98999786376953,90.39305114746094,188239600,0.0,0.0,0.0
2008-08-05,126.0199966430664,128.55999755859375,124.97000122070312,128.36000061035156,92.8302230834961,251577600,0.0,0.0,0.0
2008-08-06,128.02000427246094,129.3000030517578,127.4800033569336,128.92999267578125,93.2424545288086,209555400,0.0,0.0,0.0
2008-08-07,127.95999908447266,128.44000244140625,126.54000091552734,127.01000213623047,91.85388946533203,246312500,0.0,0.0,0.0
2008-08-08,126.58000183105469,129.92999267578125,126.37999725341797,129.3699951171875,93.5606918334961,260811700,0.0,0.0,0.0
2008-08-11,129.47000122070312,131.50999450683594,129.22999572753906,130.7100067138672,94.52980041503906,249425800,0.0,0.0,0.0
2008-08-12,130.27999877929688,130.6999969482422,128.72999572753906,129.35000610351562,93.54621124267578,213200800,0.0,0.0,0.0
2008-08-13,128.7899932861328,129.64999389648438,127.66999816894531,128.57000732421875,92.98210144042969,256393200,0.0,0.0,0.0
2008-08-14,127.83999633789062,130.27999877929688,127.75,129.5399932861328,93.68362426757812,239555300,0.0,0.0,0.0
2008-08-15,129.92999267578125,130.5,129.3000030517578,130.1699981689453,94.13921356201172,181000800,0.0,0.0,0.0
2008-08-18,130.42999267578125,130.47999572753906,127.66000366210938,128.38999938964844,92.85195922851562,172275100,0.0,0.0,0.0
2008-08-19,127.41999816894531,127.69000244140625,126.52999877929688,126.98999786376953,91.83943176269531,194673700,0.0,0.0,0.0
2008-08-20,127.38999938964844,127.94999694824219,126.33999633789062,127.58000183105469,92.26615142822266,225498200,0.0,0.0,0.0
2008-08-21,126.75,128.44000244140625,126.5999984741211,127.80000305175781,92.42523956298828,180609800,0.0,0.0,0.0
2008-08-22,128.6699981689453,129.64999389648438,127.80000305175781,129.64999389648438,93.76316833496094,167715300,0.0,0.0,0.0
2008-08-25,128.8000030517578,129.64999389648438,126.75,127.0199966430664,91.86111450195312,171936900,0.0,0.0,0.0
2008-08-26,127.0199966430664,127.87000274658203,126.58000183105469,127.38999938964844,92.12871551513672,159117200,0.0,0.0,0.0
2008-08-27,127.55000305175781,128.8300018310547,127.30000305175781,128.6300048828125,93.0255126953125,171032800,0.0,0.0,0.0
2008-08-28,129.27999877929688,130.33999633789062,129.11000061035156,130.19000244140625,94.1536865234375,167537100,0.0,0.0,0.0
2008-08-29,129.72999572753906,130.13999938964844,128.50999450683594,128.7899932861328,93.1412124633789,189195800,0.0,0.0,0.0
2008-09-02,130.02999877929688,130.7100067138672,127.5199966430664,127.98999786376953,92.56262969970703,252364900,0.0,0.0,0.0
2008-09-03,127.87999725341797,128.5,126.93000030517578,127.87999725341797,92.48309326171875,251947000,0.0,0.0,0.0
2008-09-04,126.97000122070312,127.2300033569336,123.95999908447266,124.02999877929688,89.69876098632812,340042500,0.0,0.0,0.0
2008-09-05,123.29000091552734,124.94999694824219,122.0,124.41999816894531,89.9808349609375,289503400,0.0,0.0,0.0
2008-09-08,128.0399932861328,128.24000549316406,124.41999816894531,126.98999786376953,91.83943176269531,364075300,0.0,0.0,0.0
2008-09-09,127.0999984741211,127.36000061035156,122.80000305175781,123.22000122070312,89.1129379272461,377326800,0.0,0.0,0.0
2008-09-10,123.88999938964844,124.9000015258789,122.55000305175781,123.72000122070312,89.47459411621094,298916600,0.0,0.0,0.0
2008-09-11,122.12000274658203,125.73999786376953,121.5999984741211,125.51000213623047,90.76908874511719,375369400,0.0,0.0,0.0
2008-09-12,124.29000091552734,126.20999908447266,123.83000183105469,126.08999633789062,91.18856048583984,297851200,0.0,0.0,0.0
2008-09-15,121.62999725341797,125.6500015258789,119.88999938964844,120.08999633789062,86.84934997558594,483607000,0.0,0.0,0.0
2008-09-16,117.19999694824219,122.31999969482422,117.0,122.0999984741211,88.30300903320312,581744300,0.0,0.0,0.0
2008-09-17,119.63999938964844,121.8499984741211,116.0,116.61000061035156,84.33261108398438,624095600,0.0,0.0,0.0
2008-09-18,118.05000305175781,121.79000091552734,113.80000305175781,120.06999969482422,86.83487701416016,776114700,0.0,0.0,0.0
2008-09-19,126.69999694824219,128.0,123.33000183105469,124.12000274658203,90.28341674804688,501087800,0.691,0.0,0.0
2008-09-22,124.44999694824219,124.75,120.36000061035156,121.30999755859375,88.239501953125,249966500,0.0,0.0,0.0
2008-09-23,120.8499984741211,122.0199966430664,118.27999877929688,118.55000305175781,86.23188781738281,327470400,0.0,0.0,0.0
2008-09-24,119.3499984741211,120.0,117.79000091552734,118.93000030517578,86.50830841064453,311818400,0.0,0.0,0.0
2008-09-25,119.4000015258789,121.91000366210938,118.44000244140625,120.79000091552734,87.86123657226562,328253000,0.0,0.0,0.0
2008-09-26,118.83000183105469,121.5,118.51000213623047,120.8499984741211,87.90487670898438,285917400,0.0,0.0,0.0
2008-09-29,119.13999938964844,119.33999633789062,110.97000122070312,111.37999725341797,81.01652526855469,459562300,0.0,0.0,0.0
2008-09-30,113.51000213623047,116.80000305175781,110.52999877929688,115.98999786376953,84.36975860595703,328154400,0.0,0.0,0.0
2008-10-01,115.2699966430664,116.69000244140625,113.94999694824219,116.05999755859375,84.42070770263672,332783000,0.0,0.0,0.0
2008-10-02,114.94999694824219,115.11000061035156,111.05999755859375,111.8499984741211,81.35838317871094,365337800,0.0,0.0,0.0
2008-10-03,112.86000061035156,115.44999694824219,109.68000030517578,110.33999633789062,80.260009765625,461798000,0.0,0.0,0.0
2008-10-06,107.1500015258789,107.62000274658203,100.63999938964844,104.72000122070312,76.17210388183594,610637500,0.0,0.0,0.0
2008-10-07,106.83999633789062,107.33000183105469,99.6500015258789,100.02999877929688,72.76065826416016,540012100,0.0,0.0,0.0
2008-10-08,97.5199966430664,102.18000030517578,96.80999755859375,97.51000213623047,70.9276351928711,725414800,0.0,0.0,0.0
2008-10-09,99.66000366210938,100.62000274658203,90.25,90.69999694824219,65.97407531738281,534485200,0.0,0.0,0.0
2008-10-10,86.76000213623047,93.94000244140625,83.58000183105469,88.5,64.37387084960938,871026300,0.0,0.0,0.0
2008-10-13,93.87000274658203,101.3499984741211,89.94999694824219,101.3499984741211,73.72081756591797,455584000,0.0,0.0,0.0
2008-10-14,104.69999694824219,105.52999877929688,97.11000061035156,99.8499984741211,72.62969207763672,546268300,0.0,0.0,0.0
2008-10-15,97.45999908447266,97.80000305175781,89.70999908447266,90.0199966430664,65.47948455810547,484627500,0.0,0.0,0.0
2008-10-16,91.29000091552734,94.7699966430664,86.54000091552734,93.7699966430664,68.20719146728516,708811200,0.0,0.0,0.0
2008-10-17,91.98999786376953,98.58999633789062,91.6500015258789,93.20999908447266,67.79983520507812,476649000,0.0,0.0,0.0
2008-10-20,95.3499984741211,99.0999984741211,94.08999633789062,98.80999755859375,71.87325286865234,321294200,0.0,0.0,0.0
2008-10-21,96.97000122070312,98.63999938964844,95.22000122070312,95.86000061035156,69.72745513916016,356502000,0.0,0.0,0.0
2008-10-22,93.19999694824219,95.86000061035156,87.52999877929688,90.63999938964844,65.93048095703125,516168000,0.0,0.0,0.0
2008-10-23,90.29000091552734,92.44999694824219,85.80999755859375,91.69000244140625,66.69422912597656,634666400,0.0,0.0,0.0
2008-10-24,84.05999755859375,89.91999816894531,84.0,87.04000091552734,63.311885833740234,545812600,0.0,0.0,0.0
2008-10-27,85.97000122070312,89.51000213623047,83.69999694824219,83.94999694824219,61.06423568725586,397288600,0.0,0.0,0.0
2008-10-28,87.33999633789062,94.23999786376953,84.52999877929688,93.76000213623047,68.19992065429688,639939500,0.0,0.0,0.0
2008-10-29,93.7699966430664,97.16999816894531,92.0999984741211,93.08000183105469,67.7052993774414,531270100,0.0,0.0,0.0
2008-10-30,95.77999877929688,96.54000091552734,92.9000015258789,96.30000305175781,70.0475082397461,414582100,0.0,0.0,0.0
2008-10-31,95.08000183105469,98.56999969482422,94.4800033569336,96.83000183105469,70.43299102783203,411394000,0.0,0.0,0.0
2008-11-03,96.77999877929688,97.69000244140625,95.94999694824219,97.11000061035156,70.6366958618164,205419400,0.0,0.0,0.0
2008-11-04,99.05999755859375,100.86000061035156,96.70999908447266,100.41000366210938,73.03705596923828,346793400,0.0,0.0,0.0
2008-11-05,99.19999694824219,100.70999908447266,95.0,96.19000244140625,69.96748352050781,387844100,0.0,0.0,0.0
2008-11-06,94.45999908447266,95.44000244140625,90.05999755859375,90.86000061035156,66.09049224853516,477721900,0.0,0.0,0.0
2008-11-07,91.6500015258789,94.0,90.5,93.86000061035156,68.27265930175781,380391000,0.0,0.0,0.0
2008-11-10,95.20999908447266,95.52999877929688,90.91999816894531,92.62999725341797,67.37797546386719,301773000,0.0,0.0,0.0
2008-11-11,90.76000213623047,92.13999938964844,88.6500015258789,89.7699966430664,65.29764556884766,418498200,0.0,0.0,0.0
2008-11-12,88.2300033569336,88.94999694824219,85.12000274658203,85.81999969482422,62.42440414428711,454330600,0.0,0.0,0.0
2008-11-13,86.12999725341797,91.7300033569336,82.08999633789062,91.16999816894531,66.31598663330078,753141900,0.0,0.0,0.0
2008-11-14,89.41000366210938,92.05999755859375,86.5199966430664,86.62000274658203,63.00639724731445,540352300,0.0,0.0,0.0
2008-11-17,86.37999725341797,88.55999755859375,85.16000366210938,85.47000122070312,62.169883728027344,415254900,0.0,0.0,0.0
2008-11-18,85.1500015258789,87.22000122070312,82.91000366210938,87.08000183105469,63.34098815917969,523811800,0.0,0.0,0.0
2008-11-19,85.91000366210938,86.87000274658203,80.91999816894531,81.5,59.28214645385742,558327600,0.0,0.0,0.0
2008-11-20,80.12999725341797,82.51000213623047,75.05000305175781,75.44999694824219,54.881473541259766,814180400,0.0,0.0,0.0
2008-11-21,77.45999908447266,80.9000015258789,74.33999633789062,79.5199966430664,57.84191131591797,718536500,0.0,0.0,0.0
2008-11-24,81.91999816894531,86.98999786376953,80.36000061035156,85.02999877929688,61.849853515625,523305300,0.0,0.0,0.0
2008-11-25,87.30000305175781,87.51000213623047,83.81999969482422,85.66000366210938,62.308109283447266,454112400,0.0,0.0,0.0
2008-11-26,84.30000305175781,89.19000244140625,84.23999786376953,88.97000122070312,64.71573638916016,370134200,0.0,0.0,0.0
2008-11-28,88.62999725341797,90.12999725341797,88.4800033569336,90.08999633789062,65.5304183959961,118308100,0.0,0.0,0.0
2008-12-01,87.51000213623047,87.55000305175781,81.86000061035156,82.11000061035156,59.72587585449219,369927100,0.0,0.0,0.0
2008-12-02,83.47000122070312,85.48999786376953,82.04000091552734,85.2699966430664,62.02438735961914,469508400,0.0,0.0,0.0
2008-12-03,83.4000015258789,87.83000183105469,83.13999938964844,87.31999969482422,63.515567779541016,519863500,0.0,0.0,0.0
2008-12-04,86.05999755859375,88.05000305175781,83.73999786376953,85.30000305175781,62.04623794555664,444173800,0.0,0.0,0.0
2008-12-05,83.6500015258789,88.41999816894531,82.23999786376953,87.93000030517578,63.959232330322266,471905300,0.0,0.0,0.0
2008-12-08,90.33999633789062,92.37999725341797,88.08000183105469,91.0,66.19235229492188,412859300,0.0,0.0,0.0
2008-12-09,90.37000274658203,92.12999725341797,88.9800033569336,89.5,65.10127258300781,370790000,0.0,0.0,0.0
2008-12-10,90.31999969482422,91.36000061035156,89.0,90.11000061035156,65.5449447631836,396187400,0.0,0.0,0.0
2008-12-11,89.54000091552734,91.0,87.37000274658203,87.94000244140625,63.96653366088867,365061000,0.0,0.0,0.0
2008-12-12,85.55000305175781,89.06999969482422,85.19999694824219,88.98999786376953,64.73027801513672,415060400,0.0,0.0,0.0
2008-12-15,89.0199966430664,89.1500015258789,86.29000091552734,87.75,63.82831573486328,256694200,0.0,0.0,0.0
2008-12-16,91.87999725341797,92.0199966430664,88.18000030517578,91.87999725341797,66.83241271972656,377699500,0.0,0.0,0.0
2008-12-17,90.83999633789062,92.43000030517578,90.05999755859375,90.98999786376953,66.18505859375,281819800,0.0,0.0,0.0
2008-12-18,91.4000015258789,91.66999816894531,88.20999908447266,89.29000091552734,64.94849395751953,374673300,0.0,0.0,0.0
2008-12-19,89.0999984741211,90.62000274658203,88.08999633789062,88.19000244140625,64.66911315917969,301451300,0.719,0.0,0.0
2008-12-22,88.58000183105469,88.66999816894531,85.48999786376953,87.05999755859375,63.84046173095703,243759500,0.0,0.0,0.0
2008-12-23,87.52999877929688,87.93000030517578,85.80000305175781,86.16000366210938,63.18051528930664,221625200,0.0,0.0,0.0
2008-12-24,86.44999694824219,86.87000274658203,86.0,86.66000366210938,63.54719543457031,62061600,0.0,0.0,0.0
2008-12-26,87.23999786376953,87.30000305175781,86.5,87.16000366210938,63.913822174072266,74767700,0.0,0.0,0.0
2008-12-29,87.23999786376953,87.33000183105469,85.5999984741211,86.91000366210938,63.73048400878906,127795900,0.0,0.0,0.0
2008-12-30,87.51000213623047,89.05000305175781,86.87999725341797,88.97000122070312,65.24109649658203,168256300,0.0,0.0,0.0
2008-12-31,89.08000183105469,90.97000122070312,88.87000274658203,90.23999786376953,66.1723861694336,193987200,0.0,0.0,0.0
2009-01-02,90.44000244140625,93.44000244140625,89.8499984741211,92.95999908447266,68.16693115234375,227566300,0.0,0.0,0.0
2009-01-05,92.62999725341797,93.66000366210938,91.88999938964844,92.8499984741211,68.08625793457031,240349700,0.0,0.0,0.0
2009-01-06,93.63999938964844,94.44999694824219,92.68000030517578,93.47000122070312,68.54090881347656,328260900,0.0,0.0,0.0
2009-01-07,92.0,92.26000213623047,90.19999694824219,90.66999816894531,66.48770141601562,280899200,0.0,0.0,0.0
2009-01-08,90.16000366210938,91.08999633789062,89.66999816894531,91.04000091552734,66.75901794433594,263834400,0.0,0.0,0.0
2009-01-09,91.16000366210938,91.31999969482422,85.36000061035156,89.08999633789062,65.32908630371094,330953600,0.0,0.0,0.0
2009-01-12,88.83999633789062,88.91000366210938,86.41000366210938,86.94999694824219,63.7598762512207,277858500,0.0,0.0,0.0
2009-01-13,86.7300033569336,87.87999725341797,86.19999694824219,87.11000061035156,63.87716293334961,356432300,0.0,0.0,0.0
2009-01-14,85.54000091552734,85.75,83.16000366210938,84.37000274658203,61.867919921875,435491600,0.0,0.0,0.0
2009-01-15,84.12000274658203,85.25,81.72000122070312,84.4000015258789,61.88993835449219,532647300,0.0,0.0,0.0
2009-01-16,85.86000061035156,85.98999786376953,83.05000305175781,85.05999755859375,62.373897552490234,399237200,0.0,0.0,0.0
2009-01-20,84.2300033569336,85.05999755859375,80.05000305175781,80.56999969482422,59.081424713134766,419855200,0.0,0.0,0.0
2009-01-21,81.94000244140625,84.23999786376953,80.47000122070312,84.05000305175781,61.6332893371582,364360700,0.0,0.0,0.0
2009-01-22,82.41999816894531,84.04000091552734,81.16999816894531,82.75,60.68000793457031,427940300,0.0,0.0,0.0
2009-01-23,80.9000015258789,83.98999786376953,80.56999969482422,83.11000061035156,60.944007873535156,386800600,0.0,0.0,0.0
2009-01-26,83.58999633789062,85.36000061035156,82.80999755859375,83.68000030517578,61.36195373535156,317978800,0.0,0.0,0.0
2009-01-27,84.12999725341797,85.1500015258789,83.30000305175781,84.52999877929688,61.98525619506836,273789700,0.0,0.0,0.0
2009-01-28,86.4000015258789,87.94999694824219,86.06999969482422,87.38999938964844,64.08246612548828,330007000,0.0,0.0,0.0
2009-01-29,86.11000061035156,87.48999786376953,84.47000122070312,84.55000305175781,61.99993896484375,294392500,0.0,0.0,0.0
2009-01-30,84.9800033569336,85.4000015258789,82.20999908447266,82.83000183105469,60.738651275634766,383383600,0.0,0.0,0.0
2009-02-02,81.56999969482422,83.18000030517578,81.30999755859375,82.58000183105469,60.55533981323242,288233300,0.0,0.0,0.0
2009-02-03,83.0999984741211,84.36000061035156,82.22000122070312,83.73999786376953,61.40594482421875,278385800,0.0,0.0,0.0
2009-02-04,84.30000305175781,85.37000274658203,83.04000091552734,83.33000183105469,61.10529327392578,322989300,0.0,0.0,0.0
2009-02-05,82.69999694824219,85.29000091552734,77.7300033569336,84.56999969482422,62.014591217041016,417679400,0.0,0.0,0.0
2009-02-06,84.86000061035156,87.33999633789062,84.68000030517578,86.9800033569336,63.7818489074707,366101700,0.0,0.0,0.0
2009-02-09,86.95999908447266,87.73999786376953,86.31999969482422,87.0999984741211,63.86982345581055,240075200,0.0,0.0,0.0
2009-02-10,86.2699966430664,87.02999877929688,82.44999694824219,83.11000061035156,60.944007873535156,536212800,0.0,0.0,0.0
2009-02-11,83.44999694824219,84.05000305175781,82.4000015258789,83.5999984741211,61.30329513549805,324442500,0.0,0.0,0.0
2009-02-12,82.16999816894531,83.81999969482422,81.05000305175781,83.66000366210938,61.34730911254883,469302200,0.0,0.0,0.0
2009-02-13,83.55000305175781,84.23999786376953,82.73999786376953,82.76000213623047,60.68733596801758,293998400,0.0,0.0,0.0
2009-02-17,80.16000366210938,82.95999908447266,79.16999816894531,79.22000122070312,58.09144592285156,478910100,0.0,0.0,0.0
2009-02-18,79.79000091552734,79.94000244140625,78.27999877929688,79.02999877929688,57.952152252197266,362964800,0.0,0.0,0.0
2009-02-19,79.83999633789062,80.1500015258789,78.0199966430664,78.18000030517578,57.328826904296875,316867500,0.0,0.0,0.0
2009-02-20,76.7300033569336,78.33999633789062,75.7699966430664,77.41999816894531,56.771549224853516,477176600,0.0,0.0,0.0
2009-02-23,78.2699966430664,78.2699966430664,74.58999633789062,74.6500015258789,54.740325927734375,379641400,0.0,0.0,0.0
2009-02-24,75.29000091552734,77.94999694824219,74.69999694824219,77.4800033569336,56.8155517578125,426260900,0.0,0.0,0.0
2009-02-25,77.13999938964844,78.41999816894531,75.62999725341797,76.87000274658203,56.368247985839844,461985800,0.0,0.0,0.0
2009-02-26,77.81999969482422,79.66999816894531,75.52999877929688,75.62000274658203,55.45161819458008,363353900,0.0,0.0,0.0
2009-02-27,74.01000213623047,75.69000244140625,73.80999755859375,73.93000030517578,54.21234130859375,470510900,0.0,0.0,0.0
2009-03-02,72.5199966430664,73.91999816894531,70.37000274658203,70.5999984741211,51.770477294921875,426452600,0.0,0.0,0.0
2009-03-03,71.61000061035156,71.69999694824219,69.63999938964844,70.06999969482422,51.38186264038086,443761000,0.0,0.0,0.0
2009-03-04,71.2300033569336,72.87000274658203,70.06999969482422,71.7300033569336,52.59910583496094,462753100,0.0,0.0,0.0
2009-03-05,70.0999984741211,71.7300033569336,68.16999816894531,68.80000305175781,50.45056915283203,485549400,0.0,0.0,0.0
2009-03-06,69.4000015258789,70.44999694824219,67.0999984741211,68.91999816894531,50.5385627746582,490470000,0.0,0.0,0.0
2009-03-09,67.94999694824219,70.0,67.7300033569336,68.11000061035156,49.944576263427734,379905300,0.0,0.0,0.0
2009-03-10,69.51000213623047,72.37000274658203,69.37000274658203,72.16999816894531,52.921756744384766,406227900,0.0,0.0,0.0
2009-03-11,73.0,73.75,71.83000183105469,72.63999938964844,53.266380310058594,356648300,0.0,0.0,0.0
2009-03-12,72.62000274658203,75.75,71.97000122070312,75.5,55.36362838745117,409702700,0.0,0.0,0.0
2009-03-13,76.01000213623047,76.9800033569336,74.7300033569336,76.08999633789062,55.7962646484375,337474700,0.0,0.0,0.0
2009-03-16,76.95999908447266,77.97000122070312,75.80999755859375,75.86000061035156,55.62761688232422,360644900,0.0,0.0,0.0
2009-03-17,76.06999969482422,78.36000061035156,75.44999694824219,78.18000030517578,57.328826904296875,356814300,0.0,0.0,0.0
2009-03-18,77.80999755859375,80.9000015258789,77.06999969482422,79.93000030517578,58.61211013793945,473273200,0.0,0.0,0.0
2009-03-19,80.93000030517578,81.0,78.69000244140625,78.94000244140625,57.88616180419922,428520400,0.0,0.0,0.0
2009-03-20,78.76000213623047,78.91000366210938,76.52999877929688,76.70999908447266,56.65351867675781,371078200,0.561,0.0,0.0
2009-03-23,78.73999786376953,82.29000091552734,78.30999755859375,82.22000122070312,60.722900390625,419933300,0.0,0.0,0.0
2009-03-24,81.23999786376953,82.36000061035156,80.51000213623047,80.5999984741211,59.52646255493164,330271000,0.0,0.0,0.0
2009-03-25,81.2300033569336,82.69999694824219,79.05999755859375,81.44999694824219,60.15425109863281,441775100,0.0,0.0,0.0
2009-03-26,82.25,83.30000305175781,81.31999969482422,83.11000061035156,61.38019561767578,422025200,0.0,0.0,0.0
2009-03-27,82.05000305175781,82.52999877929688,81.30999755859375,81.61000061035156,60.272377014160156,322332300,0.0,0.0,0.0
2009-03-30,79.80000305175781,79.87000274658203,77.95999908447266,78.79000091552734,58.1896858215332,324108500,0.0,0.0,0.0
2009-03-31,79.55999755859375,81.08000183105469,79.05000305175781,79.5199966430664,58.72882080078125,364238300,0.0,0.0,0.0
2009-04-01,78.52999877929688,81.41999816894531,78.33000183105469,81.05999755859375,59.86616897583008,377018300,0.0,0.0,0.0
2009-04-02,83.08000183105469,84.61000061035156,81.12999725341797,83.43000030517578,61.61653518676758,476230700,0.0,0.0,0.0
2009-04-03,83.48999786376953,84.27999877929688,82.66999816894531,84.26000213623047,62.22951889038086,284646300,0.0,0.0,0.0
2009-04-06,83.33999633789062,84.27999877929688,82.29000091552734,83.5999984741211,61.74208068847656,264866600,0.0,0.0,0.0
2009-04-07,82.25,82.6500015258789,81.51000213623047,81.6500015258789,60.301944732666016,258947800,0.0,0.0,0.0
2009-04-08,82.05999755859375,82.94000244140625,81.54000091552734,82.52999877929688,60.95181655883789,230402800,0.0,0.0,0.0
2009-04-09,84.66999816894531,85.81999969482422,84.33000183105469,85.80999755859375,63.374263763427734,269653500,0.0,0.0,0.0
2009-04-13,84.91999816894531,86.54000091552734,84.58000183105469,85.83000183105469,63.3890266418457,224847500,0.0,0.0,0.0
2009-04-14,85.02999877929688,85.76000213623047,84.08000183105469,84.3499984741211,62.29598617553711,276598800,0.0,0.0,0.0
2009-04-15,83.83999633789062,85.41999816894531,83.61000061035156,85.25,62.96066665649414,250726100,0.0,0.0,0.0
2009-04-16,85.93000030517578,87.1500015258789,84.7699966430664,86.5,63.883846282958984,335202900,0.0,0.0,0.0
2009-04-17,86.83000183105469,87.6500015258789,86.13999938964844,87.08000183105469,64.31219482421875,262649000,0.0,0.0,0.0
2009-04-20,85.54000091552734,87.05000305175781,83.33999633789062,83.43000030517578,61.61653518676758,293690100,0.0,0.0,0.0
2009-04-21,82.81999969482422,85.12999725341797,82.75,85.05999755859375,62.82036209106445,114090900,0.0,0.0,0.0
2009-04-22,84.29000091552734,86.33999633789062,84.06999969482422,84.54000091552734,62.43632507324219,340395200,0.0,0.0,0.0
2009-04-23,84.70999908447266,85.41999816894531,83.62999725341797,85.37000274658203,63.0493049621582,324903700,0.0,0.0,0.0
2009-04-24,86.02999877929688,87.30999755859375,85.69000244140625,86.66000366210938,64.00199890136719,287703000,0.0,0.0,0.0
2009-04-27,85.68000030517578,87.01000213623047,85.54000091552734,85.83999633789062,63.39640426635742,289581600,0.0,0.0,0.0
2009-04-28,84.97000122070312,86.58999633789062,84.76000213623047,85.56999969482422,63.1970100402832,247926300,0.0,0.0,0.0
2009-04-29,86.5199966430664,88.36000061035156,86.30000305175781,87.38999938964844,64.5411148071289,311505700,0.0,0.0,0.0
2009-04-30,88.55000305175781,89.0199966430664,86.91999816894531,87.41999816894531,64.56327056884766,301419800,0.0,0.0,0.0
2009-05-01,87.44000244140625,88.20999908447266,86.72000122070312,87.88999938964844,64.910400390625,236110300,0.0,0.0,0.0
2009-05-04,88.55000305175781,90.94000244140625,88.37999725341797,90.87999725341797,67.11863708496094,287120000,0.0,0.0,0.0
2009-05-05,90.56999969482422,90.93000030517578,89.83999633789062,90.56999969482422,66.88972473144531,243036300,0.0,0.0,0.0
2009-05-06,91.68000030517578,92.19999694824219,90.61000061035156,92.13999938964844,68.0491943359375,291941000,0.0,0.0,0.0
2009-05-07,93.01000213623047,93.1500015258789,90.27999877929688,90.86000061035156,67.1039047241211,317728000,0.0,0.0,0.0
2009-05-08,92.02999877929688,93.22000122070312,91.44000244140625,92.9800033569336,68.66964721679688,299081700,0.0,0.0,0.0
2009-05-11,91.69999694824219,92.11000061035156,91.04000091552734,91.23999786376953,67.38455200195312,247923600,0.0,0.0,0.0
2009-05-12,91.62999725341797,91.83000183105469,89.8499984741211,90.97000122070312,67.18516540527344,282431300,0.0,0.0,0.0
2009-05-13,89.73999786376953,90.01000213623047,88.5,88.68000030517578,65.4938735961914,269619100,0.0,0.0,0.0
2009-05-14,88.72000122070312,90.12000274658203,88.5,89.44000244140625,66.05517578125,260098700,0.0,0.0,0.0
2009-05-15,89.37000274658203,90.0,88.1500015258789,88.70999908447266,65.51602935791016,271502700,0.0,0.0,0.0
2009-05-18,89.55000305175781,91.33999633789062,88.56999969482422,91.2300033569336,67.37711334228516,241447400,0.0,0.0,0.0
2009-05-19,91.18000030517578,91.97000122070312,90.80999755859375,91.12000274658203,67.29593658447266,206102200,0.0,0.0,0.0
2009-05-20,91.94999694824219,92.80000305175781,90.41000366210938,90.51000213623047,66.84541320800781,285722200,0.0,0.0,0.0
2009-05-21,89.45999908447266,89.80000305175781,88.26000213623047,89.20999908447266,65.88529205322266,258988400,0.0,0.0,0.0
2009-05-22,89.45999908447266,90.0,88.68000030517578,89.0199966430664,65.74497985839844,166811900,0.0,0.0,0.0
2009-05-26,88.36000061035156,91.55999755859375,88.31999969482422,91.30000305175781,67.42884826660156,236318500,0.0,0.0,0.0
2009-05-27,91.44000244140625,91.75,89.52999877929688,89.66999816894531,66.22502136230469,246015800,0.0,0.0,0.0
2009-05-28,90.45999908447266,91.33999633789062,89.0999984741211,90.91999816894531,67.14817810058594,289095000,0.0,0.0,0.0
2009-05-29,91.41999816894531,93.69999694824219,90.68000030517578,92.52999877929688,68.33724212646484,258641500,0.0,0.0,0.0
2009-06-01,93.66999816894531,95.16999816894531,93.43000030517578,94.7699966430664,69.9916000366211,276246800,0.0,0.0,0.0
2009-06-02,94.4000015258789,95.37000274658203,94.2300033569336,94.8499984741211,70.05069732666016,230874500,0.0,0.0,0.0
2009-06-03,94.04000091552734,94.12999725341797,92.76000213623047,93.6500015258789,69.1644058227539,235310500,0.0,0.0,0.0
2009-06-04,94.0,94.66999816894531,93.30000305175781,94.52999877929688,69.81434631347656,210102300,0.0,0.0,0.0
2009-06-05,95.48999786376953,95.66999816894531,93.80000305175781,94.55000305175781,69.82910919189453,284257900,0.0,0.0,0.0
2009-06-08,93.83999633789062,95.0999984741211,93.04000091552734,94.16000366210938,69.54106903076172,238565100,0.0,0.0,0.0
2009-06-09,94.69000244140625,95.13999938964844,94.0199966430664,94.63999938964844,69.89556884765625,225125500,0.0,0.0,0.0
2009-06-10,95.4800033569336,95.48999786376953,93.19000244140625,94.4000015258789,69.71831512451172,296100400,0.0,0.0,0.0
2009-06-11,94.58000183105469,96.11000061035156,94.55999755859375,94.81999969482422,70.02851867675781,275414200,0.0,0.0,0.0
2009-06-12,94.4000015258789,95.13999938964844,94.0,95.08000183105469,70.2205581665039,184361800,0.0,0.0,0.0
2009-06-15,93.95999908447266,94.0199966430664,92.4000015258789,92.9000015258789,68.61050415039062,224190500,0.0,0.0,0.0
2009-06-16,93.2300033569336,93.29000091552734,91.58000183105469,91.63999938964844,67.67994689941406,227319000,0.0,0.0,0.0
2009-06-17,91.5999984741211,92.33000183105469,90.83000183105469,91.55000305175781,67.61349487304688,223445200,0.0,0.0,0.0
2009-06-18,91.69000244140625,92.66999816894531,91.25,92.22000122070312,68.10829162597656,211725100,0.0,0.0,0.0
2009-06-19,92.58000183105469,92.69999694824219,91.5199966430664,92.04000091552734,68.3593521118164,215655600,0.518,0.0,0.0
2009-06-22,91.13999938964844,91.19000244140625,89.25,89.27999877929688,66.30943298339844,251913600,0.0,0.0,0.0
2009-06-23,89.47000122070312,89.87999725341797,88.8499984741211,89.3499984741211,66.3614501953125,188309800,0.0,0.0,0.0
2009-06-24,90.16000366210938,91.08000183105469,89.5999984741211,90.12000274658203,66.93335723876953,211577700,0.0,0.0,0.0
2009-06-25,89.66999816894531,92.16999816894531,89.56999969482422,92.08000183105469,68.3890609741211,279411000,0.0,0.0,0.0
2009-06-26,91.7699966430664,92.23999786376953,91.2699966430664,91.83999633789062,68.21078491210938,167579000,0.0,0.0,0.0
2009-06-29,92.11000061035156,92.81999969482422,91.5999984741211,92.69999694824219,68.84950256347656,168481300,0.0,0.0,0.0
2009-06-30,92.72000122070312,93.05999755859375,91.2699966430664,91.94999694824219,68.29248046875,228888200,0.0,0.0,0.0
2009-07-01,92.33999633789062,93.2300033569336,92.20999908447266,92.33000183105469,68.57473754882812,173041100,0.0,0.0,0.0
2009-07-02,91.12999725341797,92.36000061035156,89.76000213623047,89.80999755859375,66.70307159423828,212309900,0.0,0.0,0.0
2009-07-06,88.94000244140625,89.93000030517578,88.66000366210938,89.80000305175781,66.6956787109375,174499600,0.0,0.0,0.0
2009-07-07,89.70999908447266,89.81999969482422,88.0,88.05999755859375,65.40331268310547,197088900,0.0,0.0,0.0
2009-07-08,88.58999633789062,88.80000305175781,87.0,88.0,65.35881042480469,248050500,0.0,0.0,0.0
2009-07-09,88.61000061035156,88.9000015258789,87.91000366210938,88.16999816894531,65.48506164550781,163777600,0.0,0.0,0.0
2009-07-10,87.69999694824219,88.48999786376953,87.3499984741211,87.95999908447266,65.32908630371094,173520300,0.0,0.0,0.0
2009-07-13,88.30999755859375,90.16999816894531,87.58999633789062,90.0999984741211,66.9184799194336,217413500,0.0,0.0,0.0
2009-07-14,90.37999725341797,90.69000244140625,89.7300033569336,90.61000061035156,67.29727935791016,181487400,0.0,0.0,0.0
2009-07-15,91.80999755859375,93.51000213623047,90.68000030517578,93.26000213623047,69.26545715332031,220877900,0.0,0.0,0.0
2009-07-16,93.0,94.51000213623047,92.81999969482422,93.11000061035156,69.15409088134766,231174500,0.0,0.0,0.0
2009-07-17,94.05999755859375,94.31999969482422,93.54000091552734,94.12999725341797,69.91162109375,138561700,0.0,0.0,0.0
2009-07-20,94.68000030517578,95.29000091552734,94.19000244140625,95.12999725341797,70.65433502197266,164179400,0.0,0.0,0.0
2009-07-21,95.87000274658203,95.9000015258789,94.41999816894531,95.56999969482422,70.98114013671875,217718300,0.0,0.0,0.0
2009-07-22,94.95999908447266,96.12999725341797,94.88999938964844,95.55000305175781,70.96626281738281,196068100,0.0,0.0,0.0
2009-07-23,95.61000061035156,98.08000183105469,95.52999877929688,97.66000366210938,72.53341674804688,258795500,0.0,0.0,0.0
2009-07-24,97.19999694824219,98.13999938964844,96.69000244140625,98.05999755859375,72.83049774169922,154003100,0.0,0.0,0.0
2009-07-27,97.87999725341797,98.4000015258789,97.33999633789062,98.3499984741211,73.04584503173828,159259400,0.0,0.0,0.0
2009-07-28,97.66000366210938,98.37000274658203,97.05999755859375,97.88999938964844,72.70423889160156,186685200,0.0,0.0,0.0
2009-07-29,97.44000244140625,98.08999633789062,96.9800033569336,97.6500015258789,72.52596282958984,194399300,0.0,0.0,0.0
2009-07-30,98.83000183105469,99.83000183105469,98.5999984741211,98.66999816894531,73.28353118896484,225575400,0.0,0.0,0.0
2009-07-31,98.6500015258789,99.47000122070312,98.37999725341797,98.80999755859375,73.38750457763672,207358000,0.0,0.0,0.0
2009-08-03,99.8499984741211,100.52999877929688,99.30999755859375,100.44000244140625,74.59814453125,175776900,0.0,0.0,0.0
2009-08-04,99.98999786376953,100.83999633789062,99.77999877929688,100.69999694824219,74.79122924804688,176714600,0.0,0.0,0.0
2009-08-05,100.7699966430664,100.86000061035156,99.58000183105469,100.41000366210938,74.57585906982422,184726400,0.0,0.0,0.0
2009-08-06,100.87000274658203,101.0199966430664,99.41999816894531,99.88999938964844,74.18965911865234,193203800,0.0,0.0,0.0
2009-08-07,100.94000244140625,102.02999877929688,100.38999938964844,101.19999694824219,75.16261291503906,220640900,0.0,0.0,0.0
2009-08-10,100.73999786376953,101.22000122070312,100.2699966430664,100.98999786376953,75.00663757324219,130898700,0.0,0.0,0.0
2009-08-11,100.54000091552734,100.61000061035156,99.45999908447266,99.7300033569336,74.07080078125,157301000,0.0,0.0,0.0
2009-08-12,99.55999755859375,101.55999755859375,99.51000213623047,100.80000305175781,74.8655014038086,219052400,0.0,0.0,0.0
2009-08-13,101.26000213623047,101.61000061035156,100.26000213623047,101.56999969482422,75.4374008178711,176449500,0.0,0.0,0.0
2009-08-14,101.5199966430664,101.5999984741211,99.69999694824219,100.79000091552734,74.85809326171875,199616100,0.0,0.0,0.0
2009-08-17,98.8499984741211,98.94999694824219,98.11000061035156,98.30999755859375,73.01615142822266,237667500,0.0,0.0,0.0
2009-08-18,98.52999877929688,99.44000244140625,98.3499984741211,99.08999633789062,73.59547424316406,173461500,0.0,0.0,0.0
2009-08-19,98.30999755859375,100.30000305175781,98.20999908447266,99.95999908447266,74.24163818359375,192812800,0.0,0.0,0.0
2009-08-20,100.08999633789062,101.22000122070312,99.87000274658203,100.98999786376953,75.00663757324219,174131300,0.0,0.0,0.0
2009-08-21,101.81999969482422,103.12999725341797,101.62000274658203,102.97000122070312,76.47722625732422,224605000,0.0,0.0,0.0
2009-08-24,103.38999938964844,103.94999694824219,102.58999633789062,102.95999908447266,76.46977233886719,191279000,0.0,0.0,0.0
2009-08-25,103.37000274658203,104.26000213623047,102.94000244140625,103.16000366210938,76.61833190917969,215310600,0.0,0.0,0.0
2009-08-26,102.83999633789062,103.63999938964844,102.48999786376953,103.16999816894531,76.6257553100586,194620700,0.0,0.0,0.0
2009-08-27,103.11000061035156,103.72000122070312,101.94000244140625,103.4000015258789,76.79654693603516,196230100,0.0,0.0,0.0
2009-08-28,104.2300033569336,104.3499984741211,102.66999816894531,103.37999725341797,76.7817153930664,147024400,0.0,0.0,0.0
2009-08-31,102.37000274658203,102.58000183105469,101.79000091552734,102.45999908447266,76.09843444824219,176051600,0.0,0.0,0.0
2009-09-01,101.94999694824219,103.23999786376953,99.98999786376953,100.19999694824219,74.41988372802734,321276800,0.0,0.0,0.0
2009-09-02,99.77999877929688,100.44000244140625,99.56999969482422,99.81999969482422,74.13766479492188,171805000,0.0,0.0,0.0
2009-09-03,100.4000015258789,100.7699966430664,99.58999633789062,100.6500015258789,74.75409698486328,143572300,0.0,0.0,0.0
2009-09-04,100.8499984741211,102.08999633789062,100.55000305175781,102.05999755859375,75.80133056640625,142687900,0.0,0.0,0.0
2009-09-08,103.0,103.05000305175781,102.38999938964844,102.94000244140625,76.45494842529297,132909100,0.0,0.0,0.0
2009-09-09,103.12000274658203,104.08000183105469,102.80000305175781,103.7300033569336,77.0416488647461,154612500,0.0,0.0,0.0
2009-09-10,103.80000305175781,104.86000061035156,103.22000122070312,104.79000091552734,77.82888793945312,162902400,0.0,0.0,0.0
2009-09-11,104.98999786376953,105.30000305175781,104.27999877929688,104.7699966430664,77.81407928466797,152360100,0.0,0.0,0.0
2009-09-14,103.87999725341797,105.45999908447266,103.1500015258789,105.27999877929688,78.19283294677734,149593800,0.0,0.0,0.0
2009-09-15,105.44999694824219,106.11000061035156,104.76000213623047,105.72000122070312,78.51968383789062,196795900,0.0,0.0,0.0
2009-09-16,106.0999984741211,107.33999633789062,105.7300033569336,107.31999969482422,79.70799255371094,206406300,0.0,0.0,0.0
2009-09-17,107.16999816894531,108.05999755859375,106.56999969482422,107.16000366210938,79.58919525146484,229170900,0.0,0.0,0.0
2009-09-18,107.1500015258789,107.16000366210938,106.36000061035156,106.72000122070312,79.63990783691406,153799100,0.508,0.0,0.0
2009-09-21,105.88999938964844,107.0,105.66000366210938,106.44999694824219,79.43843841552734,151892000,0.0,0.0,0.0
2009-09-22,107.08000183105469,107.37000274658203,106.5999984741211,107.06999969482422,79.90110778808594,143126700,0.0,0.0,0.0
2009-09-23,107.31999969482422,108.02999877929688,105.98999786376953,106.18000030517578,79.23693084716797,225947400,0.0,0.0,0.0
2009-09-24,106.41000366210938,106.63999938964844,104.55000305175781,105.01000213623047,78.36384582519531,228636800,0.0,0.0,0.0
2009-09-25,104.77999877929688,105.36000061035156,104.08999633789062,104.44999694824219,77.94593048095703,204059000,0.0,0.0,0.0
2009-09-28,104.8499984741211,106.55000305175781,104.83000183105469,106.31999969482422,79.34144592285156,118285800,0.0,0.0,0.0
2009-09-29,106.51000213623047,107.0199966430664,105.77999877929688,106.0,79.10262298583984,133733900,0.0,0.0,0.0
2009-09-30,106.36000061035156,106.45999908447266,104.62000274658203,105.58999633789062,78.79661560058594,254383000,0.0,0.0,0.0
2009-10-01,103.0,105.7300033569336,102.94999694824219,102.97000122070312,76.84148406982422,281840600,0.0,0.0,0.0
2009-10-02,102.0199966430664,103.0999984741211,101.98999786376953,102.48999786376953,76.48328399658203,224748800,0.0,0.0,0.0
2009-10-05,102.9000015258789,104.31999969482422,102.5999984741211,104.0199966430664,77.62503051757812,149875000,0.0,0.0,0.0
2009-10-06,104.7699966430664,106.11000061035156,104.70999908447266,105.51000213623047,78.73696899414062,202491100,0.0,0.0,0.0
2009-10-07,105.2699966430664,105.91000366210938,105.06999969482422,105.80000305175781,78.95338439941406,159200300,0.0,0.0,0.0
2009-10-08,106.55000305175781,107.16999816894531,105.8499984741211,106.61000061035156,79.55785369873047,183305800,0.0,0.0,0.0
2009-10-09,106.63999938964844,107.26000213623047,106.36000061035156,107.26000213623047,80.04288482666016,135008300,0.0,0.0,0.0
2009-10-12,107.76000213623047,108.08999633789062,107.27999877929688,107.68000030517578,80.35629272460938,118031000,0.0,0.0,0.0
2009-10-13,107.38999938964844,107.70999908447266,106.76000213623047,107.45999908447266,80.192138671875,157692700,0.0,0.0,0.0
2009-10-14,108.72000122070312,109.41999816894531,107.41999816894531,109.30999755859375,81.57270812988281,191421600,0.0,0.0,0.0
2009-10-15,108.77999877929688,109.70999908447266,108.7300033569336,109.70999908447266,81.8712387084961,173873600,0.0,0.0,0.0
2009-10-16,108.80000305175781,109.2699966430664,108.2300033569336,108.88999938964844,81.25926208496094,192069400,0.0,0.0,0.0
2009-10-19,109.06999969482422,110.12999725341797,108.7300033569336,109.79000091552734,81.93090057373047,159530400,0.0,0.0,0.0
2009-10-20,109.94999694824219,109.98999786376953,108.68000030517578,109.20999908447266,81.49807739257812,180921100,0.0,0.0,0.0
2009-10-21,109.04000091552734,110.30999755859375,108.1500015258789,108.2300033569336,80.76676177978516,225379300,0.0,0.0,0.0
2009-10-22,108.19000244140625,109.68000030517578,107.5,109.33000183105469,81.587646484375,238444000,0.0,0.0,0.0
2009-10-23,109.69000244140625,109.76000213623047,107.62999725341797,108.08000183105469,80.65482330322266,240033200,0.0,0.0,0.0
2009-10-26,108.19999694824219,109.30999755859375,106.61000061035156,106.91000366210938,79.78170013427734,242028200,0.0,0.0,0.0
2009-10-27,107.02999877929688,107.38999938964844,106.16000366210938,106.41999816894531,79.41605377197266,253266300,0.0,0.0,0.0
2009-10-28,106.1500015258789,106.4800033569336,104.3499984741211,104.41000366210938,77.91606903076172,248821400,0.0,0.0,0.0
2009-10-29,105.19000244140625,106.86000061035156,104.94000244140625,106.6500015258789,79.58769226074219,198110600,0.0,0.0,0.0
2009-10-30,106.30000305175781,106.62000274658203,103.44000244140625,103.55999755859375,77.28177642822266,325608100,0.0,0.0,0.0
2009-11-02,104.12999725341797,105.41000366210938,103.08000183105469,104.31999969482422,77.84891510009766,254222900,0.0,0.0,0.0
2009-11-03,103.73999786376953,104.80000305175781,103.54000091552734,104.6500015258789,78.09515380859375,228362600,0.0,0.0,0.0
2009-11-04,105.51000213623047,106.33000183105469,104.6500015258789,104.91999816894531,78.29668426513672,247996700,0.0,0.0,0.0
2009-11-05,105.66000366210938,106.87999725341797,105.44000244140625,106.8499984741211,79.73692321777344,180015300,0.0,0.0,0.0
2009-11-06,106.26000213623047,107.4000015258789,106.05000305175781,107.12999725341797,79.94589233398438,170954100,0.0,0.0,0.0
2009-11-09,107.94999694824219,109.62999725341797,107.87000274658203,109.56999969482422,81.7667236328125,159495700,0.0,0.0,0.0
2009-11-10,109.30999755859375,109.93000030517578,108.97000122070312,109.58999633789062,81.78164672851562,171899800,0.0,0.0,0.0
2009-11-11,110.30999755859375,110.81999969482422,109.62000274658203,110.1500015258789,82.19955444335938,169466200,0.0,0.0,0.0
2009-11-12,110.0,110.56999969482422,108.75,109.02999877929688,81.36376190185547,157144500,0.0,0.0,0.0
2009-11-13,109.30999755859375,110.08999633789062,108.75,109.62000274658203,81.80406951904297,150963000,0.0,0.0,0.0
2009-11-16,110.37999725341797,111.69000244140625,110.31999969482422,111.20999908447266,82.9905776977539,210922200,0.0,0.0,0.0
2009-11-17,110.91999816894531,111.38999938964844,110.5,111.33999633789062,83.08758544921875,147134100,0.0,0.0,0.0
2009-11-18,111.26000213623047,111.43000030517578,110.56999969482422,111.2699966430664,83.03533935546875,156486800,0.0,0.0,0.0
2009-11-19,110.51000213623047,111.30999755859375,109.12999725341797,109.81999969482422,81.95330810546875,208734600,0.0,0.0,0.0
2009-11-20,109.25,109.76000213623047,109.01000213623047,109.43000030517578,81.6622314453125,134196000,0.0,0.0,0.0
2009-11-23,110.72000122070312,111.73999786376953,110.5999984741211,110.81999969482422,82.69953155517578,148010200,0.0,0.0,0.0
2009-11-24,111.0,111.19999694824219,110.01000213623047,110.98999786376953,82.82640838623047,138420100,0.0,0.0,0.0
2009-11-25,111.16999816894531,111.5,110.81999969482422,111.37999725341797,83.11744689941406,109564800,0.0,0.0,0.0
2009-11-27,108.4000015258789,110.31999969482422,108.29000091552734,109.56999969482422,81.7667236328125,126001800,0.0,0.0,0.0
2009-11-30,109.4800033569336,110.19999694824219,108.12000274658203,109.94000244140625,82.0428695678711,160874800,0.0,0.0,0.0
2009-12-01,110.91999816894531,111.66000366210938,110.7300033569336,111.30000305175781,83.0577392578125,159613700,0.0,0.0,0.0
2009-12-02,111.27999877929688,112.01000213623047,110.91999816894531,111.25,83.02043914794922,132315100,0.0,0.0,0.0
2009-12-03,111.55000305175781,112.18000030517578,110.29000091552734,110.37999725341797,82.37118530273438,167324900,0.0,0.0,0.0
2009-12-04,111.83999633789062,112.37999725341797,110.04000091552734,111.01000213623047,82.8413314819336,274907800,0.0,0.0,0.0
2009-12-07,110.91000366210938,111.52999877929688,110.48999786376953,110.83999633789062,82.71446228027344,127973800,0.0,0.0,0.0
2009-12-08,110.04000091552734,110.7699966430664,109.2699966430664,109.61000061035156,81.7966079711914,169863700,0.0,0.0,0.0
2009-12-09,109.58000183105469,110.18000030517578,109.0199966430664,110.0199966430664,82.1025619506836,155063400,0.0,0.0,0.0
2009-12-10,110.69999694824219,111.12000274658203,110.44999694824219,110.63999938964844,82.56523132324219,138014600,0.0,0.0,0.0
2009-12-11,111.11000061035156,111.36000061035156,110.61000061035156,111.11000061035156,82.91594696044922,124854000,0.0,0.0,0.0
2009-12-14,111.87000274658203,112.0,111.12999725341797,111.87000274658203,83.48311614990234,107141500,0.0,0.0,0.0
2009-12-15,111.45999908447266,111.91999816894531,111.0,111.3499984741211,83.09503936767578,120408800,0.0,0.0,0.0
2009-12-16,111.80000305175781,112.12999725341797,111.2699966430664,111.5199966430664,83.2219009399414,155358200,0.0,0.0,0.0
2009-12-17,110.72000122070312,110.93000030517578,110.08000183105469,110.18000030517578,82.22191619873047,183390100,0.0,0.0,0.0
2009-12-18,110.19999694824219,110.30000305175781,109.27999877929688,110.20999908447266,82.68711853027344,174591200,0.59,0.0,0.0
2009-12-21,110.76000213623047,111.69999694824219,110.76000213623047,111.33000183105469,83.52739715576172,118039600,0.0,0.0,0.0
2009-12-22,111.56999969482422,111.97000122070312,111.43000030517578,111.7300033569336,83.82752990722656,91707500,0.0,0.0,0.0
2009-12-23,112.0,112.11000061035156,111.5,111.94999694824219,83.99258422851562,111783100,0.0,0.0,0.0
2009-12-24,112.19000244140625,112.5999984741211,112.0,112.4800033569336,84.39022827148438,39677500,0.0,0.0,0.0
2009-12-28,112.9000015258789,112.98999786376953,112.31999969482422,112.72000122070312,84.57029724121094,87508500,0.0,0.0,0.0
2009-12-29,113.01000213623047,113.02999877929688,112.55000305175781,112.55999755859375,84.4502182006836,80572500,0.0,0.0,0.0
2009-12-30,112.2300033569336,112.6500015258789,112.16999816894531,112.5199966430664,84.42024993896484,73138400,0.0,0.0,0.0
2009-12-31,112.7699966430664,112.80000305175781,111.38999938964844,111.44000244140625,83.6099624633789,90637900,0.0,0.0,0.0
2010-01-04,112.37000274658203,113.38999938964844,111.51000213623047,113.33000183105469,85.02796173095703,118944600,0.0,0.0,0.0
2010-01-05,113.26000213623047,113.68000030517578,112.8499984741211,113.62999725341797,85.2530517578125,111579900,0.0,0.0,0.0
2010-01-06,113.5199966430664,113.98999786376953,113.43000030517578,113.70999908447266,85.31306457519531,116074400,0.0,0.0,0.0
2010-01-07,113.5,114.33000183105469,113.18000030517578,114.19000244140625,85.67320251464844,131091100,0.0,0.0,0.0
2010-01-08,113.88999938964844,114.62000274658203,113.66000366210938,114.56999969482422,85.95828247070312,126402800,0.0,0.0,0.0
2010-01-11,115.08000183105469,115.12999725341797,114.23999786376953,114.7300033569336,86.07836151123047,106375700,0.0,0.0,0.0
2010-01-12,113.97000122070312,114.20999908447266,113.22000122070312,113.66000366210938,85.27555847167969,163333500,0.0,0.0,0.0
2010-01-13,113.94999694824219,114.94000244140625,113.37000274658203,114.62000274658203,85.99581909179688,161822000,0.0,0.0,0.0
2010-01-14,114.48999786376953,115.13999938964844,114.41999816894531,114.93000030517578,86.22836303710938,115718800,0.0,0.0,0.0
2010-01-15,114.7300033569336,114.83999633789062,113.19999694824219,113.63999938964844,85.26053619384766,212283100,0.0,0.0,0.0
2010-01-19,113.62000274658203,115.12999725341797,113.58999633789062,115.05999755859375,86.32591247558594,139172700,0.0,0.0,0.0
2010-01-20,114.27999877929688,114.44999694824219,112.9800033569336,113.88999938964844,85.44812774658203,216490200,0.0,0.0,0.0
2010-01-21,113.91999816894531,114.2699966430664,111.55999755859375,111.69999694824219,83.80500030517578,344859600,0.0,0.0,0.0
2010-01-22,111.19999694824219,111.73999786376953,109.08999633789062,109.20999908447266,81.93682861328125,345942400,0.0,0.0,0.0
2010-01-25,110.20999908447266,110.41000366210938,109.41000366210938,109.7699966430664,82.35698699951172,186937500,0.0,0.0,0.0
2010-01-26,109.33999633789062,110.47000122070312,109.04000091552734,109.30999755859375,82.01185607910156,211168800,0.0,0.0,0.0
2010-01-27,109.16999816894531,110.08000183105469,108.33000183105469,109.83000183105469,82.40204620361328,271863600,0.0,0.0,0.0
2010-01-28,110.19000244140625,110.25,107.91000366210938,108.56999969482422,81.45664978027344,316104000,0.0,0.0,0.0
2010-01-29,109.04000091552734,109.80000305175781,107.22000122070312,107.38999938964844,80.57135009765625,310677600,0.0,0.0,0.0
2010-02-01,108.1500015258789,109.06999969482422,107.5,109.05999755859375,81.82432556152344,187865000,0.0,0.0,0.0
2010-02-02,109.26000213623047,110.58999633789062,108.87999725341797,110.37999725341797,82.81462097167969,216327900,0.0,0.0,0.0
2010-02-03,109.87999725341797,110.4800033569336,109.51000213623047,109.83000183105469,82.40204620361328,172730700,0.0,0.0,0.0
2010-02-04,108.9800033569336,109.02999877929688,106.41999816894531,106.44000244140625,79.85860443115234,356715700,0.0,0.0,0.0
2010-02-05,106.55999755859375,106.87999725341797,104.58000183105469,106.66000366210938,80.02364349365234,493585800,0.0,0.0,0.0
2010-02-08,106.73999786376953,107.33000183105469,105.80999755859375,105.88999938964844,79.44596862792969,224166900,0.0,0.0,0.0
2010-02-09,107.12999725341797,108.1500015258789,106.2699966430664,107.22000122070312,80.44383239746094,337820500,0.0,0.0,0.0
2010-02-10,107.05000305175781,107.5999984741211,106.11000061035156,107.01000213623047,80.28624725341797,240511500,0.0,0.0,0.0
2010-02-11,106.87000274658203,108.25,106.25,108.12999725341797,81.12655639648438,223591600,0.0,0.0,0.0
2010-02-12,106.98999786376953,108.0999984741211,106.51000213623047,108.04000091552734,81.05899810791016,304622100,0.0,0.0,0.0
2010-02-16,108.86000061035156,109.8499984741211,107.81999969482422,109.73999786376953,82.33448791503906,159317500,0.0,0.0,0.0
2010-02-17,110.2699966430664,110.41000366210938,109.73999786376953,110.26000213623047,82.72461700439453,168845100,0.0,0.0,0.0
2010-02-18,110.08000183105469,111.13999938964844,110.04000091552734,110.91000366210938,83.21231079101562,193708600,0.0,0.0,0.0
2010-02-19,110.62000274658203,111.56999969482422,110.36000061035156,111.13999938964844,83.3848876953125,222684900,0.0,0.0,0.0
2010-02-22,111.55000305175781,111.58000183105469,110.83000183105469,111.16000366210938,83.39988708496094,132346900,0.0,0.0,0.0
2010-02-23,110.86000061035156,111.19999694824219,109.5199966430664,109.80999755859375,82.38700103759766,207497000,0.0,0.0,0.0
2010-02-24,110.13999938964844,111.0,109.86000061035156,110.81999969482422,83.14476013183594,176350700,0.0,0.0,0.0
2010-02-25,109.23999786376953,110.75,108.94000244140625,110.66999816894531,83.03226470947266,259634700,0.0,0.0,0.0
2010-02-26,110.7699966430664,111.12000274658203,110.11000061035156,110.73999786376953,83.08476257324219,173589300,0.0,0.0,0.0
2010-03-01,111.19999694824219,112.0,111.16999816894531,111.88999938964844,83.94758605957031,147709700,0.0,0.0,0.0
2010-03-02,112.37000274658203,112.73999786376953,112.0,112.19999694824219,84.1801528930664,160992400,0.0,0.0,0.0
2010-03-03,112.48999786376953,112.97000122070312,112.0199966430664,112.30000305175781,84.25519561767578,150785000,0.0,0.0,0.0
2010-03-04,112.44999694824219,112.80000305175781,112.02999877929688,112.63999938964844,84.51026153564453,135770400,0.0,0.0,0.0
2010-03-05,113.37000274658203,114.33999633789062,113.0999984741211,114.25,85.71819305419922,176118800,0.0,0.0,0.0
2010-03-08,114.26000213623047,114.5199966430664,114.06999969482422,114.2699966430664,85.73320007324219,114631200,0.0,0.0,0.0
2010-03-09,113.93000030517578,114.98999786376953,113.87000274658203,114.45999908447266,85.875732421875,154556700,0.0,0.0,0.0
2010-03-10,114.51000213623047,115.27999877929688,114.41000366210938,114.97000122070312,86.25838470458984,186088800,0.0,0.0,0.0
2010-03-11,114.69999694824219,115.4800033569336,114.3499984741211,115.44999694824219,86.6185302734375,160791100,0.0,0.0,0.0
2010-03-12,115.94999694824219,115.97000122070312,115.13999938964844,115.45999908447266,86.62601470947266,162074800,0.0,0.0,0.0
2010-03-15,115.26000213623047,115.56999969482422,114.5999984741211,115.48999786376953,86.64852905273438,146816800,0.0,0.0,0.0
2010-03-16,115.80999755859375,116.5199966430664,115.48999786376953,116.41000366210938,87.33878326416016,168673000,0.0,0.0,0.0
2010-03-17,116.76000213623047,117.4800033569336,116.41999816894531,117.0999984741211,87.85647583007812,177468100,0.0,0.0,0.0
2010-03-18,117.11000061035156,117.2699966430664,116.56999969482422,117.04000091552734,87.81143188476562,196509100,0.0,0.0,0.0
2010-03-19,115.97000122070312,117.29000091552734,115.5199966430664,115.97000122070312,87.36695861816406,226641100,0.48,0.0,0.0
2010-03-22,115.30999755859375,116.80000305175781,115.23999786376953,116.58999633789062,87.83407592773438,184477800,0.0,0.0,0.0
2010-03-23,116.76000213623047,117.51000213623047,116.37999725341797,117.41000366210938,88.45179748535156,182941600,0.0,0.0,0.0
2010-03-24,116.97000122070312,117.43000030517578,115.58000183105469,116.83999633789062,88.02238464355469,196072600,0.0,0.0,0.0
2010-03-25,117.62999725341797,118.16999816894531,116.51000213623047,116.6500015258789,87.87924194335938,223396300,0.0,0.0,0.0
2010-03-26,116.87000274658203,117.41999816894531,116.12000274658203,116.58000183105469,87.8265151977539,205808500,0.0,0.0,0.0
2010-03-29,117.16999816894531,117.52999877929688,116.69000244140625,117.31999969482422,88.38401794433594,134513500,0.0,0.0,0.0
2010-03-30,117.45999908447266,117.83000183105469,116.91000366210938,117.4000015258789,88.44424438476562,145772500,0.0,0.0,0.0
2010-03-31,116.94999694824219,117.5199966430664,116.61000061035156,117.0,88.1429214477539,161078700,0.0,0.0,0.0
2010-04-01,117.80000305175781,118.25,117.0999984741211,117.80000305175781,88.74563598632812,161215200,0.0,0.0,0.0
2010-04-05,118.25,118.83999633789062,117.91999816894531,118.76000213623047,89.46882629394531,105847600,0.0,0.0,0.0
2010-04-06,118.41999816894531,119.25,118.29000091552734,119.04000091552734,89.67980194091797,110384200,0.0,0.0,0.0
2010-04-07,118.80000305175781,119.36000061035156,117.80999755859375,118.36000061035156,89.16748809814453,184576300,0.0,0.0,0.0
2010-04-08,117.94999694824219,118.97000122070312,117.5999984741211,118.7699966430664,89.47637939453125,158704000,0.0,0.0,0.0
2010-04-09,119.0199966430664,119.5999984741211,118.80000305175781,119.55000305175781,90.06397247314453,133006500,0.0,0.0,0.0
2010-04-12,119.69999694824219,120.05000305175781,119.55999755859375,119.73999786376953,90.20714569091797,110279000,0.0,0.0,0.0
2010-04-13,119.62000274658203,120.04000091552734,119.0,119.83000183105469,90.27496337890625,125043600,0.0,0.0,0.0
2010-04-14,120.2699966430664,121.19000244140625,120.08000183105469,121.19000244140625,91.29950714111328,161609000,0.0,0.0,0.0
2010-04-15,120.98999786376953,121.56999969482422,120.94999694824219,121.29000091552734,91.37482452392578,144615300,0.0,0.0,0.0
2010-04-16,120.86000061035156,121.29000091552734,118.75,119.36000061035156,89.92086029052734,366786700,0.0,0.0,0.0
2010-04-19,119.01000213623047,119.93000030517578,118.47000122070312,119.80999755859375,90.2598648071289,217947800,0.0,0.0,0.0
2010-04-20,120.55999755859375,120.9800033569336,119.87000274658203,120.87999725341797,91.06596374511719,157708000,0.0,0.0,0.0
2010-04-21,120.94999694824219,121.2300033569336,119.98999786376953,120.66000366210938,90.90019226074219,192910100,0.0,0.0,0.0
2010-04-22,119.80999755859375,121.16999816894531,119.12000274658203,121.0199966430664,91.17143249511719,115360300,0.0,0.0,0.0
2010-04-23,120.94000244140625,121.86000061035156,120.62999725341797,121.80999755859375,91.76659393310547,177335500,0.0,0.0,0.0
2010-04-26,121.8499984741211,122.12000274658203,121.2300033569336,121.3499984741211,91.42002868652344,143457300,0.0,0.0,0.0
2010-04-27,120.6500015258789,121.33999633789062,118.25,118.4800033569336,89.25790405273438,355853300,0.0,0.0,0.0
2010-04-28,119.05000305175781,119.68000030517578,118.2699966430664,119.37999725341797,89.93592834472656,300674100,0.0,0.0,0.0
2010-04-29,120.0999984741211,121.11000061035156,120.06999969482422,120.86000061035156,91.0508804321289,193775000,0.0,0.0,0.0
2010-04-30,120.87999725341797,121.01000213623047,118.77999877929688,118.80999755859375,89.50648498535156,270000900,0.0,0.0,0.0
2010-05-03,119.37999725341797,120.68000030517578,119.19999694824219,120.3499984741211,90.66666412353516,182747900,0.0,0.0,0.0
2010-05-04,119.01000213623047,119.02999877929688,116.91999816894531,117.5199966430664,88.53466796875,360353400,0.0,0.0,0.0
2010-05-05,116.55999755859375,117.80000305175781,115.97000122070312,116.81999969482422,88.00732421875,328973200,0.0,0.0,0.0
2010-05-06,116.26000213623047,117.0,105.0,112.94000244140625,85.08430480957031,647356600,0.0,0.0,0.0
2010-05-07,112.63999938964844,113.7699966430664,109.41000366210938,111.26000213623047,83.81866455078125,637558800,0.0,0.0,0.0
2010-05-10,115.80999755859375,116.6500015258789,114.91000366210938,116.16000366210938,87.51011657714844,396159600,0.0,0.0,0.0
2010-05-11,115.06999969482422,117.36000061035156,114.91000366210938,115.83000183105469,87.26151275634766,317849800,0.0,0.0,0.0
2010-05-12,116.29000091552734,117.62000274658203,116.08999633789062,117.44999694824219,88.48197937011719,235607100,0.0,0.0,0.0
2010-05-13,117.12999725341797,117.68000030517578,115.88999938964844,115.98999786376953,87.38202667236328,234452500,0.0,0.0,0.0
2010-05-14,115.12000274658203,115.33000183105469,112.87000274658203,113.88999938964844,85.79998779296875,345601400,0.0,0.0,0.0
2010-05-17,114.19999694824219,114.5199966430664,111.7699966430664,113.94999694824219,85.84518432617188,325739800,0.0,0.0,0.0
2010-05-18,114.87999725341797,115.22000122070312,112.02999877929688,112.4000015258789,84.67747497558594,360556800,0.0,0.0,0.0
2010-05-19,111.7699966430664,112.7699966430664,110.36000061035156,111.76000213623047,84.19532775878906,394742700,0.0,0.0,0.0
2010-05-20,109.37999725341797,109.88999938964844,107.47000122070312,107.54000091552734,81.01612854003906,530418300,0.0,0.0,0.0
2010-05-21,105.91000366210938,109.37999725341797,105.36000061035156,109.11000061035156,82.19891357421875,500909400,0.0,0.0,0.0
2010-05-24,108.5199966430664,109.38999938964844,107.61000061035156,107.70999908447266,81.14424133300781,269823000,0.0,0.0,0.0
2010-05-25,105.11000061035156,107.87000274658203,104.37999725341797,107.81999969482422,81.22710418701172,396505200,0.0,0.0,0.0
2010-05-26,108.4800033569336,109.47000122070312,106.8499984741211,107.16999816894531,80.73738098144531,349719300,0.0,0.0,0.0
2010-05-27,109.19000244140625,110.80000305175781,108.77999877929688,110.76000213623047,83.44198608398438,300870500,0.0,0.0,0.0
2010-05-28,110.63999938964844,110.72000122070312,108.8499984741211,109.37000274658203,82.39479064941406,297933500,0.0,0.0,0.0
2010-06-01,108.3499984741211,109.94999694824219,107.37000274658203,107.52999877929688,81.00859069824219,277909400,0.0,0.0,0.0
2010-06-02,108.08000183105469,110.33999633789062,107.51000213623047,110.33000183105469,83.1180419921875,240243700,0.0,0.0,0.0
2010-06-03,110.6500015258789,111.05999755859375,109.58000183105469,110.70999908447266,83.404296875,226618300,0.0,0.0,0.0
2010-06-04,108.61000061035156,109.33000183105469,106.45999908447266,106.81999969482422,80.4737319946289,398475600,0.0,0.0,0.0
2010-06-07,107.19999694824219,107.61000061035156,105.41000366210938,105.48999786376953,79.47177124023438,264609100,0.0,0.0,0.0
2010-06-08,105.56999969482422,106.83000183105469,104.6500015258789,106.62000274658203,80.32305145263672,357774300,0.0,0.0,0.0
2010-06-09,107.23999786376953,108.27999877929688,105.5999984741211,106.05000305175781,79.89366912841797,268023300,0.0,0.0,0.0
2010-06-10,107.86000061035156,109.27999877929688,106.04000091552734,109.1500015258789,82.22908020019531,317890600,0.0,0.0,0.0
2010-06-11,108.19000244140625,109.75,108.12000274658203,109.68000030517578,82.62836456298828,214128200,0.0,0.0,0.0
2010-06-14,110.5199966430664,111.12000274658203,109.4000015258789,109.51000213623047,82.50027465820312,207196100,0.0,0.0,0.0
2010-06-15,110.27999877929688,112.0999984741211,110.08999633789062,112.0,84.37613677978516,238268700,0.0,0.0,0.0
2010-06-16,111.41999816894531,112.41999816894531,111.19999694824219,111.95999908447266,84.34599304199219,216374000,0.0,0.0,0.0
2010-06-17,112.27999877929688,112.33000183105469,111.05000305175781,112.13999938964844,84.4815902709961,263185800,0.0,0.0,0.0
2010-06-18,111.83000183105469,112.12999725341797,111.37000274658203,111.7300033569336,84.57318878173828,174006600,0.531,0.0,0.0
2010-06-21,113.12000274658203,113.19999694824219,110.79000091552734,111.41000366210938,84.3309555053711,213140700,0.0,0.0,0.0
2010-06-22,111.41000366210938,111.9000015258789,109.41000366210938,109.56999969482422,82.93819427490234,239355400,0.0,0.0,0.0
2010-06-23,109.63999938964844,110.02999877929688,108.4800033569336,109.2300033569336,82.68083190917969,254639900,0.0,0.0,0.0
2010-06-24,108.69000244140625,108.83000183105469,107.13999938964844,107.41999816894531,81.31080627441406,268523600,0.0,0.0,0.0
2010-06-25,107.73999786376953,108.41999816894531,106.7699966430664,107.87000274658203,81.65138244628906,238726500,0.0,0.0,0.0
2010-06-28,108.02999877929688,108.31999969482422,107.13999938964844,107.52999877929688,81.3940658569336,169218600,0.0,0.0,0.0
2010-06-29,106.0199966430664,107.51000213623047,103.55000305175781,104.20999908447266,78.8809814453125,373649500,0.0,0.0,0.0
2010-06-30,103.91999816894531,104.87999725341797,102.87999725341797,103.22000122070312,78.13163757324219,284101700,0.0,0.0,0.0
2010-07-01,103.1500015258789,103.48999786376953,101.12999725341797,102.76000213623047,77.78336334228516,382924800,0.0,0.0,0.0
2010-07-02,103.11000061035156,103.41999816894531,101.62000274658203,102.19999694824219,77.35952758789062,233385200,0.0,0.0,0.0
2010-07-06,103.63999938964844,104.37000274658203,101.87999725341797,102.87000274658203,77.8666763305664,256935300,0.0,0.0,0.0
2010-07-07,103.12999725341797,106.23999786376953,103.0199966430664,106.11000061035156,80.31919860839844,253769400,0.0,0.0,0.0
2010-07-08,107.0,107.27999877929688,105.91000366210938,107.16000366210938,81.11398315429688,210842100,0.0,0.0,0.0
2010-07-09,107.12999725341797,107.97000122070312,106.93000030517578,107.95999908447266,81.71951293945312,144999900,0.0,0.0,0.0
2010-07-12,107.5999984741211,108.23999786376953,107.1500015258789,108.02999877929688,81.77249908447266,131283600,0.0,0.0,0.0
2010-07-13,109.1500015258789,110.08999633789062,108.93000030517578,109.66000366210938,83.00633239746094,213025900,0.0,0.0,0.0
2010-07-14,109.30999755859375,110.08000183105469,108.86000061035156,109.6500015258789,82.99874877929688,184426800,0.0,0.0,0.0
2010-07-15,109.61000061035156,110.05999755859375,108.16999816894531,109.68000030517578,83.02143096923828,232337900,0.0,0.0,0.0
2010-07-16,109.08999633789062,109.20999908447266,106.44999694824219,106.66000366210938,80.7354965209961,282693400,0.0,0.0,0.0
2010-07-19,107.05000305175781,107.62999725341797,106.22000122070312,107.29000091552734,81.21234893798828,186709000,0.0,0.0,0.0
2010-07-20,105.87000274658203,108.55999755859375,105.81999969482422,108.4800033569336,82.11315155029297,258162400,0.0,0.0,0.0
2010-07-21,109.04000091552734,109.06999969482422,106.62999725341797,107.06999969482422,81.04585266113281,264527000,0.0,0.0,0.0
2010-07-22,108.33999633789062,109.94000244140625,108.33000183105469,109.45999908447266,82.85492706298828,274781300,0.0,0.0,0.0
2010-07-23,109.23999786376953,110.56999969482422,108.93000030517578,110.41000366210938,83.57402801513672,222020800,0.0,0.0,0.0
2010-07-26,110.5999984741211,111.66999816894531,110.29000091552734,111.55999755859375,84.44452667236328,184445700,0.0,0.0,0.0
2010-07-27,112.16999816894531,112.29000091552734,111.11000061035156,111.55000305175781,84.43692016601562,204855600,0.0,0.0,0.0
2010-07-28,111.31999969482422,111.66000366210938,110.45999908447266,110.83000183105469,83.89195251464844,163056200,0.0,0.0,0.0
2010-07-29,111.5199966430664,111.81999969482422,109.41000366210938,110.29000091552734,83.48323059082031,220149100,0.0,0.0,0.0
2010-07-30,109.16999816894531,110.86000061035156,108.9800033569336,110.2699966430664,83.46804809570312,220070600,0.0,0.0,0.0
2010-08-02,111.98999786376953,112.94000244140625,111.54000091552734,112.76000213623047,85.35285186767578,188263200,0.0,0.0,0.0
2010-08-03,112.4800033569336,112.7699966430664,111.8499984741211,112.22000122070312,84.94409942626953,146657300,0.0,0.0,0.0
2010-08-04,112.52999877929688,113.11000061035156,112.16000366210938,112.97000122070312,85.51180267333984,158171700,0.0,0.0,0.0
2010-08-05,112.25,112.91000366210938,112.08000183105469,112.8499984741211,85.42096710205078,140473800,0.0,0.0,0.0
2010-08-06,111.73999786376953,112.56999969482422,110.91999816894531,112.38999938964844,85.07278442382812,239728300,0.0,0.0,0.0
2010-08-09,112.91999816894531,113.18000030517578,112.31999969482422,112.98999786376953,85.52696990966797,120800400,0.0,0.0,0.0
2010-08-10,112.02999877929688,112.9800033569336,111.37000274658203,112.37999725341797,85.06522369384766,242916300,0.0,0.0,0.0
2010-08-11,110.6500015258789,110.69000244140625,109.12000274658203,109.30000305175781,82.73384094238281,273406900,0.0,0.0,0.0
2010-08-12,107.6500015258789,109.0199966430664,107.5999984741211,108.62999725341797,82.22664642333984,239542600,0.0,0.0,0.0
2010-08-13,108.29000091552734,108.95999908447266,108.18000030517578,108.30999755859375,81.98442077636719,158698500,0.0,0.0,0.0
2010-08-16,107.56999969482422,108.61000061035156,107.18000030517578,108.26000213623047,81.94660186767578,147895300,0.0,0.0,0.0
2010-08-17,109.19000244140625,110.38999938964844,108.87999725341797,109.58999633789062,82.95336151123047,172270300,0.0,0.0,0.0
2010-08-18,109.54000091552734,110.37999725341797,108.91000366210938,109.79000091552734,83.10472106933594,182922100,0.0,0.0,0.0
2010-08-19,109.22000122070312,109.48999786376953,107.43000030517578,107.87999725341797,81.6589584350586,265847600,0.0,0.0,0.0
2010-08-20,107.55999755859375,107.94000244140625,106.75,107.52999877929688,81.3940658569336,209714200,0.0,0.0,0.0
2010-08-23,108.04000091552734,108.56999969482422,107.06999969482422,107.12000274658203,81.08370208740234,163490300,0.0,0.0,0.0
2010-08-24,105.94999694824219,106.38999938964844,104.97000122070312,105.52999877929688,79.88013458251953,280677800,0.0,0.0,0.0
2010-08-25,104.94999694824219,106.33999633789062,104.29000091552734,105.94000244140625,80.19051361083984,272234800,0.0,0.0,0.0
2010-08-26,106.44000244140625,106.58000183105469,104.87999725341797,105.2300033569336,79.65306091308594,224439500,0.0,0.0,0.0
2010-08-27,105.88999938964844,106.97000122070312,104.30999755859375,106.86000061035156,80.88688659667969,272649000,0.0,0.0,0.0
2010-08-30,106.58000183105469,106.91000366210938,105.30000305175781,105.30999755859375,79.7136459350586,167238600,0.0,0.0,0.0
2010-08-31,104.91999816894531,105.9800033569336,104.48999786376953,105.30999755859375,79.7136459350586,273933100,0.0,0.0,0.0
2010-09-01,106.7300033569336,108.61000061035156,106.66000366210938,108.45999908447266,82.09799194335938,256828100,0.0,0.0,0.0
2010-09-02,108.72000122070312,109.48999786376953,108.48999786376953,109.47000122070312,82.86249542236328,156112200,0.0,0.0,0.0
2010-09-03,110.54000091552734,110.98999786376953,109.94999694824219,110.88999938964844,83.93739318847656,212197300,0.0,0.0,0.0
2010-09-07,110.37000274658203,110.51000213623047,109.55000305175781,109.63999938964844,82.99116516113281,141973700,0.0,0.0,0.0
2010-09-08,109.86000061035156,110.8499984741211,109.80999755859375,110.41000366210938,83.57402801513672,149924400,0.0,0.0,0.0
2010-09-09,111.6500015258789,111.68000030517578,110.62000274658203,110.91999816894531,83.96009063720703,147017900,0.0,0.0,0.0
2010-09-10,111.12000274658203,111.61000061035156,110.87000274658203,111.4800033569336,84.38395690917969,127819000,0.0,0.0,0.0
2010-09-13,112.58000183105469,112.94999694824219,112.12999725341797,112.72000122070312,85.32257080078125,178503500,0.0,0.0,0.0
2010-09-14,112.5,113.29000091552734,112.08000183105469,112.6500015258789,85.26958465576172,209823600,0.0,0.0,0.0
2010-09-15,112.31999969482422,113.20999908447266,111.9800033569336,113.08000183105469,85.59507751464844,168608400,0.0,0.0,0.0
2010-09-16,112.7300033569336,113.12000274658203,112.3499984741211,113.05000305175781,85.57237243652344,199962900,0.0,0.0,0.0
2010-09-17,113.04000091552734,113.1500015258789,112.18000030517578,112.48999786376953,85.60432434082031,195836900,0.602,0.0,0.0
2010-09-20,112.87999725341797,114.45999908447266,112.5199966430664,114.20999908447266,86.91322326660156,214555200,0.0,0.0,0.0
2010-09-21,114.30000305175781,114.83999633789062,113.51000213623047,113.9800033569336,86.73818969726562,268389100,0.0,0.0,0.0
2010-09-22,113.80000305175781,114.44000244140625,113.0999984741211,113.41999816894531,86.31201934814453,191322400,0.0,0.0,0.0
2010-09-23,112.48999786376953,113.66999816894531,112.18000030517578,112.5,85.61194610595703,202354300,0.0,0.0,0.0
2010-09-24,113.75,114.9000015258789,113.6500015258789,114.81999969482422,87.3774642944336,209671800,0.0,0.0,0.0
2010-09-27,114.86000061035156,114.98999786376953,114.16000366210938,114.2699966430664,86.95889282226562,128761800,0.0,0.0,0.0
2010-09-28,114.41999816894531,115.04000091552734,113.18000030517578,114.66999816894531,87.26329040527344,209207500,0.0,0.0,0.0
2010-09-29,114.37999725341797,114.91000366210938,114.0199966430664,114.47000122070312,87.11112213134766,179665800,0.0,0.0,0.0
2010-09-30,115.05000305175781,115.79000091552734,113.58999633789062,114.12999725341797,86.85238647460938,287106700,0.0,0.0,0.0
2010-10-01,114.98999786376953,115.12000274658203,113.93000030517578,114.61000061035156,87.2176284790039,174638700,0.0,0.0,0.0
2010-10-04,114.37000274658203,114.8499984741211,113.18000030517578,113.75,86.56316375732422,166153200,0.0,0.0,0.0
2010-10-05,114.80000305175781,116.31999969482422,114.66999816894531,116.04000091552734,88.30583953857422,229634100,0.0,0.0,0.0
2010-10-06,116.0199966430664,116.33000183105469,115.55999755859375,116.02999877929688,88.2982406616211,148626600,0.0,0.0,0.0
2010-10-07,116.5,116.52999877929688,115.19000244140625,115.88999938964844,88.19169616699219,164860000,0.0,0.0,0.0
2010-10-08,116.05000305175781,116.86000061035156,115.61000061035156,116.54000091552734,88.68635559082031,177760100,0.0,0.0,0.0
2010-10-11,116.72000122070312,116.97000122070312,116.25,116.6500015258789,88.77006530761719,103098300,0.0,0.0,0.0
2010-10-12,116.2699966430664,117.3499984741211,115.6500015258789,117.01000213623047,89.04399108886719,182210000,0.0,0.0,0.0
2010-10-13,117.66000366210938,118.55000305175781,117.37999725341797,117.91999816894531,89.7365493774414,194347200,0.0,0.0,0.0
2010-10-14,117.80999755859375,118.01000213623047,116.72000122070312,117.45999908447266,89.38645935058594,217764300,0.0,0.0,0.0
2010-10-15,118.27999877929688,118.3499984741211,116.76000213623047,117.69999694824219,89.569091796875,243705000,0.0,0.0,0.0
2010-10-18,117.73999786376953,118.66999816894531,117.30999755859375,118.27999877929688,90.01045989990234,141204800,0.0,0.0,0.0
2010-10-19,117.19000244140625,117.8499984741211,116.0199966430664,116.7300033569336,88.8309326171875,280604700,0.0,0.0,0.0
2010-10-20,116.94000244140625,118.44000244140625,116.87000274658203,117.87000274658203,89.69847106933594,200051800,0.0,0.0,0.0
2010-10-21,118.4000015258789,119.08999633789062,117.20999908447266,118.12999725341797,89.8963394165039,221585500,0.0,0.0,0.0
2010-10-22,118.30999755859375,118.52999877929688,118.0,118.3499984741211,90.063720703125,108212400,0.0,0.0,0.0
2010-10-25,119.13999938964844,119.76000213623047,118.61000061035156,118.69999694824219,90.33013916015625,151145700,0.0,0.0,0.0
2010-10-26,118.0999984741211,118.83999633789062,117.87000274658203,118.72000122070312,90.3453369140625,158982900,0.0,0.0,0.0
2010-10-27,117.88999938964844,118.51000213623047,117.26000213623047,118.37999725341797,90.08657836914062,190024000,0.0,0.0,0.0
2010-10-28,119.05999755859375,119.11000061035156,117.83000183105469,118.4000015258789,90.101806640625,168576000,0.0,0.0,0.0
2010-10-29,118.27999877929688,118.72000122070312,118.06999969482422,118.48999786376953,90.1702651977539,144305500,0.0,0.0,0.0
2010-11-01,119.06999969482422,119.75,117.8499984741211,118.52999877929688,90.20075225830078,174074800,0.0,0.0,0.0
2010-11-02,119.41999816894531,119.75,119.0999984741211,119.47000122070312,90.9160385131836,158345900,0.0,0.0,0.0
2010-11-03,119.68000030517578,120.0199966430664,118.44999694824219,119.94999694824219,91.28134155273438,226702800,0.0,0.0,0.0
2010-11-04,121.27999877929688,122.31999969482422,119.97000122070312,122.26000213623047,93.03924560546875,215039400,0.0,0.0,0.0
2010-11-05,122.33999633789062,122.91999816894531,122.18000030517578,122.72000122070312,93.38931274414062,180654100,0.0,0.0,0.0
2010-11-08,122.33999633789062,122.69000244140625,121.94000244140625,122.48999786376953,93.21429443359375,156107100,0.0,0.0,0.0
2010-11-09,122.81999969482422,122.94999694824219,121.12000274658203,121.61000061035156,92.54460144042969,186621600,0.0,0.0,0.0
2010-11-10,121.58000183105469,122.16000366210938,120.66000366210938,122.0999984741211,92.9175033569336,221387400,0.0,0.0,0.0
2010-11-11,121.05000305175781,121.81999969482422,120.68000030517578,121.63999938964844,92.56741333007812,158017600,0.0,0.0,0.0
2010-11-12,120.81999969482422,121.3499984741211,119.6500015258789,120.19999694824219,91.47158813476562,239068800,0.0,0.0,0.0
2010-11-15,120.58000183105469,121.05000305175781,119.9800033569336,120.02999877929688,91.34220886230469,163940800,0.0,0.0,0.0
2010-11-16,119.29000091552734,119.48999786376953,117.58999633789062,118.16000366210938,89.91915130615234,299566200,0.0,0.0,0.0
2010-11-17,118.20999908447266,118.70999908447266,117.86000061035156,118.22000122070312,89.96479797363281,172308900,0.0,0.0,0.0
2010-11-18,119.36000061035156,120.38999938964844,119.3499984741211,119.95999908447266,91.2889633178711,197723700,0.0,0.0,0.0
2010-11-19,119.9000015258789,120.33999633789062,119.25,120.29000091552734,91.54009246826172,156852900,0.0,0.0,0.0
2010-11-22,119.69000244140625,120.23999786376953,118.7699966430664,120.19000244140625,91.46398162841797,181361000,0.0,0.0,0.0
2010-11-23,118.7699966430664,119.0199966430664,117.98999786376953,118.44999694824219,90.13985443115234,222309000,0.0,0.0,0.0
2010-11-24,119.19999694824219,120.2300033569336,119.18000030517578,120.19999694824219,91.47158813476562,140046100,0.0,0.0,0.0
2010-11-26,119.16000366210938,119.80999755859375,118.80000305175781,118.80000305175781,90.40619659423828,76007800,0.0,0.0,0.0
2010-11-29,118.5,119.4800033569336,117.73999786376953,119.16000366210938,90.68016815185547,223642300,0.0,0.0,0.0
2010-11-30,117.9800033569336,119.16999816894531,117.80999755859375,118.48999786376953,90.1702651977539,233930700,0.0,0.0,0.0
2010-12-01,120.19999694824219,121.23999786376953,120.19000244140625,121.01000213623047,92.08802795410156,221037200,0.0,0.0,0.0
2010-12-02,121.19999694824219,122.6500015258789,121.12999725341797,122.55999755859375,93.26752471923828,191213600,0.0,0.0,0.0
2010-12-03,122.13999938964844,123.02999877929688,122.11000061035156,122.88999938964844,93.5186767578125,151288900,0.0,0.0,0.0
2010-12-06,122.62999725341797,123.04000091552734,122.5,122.76000213623047,93.41972351074219,103050500,0.0,0.0,0.0
2010-12-07,123.94000244140625,124.01000213623047,122.76000213623047,122.83000183105469,93.47300720214844,206581000,0.0,0.0,0.0
2010-12-08,122.9800033569336,123.37999725341797,122.41000366210938,123.27999877929688,93.81548309326172,138019200,0.0,0.0,0.0
2010-12-09,123.97000122070312,124.0199966430664,123.1500015258789,123.76000213623047,94.18074035644531,123705100,0.0,0.0,0.0
2010-12-10,124.13999938964844,124.5999984741211,123.7300033569336,124.4800033569336,94.72864532470703,117571700,0.0,0.0,0.0
2010-12-13,125.05000305175781,125.19999694824219,124.5199966430664,124.55999755859375,94.78953552246094,133812700,0.0,0.0,0.0
2010-12-14,124.75,125.2300033569336,124.29000091552734,124.66999816894531,94.87325286865234,147249600,0.0,0.0,0.0
2010-12-15,124.44000244140625,124.93000030517578,123.88999938964844,124.0999984741211,94.4394760131836,160823100,0.0,0.0,0.0
2010-12-16,124.18000030517578,124.91000366210938,123.75,124.81999969482422,94.98737335205078,185035200,0.0,0.0,0.0
2010-12-17,124.08000183105469,124.45999908447266,123.81999969482422,124.30000305175781,95.08914947509766,141075300,0.653,0.0,0.0
2010-12-20,124.63999938964844,124.9000015258789,123.9800033569336,124.5999984741211,95.31864166259766,119085500,0.0,0.0,0.0
2010-12-21,124.98999786376953,125.47000122070312,124.87000274658203,125.38999938964844,95.92298126220703,94965500,0.0,0.0,0.0
2010-12-22,125.4800033569336,125.81999969482422,125.41000366210938,125.77999877929688,96.2213134765625,78878100,0.0,0.0,0.0
2010-12-23,125.63999938964844,125.77999877929688,125.29000091552734,125.5999984741211,96.0836410522461,70053700,0.0,0.0,0.0
2010-12-27,125.12999725341797,125.7699966430664,125.04000091552734,125.6500015258789,96.12186431884766,58126000,0.0,0.0,0.0
2010-12-28,125.9000015258789,125.94999694824219,125.5,125.83000183105469,96.25955963134766,55309100,0.0,0.0,0.0
2010-12-29,125.9800033569336,126.19999694824219,125.9000015258789,125.91999816894531,96.32841491699219,58033100,0.0,0.0,0.0
2010-12-30,125.80000305175781,126.12999725341797,125.52999877929688,125.72000122070312,96.1754150390625,76616900,0.0,0.0,0.0
2010-12-31,125.52999877929688,125.87000274658203,125.33000183105469,125.75,96.1983871459961,91218900,0.0,0.0,0.0
2011-01-03,126.70999908447266,127.5999984741211,125.69999694824219,127.05000305175781,97.19287872314453,138725200,0.0,0.0,0.0
2011-01-04,127.33000183105469,127.37000274658203,126.19000244140625,126.9800033569336,97.13934326171875,137409700,0.0,0.0,0.0
2011-01-05,126.58000183105469,127.72000122070312,126.45999908447266,127.63999938964844,97.64425659179688,133975300,0.0,0.0,0.0
2011-01-06,127.69000244140625,127.83000183105469,127.01000213623047,127.38999938964844,97.45298767089844,122519000,0.0,0.0,0.0
2011-01-07,127.55999755859375,127.7699966430664,126.1500015258789,127.13999938964844,97.26176452636719,156034600,0.0,0.0,0.0
2011-01-10,126.58000183105469,127.16000366210938,126.19999694824219,126.9800033569336,97.13934326171875,122401700,0.0,0.0,0.0
2011-01-11,127.44000244140625,127.73999786376953,126.94999694824219,127.43000030517578,97.48358917236328,110287000,0.0,0.0,0.0
2011-01-12,128.2100067138672,128.72000122070312,127.45999908447266,128.5800018310547,98.36332702636719,107929200,0.0,0.0,0.0
2011-01-13,128.6300048828125,128.69000244140625,128.0500030517578,128.3699951171875,98.20268249511719,129048400,0.0,0.0,0.0
2011-01-14,128.19000244140625,129.3300018310547,128.10000610351562,129.3000030517578,98.91412353515625,117677900,0.0,0.0,0.0
2011-01-18,129.17999267578125,129.63999938964844,129.02999877929688,129.52000427246094,99.08242797851562,114401300,0.0,0.0,0.0
2011-01-19,129.41000366210938,129.5399932861328,127.91000366210938,128.25,98.1108627319336,151958400,0.0,0.0,0.0
2011-01-20,127.95999908447266,128.39999389648438,127.12999725341797,128.0800018310547,97.98082733154297,175745700,0.0,0.0,0.0
2011-01-21,128.8800048828125,129.1699981689453,128.22999572753906,128.3699951171875,98.20268249511719,151462900,0.0,0.0,0.0
2011-01-24,128.2899932861328,129.25,128.25999450683594,129.10000610351562,98.76112365722656,113715500,0.0,0.0,0.0
2011-01-25,128.75999450683594,129.27999877929688,128.11000061035156,129.1699981689453,98.81465911865234,167552200,0.0,0.0,0.0
2011-01-26,129.49000549316406,130.0500030517578,129.22999572753906,129.6699981689453,99.19715881347656,141281500,0.0,0.0,0.0
2011-01-27,129.6999969482422,130.2100067138672,129.47000122070312,129.99000549316406,99.44196319580078,123302700,0.0,0.0,0.0
2011-01-28,130.13999938964844,130.35000610351562,127.51000213623047,127.72000122070312,97.70542907714844,295637300,0.0,0.0,0.0
2011-01-31,128.07000732421875,128.77999877929688,127.75,128.67999267578125,98.43982696533203,149249200,0.0,0.0,0.0
2011-02-01,129.4600067138672,130.97000122070312,129.3800048828125,130.74000549316406,100.01571655273438,167194300,0.0,0.0,0.0
2011-02-02,130.39999389648438,130.83999633789062,130.3300018310547,130.49000549316406,99.82447814941406,118323600,0.0,0.0,0.0
2011-02-03,130.25999450683594,130.97999572753906,129.57000732421875,130.77999877929688,100.04631805419922,145886700,0.0,0.0,0.0
2011-02-04,130.8300018310547,131.1999969482422,130.22999572753906,131.14999389648438,100.3293685913086,134634800,0.0,0.0,0.0
2011-02-07,131.44000244140625,132.39999389648438,131.42999267578125,131.97000122070312,100.95664978027344,112439100,0.0,0.0,0.0
2011-02-08,132.08999633789062,132.63999938964844,131.72999572753906,132.57000732421875,101.4156494140625,99072800,0.0,0.0,0.0
2011-02-09,132.2100067138672,132.6300048828125,131.61000061035156,132.27000427246094,101.1861572265625,146436700,0.0,0.0,0.0
2011-02-10,131.60000610351562,132.47000122070312,131.3000030517578,132.32000732421875,101.22442626953125,162708500,0.0,0.0,0.0
2011-02-11,131.8000030517578,133.27999877929688,131.77000427246094,133.11000061035156,101.82876586914062,137710300,0.0,0.0,0.0
2011-02-14,133.02999877929688,133.5399932861328,132.8800048828125,133.42999267578125,102.07356262207031,101690700,0.0,0.0,0.0
2011-02-15,133.02000427246094,133.22000122070312,132.32000732421875,133.00999450683594,101.75224304199219,119575400,0.0,0.0,0.0
2011-02-16,133.4600067138672,134.00999450683594,133.19000244140625,133.85000610351562,102.39488983154297,130183500,0.0,0.0,0.0
2011-02-17,133.4600067138672,134.42999267578125,133.33999633789062,134.25,102.70088195800781,109810500,0.0,0.0,0.0
2011-02-18,134.3699951171875,134.69000244140625,134.05999755859375,134.52999877929688,102.91505432128906,130002400,0.0,0.0,0.0
2011-02-22,133.1199951171875,134.55999755859375,131.47000122070312,131.8300018310547,100.84953308105469,233116400,0.0,0.0,0.0
2011-02-23,131.75,132.07000732421875,130.2100067138672,131.02000427246094,100.22991180419922,227584000,0.0,0.0,0.0
2011-02-24,130.8800048828125,131.44000244140625,129.6999969482422,130.92999267578125,100.16109466552734,260431400,0.0,0.0,0.0
2011-02-25,131.47999572753906,132.41000366210938,131.39999389648438,132.3300018310547,101.23210906982422,141686900,0.0,0.0,0.0
2011-02-28,132.82000732421875,133.32000732421875,132.3800048828125,133.14999389648438,101.85933685302734,141585500,0.0,0.0,0.0
2011-03-01,133.57000732421875,133.69000244140625,130.88999938964844,130.92999267578125,100.16109466552734,258565500,0.0,0.0,0.0
2011-03-02,130.75,131.82000732421875,130.35000610351562,131.2100067138672,100.37525939941406,200277400,0.0,0.0,0.0
2011-03-03,132.39999389648438,133.6199951171875,132.38999938964844,133.47000122070312,102.10416412353516,176480100,0.0,0.0,0.0
2011-03-04,133.3699951171875,133.6300048828125,131.60000610351562,132.47000122070312,101.33918762207031,277202300,0.0,0.0,0.0
2011-03-07,132.86000061035156,133.16000366210938,130.74000549316406,131.42999267578125,100.54358673095703,216790400,0.0,0.0,0.0
2011-03-08,131.63999938964844,133.0,131.07000732421875,132.5800018310547,101.4233169555664,174615000,0.0,0.0,0.0
2011-03-09,132.32000732421875,132.8000030517578,131.60000610351562,132.38999938964844,101.2779541015625,153806000,0.0,0.0,0.0
2011-03-10,131.0,131.17999267578125,129.80999755859375,129.94000244140625,99.40371704101562,301291800,0.0,0.0,0.0
2011-03-11,129.52000427246094,131.30999755859375,129.49000549316406,130.83999633789062,100.09222412109375,225621800,0.0,0.0,0.0
2011-03-14,129.99000549316406,130.47999572753906,129.05999755859375,130.0500030517578,99.48786926269531,234974100,0.0,0.0,0.0
2011-03-15,126.58999633789062,129.3300018310547,126.5,128.55999755859375,98.34803009033203,359585400,0.0,0.0,0.0
2011-03-16,128.14999389648438,128.57000732421875,125.27999877929688,126.18000030517578,96.52735137939453,468670300,0.0,0.0,0.0
2011-03-17,128.0,128.38999938964844,127.0999984741211,127.8499984741211,97.80487060546875,254303700,0.0,0.0,0.0
2011-03-18,128.83999633789062,128.8800048828125,127.51000213623047,127.76000213623047,98.1606216430664,230435400,0.553,0.0,0.0
2011-03-21,129.35000610351562,130.00999450683594,129.1999969482422,129.74000549316406,99.68189239501953,153992600,0.0,0.0,0.0
2011-03-22,129.72000122070312,129.88999938964844,129.1699981689453,129.2899932861328,99.33614349365234,129538600,0.0,0.0,0.0
2011-03-23,128.92999267578125,130.0,128.32000732421875,129.66000366210938,99.62044525146484,148603100,0.0,0.0,0.0
2011-03-24,130.39999389648438,131.08999633789062,129.6699981689453,130.89999389648438,100.57313537597656,159129800,0.0,0.0,0.0
2011-03-25,131.24000549316406,131.8699951171875,130.88999938964844,131.3000030517578,100.88044738769531,155642800,0.0,0.0,0.0
2011-03-28,131.5800018310547,131.9199981689453,130.94000244140625,130.97999572753906,100.63459777832031,109762400,0.0,0.0,0.0
2011-03-29,130.8699951171875,131.89999389648438,130.44000244140625,131.86000061035156,101.31071472167969,129798800,0.0,0.0,0.0
2011-03-30,132.5500030517578,133.16000366210938,132.36000061035156,132.77000427246094,102.00993347167969,135835000,0.0,0.0,0.0
2011-03-31,132.60000610351562,132.9600067138672,132.4499969482422,132.58999633789062,101.8716049194336,132537100,0.0,0.0,0.0
2011-04-01,133.41000366210938,133.77000427246094,132.8300018310547,133.14999389648438,102.30181884765625,153850100,0.0,0.0,0.0
2011-04-04,133.42999267578125,133.6699981689453,132.8800048828125,133.25999450683594,102.3863525390625,100768900,0.0,0.0,0.0
2011-04-05,133.0,133.8300018310547,132.94000244140625,133.24000549316406,102.37103271484375,120791500,0.0,0.0,0.0
2011-04-06,133.8800048828125,134.0,133.1199951171875,133.66000366210938,102.6937026977539,120411600,0.0,0.0,0.0
2011-04-07,133.4199981689453,133.97999572753906,132.66000366210938,133.32000732421875,102.43247985839844,170731500,0.0,0.0,0.0
2011-04-08,133.91000366210938,133.99000549316406,132.30999755859375,132.86000061035156,102.07904815673828,147945400,0.0,0.0,0.0
2011-04-11,133.0,133.4499969482422,132.13999938964844,132.4600067138672,101.771728515625,121385400,0.0,0.0,0.0
2011-04-12,131.72000122070312,131.97999572753906,130.99000549316406,131.47000122070312,101.01109313964844,161187400,0.0,0.0,0.0
2011-04-13,132.0800018310547,132.17999267578125,130.9600067138672,131.4600067138672,101.00340270996094,162059000,0.0,0.0,0.0
2011-04-14,130.6999969482422,131.75999450683594,130.27000427246094,131.55999755859375,101.08021545410156,161220400,0.0,0.0,0.0
2011-04-15,131.8000030517578,132.3699951171875,131.41000366210938,132.0399932861328,101.44902038574219,170006700,0.0,0.0,0.0
2011-04-18,130.58999633789062,132.02999877929688,129.50999450683594,130.55999755859375,100.3118896484375,210759300,0.0,0.0,0.0
2011-04-19,130.75999450683594,131.35000610351562,130.44000244140625,131.30999755859375,100.8881607055664,124258800,0.0,0.0,0.0
2011-04-20,132.8800048828125,133.38999938964844,132.7899932861328,133.10000610351562,102.26345825195312,156133800,0.0,0.0,0.0
2011-04-21,133.7899932861328,133.83999633789062,133.10000610351562,133.77999877929688,102.78590393066406,135935400,0.0,0.0,0.0
2011-04-25,133.67999267578125,133.86000061035156,133.1999969482422,133.63999938964844,102.67835235595703,65757100,0.0,0.0,0.0
2011-04-26,134.0500030517578,135.05999755859375,133.91000366210938,134.7899932861328,103.56190490722656,146600000,0.0,0.0,0.0
2011-04-27,135.0500030517578,135.8699951171875,134.5,135.6699981689453,104.238037109375,143031000,0.0,0.0,0.0
2011-04-28,135.42999267578125,136.2899932861328,135.41000366210938,136.11000061035156,104.57610321044922,124791100,0.0,0.0,0.0
2011-04-29,136.16000366210938,136.57000732421875,135.97999572753906,136.42999267578125,104.82195281982422,115094100,0.0,0.0,0.0
2011-05-02,137.07000732421875,137.17999267578125,135.9499969482422,136.22000122070312,104.66060638427734,126278700,0.0,0.0,0.0
2011-05-03,135.9600067138672,136.19000244140625,135.0399932861328,135.72999572753906,104.28410339355469,138375000,0.0,0.0,0.0
2011-05-04,135.6699981689453,135.72999572753906,134.22999572753906,134.8300018310547,103.59264373779297,182678500,0.0,0.0,0.0
2011-05-05,134.0800018310547,134.9499969482422,133.02000427246094,133.61000061035156,102.65531158447266,226900000,0.0,0.0,0.0
2011-05-06,134.94000244140625,135.6300048828125,133.67999267578125,134.1999969482422,103.10861206054688,222787200,0.0,0.0,0.0
2011-05-09,134.19000244140625,135.11000061035156,133.97999572753906,134.72000122070312,103.50812530517578,114104500,0.0,0.0,0.0
2011-05-10,135.1699981689453,136.11000061035156,135.0,135.8699951171875,104.39168548583984,114806900,0.0,0.0,0.0
2011-05-11,135.6699981689453,135.69000244140625,133.82000732421875,134.44000244140625,103.29297637939453,193564200,0.0,0.0,0.0
2011-05-12,134.0800018310547,135.36000061035156,133.38999938964844,135.0800018310547,103.7846908569336,171550700,0.0,0.0,0.0
2011-05-13,135.14999389648438,135.33999633789062,133.55999755859375,134.0399932861328,102.98564910888672,157444900,0.0,0.0,0.0
2011-05-16,133.55999755859375,134.61000061035156,132.97000122070312,133.19000244140625,102.33261108398438,141675400,0.0,0.0,0.0
2011-05-17,132.69000244140625,133.35000610351562,132.1199951171875,133.1699981689453,102.31721496582031,192686200,0.0,0.0,0.0
2011-05-18,133.24000549316406,134.5,132.9499969482422,134.36000061035156,103.23152923583984,135217900,0.0,0.0,0.0
2011-05-19,134.8000030517578,135.02999877929688,133.94000244140625,134.67999267578125,103.47737884521484,119489500,0.0,0.0,0.0
2011-05-20,134.3300018310547,134.67999267578125,133.36000061035156,133.61000061035156,102.65531158447266,182594900,0.0,0.0,0.0
2011-05-23,131.97999572753906,132.72000122070312,131.58999633789062,132.05999755859375,101.46440124511719,168700000,0.0,0.0,0.0
2011-05-24,132.44000244140625,132.72999572753906,131.6999969482422,131.9499969482422,101.3798599243164,147199600,0.0,0.0,0.0
2011-05-25,131.4199981689453,132.94000244140625,131.3800048828125,132.38999938964844,101.71792602539062,151050100,0.0,0.0,0.0
2011-05-26,132.02999877929688,133.24000549316406,131.77999877929688,133.0,102.18660736083984,164850000,0.0,0.0,0.0
2011-05-27,133.3699951171875,133.8699951171875,132.9600067138672,133.50999450683594,102.57847595214844,120921900,0.0,0.0,0.0
2011-05-31,134.77000427246094,134.9199981689453,133.83999633789062,134.89999389648438,103.64643096923828,164731200,0.0,0.0,0.0
2011-06-01,134.50999450683594,134.9199981689453,131.75999450683594,131.8699951171875,101.31842803955078,233094300,0.0,0.0,0.0
2011-06-02,131.9600067138672,132.24000549316406,130.9600067138672,131.72999572753906,101.21085357666016,200466800,0.0,0.0,0.0
2011-06-03,130.14999389648438,131.4199981689453,130.0800018310547,130.4199981689453,100.20435333251953,234690200,0.0,0.0,0.0
2011-06-06,130.08999633789062,130.36000061035156,128.8699951171875,129.0399932861328,99.14405822753906,179951200,0.0,0.0,0.0
2011-06-07,129.6999969482422,130.07000732421875,128.85000610351562,128.9600067138672,99.08260345458984,161660500,0.0,0.0,0.0
2011-06-08,128.75999450683594,129.19000244140625,128.17999267578125,128.4199981689453,98.66771697998047,198696400,0.0,0.0,0.0
2011-06-09,128.77000427246094,129.92999267578125,128.4600067138672,129.39999389648438,99.42066192626953,160964400,0.0,0.0,0.0
2011-06-10,128.85000610351562,128.92999267578125,127.26000213623047,127.5999984741211,98.03768920898438,238629400,0.0,0.0,0.0
2011-06-13,127.88999938964844,128.24000549316406,127.05000305175781,127.69999694824219,98.114501953125,207599800,0.0,0.0,0.0
2011-06-14,128.8699951171875,129.77000427246094,128.82000732421875,129.32000732421875,99.35917663574219,160570400,0.0,0.0,0.0
2011-06-15,128.24000549316406,129.3000030517578,126.68000030517578,127.0199966430664,97.59208679199219,300958000,0.0,0.0,0.0
2011-06-16,127.05999755859375,127.97000122070312,126.31999969482422,127.30000305175781,97.80720520019531,308032800,0.0,0.0,0.0
2011-06-17,127.93000030517578,127.94000244140625,126.62000274658203,127.05000305175781,98.09903717041016,233284900,0.628,0.0,0.0
2011-06-20,126.62000274658203,127.97000122070312,126.58000183105469,127.69999694824219,98.60092163085938,159479000,0.0,0.0,0.0
2011-06-21,128.36000061035156,129.6999969482422,127.75,129.4499969482422,99.9521484375,193157300,0.0,0.0,0.0
2011-06-22,129.0500030517578,129.80999755859375,128.58999633789062,128.6699981689453,99.34991455078125,176703000,0.0,0.0,0.0
2011-06-23,127.16000366210938,128.63999938964844,126.19000244140625,128.3000030517578,99.06421661376953,334286500,0.0,0.0,0.0
2011-06-24,128.27000427246094,128.3699951171875,126.62000274658203,126.80999755859375,97.91375732421875,226129300,0.0,0.0,0.0
2011-06-27,126.88999938964844,128.42999267578125,126.63999938964844,127.94000244140625,98.78623962402344,168904700,0.0,0.0,0.0
2011-06-28,128.4499969482422,129.6300048828125,128.27000427246094,129.61000061035156,100.07568359375,165556300,0.0,0.0,0.0
2011-06-29,130.1999969482422,130.92999267578125,129.6300048828125,130.72000122070312,100.93278503417969,244295500,0.0,0.0,0.0
2011-06-30,131.13999938964844,132.17999267578125,130.7100067138672,131.97000122070312,101.89788818359375,223322700,0.0,0.0,0.0
2011-07-01,132.08999633789062,134.10000610351562,131.77999877929688,133.9199981689453,103.40357971191406,202385700,0.0,0.0,0.0
2011-07-05,133.77999877929688,134.0800018310547,133.38999938964844,133.80999755859375,103.31866455078125,165936000,0.0,0.0,0.0
2011-07-06,133.49000549316406,134.13999938964844,133.11000061035156,133.97000122070312,103.44218444824219,143331600,0.0,0.0,0.0
2011-07-07,135.16000366210938,135.6999969482422,134.8800048828125,135.36000061035156,104.51544952392578,170464200,0.0,0.0,0.0
2011-07-08,133.8300018310547,135.36000061035156,133.38999938964844,134.39999389648438,103.77418518066406,194100500,0.0,0.0,0.0
2011-07-11,132.75,133.17999267578125,131.66000366210938,131.97000122070312,101.89788818359375,195918600,0.0,0.0,0.0
2011-07-12,131.69000244140625,132.77999877929688,131.36000061035156,131.39999389648438,101.45779418945312,214675700,0.0,0.0,0.0
2011-07-13,132.08999633789062,133.22000122070312,131.52000427246094,131.83999633789062,101.79753875732422,204062600,0.0,0.0,0.0
2011-07-14,132.1699981689453,132.77999877929688,130.67999267578125,130.92999267578125,101.09492492675781,226111800,0.0,0.0,0.0
2011-07-15,131.66000366210938,131.8699951171875,130.77000427246094,131.69000244140625,101.6817398071289,220012800,0.0,0.0,0.0
2011-07-18,131.0800018310547,131.27999877929688,129.6300048828125,130.61000061035156,100.84783172607422,196872100,0.0,0.0,0.0
2011-07-19,131.33999633789062,132.88999938964844,131.30999755859375,132.72999572753906,102.4847640991211,166554900,0.0,0.0,0.0
2011-07-20,133.07000732421875,133.14999389648438,132.4199981689453,132.64999389648438,102.4229736328125,137145400,0.0,0.0,0.0
2011-07-21,133.39999389648438,134.82000732421875,132.6699981689453,134.49000549316406,103.84370422363281,245246300,0.0,0.0,0.0
2011-07-22,134.52000427246094,134.72000122070312,133.75999450683594,134.5800018310547,103.91316223144531,126019400,0.0,0.0,0.0
2011-07-25,133.3000030517578,134.49000549316406,133.16000366210938,133.8300018310547,103.33409118652344,136653800,0.0,0.0,0.0
2011-07-26,133.74000549316406,133.9600067138672,133.02999877929688,133.3300018310547,102.94803619384766,131278200,0.0,0.0,0.0
2011-07-27,132.58999633789062,132.6300048828125,130.42999267578125,130.60000610351562,100.84010314941406,249020100,0.0,0.0,0.0
2011-07-28,130.60000610351562,131.77000427246094,130.00999450683594,130.22000122070312,100.54670715332031,207939900,0.0,0.0,0.0
2011-07-29,128.91000366210938,130.5500030517578,127.97000122070312,129.3300018310547,99.85951232910156,307038400,0.0,0.0,0.0
2011-08-01,130.83999633789062,130.9600067138672,127.52999877929688,128.77999877929688,99.4348373413086,325790900,0.0,0.0,0.0
2011-08-02,127.80999755859375,128.5,125.48999786376953,125.48999786376953,96.89453125,346653800,0.0,0.0,0.0
2011-08-03,125.66000366210938,126.30999755859375,123.52999877929688,126.16999816894531,97.41959381103516,370830800,0.0,0.0,0.0
2011-08-04,124.41999816894531,124.62000274658203,120.05999755859375,120.26000213623047,92.85628509521484,520721800,0.0,0.0,0.0
2011-08-05,121.76000213623047,122.06999969482422,116.86000061035156,120.08000183105469,92.71726989746094,655619200,0.0,0.0,0.0
2011-08-08,116.91000366210938,120.12000274658203,112.0199966430664,112.26000213623047,86.67923736572266,702263900,0.0,0.0,0.0
2011-08-09,114.06999969482422,117.63999938964844,110.2699966430664,117.4800033569336,90.70975494384766,717828700,0.0,0.0,0.0
2011-08-10,115.26000213623047,116.27999877929688,111.94999694824219,112.29000091552734,86.70242309570312,662607400,0.0,0.0,0.0
2011-08-11,113.26000213623047,118.91999816894531,112.31999969482422,117.33000183105469,90.59394073486328,487979700,0.0,0.0,0.0
2011-08-12,118.4000015258789,119.20999908447266,117.27999877929688,118.12000274658203,91.20393371582031,313731600,0.0,0.0,0.0
2011-08-15,119.19000244140625,120.73999786376953,119.0,120.62000274658203,93.1342544555664,258810600,0.0,0.0,0.0
2011-08-16,119.47000122070312,120.69000244140625,118.30999755859375,119.58999633789062,92.33894348144531,294095200,0.0,0.0,0.0
2011-08-17,120.25,121.19999694824219,118.72000122070312,119.66999816894531,92.4007339477539,238201100,0.0,0.0,0.0
2011-08-18,116.5,119.70999908447266,113.38999938964844,114.51000213623047,88.41655731201172,512956300,0.0,0.0,0.0
2011-08-19,112.95999908447266,115.87999725341797,112.5,112.63999938964844,86.97266387939453,428281300,0.0,0.0,0.0
2011-08-22,115.16999816894531,115.2300033569336,112.41000366210938,112.7300033569336,87.04216003417969,275090600,0.0,0.0,0.0
2011-08-23,113.1500015258789,116.56999969482422,112.58000183105469,116.44000244140625,89.9067611694336,331136600,0.0,0.0,0.0
2011-08-24,116.19000244140625,118.23999786376953,115.91999816894531,118.08000183105469,91.17305755615234,246869700,0.0,0.0,0.0
2011-08-25,118.7300033569336,119.4000015258789,115.87000274658203,116.27999877929688,89.78319549560547,312365400,0.0,0.0,0.0
2011-08-26,115.69000244140625,118.51000213623047,113.8499984741211,117.97000122070312,91.08810424804688,314495900,0.0,0.0,0.0
2011-08-29,119.55999755859375,121.43000030517578,118.05999755859375,121.36000061035156,93.70565795898438,190977200,0.0,0.0,0.0
2011-08-30,120.83000183105469,122.43000030517578,119.26000213623047,121.68000030517578,93.95272064208984,241315700,0.0,0.0,0.0
2011-08-31,122.45999908447266,123.51000213623047,121.30000305175781,122.22000122070312,94.36966705322266,301828400,0.0,0.0,0.0
2011-09-01,122.29000091552734,123.4000015258789,120.77999877929688,120.94000244140625,93.38134765625,254585900,0.0,0.0,0.0
2011-09-02,118.41999816894531,120.87000274658203,117.43000030517578,117.8499984741211,90.99545288085938,255517200,0.0,0.0,0.0
2011-09-06,114.38999938964844,117.16000366210938,114.37999725341797,116.98999786376953,90.3314208984375,285130500,0.0,0.0,0.0
2011-09-07,118.76000213623047,120.33999633789062,118.36000061035156,120.29000091552734,92.87947845458984,209803200,0.0,0.0,0.0
2011-09-08,119.56999969482422,120.94000244140625,118.7699966430664,119.04000091552734,91.9142837524414,250568200,0.0,0.0,0.0
2011-09-09,117.68000030517578,119.05999755859375,115.27999877929688,115.91999816894531,89.50525665283203,380195100,0.0,0.0,0.0
2011-09-12,114.47000122070312,116.76000213623047,114.05000305175781,116.66999816894531,90.08431243896484,305793500,0.0,0.0,0.0
2011-09-13,117.05000305175781,118.18000030517578,116.22000122070312,117.73999786376953,90.91053009033203,272514700,0.0,0.0,0.0
2011-09-14,118.33999633789062,120.80000305175781,116.72000122070312,119.37000274658203,92.16910552978516,319389500,0.0,0.0,0.0
2011-09-15,120.6500015258789,121.47000122070312,119.4000015258789,121.43000030517578,93.75971984863281,326777200,0.0,0.0,0.0
2011-09-16,121.29000091552734,121.97000122070312,120.31999969482422,121.5199966430664,94.31462860107422,284528300,0.625,0.0,0.0
2011-09-19,119.52999877929688,120.93000030517578,118.72000122070312,120.30999755859375,93.37550354003906,241517000,0.0,0.0,0.0
2011-09-20,120.81999969482422,121.98999786376953,120.01000213623047,120.16999816894531,93.26686096191406,218932200,0.0,0.0,0.0
2011-09-21,120.2300033569336,120.5999984741211,116.44000244140625,116.62999725341797,90.51937866210938,316251300,0.0,0.0,0.0
2011-09-22,113.25,114.20999908447266,111.30000305175781,112.86000061035156,87.5933837890625,513911300,0.0,0.0,0.0
2011-09-23,112.11000061035156,114.16000366210938,112.0199966430664,113.54000091552734,88.12112426757812,307242500,0.0,0.0,0.0
2011-09-26,114.61000061035156,116.4000015258789,112.9800033569336,116.23999786376953,90.21669006347656,260673700,0.0,0.0,0.0
2011-09-27,118.52999877929688,119.55999755859375,116.83999633789062,117.54000091552734,91.22563171386719,311753900,0.0,0.0,0.0
2011-09-28,117.77999877929688,118.48999786376953,114.97000122070312,115.13999938964844,89.36294555664062,286696800,0.0,0.0,0.0
2011-09-29,117.05000305175781,117.62999725341797,113.93000030517578,116.05000305175781,90.06922912597656,298108900,0.0,0.0,0.0
2011-09-30,114.44999694824219,115.44999694824219,113.06999969482422,113.1500015258789,87.81841278076172,288392300,0.0,0.0,0.0
2011-10-03,112.48999786376953,113.94999694824219,109.80999755859375,109.93000030517578,85.31932067871094,365136800,0.0,0.0,0.0
2011-10-04,108.3499984741211,112.58000183105469,107.43000030517578,112.33999633789062,87.18978881835938,459177500,0.0,0.0,0.0
2011-10-05,112.62000274658203,114.72000122070312,111.58000183105469,114.41999816894531,88.80409240722656,284108000,0.0,0.0,0.0
2011-10-06,114.36000061035156,116.66000366210938,113.51000213623047,116.48999786376953,90.41071319580078,257800800,0.0,0.0,0.0
2011-10-07,117.16999816894531,117.25,115.05999755859375,115.70999908447266,89.8053207397461,312657900,0.0,0.0,0.0
2011-10-10,117.68000030517578,119.62999725341797,117.66999816894531,119.58000183105469,92.80895233154297,230666300,0.0,0.0,0.0
2011-10-11,118.87000274658203,120.04000091552734,118.75,119.69999694824219,92.90206146240234,209088000,0.0,0.0,0.0
2011-10-12,120.5999984741211,122.13999938964844,120.33000183105469,120.75,93.71698760986328,281544900,0.0,0.0,0.0
2011-10-13,120.04000091552734,120.87000274658203,119.12000274658203,120.51000213623047,93.53071594238281,212538800,0.0,0.0,0.0
2011-10-14,121.91000366210938,122.5999984741211,121.2300033569336,122.56999969482422,95.12954711914062,211397600,0.0,0.0,0.0
2011-10-17,121.98999786376953,122.55000305175781,119.93000030517578,120.2300033569336,93.31340789794922,202311600,0.0,0.0,0.0
2011-10-18,120.13999938964844,123.5,119.19999694824219,122.58000183105469,95.13729858398438,318857900,0.0,0.0,0.0
2011-10-19,122.37999725341797,123.08000183105469,120.70999908447266,121.12999725341797,94.01191711425781,226601300,0.0,0.0,0.0
2011-10-20,121.43000030517578,122.0999984741211,119.81999969482422,121.66000366210938,94.42327880859375,262075600,0.0,0.0,0.0
2011-10-21,123.08999633789062,124.12000274658203,122.72000122070312,123.97000122070312,96.21614837646484,278999400,0.0,0.0,0.0
2011-10-24,124.16999816894531,125.80000305175781,124.05999755859375,125.48999786376953,97.39581298828125,203215600,0.0,0.0,0.0
2011-10-25,124.88999938964844,124.94999694824219,122.77999877929688,123.05000305175781,95.50211334228516,268596800,0.0,0.0,0.0
2011-10-26,124.3499984741211,124.7699966430664,122.20999908447266,124.30000305175781,96.47223663330078,289053800,0.0,0.0,0.0
2011-10-27,127.62999725341797,129.4199981689453,126.61000061035156,128.6300048828125,99.83285522460938,393220200,0.0,0.0,0.0
2011-10-28,128.0,128.85000610351562,127.80000305175781,128.60000610351562,99.8095932006836,225906500,0.0,0.0,0.0
2011-10-31,127.16000366210938,128.6199951171875,125.31999969482422,125.5,97.403564453125,228146700,0.0,0.0,0.0
2011-11-01,122.02999877929688,123.51000213623047,121.5199966430664,122.0,94.6871337890625,416565800,0.0,0.0,0.0
2011-11-02,123.83000183105469,124.4000015258789,122.79000091552734,123.98999786376953,96.23164367675781,244717600,0.0,0.0,0.0
2011-11-03,125.2699966430664,126.5,123.5999984741211,126.25,97.98567199707031,291174800,0.0,0.0,0.0
2011-11-04,125.2300033569336,125.69999694824219,124.01000213623047,125.4800033569336,97.38807678222656,249401600,0.0,0.0,0.0
2011-11-07,125.38999938964844,126.38999938964844,124.19999694824219,126.26000213623047,97.99344635009766,196617200,0.0,0.0,0.0
2011-11-08,126.91999816894531,128.02000427246094,125.70999908447266,127.87999725341797,99.25077056884766,224426300,0.0,0.0,0.0
2011-11-09,124.88999938964844,125.80000305175781,122.86000061035156,123.16000366210938,95.58746337890625,337982000,0.0,0.0,0.0
2011-11-10,124.79000091552734,124.94000244140625,123.0199966430664,124.31999969482422,96.48774719238281,231866500,0.0,0.0,0.0
2011-11-11,125.83000183105469,126.98999786376953,125.79000091552734,126.66000366210938,98.30390167236328,189924400,0.0,0.0,0.0
2011-11-14,126.19000244140625,127.44999694824219,124.91999816894531,125.45999908447266,97.37254333496094,159258300,0.0,0.0,0.0
2011-11-15,125.16999816894531,126.75,124.72000122070312,126.08000183105469,97.85375213623047,184709400,0.0,0.0,0.0
2011-11-16,124.80999755859375,126.33999633789062,123.9000015258789,124.08000183105469,96.3014907836914,235782500,0.0,0.0,0.0
2011-11-17,123.8499984741211,124.16000366210938,121.2300033569336,122.11000061035156,94.77252197265625,331219600,0.0,0.0,0.0
2011-11-18,122.5,122.75,121.47000122070312,121.9800033569336,94.67164611816406,215580400,0.0,0.0,0.0
2011-11-21,120.19999694824219,120.3499984741211,118.6500015258789,119.66000366210938,92.87102508544922,229611600,0.0,0.0,0.0
2011-11-22,119.4000015258789,120.0999984741211,118.5199966430664,119.19000244140625,92.5062484741211,216494900,0.0,0.0,0.0
2011-11-23,118.06999969482422,119.19000244140625,116.55999755859375,116.55999755859375,90.46504211425781,224329100,0.0,0.0,0.0
2011-11-25,116.37999725341797,117.69999694824219,116.19999694824219,116.33999633789062,90.29429626464844,99557000,0.0,0.0,0.0
2011-11-28,119.54000091552734,120.18000030517578,118.81999969482422,119.70999908447266,92.90979766845703,210686000,0.0,0.0,0.0
2011-11-29,120.05000305175781,121.0,119.61000061035156,120.05000305175781,93.1736831665039,199241500,0.0,0.0,0.0
2011-11-30,123.48999786376953,125.22000122070312,120.0,124.98999786376953,97.00775146484375,324439500,0.0,0.0,0.0
2011-12-01,124.8499984741211,125.63999938964844,124.43000030517578,124.97000122070312,96.9922103881836,176954800,0.0,0.0,0.0
2011-12-02,126.12000274658203,126.5,124.77999877929688,124.86000061035156,96.9068603515625,221109700,0.0,0.0,0.0
2011-12-05,126.83999633789062,127.18000030517578,125.44000244140625,126.22000122070312,97.96237182617188,225263900,0.0,0.0,0.0
2011-12-06,126.20999908447266,127.11000061035156,125.76000213623047,126.26000213623047,97.99344635009766,178842100,0.0,0.0,0.0
2011-12-07,125.83999633789062,127.26000213623047,124.97000122070312,126.7300033569336,98.35823822021484,237802500,0.0,0.0,0.0
2011-12-08,125.9000015258789,126.18000030517578,123.6500015258789,123.94999694824219,96.20059967041016,240862800,0.0,0.0,0.0
2011-12-09,124.51000213623047,126.37000274658203,124.4000015258789,126.05000305175781,97.83043670654297,209111400,0.0,0.0,0.0
2011-12-12,124.94999694824219,124.97000122070312,123.16000366210938,124.20999908447266,96.40237426757812,215826100,0.0,0.0,0.0
2011-12-13,124.86000061035156,125.56999969482422,122.44999694824219,123.05000305175781,95.50211334228516,245159800,0.0,0.0,0.0
2011-12-14,122.55999755859375,123.02999877929688,121.47000122070312,121.73999786376953,94.48532104492188,238618800,0.0,0.0,0.0
2011-12-15,123.02999877929688,123.19999694824219,121.98999786376953,122.18000030517578,94.82683563232422,199109200,0.0,0.0,0.0
2011-12-16,122.2300033569336,122.94999694824219,121.30000305175781,121.58999633789062,94.96741485595703,220481400,0.77,0.0,0.0
2011-12-19,122.05999755859375,122.31999969482422,120.02999877929688,120.29000091552734,93.95208740234375,183903000,0.0,0.0,0.0
2011-12-20,122.18000030517578,124.13999938964844,120.37000274658203,123.93000030517578,96.79509735107422,225418100,0.0,0.0,0.0
2011-12-21,123.93000030517578,124.36000061035156,122.75,124.16999816894531,96.98255157470703,194230900,0.0,0.0,0.0
2011-12-22,124.62999725341797,125.4000015258789,124.2300033569336,125.2699966430664,97.84169006347656,119465400,0.0,0.0,0.0
2011-12-23,125.66999816894531,126.43000030517578,125.41000366210938,126.38999938964844,98.71644592285156,92187200,0.0,0.0,0.0
2011-12-27,126.16999816894531,126.81999969482422,126.05999755859375,126.48999786376953,98.79456329345703,86075700,0.0,0.0,0.0
2011-12-28,126.51000213623047,126.52999877929688,124.7300033569336,124.83000183105469,97.4980239868164,119107100,0.0,0.0,0.0
2011-12-29,125.23999786376953,126.25,124.86000061035156,126.12000274658203,98.50558471679688,123507200,0.0,0.0,0.0
2011-12-30,126.0199966430664,126.33000183105469,125.5,125.5,98.02130126953125,95599000,0.0,0.0,0.0
2012-01-03,127.76000213623047,128.3800048828125,127.43000030517578,127.5,99.58344268798828,193697900,0.0,0.0,0.0
2012-01-04,127.19999694824219,127.80999755859375,126.70999908447266,127.69999694824219,99.73963165283203,127186500,0.0,0.0,0.0
2012-01-05,127.01000213623047,128.22999572753906,126.43000030517578,128.0399932861328,100.00519561767578,173895000,0.0,0.0,0.0
2012-01-06,128.1999969482422,128.22000122070312,127.29000091552734,127.70999908447266,99.7474365234375,148050000,0.0,0.0,0.0
2012-01-09,128.0,128.17999267578125,127.41000366210938,128.02000427246094,99.98957061767578,99530200,0.0,0.0,0.0
2012-01-10,129.38999938964844,129.64999389648438,128.9499969482422,129.1300048828125,100.85653686523438,115282000,0.0,0.0,0.0
2012-01-11,128.72999572753906,129.3699951171875,128.52000427246094,129.1999969482422,100.91120910644531,111540700,0.0,0.0,0.0
2012-01-12,129.57000732421875,129.6999969482422,128.5399932861328,129.50999450683594,101.15332794189453,118983700,0.0,0.0,0.0
2012-01-13,128.63999938964844,129.0500030517578,127.72000122070312,128.83999633789062,100.63002014160156,179836200,0.0,0.0,0.0
2012-01-17,130.0800018310547,130.32000732421875,128.89999389648438,129.33999633789062,101.02053833007812,132209200,0.0,0.0,0.0
2012-01-18,129.30999755859375,130.83999633789062,129.0800018310547,130.77000427246094,102.137451171875,163395200,0.0,0.0,0.0
2012-01-19,131.22000122070312,131.57000732421875,130.8000030517578,131.4600067138672,102.67639923095703,126328900,0.0,0.0,0.0
2012-01-20,131.24000549316406,131.9499969482422,130.9199981689453,131.9499969482422,103.05907440185547,138230200,0.0,0.0,0.0
2012-01-23,131.50999450683594,132.25,130.97999572753906,131.61000061035156,102.79353332519531,129295800,0.0,0.0,0.0
2012-01-24,130.8000030517578,131.5,130.60000610351562,131.4600067138672,102.67639923095703,103083300,0.0,0.0,0.0
2012-01-25,131.25999450683594,132.8699951171875,130.75,132.55999755859375,103.53555297851562,198613200,0.0,0.0,0.0
2012-01-26,133.14999389648438,133.39999389648438,131.36000061035156,131.8800048828125,103.00440979003906,184880500,0.0,0.0,0.0
2012-01-27,131.24000549316406,132.0500030517578,131.14999389648438,131.82000732421875,102.95760345458984,135259100,0.0,0.0,0.0
2012-01-30,130.50999450683594,131.44000244140625,130.05999755859375,131.3699951171875,102.60607147216797,147311800,0.0,0.0,0.0
2012-01-31,132.02000427246094,132.17999267578125,130.67999267578125,131.32000732421875,102.5670166015625,157212000,0.0,0.0,0.0
2012-02-01,132.2899932861328,133.13999938964844,132.1300048828125,132.47000122070312,103.46522521972656,166234500,0.0,0.0,0.0
2012-02-02,132.72999572753906,133.02000427246094,132.2100067138672,132.67999267578125,103.6292495727539,113090400,0.0,0.0,0.0
2012-02-03,134.0,134.6199951171875,133.77000427246094,134.5399932861328,105.08197021484375,160598500,0.0,0.0,0.0
2012-02-06,133.97999572753906,134.50999450683594,133.8300018310547,134.4499969482422,105.01170349121094,107694500,0.0,0.0,0.0
2012-02-07,134.1699981689453,135.02000427246094,133.63999938964844,134.7899932861328,105.27722930908203,135528100,0.0,0.0,0.0
2012-02-08,134.86000061035156,135.22000122070312,134.30999755859375,135.19000244140625,105.58963775634766,139361400,0.0,0.0,0.0
2012-02-09,135.41000366210938,135.58999633789062,134.55999755859375,135.36000061035156,105.72247314453125,148602900,0.0,0.0,0.0
2012-02-10,134.16000366210938,134.47000122070312,133.83999633789062,134.36000061035156,104.94140625,167907500,0.0,0.0,0.0
2012-02-13,135.32000732421875,135.52000427246094,134.74000549316406,135.36000061035156,105.72247314453125,115841900,0.0,0.0,0.0
2012-02-14,135.0,135.27000427246094,134.25,135.19000244140625,105.58963775634766,165329500,0.0,0.0,0.0
2012-02-15,135.6300048828125,135.8300018310547,134.2899932861328,134.55999755859375,105.09760284423828,195195100,0.0,0.0,0.0
2012-02-16,134.57000732421875,136.1699981689453,134.3300018310547,136.0500030517578,106.26136779785156,186567800,0.0,0.0,0.0
2012-02-17,136.52000427246094,136.6300048828125,135.9600067138672,136.41000366210938,106.54253387451172,129869400,0.0,0.0,0.0
2012-02-21,136.72999572753906,137.0500030517578,136.0500030517578,136.47000122070312,106.58939361572266,134042300,0.0,0.0,0.0
2012-02-22,136.25999450683594,136.5500030517578,135.7899932861328,136.02999877929688,106.24578094482422,124455300,0.0,0.0,0.0
2012-02-23,135.9600067138672,136.72999572753906,135.5,136.6300048828125,106.71436309814453,137704300,0.0,0.0,0.0
2012-02-24,136.92999267578125,137.1999969482422,136.6300048828125,136.92999267578125,106.94869232177734,105539100,0.0,0.0,0.0
2012-02-27,136.02000427246094,137.52999877929688,135.8000030517578,137.16000366210938,107.12834930419922,145728900,0.0,0.0,0.0
2012-02-28,137.1999969482422,137.72000122070312,136.92999267578125,137.55999755859375,107.44075012207031,129355900,0.0,0.0,0.0
2012-02-29,137.75999450683594,138.19000244140625,136.5399932861328,137.02000427246094,107.01901245117188,185934700,0.0,0.0,0.0
2012-03-01,137.30999755859375,137.99000549316406,136.92999267578125,137.72999572753906,107.57352447509766,145023500,0.0,0.0,0.0
2012-03-02,137.63999938964844,137.82000732421875,137.0,137.30999755859375,107.24552917480469,120638300,0.0,0.0,0.0
2012-03-05,137.10000610351562,137.1999969482422,136.27999877929688,136.75,106.80810546875,140765000,0.0,0.0,0.0
2012-03-06,135.35000610351562,135.42999267578125,134.36000061035156,134.75,105.24597930908203,202129900,0.0,0.0,0.0
2012-03-07,135.05999755859375,135.91000366210938,134.92999267578125,135.69000244140625,105.9802017211914,143692200,0.0,0.0,0.0
2012-03-08,136.52000427246094,137.32000732421875,136.24000549316406,137.0399932861328,107.03462219238281,116968900,0.0,0.0,0.0
2012-03-09,137.3000030517578,137.92999267578125,137.1300048828125,137.57000732421875,107.44856262207031,122836800,0.0,0.0,0.0
2012-03-12,137.5500030517578,137.75999450683594,137.08999633789062,137.5800018310547,107.4563980102539,104003500,0.0,0.0,0.0
2012-03-13,138.32000732421875,140.1300048828125,138.08999633789062,140.05999755859375,109.39336395263672,184090500,0.0,0.0,0.0
2012-03-14,140.10000610351562,140.4499969482422,139.47999572753906,139.91000366210938,109.27621459960938,145163600,0.0,0.0,0.0
2012-03-15,140.1199951171875,140.77999877929688,139.75999450683594,140.72000122070312,109.90885162353516,165118500,0.0,0.0,0.0
2012-03-16,140.36000061035156,140.47999572753906,140.0,140.3000030517578,110.06104278564453,152893500,0.614,0.0,0.0
2012-03-19,140.2100067138672,141.27999877929688,140.11000061035156,140.85000610351562,110.49250030517578,125291100,0.0,0.0,0.0
2012-03-20,140.0500030517578,140.61000061035156,139.63999938964844,140.44000244140625,110.17089080810547,121729700,0.0,0.0,0.0
2012-03-21,140.52000427246094,140.64999389648438,139.9199981689453,140.2100067138672,109.990478515625,122388400,0.0,0.0,0.0
2012-03-22,139.17999267578125,139.5500030517578,138.74000549316406,139.1999969482422,109.19813537597656,135216700,0.0,0.0,0.0
2012-03-23,139.32000732421875,139.80999755859375,138.5500030517578,139.64999389648438,109.55113220214844,120521000,0.0,0.0,0.0
2012-03-26,140.64999389648438,141.61000061035156,140.60000610351562,141.61000061035156,111.08871459960938,120164000,0.0,0.0,0.0
2012-03-27,141.74000549316406,141.8300018310547,141.0800018310547,141.1699981689453,110.74354553222656,119868500,0.0,0.0,0.0
2012-03-28,141.10000610351562,141.32000732421875,139.63999938964844,140.47000122070312,110.19440460205078,148562100,0.0,0.0,0.0
2012-03-29,139.63999938964844,140.49000549316406,139.08999633789062,140.22999572753906,110.0061264038086,164963700,0.0,0.0,0.0
2012-03-30,140.9199981689453,141.0500030517578,140.0500030517578,140.80999755859375,110.46113586425781,135486800,0.0,0.0,0.0
2012-04-02,140.63999938964844,142.2100067138672,140.36000061035156,141.83999633789062,111.26913452148438,151741100,0.0,0.0,0.0
2012-04-03,141.63999938964844,141.8800048828125,140.42999267578125,141.25999450683594,110.8141098022461,155806700,0.0,0.0,0.0
2012-04-04,140.22000122070312,140.33999633789062,139.33999633789062,139.86000061035156,109.71591186523438,146896000,0.0,0.0,0.0
2012-04-05,139.3800048828125,140.1999969482422,139.25999450683594,139.7899932861328,109.66099548339844,137439400,0.0,0.0,0.0
2012-04-09,138.02999877929688,139.83999633789062,137.83999633789062,138.22000122070312,108.42935943603516,127555900,0.0,0.0,0.0
2012-04-10,137.9499969482422,138.33999633789062,135.75999450683594,135.89999389648438,106.60939025878906,235360300,0.0,0.0,0.0
2012-04-11,137.2899932861328,137.5399932861328,136.75,137.0,107.4722900390625,154133000,0.0,0.0,0.0
2012-04-12,137.1300048828125,138.89999389648438,137.02999877929688,138.7899932861328,108.87648010253906,154321500,0.0,0.0,0.0
2012-04-13,138.47000122070312,138.82000732421875,137.00999450683594,137.13999938964844,107.58213806152344,169246700,0.0,0.0,0.0
2012-04-16,137.83999633789062,138.0399932861328,136.5800018310547,137.0500030517578,107.5114974975586,147825300,0.0,0.0,0.0
2012-04-17,137.83999633789062,139.36000061035156,137.6999969482422,139.0800018310547,109.1040267944336,147877600,0.0,0.0,0.0
2012-04-18,138.4600067138672,139.0800018310547,138.3800048828125,138.61000061035156,108.73532104492188,123884200,0.0,0.0,0.0
2012-04-19,138.6300048828125,139.14999389648438,137.07000732421875,137.72000122070312,108.03714752197266,198666700,0.0,0.0,0.0
2012-04-20,138.3300018310547,138.8300018310547,137.8699951171875,137.9499969482422,108.2175521850586,143199600,0.0,0.0,0.0
2012-04-23,136.5399932861328,136.91000366210938,135.94000244140625,136.7899932861328,107.30754852294922,171844900,0.0,0.0,0.0
2012-04-24,136.91000366210938,137.66000366210938,136.8000030517578,137.30999755859375,107.71551513671875,137484200,0.0,0.0,0.0
2012-04-25,138.64999389648438,139.25,138.52999877929688,139.19000244140625,109.1903305053711,150252200,0.0,0.0,0.0
2012-04-26,138.88999938964844,140.32000732421875,138.80999755859375,140.16000366210938,109.95121765136719,136291600,0.0,0.0,0.0
2012-04-27,140.5800018310547,140.7899932861328,139.8000030517578,140.38999938964844,110.13165283203125,130725000,0.0,0.0,0.0
2012-04-30,140.11000061035156,140.2100067138672,139.49000549316406,139.8699951171875,109.72368621826172,115092200,0.0,0.0,0.0
2012-05-01,139.7899932861328,141.66000366210938,139.6300048828125,140.74000549316406,110.40624237060547,138832200,0.0,0.0,0.0
2012-05-02,139.9199981689453,140.4600067138672,139.4600067138672,140.32000732421875,110.07675170898438,121081000,0.0,0.0,0.0
2012-05-03,140.33999633789062,140.4499969482422,138.99000549316406,139.25,109.23737335205078,143759700,0.0,0.0,0.0
2012-05-04,138.52000427246094,139.3000030517578,136.9199981689453,137.0,107.4722900390625,193927300,0.0,0.0,0.0
2012-05-07,136.50999450683594,137.55999755859375,136.4600067138672,137.10000610351562,107.55078125,127765900,0.0,0.0,0.0
2012-05-08,136.27999877929688,136.77000427246094,134.9199981689453,136.5500030517578,107.11927032470703,213377700,0.0,0.0,0.0
2012-05-09,135.10000610351562,136.61000061035156,134.49000549316406,135.74000549316406,106.48385620117188,220752500,0.0,0.0,0.0
2012-05-10,136.67999267578125,136.85000610351562,135.7100067138672,136.02000427246094,106.70353698730469,150600000,0.0,0.0,0.0
2012-05-11,135.1699981689453,136.8699951171875,135.11000061035156,135.61000061035156,106.38190460205078,153032400,0.0,0.0,0.0
2012-05-14,134.30999755859375,135.61000061035156,133.91000366210938,134.11000061035156,105.20516204833984,163910000,0.0,0.0,0.0
2012-05-15,134.02000427246094,134.80999755859375,133.1300048828125,133.33999633789062,104.60118103027344,207629300,0.0,0.0,0.0
2012-05-16,133.94000244140625,134.5500030517578,132.8000030517578,132.8300018310547,104.2010726928711,207265500,0.0,0.0,0.0
2012-05-17,132.86000061035156,133.02000427246094,130.7899932861328,130.86000061035156,102.65567016601562,247992900,0.0,0.0,0.0
2012-05-18,131.3699951171875,131.60000610351562,129.5500030517578,129.74000549316406,101.77706909179688,319615900,0.0,0.0,0.0
2012-05-21,130.16000366210938,132.02000427246094,129.9499969482422,131.97000122070312,103.52640533447266,177861100,0.0,0.0,0.0
2012-05-22,132.30999755859375,133.22999572753906,131.33999633789062,132.1999969482422,103.70679473876953,197531200,0.0,0.0,0.0
2012-05-23,131.25,132.4600067138672,129.99000549316406,132.27000427246094,103.76174926757812,204958400,0.0,0.0,0.0
2012-05-24,132.6300048828125,132.83999633789062,131.4199981689453,132.52999877929688,103.9657211303711,167357600,0.0,0.0,0.0
2012-05-25,132.47999572753906,132.85000610351562,131.77999877929688,132.10000610351562,103.6283950805664,135465600,0.0,0.0,0.0
2012-05-29,133.16000366210938,133.92999267578125,131.1699981689453,133.6999969482422,104.88352966308594,152883500,0.0,0.0,0.0
2012-05-30,132.55999755859375,133.69000244140625,131.49000549316406,131.75999450683594,103.36168670654297,162370400,0.0,0.0,0.0
2012-05-31,131.7100067138672,132.4499969482422,130.33999633789062,131.47000122070312,103.13419342041016,196186000,0.0,0.0,0.0
2012-06-01,129.41000366210938,131.5,128.16000366210938,128.16000366210938,100.53759002685547,253240900,0.0,0.0,0.0
2012-06-04,128.38999938964844,128.74000549316406,127.13999938964844,128.10000610351562,100.49052429199219,202545800,0.0,0.0,0.0
2012-06-05,127.8499984741211,129.25999450683594,127.77999877929688,129.07000732421875,101.25147247314453,164149400,0.0,0.0,0.0
2012-06-06,129.97000122070312,132.02999877929688,129.92999267578125,131.97000122070312,103.52640533447266,184202800,0.0,0.0,0.0
2012-06-07,133.47000122070312,133.52999877929688,131.77999877929688,132.0500030517578,103.58920288085938,184772700,0.0,0.0,0.0
2012-06-08,131.7100067138672,133.1300048828125,131.2899932861328,133.10000610351562,104.41289520263672,143915400,0.0,0.0,0.0
2012-06-11,134.1699981689453,134.25,131.27999877929688,131.41000366210938,103.0871353149414,169756100,0.0,0.0,0.0
2012-06-12,131.7899932861328,133.00999450683594,131.16000366210938,132.9199981689453,104.27167510986328,181931800,0.0,0.0,0.0
2012-06-13,132.52999877929688,133.36000061035156,131.6199951171875,132.07000732421875,103.60487365722656,172223900,0.0,0.0,0.0
2012-06-14,132.33999633789062,134.0,131.97999572753906,133.47000122070312,104.70313262939453,230615500,0.0,0.0,0.0
2012-06-15,133.3800048828125,134.25999450683594,133.10000610351562,134.13999938964844,105.77393341064453,169444500,0.688,0.0,0.0
2012-06-18,133.5800018310547,134.72999572753906,133.27999877929688,134.39999389648438,105.97896575927734,131360900,0.0,0.0,0.0
2012-06-19,135.0800018310547,136.25,134.3699951171875,135.6999969482422,107.00407409667969,137382600,0.0,0.0,0.0
2012-06-20,135.7100067138672,136.10000610351562,134.27000427246094,135.47999572753906,106.83059692382812,206451800,0.0,0.0,0.0
2012-06-21,135.63999938964844,135.77999877929688,132.3300018310547,132.44000244140625,104.4334487915039,205272200,0.0,0.0,0.0
2012-06-22,133.1300048828125,133.7100067138672,132.6199951171875,133.4600067138672,105.23773956298828,130029200,0.0,0.0,0.0
2012-06-25,132.0500030517578,132.10000610351562,130.85000610351562,131.32000732421875,103.55026245117188,146375700,0.0,0.0,0.0
2012-06-26,131.6999969482422,132.3800048828125,130.92999267578125,131.97999572753906,104.07071685791016,141634000,0.0,0.0,0.0
2012-06-27,132.4199981689453,133.42999267578125,131.97000122070312,133.1699981689453,105.0090560913086,108088000,0.0,0.0,0.0
2012-06-28,132.2899932861328,132.99000549316406,131.27999877929688,132.7899932861328,104.70943450927734,169242100,0.0,0.0,0.0
2012-06-29,135.1999969482422,136.27000427246094,134.85000610351562,136.10000610351562,107.31951141357422,212250900,0.0,0.0,0.0
2012-07-02,136.47999572753906,136.64999389648438,135.52000427246094,136.50999450683594,107.64277648925781,129524500,0.0,0.0,0.0
2012-07-03,136.47999572753906,137.50999450683594,136.33999633789062,137.41000366210938,108.35248565673828,80450000,0.0,0.0,0.0
2012-07-05,136.89999389648438,137.8000030517578,136.2899932861328,136.7899932861328,107.86355590820312,126177500,0.0,0.0,0.0
2012-07-06,135.47000122070312,135.77000427246094,134.85000610351562,135.49000549316406,106.83843231201172,151192100,0.0,0.0,0.0
2012-07-09,135.3800048828125,135.57000732421875,134.6999969482422,135.32000732421875,106.70443725585938,103780500,0.0,0.0,0.0
2012-07-10,136.00999450683594,136.22999572753906,133.67999267578125,134.13999938964844,105.77393341064453,167884800,0.0,0.0,0.0
2012-07-11,134.2100067138672,134.60000610351562,133.3800048828125,134.16000366210938,105.78971099853516,141733400,0.0,0.0,0.0
2012-07-12,133.3800048828125,134.22999572753906,132.60000610351562,133.50999450683594,105.27719116210938,143583200,0.0,0.0,0.0
2012-07-13,133.86000061035156,135.88999938964844,133.83999633789062,135.75,107.04349517822266,129642600,0.0,0.0,0.0
2012-07-16,135.44000244140625,135.8300018310547,134.89999389648438,135.42999267578125,106.79116821289062,97525200,0.0,0.0,0.0
2012-07-17,135.97000122070312,136.63999938964844,134.5500030517578,136.36000061035156,107.52449035644531,138860300,0.0,0.0,0.0
2012-07-18,136.0399932861328,137.63999938964844,135.9600067138672,137.3699951171875,108.32095336914062,113349700,0.0,0.0,0.0
2012-07-19,137.64999389648438,138.17999267578125,137.2100067138672,137.72999572753906,108.60479736328125,129847300,0.0,0.0,0.0
2012-07-20,136.9499969482422,137.16000366210938,136.32000732421875,136.47000122070312,107.61125946044922,142904500,0.0,0.0,0.0
2012-07-23,134.47000122070312,136.3800048828125,133.83999633789062,135.08999633789062,106.5230484008789,145210900,0.0,0.0,0.0
2012-07-24,135.19000244140625,135.25,133.02999877929688,133.92999267578125,105.60833740234375,173301200,0.0,0.0,0.0
2012-07-25,134.2100067138672,134.55999755859375,133.25,133.9600067138672,105.63201904296875,129122300,0.0,0.0,0.0
2012-07-26,135.88999938964844,136.4600067138672,135.25999450683594,136.1699981689453,107.37466430664062,156526500,0.0,0.0,0.0
2012-07-27,136.88999938964844,139.07000732421875,136.13999938964844,138.67999267578125,109.35391998291016,236768900,0.0,0.0,0.0
2012-07-30,138.52000427246094,139.33999633789062,138.27000427246094,138.67999267578125,109.35391998291016,106782000,0.0,0.0,0.0
2012-07-31,138.49000549316406,138.8699951171875,137.7100067138672,137.7100067138672,108.58902740478516,120575900,0.0,0.0,0.0
2012-08-01,138.6999969482422,138.72999572753906,137.39999389648438,137.58999633789062,108.49441528320312,138293800,0.0,0.0,0.0
2012-08-02,136.5500030517578,137.57000732421875,135.5800018310547,136.63999938964844,107.74531555175781,199556600,0.0,0.0,0.0
2012-08-03,138.55999755859375,139.63999938964844,136.67999267578125,139.35000610351562,109.88224792480469,157825000,0.0,0.0,0.0
2012-08-06,139.72000122070312,140.1699981689453,139.55999755859375,139.6199951171875,110.0951156616211,86326200,0.0,0.0,0.0
2012-08-07,140.17999267578125,140.9199981689453,140.02999877929688,140.32000732421875,110.64710998535156,109545100,0.0,0.0,0.0
2012-08-08,139.85000610351562,140.64999389648438,139.80999755859375,140.49000549316406,110.78115844726562,89754700,0.0,0.0,0.0
2012-08-09,140.2899932861328,140.88999938964844,140.14999389648438,140.61000061035156,110.87577819824219,90291700,0.0,0.0,0.0
2012-08-10,140.0399932861328,140.88999938964844,139.80999755859375,140.83999633789062,111.05709838867188,99792700,0.0,0.0,0.0
2012-08-13,140.60000610351562,140.83999633789062,140.0399932861328,140.77000427246094,111.0019302368164,79426900,0.0,0.0,0.0
2012-08-14,141.2899932861328,141.3800048828125,140.3699951171875,140.7899932861328,111.0177001953125,102379400,0.0,0.0,0.0
2012-08-15,140.63999938964844,141.19000244140625,140.5500030517578,140.9499969482422,111.14390563964844,71085900,0.0,0.0,0.0
2012-08-16,141.14999389648438,142.16000366210938,140.8000030517578,141.99000549316406,111.96395111083984,112014200,0.0,0.0,0.0
2012-08-17,142.22999572753906,142.3000030517578,141.86000061035156,142.17999267578125,112.1137466430664,90813700,0.0,0.0,0.0
2012-08-20,141.97999572753906,142.22000122070312,141.58999633789062,142.19000244140625,112.12162780761719,78255700,0.0,0.0,0.0
2012-08-21,142.5399932861328,143.08999633789062,141.4499969482422,141.75999450683594,111.7825698852539,105581100,0.0,0.0,0.0
2012-08-22,141.39999389648438,142.0500030517578,141.07000732421875,141.82000732421875,111.82990264892578,133243500,0.0,0.0,0.0
2012-08-23,141.47000122070312,141.47999572753906,140.44000244140625,140.66000366210938,110.91520690917969,111466400,0.0,0.0,0.0
2012-08-24,140.30999755859375,141.8300018310547,140.22000122070312,141.50999450683594,111.58546447753906,99481200,0.0,0.0,0.0
2012-08-27,141.88999938964844,142.0800018310547,141.33999633789062,141.5399932861328,111.60906982421875,68785900,0.0,0.0,0.0
2012-08-28,141.17999267578125,141.83999633789062,140.97000122070312,141.39999389648438,111.49867248535156,75689600,0.0,0.0,0.0
2012-08-29,141.52000427246094,141.88999938964844,141.1199951171875,141.50999450683594,111.58546447753906,65421300,0.0,0.0,0.0
2012-08-30,140.89999389648438,140.94000244140625,140.19000244140625,140.49000549316406,110.78115844726562,96589900,0.0,0.0,0.0
2012-08-31,141.2899932861328,141.82000732421875,140.36000061035156,141.16000366210938,111.30948638916016,151970400,0.0,0.0,0.0
2012-09-04,141.0399932861328,141.4600067138672,140.1300048828125,141.02999877929688,111.20691680908203,120226200,0.0,0.0,0.0
2012-09-05,141.08999633789062,141.47000122070312,140.6300048828125,140.91000366210938,111.11233520507812,100660300,0.0,0.0,0.0
2012-09-06,141.75999450683594,143.77999877929688,141.75,143.77000427246094,113.36756134033203,158272500,0.0,0.0,0.0
2012-09-07,144.00999450683594,144.38999938964844,143.8800048828125,144.3300018310547,113.80913543701172,107272100,0.0,0.0,0.0
2012-09-10,144.19000244140625,144.44000244140625,143.4600067138672,143.50999450683594,113.16250610351562,86458500,0.0,0.0,0.0
2012-09-11,143.60000610351562,144.3699951171875,143.55999755859375,143.91000366210938,113.47795867919922,88760000,0.0,0.0,0.0
2012-09-12,144.38999938964844,144.5500030517578,143.89999389648438,144.38999938964844,113.85643005371094,87640900,0.0,0.0,0.0
2012-09-13,144.3699951171875,147.0399932861328,143.99000549316406,146.58999633789062,115.59120178222656,225470200,0.0,0.0,0.0
2012-09-14,146.8800048828125,148.11000061035156,146.75999450683594,147.24000549316406,116.10371398925781,169777000,0.0,0.0,0.0
2012-09-17,146.94000244140625,147.19000244140625,146.3699951171875,146.74000549316406,115.70946502685547,119427800,0.0,0.0,0.0
2012-09-18,146.49000549316406,146.80999755859375,146.25,146.6199951171875,115.61481475830078,98326600,0.0,0.0,0.0
2012-09-19,146.7899932861328,147.1699981689453,146.41000366210938,146.6999969482422,115.67797088623047,128318300,0.0,0.0,0.0
2012-09-20,146.02999877929688,146.7899932861328,145.6300048828125,146.7100067138672,115.68582153320312,154009800,0.0,0.0,0.0
2012-09-21,146.63999938964844,146.6699981689453,145.80999755859375,145.8699951171875,115.6374740600586,108737500,0.779,0.0,0.0
2012-09-24,145.14999389648438,145.97999572753906,145.0399932861328,145.64999389648438,115.46305084228516,95682000,0.0,0.0,0.0
2012-09-25,145.9600067138672,146.24000549316406,144.05999755859375,144.10000610351562,114.23434448242188,133165200,0.0,0.0,0.0
2012-09-26,144.07000732421875,144.11000061035156,142.9499969482422,143.2899932861328,113.59220886230469,146502200,0.0,0.0,0.0
2012-09-27,143.88999938964844,144.97000122070312,143.50999450683594,144.63999938964844,114.66241455078125,111830300,0.0,0.0,0.0
2012-09-28,144.08999633789062,144.55999755859375,143.4600067138672,143.97000122070312,114.13128662109375,150696100,0.0,0.0,0.0
2012-10-01,144.52000427246094,145.69000244140625,144.00999450683594,144.35000610351562,114.43248748779297,135911200,0.0,0.0,0.0
2012-10-02,144.9199981689453,145.14999389648438,143.8300018310547,144.5,114.55139923095703,113422200,0.0,0.0,0.0
2012-10-03,144.88999938964844,145.42999267578125,144.1300048828125,145.08999633789062,115.01914978027344,121283100,0.0,0.0,0.0
2012-10-04,145.63999938964844,146.33999633789062,145.44000244140625,146.1300048828125,115.8436050415039,124311600,0.0,0.0,0.0
2012-10-05,146.91000366210938,147.16000366210938,145.6999969482422,146.13999938964844,115.85147857666016,124842100,0.0,0.0,0.0
2012-10-08,145.60000610351562,146.1199951171875,145.30999755859375,145.63999938964844,115.45516967773438,78415400,0.0,0.0,0.0
2012-10-09,145.52999877929688,145.64999389648438,144.14999389648438,144.1999969482422,114.31360626220703,148872900,0.0,0.0,0.0
2012-10-10,144.17999267578125,144.32000732421875,143.08999633789062,143.27999877929688,113.58424377441406,124247500,0.0,0.0,0.0
2012-10-11,144.27999877929688,144.49000549316406,143.3300018310547,143.36000061035156,113.64767456054688,123601500,0.0,0.0,0.0
2012-10-12,143.4600067138672,143.9499969482422,142.5800018310547,142.88999938964844,113.27506256103516,124181900,0.0,0.0,0.0
2012-10-15,143.22999572753906,144.22999572753906,142.77000427246094,144.0800018310547,114.21846008300781,107689100,0.0,0.0,0.0
2012-10-16,144.75999450683594,145.63999938964844,144.66000366210938,145.5399932861328,115.37586975097656,108815500,0.0,0.0,0.0
2012-10-17,145.63999938964844,146.32000732421875,145.4199981689453,146.1999969482422,115.89909362792969,128834100,0.0,0.0,0.0
2012-10-18,145.82000732421875,146.52000427246094,145.3300018310547,145.82000732421875,115.59786987304688,148108500,0.0,0.0,0.0
2012-10-19,145.5500030517578,145.55999755859375,143.0500030517578,143.38999938964844,113.67147827148438,185645200,0.0,0.0,0.0
2012-10-22,143.14999389648438,143.6699981689453,142.27999877929688,143.41000366210938,113.68734741210938,125578600,0.0,0.0,0.0
2012-10-23,141.86000061035156,142.05999755859375,140.8300018310547,141.4199981689453,112.10975646972656,192056300,0.0,0.0,0.0
2012-10-24,141.92999267578125,142.10000610351562,140.8000030517578,141.02000427246094,111.79264068603516,120179400,0.0,0.0,0.0
2012-10-25,142.02000427246094,142.27999877929688,140.57000732421875,141.42999267578125,112.11767578125,134457400,0.0,0.0,0.0
2012-10-26,141.3000030517578,141.83999633789062,140.38999938964844,141.35000610351562,112.05427551269531,146023500,0.0,0.0,0.0
2012-10-31,141.85000610351562,142.02999877929688,140.67999267578125,141.35000610351562,112.05427551269531,103438500,0.0,0.0,0.0
2012-11-01,141.64999389648438,143.00999450683594,141.52000427246094,142.8300018310547,113.22753143310547,100995600,0.0,0.0,0.0
2012-11-02,143.67999267578125,143.72000122070312,141.41000366210938,141.55999755859375,112.22073364257812,137702200,0.0,0.0,0.0
2012-11-05,141.35000610351562,142.1699981689453,140.92999267578125,141.85000610351562,112.45063781738281,98378500,0.0,0.0,0.0
2012-11-06,142.27999877929688,143.52000427246094,142.1300048828125,142.9600067138672,113.33061218261719,107068100,0.0,0.0,0.0
2012-11-07,141.66000366210938,141.67999267578125,139.05999755859375,139.72000122070312,110.76213073730469,264304500,0.0,0.0,0.0
2012-11-08,139.6999969482422,140.41000366210938,137.92999267578125,138.0399932861328,109.43025970458984,181517300,0.0,0.0,0.0
2012-11-09,137.6199951171875,139.44000244140625,137.5500030517578,138.16000366210938,109.52543640136719,201055300,0.0,0.0,0.0
2012-11-12,138.58999633789062,138.80999755859375,137.9600067138672,138.27000427246094,109.61263275146484,97677500,0.0,0.0,0.0
2012-11-13,137.5399932861328,139.25,137.36000061035156,137.7899932861328,109.23212432861328,123018300,0.0,0.0,0.0
2012-11-14,138.2100067138672,138.42999267578125,135.6199951171875,135.92999267578125,107.75761413574219,191505000,0.0,0.0,0.0
2012-11-15,135.97999572753906,136.49000549316406,135.17999267578125,135.6999969482422,107.57525634765625,178128400,0.0,0.0,0.0
2012-11-16,135.89999389648438,136.63999938964844,134.6999969482422,136.3699951171875,108.1064453125,239483900,0.0,0.0,0.0
2012-11-19,137.89999389648438,139.14999389648438,136.41000366210938,139.1300048828125,110.29439544677734,151495800,0.0,0.0,0.0
2012-11-20,138.91000366210938,139.4199981689453,138.0800018310547,139.19000244140625,110.34197235107422,119807400,0.0,0.0,0.0
2012-11-21,139.30999755859375,139.57000732421875,139.02999877929688,139.4499969482422,110.5480728149414,81710800,0.0,0.0,0.0
2012-11-23,140.1300048828125,141.39999389648438,140.0399932861328,141.35000610351562,112.05427551269531,65409200,0.0,0.0,0.0
2012-11-26,140.64999389648438,141.36000061035156,140.19000244140625,141.0500030517578,111.81645202636719,100124400,0.0,0.0,0.0
2012-11-27,140.91000366210938,141.38999938964844,140.24000549316406,140.3300018310547,111.24568176269531,128646200,0.0,0.0,0.0
2012-11-28,139.75999450683594,141.5399932861328,139.0,141.4600067138672,112.14144134521484,177086500,0.0,0.0,0.0
2012-11-29,141.99000549316406,142.50999450683594,141.3699951171875,142.1199951171875,112.6646728515625,151085900,0.0,0.0,0.0
2012-11-30,142.13999938964844,142.4199981689453,141.66000366210938,142.14999389648438,112.68846893310547,136568300,0.0,0.0,0.0
2012-12-03,142.8000030517578,142.9199981689453,141.33999633789062,141.4499969482422,112.13356018066406,124656300,0.0,0.0,0.0
2012-12-04,141.44000244140625,141.8699951171875,140.8699951171875,141.25,111.9749984741211,127512200,0.0,0.0,0.0
2012-12-05,141.3699951171875,142.16000366210938,140.3699951171875,141.5,112.1731948852539,147300500,0.0,0.0,0.0
2012-12-06,141.3699951171875,142.0399932861328,141.16000366210938,141.97999572753906,112.55371856689453,103220600,0.0,0.0,0.0
2012-12-07,142.52999877929688,142.69000244140625,141.6699981689453,142.41000366210938,112.89459991455078,108726400,0.0,0.0,0.0
2012-12-10,142.2100067138672,142.80999755859375,142.14999389648438,142.47000122070312,112.94213104248047,98840700,0.0,0.0,0.0
2012-12-11,143.05999755859375,144.11000061035156,142.99000549316406,143.44000244140625,113.71111297607422,152570400,0.0,0.0,0.0
2012-12-12,144.0,144.5500030517578,143.30999755859375,143.50999450683594,113.7666015625,145880100,0.0,0.0,0.0
2012-12-13,143.4199981689453,143.8300018310547,142.27000427246094,142.6300048828125,113.0689926147461,135715000,0.0,0.0,0.0
2012-12-14,142.32000732421875,142.5800018310547,141.8800048828125,142.10000610351562,112.64884948730469,137701700,0.0,0.0,0.0
2012-12-17,142.47000122070312,143.85000610351562,142.42999267578125,143.77000427246094,113.97272491455078,143238200,0.0,0.0,0.0
2012-12-18,144.0,145.5,143.7899932861328,145.3699951171875,115.24114990234375,177762800,0.0,0.0,0.0
2012-12-19,145.52999877929688,145.5800018310547,144.24000549316406,144.2899932861328,114.38494873046875,150895400,0.0,0.0,0.0
2012-12-20,144.3800048828125,145.13999938964844,143.97999572753906,145.1199951171875,115.04291534423828,168487000,0.0,0.0,0.0
2012-12-21,142.1699981689453,144.08999633789062,141.94000244140625,142.7899932861328,113.99864196777344,245883800,1.022,0.0,0.0
2012-12-24,142.47999572753906,142.55999755859375,142.19000244140625,142.35000610351562,113.6473617553711,53874600,0.0,0.0,0.0
2012-12-26,142.63999938964844,142.7100067138672,141.35000610351562,141.75,113.16837310791016,106947700,0.0,0.0,0.0
2012-12-27,141.7899932861328,142.0800018310547,139.9199981689453,141.55999755859375,113.01664733886719,167920600,0.0,0.0,0.0
2012-12-28,140.63999938964844,141.4199981689453,139.8699951171875,140.02999877929688,111.795166015625,148806700,0.0,0.0,0.0
2012-12-31,139.66000366210938,142.55999755859375,139.5399932861328,142.41000366210938,113.69529724121094,243935200,0.0,0.0,0.0
2013-01-02,145.11000061035156,146.14999389648438,144.72999572753906,146.05999755859375,116.60936737060547,192059000,0.0,0.0,0.0
2013-01-03,145.99000549316406,146.3699951171875,145.33999633789062,145.72999572753906,116.34587860107422,144761800,0.0,0.0,0.0
2013-01-04,145.97000122070312,146.61000061035156,145.6699981689453,146.3699951171875,116.85684967041016,116817700,0.0,0.0,0.0
2013-01-07,145.85000610351562,146.11000061035156,145.42999267578125,145.97000122070312,116.53743743896484,110002500,0.0,0.0,0.0
2013-01-08,145.7100067138672,145.91000366210938,144.97999572753906,145.5500030517578,116.20219421386719,121265100,0.0,0.0,0.0
2013-01-09,145.8699951171875,146.32000732421875,145.63999938964844,145.9199981689453,116.49752044677734,90745600,0.0,0.0,0.0
2013-01-10,146.72999572753906,147.08999633789062,145.97000122070312,147.0800018310547,117.42362213134766,130735400,0.0,0.0,0.0
2013-01-11,147.0399932861328,147.14999389648438,146.61000061035156,147.07000732421875,117.4156723022461,113917300,0.0,0.0,0.0
2013-01-14,146.88999938964844,147.07000732421875,146.42999267578125,146.97000122070312,117.3358154296875,89567200,0.0,0.0,0.0
2013-01-15,146.2899932861328,147.2100067138672,146.1999969482422,147.07000732421875,117.4156723022461,93172600,0.0,0.0,0.0
2013-01-16,146.77000427246094,147.27999877929688,146.61000061035156,147.0500030517578,117.3996810913086,104849500,0.0,0.0,0.0
2013-01-17,147.6999969482422,148.4199981689453,147.14999389648438,148.0,118.15814208984375,133833500,0.0,0.0,0.0
2013-01-18,147.97000122070312,148.49000549316406,147.42999267578125,148.3300018310547,118.42159271240234,169906000,0.0,0.0,0.0
2013-01-22,148.3300018310547,149.1300048828125,147.97999572753906,149.1300048828125,119.060302734375,111797300,0.0,0.0,0.0
2013-01-23,149.1300048828125,149.5,148.86000061035156,149.3699951171875,119.25189971923828,104596100,0.0,0.0,0.0
2013-01-24,149.14999389648438,150.13999938964844,149.00999450683594,149.41000366210938,119.2838363647461,146426400,0.0,0.0,0.0
2013-01-25,149.8800048828125,150.25,149.3699951171875,150.25,119.9544448852539,147211600,0.0,0.0,0.0
2013-01-28,150.2899932861328,150.3300018310547,149.50999450683594,150.07000732421875,119.81072998046875,113357700,0.0,0.0,0.0
2013-01-29,149.77000427246094,150.85000610351562,149.6699981689453,150.66000366210938,120.28180694580078,105694400,0.0,0.0,0.0
2013-01-30,150.63999938964844,150.94000244140625,149.92999267578125,150.07000732421875,119.81072998046875,137447700,0.0,0.0,0.0
2013-01-31,149.88999938964844,150.3800048828125,149.60000610351562,149.6999969482422,119.5154037475586,108975800,0.0,0.0,0.0
2013-02-01,150.64999389648438,151.4199981689453,150.38999938964844,151.24000549316406,120.74484252929688,131173000,0.0,0.0,0.0
2013-02-04,150.32000732421875,151.27000427246094,149.42999267578125,149.5399932861328,119.3875961303711,159073600,0.0,0.0,0.0
2013-02-05,150.35000610351562,151.47999572753906,150.2899932861328,151.0500030517578,120.59315490722656,113912400,0.0,0.0,0.0
2013-02-06,150.52000427246094,151.25999450683594,150.41000366210938,151.16000366210938,120.68096923828125,138762800,0.0,0.0,0.0
2013-02-07,151.2100067138672,151.35000610351562,149.86000061035156,150.9600067138672,120.52130889892578,162490000,0.0,0.0,0.0
2013-02-08,151.22000122070312,151.88999938964844,151.22000122070312,151.8000030517578,121.19197845458984,103133700,0.0,0.0,0.0
2013-02-11,151.74000549316406,151.89999389648438,151.38999938964844,151.77000427246094,121.1679916381836,73775000,0.0,0.0,0.0
2013-02-12,151.77999877929688,152.3000030517578,151.61000061035156,152.02000427246094,121.36759948730469,65392700,0.0,0.0,0.0
2013-02-13,152.3300018310547,152.61000061035156,151.72000122070312,152.14999389648438,121.47139739990234,82322600,0.0,0.0,0.0
2013-02-14,151.69000244140625,152.47000122070312,151.52000427246094,152.2899932861328,121.58313751220703,80834300,0.0,0.0,0.0
2013-02-15,152.42999267578125,152.58999633789062,151.5500030517578,152.11000061035156,121.4394760131836,215226500,0.0,0.0,0.0
2013-02-19,152.3699951171875,153.27999877929688,152.16000366210938,153.25,122.34956359863281,95105400,0.0,0.0,0.0
2013-02-20,153.13999938964844,153.19000244140625,151.25999450683594,151.33999633789062,120.82465362548828,160574800,0.0,0.0,0.0
2013-02-21,150.9600067138672,151.4199981689453,149.94000244140625,150.4199981689453,120.09015655517578,183257000,0.0,0.0,0.0
2013-02-22,151.14999389648438,151.88999938964844,150.49000549316406,151.88999938964844,121.2638168334961,106356600,0.0,0.0,0.0
2013-02-25,152.6300048828125,152.86000061035156,149.0,149.0,118.95645904541016,245824800,0.0,0.0,0.0
2013-02-26,149.72000122070312,150.1999969482422,148.72999572753906,150.02000427246094,119.77082824707031,186596200,0.0,0.0,0.0
2013-02-27,149.88999938964844,152.3300018310547,149.75999450683594,151.91000366210938,121.2797622680664,150781900,0.0,0.0,0.0
2013-02-28,151.89999389648438,152.8699951171875,151.41000366210938,151.61000061035156,121.04022979736328,126866000,0.0,0.0,0.0
2013-03-01,151.08999633789062,152.33999633789062,150.41000366210938,152.11000061035156,121.4394760131836,170634800,0.0,0.0,0.0
2013-03-04,151.75999450683594,152.9199981689453,151.52000427246094,152.9199981689453,122.08613586425781,99010200,0.0,0.0,0.0
2013-03-05,153.66000366210938,154.6999969482422,153.63999938964844,154.2899932861328,123.17981719970703,121431900,0.0,0.0,0.0
2013-03-06,154.83999633789062,154.9199981689453,154.16000366210938,154.5,123.34750366210938,94469900,0.0,0.0,0.0
2013-03-07,154.6999969482422,154.97999572753906,154.52000427246094,154.77999877929688,123.57109069824219,86101400,0.0,0.0,0.0
2013-03-08,155.4600067138672,155.64999389648438,154.66000366210938,155.44000244140625,124.09791564941406,123477800,0.0,0.0,0.0
2013-03-11,155.32000732421875,156.0399932861328,155.1300048828125,156.02999877929688,124.56902313232422,83746800,0.0,0.0,0.0
2013-03-12,155.9199981689453,156.10000610351562,155.2100067138672,155.67999267578125,124.28958129882812,105755800,0.0,0.0,0.0
2013-03-13,155.75999450683594,156.1199951171875,155.22999572753906,155.89999389648438,124.46525573730469,92550900,0.0,0.0,0.0
2013-03-14,156.30999755859375,156.8000030517578,155.91000366210938,156.72999572753906,125.12782287597656,126329900,0.0,0.0,0.0
2013-03-15,155.85000610351562,156.0399932861328,155.30999755859375,155.8300018310547,124.96267700195312,138601100,0.694,0.0,0.0
2013-03-18,154.33999633789062,155.63999938964844,154.1999969482422,154.97000122070312,124.27303314208984,126704300,0.0,0.0,0.0
2013-03-19,155.3000030517578,155.50999450683594,153.58999633789062,154.61000061035156,123.9843978881836,167567300,0.0,0.0,0.0
2013-03-20,155.52000427246094,155.9499969482422,155.25999450683594,155.69000244140625,124.8504409790039,113759300,0.0,0.0,0.0
2013-03-21,154.75999450683594,155.63999938964844,154.10000610351562,154.36000061035156,123.7838363647461,128605000,0.0,0.0,0.0
2013-03-22,154.85000610351562,155.60000610351562,154.72999572753906,155.60000610351562,124.77827453613281,111163600,0.0,0.0,0.0
2013-03-25,156.00999450683594,156.27000427246094,154.35000610351562,154.9499969482422,124.25701141357422,151322300,0.0,0.0,0.0
2013-03-26,155.58999633789062,156.22999572753906,155.4199981689453,156.19000244140625,125.25137329101562,86856600,0.0,0.0,0.0
2013-03-27,155.25999450683594,156.24000549316406,155.0,156.19000244140625,125.25137329101562,99950600,0.0,0.0,0.0
2013-03-28,156.08999633789062,156.85000610351562,155.75,156.6699981689453,125.63629150390625,102932800,0.0,0.0,0.0
2013-04-01,156.58999633789062,156.91000366210938,155.6699981689453,156.0500030517578,125.13909149169922,99194100,0.0,0.0,0.0
2013-04-02,156.61000061035156,157.2100067138672,156.3699951171875,156.82000732421875,125.75658416748047,101504300,0.0,0.0,0.0
2013-04-03,156.91000366210938,157.02999877929688,154.82000732421875,155.22999572753906,124.48155212402344,154167400,0.0,0.0,0.0
2013-04-04,155.42999267578125,156.1699981689453,155.08999633789062,155.86000061035156,124.98674774169922,131885000,0.0,0.0,0.0
2013-04-05,153.9499969482422,155.35000610351562,153.77000427246094,155.16000366210938,124.42537689208984,159666000,0.0,0.0,0.0
2013-04-08,155.27000427246094,156.22000122070312,154.75,156.2100067138672,125.26740264892578,86571200,0.0,0.0,0.0
2013-04-09,156.5,157.32000732421875,155.97999572753906,156.75,125.70052337646484,101922200,0.0,0.0,0.0
2013-04-10,157.1699981689453,158.8699951171875,157.1300048828125,158.6699981689453,127.24012756347656,135711100,0.0,0.0,0.0
2013-04-11,158.6999969482422,159.7100067138672,158.5399932861328,159.19000244140625,127.6571273803711,110142500,0.0,0.0,0.0
2013-04-12,158.67999267578125,159.0399932861328,157.9199981689453,158.8000030517578,127.34439086914062,116359900,0.0,0.0,0.0
2013-04-15,158.0,158.1300048828125,155.10000610351562,155.1199951171875,124.39334106445312,217259000,0.0,0.0,0.0
2013-04-16,156.2899932861328,157.49000549316406,155.91000366210938,157.41000366210938,126.22969818115234,147507800,0.0,0.0,0.0
2013-04-17,156.2899932861328,156.32000732421875,154.27999877929688,155.11000061035156,124.38528442382812,226834800,0.0,0.0,0.0
2013-04-18,155.3699951171875,155.41000366210938,153.5500030517578,154.13999938964844,123.60746765136719,167583200,0.0,0.0,0.0
2013-04-19,154.5,155.5500030517578,154.1199951171875,155.47999572753906,124.68199920654297,149687600,0.0,0.0,0.0
2013-04-22,155.77999877929688,156.5399932861328,154.75,156.1699981689453,125.2353515625,106553500,0.0,0.0,0.0
2013-04-23,156.9499969482422,157.92999267578125,156.1699981689453,157.77999877929688,126.52642822265625,166141300,0.0,0.0,0.0
2013-04-24,157.8300018310547,158.3000030517578,157.5399932861328,157.8800048828125,126.60663604736328,96781200,0.0,0.0,0.0
2013-04-25,158.33999633789062,159.27000427246094,158.10000610351562,158.52000427246094,127.11981201171875,131060600,0.0,0.0,0.0
2013-04-26,158.3300018310547,158.60000610351562,157.72999572753906,158.24000549316406,126.89532470703125,95918800,0.0,0.0,0.0
2013-04-29,158.6699981689453,159.64999389648438,158.4199981689453,159.3000030517578,127.7453842163086,88572800,0.0,0.0,0.0
2013-04-30,159.27000427246094,159.72000122070312,158.61000061035156,159.67999267578125,128.05006408691406,116010700,0.0,0.0,0.0
2013-05-01,159.3300018310547,159.41000366210938,158.10000610351562,158.27999877929688,126.92742919921875,138874200,0.0,0.0,0.0
2013-05-02,158.67999267578125,159.88999938964844,158.52999877929688,159.75,128.10617065429688,96407600,0.0,0.0,0.0
2013-05-03,161.13999938964844,161.8800048828125,159.77999877929688,161.3699951171875,129.40530395507812,144202300,0.0,0.0,0.0
2013-05-06,161.49000549316406,162.00999450683594,161.4199981689453,161.77999877929688,129.734130859375,66882100,0.0,0.0,0.0
2013-05-07,162.1300048828125,162.64999389648438,161.6699981689453,162.60000610351562,130.3916473388672,90359200,0.0,0.0,0.0
2013-05-08,162.4199981689453,163.38999938964844,162.3300018310547,163.33999633789062,130.98507690429688,97419200,0.0,0.0,0.0
2013-05-09,163.27000427246094,163.6999969482422,162.47000122070312,162.8800048828125,130.6161651611328,106738600,0.0,0.0,0.0
2013-05-10,162.99000549316406,163.5500030517578,162.50999450683594,163.41000366210938,131.0412139892578,103203000,0.0,0.0,0.0
2013-05-13,163.1999969482422,163.80999755859375,162.82000732421875,163.5399932861328,131.1454620361328,81843200,0.0,0.0,0.0
2013-05-14,163.6699981689453,165.35000610351562,163.6699981689453,165.22999572753906,132.50070190429688,119000900,0.0,0.0,0.0
2013-05-15,164.9600067138672,166.4499969482422,164.91000366210938,166.1199951171875,133.21438598632812,120718500,0.0,0.0,0.0
2013-05-16,165.77999877929688,166.36000061035156,165.08999633789062,165.33999633789062,132.5889129638672,109913600,0.0,0.0,0.0
2013-05-17,165.9499969482422,167.0399932861328,165.72999572753906,166.94000244140625,133.87197875976562,129801000,0.0,0.0,0.0
2013-05-20,166.77999877929688,167.5800018310547,166.61000061035156,166.92999267578125,133.86395263671875,85071200,0.0,0.0,0.0
2013-05-21,167.0800018310547,167.8000030517578,166.5,167.1699981689453,134.056396484375,95804200,0.0,0.0,0.0
2013-05-22,167.33999633789062,169.07000732421875,165.1699981689453,165.92999267578125,133.06202697753906,244031800,0.0,0.0,0.0
2013-05-23,164.16000366210938,165.91000366210938,163.94000244140625,165.4499969482422,132.6771240234375,211064400,0.0,0.0,0.0
2013-05-24,164.47000122070312,165.3800048828125,163.97999572753906,165.30999755859375,132.56488037109375,151573900,0.0,0.0,0.0
2013-05-28,167.0399932861328,167.77999877929688,165.80999755859375,166.3000030517578,133.35873413085938,143679800,0.0,0.0,0.0
2013-05-29,165.4199981689453,165.8000030517578,164.33999633789062,165.22000122070312,132.49269104003906,160363400,0.0,0.0,0.0
2013-05-30,165.35000610351562,166.58999633789062,165.22000122070312,165.8300018310547,132.98178100585938,107793800,0.0,0.0,0.0
2013-05-31,165.3699951171875,166.30999755859375,163.1300048828125,163.4499969482422,131.07327270507812,176850100,0.0,0.0,0.0
2013-06-03,163.8300018310547,164.4600067138672,162.66000366210938,164.35000610351562,131.7949981689453,168390700,0.0,0.0,0.0
2013-06-04,164.44000244140625,165.10000610351562,162.72999572753906,163.55999755859375,131.16152954101562,157631500,0.0,0.0,0.0
2013-06-05,163.08999633789062,163.4199981689453,161.1300048828125,161.27000427246094,129.3251190185547,211737800,0.0,0.0,0.0
2013-06-06,161.1999969482422,162.74000549316406,160.25,162.72999572753906,130.4958953857422,200225500,0.0,0.0,0.0
2013-06-07,163.85000610351562,164.9499969482422,163.13999938964844,164.8000030517578,132.1558837890625,188337800,0.0,0.0,0.0
2013-06-10,165.30999755859375,165.39999389648438,164.3699951171875,164.8000030517578,132.1558837890625,105667100,0.0,0.0,0.0
2013-06-11,163.3000030517578,164.5399932861328,162.74000549316406,163.10000610351562,130.79261779785156,159505400,0.0,0.0,0.0
2013-06-12,164.22000122070312,164.38999938964844,161.60000610351562,161.75,129.70999145507812,177361500,0.0,0.0,0.0
2013-06-13,161.66000366210938,164.5,161.3000030517578,164.2100067138672,131.68275451660156,163587800,0.0,0.0,0.0
2013-06-14,164.02999877929688,164.6699981689453,162.91000366210938,163.17999267578125,130.85675048828125,141197500,0.0,0.0,0.0
2013-06-17,164.2899932861328,165.22000122070312,163.22000122070312,164.44000244140625,131.86720275878906,136295600,0.0,0.0,0.0
2013-06-18,164.52999877929688,165.99000549316406,164.52000427246094,165.74000549316406,132.90969848632812,114695600,0.0,0.0,0.0
2013-06-19,165.60000610351562,165.88999938964844,163.3800048828125,163.4499969482422,131.07327270507812,206149500,0.0,0.0,0.0
2013-06-20,161.86000061035156,163.47000122070312,158.97999572753906,159.39999389648438,127.82554626464844,321255900,0.0,0.0,0.0
2013-06-21,159.63999938964844,159.75999450683594,157.47000122070312,159.07000732421875,128.23582458496094,271956800,0.839,0.0,0.0
2013-06-24,157.41000366210938,158.42999267578125,155.72999572753906,157.05999755859375,126.61549377441406,222329000,0.0,0.0,0.0
2013-06-25,158.47999572753906,160.10000610351562,157.4199981689453,158.57000732421875,127.8327865600586,162262200,0.0,0.0,0.0
2013-06-26,159.8699951171875,160.5,159.25,160.13999938964844,129.0984344482422,134848000,0.0,0.0,0.0
2013-06-27,161.10000610351562,161.82000732421875,160.9499969482422,161.0800018310547,129.85623168945312,129483700,0.0,0.0,0.0
2013-06-28,160.6300048828125,161.39999389648438,159.86000061035156,160.4199981689453,129.3241424560547,160402900,0.0,0.0,0.0
2013-07-01,161.25999450683594,162.47999572753906,161.0800018310547,161.36000061035156,130.08193969726562,131954800,0.0,0.0,0.0
2013-07-02,161.1199951171875,162.3000030517578,160.5,161.2100067138672,129.96102905273438,154863700,0.0,0.0,0.0
2013-07-03,160.47999572753906,161.77000427246094,160.22000122070312,161.27999877929688,130.01747131347656,75216400,0.0,0.0,0.0
2013-07-05,162.47000122070312,163.0800018310547,161.3000030517578,163.02000427246094,131.4202117919922,122416900,0.0,0.0,0.0
2013-07-08,163.86000061035156,164.38999938964844,163.0800018310547,163.9499969482422,132.169921875,108092500,0.0,0.0,0.0
2013-07-09,164.97999572753906,165.3300018310547,164.27000427246094,165.1300048828125,133.12115478515625,119298000,0.0,0.0,0.0
2013-07-10,164.97000122070312,165.75,164.6300048828125,165.19000244140625,133.16957092285156,121410100,0.0,0.0,0.0
2013-07-11,167.11000061035156,167.61000061035156,165.17999267578125,167.44000244140625,134.9833984375,135592200,0.0,0.0,0.0
2013-07-12,167.38999938964844,167.92999267578125,167.1300048828125,167.50999450683594,135.0398406982422,104212700,0.0,0.0,0.0
2013-07-15,167.97000122070312,168.38999938964844,167.67999267578125,168.14999389648438,135.5557861328125,69450600,0.0,0.0,0.0
2013-07-16,168.25999450683594,168.36000061035156,167.07000732421875,167.52000427246094,135.04788208007812,88702100,0.0,0.0,0.0
2013-07-17,168.16000366210938,168.47999572753906,167.72999572753906,167.9499969482422,135.39454650878906,92873900,0.0,0.0,0.0
2013-07-18,168.30999755859375,169.27000427246094,168.1999969482422,168.8699951171875,136.13621520996094,103620100,0.0,0.0,0.0
2013-07-19,168.52000427246094,169.22999572753906,168.30999755859375,169.1699981689453,136.37806701660156,103831700,0.0,0.0,0.0
2013-07-22,169.41000366210938,169.74000549316406,169.00999450683594,169.5,136.64407348632812,79428600,0.0,0.0,0.0
2013-07-23,169.8000030517578,169.8300018310547,169.0500030517578,169.13999938964844,136.35386657714844,80829700,0.0,0.0,0.0
2013-07-24,169.7899932861328,169.86000061035156,168.17999267578125,168.52000427246094,135.85409545898438,112914000,0.0,0.0,0.0
2013-07-25,168.22000122070312,169.0800018310547,167.94000244140625,168.92999267578125,136.18460083007812,111088600,0.0,0.0,0.0
2013-07-26,168.22000122070312,169.16000366210938,167.52000427246094,169.11000061035156,136.32974243164062,107814600,0.0,0.0,0.0
2013-07-29,168.67999267578125,169.05999755859375,168.11000061035156,168.58999633789062,135.91050720214844,79695000,0.0,0.0,0.0
2013-07-30,169.10000610351562,169.27999877929688,168.19000244140625,168.58999633789062,135.91050720214844,85209600,0.0,0.0,0.0
2013-07-31,168.94000244140625,169.85000610351562,168.49000549316406,168.7100067138672,136.0072479248047,142388700,0.0,0.0,0.0
2013-08-01,169.99000549316406,170.80999755859375,169.89999389648438,170.66000366210938,137.57925415039062,110438400,0.0,0.0,0.0
2013-08-02,170.27999877929688,170.97000122070312,170.0500030517578,170.9499969482422,137.81304931640625,91116700,0.0,0.0,0.0
2013-08-05,170.57000732421875,170.9600067138672,170.35000610351562,170.6999969482422,137.61146545410156,54072700,0.0,0.0,0.0
2013-08-06,170.3699951171875,170.74000549316406,169.35000610351562,169.72999572753906,136.8295135498047,87495000,0.0,0.0,0.0
2013-08-07,169.19000244140625,169.42999267578125,168.5500030517578,169.17999267578125,136.3861083984375,84854700,0.0,0.0,0.0
2013-08-08,169.97999572753906,170.17999267578125,168.92999267578125,169.8000030517578,136.88597106933594,102181300,0.0,0.0,0.0
2013-08-09,169.5800018310547,170.10000610351562,168.72000122070312,169.30999755859375,136.4909210205078,91757700,0.0,0.0,0.0
2013-08-12,168.4600067138672,169.30999755859375,168.3800048828125,169.11000061035156,136.32974243164062,68593300,0.0,0.0,0.0
2013-08-13,169.41000366210938,169.89999389648438,168.41000366210938,169.61000061035156,136.7328338623047,80806000,0.0,0.0,0.0
2013-08-14,169.52999877929688,169.8000030517578,168.6999969482422,168.74000549316406,136.03146362304688,79829200,0.0,0.0,0.0
2013-08-15,167.41000366210938,167.42999267578125,166.08999633789062,166.3800048828125,134.12887573242188,152931800,0.0,0.0,0.0
2013-08-16,166.05999755859375,166.6300048828125,165.5,165.8300018310547,133.68544006347656,130868200,0.0,0.0,0.0
2013-08-19,165.63999938964844,166.2100067138672,164.75999450683594,164.77000427246094,132.8309783935547,96437600,0.0,0.0,0.0
2013-08-20,165.0399932861328,166.1999969482422,164.86000061035156,165.5800018310547,133.48399353027344,89294400,0.0,0.0,0.0
2013-08-21,165.1199951171875,166.02999877929688,164.19000244140625,164.55999755859375,132.66168212890625,159530500,0.0,0.0,0.0
2013-08-22,164.89999389648438,166.3000030517578,164.88999938964844,166.05999755859375,133.8708953857422,101471400,0.0,0.0,0.0
2013-08-23,166.5500030517578,166.8300018310547,165.77000427246094,166.6199951171875,134.32237243652344,90888900,0.0,0.0,0.0
2013-08-26,166.7899932861328,167.3000030517578,165.88999938964844,166.0,133.82252502441406,89702100,0.0,0.0,0.0
2013-08-27,164.36000061035156,166.0,163.2100067138672,163.3300018310547,131.67005920410156,158619400,0.0,0.0,0.0
2013-08-28,163.25999450683594,164.49000549316406,163.0500030517578,163.91000366210938,132.13771057128906,108113000,0.0,0.0,0.0
2013-08-29,163.5500030517578,165.0399932861328,163.39999389648438,164.1699981689453,132.34727478027344,119200500,0.0,0.0,0.0
2013-08-30,164.50999450683594,164.52999877929688,163.1699981689453,163.64999389648438,131.9280242919922,134928900,0.0,0.0,0.0
2013-09-03,165.22999572753906,165.5800018310547,163.6999969482422,164.38999938964844,132.52464294433594,142375100,0.0,0.0,0.0
2013-09-04,164.42999267578125,166.02999877929688,164.1300048828125,165.75,133.62103271484375,97389400,0.0,0.0,0.0
2013-09-05,165.85000610351562,166.39999389648438,165.72999572753906,165.9600067138672,133.790283203125,63090500,0.0,0.0,0.0
2013-09-06,166.50999450683594,166.97999572753906,164.47999572753906,166.0399932861328,133.8547821044922,159756500,0.0,0.0,0.0
2013-09-09,166.4499969482422,167.72999572753906,166.4499969482422,167.6300048828125,135.1365509033203,87559300,0.0,0.0,0.0
2013-09-10,168.63999938964844,168.89999389648438,168.25999450683594,168.8699951171875,136.13621520996094,105847200,0.0,0.0,0.0
2013-09-11,168.63999938964844,169.39999389648438,168.35000610351562,169.39999389648438,136.56353759765625,94545900,0.0,0.0,0.0
2013-09-12,169.33999633789062,169.55999755859375,168.72000122070312,168.9499969482422,136.20068359375,83209000,0.0,0.0,0.0
2013-09-13,169.1300048828125,169.4600067138672,168.74000549316406,169.3300018310547,136.50704956054688,72727800,0.0,0.0,0.0
2013-09-16,171.16000366210938,171.24000549316406,170.0399932861328,170.30999755859375,137.2970428466797,106299200,0.0,0.0,0.0
2013-09-17,170.4600067138672,171.11000061035156,170.4600067138672,171.07000732421875,137.9097442626953,82523300,0.0,0.0,0.0
2013-09-18,171.00999450683594,173.52000427246094,170.5800018310547,173.0500030517578,139.50595092773438,203460600,0.0,0.0,0.0
2013-09-19,173.52000427246094,173.60000610351562,172.58999633789062,172.75999450683594,139.2721710205078,146616900,0.0,0.0,0.0
2013-09-20,172.3300018310547,172.3300018310547,170.5800018310547,170.72000122070312,138.29849243164062,132867100,0.838,0.0,0.0
2013-09-23,170.49000549316406,170.64999389648438,169.38999938964844,169.92999267578125,137.65850830078125,104616500,0.0,0.0,0.0
2013-09-24,169.89999389648438,170.52999877929688,169.2100067138672,169.52999877929688,137.33448791503906,106333100,0.0,0.0,0.0
2013-09-25,169.63999938964844,169.97999572753906,168.88999938964844,169.0399932861328,136.9375,117306500,0.0,0.0,0.0
2013-09-26,169.32000732421875,170.1699981689453,169.0500030517578,169.69000244140625,137.4640655517578,77146900,0.0,0.0,0.0
2013-09-27,168.83999633789062,169.13999938964844,168.47000122070312,168.91000366210938,136.83218383789062,99141800,0.0,0.0,0.0
2013-09-30,167.47999572753906,168.5399932861328,167.14999389648438,168.00999450683594,136.10313415527344,143937000,0.0,0.0,0.0
2013-10-01,168.13999938964844,169.5,167.97000122070312,169.33999633789062,137.1805419921875,127160000,0.0,0.0,0.0
2013-10-02,168.35000610351562,169.33999633789062,167.8300018310547,169.17999267578125,137.05088806152344,113350000,0.0,0.0,0.0
2013-10-03,168.7899932861328,168.94000244140625,166.83999633789062,167.6199951171875,135.7871856689453,176698000,0.0,0.0,0.0
2013-10-04,167.75,169.05999755859375,167.52999877929688,168.88999938964844,136.8159942626953,96878000,0.0,0.0,0.0
2013-10-07,167.4199981689453,168.4499969482422,167.25,167.42999267578125,135.63330078125,96295000,0.0,0.0,0.0
2013-10-08,167.39999389648438,167.6199951171875,165.36000061035156,165.47999572753906,134.0535888671875,178015000,0.0,0.0,0.0
2013-10-09,165.8000030517578,166.1999969482422,164.52999877929688,165.60000610351562,134.1508331298828,168973000,0.0,0.0,0.0
2013-10-10,167.2899932861328,169.25999450683594,167.22999572753906,169.1699981689453,137.04283142089844,195955000,0.0,0.0,0.0
2013-10-11,168.91000366210938,170.32000732421875,168.77000427246094,170.25999450683594,137.9257354736328,105040000,0.0,0.0,0.0
2013-10-14,169.2100067138672,171.0800018310547,169.0800018310547,170.94000244140625,138.47669982910156,112106000,0.0,0.0,0.0
2013-10-15,170.50999450683594,171.14999389648438,169.47000122070312,169.6999969482422,137.47218322753906,155485000,0.0,0.0,0.0
2013-10-16,170.72000122070312,172.16000366210938,170.63999938964844,172.07000732421875,139.39208984375,161676000,0.0,0.0,0.0
2013-10-17,171.3699951171875,173.32000732421875,171.33999633789062,173.22000122070312,140.32369995117188,129389000,0.0,0.0,0.0
2013-10-18,173.86000061035156,174.50999450683594,173.50999450683594,174.38999938964844,141.27151489257812,138316000,0.0,0.0,0.0
2013-10-21,174.4499969482422,174.75,174.00999450683594,174.39999389648438,141.27955627441406,104104000,0.0,0.0,0.0
2013-10-22,174.91000366210938,175.92999267578125,174.42999267578125,175.41000366210938,142.09779357910156,126663000,0.0,0.0,0.0
2013-10-23,174.80999755859375,174.88999938964844,173.9600067138672,174.57000732421875,141.4172821044922,105484000,0.0,0.0,0.0
2013-10-24,174.9199981689453,175.3699951171875,174.50999450683594,175.14999389648438,141.88717651367188,70350000,0.0,0.0,0.0
2013-10-25,175.50999450683594,176.0,175.1699981689453,175.9499969482422,142.5352325439453,93625000,0.0,0.0,0.0
2013-10-28,175.88999938964844,176.47000122070312,175.6999969482422,176.22999572753906,142.7620086669922,84979000,0.0,0.0,0.0
2013-10-29,176.6300048828125,177.24000549316406,176.3800048828125,177.1699981689453,143.52352905273438,87401000,0.0,0.0,0.0
2013-10-30,177.3800048828125,177.50999450683594,175.66000366210938,176.2899932861328,142.8106231689453,140002000,0.0,0.0,0.0
2013-10-31,176.14999389648438,176.88999938964844,175.52999877929688,175.7899932861328,142.40560913085938,133795000,0.0,0.0,0.0
2013-11-01,176.02000427246094,176.61000061035156,175.22000122070312,176.2100067138672,142.745849609375,142805000,0.0,0.0,0.0
2013-11-04,176.69000244140625,176.89999389648438,175.97999572753906,176.8300018310547,143.24810791015625,85677000,0.0,0.0,0.0
2013-11-05,176.13999938964844,176.75,175.57000732421875,176.27000427246094,142.79443359375,85825000,0.0,0.0,0.0
2013-11-06,177.02999877929688,177.5,176.5399932861328,177.1699981689453,143.52352905273438,87348000,0.0,0.0,0.0
2013-11-07,177.5,177.63999938964844,174.75999450683594,174.92999267578125,141.7089385986328,157000000,0.0,0.0,0.0
2013-11-08,174.8699951171875,177.30999755859375,174.85000610351562,177.2899932861328,143.6207733154297,136713000,0.0,0.0,0.0
2013-11-11,177.1199951171875,177.52999877929688,176.91000366210938,177.32000732421875,143.64505004882812,62614000,0.0,0.0,0.0
2013-11-12,176.94000244140625,177.36000061035156,176.3699951171875,176.9600067138672,143.3534393310547,83990000,0.0,0.0,0.0
2013-11-13,176.08999633789062,178.42999267578125,176.08999633789062,178.3800048828125,144.5037841796875,103844000,0.0,0.0,0.0
2013-11-14,178.5399932861328,179.4199981689453,178.25,179.27000427246094,145.22474670410156,103435000,0.0,0.0,0.0
2013-11-15,179.55999755859375,180.1199951171875,179.3300018310547,180.0500030517578,145.85662841796875,102818000,0.0,0.0,0.0
2013-11-18,180.35000610351562,180.5,179.02000427246094,179.4199981689453,145.34625244140625,104796000,0.0,0.0,0.0
2013-11-19,179.3300018310547,179.8699951171875,178.72000122070312,179.02999877929688,145.0303192138672,93891000,0.0,0.0,0.0
2013-11-20,179.38999938964844,179.92999267578125,177.97999572753906,178.47000122070312,144.57667541503906,124909000,0.0,0.0,0.0
2013-11-21,178.97000122070312,180.0500030517578,178.86000061035156,179.91000366210938,145.74317932128906,92841000,0.0,0.0,0.0
2013-11-22,179.97999572753906,180.8300018310547,179.77000427246094,180.80999755859375,146.4722442626953,81296000,0.0,0.0,0.0
2013-11-25,181.1300048828125,181.1699981689453,180.3699951171875,180.6300048828125,146.32643127441406,79486000,0.0,0.0,0.0
2013-11-26,180.72000122070312,181.22000122070312,180.41000366210938,180.67999267578125,146.36703491210938,86994000,0.0,0.0,0.0
2013-11-27,180.8699951171875,181.24000549316406,180.64999389648438,181.1199951171875,146.723388671875,58800000,0.0,0.0,0.0
2013-11-29,181.32000732421875,181.75,180.8000030517578,181.0,146.62612915039062,55870900,0.0,0.0,0.0
2013-12-02,181.08999633789062,181.42999267578125,180.25,180.52999877929688,146.2454071044922,99726000,0.0,0.0,0.0
2013-12-03,179.94000244140625,180.38999938964844,179.1699981689453,179.75,145.61351013183594,116563000,0.0,0.0,0.0
2013-12-04,179.10000610351562,180.47999572753906,178.35000610351562,179.72999572753906,145.5973358154297,123033000,0.0,0.0,0.0
2013-12-05,179.41000366210938,179.74000549316406,178.77000427246094,178.94000244140625,144.95738220214844,106934000,0.0,0.0,0.0
2013-12-06,180.6699981689453,181.11000061035156,180.14999389648438,180.94000244140625,146.5775909423828,127728000,0.0,0.0,0.0
2013-12-09,181.47000122070312,181.6699981689453,181.16000366210938,181.39999389648438,146.95018005371094,70124000,0.0,0.0,0.0
2013-12-10,180.97999572753906,181.36000061035156,180.63999938964844,180.75,146.42373657226562,80976000,0.0,0.0,0.0
2013-12-11,180.82000732421875,180.85000610351562,178.5,178.72000122070312,144.77919006347656,130591000,0.0,0.0,0.0
2013-12-12,178.63999938964844,178.86000061035156,177.75999450683594,178.1300048828125,144.3011932373047,115565000,0.0,0.0,0.0
2013-12-13,178.5,178.66000366210938,177.77000427246094,178.11000061035156,144.28500366210938,107808000,0.0,0.0,0.0
2013-12-16,178.9499969482422,179.80999755859375,178.89999389648438,179.22000122070312,145.1842498779297,96195000,0.0,0.0,0.0
2013-12-17,179.3800048828125,179.41000366210938,178.25,178.64999389648438,144.72242736816406,89886000,0.0,0.0,0.0
2013-12-18,178.9199981689453,181.72999572753906,177.32000732421875,181.6999969482422,147.1932373046875,234906000,0.0,0.0,0.0
2013-12-19,181.17999267578125,181.6999969482422,180.7100067138672,181.49000549316406,147.0231170654297,136531200,0.0,0.0,0.0
2013-12-20,180.69000244140625,181.99000549316406,180.57000732421875,181.55999755859375,147.8783416748047,197087000,0.98,0.0,0.0
2013-12-23,182.4499969482422,182.63999938964844,182.07000732421875,182.52999877929688,148.6684112548828,85598000,0.0,0.0,0.0
2013-12-24,182.5399932861328,183.00999450683594,182.52999877929688,182.92999267578125,148.9942169189453,45368800,0.0,0.0,0.0
2013-12-26,183.33999633789062,183.9600067138672,183.32000732421875,183.86000061035156,149.75167846679688,63365000,0.0,0.0,0.0
2013-12-27,184.10000610351562,184.17999267578125,183.66000366210938,183.85000610351562,149.7435302734375,61814000,0.0,0.0,0.0
2013-12-30,183.8699951171875,184.02000427246094,183.5800018310547,183.82000732421875,149.71908569335938,56857000,0.0,0.0,0.0
2013-12-31,184.07000732421875,184.69000244140625,183.92999267578125,184.69000244140625,150.42770385742188,86119900,0.0,0.0,0.0
2014-01-02,183.97999572753906,184.07000732421875,182.47999572753906,182.9199981689453,148.98606872558594,119636900,0.0,0.0,0.0
2014-01-03,183.22999572753906,183.60000610351562,182.6300048828125,182.88999938964844,148.9616241455078,81390600,0.0,0.0,0.0
2014-01-06,183.49000549316406,183.55999755859375,182.0800018310547,182.36000061035156,148.5299530029297,108028200,0.0,0.0,0.0
2014-01-07,183.08999633789062,183.7899932861328,182.9499969482422,183.47999572753906,149.44216918945312,86144200,0.0,0.0,0.0
2014-01-08,183.4499969482422,183.8300018310547,182.88999938964844,183.52000427246094,149.47476196289062,96582300,0.0,0.0,0.0
2014-01-09,184.11000061035156,184.1300048828125,182.8000030517578,183.63999938964844,149.5724639892578,90683400,0.0,0.0,0.0
2014-01-10,183.9499969482422,184.22000122070312,183.00999450683594,184.13999938964844,149.9797821044922,102026400,0.0,0.0,0.0
2014-01-13,183.6699981689453,184.17999267578125,181.33999633789062,181.69000244140625,147.98419189453125,149892000,0.0,0.0,0.0
2014-01-14,182.2899932861328,183.77000427246094,181.9499969482422,183.6699981689453,149.59683227539062,105016100,0.0,0.0,0.0
2014-01-15,184.10000610351562,184.94000244140625,183.7100067138672,184.66000366210938,150.4032440185547,98525800,0.0,0.0,0.0
2014-01-16,184.27999877929688,184.66000366210938,183.8300018310547,184.4199981689453,150.20779418945312,72290600,0.0,0.0,0.0
2014-01-17,184.10000610351562,184.4499969482422,183.32000732421875,183.63999938964844,149.5724639892578,107848700,0.0,0.0,0.0
2014-01-21,184.6999969482422,184.77000427246094,183.0500030517578,184.17999267578125,150.01229858398438,88621200,0.0,0.0,0.0
2014-01-22,184.49000549316406,184.57000732421875,183.91000366210938,184.3000030517578,150.11001586914062,61270900,0.0,0.0,0.0
2014-01-23,183.3699951171875,183.39999389648438,181.82000732421875,182.7899932861328,148.88015747070312,132496900,0.0,0.0,0.0
2014-01-24,181.60000610351562,181.66000366210938,178.8300018310547,178.88999938964844,145.7036590576172,208677100,0.0,0.0,0.0
2014-01-27,179.05999755859375,179.52000427246094,177.1199951171875,178.00999450683594,144.98692321777344,180843100,0.0,0.0,0.0
2014-01-28,178.13999938964844,179.3000030517578,178.1199951171875,179.07000732421875,145.85031127929688,110463200,0.0,0.0,0.0
2014-01-29,177.5800018310547,178.5500030517578,176.8800048828125,177.35000610351562,144.44937133789062,216597300,0.0,0.0,0.0
2014-01-30,178.8300018310547,179.80999755859375,178.25999450683594,179.22999572753906,145.98056030273438,118938100,0.0,0.0,0.0
2014-01-31,177.00999450683594,179.2899932861328,176.9199981689453,178.17999267578125,145.12535095214844,194677900,0.0,0.0,0.0
2014-02-03,177.97000122070312,178.3699951171875,173.8300018310547,174.1699981689453,141.8592529296875,254837100,0.0,0.0,0.0
2014-02-04,174.9499969482422,175.83999633789062,174.11000061035156,175.38999938964844,142.85293579101562,165012400,0.0,0.0,0.0
2014-02-05,174.77999877929688,175.55999755859375,173.7100067138672,175.1699981689453,142.67376708984375,164230500,0.0,0.0,0.0
2014-02-06,175.5800018310547,177.47999572753906,175.22000122070312,177.47999572753906,144.55520629882812,132877600,0.0,0.0,0.0
2014-02-07,178.30999755859375,179.8699951171875,177.72999572753906,179.67999267578125,146.34710693359375,170787200,0.0,0.0,0.0
2014-02-10,179.6999969482422,180.07000732421875,179.2100067138672,180.00999450683594,146.6158447265625,92218800,0.0,0.0,0.0
2014-02-11,180.16000366210938,182.44000244140625,180.0399932861328,181.97999572753906,148.220458984375,117814100,0.0,0.0,0.0
2014-02-12,182.25,182.8300018310547,181.7100067138672,182.07000732421875,148.293701171875,94717700,0.0,0.0,0.0
2014-02-13,180.83999633789062,183.1999969482422,180.8300018310547,183.00999450683594,149.05934143066406,100542200,0.0,0.0,0.0
2014-02-14,182.83999633789062,184.36000061035156,182.6699981689453,184.02000427246094,149.88198852539062,96498400,0.0,0.0,0.0
2014-02-18,184.17999267578125,184.49000549316406,183.64999389648438,184.24000549316406,150.0611572265625,80460900,0.0,0.0,0.0
2014-02-19,183.75999450683594,184.9499969482422,182.8699951171875,183.02000427246094,149.0675506591797,126524300,0.0,0.0,0.0
2014-02-20,183.27000427246094,184.52000427246094,182.60000610351562,184.10000610351562,149.94715881347656,104998100,0.0,0.0,0.0
2014-02-21,184.4499969482422,184.88999938964844,183.8000030517578,183.88999938964844,149.77610778808594,118116400,0.0,0.0,0.0
2014-02-24,184.27999877929688,186.14999389648438,184.1999969482422,184.91000366210938,150.60687255859375,114063900,0.0,0.0,0.0
2014-02-25,185.05999755859375,185.58999633789062,184.22999572753906,184.83999633789062,150.54981994628906,117085000,0.0,0.0,0.0
2014-02-26,185.11000061035156,185.60000610351562,184.3300018310547,184.85000610351562,150.55796813964844,98677200,0.0,0.0,0.0
2014-02-27,184.5800018310547,185.8699951171875,184.3699951171875,185.82000732421875,151.3480682373047,93880800,0.0,0.0,0.0
2014-02-28,185.7899932861328,187.14999389648438,185.0500030517578,186.2899932861328,151.7308807373047,150842000,0.0,0.0,0.0
2014-03-03,184.64999389648438,185.4499969482422,183.75,184.97999572753906,150.6638946533203,167748500,0.0,0.0,0.0
2014-03-04,186.7899932861328,187.97999572753906,186.75,187.5800018310547,152.7815399169922,167545900,0.0,0.0,0.0
2014-03-05,187.74000549316406,188.07000732421875,187.4499969482422,187.75,152.9199981689453,88376900,0.0,0.0,0.0
2014-03-06,188.2100067138672,188.61000061035156,187.77999877929688,188.17999267578125,153.2701873779297,82516500,0.0,0.0,0.0
2014-03-07,188.9600067138672,188.9600067138672,187.42999267578125,188.25999450683594,153.33538818359375,114513500,0.0,0.0,0.0
2014-03-10,187.97000122070312,188.22999572753906,187.0800018310547,188.16000366210938,153.2539825439453,74939200,0.0,0.0,0.0
2014-03-11,188.44000244140625,188.7100067138672,186.8000030517578,187.22999572753906,152.4965057373047,99009100,0.0,0.0,0.0
2014-03-12,186.32000732421875,187.35000610351562,185.89999389648438,187.27999877929688,152.53721618652344,104824400,0.0,0.0,0.0
2014-03-13,187.83999633789062,187.99000549316406,184.66000366210938,185.17999267578125,150.82676696777344,155014300,0.0,0.0,0.0
2014-03-14,184.85000610351562,185.8000030517578,184.44000244140625,184.66000366210938,150.4032440185547,153919600,0.0,0.0,0.0
2014-03-17,185.58999633789062,186.77000427246094,185.50999450683594,186.3300018310547,151.76345825195312,98359500,0.0,0.0,0.0
2014-03-18,186.7100067138672,187.91000366210938,186.50999450683594,187.66000366210938,152.84669494628906,101804600,0.0,0.0,0.0
2014-03-19,187.67999267578125,187.94000244140625,185.47000122070312,186.66000366210938,152.0322723388672,176267300,0.0,0.0,0.0
2014-03-20,186.25,187.88999938964844,185.9199981689453,187.75,152.9199981689453,117241000,0.0,0.0,0.0
2014-03-21,187.7100067138672,189.02000427246094,186.02999877929688,186.1999969482422,152.32693481445312,163128000,0.825,0.0,0.0
2014-03-24,186.83999633789062,187.07000732421875,184.6199951171875,185.42999267578125,151.6969757080078,121411000,0.0,0.0,0.0
2014-03-25,186.3699951171875,186.94000244140625,185.27000427246094,186.30999755859375,152.4168243408203,103852000,0.0,0.0,0.0
2014-03-26,187.0399932861328,187.33999633789062,184.9199981689453,184.97000122070312,151.32066345214844,119843000,0.0,0.0,0.0
2014-03-27,184.75,185.33999633789062,183.89999389648438,184.5800018310547,151.0015411376953,142383000,0.0,0.0,0.0
2014-03-28,185.11000061035156,186.4199981689453,185.0,185.49000549316406,151.7460479736328,101642000,0.0,0.0,0.0
2014-03-31,186.6699981689453,187.3000030517578,185.52000427246094,187.00999450683594,152.98951721191406,99745000,0.0,0.0,0.0
2014-04-01,187.6199951171875,188.36000061035156,187.0,188.25,154.00399780273438,89193000,0.0,0.0,0.0
2014-04-02,188.49000549316406,189.1300048828125,188.13999938964844,188.8800048828125,154.51934814453125,78774000,0.0,0.0,0.0
2014-04-03,189.1699981689453,189.22000122070312,188.0500030517578,188.6300048828125,154.3148193359375,77435000,0.0,0.0,0.0
2014-04-04,189.66000366210938,189.6999969482422,186.10000610351562,186.39999389648438,152.4905242919922,169381000,0.0,0.0,0.0
2014-04-07,185.9499969482422,186.25999450683594,183.9600067138672,184.33999633789062,150.80526733398438,140803000,0.0,0.0,0.0
2014-04-08,184.25999450683594,185.39999389648438,183.58999633789062,185.10000610351562,151.427001953125,112660000,0.0,0.0,0.0
2014-04-09,185.60000610351562,187.14999389648438,185.05999755859375,187.08999633789062,153.05499267578125,100254000,0.0,0.0,0.0
2014-04-10,187.0800018310547,187.1699981689453,182.92999267578125,183.16000366210938,149.83990478515625,172959000,0.0,0.0,0.0
2014-04-11,182.13999938964844,183.4199981689453,181.30999755859375,181.50999450683594,148.4901123046875,167251000,0.0,0.0,0.0
2014-04-14,182.92999267578125,183.3699951171875,181.44000244140625,182.94000244140625,149.65994262695312,132382000,0.0,0.0,0.0
2014-04-15,183.32000732421875,184.3300018310547,181.50999450683594,184.1999969482422,150.69078063964844,157093000,0.0,0.0,0.0
2014-04-16,185.47000122070312,186.13999938964844,184.64999389648438,186.1300048828125,152.26966857910156,105197000,0.0,0.0,0.0
2014-04-17,185.8800048828125,186.91000366210938,185.55999755859375,186.38999938964844,152.48231506347656,105255000,0.0,0.0,0.0
2014-04-21,186.44000244140625,187.10000610351562,186.2100067138672,187.0399932861328,153.0140838623047,68329000,0.0,0.0,0.0
2014-04-22,187.22999572753906,188.39999389648438,187.1300048828125,187.88999938964844,153.70945739746094,85790000,0.0,0.0,0.0
2014-04-23,187.82000732421875,187.9199981689453,187.3000030517578,187.4499969482422,153.34947204589844,73869000,0.0,0.0,0.0
2014-04-24,188.3699951171875,188.38999938964844,186.92999267578125,187.8300018310547,153.66038513183594,88170000,0.0,0.0,0.0
2014-04-25,187.22000122070312,187.3300018310547,185.8699951171875,186.2899932861328,152.40052795410156,100380000,0.0,0.0,0.0
2014-04-28,187.0500030517578,187.69000244140625,184.9600067138672,186.8800048828125,152.8832244873047,135121000,0.0,0.0,0.0
2014-04-29,187.47999572753906,188.0399932861328,187.0800018310547,187.75,153.59490966796875,84098000,0.0,0.0,0.0
2014-04-30,187.44000244140625,188.5,187.17999267578125,188.30999755859375,154.05307006835938,101508000,0.0,0.0,0.0
2014-05-01,188.22000122070312,188.83999633789062,187.72999572753906,188.3300018310547,154.0693817138672,93019000,0.0,0.0,0.0
2014-05-02,188.30999755859375,189.13999938964844,187.77999877929688,188.05999755859375,153.84854125976562,98122000,0.0,0.0,0.0
2014-05-05,187.13999938964844,188.5500030517578,186.6199951171875,188.4199981689453,154.1429901123047,75883000,0.0,0.0,0.0
2014-05-06,188.0,188.1300048828125,186.74000549316406,186.77999877929688,152.8014373779297,85454000,0.0,0.0,0.0
2014-05-07,187.41000366210938,187.97000122070312,186.00999450683594,187.8800048828125,153.70130920410156,106500000,0.0,0.0,0.0
2014-05-08,187.7100067138672,189.0500030517578,187.0800018310547,187.67999267578125,153.53770446777344,93618000,0.0,0.0,0.0
2014-05-09,187.7100067138672,188.0399932861328,186.8300018310547,187.9600067138672,153.7666778564453,83679000,0.0,0.0,0.0
2014-05-12,188.8000030517578,189.8800048828125,188.0,189.7899932861328,155.26382446289062,86940000,0.0,0.0,0.0
2014-05-13,190.0399932861328,190.4199981689453,189.77000427246094,189.9600067138672,155.40289306640625,66454000,0.0,0.0,0.0
2014-05-14,189.7899932861328,189.8800048828125,188.7899932861328,189.05999755859375,154.6665802001953,72367000,0.0,0.0,0.0
2014-05-15,188.67999267578125,188.72000122070312,186.47999572753906,187.39999389648438,153.30859375,154956000,0.0,0.0,0.0
2014-05-16,187.50999450683594,188.1300048828125,186.72000122070312,188.0500030517578,153.8403778076172,97458000,0.0,0.0,0.0
2014-05-19,187.69000244140625,188.88999938964844,187.52000427246094,188.74000549316406,154.40484619140625,63839000,0.0,0.0,0.0
2014-05-20,188.64999389648438,188.6699981689453,187.07000732421875,187.5500030517578,153.4313201904297,111644000,0.0,0.0,0.0
2014-05-21,188.08999633789062,189.22000122070312,188.05999755859375,189.1300048828125,154.72389221191406,89093000,0.0,0.0,0.0
2014-05-22,189.17999267578125,189.97999572753906,188.86000061035156,189.58999633789062,155.1001739501953,61549000,0.0,0.0,0.0
2014-05-23,189.75999450683594,190.47999572753906,189.58999633789062,190.35000610351562,155.7219696044922,61092800,0.0,0.0,0.0
2014-05-27,191.05999755859375,191.5800018310547,190.9499969482422,191.52000427246094,156.6790771484375,72010000,0.0,0.0,0.0
2014-05-28,191.52000427246094,191.82000732421875,191.05999755859375,191.3800048828125,156.56460571289062,66723000,0.0,0.0,0.0
2014-05-29,191.82000732421875,192.39999389648438,191.3300018310547,192.3699951171875,157.37448120117188,64377000,0.0,0.0,0.0
2014-05-30,192.19000244140625,192.8000030517578,192.02999877929688,192.67999267578125,157.62806701660156,76316000,0.0,0.0,0.0
2014-06-02,192.9499969482422,192.99000549316406,191.97000122070312,192.89999389648438,157.80809020996094,64656000,0.0,0.0,0.0
2014-06-03,192.42999267578125,192.89999389648438,192.25,192.8000030517578,157.72621154785156,65047000,0.0,0.0,0.0
2014-06-04,192.47000122070312,193.3000030517578,192.27000427246094,193.19000244140625,158.04530334472656,55529000,0.0,0.0,0.0
2014-06-05,193.41000366210938,194.64999389648438,192.6999969482422,194.4499969482422,159.07606506347656,92103000,0.0,0.0,0.0
2014-06-06,194.8699951171875,195.42999267578125,194.77999877929688,195.3800048828125,159.83692932128906,78696000,0.0,0.0,0.0
2014-06-09,195.35000610351562,196.0500030517578,195.1699981689453,195.5800018310547,160.00054931640625,65119000,0.0,0.0,0.0
2014-06-10,195.33999633789062,195.63999938964844,194.9199981689453,195.60000610351562,160.01690673828125,57129000,0.0,0.0,0.0
2014-06-11,194.89999389648438,195.1199951171875,194.47999572753906,194.9199981689453,159.46058654785156,68772000,0.0,0.0,0.0
2014-06-12,194.69000244140625,194.8000030517578,193.11000061035156,193.5399932861328,158.3316192626953,106350000,0.0,0.0,0.0
2014-06-13,193.9199981689453,194.32000732421875,193.3000030517578,194.1300048828125,158.81434631347656,82017000,0.0,0.0,0.0
2014-06-16,193.88999938964844,194.6999969482422,193.66000366210938,194.2899932861328,158.94517517089844,87424000,0.0,0.0,0.0
2014-06-17,194.02000427246094,194.97000122070312,193.80999755859375,194.8300018310547,159.38693237304688,84834000,0.0,0.0,0.0
2014-06-18,194.8300018310547,196.3699951171875,194.39999389648438,196.25999450683594,160.55679321289062,105267000,0.0,0.0,0.0
2014-06-19,196.42999267578125,196.60000610351562,195.8000030517578,196.47999572753906,160.73681640625,85929000,0.0,0.0,0.0
2014-06-20,196.02999877929688,196.10000610351562,195.6999969482422,195.94000244140625,161.0631103515625,100587000,0.937,0.0,0.0
2014-06-23,195.99000549316406,196.0500030517578,195.52000427246094,195.8800048828125,161.01382446289062,70611000,0.0,0.0,0.0
2014-06-24,195.52999877929688,196.5,194.47999572753906,194.6999969482422,160.04383850097656,96237000,0.0,0.0,0.0
2014-06-25,194.2899932861328,195.77999877929688,194.25,195.5800018310547,160.76722717285156,82782000,0.0,0.0,0.0
2014-06-26,195.61000061035156,195.6300048828125,194.1300048828125,195.44000244140625,160.65211486816406,84312000,0.0,0.0,0.0
2014-06-27,194.97999572753906,195.8800048828125,194.88999938964844,195.82000732421875,160.96449279785156,71445100,0.0,0.0,0.0
2014-06-30,195.6999969482422,196.1699981689453,195.52999877929688,195.72000122070312,160.88221740722656,70201200,0.0,0.0,0.0
2014-07-01,196.1999969482422,197.6300048828125,196.1300048828125,197.02999877929688,161.95907592773438,90470000,0.0,0.0,0.0
2014-07-02,197.0500030517578,197.47999572753906,196.9600067138672,197.22999572753906,162.12350463867188,52475000,0.0,0.0,0.0
2014-07-03,197.7899932861328,198.2899932861328,197.63999938964844,198.1999969482422,162.92086791992188,52938800,0.0,0.0,0.0
2014-07-07,197.82000732421875,197.97999572753906,197.22000122070312,197.50999450683594,162.35366821289062,61696000,0.0,0.0,0.0
2014-07-08,197.14999389648438,197.22000122070312,195.75999450683594,196.24000549316406,161.3097381591797,108143000,0.0,0.0,0.0
2014-07-09,196.72999572753906,197.3000030517578,196.30999755859375,197.1199951171875,162.03305053710938,72992000,0.0,0.0,0.0
2014-07-10,195.22000122070312,196.86000061035156,195.05999755859375,196.33999633789062,161.3918914794922,99040000,0.0,0.0,0.0
2014-07-11,196.22000122070312,196.75,195.77999877929688,196.61000061035156,161.6138458251953,64243000,0.0,0.0,0.0
2014-07-14,197.61000061035156,197.86000061035156,197.44000244140625,197.60000610351562,162.42764282226562,58658000,0.0,0.0,0.0
2014-07-15,197.72000122070312,198.10000610351562,196.36000061035156,197.22999572753906,162.12350463867188,111307000,0.0,0.0,0.0
2014-07-16,198.11000061035156,198.25999450683594,197.4199981689453,197.9600067138672,162.7235565185547,79986400,0.0,0.0,0.0
2014-07-17,197.35000610351562,198.10000610351562,195.42999267578125,195.7100067138672,160.87405395507812,145398000,0.0,0.0,0.0
2014-07-18,196.35000610351562,197.91000366210938,196.24000549316406,197.7100067138672,162.51805114746094,124330000,0.0,0.0,0.0
2014-07-21,197.08999633789062,197.5,196.42999267578125,197.33999633789062,162.21388244628906,67592000,0.0,0.0,0.0
2014-07-22,198.00999450683594,198.55999755859375,197.8699951171875,198.1999969482422,162.92086791992188,67678000,0.0,0.0,0.0
2014-07-23,198.5,198.85000610351562,198.10000610351562,198.63999938964844,163.2825469970703,65612000,0.0,0.0,0.0
2014-07-24,198.8300018310547,199.05999755859375,198.4499969482422,198.64999389648438,163.29071044921875,56888000,0.0,0.0,0.0
2014-07-25,198.08999633789062,198.25999450683594,197.3300018310547,197.72000122070312,162.52627563476562,76837000,0.0,0.0,0.0
2014-07-28,197.75999450683594,198.08999633789062,196.6199951171875,197.8000030517578,162.59197998046875,69259000,0.0,0.0,0.0
2014-07-29,198.1699981689453,198.4499969482422,196.9199981689453,196.9499969482422,161.89332580566406,80466000,0.0,0.0,0.0
2014-07-30,197.64999389648438,197.91000366210938,196.16000366210938,196.97999572753906,161.91796875,104222000,0.0,0.0,0.0
2014-07-31,195.61000061035156,195.77999877929688,192.97000122070312,193.08999633789062,158.72044372558594,183479000,0.0,0.0,0.0
2014-08-01,192.55999755859375,193.75999450683594,191.57000732421875,192.5,158.23544311523438,189261000,0.0,0.0,0.0
2014-08-04,192.8699951171875,194.3000030517578,192.0500030517578,193.88999938964844,159.3779754638672,91340000,0.0,0.0,0.0
2014-08-05,193.10000610351562,193.60000610351562,191.30999755859375,192.00999450683594,157.83267211914062,152690000,0.0,0.0,0.0
2014-08-06,191.11000061035156,192.88999938964844,191.0800018310547,192.07000732421875,157.8820037841797,94818000,0.0,0.0,0.0
2014-08-07,192.94000244140625,193.1300048828125,190.5500030517578,191.02999877929688,157.02711486816406,135733000,0.0,0.0,0.0
2014-08-08,191.4600067138672,193.3699951171875,190.9499969482422,193.24000549316406,158.8436737060547,117014000,0.0,0.0,0.0
2014-08-11,193.97000122070312,194.66000366210938,193.7100067138672,193.8000030517578,159.30401611328125,74544000,0.0,0.0,0.0
2014-08-12,193.61000061035156,194.14999389648438,192.94000244140625,193.52999877929688,159.0821075439453,73632000,0.0,0.0,0.0
2014-08-13,194.2899932861328,195.05999755859375,193.9600067138672,194.83999633789062,160.15890502929688,69047000,0.0,0.0,0.0
2014-08-14,195.16000366210938,195.75999450683594,194.97999572753906,195.75999450683594,160.9151611328125,57371000,0.0,0.0,0.0
2014-08-15,196.47000122070312,196.64999389648438,194.30999755859375,195.72000122070312,160.88221740722656,139951000,0.0,0.0,0.0
2014-08-18,196.8000030517578,197.4499969482422,196.69000244140625,197.36000061035156,162.2303466796875,75424000,0.0,0.0,0.0
2014-08-19,197.83999633789062,198.5399932861328,197.44000244140625,198.38999938964844,163.07701110839844,59135000,0.0,0.0,0.0
2014-08-20,198.1199951171875,199.16000366210938,198.0800018310547,198.9199981689453,163.51268005371094,72763000,0.0,0.0,0.0
2014-08-21,199.08999633789062,199.75999450683594,198.92999267578125,199.5,163.98944091796875,67791000,0.0,0.0,0.0
2014-08-22,199.33999633789062,199.69000244140625,198.74000549316406,199.19000244140625,163.7345733642578,76107000,0.0,0.0,0.0
2014-08-25,200.13999938964844,200.58999633789062,199.14999389648438,200.1999969482422,164.5648193359375,63855000,0.0,0.0,0.0
2014-08-26,200.3300018310547,200.82000732421875,200.27999877929688,200.3300018310547,164.67169189453125,47298000,0.0,0.0,0.0
2014-08-27,200.42999267578125,200.57000732421875,199.94000244140625,200.25,164.60597229003906,47874000,0.0,0.0,0.0
2014-08-28,199.58999633789062,200.27000427246094,199.38999938964844,200.13999938964844,164.5155029296875,58330000,0.0,0.0,0.0
2014-08-29,200.4499969482422,200.72999572753906,199.82000732421875,200.7100067138672,164.98411560058594,65907000,0.0,0.0,0.0
2014-09-02,200.97000122070312,201.0,199.86000061035156,200.61000061035156,164.9019012451172,72426000,0.0,0.0,0.0
2014-09-03,201.3800048828125,201.41000366210938,200.22000122070312,200.5,164.81143188476562,57462000,0.0,0.0,0.0
2014-09-04,200.83999633789062,201.5800018310547,199.66000366210938,200.2100067138672,164.57305908203125,85236000,0.0,0.0,0.0
2014-09-05,200.1699981689453,201.19000244140625,199.41000366210938,201.11000061035156,165.3128662109375,102177000,0.0,0.0,0.0
2014-09-08,200.9199981689453,201.2100067138672,200.0,200.58999633789062,164.88543701171875,64146000,0.0,0.0,0.0
2014-09-09,200.41000366210938,200.5500030517578,198.91000366210938,199.32000732421875,163.8415069580078,88591000,0.0,0.0,0.0
2014-09-10,199.42999267578125,200.1999969482422,198.77000427246094,200.07000732421875,164.4580078125,67251000,0.0,0.0,0.0
2014-09-11,199.27000427246094,200.3300018310547,199.1199951171875,200.3000030517578,164.6470184326172,66774400,0.0,0.0,0.0
2014-09-12,200.10000610351562,200.1199951171875,198.55999755859375,199.1300048828125,163.685302734375,117409300,0.0,0.0,0.0
2014-09-15,199.16000366210938,199.32000732421875,198.3800048828125,198.97999572753906,163.5620574951172,76401000,0.0,0.0,0.0
2014-09-16,198.61000061035156,200.83999633789062,198.5,200.47999572753906,164.79502868652344,116201000,0.0,0.0,0.0
2014-09-17,200.77000427246094,201.67999267578125,199.75,200.75,165.01693725585938,151266000,0.0,0.0,0.0
2014-09-18,201.36000061035156,201.85000610351562,201.10000610351562,201.82000732421875,165.896484375,94990000,0.0,0.0,0.0
2014-09-19,201.52000427246094,201.89999389648438,200.2899932861328,200.6999969482422,165.74703979492188,121649000,0.939,0.0,0.0
2014-09-22,200.35000610351562,200.3800048828125,198.72999572753906,199.14999389648438,164.46697998046875,125553000,0.0,0.0,0.0
2014-09-23,198.42999267578125,199.25999450683594,197.9499969482422,198.00999450683594,163.52549743652344,111393000,0.0,0.0,0.0
2014-09-24,198.0399932861328,199.69000244140625,197.52000427246094,199.55999755859375,164.80557250976562,107276000,0.0,0.0,0.0
2014-09-25,199.0399932861328,199.0500030517578,196.27000427246094,196.33999633789062,162.1463165283203,150300000,0.0,0.0,0.0
2014-09-26,196.6999969482422,198.38999938964844,196.4199981689453,197.89999389648438,163.43463134765625,103547000,0.0,0.0,0.0
2014-09-29,196.1999969482422,197.88999938964844,196.0500030517578,197.5399932861328,163.13739013671875,95112000,0.0,0.0,0.0
2014-09-30,197.69000244140625,198.3000030517578,196.61000061035156,197.02000427246094,162.70790100097656,131302000,0.0,0.0,0.0
2014-10-01,196.6999969482422,196.77000427246094,193.91000366210938,194.35000610351562,160.50291442871094,177798000,0.0,0.0,0.0
2014-10-02,194.17999267578125,195.05999755859375,192.35000610351562,194.3800048828125,160.52769470214844,157285000,0.0,0.0,0.0
2014-10-03,195.67999267578125,196.94000244140625,195.0800018310547,196.52000427246094,162.29502868652344,121569000,0.0,0.0,0.0
2014-10-06,197.33999633789062,197.60000610351562,195.5800018310547,196.2899932861328,162.1050567626953,104778000,0.0,0.0,0.0
2014-10-07,195.27999877929688,195.72000122070312,193.22000122070312,193.25999450683594,159.60275268554688,147913000,0.0,0.0,0.0
2014-10-08,193.3699951171875,196.9199981689453,192.36000061035156,196.63999938964844,162.3941192626953,186461000,0.0,0.0,0.0
2014-10-09,196.3300018310547,196.60000610351562,192.5800018310547,192.74000549316406,159.17327880859375,210705000,0.0,0.0,0.0
2014-10-10,192.69000244140625,193.64999389648438,190.49000549316406,190.5399932861328,157.3564910888672,221909000,0.0,0.0,0.0
2014-10-13,190.4600067138672,191.14999389648438,187.3000030517578,187.41000366210938,154.77146911621094,230939000,0.0,0.0,0.0
2014-10-14,188.4199981689453,189.82000732421875,187.0399932861328,187.6999969482422,155.01107788085938,215847000,0.0,0.0,0.0
2014-10-15,185.16000366210938,187.69000244140625,181.9199981689453,186.42999267578125,153.96221923828125,380715000,0.0,0.0,0.0
2014-10-16,183.05999755859375,187.5800018310547,182.88999938964844,186.27000427246094,153.8301239013672,270391000,0.0,0.0,0.0
2014-10-17,188.4199981689453,189.75,187.6199951171875,188.47000122070312,155.6469268798828,214625000,0.0,0.0,0.0
2014-10-20,188.1300048828125,190.4499969482422,188.07000732421875,190.3000030517578,157.15826416015625,130011000,0.0,0.0,0.0
2014-10-21,191.67999267578125,194.1999969482422,191.47999572753906,194.07000732421875,160.27169799804688,154949000,0.0,0.0,0.0
2014-10-22,194.41000366210938,194.91000366210938,192.61000061035156,192.69000244140625,159.13201904296875,151822000,0.0,0.0,0.0
2014-10-23,194.6199951171875,196.1999969482422,194.25999450683594,194.92999267578125,160.98187255859375,154944000,0.0,0.0,0.0
2014-10-24,195.25,196.49000549316406,194.49000549316406,196.42999267578125,162.22067260742188,117927000,0.0,0.0,0.0
2014-10-27,195.72999572753906,196.4499969482422,195.02999877929688,196.16000366210938,161.99765014648438,82954000,0.0,0.0,0.0
2014-10-28,196.82000732421875,198.4199981689453,196.72999572753906,198.41000366210938,163.85585021972656,106736000,0.0,0.0,0.0
2014-10-29,198.5500030517578,199.1199951171875,196.8000030517578,198.11000061035156,163.60806274414062,142557000,0.0,0.0,0.0
2014-10-30,197.5800018310547,199.9499969482422,197.39999389648438,199.3800048828125,164.65692138671875,113330000,0.0,0.0,0.0
2014-10-31,201.77999877929688,201.82000732421875,200.77000427246094,201.66000366210938,166.53982543945312,146903000,0.0,0.0,0.0
2014-11-03,201.9199981689453,202.4499969482422,201.30999755859375,201.77000427246094,166.63064575195312,93600000,0.0,0.0,0.0
2014-11-04,201.22999572753906,201.60000610351562,200.05999755859375,201.07000732421875,166.05258178710938,93343000,0.0,0.0,0.0
2014-11-05,202.5399932861328,202.58999633789062,201.4499969482422,202.33999633789062,167.10142517089844,91709000,0.0,0.0,0.0
2014-11-06,202.38999938964844,203.25999450683594,201.63999938964844,203.14999389648438,167.77037048339844,107089000,0.0,0.0,0.0
2014-11-07,203.1699981689453,203.60000610351562,202.61000061035156,203.33999633789062,167.92723083496094,89540000,0.0,0.0,0.0
2014-11-10,203.3800048828125,204.0399932861328,203.1300048828125,203.97999572753906,168.4557647705078,66319000,0.0,0.0,0.0
2014-11-11,204.05999755859375,204.30999755859375,203.64999389648438,204.17999267578125,168.62094116210938,54499400,0.0,0.0,0.0
2014-11-12,203.35000610351562,204.24000549316406,203.30999755859375,203.9600067138672,168.4392852783203,90120300,0.0,0.0,0.0
2014-11-13,204.16000366210938,204.8300018310547,203.2100067138672,204.19000244140625,168.62921142578125,85357900,0.0,0.0,0.0
2014-11-14,204.10000610351562,204.49000549316406,203.72000122070312,204.24000549316406,168.6705322265625,80417500,0.0,0.0,0.0
2014-11-17,203.85000610351562,204.5800018310547,203.64999389648438,204.3699951171875,168.7779083251953,80441000,0.0,0.0,0.0
2014-11-18,204.44000244140625,205.9199981689453,204.44000244140625,205.5500030517578,169.7523193359375,76068100,0.0,0.0,0.0
2014-11-19,205.30999755859375,205.5500030517578,204.3000030517578,205.22000122070312,169.4798583984375,82373000,0.0,0.0,0.0
2014-11-20,204.25999450683594,205.7100067138672,204.17999267578125,205.5800018310547,169.77706909179688,72840300,0.0,0.0,0.0
2014-11-21,207.63999938964844,207.83999633789062,205.97999572753906,206.67999267578125,170.68556213378906,142327300,0.0,0.0,0.0
2014-11-24,207.1699981689453,207.38999938964844,206.91000366210938,207.25999450683594,171.16456604003906,65880800,0.0,0.0,0.0
2014-11-25,207.5399932861328,207.7899932861328,206.8000030517578,207.11000061035156,171.04066467285156,79108300,0.0,0.0,0.0
2014-11-26,207.2899932861328,207.75999450683594,207.02999877929688,207.63999938964844,171.47836303710938,62167800,0.0,0.0,0.0
2014-11-28,207.49000549316406,207.8699951171875,206.91000366210938,207.1999969482422,171.11500549316406,57890100,0.0,0.0,0.0
2014-12-01,206.39999389648438,206.5399932861328,205.3800048828125,205.75999450683594,169.92581176757812,103968400,0.0,0.0,0.0
2014-12-02,205.80999755859375,207.33999633789062,205.77999877929688,207.08999633789062,171.024169921875,74507200,0.0,0.0,0.0
2014-12-03,207.3000030517578,208.14999389648438,207.10000610351562,207.88999938964844,171.68484497070312,68952000,0.0,0.0,0.0
2014-12-04,207.5399932861328,208.27000427246094,206.6999969482422,207.66000366210938,171.49493408203125,91316600,0.0,0.0,0.0
2014-12-05,207.8699951171875,208.47000122070312,207.5500030517578,208.0,171.77569580078125,91025500,0.0,0.0,0.0
2014-12-08,207.52000427246094,208.1199951171875,205.92999267578125,206.61000061035156,170.6277313232422,108588200,0.0,0.0,0.0
2014-12-09,204.3699951171875,206.60000610351562,203.91000366210938,206.47000122070312,170.5121307373047,125180100,0.0,0.0,0.0
2014-12-10,205.91000366210938,205.97999572753906,202.92999267578125,203.16000366210938,167.778564453125,159856400,0.0,0.0,0.0
2014-12-11,203.8800048828125,206.19000244140625,203.7100067138672,204.19000244140625,168.62921142578125,159012800,0.0,0.0,0.0
2014-12-12,202.63999938964844,203.82000732421875,200.85000610351562,200.88999938964844,165.90390014648438,202330200,0.0,0.0,0.0
2014-12-15,201.97999572753906,202.52999877929688,198.77999877929688,199.50999450683594,164.7642822265625,189965800,0.0,0.0,0.0
2014-12-16,198.5800018310547,202.39999389648438,197.86000061035156,197.91000366210938,163.44296264648438,259543800,0.0,0.0,0.0
2014-12-17,198.44000244140625,202.33999633789062,198.2899932861328,201.7899932861328,166.6471710205078,253910100,0.0,0.0,0.0
2014-12-18,204.74000549316406,212.97000122070312,203.9199981689453,206.77999877929688,170.76815795898438,257633900,0.0,0.0,0.0
2014-12-19,206.42999267578125,207.3300018310547,205.61000061035156,206.52000427246094,171.49481201171875,245084600,1.135,0.0,0.0
2014-12-22,206.75,207.47000122070312,206.4600067138672,207.47000122070312,172.2836151123047,148318900,0.0,0.0,0.0
2014-12-23,208.1699981689453,208.22999572753906,207.39999389648438,207.75,172.51614379882812,122167900,0.0,0.0,0.0
2014-12-24,208.02000427246094,208.33999633789062,207.72000122070312,207.77000427246094,172.5327911376953,42963400,0.0,0.0,0.0
2014-12-26,208.30999755859375,208.85000610351562,208.25,208.44000244140625,173.0891571044922,57326700,0.0,0.0,0.0
2014-12-29,208.22000122070312,208.97000122070312,208.13999938964844,208.72000122070312,173.3216552734375,79643900,0.0,0.0,0.0
2014-12-30,208.2100067138672,208.3699951171875,207.50999450683594,207.60000610351562,172.39163208007812,73540800,0.0,0.0,0.0
2014-12-31,207.99000549316406,208.19000244140625,205.38999938964844,205.5399932861328,170.68096923828125,130333800,0.0,0.0,0.0
2015-01-02,206.3800048828125,206.8800048828125,204.17999267578125,205.42999267578125,170.58961486816406,121465900,0.0,0.0,0.0
2015-01-05,204.1699981689453,204.3699951171875,201.35000610351562,201.72000122070312,167.5088653564453,169632600,0.0,0.0,0.0
2015-01-06,202.08999633789062,202.72000122070312,198.86000061035156,199.82000732421875,165.9311065673828,209151400,0.0,0.0,0.0
2015-01-07,201.4199981689453,202.72000122070312,200.8800048828125,202.30999755859375,167.99874877929688,125346700,0.0,0.0,0.0
2015-01-08,204.00999450683594,206.16000366210938,203.99000549316406,205.89999389648438,170.9799041748047,147217800,0.0,0.0,0.0
2015-01-09,206.39999389648438,206.4199981689453,203.50999450683594,204.25,169.60971069335938,158567300,0.0,0.0,0.0
2015-01-12,204.41000366210938,204.60000610351562,201.9199981689453,202.64999389648438,168.28109741210938,144396100,0.0,0.0,0.0
2015-01-13,204.1199951171875,205.47999572753906,200.50999450683594,202.0800018310547,167.80775451660156,214553300,0.0,0.0,0.0
2015-01-14,199.64999389648438,201.10000610351562,198.57000732421875,200.86000061035156,166.79473876953125,192991100,0.0,0.0,0.0
2015-01-15,201.6300048828125,202.00999450683594,198.8800048828125,199.02000427246094,165.26675415039062,176613900,0.0,0.0,0.0
2015-01-16,198.77000427246094,201.82000732421875,198.5500030517578,201.6300048828125,167.43411254882812,211879600,0.0,0.0,0.0
2015-01-20,202.39999389648438,202.72000122070312,200.1699981689453,202.05999755859375,167.79115295410156,130991100,0.0,0.0,0.0
2015-01-21,201.5,203.66000366210938,200.94000244140625,203.0800018310547,168.63812255859375,122942700,0.0,0.0,0.0
2015-01-22,203.99000549316406,206.25999450683594,202.3300018310547,206.10000610351562,171.14598083496094,174356000,0.0,0.0,0.0
2015-01-23,205.7899932861328,206.10000610351562,204.80999755859375,204.97000122070312,170.20758056640625,117516800,0.0,0.0,0.0
2015-01-26,204.7100067138672,205.55999755859375,203.85000610351562,205.4499969482422,170.6062774658203,92009700,0.0,0.0,0.0
2015-01-27,202.97000122070312,204.1199951171875,201.74000549316406,202.74000549316406,168.35586547851562,134044600,0.0,0.0,0.0
2015-01-28,204.1699981689453,204.2899932861328,199.91000366210938,200.13999938964844,166.1968231201172,168514300,0.0,0.0,0.0
2015-01-29,200.3800048828125,202.3000030517578,198.67999267578125,201.99000549316406,167.73301696777344,173585400,0.0,0.0,0.0
2015-01-30,200.57000732421875,202.1699981689453,199.1300048828125,199.4499969482422,165.62380981445312,197729700,0.0,0.0,0.0
2015-02-02,200.0500030517578,202.02999877929688,197.86000061035156,201.9199981689453,167.67491149902344,163107000,0.0,0.0,0.0
2015-02-03,203.0,204.85000610351562,202.5500030517578,204.83999633789062,170.09963989257812,124212900,0.0,0.0,0.0
2015-02-04,203.9199981689453,205.3800048828125,203.50999450683594,204.05999755859375,169.45196533203125,134306700,0.0,0.0,0.0
2015-02-05,204.86000061035156,206.3000030517578,204.77000427246094,206.1199951171875,171.16259765625,97953200,0.0,0.0,0.0
2015-02-06,206.55999755859375,207.24000549316406,204.9199981689453,205.5500030517578,170.6892547607422,125672000,0.0,0.0,0.0
2015-02-09,204.77000427246094,205.63999938964844,204.13999938964844,204.6300048828125,169.92529296875,87219000,0.0,0.0,0.0
2015-02-10,205.8800048828125,207.1199951171875,204.67999267578125,206.80999755859375,171.735595703125,96164200,0.0,0.0,0.0
2015-02-11,206.61000061035156,207.4499969482422,205.8300018310547,206.92999267578125,171.835205078125,91087800,0.0,0.0,0.0
2015-02-12,207.88999938964844,208.99000549316406,206.97000122070312,208.9199981689453,173.48773193359375,97545900,0.0,0.0,0.0
2015-02-13,209.07000732421875,209.83999633789062,208.75999450683594,209.77999877929688,174.2018585205078,93670400,0.0,0.0,0.0
2015-02-17,209.39999389648438,210.32000732421875,209.10000610351562,210.11000061035156,174.47589111328125,76968200,0.0,0.0,0.0
2015-02-18,209.66000366210938,210.22000122070312,209.33999633789062,210.1300048828125,174.49249267578125,80652900,0.0,0.0,0.0
2015-02-19,209.41000366210938,210.4199981689453,209.24000549316406,209.97999572753906,174.367919921875,91462500,0.0,0.0,0.0
2015-02-20,209.47999572753906,211.3300018310547,208.72999572753906,211.24000549316406,175.414306640625,140896400,0.0,0.0,0.0
2015-02-23,210.94000244140625,211.2100067138672,210.47999572753906,211.2100067138672,175.3893280029297,74411100,0.0,0.0,0.0
2015-02-24,211.1199951171875,212.0500030517578,210.75999450683594,211.80999755859375,175.88760375976562,72472300,0.0,0.0,0.0
2015-02-25,211.66000366210938,212.24000549316406,211.22000122070312,211.6300048828125,175.738037109375,73061700,0.0,0.0,0.0
2015-02-26,211.52000427246094,211.7100067138672,210.64999389648438,211.3800048828125,175.53053283691406,72697900,0.0,0.0,0.0
2015-02-27,211.25999450683594,211.5800018310547,210.60000610351562,210.66000366210938,174.93260192871094,108076000,0.0,0.0,0.0
2015-03-02,210.77999877929688,212.05999755859375,210.72000122070312,211.99000549316406,176.03707885742188,87491400,0.0,0.0,0.0
2015-03-03,211.47000122070312,212.0500030517578,210.0800018310547,211.1199951171875,175.31459045410156,110325800,0.0,0.0,0.0
2015-03-04,210.39999389648438,210.49000549316406,209.05999755859375,210.22999572753906,174.57554626464844,114497200,0.0,0.0,0.0
2015-03-05,210.6199951171875,210.8000030517578,209.85000610351562,210.4600067138672,174.76657104492188,76873000,0.0,0.0,0.0
2015-03-06,209.4199981689453,209.94000244140625,207.10000610351562,207.5,172.30859375,188128000,0.0,0.0,0.0
2015-03-09,207.74000549316406,208.7899932861328,207.5500030517578,208.36000061035156,173.02268981933594,89818900,0.0,0.0,0.0
2015-03-10,206.7100067138672,206.80999755859375,204.92999267578125,204.97999572753906,170.2159423828125,157121300,0.0,0.0,0.0
2015-03-11,205.2899932861328,205.5,204.39999389648438,204.5,169.81735229492188,110145700,0.0,0.0,0.0
2015-03-12,205.25999450683594,207.17999267578125,205.1999969482422,207.10000610351562,171.9764404296875,93993500,0.0,0.0,0.0
2015-03-13,206.77000427246094,207.92999267578125,204.5800018310547,205.8300018310547,170.9217987060547,162410900,0.0,0.0,0.0
2015-03-16,206.7100067138672,208.69000244140625,205.86000061035156,208.5800018310547,173.20542907714844,136099200,0.0,0.0,0.0
2015-03-17,207.69000244140625,208.4199981689453,206.97999572753906,207.9600067138672,172.6905059814453,94510400,0.0,0.0,0.0
2015-03-18,207.38999938964844,211.27000427246094,206.6199951171875,210.4600067138672,174.76657104492188,228808500,0.0,0.0,0.0
2015-03-19,209.9600067138672,210.47000122070312,209.02999877929688,209.5,173.96937561035156,117917300,0.0,0.0,0.0
2015-03-20,209.7100067138672,211.02000427246094,209.49000549316406,210.41000366210938,175.50494384765625,177715100,0.931,0.0,0.0
2015-03-23,210.4199981689453,211.11000061035156,210.0,210.0,175.1629180908203,71784500,0.0,0.0,0.0
2015-03-24,209.85000610351562,210.39999389648438,208.74000549316406,208.82000732421875,174.17869567871094,77805300,0.0,0.0,0.0
2015-03-25,209.07000732421875,209.35000610351562,205.7100067138672,205.75999450683594,171.62635803222656,159521700,0.0,0.0,0.0
2015-03-26,204.9600067138672,206.3699951171875,204.1199951171875,205.27000427246094,171.2176055908203,153067200,0.0,0.0,0.0
2015-03-27,205.1300048828125,205.9499969482422,204.89999389648438,205.74000549316406,171.6096954345703,118939000,0.0,0.0,0.0
2015-03-30,206.97999572753906,208.61000061035156,206.9600067138672,208.25,173.70326232910156,96180400,0.0,0.0,0.0
2015-03-31,207.25999450683594,208.10000610351562,206.36000061035156,206.42999267578125,172.18519592285156,126768700,0.0,0.0,0.0
2015-04-01,206.38999938964844,206.4199981689453,204.50999450683594,205.6999969482422,171.5762939453125,137303600,0.0,0.0,0.0
2015-04-02,205.6199951171875,206.97999572753906,205.39999389648438,206.44000244140625,172.1935577392578,86900900,0.0,0.0,0.0
2015-04-06,205.3699951171875,208.4499969482422,205.2100067138672,207.8300018310547,173.35292053222656,114368200,0.0,0.0,0.0
2015-04-07,207.86000061035156,208.75999450683594,207.24000549316406,207.27999877929688,172.89413452148438,81236300,0.0,0.0,0.0
2015-04-08,207.5500030517578,208.50999450683594,207.0800018310547,207.97999572753906,173.4780731201172,89351900,0.0,0.0,0.0
2015-04-09,207.77999877929688,209.17999267578125,207.19000244140625,208.89999389648438,174.24545288085938,85548900,0.0,0.0,0.0
2015-04-10,209.1999969482422,210.08999633789062,208.9600067138672,210.0399932861328,175.19631958007812,72722900,0.0,0.0,0.0
2015-04-13,209.8699951171875,210.6300048828125,209.02999877929688,209.08999633789062,174.4039306640625,74436600,0.0,0.0,0.0
2015-04-14,208.85000610351562,209.7100067138672,208.10000610351562,209.49000549316406,174.73760986328125,75099900,0.0,0.0,0.0
2015-04-15,210.0500030517578,211.0399932861328,209.9499969482422,210.42999267578125,175.52163696289062,99529300,0.0,0.0,0.0
2015-04-16,210.02999877929688,210.97999572753906,209.7899932861328,210.3699951171875,175.47152709960938,68934900,0.0,0.0,0.0
2015-04-17,208.94000244140625,209.22999572753906,207.00999450683594,207.9499969482422,173.45301818847656,191113200,0.0,0.0,0.0
2015-04-20,209.05999755859375,210.25,208.9600067138672,209.85000610351562,175.03787231445312,92189500,0.0,0.0,0.0
2015-04-21,210.6699981689453,210.86000061035156,209.24000549316406,209.60000610351562,174.829345703125,72559800,0.0,0.0,0.0
2015-04-22,210.00999450683594,210.85000610351562,208.89999389648438,210.6300048828125,175.68849182128906,78264600,0.0,0.0,0.0
2015-04-23,210.14999389648438,211.94000244140625,210.00999450683594,211.16000366210938,176.1305389404297,102585900,0.0,0.0,0.0
2015-04-24,211.66000366210938,211.97000122070312,211.11000061035156,211.64999389648438,176.53924560546875,61327400,0.0,0.0,0.0
2015-04-27,212.3300018310547,212.47999572753906,210.5399932861328,210.77000427246094,175.80523681640625,79358100,0.0,0.0,0.0
2015-04-28,210.74000549316406,211.5,209.3300018310547,211.44000244140625,176.3640594482422,86863500,0.0,0.0,0.0
2015-04-29,210.3699951171875,211.2899932861328,209.60000610351562,210.57000732421875,175.6383819580078,125684900,0.0,0.0,0.0
2015-04-30,209.8800048828125,210.35000610351562,207.6199951171875,208.4600067138672,173.87843322753906,161304900,0.0,0.0,0.0
2015-05-01,209.39999389648438,210.77000427246094,209.27999877929688,210.72000122070312,175.7634735107422,103399700,0.0,0.0,0.0
2015-05-04,211.22999572753906,212.02000427246094,211.10000610351562,211.32000732421875,176.26397705078125,70927200,0.0,0.0,0.0
2015-05-05,211.02999877929688,211.4600067138672,208.72999572753906,208.89999389648438,174.24545288085938,113326200,0.0,0.0,0.0
2015-05-06,209.55999755859375,209.92999267578125,206.75999450683594,208.0399932861328,173.52816772460938,135060200,0.0,0.0,0.0
2015-05-07,207.9199981689453,209.3800048828125,207.52000427246094,208.8699951171875,174.22042846679688,88244900,0.0,0.0,0.0
2015-05-08,210.8800048828125,211.86000061035156,210.77999877929688,211.6199951171875,176.51425170898438,155877300,0.0,0.0,0.0
2015-05-11,211.57000732421875,211.88999938964844,210.52000427246094,210.61000061035156,175.67173767089844,75708100,0.0,0.0,0.0
2015-05-12,209.61000061035156,210.6300048828125,208.6199951171875,209.97999572753906,175.1462860107422,119727600,0.0,0.0,0.0
2015-05-13,210.47000122070312,211.22000122070312,209.74000549316406,210.02000427246094,175.17965698242188,94667900,0.0,0.0,0.0
2015-05-14,211.24000549316406,212.32000732421875,210.91000366210938,212.2100067138672,177.00637817382812,95934000,0.0,0.0,0.0
2015-05-15,212.44000244140625,212.61000061035156,211.86000061035156,212.44000244140625,177.19815063476562,76510100,0.0,0.0,0.0
2015-05-18,212.24000549316406,213.39999389648438,212.16000366210938,213.10000610351562,177.7487030029297,74549700,0.0,0.0,0.0
2015-05-19,213.24000549316406,213.57000732421875,212.69000244140625,213.02999877929688,177.6902618408203,72114600,0.0,0.0,0.0
2015-05-20,213.14999389648438,213.77999877929688,212.5,212.8800048828125,177.5652313232422,76857500,0.0,0.0,0.0
2015-05-21,212.7100067138672,213.75,212.50999450683594,213.5,178.08230590820312,64764600,0.0,0.0,0.0
2015-05-22,213.0399932861328,213.5399932861328,212.91000366210938,212.99000549316406,177.65692138671875,57433500,0.0,0.0,0.0
2015-05-26,212.39999389648438,212.91000366210938,210.1999969482422,210.6999969482422,175.746826171875,124308600,0.0,0.0,0.0
2015-05-27,211.25,212.97999572753906,210.75999450683594,212.6999969482422,177.41505432128906,93214000,0.0,0.0,0.0
2015-05-28,212.3300018310547,212.58999633789062,211.6300048828125,212.4600067138672,177.2149200439453,74974600,0.0,0.0,0.0
2015-05-29,212.3800048828125,212.42999267578125,210.82000732421875,211.13999938964844,176.11387634277344,124919600,0.0,0.0,0.0
2015-06-01,211.94000244140625,212.33999633789062,210.6199951171875,211.57000732421875,176.4725341796875,93338800,0.0,0.0,0.0
2015-06-02,211.02000427246094,212.19000244140625,210.27000427246094,211.36000061035156,176.29737854003906,91531000,0.0,0.0,0.0
2015-06-03,212.0,212.6699981689453,211.3300018310547,211.9199981689453,176.76451110839844,87820900,0.0,0.0,0.0
2015-06-04,211.07000732421875,211.86000061035156,209.75,210.1300048828125,175.27139282226562,151882800,0.0,0.0,0.0
2015-06-05,209.9499969482422,210.5800018310547,208.97999572753906,209.77000427246094,174.97116088867188,121704700,0.0,0.0,0.0
2015-06-08,209.63999938964844,209.82000732421875,208.38999938964844,208.47999572753906,173.89515686035156,89063300,0.0,0.0,0.0
2015-06-09,208.4499969482422,209.10000610351562,207.69000244140625,208.4499969482422,173.87013244628906,105034700,0.0,0.0,0.0
2015-06-10,209.3699951171875,211.41000366210938,209.3000030517578,210.9499969482422,175.9553985595703,134551300,0.0,0.0,0.0
2015-06-11,211.47999572753906,212.08999633789062,211.1999969482422,211.6300048828125,176.5225067138672,73876400,0.0,0.0,0.0
2015-06-12,210.63999938964844,211.47999572753906,209.67999267578125,210.00999450683594,175.1713409423828,135382400,0.0,0.0,0.0
2015-06-15,208.63999938964844,209.4499969482422,207.7899932861328,209.11000061035156,174.42059326171875,124384200,0.0,0.0,0.0
2015-06-16,208.92999267578125,210.35000610351562,208.72000122070312,210.25,175.37149047851562,85308200,0.0,0.0,0.0
2015-06-17,210.58999633789062,211.32000732421875,209.36000061035156,210.58999633789062,175.65513610839844,126708600,0.0,0.0,0.0
2015-06-18,211.30999755859375,213.33999633789062,210.6300048828125,212.77999877929688,177.48175048828125,165867900,0.0,0.0,0.0
2015-06-19,211.4600067138672,211.5500030517578,210.36000061035156,210.80999755859375,176.6939239501953,130478700,1.03,0.0,0.0
2015-06-22,211.91000366210938,212.58999633789062,211.63999938964844,211.88999938964844,177.5991668701172,70696000,0.0,0.0,0.0
2015-06-23,212.13999938964844,212.44000244140625,211.57000732421875,212.0399932861328,177.724853515625,68476800,0.0,0.0,0.0
2015-06-24,211.72000122070312,212.1699981689453,210.47000122070312,210.5,176.4340362548828,92307300,0.0,0.0,0.0
2015-06-25,211.10000610351562,211.25,209.77000427246094,209.86000061035156,175.89761352539062,97107400,0.0,0.0,0.0
2015-06-26,210.2899932861328,210.5800018310547,209.16000366210938,209.82000732421875,175.8641357421875,104174800,0.0,0.0,0.0
2015-06-29,208.0500030517578,209.8300018310547,205.3300018310547,205.4199981689453,172.17616271972656,202621300,0.0,0.0,0.0
2015-06-30,207.25999450683594,207.32000732421875,205.27999877929688,205.85000610351562,172.53662109375,182925100,0.0,0.0,0.0
2015-07-01,207.72999572753906,208.02999877929688,206.55999755859375,207.5,173.91961669921875,135979900,0.0,0.0,0.0
2015-07-02,208.07000732421875,208.27000427246094,206.80999755859375,207.30999755859375,173.76034545898438,104373700,0.0,0.0,0.0
2015-07-06,205.77000427246094,207.64999389648438,205.52999877929688,206.72000122070312,173.26580810546875,117975400,0.0,0.0,0.0
2015-07-07,206.9600067138672,208.1699981689453,204.11000061035156,208.02000427246094,174.3554229736328,173820200,0.0,0.0,0.0
2015-07-08,206.4199981689453,206.75999450683594,204.25,204.52999877929688,171.4302978515625,164020100,0.0,0.0,0.0
2015-07-09,207.0399932861328,207.35000610351562,204.77000427246094,204.89999389648438,171.7403564453125,144113100,0.0,0.0,0.0
2015-07-10,207.2899932861328,207.97999572753906,204.9499969482422,207.47999572753906,173.90281677246094,129456900,0.0,0.0,0.0
2015-07-13,208.99000549316406,209.89999389648438,208.94000244140625,209.77000427246094,175.82223510742188,106069400,0.0,0.0,0.0
2015-07-14,209.72000122070312,211.0500030517578,209.64999389648438,210.67999267578125,176.58493041992188,81709600,0.0,0.0,0.0
2015-07-15,210.72999572753906,211.27999877929688,210.0399932861328,210.61000061035156,176.52627563476562,97914100,0.0,0.0,0.0
2015-07-16,211.8699951171875,212.3000030517578,211.5800018310547,212.3000030517578,177.9427947998047,106683300,0.0,0.0,0.0
2015-07-17,212.2899932861328,212.5500030517578,211.8000030517578,212.47999572753906,178.09364318847656,89030000,0.0,0.0,0.0
2015-07-20,212.75,213.17999267578125,212.2100067138672,212.58999633789062,178.1858367919922,70446800,0.0,0.0,0.0
2015-07-21,212.42999267578125,212.74000549316406,211.38999938964844,211.75,177.4817657470703,77965000,0.0,0.0,0.0
2015-07-22,210.92999267578125,211.77000427246094,210.88999938964844,211.3699951171875,177.16329956054688,88667900,0.0,0.0,0.0
2015-07-23,211.52999877929688,211.64999389648438,209.75,210.17999267578125,176.16586303710938,90509100,0.0,0.0,0.0
2015-07-24,210.3000030517578,210.3699951171875,207.60000610351562,208.0,174.3386688232422,117755000,0.0,0.0,0.0
2015-07-27,206.94000244140625,207.5500030517578,206.25999450683594,206.7899932861328,173.3245086669922,132361100,0.0,0.0,0.0
2015-07-28,207.7899932861328,209.5,206.8000030517578,209.3300018310547,175.4534454345703,123544800,0.0,0.0,0.0
2015-07-29,209.47999572753906,211.0399932861328,209.30999755859375,210.77000427246094,176.66036987304688,105791300,0.0,0.0,0.0
2015-07-30,210.16000366210938,211.02000427246094,209.4199981689453,210.82000732421875,176.70230102539062,91304400,0.0,0.0,0.0
2015-07-31,211.4199981689453,211.4499969482422,210.16000366210938,210.5,176.4340362548828,103266900,0.0,0.0,0.0
2015-08-03,210.4600067138672,210.52999877929688,208.64999389648438,209.7899932861328,175.8389892578125,113965700,0.0,0.0,0.0
2015-08-04,209.6999969482422,210.25,208.8000030517578,209.3800048828125,175.49533081054688,81820800,0.0,0.0,0.0
2015-08-05,210.4499969482422,211.30999755859375,209.72999572753906,210.07000732421875,176.07371520996094,85786800,0.0,0.0,0.0
2015-08-06,210.2899932861328,210.4199981689453,207.64999389648438,208.35000610351562,174.63204956054688,116030800,0.0,0.0,0.0
2015-08-07,208.16000366210938,208.33999633789062,206.8699951171875,207.9499969482422,174.29672241210938,117858000,0.0,0.0,0.0
2015-08-10,209.27999877929688,210.6699981689453,209.27999877929688,210.57000732421875,176.4927215576172,80270700,0.0,0.0,0.0
2015-08-11,208.97000122070312,209.47000122070312,207.75999450683594,208.6699981689453,174.9002685546875,126081400,0.0,0.0,0.0
2015-08-12,207.11000061035156,209.13999938964844,205.36000061035156,208.9199981689453,175.1097869873047,172123700,0.0,0.0,0.0
2015-08-13,208.72999572753906,209.5500030517578,208.00999450683594,208.66000366210938,174.8918914794922,89383300,0.0,0.0,0.0
2015-08-14,208.42999267578125,209.50999450683594,208.25999450683594,209.4199981689453,175.5288848876953,72786500,0.0,0.0,0.0
2015-08-17,208.7100067138672,210.58999633789062,208.16000366210938,210.58999633789062,176.50953674316406,79072600,0.0,0.0,0.0
2015-08-18,210.25999450683594,210.67999267578125,209.6999969482422,209.97999572753906,175.99822998046875,71692700,0.0,0.0,0.0
2015-08-19,209.08999633789062,210.00999450683594,207.35000610351562,208.32000732421875,174.60690307617188,172946000,0.0,0.0,0.0
2015-08-20,206.50999450683594,208.2899932861328,203.89999389648438,203.97000122070312,170.9608612060547,194327900,0.0,0.0,0.0
2015-08-21,201.72999572753906,203.94000244140625,197.52000427246094,197.8300018310547,165.8145294189453,346588500,0.0,0.0,0.0
2015-08-24,187.49000549316406,197.47999572753906,182.39999389648438,189.5,158.83262634277344,507244300,0.0,0.0,0.0
2015-08-25,195.42999267578125,195.4499969482422,186.9199981689453,187.27000427246094,156.96348571777344,369833100,0.0,0.0,0.0
2015-08-26,192.0800018310547,194.7899932861328,188.3699951171875,194.4600067138672,162.98988342285156,339257000,0.0,0.0,0.0
2015-08-27,197.02000427246094,199.4199981689453,195.2100067138672,199.27000427246094,167.0214385986328,274143900,0.0,0.0,0.0
2015-08-28,198.5,199.83999633789062,197.9199981689453,199.27999877929688,167.02989196777344,160414400,0.0,0.0,0.0
2015-08-31,198.11000061035156,199.1300048828125,197.00999450683594,197.6699981689453,165.68035888671875,163298800,0.0,0.0,0.0
2015-09-01,193.1199951171875,194.77000427246094,190.72999572753906,191.77000427246094,160.7352294921875,256000400,0.0,0.0,0.0
2015-09-02,194.6199951171875,195.4600067138672,192.4199981689453,195.41000366210938,163.78616333007812,160269300,0.0,0.0,0.0
2015-09-03,196.25999450683594,198.0500030517578,194.9600067138672,195.5500030517578,163.9035186767578,152087800,0.0,0.0,0.0
2015-09-04,192.85000610351562,193.86000061035156,191.61000061035156,192.58999633789062,161.42251586914062,207081000,0.0,0.0,0.0
2015-09-08,195.94000244140625,197.61000061035156,195.1699981689453,197.42999267578125,165.479248046875,116025700,0.0,0.0,0.0
2015-09-09,199.32000732421875,199.47000122070312,194.35000610351562,194.7899932861328,163.26646423339844,149347700,0.0,0.0,0.0
2015-09-10,194.55999755859375,197.22000122070312,194.25,195.85000610351562,164.1549530029297,158611100,0.0,0.0,0.0
2015-09-11,195.3800048828125,196.82000732421875,194.52999877929688,196.74000549316406,164.90093994140625,119691200,0.0,0.0,0.0
2015-09-14,196.9499969482422,197.00999450683594,195.42999267578125,196.00999450683594,164.28909301757812,79452000,0.0,0.0,0.0
2015-09-15,196.61000061035156,198.99000549316406,195.9600067138672,198.4600067138672,166.3426055908203,113806200,0.0,0.0,0.0
2015-09-16,198.82000732421875,200.41000366210938,198.41000366210938,200.17999267578125,167.7841796875,99581600,0.0,0.0,0.0
2015-09-17,200.02000427246094,202.88999938964844,199.27999877929688,199.72999572753906,167.40701293945312,276046600,0.0,0.0,0.0
2015-09-18,195.7100067138672,198.67999267578125,194.9600067138672,195.4499969482422,164.6713409423828,223657500,1.033,0.0,0.0
2015-09-21,196.44000244140625,197.67999267578125,195.2100067138672,196.4600067138672,165.52232360839844,105726200,0.0,0.0,0.0
2015-09-22,193.8800048828125,194.4600067138672,192.55999755859375,193.91000366210938,163.3738250732422,153890900,0.0,0.0,0.0
2015-09-23,194.11000061035156,194.6699981689453,192.91000366210938,193.60000610351562,163.1127166748047,92790600,0.0,0.0,0.0
2015-09-24,192.14999389648438,193.4499969482422,190.55999755859375,192.89999389648438,162.52293395996094,159378800,0.0,0.0,0.0
2015-09-25,194.63999938964844,195.0,191.80999755859375,192.85000610351562,162.48081970214844,155054800,0.0,0.0,0.0
2015-09-28,191.77999877929688,191.91000366210938,187.63999938964844,188.00999450683594,158.40296936035156,178515900,0.0,0.0,0.0
2015-09-29,188.27000427246094,189.74000549316406,186.92999267578125,188.1199951171875,158.49563598632812,159045600,0.0,0.0,0.0
2015-09-30,190.3699951171875,191.8300018310547,189.44000244140625,191.6300048828125,161.45291137695312,163452000,0.0,0.0,0.0
2015-10-01,192.0800018310547,192.49000549316406,189.82000732421875,192.1300048828125,161.87417602539062,131079000,0.0,0.0,0.0
2015-10-02,189.77000427246094,195.02999877929688,189.1199951171875,195.0,164.29222106933594,211003300,0.0,0.0,0.0
2015-10-05,196.4600067138672,198.74000549316406,196.3300018310547,198.47000122070312,167.2158203125,126320800,0.0,0.0,0.0
2015-10-06,198.30999755859375,198.97999572753906,197.0,197.7899932861328,166.64283752441406,110274500,0.0,0.0,0.0
2015-10-07,198.89999389648438,199.8300018310547,197.47999572753906,199.41000366210938,168.0077667236328,124307300,0.0,0.0,0.0
2015-10-08,198.9499969482422,201.5500030517578,198.58999633789062,201.2100067138672,169.5242919921875,153055200,0.0,0.0,0.0
2015-10-09,201.3800048828125,201.89999389648438,200.5800018310547,201.3300018310547,169.6253662109375,107069200,0.0,0.0,0.0
2015-10-12,201.4199981689453,201.75999450683594,200.91000366210938,201.52000427246094,169.78549194335938,56395600,0.0,0.0,0.0
2015-10-13,200.64999389648438,202.16000366210938,200.0500030517578,200.25,168.71543884277344,88038700,0.0,0.0,0.0
2015-10-14,200.17999267578125,200.8699951171875,198.94000244140625,199.2899932861328,167.9066162109375,99106200,0.0,0.0,0.0
2015-10-15,200.0800018310547,202.36000061035156,199.63999938964844,202.35000610351562,170.48472595214844,134142200,0.0,0.0,0.0
2015-10-16,202.8300018310547,203.2899932861328,201.9199981689453,203.27000427246094,171.25987243652344,114580100,0.0,0.0,0.0
2015-10-19,202.5,203.3699951171875,202.1300048828125,203.3699951171875,171.34413146972656,76523900,0.0,0.0,0.0
2015-10-20,202.85000610351562,203.83999633789062,202.5500030517578,203.11000061035156,171.1250762939453,78448500,0.0,0.0,0.0
2015-10-21,203.61000061035156,203.7899932861328,201.64999389648438,201.85000610351562,170.0635223388672,102038000,0.0,0.0,0.0
2015-10-22,202.97999572753906,205.50999450683594,201.85000610351562,205.25999450683594,172.93653869628906,174911700,0.0,0.0,0.0
2015-10-23,207.25,207.9499969482422,206.3000030517578,207.50999450683594,174.8321990966797,144442300,0.0,0.0,0.0
2015-10-26,207.3000030517578,207.3699951171875,206.55999755859375,207.0,174.4025421142578,69033000,0.0,0.0,0.0
2015-10-27,206.1999969482422,207.0,205.7899932861328,206.60000610351562,174.06553649902344,77905800,0.0,0.0,0.0
2015-10-28,207.0,208.97999572753906,206.2100067138672,208.9499969482422,176.04541015625,135906700,0.0,0.0,0.0
2015-10-29,208.35000610351562,209.27000427246094,208.2100067138672,208.8300018310547,175.94435119628906,90525500,0.0,0.0,0.0
2015-10-30,209.05999755859375,209.44000244140625,207.74000549316406,207.92999267578125,175.18606567382812,131076900,0.0,0.0,0.0
2015-11-02,208.32000732421875,210.6199951171875,208.1699981689453,210.38999938964844,177.25868225097656,86270800,0.0,0.0,0.0
2015-11-03,209.97000122070312,211.66000366210938,209.6999969482422,211.0,177.7726287841797,95246100,0.0,0.0,0.0
2015-11-04,211.35000610351562,211.5,209.72000122070312,210.36000061035156,177.23341369628906,96224500,0.0,0.0,0.0
2015-11-05,210.42999267578125,210.97999572753906,209.08999633789062,210.14999389648438,177.0564422607422,78408700,0.0,0.0,0.0
2015-11-06,209.74000549316406,210.32000732421875,208.4600067138672,210.0399932861328,176.9637908935547,110471500,0.0,0.0,0.0
2015-11-09,209.30999755859375,209.49000549316406,206.9499969482422,208.0800018310547,175.3124237060547,131008700,0.0,0.0,0.0
2015-11-10,207.50999450683594,208.60000610351562,207.19000244140625,208.55999755859375,175.71685791015625,75874600,0.0,0.0,0.0
2015-11-11,208.8800048828125,208.94000244140625,207.66000366210938,207.74000549316406,175.0260009765625,67846000,0.0,0.0,0.0
2015-11-12,206.5,207.05999755859375,204.82000732421875,204.83999633789062,172.5826416015625,121315200,0.0,0.0,0.0
2015-11-13,204.35000610351562,204.6699981689453,202.44000244140625,202.5399932861328,170.6448211669922,153577100,0.0,0.0,0.0
2015-11-16,202.32000732421875,205.69000244140625,202.17999267578125,205.6199951171875,173.23976135253906,117645200,0.0,0.0,0.0
2015-11-17,205.99000549316406,207.0399932861328,204.8800048828125,205.47000122070312,173.11341857910156,121123700,0.0,0.0,0.0
2015-11-18,206.0399932861328,208.89999389648438,205.99000549316406,208.72999572753906,175.86004638671875,121342500,0.0,0.0,0.0
2015-11-19,208.58999633789062,209.0500030517578,208.1999969482422,208.5500030517578,175.7084197998047,88220500,0.0,0.0,0.0
2015-11-20,209.4499969482422,210.1199951171875,208.86000061035156,209.30999755859375,176.34872436523438,94011500,0.0,0.0,0.0
2015-11-23,209.3800048828125,209.97999572753906,208.52000427246094,209.07000732421875,176.146484375,64931200,0.0,0.0,0.0
2015-11-24,207.8699951171875,209.8300018310547,207.41000366210938,209.35000610351562,176.38238525390625,98874400,0.0,0.0,0.0
2015-11-25,209.5,209.74000549316406,209.00999450683594,209.32000732421875,176.35719299316406,51980100,0.0,0.0,0.0
2015-11-27,209.42999267578125,209.8000030517578,208.86000061035156,209.55999755859375,176.55943298339844,37317800,0.0,0.0,0.0
2015-11-30,209.75,209.88999938964844,208.55999755859375,208.69000244140625,175.8263702392578,112822700,0.0,0.0,0.0
2015-12-01,209.44000244140625,210.82000732421875,209.11000061035156,210.67999267578125,177.5029754638672,97858400,0.0,0.0,0.0
2015-12-02,210.6199951171875,211.0,208.22999572753906,208.52999877929688,175.69154357910156,108441300,0.0,0.0,0.0
2015-12-03,208.8300018310547,209.14999389648438,204.75,205.61000061035156,173.23141479492188,166224200,0.0,0.0,0.0
2015-12-04,205.61000061035156,209.97000122070312,205.61000061035156,209.6199951171875,176.60989379882812,192913900,0.0,0.0,0.0
2015-12-07,209.22999572753906,209.72999572753906,207.1999969482422,208.35000610351562,175.5399169921875,102027100,0.0,0.0,0.0
2015-12-08,206.49000549316406,208.2899932861328,205.77999877929688,206.9499969482422,174.36038208007812,103372400,0.0,0.0,0.0
2015-12-09,206.19000244140625,208.67999267578125,204.17999267578125,205.33999633789062,173.00390625,162401500,0.0,0.0,0.0
2015-12-10,205.4199981689453,207.42999267578125,205.13999938964844,205.8699951171875,173.45050048828125,116128900,0.0,0.0,0.0
2015-12-11,203.35000610351562,204.13999938964844,201.50999450683594,201.8800048828125,170.08877563476562,211173300,0.0,0.0,0.0
2015-12-14,202.07000732421875,203.0500030517578,199.9499969482422,202.89999389648438,170.94810485839844,182385200,0.0,0.0,0.0
2015-12-15,204.6999969482422,206.11000061035156,202.8699951171875,205.02999877929688,172.7427215576172,154069600,0.0,0.0,0.0
2015-12-16,206.3699951171875,208.38999938964844,204.8000030517578,208.02999877929688,175.27032470703125,197017000,0.0,0.0,0.0
2015-12-17,208.39999389648438,208.47999572753906,204.83999633789062,204.86000061035156,172.5994873046875,173092500,0.0,0.0,0.0
2015-12-18,202.77000427246094,202.92999267578125,199.8300018310547,200.02000427246094,169.52462768554688,251393500,1.212,0.0,0.0
2015-12-21,201.41000366210938,201.8800048828125,200.08999633789062,201.6699981689453,170.92303466796875,99094300,0.0,0.0,0.0
2015-12-22,202.72000122070312,203.85000610351562,201.5500030517578,203.5,172.4740753173828,111026200,0.0,0.0,0.0
2015-12-23,204.69000244140625,206.07000732421875,204.5800018310547,206.02000427246094,174.60984802246094,110987200,0.0,0.0,0.0
2015-12-24,205.72000122070312,206.3300018310547,205.4199981689453,205.67999267578125,174.32168579101562,48539600,0.0,0.0,0.0
2015-12-28,204.86000061035156,205.25999450683594,203.94000244140625,205.2100067138672,173.92333984375,65899900,0.0,0.0,0.0
2015-12-29,206.50999450683594,207.7899932861328,206.47000122070312,207.39999389648438,175.77943420410156,92640700,0.0,0.0,0.0
2015-12-30,207.11000061035156,207.2100067138672,205.75999450683594,205.92999267578125,174.5336151123047,63317700,0.0,0.0,0.0
2015-12-31,205.1300048828125,205.88999938964844,203.8699951171875,203.8699951171875,172.78762817382812,114877900,0.0,0.0,0.0
2016-01-04,200.49000549316406,201.02999877929688,198.58999633789062,201.02000427246094,170.37220764160156,222353500,0.0,0.0,0.0
2016-01-05,201.39999389648438,201.89999389648438,200.0500030517578,201.36000061035156,170.6603546142578,110845800,0.0,0.0,0.0
2016-01-06,198.33999633789062,200.05999755859375,197.60000610351562,198.82000732421875,168.5076141357422,152112600,0.0,0.0,0.0
2016-01-07,195.3300018310547,197.44000244140625,193.58999633789062,194.0500030517578,164.46484375,213436100,0.0,0.0,0.0
2016-01-08,195.19000244140625,195.85000610351562,191.5800018310547,191.9199981689453,162.65956115722656,209817200,0.0,0.0,0.0
2016-01-11,193.00999450683594,193.41000366210938,189.82000732421875,192.11000061035156,162.82061767578125,187941300,0.0,0.0,0.0
2016-01-12,193.82000732421875,194.5500030517578,191.13999938964844,193.66000366210938,164.13427734375,172330500,0.0,0.0,0.0
2016-01-13,194.4499969482422,194.86000061035156,188.3800048828125,188.8300018310547,160.04067993164062,221168900,0.0,0.0,0.0
2016-01-14,189.5500030517578,193.25999450683594,187.66000366210938,191.92999267578125,162.66806030273438,240795600,0.0,0.0,0.0
2016-01-15,186.77000427246094,188.75999450683594,185.52000427246094,187.80999755859375,159.1761932373047,324846400,0.0,0.0,0.0
2016-01-19,189.9600067138672,190.11000061035156,186.1999969482422,188.05999755859375,159.38807678222656,195244400,0.0,0.0,0.0
2016-01-20,185.02999877929688,187.5,181.02000427246094,185.64999389648438,157.34548950195312,286547800,0.0,0.0,0.0
2016-01-21,186.2100067138672,188.8699951171875,184.63999938964844,186.69000244140625,158.22694396972656,195772900,0.0,0.0,0.0
2016-01-22,189.77999877929688,190.75999450683594,188.8800048828125,190.52000427246094,161.47303771972656,168319600,0.0,0.0,0.0
2016-01-25,189.9199981689453,190.14999389648438,187.41000366210938,187.63999938964844,159.0321044921875,130371700,0.0,0.0,0.0
2016-01-26,188.4199981689453,190.52999877929688,188.02000427246094,190.1999969482422,161.2018585205078,141036800,0.0,0.0,0.0
2016-01-27,189.5800018310547,191.55999755859375,187.05999755859375,188.1300048828125,159.44740295410156,185681700,0.0,0.0,0.0
2016-01-28,189.9600067138672,190.1999969482422,187.16000366210938,189.11000061035156,160.2779998779297,143798800,0.0,0.0,0.0
2016-01-29,190.02000427246094,193.8800048828125,189.8800048828125,193.72000122070312,164.1851043701172,210529300,0.0,0.0,0.0
2016-02-01,192.52999877929688,194.5800018310547,191.83999633789062,193.64999389648438,164.12582397460938,136061600,0.0,0.0,0.0
2016-02-02,191.9600067138672,191.97000122070312,189.5399932861328,190.16000366210938,161.16790771484375,182564900,0.0,0.0,0.0
2016-02-03,191.41000366210938,191.77999877929688,187.10000610351562,191.3000030517578,162.13412475585938,205054900,0.0,0.0,0.0
2016-02-04,190.7100067138672,192.75,189.9600067138672,191.60000610351562,162.38841247558594,139531800,0.0,0.0,0.0
2016-02-05,190.99000549316406,191.6699981689453,187.1999969482422,187.9499969482422,159.29483032226562,180788300,0.0,0.0,0.0
2016-02-08,185.77000427246094,186.1199951171875,182.8000030517578,185.4199981689453,157.1505584716797,191526700,0.0,0.0,0.0
2016-02-09,183.36000061035156,186.94000244140625,183.1999969482422,185.42999267578125,157.1590576171875,184513100,0.0,0.0,0.0
2016-02-10,186.41000366210938,188.33999633789062,185.1199951171875,185.27000427246094,157.02345275878906,148214100,0.0,0.0,0.0
2016-02-11,182.33999633789062,184.10000610351562,181.08999633789062,182.86000061035156,154.98086547851562,219058900,0.0,0.0,0.0
2016-02-12,184.9600067138672,186.64999389648438,183.9600067138672,186.6300048828125,158.17613220214844,127632400,0.0,0.0,0.0
2016-02-16,188.77000427246094,189.80999755859375,187.6300048828125,189.77999877929688,160.84580993652344,120250700,0.0,0.0,0.0
2016-02-17,191.16000366210938,193.32000732421875,191.00999450683594,192.8800048828125,163.4732208251953,136009500,0.0,0.0,0.0
2016-02-18,193.1999969482422,193.27000427246094,191.72000122070312,192.08999633789062,162.8036346435547,102343000,0.0,0.0,0.0
2016-02-19,191.1699981689453,192.17999267578125,190.4499969482422,192.0,162.72740173339844,114793000,0.0,0.0,0.0
2016-02-22,193.8699951171875,194.9499969482422,193.7899932861328,194.77999877929688,165.08355712890625,103640300,0.0,0.0,0.0
2016-02-23,194.0,194.32000732421875,192.17999267578125,192.32000732421875,162.99859619140625,111455300,0.0,0.0,0.0
2016-02-24,190.6300048828125,193.52999877929688,189.32000732421875,193.1999969482422,163.7444305419922,150812200,0.0,0.0,0.0
2016-02-25,193.72999572753906,195.5500030517578,192.8300018310547,195.5399932861328,165.72760009765625,110728300,0.0,0.0,0.0
2016-02-26,196.57000732421875,196.67999267578125,194.89999389648438,195.08999633789062,165.34625244140625,129833700,0.0,0.0,0.0
2016-02-29,195.11000061035156,196.22999572753906,193.3300018310547,193.55999755859375,164.04949951171875,125918100,0.0,0.0,0.0
2016-03-01,195.00999450683594,198.2100067138672,194.4499969482422,198.11000061035156,167.9058380126953,141799700,0.0,0.0,0.0
2016-03-02,197.74000549316406,199.05999755859375,197.25,199.0,168.66012573242188,102415000,0.0,0.0,0.0
2016-03-03,198.7899932861328,199.8000030517578,198.11000061035156,199.77999877929688,169.3212127685547,95172200,0.0,0.0,0.0
2016-03-04,200.00999450683594,201.35000610351562,199.02999877929688,200.42999267578125,169.8721160888672,129293600,0.0,0.0,0.0
2016-03-07,199.33999633789062,201.07000732421875,199.25,200.58999633789062,170.00772094726562,100219000,0.0,0.0,0.0
2016-03-08,199.32000732421875,199.9199981689453,198.2100067138672,198.39999389648438,168.15164184570312,123974900,0.0,0.0,0.0
2016-03-09,199.36000061035156,199.7899932861328,198.42999267578125,199.3800048828125,168.982177734375,94801200,0.0,0.0,0.0
2016-03-10,199.9600067138672,201.07000732421875,197.3800048828125,199.5399932861328,169.1178436279297,156838700,0.0,0.0,0.0
2016-03-11,201.25999450683594,202.80999755859375,199.52000427246094,202.75999450683594,171.84686279296875,137964500,0.0,0.0,0.0
2016-03-14,202.16000366210938,203.0399932861328,201.77000427246094,202.5,171.62648010253906,73612000,0.0,0.0,0.0
2016-03-15,201.36000061035156,202.52999877929688,201.0500030517578,202.1699981689453,171.34686279296875,93169100,0.0,0.0,0.0
2016-03-16,201.60000610351562,203.82000732421875,201.5500030517578,203.33999633789062,172.3385009765625,129303200,0.0,0.0,0.0
2016-03-17,203.24000549316406,205.22999572753906,202.77000427246094,204.6300048828125,173.43177795410156,134278500,0.0,0.0,0.0
2016-03-18,204.1699981689453,204.77999877929688,203.8000030517578,204.3800048828125,174.11329650878906,138372400,1.05,0.0,0.0
2016-03-21,204.07000732421875,204.94000244140625,203.8000030517578,204.6699981689453,174.36038208007812,72926700,0.0,0.0,0.0
2016-03-22,203.75999450683594,205.22999572753906,203.57000732421875,204.55999755859375,174.2666778564453,97471900,0.0,0.0,0.0
2016-03-23,204.11000061035156,204.3300018310547,203.00999450683594,203.2100067138672,173.11656188964844,81052500,0.0,0.0,0.0
2016-03-24,202.0,203.16000366210938,201.74000549316406,203.1199951171875,173.0398712158203,84360900,0.0,0.0,0.0
2016-03-28,203.61000061035156,203.86000061035156,202.7100067138672,203.24000549316406,173.14215087890625,62408200,0.0,0.0,0.0
2016-03-29,202.75999450683594,205.25,202.39999389648438,205.1199951171875,174.74368286132812,92922900,0.0,0.0,0.0
2016-03-30,206.3000030517578,206.8699951171875,205.58999633789062,206.02000427246094,175.51043701171875,86365300,0.0,0.0,0.0
2016-03-31,205.91000366210938,206.41000366210938,205.3300018310547,205.52000427246094,175.0845184326172,94584100,0.0,0.0,0.0
2016-04-01,204.35000610351562,207.13999938964844,203.97999572753906,206.9199981689453,176.2771759033203,114423500,0.0,0.0,0.0
2016-04-04,206.8300018310547,207.07000732421875,205.88999938964844,206.25,175.70639038085938,63497000,0.0,0.0,0.0
2016-04-05,204.6699981689453,206.25999450683594,203.88999938964844,204.19000244140625,173.9514617919922,99662200,0.0,0.0,0.0
2016-04-06,204.19000244140625,206.49000549316406,203.97999572753906,206.4199981689453,175.85113525390625,91839800,0.0,0.0,0.0
2016-04-07,205.13999938964844,205.55999755859375,203.08999633789062,203.9499969482422,173.74696350097656,113859000,0.0,0.0,0.0
2016-04-08,205.33999633789062,205.85000610351562,203.8699951171875,204.5,174.2155303955078,95040600,0.0,0.0,0.0
2016-04-11,205.25,206.07000732421875,203.91000366210938,204.02000427246094,173.806640625,83757500,0.0,0.0,0.0
2016-04-12,204.22000122070312,206.25,203.6999969482422,205.9199981689453,175.42526245117188,115350600,0.0,0.0,0.0
2016-04-13,207.0,208.10000610351562,206.83999633789062,208.0,177.19723510742188,96336400,0.0,0.0,0.0
2016-04-14,208.07000732421875,208.60000610351562,207.60000610351562,208.00999450683594,177.20574951171875,65212900,0.0,0.0,0.0
2016-04-15,208.00999450683594,208.1699981689453,207.39999389648438,207.77999877929688,177.0098114013672,75761600,0.0,0.0,0.0
2016-04-18,207.77999877929688,209.27999877929688,207.0,209.24000549316406,178.25357055664062,82531000,0.0,0.0,0.0
2016-04-19,209.74000549316406,210.1999969482422,208.94000244140625,209.89999389648438,178.8158721923828,88316100,0.0,0.0,0.0
2016-04-20,209.9499969482422,210.9199981689453,209.38999938964844,210.10000610351562,178.9862518310547,81100300,0.0,0.0,0.0
2016-04-21,210.1199951171875,210.25,208.64999389648438,208.97000122070312,178.0236053466797,85695000,0.0,0.0,0.0
2016-04-22,208.5500030517578,209.2899932861328,207.91000366210938,208.97000122070312,178.0236053466797,99251700,0.0,0.0,0.0
2016-04-25,208.25999450683594,208.66000366210938,207.5399932861328,208.61000061035156,177.7168731689453,66166500,0.0,0.0,0.0
2016-04-26,209.0399932861328,209.52000427246094,208.36000061035156,208.9199981689453,177.98097229003906,75864200,0.0,0.0,0.0
2016-04-27,208.47000122070312,209.80999755859375,208.0500030517578,209.35000610351562,178.34730529785156,77329400,0.0,0.0,0.0
2016-04-28,208.4600067138672,209.75999450683594,206.9600067138672,207.4499969482422,176.72872924804688,97216200,0.0,0.0,0.0
2016-04-29,206.72000122070312,207.1300048828125,205.02999877929688,206.3300018310547,175.77459716796875,142424100,0.0,0.0,0.0
2016-05-02,206.9199981689453,208.17999267578125,206.41000366210938,207.97000122070312,177.17166137695312,62188000,0.0,0.0,0.0
2016-05-03,206.52000427246094,206.8000030517578,205.27999877929688,206.16000366210938,175.62973022460938,106422100,0.0,0.0,0.0
2016-05-04,204.99000549316406,205.85000610351562,204.4199981689453,205.00999450683594,174.65003967285156,92243800,0.0,0.0,0.0
2016-05-05,205.55999755859375,205.97999572753906,204.47000122070312,204.97000122070312,174.61595153808594,67619200,0.0,0.0,0.0
2016-05-06,204.05999755859375,205.77000427246094,203.8800048828125,205.72000122070312,175.25482177734375,89315000,0.0,0.0,0.0
2016-05-09,205.57000732421875,206.39999389648438,205.36000061035156,205.88999938964844,175.39971923828125,74374900,0.0,0.0,0.0
2016-05-10,206.72000122070312,208.47000122070312,206.63999938964844,208.4499969482422,177.58059692382812,77472200,0.0,0.0,0.0
2016-05-11,207.91000366210938,208.5399932861328,206.5,206.5,175.9193572998047,81727000,0.0,0.0,0.0
2016-05-12,207.2899932861328,207.49000549316406,205.3699951171875,206.55999755859375,175.97047424316406,89586300,0.0,0.0,0.0
2016-05-13,206.2100067138672,206.86000061035156,204.3800048828125,204.75999450683594,174.43701171875,96474600,0.0,0.0,0.0
2016-05-16,204.9600067138672,207.33999633789062,204.88999938964844,206.77999877929688,176.15792846679688,77486800,0.0,0.0,0.0
2016-05-17,206.4600067138672,206.8000030517578,204.22999572753906,204.85000610351562,174.51370239257812,114924900,0.0,0.0,0.0
2016-05-18,204.44000244140625,206.3000030517578,203.6300048828125,204.91000366210938,174.5648651123047,120062100,0.0,0.0,0.0
2016-05-19,204.05999755859375,204.5399932861328,202.77999877929688,204.1999969482422,173.95993041992188,115430500,0.0,0.0,0.0
2016-05-20,204.9199981689453,206.10000610351562,204.86000061035156,205.49000549316406,175.05889892578125,104990400,0.0,0.0,0.0
2016-05-23,205.50999450683594,205.83999633789062,204.99000549316406,205.2100067138672,174.82037353515625,58682600,0.0,0.0,0.0
2016-05-24,206.1699981689453,208.24000549316406,206.13999938964844,207.8699951171875,177.08644104003906,93537800,0.0,0.0,0.0
2016-05-25,208.6699981689453,209.77000427246094,207.8699951171875,209.27999877929688,178.28765869140625,76621400,0.0,0.0,0.0
2016-05-26,209.44000244140625,209.7100067138672,208.97000122070312,209.33999633789062,178.33876037597656,55280700,0.0,0.0,0.0
2016-05-27,209.52999877929688,210.25,209.47000122070312,210.24000549316406,179.1055145263672,64211200,0.0,0.0,0.0
2016-05-31,210.55999755859375,210.69000244140625,209.17999267578125,209.83999633789062,178.76473999023438,109879400,0.0,0.0,0.0
2016-06-01,209.1199951171875,210.47999572753906,208.88999938964844,210.27000427246094,179.13104248046875,69936200,0.0,0.0,0.0
2016-06-02,209.8000030517578,210.92999267578125,209.24000549316406,210.91000366210938,179.67630004882812,63044700,0.0,0.0,0.0
2016-06-03,210.25,210.69000244140625,208.86000061035156,210.27999877929688,179.1395721435547,101757100,0.0,0.0,0.0
2016-06-06,210.6999969482422,211.77000427246094,210.50999450683594,211.35000610351562,180.05108642578125,64887000,0.0,0.0,0.0
2016-06-07,211.52999877929688,212.33999633789062,211.5,211.67999267578125,180.33224487304688,60974800,0.0,0.0,0.0
2016-06-08,211.83999633789062,212.52000427246094,211.69000244140625,212.3699951171875,180.9200439453125,66170900,0.0,0.0,0.0
2016-06-09,211.50999450683594,212.22000122070312,211.19000244140625,212.0800018310547,180.67303466796875,73786900,0.0,0.0,0.0
2016-06-10,210.4600067138672,210.86000061035156,209.42999267578125,210.07000732421875,178.96067810058594,113829200,0.0,0.0,0.0
2016-06-13,209.36000061035156,210.3699951171875,208.35000610351562,208.4499969482422,177.58059692382812,117751200,0.0,0.0,0.0
2016-06-14,208.0,208.74000549316406,206.9199981689453,208.0399932861328,177.23129272460938,125059300,0.0,0.0,0.0
2016-06-15,208.0399932861328,209.36000061035156,207.52999877929688,207.75,176.98428344726562,109124500,0.0,0.0,0.0
2016-06-16,207.75,208.57000732421875,205.58999633789062,208.3699951171875,177.51242065429688,149533100,0.0,0.0,0.0
2016-06-17,207.1699981689453,207.1999969482422,205.75,206.52000427246094,176.85137939453125,117055700,1.078,0.0,0.0
2016-06-20,208.82000732421875,209.61000061035156,207.75,207.85000610351562,177.99029541015625,82789600,0.0,0.0,0.0
2016-06-21,208.3000030517578,208.9199981689453,207.77999877929688,208.44000244140625,178.4955596923828,72461700,0.0,0.0,0.0
2016-06-22,208.64999389648438,209.5,207.92999267578125,208.10000610351562,178.20440673828125,95560500,0.0,0.0,0.0
2016-06-23,209.80999755859375,210.8699951171875,209.27000427246094,210.80999755859375,180.52505493164062,102731400,0.0,0.0,0.0
2016-06-24,203.6300048828125,210.85000610351562,202.72000122070312,203.24000549316406,174.0425567626953,333444400,0.0,0.0,0.0
2016-06-27,201.58999633789062,201.60000610351562,198.64999389648438,199.60000610351562,170.92547607421875,230775800,0.0,0.0,0.0
2016-06-28,201.47999572753906,203.22999572753906,201.1199951171875,203.1999969482422,174.00823974609375,159382400,0.0,0.0,0.0
2016-06-29,204.83999633789062,206.92999267578125,204.72000122070312,206.66000366210938,176.97122192382812,137328600,0.0,0.0,0.0
2016-06-30,207.2100067138672,209.5399932861328,206.55999755859375,209.47999572753906,179.38607788085938,165021900,0.0,0.0,0.0
2016-07-01,209.47999572753906,210.49000549316406,209.2899932861328,209.9199981689453,179.7628936767578,106055300,0.0,0.0,0.0
2016-07-05,208.9499969482422,209.0800018310547,207.7100067138672,208.41000366210938,178.46983337402344,109803700,0.0,0.0,0.0
2016-07-06,207.8300018310547,209.8000030517578,207.05999755859375,209.66000366210938,179.54026794433594,96021500,0.0,0.0,0.0
2016-07-07,209.8699951171875,210.64999389648438,208.6300048828125,209.52999877929688,179.4289093017578,85593800,0.0,0.0,0.0
2016-07-08,211.0500030517578,212.94000244140625,210.77999877929688,212.64999389648438,182.10069274902344,133971000,0.0,0.0,0.0
2016-07-11,213.19000244140625,214.07000732421875,212.9499969482422,213.39999389648438,182.74293518066406,73633900,0.0,0.0,0.0
2016-07-12,214.52999877929688,215.3000030517578,213.42999267578125,214.9499969482422,184.0702667236328,101275600,0.0,0.0,0.0
2016-07-13,215.44000244140625,215.4499969482422,214.35000610351562,214.9199981689453,184.0446319580078,87324100,0.0,0.0,0.0
2016-07-14,216.39999389648438,216.6699981689453,215.66000366210938,216.1199951171875,185.0722198486328,91230900,0.0,0.0,0.0
2016-07-15,216.77999877929688,217.00999450683594,215.30999755859375,215.8300018310547,184.82391357421875,107155400,0.0,0.0,0.0
2016-07-18,215.97000122070312,216.60000610351562,215.6699981689453,216.41000366210938,185.32054138183594,58725900,0.0,0.0,0.0
2016-07-19,215.9199981689453,216.22999572753906,215.6300048828125,216.19000244140625,185.13214111328125,54345700,0.0,0.0,0.0
2016-07-20,216.19000244140625,217.3699951171875,216.19000244140625,217.08999633789062,185.90284729003906,58159500,0.0,0.0,0.0
2016-07-21,216.9600067138672,217.22000122070312,215.75,216.27000427246094,185.2006378173828,67777300,0.0,0.0,0.0
2016-07-22,216.41000366210938,217.3000030517578,216.10000610351562,217.24000549316406,186.03128051757812,62787500,0.0,0.0,0.0
2016-07-25,217.0,217.05999755859375,215.97000122070312,216.64999389648438,185.5260009765625,55873100,0.0,0.0,0.0
2016-07-26,216.52999877929688,217.1699981689453,215.75999450683594,216.75,185.6117401123047,70080500,0.0,0.0,0.0
2016-07-27,217.19000244140625,217.27000427246094,215.6199951171875,216.52000427246094,185.4147491455078,84083900,0.0,0.0,0.0
2016-07-28,216.2899932861328,217.11000061035156,215.75,216.77000427246094,185.6288299560547,65035700,0.0,0.0,0.0
2016-07-29,216.4600067138672,217.5399932861328,216.1300048828125,217.1199951171875,185.92855834960938,79519400,0.0,0.0,0.0
2016-08-01,217.19000244140625,217.64999389648438,216.41000366210938,216.94000244140625,185.7744140625,73311400,0.0,0.0,0.0
2016-08-02,216.64999389648438,216.8300018310547,214.57000732421875,215.5500030517578,184.58409118652344,92295500,0.0,0.0,0.0
2016-08-03,215.47999572753906,216.25,215.1300048828125,216.17999267578125,185.12355041503906,53993600,0.0,0.0,0.0
2016-08-04,216.30999755859375,216.77999877929688,214.25,216.41000366210938,185.32054138183594,46585500,0.0,0.0,0.0
2016-08-05,216.41000366210938,218.22999572753906,216.41000366210938,218.17999267578125,186.83624267578125,71892200,0.0,0.0,0.0
2016-08-08,218.39999389648438,218.52000427246094,217.74000549316406,218.0500030517578,186.72491455078125,39906500,0.0,0.0,0.0
2016-08-09,218.1300048828125,218.75999450683594,217.8000030517578,218.17999267578125,186.83624267578125,51251700,0.0,0.0,0.0
2016-08-10,218.30999755859375,218.39999389648438,217.22999572753906,217.63999938964844,186.3738250732422,57941100,0.0,0.0,0.0
2016-08-11,218.25999450683594,218.94000244140625,217.9499969482422,218.64999389648438,187.23870849609375,72504300,0.0,0.0,0.0
2016-08-12,218.2899932861328,218.7100067138672,217.99000549316406,218.4600067138672,187.07603454589844,61313500,0.0,0.0,0.0
2016-08-15,218.88999938964844,219.5,218.8800048828125,219.08999633789062,187.6155242919922,49813500,0.0,0.0,0.0
2016-08-16,218.60000610351562,218.67999267578125,217.9600067138672,217.9600067138672,186.64788818359375,53213600,0.0,0.0,0.0
2016-08-17,218.0,218.52999877929688,217.02000427246094,218.3699951171875,186.9989776611328,75134300,0.0,0.0,0.0
2016-08-18,218.33999633789062,218.89999389648438,218.2100067138672,218.86000061035156,187.4185791015625,52989300,0.0,0.0,0.0
2016-08-19,218.30999755859375,218.75,217.74000549316406,218.5399932861328,187.14451599121094,75443000,0.0,0.0,0.0
2016-08-22,218.25999450683594,218.8000030517578,217.8300018310547,218.52999877929688,187.13595581054688,61368800,0.0,0.0,0.0
2016-08-23,219.25,219.60000610351562,218.89999389648438,218.97000122070312,187.51280212402344,53399200,0.0,0.0,0.0
2016-08-24,218.8000030517578,218.91000366210938,217.36000061035156,217.85000610351562,186.55364990234375,71728900,0.0,0.0,0.0
2016-08-25,217.39999389648438,218.19000244140625,217.22000122070312,217.6999969482422,186.4252471923828,69224800,0.0,0.0,0.0
2016-08-26,217.9199981689453,219.1199951171875,216.25,217.2899932861328,186.07408142089844,122506300,0.0,0.0,0.0
2016-08-29,217.44000244140625,218.6699981689453,217.39999389648438,218.36000061035156,186.99038696289062,70502200,0.0,0.0,0.0
2016-08-30,218.25999450683594,218.58999633789062,217.35000610351562,218.0,186.68215942382812,58114500,0.0,0.0,0.0
2016-08-31,217.61000061035156,217.75,216.47000122070312,217.3800048828125,186.15118408203125,85269500,0.0,0.0,0.0
2016-09-01,217.3699951171875,217.72999572753906,216.02999877929688,217.38999938964844,186.15972900390625,97844200,0.0,0.0,0.0
2016-09-02,218.38999938964844,218.8699951171875,217.6999969482422,218.3699951171875,186.9989776611328,79293900,0.0,0.0,0.0
2016-09-06,218.6999969482422,219.1199951171875,217.86000061035156,219.02999877929688,187.56419372558594,56702100,0.0,0.0,0.0
2016-09-07,218.83999633789062,219.22000122070312,218.3000030517578,219.00999450683594,187.5470428466797,76554900,0.0,0.0,0.0
2016-09-08,218.6199951171875,218.94000244140625,218.14999389648438,218.50999450683594,187.11883544921875,74102900,0.0,0.0,0.0
2016-09-09,216.97000122070312,217.02999877929688,213.25,213.27999877929688,182.64022827148438,221589100,0.0,0.0,0.0
2016-09-12,212.38999938964844,216.80999755859375,212.30999755859375,216.33999633789062,185.26058959960938,168110900,0.0,0.0,0.0
2016-09-13,214.83999633789062,215.14999389648438,212.5,213.22999572753906,182.597412109375,182828800,0.0,0.0,0.0
2016-09-14,213.2899932861328,214.6999969482422,212.5,213.14999389648438,182.5288848876953,134185500,0.0,0.0,0.0
2016-09-15,212.9600067138672,215.72999572753906,212.75,215.27999877929688,184.35289001464844,134427900,0.0,0.0,0.0
2016-09-16,213.47999572753906,213.69000244140625,212.57000732421875,213.3699951171875,183.64024353027344,155236400,1.082,0.0,0.0
2016-09-19,214.1300048828125,214.8800048828125,213.02999877929688,213.41000366210938,183.67462158203125,80250500,0.0,0.0,0.0
2016-09-20,214.41000366210938,214.58999633789062,213.3800048828125,213.4199981689453,183.68328857421875,69665300,0.0,0.0,0.0
2016-09-21,214.24000549316406,216.02999877929688,213.44000244140625,215.82000732421875,185.74887084960938,110284400,0.0,0.0,0.0
2016-09-22,217.0,217.52999877929688,216.7100067138672,217.17999267578125,186.91934204101562,76678700,0.0,0.0,0.0
2016-09-23,216.72000122070312,216.8800048828125,215.8800048828125,215.99000549316406,185.89523315429688,73630900,0.0,0.0,0.0
2016-09-26,215.02000427246094,215.22999572753906,214.00999450683594,214.24000549316406,184.38900756835938,89827300,0.0,0.0,0.0
2016-09-27,214.0500030517578,215.67999267578125,213.6199951171875,215.57000732421875,185.53372192382812,78494800,0.0,0.0,0.0
2016-09-28,215.8300018310547,216.82000732421875,214.7100067138672,216.63999938964844,186.4546356201172,87411000,0.0,0.0,0.0
2016-09-29,216.39999389648438,216.8699951171875,214.0399932861328,214.67999267578125,184.76771545410156,128070600,0.0,0.0,0.0
2016-09-30,215.64999389648438,217.1199951171875,215.36000061035156,216.3000030517578,186.1620330810547,117202900,0.0,0.0,0.0
2016-10-03,215.82000732421875,216.0399932861328,215.0399932861328,215.77999877929688,185.7144775390625,83512100,0.0,0.0,0.0
2016-10-04,215.91000366210938,216.1699981689453,213.99000549316406,214.67999267578125,184.76771545410156,119948100,0.0,0.0,0.0
2016-10-05,215.41000366210938,216.1300048828125,215.3300018310547,215.6300048828125,185.58535766601562,72816000,0.0,0.0,0.0
2016-10-06,215.3699951171875,216.0399932861328,214.74000549316406,215.77999877929688,185.7144775390625,62927400,0.0,0.0,0.0
2016-10-07,216.10000610351562,216.3000030517578,214.19000244140625,215.0399932861328,185.07752990722656,89788300,0.0,0.0,0.0
2016-10-10,216.16000366210938,216.6999969482422,215.99000549316406,216.16000366210938,186.04148864746094,51855000,0.0,0.0,0.0
2016-10-11,215.66000366210938,215.74000549316406,212.5800018310547,213.42999267578125,183.69186401367188,130367400,0.0,0.0,0.0
2016-10-12,213.58999633789062,214.32000732421875,213.00999450683594,213.7100067138672,183.932861328125,73866100,0.0,0.0,0.0
2016-10-13,212.16000366210938,213.58999633789062,211.2100067138672,213.00999450683594,183.3303680419922,101357000,0.0,0.0,0.0
2016-10-14,214.14999389648438,214.69000244140625,213.02999877929688,213.1199951171875,183.425048828125,93346200,0.0,0.0,0.0
2016-10-17,213.08999633789062,213.38999938964844,212.1699981689453,212.3800048828125,182.78819274902344,58275700,0.0,0.0,0.0
2016-10-18,214.24000549316406,214.30999755859375,213.27000427246094,213.7100067138672,183.932861328125,76869700,0.0,0.0,0.0
2016-10-19,214.02000427246094,214.63999938964844,213.60000610351562,214.27999877929688,184.4234619140625,66519200,0.0,0.0,0.0
2016-10-20,213.8699951171875,214.52999877929688,213.11000061035156,213.8800048828125,184.07919311523438,73639800,0.0,0.0,0.0
2016-10-21,213.8800048828125,214.0800018310547,212.75999450683594,213.97999572753906,184.16522216796875,89089100,0.0,0.0,0.0
2016-10-24,215.0,215.32000732421875,214.47999572753906,214.88999938964844,184.94845581054688,60146600,0.0,0.0,0.0
2016-10-25,214.67999267578125,214.97999572753906,213.97999572753906,214.1699981689453,184.32876586914062,66542300,0.0,0.0,0.0
2016-10-26,213.2100067138672,214.4199981689453,212.92999267578125,213.74000549316406,183.9586944580078,75705500,0.0,0.0,0.0
2016-10-27,214.5800018310547,214.6199951171875,213.0800018310547,213.1699981689453,183.46810913085938,77220200,0.0,0.0,0.0
2016-10-28,213.13999938964844,213.92999267578125,211.7100067138672,212.5399932861328,182.92587280273438,140623200,0.0,0.0,0.0
2016-10-31,212.92999267578125,213.19000244140625,212.36000061035156,212.5500030517578,182.9344482421875,61272500,0.0,0.0,0.0
2016-11-01,212.92999267578125,212.99000549316406,209.60000610351562,211.00999450683594,181.60906982421875,122781800,0.0,0.0,0.0
2016-11-02,210.64999389648438,211.10000610351562,209.22999572753906,209.74000549316406,180.5159912109375,103330800,0.0,0.0,0.0
2016-11-03,209.99000549316406,210.24000549316406,208.4600067138672,208.77999877929688,179.6897430419922,88939300,0.0,0.0,0.0
2016-11-04,208.91000366210938,209.88999938964844,208.3800048828125,208.5500030517578,179.49180603027344,109122100,0.0,0.0,0.0
2016-11-07,208.5500030517578,213.19000244140625,208.5500030517578,213.14999389648438,183.45091247558594,109794900,0.0,0.0,0.0
2016-11-08,212.69000244140625,214.77000427246094,212.3800048828125,214.11000061035156,184.27713012695312,106772100,0.0,0.0,0.0
2016-11-09,212.3699951171875,217.10000610351562,212.33999633789062,216.3800048828125,186.23086547851562,258429000,0.0,0.0,0.0
2016-11-10,217.3000030517578,218.30999755859375,215.22000122070312,216.9199981689453,186.695556640625,172113300,0.0,0.0,0.0
2016-11-11,216.0800018310547,216.6999969482422,215.32000732421875,216.4199981689453,186.26528930664062,100552700,0.0,0.0,0.0
2016-11-14,217.02999877929688,217.27000427246094,215.72000122070312,216.58999633789062,186.4115447998047,94580000,0.0,0.0,0.0
2016-11-15,217.0399932861328,218.27999877929688,216.8000030517578,218.27999877929688,187.8660888671875,91652600,0.0,0.0,0.0
2016-11-16,217.55999755859375,218.13999938964844,217.4199981689453,217.8699951171875,187.51321411132812,65617700,0.0,0.0,0.0
2016-11-17,218.0500030517578,219.05999755859375,217.9199981689453,218.99000549316406,188.47718811035156,69797200,0.0,0.0,0.0
2016-11-18,219.07000732421875,219.27000427246094,218.2899932861328,218.5,188.05545043945312,86265800,0.0,0.0,0.0
2016-11-21,219.1699981689453,220.17999267578125,219.0,220.14999389648438,189.4755401611328,72402600,0.0,0.0,0.0
2016-11-22,220.50999450683594,220.7899932861328,219.72999572753906,220.5800018310547,189.8456573486328,67429000,0.0,0.0,0.0
2016-11-23,219.97999572753906,220.75999450683594,219.75,220.6999969482422,189.94888305664062,56620200,0.0,0.0,0.0
2016-11-25,221.10000610351562,221.55999755859375,221.00999450683594,221.52000427246094,190.6546630859375,37872300,0.0,0.0,0.0
2016-11-28,221.16000366210938,221.47999572753906,220.36000061035156,220.47999572753906,189.7595672607422,76572500,0.0,0.0,0.0
2016-11-29,220.52000427246094,221.44000244140625,220.1699981689453,220.91000366210938,190.129638671875,69886700,0.0,0.0,0.0
2016-11-30,221.6300048828125,221.82000732421875,220.30999755859375,220.3800048828125,189.6735382080078,113291800,0.0,0.0,0.0
2016-12-01,220.72999572753906,220.72999572753906,219.14999389648438,219.57000732421875,188.97633361816406,79040500,0.0,0.0,0.0
2016-12-02,219.6699981689453,220.25,219.25999450683594,219.67999267578125,189.07101440429688,74840300,0.0,0.0,0.0
2016-12-05,220.64999389648438,221.39999389648438,220.4199981689453,221.0,190.20709228515625,67837800,0.0,0.0,0.0
2016-12-06,221.22000122070312,221.74000549316406,220.66000366210938,221.6999969482422,190.80960083007812,59877400,0.0,0.0,0.0
2016-12-07,221.52000427246094,224.6699981689453,221.3800048828125,224.60000610351562,193.30552673339844,110738100,0.0,0.0,0.0
2016-12-08,224.57000732421875,225.6999969482422,224.25999450683594,225.14999389648438,193.77882385253906,99714400,0.0,0.0,0.0
2016-12-09,225.41000366210938,226.52999877929688,225.3699951171875,226.50999450683594,194.94940185546875,88005800,0.0,0.0,0.0
2016-12-12,226.39999389648438,226.9600067138672,225.75999450683594,226.25,194.72561645507812,102016100,0.0,0.0,0.0
2016-12-13,227.02000427246094,228.33999633789062,227.0,227.75999450683594,196.0252685546875,110477500,0.0,0.0,0.0
2016-12-14,227.41000366210938,228.22999572753906,225.3699951171875,225.8800048828125,194.40713500976562,142501800,0.0,0.0,0.0
2016-12-15,226.16000366210938,227.80999755859375,225.88999938964844,226.80999755859375,195.20758056640625,124972600,0.0,0.0,0.0
2016-12-16,226.00999450683594,226.0800018310547,224.6699981689453,225.0399932861328,194.82577514648438,156420200,1.329,0.0,0.0
2016-12-19,225.25,226.02000427246094,225.0800018310547,225.52999877929688,195.24998474121094,90341100,0.0,0.0,0.0
2016-12-20,226.14999389648438,226.57000732421875,225.8800048828125,226.39999389648438,196.003173828125,89838800,0.0,0.0,0.0
2016-12-21,226.25,226.4499969482422,225.77000427246094,225.77000427246094,195.45777893066406,67909000,0.0,0.0,0.0
2016-12-22,225.60000610351562,225.74000549316406,224.9199981689453,225.3800048828125,195.12014770507812,56219100,0.0,0.0,0.0
2016-12-23,225.42999267578125,225.72000122070312,225.2100067138672,225.7100067138672,195.4058380126953,36697800,0.0,0.0,0.0
2016-12-27,226.02000427246094,226.72999572753906,226.0,226.27000427246094,195.890625,42672500,0.0,0.0,0.0
2016-12-28,226.57000732421875,226.58999633789062,224.27000427246094,224.39999389648438,194.271728515625,64095000,0.0,0.0,0.0
2016-12-29,224.47999572753906,224.88999938964844,223.83999633789062,224.35000610351562,194.22848510742188,48696100,0.0,0.0,0.0
2016-12-30,224.72999572753906,224.8300018310547,222.72999572753906,223.52999877929688,193.51849365234375,108998300,0.0,0.0,0.0
2017-01-03,225.0399932861328,225.8300018310547,223.8800048828125,225.24000549316406,194.99896240234375,91366500,0.0,0.0,0.0
2017-01-04,225.6199951171875,226.75,225.61000061035156,226.5800018310547,196.1590576171875,78744400,0.0,0.0,0.0
2017-01-05,226.27000427246094,226.5800018310547,225.47999572753906,226.39999389648438,196.003173828125,78379000,0.0,0.0,0.0
2017-01-06,226.52999877929688,227.75,225.89999389648438,227.2100067138672,196.70445251464844,71559900,0.0,0.0,0.0
2017-01-09,226.91000366210938,227.07000732421875,226.4199981689453,226.4600067138672,196.05517578125,46939700,0.0,0.0,0.0
2017-01-10,226.47999572753906,227.4499969482422,226.00999450683594,226.4600067138672,196.05517578125,63771900,0.0,0.0,0.0
2017-01-11,226.36000061035156,227.10000610351562,225.58999633789062,227.10000610351562,196.6092071533203,74650000,0.0,0.0,0.0
2017-01-12,226.5,226.75,224.9600067138672,226.52999877929688,196.11575317382812,72113200,0.0,0.0,0.0
2017-01-13,226.72999572753906,227.39999389648438,226.69000244140625,227.0500030517578,196.56590270996094,62717900,0.0,0.0,0.0
2017-01-17,226.30999755859375,226.77999877929688,225.8000030517578,226.25,195.87335205078125,61240800,0.0,0.0,0.0
2017-01-18,226.5399932861328,226.8000030517578,225.89999389648438,226.75,196.30621337890625,54793300,0.0,0.0,0.0
2017-01-19,226.83999633789062,227.0,225.41000366210938,225.91000366210938,195.5790252685547,66608800,0.0,0.0,0.0
2017-01-20,226.6999969482422,227.30999755859375,225.97000122070312,226.74000549316406,196.29754638671875,129168600,0.0,0.0,0.0
2017-01-23,226.74000549316406,226.80999755859375,225.27000427246094,226.14999389648438,195.7867889404297,75061600,0.0,0.0,0.0
2017-01-24,226.39999389648438,228.0800018310547,226.27000427246094,227.60000610351562,197.04209899902344,95555300,0.0,0.0,0.0
2017-01-25,228.6999969482422,229.57000732421875,228.50999450683594,229.57000732421875,198.7476043701172,84437700,0.0,0.0,0.0
2017-01-26,229.39999389648438,229.7100067138672,229.00999450683594,229.3300018310547,198.53981018066406,59970700,0.0,0.0,0.0
2017-01-27,229.4199981689453,229.58999633789062,228.75999450683594,228.97000122070312,198.22811889648438,59711100,0.0,0.0,0.0
2017-01-30,228.1699981689453,228.1999969482422,226.41000366210938,227.5500030517578,196.99884033203125,79737300,0.0,0.0,0.0
2017-01-31,226.97999572753906,227.60000610351562,226.32000732421875,227.52999877929688,196.98147583007812,75880800,0.0,0.0,0.0
2017-02-01,227.52999877929688,228.58999633789062,226.94000244140625,227.6199951171875,197.0593719482422,79117700,0.0,0.0,0.0
2017-02-02,227.6199951171875,228.10000610351562,226.82000732421875,227.77000427246094,197.18927001953125,69657600,0.0,0.0,0.0
2017-02-03,228.82000732421875,229.5500030517578,228.4600067138672,229.33999633789062,198.54849243164062,80563200,0.0,0.0,0.0
2017-02-06,228.8699951171875,229.3300018310547,228.5399932861328,228.92999267578125,198.19354248046875,57790100,0.0,0.0,0.0
2017-02-07,229.3800048828125,229.66000366210938,228.72000122070312,228.94000244140625,198.20220947265625,57931200,0.0,0.0,0.0
2017-02-08,228.94000244140625,229.38999938964844,228.30999755859375,229.24000549316406,198.4619598388672,51566200,0.0,0.0,0.0
2017-02-09,229.24000549316406,230.9499969482422,229.24000549316406,230.60000610351562,199.63931274414062,65955200,0.0,0.0,0.0
2017-02-10,231.0,231.77000427246094,230.6199951171875,231.50999450683594,200.42706298828125,66015900,0.0,0.0,0.0
2017-02-13,232.0800018310547,233.07000732421875,232.0500030517578,232.77000427246094,201.51797485351562,55182100,0.0,0.0,0.0
2017-02-14,232.55999755859375,233.7100067138672,232.16000366210938,233.6999969482422,202.32310485839844,71109000,0.0,0.0,0.0
2017-02-15,233.4499969482422,235.13999938964844,233.38999938964844,234.9199981689453,203.37933349609375,86785800,0.0,0.0,0.0
2017-02-16,234.9499969482422,235.16000366210938,233.85000610351562,234.72000122070312,203.20616149902344,84722400,0.0,0.0,0.0
2017-02-17,233.9499969482422,235.08999633789062,233.92999267578125,235.08999633789062,203.52645874023438,77204100,0.0,0.0,0.0
2017-02-21,235.52000427246094,236.69000244140625,235.50999450683594,236.49000549316406,204.73846435546875,88946100,0.0,0.0,0.0
2017-02-22,236.02000427246094,236.5399932861328,235.8300018310547,236.27999877929688,204.5566864013672,62115200,0.0,0.0,0.0
2017-02-23,236.8800048828125,236.89999389648438,235.55999755859375,236.44000244140625,204.69515991210938,74615900,0.0,0.0,0.0
2017-02-24,235.4600067138672,236.7899932861328,235.41000366210938,236.74000549316406,204.9549102783203,82381600,0.0,0.0,0.0
2017-02-27,236.63999938964844,237.30999755859375,236.35000610351562,237.11000061035156,205.2753143310547,56515400,0.0,0.0,0.0
2017-02-28,236.6699981689453,236.9499969482422,236.02000427246094,236.47000122070312,204.72120666503906,96961900,0.0,0.0,0.0
2017-03-01,238.38999938964844,240.32000732421875,238.3699951171875,239.77999877929688,207.58677673339844,149158200,0.0,0.0,0.0
2017-03-02,239.55999755859375,239.57000732421875,238.2100067138672,238.27000427246094,206.27951049804688,70246000,0.0,0.0,0.0
2017-03-03,238.1699981689453,238.61000061035156,237.72999572753906,238.4199981689453,206.40936279296875,81974300,0.0,0.0,0.0
2017-03-06,237.5,238.1199951171875,237.00999450683594,237.7100067138672,205.79476928710938,55391500,0.0,0.0,0.0
2017-03-07,237.36000061035156,237.77000427246094,236.75999450683594,237.0,205.1800079345703,65103700,0.0,0.0,0.0
2017-03-08,237.33999633789062,237.63999938964844,236.39999389648438,236.55999755859375,204.799072265625,78168800,0.0,0.0,0.0
2017-03-09,236.6999969482422,237.24000549316406,235.74000549316406,236.86000061035156,205.05880737304688,90683900,0.0,0.0,0.0
2017-03-10,237.97000122070312,238.02000427246094,236.58999633789062,237.69000244140625,205.77745056152344,81991700,0.0,0.0,0.0
2017-03-13,237.6199951171875,237.86000061035156,237.24000549316406,237.80999755859375,205.88125610351562,57256800,0.0,0.0,0.0
2017-03-14,237.17999267578125,237.24000549316406,236.19000244140625,236.89999389648438,205.09344482421875,59880800,0.0,0.0,0.0
2017-03-15,237.55999755859375,239.44000244140625,237.2899932861328,238.9499969482422,206.86822509765625,96081800,0.0,0.0,0.0
2017-03-16,239.11000061035156,239.1999969482422,238.10000610351562,238.47999572753906,206.46131896972656,78344000,0.0,0.0,0.0
2017-03-17,237.75,237.97000122070312,237.02999877929688,237.02999877929688,206.0986785888672,89002100,1.033,0.0,0.0
2017-03-20,237.02999877929688,237.36000061035156,236.32000732421875,236.77000427246094,205.8726806640625,52537000,0.0,0.0,0.0
2017-03-21,237.47000122070312,237.61000061035156,233.5800018310547,233.72999572753906,203.22938537597656,131809300,0.0,0.0,0.0
2017-03-22,233.77000427246094,234.61000061035156,233.0500030517578,234.27999877929688,203.7075958251953,97569200,0.0,0.0,0.0
2017-03-23,234.27999877929688,235.33999633789062,233.60000610351562,234.02999877929688,203.490234375,100410300,0.0,0.0,0.0
2017-03-24,234.3800048828125,235.0399932861328,232.9600067138672,233.86000061035156,203.34239196777344,112504900,0.0,0.0,0.0
2017-03-27,231.92999267578125,233.9199981689453,231.61000061035156,233.6199951171875,203.1337432861328,87454500,0.0,0.0,0.0
2017-03-28,233.27000427246094,235.80999755859375,233.13999938964844,235.32000732421875,204.61187744140625,93483900,0.0,0.0,0.0
2017-03-29,234.99000549316406,235.80999755859375,234.72999572753906,235.5399932861328,204.80316162109375,61950400,0.0,0.0,0.0
2017-03-30,235.47000122070312,236.52000427246094,235.27000427246094,236.2899932861328,205.4552764892578,56737900,0.0,0.0,0.0
2017-03-31,235.89999389648438,236.50999450683594,235.67999267578125,235.74000549316406,204.97706604003906,73733100,0.0,0.0,0.0
2017-04-03,235.8000030517578,236.02999877929688,233.91000366210938,235.3300018310547,204.6205596923828,85546500,0.0,0.0,0.0
2017-04-04,235.0,235.5800018310547,234.55999755859375,235.47999572753906,204.75103759765625,56466200,0.0,0.0,0.0
2017-04-05,236.25999450683594,237.38999938964844,234.5399932861328,234.77999877929688,204.14239501953125,108800600,0.0,0.0,0.0
2017-04-06,234.94000244140625,236.0399932861328,234.42999267578125,235.44000244140625,204.7162628173828,69135800,0.0,0.0,0.0
2017-04-07,235.14999389648438,236.0,234.63999938964844,235.1999969482422,204.50753784179688,74412300,0.0,0.0,0.0
2017-04-10,235.36000061035156,236.25999450683594,234.72999572753906,235.33999633789062,204.6292266845703,67615300,0.0,0.0,0.0
2017-04-11,234.89999389648438,235.17999267578125,233.33999633789062,235.05999755859375,204.38583374023438,88045300,0.0,0.0,0.0
2017-04-12,234.74000549316406,234.9600067138672,233.77000427246094,234.02999877929688,203.490234375,81864400,0.0,0.0,0.0
2017-04-13,233.63999938964844,234.49000549316406,232.50999450683594,232.50999450683594,202.16856384277344,92880400,0.0,0.0,0.0
2017-04-17,233.11000061035156,234.57000732421875,232.8800048828125,234.57000732421875,203.959716796875,68405400,0.0,0.0,0.0
2017-04-18,233.72000122070312,234.49000549316406,233.0800018310547,233.8699951171875,203.35105895996094,83225800,0.0,0.0,0.0
2017-04-19,234.52000427246094,234.9499969482422,233.17999267578125,233.44000244140625,202.9772186279297,68699900,0.0,0.0,0.0
2017-04-20,234.14999389648438,235.85000610351562,233.77999877929688,235.33999633789062,204.6292266845703,92572200,0.0,0.0,0.0
2017-04-21,235.25,235.30999755859375,234.1300048828125,234.58999633789062,203.97711181640625,110389800,0.0,0.0,0.0
2017-04-24,237.17999267578125,237.41000366210938,234.55999755859375,237.1699981689453,206.220458984375,119209900,0.0,0.0,0.0
2017-04-25,237.91000366210938,238.9499969482422,237.80999755859375,238.5500030517578,207.4204559326172,76698300,0.0,0.0,0.0
2017-04-26,238.50999450683594,239.52999877929688,238.35000610351562,238.39999389648438,207.29000854492188,84702500,0.0,0.0,0.0
2017-04-27,238.77000427246094,238.9499969482422,237.97999572753906,238.60000610351562,207.4638671875,57410300,0.0,0.0,0.0
2017-04-28,238.89999389648438,238.92999267578125,237.92999267578125,238.0800018310547,207.01171875,63532800,0.0,0.0,0.0
2017-05-01,238.67999267578125,239.1699981689453,238.1999969482422,238.67999267578125,207.533447265625,66882500,0.0,0.0,0.0
2017-05-02,238.83999633789062,238.97999572753906,238.3000030517578,238.77000427246094,207.61166381835938,57375700,0.0,0.0,0.0
2017-05-03,238.77000427246094,238.8800048828125,237.6999969482422,238.47999572753906,207.35951232910156,73137700,0.0,0.0,0.0
2017-05-04,238.8300018310547,238.9199981689453,237.77999877929688,238.75999450683594,207.6029815673828,61462700,0.0,0.0,0.0
2017-05-05,239.19000244140625,239.72000122070312,238.67999267578125,239.6999969482422,208.4203338623047,62001300,0.0,0.0,0.0
2017-05-08,239.75,239.9199981689453,239.1699981689453,239.66000366210938,208.38555908203125,48385700,0.0,0.0,0.0
2017-05-09,239.9600067138672,240.19000244140625,239.0399932861328,239.44000244140625,208.19424438476562,51363200,0.0,0.0,0.0
2017-05-10,239.38999938964844,239.8699951171875,239.14999389648438,239.8699951171875,208.568115234375,54293800,0.0,0.0,0.0
2017-05-11,239.35000610351562,239.57000732421875,238.1300048828125,239.3800048828125,208.1420440673828,62358300,0.0,0.0,0.0
2017-05-12,239.08999633789062,239.42999267578125,238.6699981689453,238.97999572753906,207.7942657470703,53912700,0.0,0.0,0.0
2017-05-15,239.47000122070312,240.44000244140625,239.4499969482422,240.3000030517578,208.94203186035156,61918900,0.0,0.0,0.0
2017-05-16,240.63999938964844,240.6699981689453,239.6300048828125,240.0800018310547,208.75070190429688,51241800,0.0,0.0,0.0
2017-05-17,240.0800018310547,240.0800018310547,235.75,235.82000732421875,205.04664611816406,172174100,0.0,0.0,0.0
2017-05-18,235.72999572753906,237.75,235.42999267578125,236.77000427246094,205.8726806640625,107047700,0.0,0.0,0.0
2017-05-19,237.3300018310547,239.0800018310547,237.27000427246094,238.30999755859375,207.21173095703125,115011400,0.0,0.0,0.0
2017-05-22,238.89999389648438,239.7100067138672,238.82000732421875,239.52000427246094,208.26382446289062,61010600,0.0,0.0,0.0
2017-05-23,239.9499969482422,240.24000549316406,239.50999450683594,240.0500030517578,208.72463989257812,48341700,0.0,0.0,0.0
2017-05-24,240.32000732421875,240.72999572753906,239.92999267578125,240.61000061035156,209.2115936279297,46927700,0.0,0.0,0.0
2017-05-25,241.1999969482422,242.0800018310547,240.9600067138672,241.75999450683594,210.21151733398438,64071700,0.0,0.0,0.0
2017-05-26,241.5399932861328,241.89999389648438,241.4499969482422,241.7100067138672,210.1680145263672,46629900,0.0,0.0,0.0
2017-05-30,241.33999633789062,241.7899932861328,241.16000366210938,241.5,209.9854278564453,35201900,0.0,0.0,0.0
2017-05-31,241.83999633789062,241.8800048828125,240.63999938964844,241.44000244140625,209.93325805664062,91796000,0.0,0.0,0.0
2017-06-01,241.97000122070312,243.3800048828125,241.63999938964844,243.36000061035156,211.60272216796875,68962000,0.0,0.0,0.0
2017-06-02,243.4199981689453,244.35000610351562,243.0800018310547,244.1699981689453,212.3070068359375,88666100,0.0,0.0,0.0
2017-06-05,243.97000122070312,244.3000030517578,243.75999450683594,243.99000549316406,212.15049743652344,44698800,0.0,0.0,0.0
2017-06-06,243.33999633789062,243.97999572753906,243.1199951171875,243.2100067138672,211.47232055664062,50375400,0.0,0.0,0.0
2017-06-07,243.60000610351562,243.9199981689453,242.8300018310547,243.66000366210938,211.86355590820312,54144300,0.0,0.0,0.0
2017-06-08,243.77000427246094,244.3300018310547,243.1699981689453,243.77999877929688,211.96791076660156,65950700,0.0,0.0,0.0
2017-06-09,244.08999633789062,245.00999450683594,241.9499969482422,243.41000366210938,211.6461181640625,132256400,0.0,0.0,0.0
2017-06-12,243.1300048828125,243.4199981689453,242.3800048828125,243.36000061035156,211.60272216796875,86108100,0.0,0.0,0.0
2017-06-13,243.97999572753906,244.61000061035156,243.5800018310547,244.5500030517578,212.63739013671875,60067000,0.0,0.0,0.0
2017-06-14,244.86000061035156,244.8699951171875,243.2899932861328,244.24000549316406,212.3678436279297,78602300,0.0,0.0,0.0
2017-06-15,242.67999267578125,243.91000366210938,242.36000061035156,243.77000427246094,211.95919799804688,66464900,0.0,0.0,0.0
2017-06-16,242.77000427246094,242.8300018310547,241.6300048828125,242.63999938964844,212.00552368164062,84553100,1.183,0.0,0.0
2017-06-19,243.58999633789062,244.72999572753906,243.47999572753906,244.66000366210938,213.77049255371094,65123800,0.0,0.0,0.0
2017-06-20,244.25,244.25999450683594,242.99000549316406,243.00999450683594,212.32876586914062,56906400,0.0,0.0,0.0
2017-06-21,243.4600067138672,243.58999633789062,242.41000366210938,242.9499969482422,212.27633666992188,55977600,0.0,0.0,0.0
2017-06-22,242.9600067138672,243.52999877929688,242.63999938964844,242.83999633789062,212.1802520751953,44148100,0.0,0.0,0.0
2017-06-23,242.91000366210938,243.50999450683594,242.47000122070312,243.1300048828125,212.43365478515625,66986800,0.0,0.0,0.0
2017-06-26,243.89999389648438,244.3800048828125,243.0500030517578,243.2899932861328,212.57345581054688,56700500,0.0,0.0,0.0
2017-06-27,243.0399932861328,243.3800048828125,241.30999755859375,241.3300018310547,210.86090087890625,82247700,0.0,0.0,0.0
2017-06-28,242.5,243.72000122070312,242.22999572753906,243.49000549316406,212.74822998046875,70042600,0.0,0.0,0.0
2017-06-29,243.66000366210938,243.72000122070312,239.9600067138672,241.35000610351562,210.87843322753906,106949700,0.0,0.0,0.0
2017-06-30,242.27999877929688,242.7100067138672,241.5800018310547,241.8000030517578,211.27157592773438,86820700,0.0,0.0,0.0
2017-07-03,242.8800048828125,243.3800048828125,242.2100067138672,242.2100067138672,211.6298065185547,39153800,0.0,0.0,0.0
2017-07-05,242.6300048828125,243.00999450683594,241.6999969482422,242.77000427246094,212.1190643310547,54427600,0.0,0.0,0.0
2017-07-06,241.88999938964844,242.02999877929688,240.33999633789062,240.5500030517578,210.17942810058594,65400800,0.0,0.0,0.0
2017-07-07,241.2100067138672,242.27999877929688,240.55999755859375,242.11000061035156,211.54241943359375,57972300,0.0,0.0,0.0
2017-07-10,242.11000061035156,242.8000030517578,241.75999450683594,242.3699951171875,211.7695770263672,36663300,0.0,0.0,0.0
2017-07-11,242.3699951171875,242.5500030517578,240.85000610351562,242.19000244140625,211.6123504638672,50354600,0.0,0.0,0.0
2017-07-12,243.3000030517578,244.1999969482422,243.3000030517578,244.00999450683594,213.2025604248047,59610400,0.0,0.0,0.0
2017-07-13,244.02000427246094,244.5500030517578,243.75999450683594,244.4199981689453,213.56077575683594,39471600,0.0,0.0,0.0
2017-07-14,244.4199981689453,245.97000122070312,244.30999755859375,245.55999755859375,214.55685424804688,60262700,0.0,0.0,0.0
2017-07-17,245.47000122070312,245.91000366210938,245.3300018310547,245.52999877929688,214.53060913085938,33531900,0.0,0.0,0.0
2017-07-18,245.05999755859375,245.72000122070312,244.6699981689453,245.66000366210938,214.6442108154297,42742500,0.0,0.0,0.0
2017-07-19,246.02000427246094,247.0,246.00999450683594,246.99000549316406,215.80633544921875,51034300,0.0,0.0,0.0
2017-07-20,247.27999877929688,247.4199981689453,246.47000122070312,247.10000610351562,215.90243530273438,47135200,0.0,0.0,0.0
2017-07-21,246.44000244140625,246.91000366210938,246.17999267578125,246.8800048828125,215.71018981933594,82340800,0.0,0.0,0.0
2017-07-24,246.7899932861328,246.97999572753906,246.27999877929688,246.82000732421875,215.65782165527344,46622300,0.0,0.0,0.0
2017-07-25,247.67999267578125,247.8000030517578,247.16000366210938,247.4199981689453,216.18203735351562,54915600,0.0,0.0,0.0
2017-07-26,247.75,247.7899932861328,247.1300048828125,247.42999267578125,216.1907958984375,47575400,0.0,0.0,0.0
2017-07-27,247.9600067138672,248.0,245.67999267578125,247.1999969482422,215.98977661132812,70766600,0.0,0.0,0.0
2017-07-28,246.64999389648438,247.05999755859375,246.1300048828125,246.91000366210938,215.7364044189453,50088400,0.0,0.0,0.0
2017-07-31,247.3699951171875,247.47999572753906,246.52999877929688,246.77000427246094,215.61412048339844,65838700,0.0,0.0,0.0
2017-08-01,247.4600067138672,247.5,246.72000122070312,247.32000732421875,216.0946807861328,55050400,0.0,0.0,0.0
2017-08-02,247.47000122070312,247.60000610351562,246.3699951171875,247.44000244140625,216.19952392578125,47211200,0.0,0.0,0.0
2017-08-03,247.30999755859375,247.33999633789062,246.63999938964844,246.9600067138672,215.78012084960938,40856000,0.0,0.0,0.0
2017-08-04,247.52000427246094,247.7899932861328,246.97000122070312,247.41000366210938,216.17323303222656,60191800,0.0,0.0,0.0
2017-08-07,247.49000549316406,247.8699951171875,247.3699951171875,247.8699951171875,216.57522583007812,31995000,0.0,0.0,0.0
2017-08-08,247.50999450683594,248.91000366210938,246.8300018310547,247.25999450683594,216.0421905517578,61719400,0.0,0.0,0.0
2017-08-09,246.47000122070312,247.30999755859375,246.05999755859375,247.25,216.0334930419922,62632600,0.0,0.0,0.0
2017-08-10,246.2899932861328,246.44000244140625,243.6999969482422,243.75999450683594,212.98410034179688,120479500,0.0,0.0,0.0
2017-08-11,244.02000427246094,244.8000030517578,243.75,244.1199951171875,213.29861450195312,74869900,0.0,0.0,0.0
2017-08-14,245.58999633789062,246.7899932861328,245.5500030517578,246.5399932861328,215.4130859375,73291900,0.0,0.0,0.0
2017-08-15,246.97999572753906,247.0,246.16000366210938,246.50999450683594,215.38693237304688,55242700,0.0,0.0,0.0
2017-08-16,247.11000061035156,247.57000732421875,246.4499969482422,246.94000244140625,215.76260375976562,56715500,0.0,0.0,0.0
2017-08-17,246.24000549316406,246.60000610351562,243.08999633789062,243.08999633789062,212.39871215820312,128490400,0.0,0.0,0.0
2017-08-18,242.89999389648438,244.19000244140625,242.1999969482422,242.7100067138672,212.06666564941406,136748000,0.0,0.0,0.0
2017-08-21,242.63999938964844,243.1999969482422,241.8300018310547,242.89999389648438,212.23268127441406,65469700,0.0,0.0,0.0
2017-08-22,243.57000732421875,245.6199951171875,243.5500030517578,245.44000244140625,214.45205688476562,63140100,0.0,0.0,0.0
2017-08-23,244.3300018310547,245.0500030517578,244.16000366210938,244.55999755859375,213.68312072753906,50203800,0.0,0.0,0.0
2017-08-24,245.0,245.17999267578125,243.75,243.99000549316406,213.18504333496094,50741700,0.0,0.0,0.0
2017-08-25,244.89999389648438,245.61000061035156,244.38999938964844,244.55999755859375,213.68312072753906,64445900,0.0,0.0,0.0
2017-08-28,245.1699981689453,245.1999969482422,244.08999633789062,244.57000732421875,213.69183349609375,40565600,0.0,0.0,0.0
2017-08-29,243.05999755859375,245.14999389648438,242.92999267578125,244.85000610351562,213.9365234375,51135700,0.0,0.0,0.0
2017-08-30,244.8300018310547,246.32000732421875,244.6199951171875,246.00999450683594,214.95004272460938,62030800,0.0,0.0,0.0
2017-08-31,246.72000122070312,247.77000427246094,246.0500030517578,247.49000549316406,216.24317932128906,103803900,0.0,0.0,0.0
2017-09-01,247.9199981689453,248.3300018310547,247.6699981689453,247.83999633789062,216.5490264892578,62007000,0.0,0.0,0.0
2017-09-05,247.25999450683594,247.52000427246094,244.9499969482422,246.05999755859375,214.9937286376953,91398800,0.0,0.0,0.0
2017-09-06,246.83999633789062,247.27999877929688,246.22999572753906,246.89999389648438,215.72764587402344,57916900,0.0,0.0,0.0
2017-09-07,247.25,247.27000427246094,246.39999389648438,246.8699951171875,215.70144653320312,58034700,0.0,0.0,0.0
2017-09-08,246.5399932861328,247.11000061035156,246.3000030517578,246.5800018310547,215.44808959960938,63832800,0.0,0.0,0.0
2017-09-11,248.0399932861328,249.3000030517578,248.02000427246094,249.2100067138672,217.74606323242188,71364800,0.0,0.0,0.0
2017-09-12,249.6300048828125,250.08999633789062,249.4199981689453,250.0500030517578,218.47994995117188,56896000,0.0,0.0,0.0
2017-09-13,249.72000122070312,250.2100067138672,249.58999633789062,250.1699981689453,218.58477783203125,59228000,0.0,0.0,0.0
2017-09-14,249.8000030517578,250.32000732421875,249.60000610351562,250.08999633789062,218.514892578125,95446300,0.0,0.0,0.0
2017-09-15,248.69000244140625,249.2899932861328,248.57000732421875,249.19000244140625,218.80906677246094,95432400,1.235,0.0,0.0
2017-09-18,249.61000061035156,250.1199951171875,249.27999877929688,249.72000122070312,219.27442932128906,46235200,0.0,0.0,0.0
2017-09-19,250.0,250.07000732421875,249.60000610351562,249.97000122070312,219.4939727783203,47108100,0.0,0.0,0.0
2017-09-20,250.07000732421875,250.19000244140625,248.9199981689453,250.05999755859375,219.572998046875,59574100,0.0,0.0,0.0
2017-09-21,249.8800048828125,249.97999572753906,249.19000244140625,249.38999938964844,218.9846954345703,48211400,0.0,0.0,0.0
2017-09-22,249.0500030517578,249.6300048828125,249.02000427246094,249.44000244140625,219.02857971191406,51214000,0.0,0.0,0.0
2017-09-25,249.14999389648438,249.5500030517578,248.0800018310547,248.92999267578125,218.5807647705078,57064400,0.0,0.0,0.0
2017-09-26,249.4199981689453,249.6999969482422,248.80999755859375,249.0800018310547,218.71249389648438,54082000,0.0,0.0,0.0
2017-09-27,249.8800048828125,250.49000549316406,248.8699951171875,250.0500030517578,219.564208984375,81001400,0.0,0.0,0.0
2017-09-28,249.72999572753906,250.44000244140625,249.6300048828125,250.35000610351562,219.82765197753906,44778800,0.0,0.0,0.0
2017-09-29,250.33999633789062,251.32000732421875,250.1300048828125,251.22999572753906,220.60035705566406,85578000,0.0,0.0,0.0
2017-10-02,251.49000549316406,252.32000732421875,251.2899932861328,252.32000732421875,221.55747985839844,59023000,0.0,0.0,0.0
2017-10-03,252.32000732421875,252.88999938964844,252.22999572753906,252.86000061035156,222.03164672851562,66810200,0.0,0.0,0.0
2017-10-04,252.69000244140625,253.44000244140625,252.55999755859375,253.16000366210938,222.2950897216797,55953600,0.0,0.0,0.0
2017-10-05,253.5399932861328,254.67999267578125,253.1999969482422,254.66000366210938,223.6121826171875,63522800,0.0,0.0,0.0
2017-10-06,254.14999389648438,254.6999969482422,253.85000610351562,254.3699951171875,223.35751342773438,80646000,0.0,0.0,0.0
2017-10-09,254.6300048828125,254.6999969482422,253.64999389648438,253.9499969482422,222.98870849609375,35803100,0.0,0.0,0.0
2017-10-10,254.60000610351562,255.0500030517578,253.97999572753906,254.6199951171875,223.57705688476562,43057400,0.0,0.0,0.0
2017-10-11,254.50999450683594,255.02000427246094,254.32000732421875,255.02000427246094,223.9282684326172,47674300,0.0,0.0,0.0
2017-10-12,254.66000366210938,255.05999755859375,254.3699951171875,254.63999938964844,223.59463500976562,47065100,0.0,0.0,0.0
2017-10-13,255.13999938964844,255.27000427246094,254.63999938964844,254.9499969482422,223.8668212890625,54800400,0.0,0.0,0.0
2017-10-16,255.2100067138672,255.50999450683594,254.82000732421875,255.2899932861328,224.16539001464844,38221700,0.0,0.0,0.0
2017-10-17,255.22999572753906,255.52000427246094,254.97999572753906,255.47000122070312,224.32339477539062,31561000,0.0,0.0,0.0
2017-10-18,255.89999389648438,255.9499969482422,255.5,255.72000122070312,224.54295349121094,40888300,0.0,0.0,0.0
2017-10-19,254.8300018310547,255.8300018310547,254.35000610351562,255.7899932861328,224.60438537597656,61903800,0.0,0.0,0.0
2017-10-20,256.70001220703125,257.1400146484375,255.77000427246094,257.1099853515625,225.7635040283203,89176400,0.0,0.0,0.0
2017-10-23,257.4800109863281,257.510009765625,256.0199890136719,256.1099853515625,224.8853759765625,63915300,0.0,0.0,0.0
2017-10-24,256.6000061035156,256.8299865722656,256.1499938964844,256.55999755859375,225.28050231933594,66935900,0.0,0.0,0.0
2017-10-25,256.17999267578125,256.30999755859375,254.0,255.2899932861328,224.16539001464844,103715300,0.0,0.0,0.0
2017-10-26,255.99000549316406,256.29998779296875,255.47999572753906,255.6199951171875,224.45510864257812,69798000,0.0,0.0,0.0
2017-10-27,256.4700012207031,257.8900146484375,255.6300048828125,257.7099914550781,226.29031372070312,85562500,0.0,0.0,0.0
2017-10-30,256.4700012207031,257.6000061035156,256.4100036621094,256.75,225.44737243652344,54285700,0.0,0.0,0.0
2017-10-31,257.17999267578125,257.44000244140625,256.80999755859375,257.1499938964844,225.798583984375,60304800,0.0,0.0,0.0
2017-11-01,258.0400085449219,258.42999267578125,257.07000732421875,257.489990234375,226.09710693359375,54202700,0.0,0.0,0.0
2017-11-02,257.4100036621094,257.75,256.19000244140625,257.5899963378906,226.18495178222656,56449500,0.0,0.0,0.0
2017-11-03,257.7699890136719,258.5,257.29998779296875,258.45001220703125,226.9401092529297,59589700,0.0,0.0,0.0
2017-11-06,258.29998779296875,259.0,258.2200012207031,258.8500061035156,227.29136657714844,49652600,0.0,0.0,0.0
2017-11-07,258.9700012207031,259.3500061035156,258.0899963378906,258.6700134277344,227.13330078125,57502200,0.0,0.0,0.0
2017-11-08,258.4700012207031,259.2200012207031,258.1499938964844,259.1099853515625,227.51962280273438,50469600,0.0,0.0,0.0
2017-11-09,257.7300109863281,258.3900146484375,256.3599853515625,258.1700134277344,226.69422912597656,95085500,0.0,0.0,0.0
2017-11-10,257.7300109863281,258.2900085449219,257.3699951171875,258.0899963378906,226.62400817871094,59984700,0.0,0.0,0.0
2017-11-13,257.30999755859375,258.5899963378906,257.2699890136719,258.3299865722656,226.83470153808594,50228600,0.0,0.0,0.0
2017-11-14,257.4100036621094,257.8500061035156,256.5199890136719,257.7300109863281,226.30792236328125,61315200,0.0,0.0,0.0
2017-11-15,256.6199951171875,257.2200012207031,255.6300048828125,256.44000244140625,225.17520141601562,80811500,0.0,0.0,0.0
2017-11-16,257.5199890136719,259.0400085449219,257.4700012207031,258.6199951171875,227.08935546875,67777000,0.0,0.0,0.0
2017-11-17,258.2200012207031,258.5899963378906,257.7699890136719,257.8599853515625,226.42202758789062,75756800,0.0,0.0,0.0
2017-11-20,258.1400146484375,258.5199890136719,257.8599853515625,258.29998779296875,226.8084259033203,48075500,0.0,0.0,0.0
2017-11-21,259.17999267578125,260.20001220703125,258.260009765625,259.989990234375,228.29229736328125,69176800,0.0,0.0,0.0
2017-11-22,260.0,260.1499938964844,259.57000732421875,259.760009765625,228.09042358398438,45033400,0.0,0.0,0.0
2017-11-24,260.32000732421875,260.4800109863281,260.1600036621094,260.3599853515625,228.61721801757812,27856500,0.0,0.0,0.0
2017-11-27,260.4100036621094,260.75,260.0,260.2300109863281,228.50314331054688,52274900,0.0,0.0,0.0
2017-11-28,260.760009765625,262.8999938964844,260.6499938964844,262.8699951171875,230.82122802734375,98971700,0.0,0.0,0.0
2017-11-29,263.0199890136719,263.6300048828125,262.20001220703125,262.7099914550781,230.68075561523438,77512100,0.0,0.0,0.0
2017-11-30,263.760009765625,266.04998779296875,263.6700134277344,265.010009765625,232.7003631591797,127894400,0.0,0.0,0.0
2017-12-01,264.760009765625,265.30999755859375,260.760009765625,264.4599914550781,232.2173309326172,164390900,0.0,0.0,0.0
2017-12-04,266.30999755859375,266.79998779296875,264.0799865722656,264.1400146484375,231.9364013671875,94040600,0.0,0.0,0.0
2017-12-05,263.19000244140625,265.1499938964844,263.0400085449219,263.19000244140625,231.1022186279297,77994500,0.0,0.0,0.0
2017-12-06,263.29998779296875,263.7300109863281,262.7099914550781,263.239990234375,231.1460723876953,75898600,0.0,0.0,0.0
2017-12-07,264.07000732421875,264.42999267578125,262.94000244140625,264.07000732421875,231.8749237060547,77218600,0.0,0.0,0.0
2017-12-08,265.1600036621094,265.5199890136719,264.0299987792969,265.510009765625,233.13937377929688,76563900,0.0,0.0,0.0
2017-12-11,266.30999755859375,266.3800048828125,265.4800109863281,266.30999755859375,233.84182739257812,83077500,0.0,0.0,0.0
2017-12-12,267.2099914550781,267.32000732421875,266.3500061035156,266.7799987792969,234.2545928955078,85195800,0.0,0.0,0.0
2017-12-13,267.05999755859375,267.55999755859375,266.6499938964844,266.75,234.2282257080078,102905400,0.0,0.0,0.0
2017-12-14,267.0899963378906,267.2200012207031,265.6000061035156,265.6600036621094,233.27113342285156,100666700,0.0,0.0,0.0
2017-12-15,265.45001220703125,267.0400085449219,265.3900146484375,266.510009765625,235.21360778808594,144610300,1.351,0.0,0.0
2017-12-18,268.1000061035156,268.6000061035156,267.9800109863281,268.20001220703125,236.7051544189453,83653600,0.0,0.0,0.0
2017-12-19,268.4800109863281,268.5299987792969,267.0899963378906,267.1700134277344,235.79611206054688,82382900,0.0,0.0,0.0
2017-12-20,268.2699890136719,268.3299865722656,266.69000244140625,267.0299987792969,235.67257690429688,76751500,0.0,0.0,0.0
2017-12-21,267.739990234375,268.3900146484375,267.29998779296875,267.5799865722656,236.157958984375,67032300,0.0,0.0,0.0
2017-12-22,267.6000061035156,267.6400146484375,266.8999938964844,267.510009765625,236.09617614746094,78720900,0.0,0.0,0.0
2017-12-26,267.04998779296875,267.44000244140625,266.8900146484375,267.19000244140625,235.81378173828125,45244400,0.0,0.0,0.0
2017-12-27,267.3800048828125,267.7300109863281,267.010009765625,267.32000732421875,235.92849731445312,57751000,0.0,0.0,0.0
2017-12-28,267.8900146484375,267.9200134277344,267.45001220703125,267.8699951171875,236.41384887695312,45116100,0.0,0.0,0.0
2017-12-29,268.5299987792969,268.54998779296875,266.6400146484375,266.8599853515625,235.52249145507812,96007400,0.0,0.0,0.0
2018-01-02,267.8399963378906,268.80999755859375,267.3999938964844,268.7699890136719,237.20826721191406,86655700,0.0,0.0,0.0
2018-01-03,268.9599914550781,270.6400146484375,268.9599914550781,270.4700012207031,238.70863342285156,90070400,0.0,0.0,0.0
2018-01-04,271.20001220703125,272.1600036621094,270.5400085449219,271.6099853515625,239.71469116210938,80636400,0.0,0.0,0.0
2018-01-05,272.510009765625,273.55999755859375,271.95001220703125,273.4200134277344,241.3122100830078,83524000,0.0,0.0,0.0
2018-01-08,273.30999755859375,274.1000061035156,272.9800109863281,273.9200134277344,241.7535400390625,57319200,0.0,0.0,0.0
2018-01-09,274.3999938964844,275.25,274.0799865722656,274.5400085449219,242.30064392089844,57254000,0.0,0.0,0.0
2018-01-10,273.67999267578125,274.4200134277344,272.9200134277344,274.1199951171875,241.929931640625,69574300,0.0,0.0,0.0
2018-01-11,274.75,276.1199951171875,274.55999755859375,276.1199951171875,243.69509887695312,62361500,0.0,0.0,0.0
2018-01-12,276.4200134277344,278.1099853515625,276.0799865722656,277.9200134277344,245.2837371826172,90816100,0.0,0.0,0.0
2018-01-16,279.3500061035156,280.0899963378906,276.17999267578125,276.9700012207031,244.44529724121094,106555100,0.0,0.0,0.0
2018-01-17,278.0299987792969,280.04998779296875,276.9700012207031,279.6099853515625,246.7752685546875,113258800,0.0,0.0,0.0
2018-01-18,279.4800109863281,279.9599914550781,278.5799865722656,279.1400146484375,246.3604278564453,100728000,0.0,0.0,0.0
2018-01-19,279.79998779296875,280.4100036621094,279.1400146484375,280.4100036621094,247.4813690185547,140920100,0.0,0.0,0.0
2018-01-22,280.1700134277344,282.69000244140625,280.1099853515625,282.69000244140625,249.4935760498047,91322400,0.0,0.0,0.0
2018-01-23,282.739990234375,283.6199951171875,282.3699951171875,283.2900085449219,250.02320861816406,97084700,0.0,0.0,0.0
2018-01-24,284.0199890136719,284.70001220703125,281.8399963378906,283.17999267578125,249.9260711669922,134816100,0.0,0.0,0.0
2018-01-25,284.1600036621094,284.2699890136719,282.3999938964844,283.29998779296875,250.0320281982422,84587300,0.0,0.0,0.0
2018-01-26,284.25,286.6300048828125,283.9599914550781,286.5799865722656,252.92669677734375,107743100,0.0,0.0,0.0
2018-01-29,285.92999267578125,286.42999267578125,284.5,284.67999267578125,251.24990844726562,90118300,0.0,0.0,0.0
2018-01-30,282.6000061035156,284.739990234375,281.2200012207031,281.760009765625,248.67282104492188,131796400,0.0,0.0,0.0
2018-01-31,282.7300109863281,283.29998779296875,280.67999267578125,281.8999938964844,248.79637145996094,108364800,0.0,0.0,0.0
2018-02-01,281.07000732421875,283.05999755859375,280.67999267578125,281.5799865722656,248.51390075683594,90102500,0.0,0.0,0.0
2018-02-02,280.0799865722656,280.2300109863281,275.4100036621094,275.45001220703125,243.10377502441406,173174800,0.0,0.0,0.0
2018-02-05,273.45001220703125,275.8500061035156,263.30999755859375,263.92999267578125,232.9365997314453,294681800,0.0,0.0,0.0
2018-02-06,259.94000244140625,269.70001220703125,258.70001220703125,269.1300048828125,237.52597045898438,355026800,0.0,0.0,0.0
2018-02-07,268.5,272.3599853515625,267.5799865722656,267.6700134277344,236.23739624023438,167376100,0.0,0.0,0.0
2018-02-08,268.010009765625,268.1700134277344,257.5899963378906,257.6300048828125,227.37637329101562,246449500,0.0,0.0,0.0
2018-02-09,260.79998779296875,263.6099853515625,252.9199981689453,261.5,230.79197692871094,283565300,0.0,0.0,0.0
2018-02-12,263.8299865722656,267.010009765625,261.6600036621094,265.3399963378906,234.1810302734375,143736000,0.0,0.0,0.0
2018-02-13,263.9700012207031,266.6199951171875,263.30999755859375,266.0,234.76348876953125,81223600,0.0,0.0,0.0
2018-02-14,264.30999755859375,270.0,264.29998779296875,269.5899963378906,237.93190002441406,120735700,0.0,0.0,0.0
2018-02-15,271.57000732421875,273.0400085449219,268.7699890136719,273.0299987792969,240.96792602539062,111200300,0.0,0.0,0.0
2018-02-16,272.32000732421875,275.32000732421875,272.2699890136719,273.1099853515625,241.03855895996094,160420100,0.0,0.0,0.0
2018-02-20,272.0299987792969,273.6700134277344,270.5,271.3999938964844,239.5293731689453,86369700,0.0,0.0,0.0
2018-02-21,271.8999938964844,274.7200012207031,269.94000244140625,270.04998779296875,238.33792114257812,98883700,0.0,0.0,0.0
2018-02-22,271.1000061035156,273.04998779296875,269.6400146484375,270.3999938964844,238.64675903320312,110511300,0.0,0.0,0.0
2018-02-23,271.7900085449219,274.7099914550781,271.25,274.7099914550781,242.45065307617188,92766400,0.0,0.0,0.0
2018-02-26,275.92999267578125,278.010009765625,275.260009765625,277.8999938964844,245.26608276367188,86491400,0.0,0.0,0.0
2018-02-27,278.1099853515625,278.9200134277344,274.3599853515625,274.42999267578125,242.20359802246094,99099200,0.0,0.0,0.0
2018-02-28,275.67999267578125,276.19000244140625,271.2900085449219,271.6499938964844,239.75001525878906,121907800,0.0,0.0,0.0
2018-03-01,271.4100036621094,273.1700134277344,266.0,267.70001220703125,236.2638702392578,176855100,0.0,0.0,0.0
2018-03-02,265.79998779296875,269.7200012207031,264.82000732421875,269.0799865722656,237.48179626464844,139083200,0.0,0.0,0.0
2018-03-05,267.7300109863281,272.8900146484375,267.6099853515625,272.19000244140625,240.2266845703125,97307400,0.0,0.0,0.0
2018-03-06,273.29998779296875,273.3900146484375,271.17999267578125,272.8800048828125,240.83558654785156,79213200,0.0,0.0,0.0
2018-03-07,270.4200134277344,273.17999267578125,270.20001220703125,272.7799987792969,240.74734497070312,87063500,0.0,0.0,0.0
2018-03-08,273.54998779296875,274.239990234375,272.4200134277344,274.1000061035156,241.912353515625,66901200,0.0,0.0,0.0
2018-03-09,275.70001220703125,278.8699951171875,275.3399963378906,278.8699951171875,246.1221466064453,113625300,0.0,0.0,0.0
2018-03-12,279.20001220703125,279.9100036621094,278.0799865722656,278.5199890136719,245.813232421875,71924800,0.0,0.0,0.0
2018-03-13,279.8399963378906,280.4100036621094,276.0299987792969,276.7200012207031,244.22463989257812,91968900,0.0,0.0,0.0
2018-03-14,277.80999755859375,278.0199890136719,274.6700134277344,275.29998779296875,242.97140502929688,105895100,0.0,0.0,0.0
2018-03-15,275.8800048828125,276.6099853515625,274.42999267578125,275.0,242.7066650390625,83433000,0.0,0.0,0.0
2018-03-16,274.5,275.3900146484375,274.1400146484375,274.20001220703125,242.96981811523438,100343700,1.097,0.0,0.0
2018-03-19,273.3500061035156,274.3999938964844,268.6199951171875,270.489990234375,239.68228149414062,109208400,0.0,0.0,0.0
2018-03-20,270.94000244140625,271.6700134277344,270.17999267578125,270.95001220703125,240.0900115966797,59757300,0.0,0.0,0.0
2018-03-21,270.8999938964844,273.2699890136719,270.19000244140625,270.42999267578125,239.62921142578125,78709600,0.0,0.0,0.0
2018-03-22,267.9100036621094,268.8699951171875,263.3599853515625,263.6700134277344,233.6391143798828,148785900,0.0,0.0,0.0
2018-03-23,264.1700134277344,264.5400085449219,257.8299865722656,258.04998779296875,228.6592559814453,183534800,0.0,0.0,0.0
2018-03-26,262.1300048828125,265.42999267578125,259.4100036621094,265.1099853515625,234.91506958007812,141956100,0.0,0.0,0.0
2018-03-27,266.1700134277344,266.7699890136719,258.8399963378906,260.6000061035156,230.91879272460938,129941400,0.0,0.0,0.0
2018-03-28,260.75,262.6400146484375,258.5799865722656,259.8299865722656,230.2365264892578,146452300,0.0,0.0,0.0
2018-03-29,261.1199951171875,265.260009765625,259.8399963378906,263.1499938964844,233.17837524414062,111601600,0.0,0.0,0.0
2018-04-02,262.54998779296875,263.1300048828125,254.6699981689453,257.4700012207031,228.14529418945312,186286300,0.0,0.0,0.0
2018-04-03,258.8699951171875,261.30999755859375,256.8399963378906,260.7699890136719,231.06944274902344,119956900,0.0,0.0,0.0
2018-04-04,256.75,264.3599853515625,256.6000061035156,263.55999755859375,233.54164123535156,123715300,0.0,0.0,0.0
2018-04-05,265.54998779296875,266.6400146484375,264.32000732421875,265.6400146484375,235.3847198486328,82652600,0.0,0.0,0.0
2018-04-06,263.4200134277344,265.1099853515625,258.0,259.7200012207031,230.1390380859375,179521200,0.0,0.0,0.0
2018-04-09,261.3699951171875,264.8399963378906,259.94000244140625,261.0,231.2732391357422,105442900,0.0,0.0,0.0
2018-04-10,264.2699890136719,266.0400085449219,262.9800109863281,265.1499938964844,234.9505615234375,103529000,0.0,0.0,0.0
2018-04-11,263.4700012207031,265.6400146484375,263.3900146484375,263.760009765625,233.71888732910156,91140200,0.0,0.0,0.0
2018-04-12,265.260009765625,267.0,265.05999755859375,265.92999267578125,235.64169311523438,68890500,0.0,0.0,0.0
2018-04-13,267.4100036621094,267.5400085449219,264.010009765625,265.1499938964844,234.9505615234375,85079200,0.0,0.0,0.0
2018-04-16,267.0,268.20001220703125,266.07000732421875,267.3299865722656,236.8822479248047,63405300,0.0,0.0,0.0
2018-04-17,269.3299865722656,270.8699951171875,268.75,270.19000244140625,239.41656494140625,64682000,0.0,0.0,0.0
2018-04-18,270.69000244140625,271.29998779296875,269.8699951171875,270.3900146484375,239.59378051757812,57303900,0.0,0.0,0.0
2018-04-19,269.6499938964844,269.8800048828125,267.7200012207031,268.8900146484375,238.26463317871094,77655900,0.0,0.0,0.0
2018-04-20,268.80999755859375,269.05999755859375,265.6099853515625,266.6099853515625,236.24423217773438,99953100,0.0,0.0,0.0
2018-04-23,267.260009765625,267.8900146484375,265.3500061035156,266.57000732421875,236.20884704589844,65558000,0.0,0.0,0.0
2018-04-24,267.7300109863281,267.9800109863281,261.2799987792969,262.9800109863281,233.02774047851562,112885500,0.0,0.0,0.0
2018-04-25,262.9100036621094,264.1300048828125,260.8500061035156,263.6300048828125,233.60366821289062,103840900,0.0,0.0,0.0
2018-04-26,264.7900085449219,267.25,264.2900085449219,266.30999755859375,235.97840881347656,67731900,0.0,0.0,0.0
2018-04-27,267.0,267.3399963378906,265.5,266.55999755859375,236.199951171875,57053600,0.0,0.0,0.0
2018-04-30,267.260009765625,267.8900146484375,264.42999267578125,264.510009765625,234.38352966308594,82182300,0.0,0.0,0.0
2018-05-01,263.8699951171875,265.1000061035156,262.1099853515625,264.9800109863281,234.7999267578125,74203400,0.0,0.0,0.0
2018-05-02,264.760009765625,265.67999267578125,262.760009765625,263.20001220703125,233.2227020263672,86368900,0.0,0.0,0.0
2018-05-03,262.260009765625,263.3599853515625,259.04998779296875,262.6199951171875,232.708740234375,136311500,0.0,0.0,0.0
2018-05-04,261.5199890136719,266.7900085449219,261.1499938964844,266.0199890136719,235.72145080566406,91222100,0.0,0.0,0.0
2018-05-07,266.8900146484375,268.0199890136719,266.1099853515625,266.9200134277344,236.51893615722656,55304900,0.0,0.0,0.0
2018-05-08,266.5,267.3299865722656,265.1499938964844,266.9200134277344,236.51893615722656,67499200,0.0,0.0,0.0
2018-05-09,267.67999267578125,269.8699951171875,267.0899963378906,269.5,238.80506896972656,59666100,0.0,0.0,0.0
2018-05-10,270.3399963378906,272.3900146484375,270.2200012207031,272.0199890136719,241.03810119628906,72063900,0.0,0.0,0.0
2018-05-11,272.1600036621094,273.1499938964844,271.5799865722656,272.8500061035156,241.77352905273438,59871500,0.0,0.0,0.0
2018-05-14,273.3399963378906,274.0799865722656,272.3599853515625,272.9800109863281,241.8887939453125,54790600,0.0,0.0,0.0
2018-05-15,271.5899963378906,271.6099853515625,270.0299987792969,271.1000061035156,240.22283935546875,87036100,0.0,0.0,0.0
2018-05-16,271.1400146484375,272.760009765625,271.1099853515625,272.239990234375,241.2330780029297,53942600,0.0,0.0,0.0
2018-05-17,271.94000244140625,273.2300109863281,271.1300048828125,272.010009765625,241.02931213378906,56536400,0.0,0.0,0.0
2018-05-18,271.6199951171875,272.0299987792969,270.92999267578125,271.3299865722656,240.42672729492188,64368000,0.0,0.0,0.0
2018-05-21,273.010009765625,273.9800109863281,272.57000732421875,273.3699951171875,242.234375,58025900,0.0,0.0,0.0
2018-05-22,273.9599914550781,274.25,272.239990234375,272.6099853515625,241.56089782714844,52966400,0.0,0.0,0.0
2018-05-23,271.1700134277344,273.3900146484375,270.989990234375,273.3599853515625,242.22543334960938,64694200,0.0,0.0,0.0
2018-05-24,272.9100036621094,273.2200012207031,270.7799987792969,272.79998779296875,241.729248046875,76043800,0.0,0.0,0.0
2018-05-25,272.1499938964844,272.8599853515625,271.5799865722656,272.1499938964844,241.15322875976562,56374800,0.0,0.0,0.0
2018-05-29,270.30999755859375,271.1700134277344,267.760009765625,269.0199890136719,238.3798065185547,115908600,0.0,0.0,0.0
2018-05-30,270.5,273.1099853515625,270.4200134277344,272.6099853515625,241.56089782714844,69678400,0.0,0.0,0.0
2018-05-31,272.1499938964844,272.489990234375,270.260009765625,270.94000244140625,240.08106994628906,93519900,0.0,0.0,0.0
2018-06-01,272.4100036621094,273.94000244140625,272.3299865722656,273.6000061035156,242.43814086914062,71258400,0.0,0.0,0.0
2018-06-04,274.5299987792969,275.19000244140625,274.260009765625,274.8999938964844,243.590087890625,45385200,0.0,0.0,0.0
2018-06-05,275.04998779296875,275.5299987792969,274.17999267578125,275.1000061035156,243.76734924316406,51135000,0.0,0.0,0.0
2018-06-06,275.7900085449219,277.5199890136719,275.0899963378906,277.3999938964844,245.80528259277344,62732200,0.0,0.0,0.0
2018-06-07,277.95001220703125,278.2799987792969,276.3399963378906,277.3699951171875,245.77874755859375,72969400,0.0,0.0,0.0
2018-06-08,276.8500061035156,278.25,276.6600036621094,278.19000244140625,246.50540161132812,72139700,0.0,0.0,0.0
2018-06-11,278.44000244140625,279.3699951171875,278.30999755859375,278.55999755859375,246.83319091796875,58892500,0.0,0.0,0.0
2018-06-12,279.0299987792969,279.3299865722656,278.19000244140625,278.9200134277344,247.1522674560547,72329000,0.0,0.0,0.0
2018-06-13,279.19000244140625,279.4800109863281,277.79998779296875,278.0299987792969,246.3636474609375,79070600,0.0,0.0,0.0
2018-06-14,279.010009765625,279.3299865722656,278.05999755859375,278.7300109863281,246.98387145996094,77097600,0.0,0.0,0.0
2018-06-15,276.6000061035156,277.510009765625,275.3500061035156,277.1300048828125,246.66876220703125,120041600,1.246,0.0,0.0
2018-06-18,275.489990234375,276.70001220703125,274.95001220703125,276.55999755859375,246.1614227294922,52917600,0.0,0.0,0.0
2018-06-19,274.0,275.75,273.5299987792969,275.5,245.21792602539062,97531500,0.0,0.0,0.0
2018-06-20,276.2699890136719,276.7200012207031,275.5899963378906,275.9700012207031,245.63626098632812,53785500,0.0,0.0,0.0
2018-06-21,275.9599914550781,275.9800109863281,273.67999267578125,274.239990234375,244.0964813232422,71061400,0.0,0.0,0.0
2018-06-22,275.6600036621094,275.7900085449219,274.489990234375,274.739990234375,244.5414581298828,54898500,0.0,0.0,0.0
2018-06-25,273.44000244140625,273.6199951171875,269.1000061035156,271.0,241.21255493164062,137854200,0.0,0.0,0.0
2018-06-26,271.6400146484375,272.55999755859375,270.7900085449219,271.6000061035156,241.74659729003906,68547400,0.0,0.0,0.0
2018-06-27,272.260009765625,273.8699951171875,269.17999267578125,269.3500061035156,239.7439422607422,105110700,0.0,0.0,0.0
2018-06-28,269.2900085449219,271.75,268.489990234375,270.8900146484375,241.11468505859375,76650500,0.0,0.0,0.0
2018-06-29,272.1199951171875,273.6600036621094,271.1499938964844,271.2799987792969,241.4617462158203,97592500,0.0,0.0,0.0
2018-07-02,269.510009765625,272.0400085449219,269.239990234375,271.8599853515625,241.97799682617188,63554800,0.0,0.0,0.0
2018-07-03,272.8699951171875,272.9800109863281,270.4200134277344,270.8999938964844,241.12355041503906,42187100,0.0,0.0,0.0
2018-07-05,272.1700134277344,273.17999267578125,270.9599914550781,273.1099853515625,243.09063720703125,56925900,0.0,0.0,0.0
2018-07-06,273.1400146484375,275.8399963378906,272.7099914550781,275.4200134277344,245.14674377441406,66493700,0.0,0.0,0.0
2018-07-09,276.54998779296875,277.9599914550781,276.5,277.8999938964844,247.35418701171875,50550400,0.0,0.0,0.0
2018-07-10,278.4100036621094,279.010009765625,278.0799865722656,278.8999938964844,248.24420166015625,51966800,0.0,0.0,0.0
2018-07-11,277.1499938964844,278.0400085449219,276.5199890136719,276.8599853515625,246.42843627929688,77054700,0.0,0.0,0.0
2018-07-12,278.2799987792969,279.42999267578125,277.6000061035156,279.3699951171875,248.66259765625,60124700,0.0,0.0,0.0
2018-07-13,279.1700134277344,279.92999267578125,278.6600036621094,279.5899963378906,248.8583984375,48216000,0.0,0.0,0.0
2018-07-16,279.6400146484375,279.79998779296875,278.8399963378906,279.3399963378906,248.63580322265625,48201000,0.0,0.0,0.0
2018-07-17,278.4700012207031,280.9100036621094,278.4100036621094,280.4700012207031,249.64166259765625,52315500,0.0,0.0,0.0
2018-07-18,280.55999755859375,281.17999267578125,280.05999755859375,281.05999755859375,250.16673278808594,44593500,0.0,0.0,0.0
2018-07-19,280.30999755859375,280.739990234375,279.4599914550781,280.0,249.22329711914062,61412100,0.0,0.0,0.0
2018-07-20,279.7699890136719,280.4800109863281,279.5,279.67999267578125,248.93844604492188,82337700,0.0,0.0,0.0
2018-07-23,279.45001220703125,280.42999267578125,279.05999755859375,280.20001220703125,249.40133666992188,47047600,0.0,0.0,0.0
2018-07-24,281.7900085449219,282.55999755859375,280.6300048828125,281.6099853515625,250.65640258789062,68026900,0.0,0.0,0.0
2018-07-25,281.3299865722656,284.3699951171875,281.2799987792969,284.010009765625,252.7925567626953,78882900,0.0,0.0,0.0
2018-07-26,283.20001220703125,284.1099853515625,283.0899963378906,283.3399963378906,252.19622802734375,57919500,0.0,0.0,0.0
2018-07-27,283.7099914550781,283.82000732421875,280.3800048828125,281.4200134277344,250.4872589111328,76768700,0.0,0.0,0.0
2018-07-30,281.510009765625,281.69000244140625,279.3599853515625,279.95001220703125,249.17881774902344,63742500,0.0,0.0,0.0
2018-07-31,280.80999755859375,282.0199890136719,280.3800048828125,281.3299865722656,250.4070587158203,68570500,0.0,0.0,0.0
2018-08-01,281.55999755859375,282.1300048828125,280.1300048828125,280.8599853515625,249.9888458251953,53853300,0.0,0.0,0.0
2018-08-02,279.3900146484375,282.5799865722656,279.1600036621094,282.3900146484375,251.3506622314453,63426400,0.0,0.0,0.0
2018-08-03,282.5299987792969,283.6600036621094,282.3299865722656,283.6000061035156,252.42770385742188,53935400,0.0,0.0,0.0
2018-08-06,283.6400146484375,284.989990234375,283.20001220703125,284.6400146484375,253.35330200195312,39400900,0.0,0.0,0.0
2018-08-07,285.3900146484375,286.010009765625,285.239990234375,285.5799865722656,254.19000244140625,43196600,0.0,0.0,0.0
2018-08-08,285.3900146484375,285.9100036621094,284.94000244140625,285.4599914550781,254.08311462402344,42114600,0.0,0.0,0.0
2018-08-09,285.5299987792969,285.9700012207031,284.9200134277344,285.07000732421875,253.7360382080078,35717000,0.0,0.0,0.0
2018-08-10,283.45001220703125,284.05999755859375,282.3599853515625,283.1600036621094,252.03599548339844,77076000,0.0,0.0,0.0
2018-08-13,283.4700012207031,284.1600036621094,281.7699890136719,282.1000061035156,251.092529296875,65732900,0.0,0.0,0.0
2018-08-14,282.9200134277344,284.1700134277344,282.4800109863281,283.8999938964844,252.69464111328125,43842000,0.0,0.0,0.0
2018-08-15,282.3800048828125,282.5400085449219,280.1600036621094,281.7799987792969,250.80770874023438,102925400,0.0,0.0,0.0
2018-08-16,283.3999938964844,285.0400085449219,283.3599853515625,284.05999755859375,252.83709716796875,69967900,0.0,0.0,0.0
2018-08-17,283.8299865722656,285.55999755859375,283.3699951171875,285.05999755859375,253.72714233398438,65618500,0.0,0.0,0.0
2018-08-20,285.57000732421875,285.9700012207031,285.05999755859375,285.6700134277344,254.27008056640625,39807500,0.0,0.0,0.0
2018-08-21,286.25,287.30999755859375,285.7099914550781,286.3399963378906,254.86639404296875,67272000,0.0,0.0,0.0
2018-08-22,285.8800048828125,286.760009765625,285.5799865722656,286.1700134277344,254.71517944335938,44993300,0.0,0.0,0.0
2018-08-23,285.9700012207031,286.94000244140625,285.42999267578125,285.7900085449219,254.3768310546875,49204900,0.0,0.0,0.0
2018-08-24,286.44000244140625,287.6700134277344,286.3800048828125,287.510009765625,255.90782165527344,57487400,0.0,0.0,0.0
2018-08-27,288.8599853515625,289.8999938964844,288.67999267578125,289.7799987792969,257.9283447265625,57072400,0.0,0.0,0.0
2018-08-28,290.29998779296875,290.4200134277344,289.3999938964844,289.9200134277344,258.052978515625,46943500,0.0,0.0,0.0
2018-08-29,290.1600036621094,291.739990234375,289.8900146484375,291.4800109863281,259.44146728515625,61485500,0.0,0.0,0.0
2018-08-30,290.94000244140625,291.3599853515625,289.6300048828125,290.29998779296875,258.3912048339844,61229500,0.0,0.0,0.0
2018-08-31,289.8399963378906,290.80999755859375,289.2900085449219,290.30999755859375,258.4001159667969,66140800,0.0,0.0,0.0
2018-09-04,289.8399963378906,290.2099914550781,288.67999267578125,289.80999755859375,257.9550476074219,57594400,0.0,0.0,0.0
2018-09-05,289.4100036621094,289.6400146484375,287.8900146484375,289.0299987792969,257.26080322265625,72452400,0.0,0.0,0.0
2018-09-06,289.1499938964844,289.489990234375,287.0,288.1600036621094,256.4864501953125,65909900,0.0,0.0,0.0
2018-09-07,286.9800109863281,288.70001220703125,286.7099914550781,287.6000061035156,255.98794555664062,73524800,0.0,0.0,0.0
2018-09-10,288.739990234375,289.0400085449219,287.8800048828125,288.1000061035156,256.43304443359375,50210900,0.0,0.0,0.0
2018-09-11,287.3699951171875,289.54998779296875,286.9800109863281,289.04998779296875,257.2785949707031,50530500,0.0,0.0,0.0
2018-09-12,289.05999755859375,289.79998779296875,288.2300109863281,289.1199951171875,257.34088134765625,59810800,0.0,0.0,0.0
2018-09-13,290.32000732421875,291.0400085449219,290.0,290.8299865722656,258.8628234863281,51034200,0.0,0.0,0.0
2018-09-14,291.05999755859375,291.2699890136719,290.0,290.8800048828125,258.9074401855469,55079900,0.0,0.0,0.0
2018-09-17,290.82000732421875,290.8599853515625,289.0299987792969,289.3399963378906,257.53668212890625,68244000,0.0,0.0,0.0
2018-09-18,289.5799865722656,291.5799865722656,289.54998779296875,290.9100036621094,258.93408203125,61930400,0.0,0.0,0.0
2018-09-19,290.9700012207031,291.69000244140625,290.8299865722656,291.2200012207031,259.21002197265625,49080600,0.0,0.0,0.0
2018-09-20,292.6400146484375,293.94000244140625,291.239990234375,293.5799865722656,261.3106994628906,100360600,0.0,0.0,0.0
2018-09-21,293.0899963378906,293.2200012207031,291.80999755859375,291.989990234375,261.0718994140625,105479700,1.323,0.0,0.0
2018-09-24,291.3399963378906,291.5,290.3699951171875,291.0199890136719,260.20465087890625,53409600,0.0,0.0,0.0
2018-09-25,291.5299987792969,291.6499938964844,290.4800109863281,290.75,259.9632568359375,44370000,0.0,0.0,0.0
2018-09-26,290.9100036621094,292.239990234375,289.4100036621094,289.8800048828125,259.185302734375,79739700,0.0,0.0,0.0
2018-09-27,290.4100036621094,291.9100036621094,290.1000061035156,290.69000244140625,259.90960693359375,59249500,0.0,0.0,0.0
2018-09-28,289.989990234375,291.2799987792969,289.95001220703125,290.7200012207031,259.9363708496094,70091400,0.0,0.0,0.0
2018-10-01,292.1099853515625,292.92999267578125,290.9800109863281,291.7300109863281,260.8394470214844,62078900,0.0,0.0,0.0
2018-10-02,291.55999755859375,292.3599853515625,291.1400146484375,291.55999755859375,260.68743896484375,47258200,0.0,0.0,0.0
2018-10-03,292.739990234375,293.2099914550781,291.32000732421875,291.7200012207031,260.83050537109375,64694600,0.0,0.0,0.0
2018-10-04,291.17999267578125,291.239990234375,287.6600036621094,289.44000244140625,258.7919921875,111545900,0.0,0.0,0.0
2018-10-05,289.69000244140625,290.2699890136719,286.2200012207031,287.82000732421875,257.34356689453125,105951700,0.0,0.0,0.0
2018-10-08,287.04998779296875,288.2200012207031,285.5,287.82000732421875,257.34356689453125,87742200,0.0,0.0,0.0
2018-10-09,287.3900146484375,288.8599853515625,286.7699890136719,287.3999938964844,256.9678649902344,74339000,0.0,0.0,0.0
2018-10-10,286.8299865722656,286.9100036621094,277.8800048828125,278.29998779296875,248.83148193359375,214731000,0.0,0.0,0.0
2018-10-11,277.0799865722656,278.8999938964844,270.3599853515625,272.1700134277344,243.35064697265625,274840500,0.0,0.0,0.0
2018-10-12,276.7699890136719,277.0899963378906,272.3699951171875,275.95001220703125,246.73031616210938,183186500,0.0,0.0,0.0
2018-10-15,275.54998779296875,277.0400085449219,274.29998779296875,274.3999938964844,245.34445190429688,102263700,0.0,0.0,0.0
2018-10-16,276.6000061035156,280.82000732421875,276.07000732421875,280.3999938964844,250.7091522216797,118255800,0.0,0.0,0.0
2018-10-17,280.44000244140625,281.1499938964844,277.55999755859375,280.45001220703125,250.7538604736328,110626000,0.0,0.0,0.0
2018-10-18,279.3999938964844,280.07000732421875,274.9700012207031,276.3999938964844,247.13265991210938,134557500,0.0,0.0,0.0
2018-10-19,277.1300048828125,279.29998779296875,275.4700012207031,276.25,246.9985809326172,139901600,0.0,0.0,0.0
2018-10-22,277.0,277.3599853515625,274.4100036621094,275.010009765625,245.88990783691406,82415800,0.0,0.0,0.0
2018-10-23,270.95001220703125,274.8699951171875,268.6099853515625,273.6099853515625,244.6381378173828,146352700,0.0,0.0,0.0
2018-10-24,273.3299865722656,273.760009765625,264.70001220703125,265.32000732421875,237.22593688964844,177806700,0.0,0.0,0.0
2018-10-25,267.3800048828125,271.80999755859375,266.2300109863281,270.0799865722656,241.48184204101562,138061500,0.0,0.0,0.0
2018-10-26,265.9200134277344,271.0,262.2900085449219,265.3299865722656,237.23483276367188,201574600,0.0,0.0,0.0
2018-10-29,268.79998779296875,270.25,259.8500061035156,263.8599853515625,235.92047119140625,160749100,0.0,0.0,0.0
2018-10-30,263.6700134277344,268.1199951171875,263.1199951171875,267.7699890136719,239.41653442382812,157116000,0.0,0.0,0.0
2018-10-31,270.6499938964844,273.2300109863281,270.1199951171875,270.6300048828125,241.97369384765625,128296300,0.0,0.0,0.0
2018-11-01,271.6000061035156,273.7300109863281,270.3800048828125,273.510009765625,244.5487060546875,99495000,0.0,0.0,0.0
2018-11-02,274.75,275.2300109863281,269.5899963378906,271.8900146484375,243.1002960205078,122634100,0.0,0.0,0.0
2018-11-05,272.44000244140625,274.010009765625,271.3500061035156,273.3900146484375,244.44143676757812,65622500,0.0,0.0,0.0
2018-11-06,273.32000732421875,275.29998779296875,273.25,275.1199951171875,245.9882049560547,60085900,0.0,0.0,0.0
2018-11-07,277.55999755859375,281.1000061035156,277.0799865722656,281.010009765625,251.25450134277344,102752100,0.0,0.0,0.0
2018-11-08,280.1099853515625,281.2200012207031,279.2200012207031,280.5,250.79852294921875,65584900,0.0,0.0,0.0
2018-11-09,279.0299987792969,279.239990234375,276.17999267578125,277.760009765625,248.34873962402344,98812600,0.0,0.0,0.0
2018-11-12,277.19000244140625,277.4599914550781,271.989990234375,272.57000732421875,243.708251953125,99673600,0.0,0.0,0.0
2018-11-13,273.0899963378906,275.3299865722656,271.25,272.05999755859375,243.25221252441406,98176600,0.0,0.0,0.0
2018-11-14,274.1600036621094,274.6099853515625,268.45001220703125,270.20001220703125,241.5891876220703,125335900,0.0,0.0,0.0
2018-11-15,268.7799987792969,273.5400085449219,267.010009765625,273.0199890136719,244.11053466796875,135101400,0.0,0.0,0.0
2018-11-16,271.7900085449219,274.75,271.2099914550781,273.7300109863281,244.7454376220703,126668000,0.0,0.0,0.0
2018-11-19,273.04998779296875,273.3800048828125,268.07000732421875,269.1000061035156,240.60568237304688,103061700,0.0,0.0,0.0
2018-11-20,265.3599853515625,267.0,263.1499938964844,264.1199951171875,236.1529541015625,136021300,0.0,0.0,0.0
2018-11-21,265.8599853515625,267.1499938964844,265.010009765625,265.0199890136719,236.95773315429688,75563700,0.0,0.0,0.0
2018-11-23,263.17999267578125,264.82000732421875,263.07000732421875,263.25,235.37513732910156,42807900,0.0,0.0,0.0
2018-11-26,265.7799987792969,267.75,265.3399963378906,267.5,239.17515563964844,79981400,0.0,0.0,0.0
2018-11-27,266.3399963378906,268.3999938964844,265.6600036621094,268.3999938964844,239.9798126220703,75502400,0.0,0.0,0.0
2018-11-28,269.6000061035156,274.5799865722656,268.3299865722656,274.5799865722656,245.50538635253906,127629600,0.0,0.0,0.0
2018-11-29,273.7099914550781,275.54998779296875,272.42999267578125,273.9800109863281,244.96890258789062,82346400,0.0,0.0,0.0
2018-11-30,273.80999755859375,276.2799987792969,273.45001220703125,275.6499938964844,246.462158203125,98204200,0.0,0.0,0.0
2018-12-03,280.2799987792969,280.3999938964844,277.510009765625,279.29998779296875,249.72560119628906,103176300,0.0,0.0,0.0
2018-12-04,278.3699951171875,278.8500061035156,269.8999938964844,270.25,241.6338653564453,177986000,0.0,0.0,0.0
2018-12-06,265.9200134277344,269.9700012207031,262.44000244140625,269.8399963378906,241.2672882080078,204185400,0.0,0.0,0.0
2018-12-07,269.4599914550781,271.2200012207031,262.6300048828125,263.57000732421875,235.66127014160156,161018900,0.0,0.0,0.0
2018-12-10,263.3699951171875,265.1600036621094,258.6199951171875,264.07000732421875,236.1082763671875,151445900,0.0,0.0,0.0
2018-12-11,267.6600036621094,267.8699951171875,262.4800109863281,264.1300048828125,236.1619415283203,121504400,0.0,0.0,0.0
2018-12-12,267.4700012207031,269.0,265.3699951171875,265.4599914550781,237.35113525390625,97976700,0.0,0.0,0.0
2018-12-13,266.5199890136719,267.489990234375,264.1199951171875,265.3699951171875,237.27069091796875,96662700,0.0,0.0,0.0
2018-12-14,262.9599914550781,264.0299987792969,259.8500061035156,260.4700012207031,232.88946533203125,116961100,0.0,0.0,0.0
2018-12-17,259.3999938964844,260.6499938964844,253.52999877929688,255.36000061035156,228.32054138183594,165492300,0.0,0.0,0.0
2018-12-18,257.20001220703125,257.95001220703125,253.27999877929688,255.0800018310547,228.07020568847656,134515100,0.0,0.0,0.0
2018-12-19,255.1699981689453,259.3999938964844,249.35000610351562,251.25999450683594,224.6547088623047,214992800,0.0,0.0,0.0
2018-12-20,249.86000061035156,251.6199951171875,244.64999389648438,247.1699981689453,220.99778747558594,252053400,0.0,0.0,0.0
2018-12-21,246.74000549316406,249.7100067138672,239.97999572753906,240.6999969482422,216.46963500976562,255345600,1.435,0.0,0.0
2018-12-24,239.0399932861328,240.83999633789062,234.27000427246094,234.33999633789062,210.74990844726562,147311600,0.0,0.0,0.0
2018-12-26,235.97000122070312,246.17999267578125,233.75999450683594,246.17999267578125,221.39801025390625,218485400,0.0,0.0,0.0
2018-12-27,242.57000732421875,248.2899932861328,238.9600067138672,248.07000732421875,223.0977020263672,186267300,0.0,0.0,0.0
2018-12-28,249.5800018310547,251.39999389648438,246.4499969482422,247.75,222.80999755859375,153100200,0.0,0.0,0.0
2018-12-31,249.55999755859375,250.19000244140625,247.47000122070312,249.9199981689453,224.76148986816406,144299400,0.0,0.0,0.0
2019-01-02,245.97999572753906,251.2100067138672,245.9499969482422,250.17999267578125,224.9952850341797,126925200,0.0,0.0,0.0
2019-01-03,248.22999572753906,248.57000732421875,243.6699981689453,244.2100067138672,219.62632751464844,144140700,0.0,0.0,0.0
2019-01-04,247.58999633789062,253.11000061035156,247.1699981689453,252.38999938964844,226.98289489746094,142628800,0.0,0.0,0.0
2019-01-07,252.69000244140625,255.9499969482422,251.69000244140625,254.3800048828125,228.7725372314453,103139100,0.0,0.0,0.0
2019-01-08,256.82000732421875,257.30999755859375,254.0,256.7699890136719,230.92196655273438,102512600,0.0,0.0,0.0
2019-01-09,257.55999755859375,258.9100036621094,256.19000244140625,257.9700012207031,232.00115966796875,95006600,0.0,0.0,0.0
2019-01-10,256.260009765625,259.1600036621094,255.5,258.8800048828125,232.8195343017578,96823900,0.0,0.0,0.0
2019-01-11,257.67999267578125,259.010009765625,257.0299987792969,258.9800109863281,232.9095001220703,73858100,0.0,0.0,0.0
2019-01-14,256.8599853515625,258.29998779296875,256.4100036621094,257.3999938964844,231.48849487304688,70908200,0.0,0.0,0.0
2019-01-15,257.82000732421875,260.70001220703125,257.80999755859375,260.3500061035156,234.1415557861328,85208300,0.0,0.0,0.0
2019-01-16,260.8299865722656,261.9700012207031,260.6000061035156,260.9800109863281,234.70814514160156,77636700,0.0,0.0,0.0
2019-01-17,260.010009765625,263.9200134277344,259.9599914550781,262.9599914550781,236.4888458251953,96118400,0.0,0.0,0.0
2019-01-18,264.9800109863281,266.9800109863281,263.0,266.4599914550781,239.6365509033203,127900300,0.0,0.0,0.0
2019-01-22,264.82000732421875,265.05999755859375,261.05999755859375,262.8599853515625,236.3988800048828,115531200,0.0,0.0,0.0
2019-01-23,264.010009765625,264.7900085449219,260.6600036621094,263.4100036621094,236.89352416992188,86030300,0.0,0.0,0.0
2019-01-24,263.2099914550781,264.20001220703125,262.0799865722656,263.54998779296875,237.01942443847656,59204100,0.0,0.0,0.0
2019-01-25,265.6099853515625,266.70001220703125,263.6600036621094,265.7799987792969,239.02493286132812,96883400,0.0,0.0,0.0
2019-01-28,263.3900146484375,263.8299865722656,261.7900085449219,263.760009765625,237.2082977294922,85613700,0.0,0.0,0.0
2019-01-29,263.9200134277344,264.54998779296875,262.4800109863281,263.4100036621094,236.89352416992188,66136300,0.0,0.0,0.0
2019-01-30,265.1000061035156,268.5199890136719,264.25,267.5799865722656,240.6437530517578,92473700,0.0,0.0,0.0
2019-01-31,267.510009765625,270.4700012207031,267.2699890136719,269.92999267578125,242.7571563720703,104012100,0.0,0.0,0.0
2019-02-01,270.1499938964844,271.20001220703125,269.17999267578125,270.05999755859375,242.87411499023438,85782500,0.0,0.0,0.0
2019-02-04,270.1099853515625,272.0299987792969,269.3599853515625,271.9599914550781,244.5828094482422,60744800,0.0,0.0,0.0
2019-02-05,272.44000244140625,273.44000244140625,271.8800048828125,273.1000061035156,245.60800170898438,79552800,0.0,0.0,0.0
2019-02-06,272.7900085449219,273.3399963378906,271.9200134277344,272.739990234375,245.2843780517578,58347800,0.0,0.0,0.0
2019-02-07,270.94000244140625,271.54998779296875,268.2900085449219,270.1400146484375,242.94602966308594,95482000,0.0,0.0,0.0
2019-02-08,268.75,270.5799865722656,267.8299865722656,270.4700012207031,243.24281311035156,75788900,0.0,0.0,0.0
2019-02-11,271.20001220703125,271.489990234375,270.0299987792969,270.6199951171875,243.37770080566406,68021400,0.0,0.0,0.0
2019-02-12,272.4200134277344,274.5199890136719,272.3399963378906,274.1000061035156,246.50738525390625,72270200,0.0,0.0,0.0
2019-02-13,275.0299987792969,275.92999267578125,274.55999755859375,274.989990234375,247.30780029296875,65277200,0.0,0.0,0.0
2019-02-14,273.7799987792969,275.6400146484375,272.8699951171875,274.3800048828125,246.7591552734375,83234400,0.0,0.0,0.0
2019-02-15,276.3599853515625,277.4100036621094,276.1300048828125,277.3699951171875,249.44810485839844,97088700,0.0,0.0,0.0
2019-02-19,276.4800109863281,278.5799865722656,276.4700012207031,277.8500061035156,249.87991333007812,59120800,0.0,0.0,0.0
2019-02-20,277.80999755859375,278.9200134277344,277.25,278.4100036621094,250.38352966308594,76610800,0.0,0.0,0.0
2019-02-21,277.70001220703125,278.1000061035156,276.3500061035156,277.4200134277344,249.4932861328125,64214700,0.0,0.0,0.0
2019-02-22,278.1099853515625,279.3599853515625,277.3999938964844,279.1400146484375,251.04000854492188,78114600,0.0,0.0,0.0
2019-02-25,280.7300109863281,281.30999755859375,279.42999267578125,279.5199890136719,251.3817901611328,69030700,0.0,0.0,0.0
2019-02-26,279.1300048828125,280.29998779296875,278.8999938964844,279.32000732421875,251.201904296875,56844100,0.0,0.0,0.0
2019-02-27,278.5199890136719,279.5899963378906,277.4800109863281,279.20001220703125,251.0939483642578,56921600,0.0,0.0,0.0
2019-02-28,278.9599914550781,279.45001220703125,278.32000732421875,278.67999267578125,250.62628173828125,69268300,0.0,0.0,0.0
2019-03-01,280.44000244140625,280.8800048828125,278.82000732421875,280.4200134277344,252.1912078857422,78880500,0.0,0.0,0.0
2019-03-04,281.6000061035156,281.8699951171875,276.8399963378906,279.3999938964844,251.27383422851562,106494600,0.0,0.0,0.0
2019-03-05,279.5400085449219,279.760009765625,278.4100036621094,279.0199890136719,250.9320831298828,59114600,0.0,0.0,0.0
2019-03-06,279.1499938964844,279.1600036621094,276.9700012207031,277.3299865722656,249.41220092773438,75039800,0.0,0.0,0.0
2019-03-07,276.8299865722656,276.989990234375,274.07000732421875,275.010009765625,247.32577514648438,94885100,0.0,0.0,0.0
2019-03-08,272.94000244140625,274.6499938964844,272.4200134277344,274.4599914550781,246.83114624023438,85795800,0.0,0.0,0.0
2019-03-11,275.260009765625,278.6199951171875,275.2300109863281,278.44000244140625,250.41046142578125,65098900,0.0,0.0,0.0
2019-03-12,279.05999755859375,280.07000732421875,278.8500061035156,279.489990234375,251.35476684570312,79667500,0.0,0.0,0.0
2019-03-13,280.4800109863281,282.3800048828125,280.29998779296875,281.3399963378906,253.0185089111328,80639200,0.0,0.0,0.0
2019-03-14,281.3699951171875,281.8399963378906,280.6700134277344,281.1600036621094,252.8567352294922,67518400,0.0,0.0,0.0
2019-03-15,280.5400085449219,282.2099914550781,280.3299865722656,281.30999755859375,254.10594177246094,81309000,1.233,0.0,0.0
2019-03-18,281.54998779296875,282.6600036621094,281.29998779296875,282.3299865722656,255.02728271484375,62199800,0.0,0.0,0.0
2019-03-19,283.510009765625,284.3599853515625,281.4100036621094,282.3999938964844,255.09051513671875,90268100,0.0,0.0,0.0
2019-03-20,282.1600036621094,283.5,280.32000732421875,281.54998779296875,254.32260131835938,84609200,0.0,0.0,0.0
2019-03-21,280.6400146484375,285.17999267578125,280.5899963378906,284.7300109863281,257.1951599121094,79550400,0.0,0.0,0.0
2019-03-22,283.2200012207031,283.79998779296875,279.17999267578125,279.25,252.24510192871094,122659300,0.0,0.0,0.0
2019-03-25,278.8699951171875,280.19000244140625,277.6400146484375,279.0400085449219,252.05540466308594,85575200,0.0,0.0,0.0
2019-03-26,280.989990234375,282.17999267578125,279.55999755859375,281.1199951171875,253.9342803955078,68125900,0.0,0.0,0.0
2019-03-27,281.1099853515625,281.760009765625,277.92999267578125,279.6499938964844,252.60647583007812,72224700,0.0,0.0,0.0
2019-03-28,280.3500061035156,281.2099914550781,279.07000732421875,280.7099914550781,253.5639190673828,56238500,0.0,0.0,0.0
2019-03-29,282.3900146484375,282.8399963378906,281.1400146484375,282.4800109863281,255.16282653808594,82186800,0.0,0.0,0.0
2019-04-01,284.70001220703125,286.1600036621094,284.3999938964844,285.8299865722656,258.18890380859375,77617900,0.0,0.0,0.0
2019-04-02,286.0400085449219,286.2300109863281,285.0899963378906,285.9700012207031,258.3152770996094,40070400,0.0,0.0,0.0
2019-04-03,287.32000732421875,287.760009765625,285.75,286.4200134277344,258.7218017578125,68243200,0.0,0.0,0.0
2019-04-04,286.7799987792969,287.4599914550781,286.010009765625,287.17999267578125,259.4082336425781,48997500,0.0,0.0,0.0
2019-04-05,287.9200134277344,288.6300048828125,287.6000061035156,288.57000732421875,260.6638488769531,58621700,0.0,0.0,0.0
2019-04-08,288.1000061035156,288.9100036621094,287.3699951171875,288.7900085449219,260.8625793457031,53566300,0.0,0.0,0.0
2019-04-09,287.7200012207031,288.0799865722656,286.70001220703125,287.30999755859375,259.5256652832031,66142300,0.0,0.0,0.0
2019-04-10,287.7699890136719,288.3900146484375,287.30999755859375,288.2900085449219,260.41094970703125,52601500,0.0,0.0,0.0
2019-04-11,288.8299865722656,288.8399963378906,287.5799865722656,288.2099914550781,260.33868408203125,55093100,0.0,0.0,0.0
2019-04-12,290.0,290.4700012207031,288.260009765625,290.1600036621094,262.10009765625,69727800,0.0,0.0,0.0
2019-04-15,290.239990234375,290.3500061035156,289.0799865722656,289.9700012207031,261.928466796875,49596700,0.0,0.0,0.0
2019-04-16,290.95001220703125,291.010009765625,289.5,290.1600036621094,262.10009765625,52153200,0.0,0.0,0.0
2019-04-17,291.3999938964844,291.42999267578125,288.989990234375,289.45001220703125,261.4588317871094,58268300,0.0,0.0,0.0
2019-04-18,290.1000061035156,290.32000732421875,288.6600036621094,290.0199890136719,261.9736633300781,68708500,0.0,0.0,0.0
2019-04-22,289.1700134277344,290.44000244140625,289.07000732421875,290.2699890136719,262.1994323730469,40160100,0.0,0.0,0.0
2019-04-23,290.67999267578125,293.1400146484375,290.4200134277344,292.8800048828125,264.55706787109375,52246600,0.0,0.0,0.0
2019-04-24,292.7900085449219,293.1600036621094,292.07000732421875,292.2300109863281,263.9698791503906,50392900,0.0,0.0,0.0
2019-04-25,292.1199951171875,292.7799987792969,290.7300109863281,292.04998779296875,263.8072814941406,57770900,0.0,0.0,0.0
2019-04-26,292.1000061035156,293.489990234375,291.239990234375,293.4100036621094,265.0357360839844,50916400,0.0,0.0,0.0
2019-04-29,293.510009765625,294.45001220703125,293.4100036621094,293.8699951171875,265.4513854980469,57197700,0.0,0.0,0.0
2019-04-30,293.489990234375,294.3399963378906,291.9200134277344,294.0199890136719,265.5868225097656,81111700,0.0,0.0,0.0
2019-05-01,294.7200012207031,294.95001220703125,291.79998779296875,291.80999755859375,263.59051513671875,71671900,0.0,0.0,0.0
2019-05-02,291.67999267578125,292.70001220703125,289.5199890136719,291.17999267578125,263.0214538574219,65030200,0.0,0.0,0.0
2019-05-03,292.82000732421875,294.3399963378906,291.29998779296875,294.0299987792969,265.5959167480469,56543700,0.0,0.0,0.0
2019-05-06,289.25,293.30999755859375,288.8999938964844,292.82000732421875,264.5028381347656,107198100,0.0,0.0,0.0
2019-05-07,290.1499938964844,290.80999755859375,285.80999755859375,287.92999267578125,260.0857238769531,144729900,0.0,0.0,0.0
2019-05-08,287.5299987792969,289.42999267578125,286.8699951171875,287.5299987792969,259.7244873046875,91568300,0.0,0.0,0.0
2019-05-09,285.2300109863281,287.3299865722656,283.29998779296875,286.6600036621094,258.9385986328125,103471100,0.0,0.0,0.0
2019-05-10,285.6199951171875,288.94000244140625,282.29998779296875,288.1000061035156,260.23931884765625,112429300,0.0,0.0,0.0
2019-05-13,282.4200134277344,283.489990234375,279.92999267578125,280.8599853515625,253.69955444335938,127290500,0.0,0.0,0.0
2019-05-14,281.989990234375,285.1000061035156,281.8500061035156,283.3999938964844,255.99388122558594,77003200,0.0,0.0,0.0
2019-05-15,281.5899963378906,285.7699890136719,281.3599853515625,285.05999755859375,257.4933166503906,73956400,0.0,0.0,0.0
2019-05-16,285.8399963378906,289.2099914550781,285.760009765625,287.70001220703125,259.87799072265625,76749600,0.0,0.0,0.0
2019-05-17,285.1400146484375,288.6000061035156,285.1199951171875,285.8399963378906,258.1978759765625,100353000,0.0,0.0,0.0
2019-05-20,284.05999755859375,285.9599914550781,283.1199951171875,283.95001220703125,256.4906005859375,62877600,0.0,0.0,0.0
2019-05-21,285.8299865722656,286.92999267578125,285.54998779296875,286.510009765625,258.8030700683594,46847100,0.0,0.0,0.0
2019-05-22,285.45001220703125,286.69000244140625,285.1000061035156,285.6300048828125,258.0081787109375,49482500,0.0,0.0,0.0
2019-05-23,283.1600036621094,283.2099914550781,280.57000732421875,282.1400146484375,254.85565185546875,98733800,0.0,0.0,0.0
2019-05-24,283.739990234375,284.20001220703125,282.0899963378906,282.7799987792969,255.4337158203125,55268100,0.0,0.0,0.0
2019-05-28,283.0899963378906,284.1499938964844,280.1300048828125,280.1499938964844,253.05804443359375,70029400,0.0,0.0,0.0
2019-05-29,278.9100036621094,279.3599853515625,276.7099914550781,278.2699890136719,251.35995483398438,104972900,0.0,0.0,0.0
2019-05-30,279.1099853515625,280.0400085449219,277.80999755859375,279.0299987792969,252.04637145996094,62523800,0.0,0.0,0.0
2019-05-31,276.20001220703125,277.1199951171875,275.239990234375,275.2699890136719,248.6500701904297,86862800,0.0,0.0,0.0
2019-06-03,275.30999755859375,276.54998779296875,273.0899963378906,274.57000732421875,248.01773071289062,96428000,0.0,0.0,0.0
2019-06-04,277.1199951171875,280.67999267578125,276.6199951171875,280.5299987792969,253.4014129638672,77231900,0.0,0.0,0.0
2019-06-05,282.3299865722656,282.989990234375,280.32000732421875,282.9599914550781,255.5963592529297,71169700,0.0,0.0,0.0
2019-06-06,283.2900085449219,285.54998779296875,282.57000732421875,284.79998779296875,257.2584228515625,69430400,0.0,0.0,0.0
2019-06-07,285.92999267578125,288.8500061035156,285.739990234375,287.6499938964844,259.832763671875,74272200,0.0,0.0,0.0
2019-06-10,289.3699951171875,290.82000732421875,288.8699951171875,288.9700012207031,261.0252380371094,60799100,0.0,0.0,0.0
2019-06-11,290.989990234375,291.3999938964844,288.17999267578125,288.8999938964844,260.9619445800781,58641300,0.0,0.0,0.0
2019-06-12,288.6400146484375,289.260009765625,287.82000732421875,288.3900146484375,260.501220703125,47096300,0.0,0.0,0.0
2019-06-13,289.3999938964844,289.9800109863281,288.6199951171875,289.5799865722656,261.576171875,48945200,0.0,0.0,0.0
2019-06-14,289.260009765625,289.92999267578125,288.4100036621094,289.260009765625,261.287109375,52324700,0.0,0.0,0.0
2019-06-17,289.5199890136719,290.2200012207031,289.17999267578125,289.3699951171875,261.3865051269531,39205700,0.0,0.0,0.0
2019-06-18,291.3900146484375,293.57000732421875,290.989990234375,292.3999938964844,264.1234436035156,85434800,0.0,0.0,0.0
2019-06-19,292.54998779296875,293.6499938964844,291.4700012207031,293.05999755859375,264.71966552734375,78674400,0.0,0.0,0.0
2019-06-20,296.0400085449219,296.30999755859375,293.1300048828125,295.8599853515625,267.2489318847656,116570000,0.0,0.0,0.0
2019-06-21,294.1300048828125,295.5199890136719,293.760009765625,294.0,266.8603820800781,83309500,1.432,0.0,0.0
2019-06-24,294.2300109863281,294.5799865722656,293.4700012207031,293.6400146484375,266.5335388183594,47582700,0.0,0.0,0.0
2019-06-25,293.70001220703125,293.7300109863281,290.6400146484375,290.760009765625,263.91949462890625,82028700,0.0,0.0,0.0
2019-06-26,291.75,292.30999755859375,290.3500061035156,290.4700012207031,263.65625,51584900,0.0,0.0,0.0
2019-06-27,291.30999755859375,292.05999755859375,290.8900146484375,291.5,264.5911560058594,40355200,0.0,0.0,0.0
2019-06-28,292.5799865722656,293.54998779296875,292.010009765625,293.0,265.9526672363281,59350900,0.0,0.0,0.0
2019-07-01,296.67999267578125,296.9200134277344,294.3299865722656,295.6600036621094,268.3671569824219,78705600,0.0,0.0,0.0
2019-07-02,295.6099853515625,296.489990234375,294.67999267578125,296.42999267578125,269.0660705566406,61504500,0.0,0.0,0.0
2019-07-03,297.17999267578125,298.82000732421875,297.0199890136719,298.79998779296875,271.2173767089844,40898900,0.0,0.0,0.0
2019-07-05,297.44000244140625,298.6400146484375,296.010009765625,298.4599914550781,270.9087219238281,51677300,0.0,0.0,0.0
2019-07-08,297.010009765625,298.260009765625,296.2200012207031,296.82000732421875,269.4201354980469,45841800,0.0,0.0,0.0
2019-07-09,295.5400085449219,297.5199890136719,295.4800109863281,297.19000244140625,269.7559814453125,41101300,0.0,0.0,0.0
2019-07-10,298.3699951171875,299.6600036621094,297.7799987792969,298.6099853515625,271.0447998046875,58448500,0.0,0.0,0.0
2019-07-11,299.32000732421875,299.5799865722656,298.20001220703125,299.30999755859375,271.6801452636719,50826100,0.0,0.0,0.0
2019-07-12,299.8500061035156,300.7300109863281,299.510009765625,300.6499938964844,272.8965759277344,40326000,0.0,0.0,0.0
2019-07-15,301.1300048828125,301.1300048828125,300.19000244140625,300.75,272.9872741699219,33900000,0.0,0.0,0.0
2019-07-16,300.6499938964844,300.8800048828125,299.44000244140625,299.7799987792969,272.1068115234375,36650100,0.0,0.0,0.0
2019-07-17,299.75,299.92999267578125,297.739990234375,297.739990234375,270.2551574707031,36036300,0.0,0.0,0.0
2019-07-18,297.19000244140625,299.25,296.70001220703125,298.8299865722656,271.2445983886719,51392600,0.0,0.0,0.0
2019-07-19,300.0400085449219,300.07000732421875,296.9800109863281,297.1700134277344,269.7378234863281,58678600,0.0,0.0,0.0
2019-07-22,297.6099853515625,298.5,297.0400085449219,297.8999938964844,270.400390625,43638100,0.0,0.0,0.0
2019-07-23,299.1400146484375,300.0299987792969,298.2200012207031,300.0299987792969,272.33380126953125,44564500,0.0,0.0,0.0
2019-07-24,299.19000244140625,301.44000244140625,299.0899963378906,301.44000244140625,273.6136474609375,47213200,0.0,0.0,0.0
2019-07-25,300.94000244140625,301.0,299.1099853515625,300.0,272.30657958984375,55394100,0.0,0.0,0.0
2019-07-26,300.760009765625,302.2300109863281,300.6199951171875,302.010009765625,274.1309509277344,45084100,0.0,0.0,0.0
2019-07-29,301.8800048828125,302.010009765625,300.8500061035156,301.4599914550781,273.63177490234375,38126500,0.0,0.0,0.0
2019-07-30,299.9100036621094,301.1700134277344,299.489990234375,300.7200012207031,272.9600524902344,45849000,0.0,0.0,0.0
2019-07-31,300.989990234375,301.20001220703125,295.20001220703125,297.42999267578125,269.9737548828125,104245200,0.0,0.0,0.0
2019-08-01,297.6000061035156,300.8699951171875,293.9599914550781,294.8399963378906,267.6228332519531,142646600,0.0,0.0,0.0
2019-08-02,293.8500061035156,294.1199951171875,290.8999938964844,292.6199951171875,265.6077575683594,116749700,0.0,0.0,0.0
2019-08-05,288.0899963378906,288.2099914550781,281.7200012207031,283.82000732421875,257.6201477050781,178745400,0.0,0.0,0.0
2019-08-06,285.9100036621094,288.0400085449219,284.2799987792969,287.79998779296875,261.232666015625,120711700,0.0,0.0,0.0
2019-08-07,284.3999938964844,288.82000732421875,282.0400085449219,287.9700012207031,261.38702392578125,140572300,0.0,0.0,0.0
2019-08-08,289.6199951171875,293.6199951171875,289.010009765625,293.6199951171875,266.515380859375,87713900,0.0,0.0,0.0
2019-08-09,292.5799865722656,293.239990234375,289.6499938964844,291.6199951171875,264.7001037597656,93730000,0.0,0.0,0.0
2019-08-12,289.9599914550781,291.6099853515625,287.0199890136719,288.07000732421875,261.477783203125,65527600,0.0,0.0,0.0
2019-08-13,287.739990234375,294.1499938964844,287.3599853515625,292.54998779296875,265.5443115234375,94299800,0.0,0.0,0.0
2019-08-14,288.07000732421875,288.739990234375,283.760009765625,283.8999938964844,257.6927490234375,135622100,0.0,0.0,0.0
2019-08-15,284.8800048828125,285.6400146484375,282.3900146484375,284.6499938964844,258.3734436035156,99556600,0.0,0.0,0.0
2019-08-16,286.4800109863281,289.3299865722656,284.7099914550781,288.8500061035156,262.185791015625,83018300,0.0,0.0,0.0
2019-08-19,292.19000244140625,293.0799865722656,291.44000244140625,292.3299865722656,265.3445129394531,53571800,0.0,0.0,0.0
2019-08-20,291.7699890136719,292.3599853515625,289.95001220703125,290.0899963378906,263.3113708496094,51596400,0.0,0.0,0.0
2019-08-21,292.4800109863281,292.8599853515625,291.7200012207031,292.45001220703125,265.45355224609375,49524700,0.0,0.0,0.0
2019-08-22,293.2300109863281,293.92999267578125,290.3999938964844,292.3599853515625,265.37176513671875,51666400,0.0,0.0,0.0
2019-08-23,290.9200134277344,292.760009765625,283.4700012207031,284.8500061035156,258.5550231933594,149161500,0.0,0.0,0.0
2019-08-26,287.2699890136719,288.0,285.5799865722656,288.0,261.4142150878906,72423800,0.0,0.0,0.0
2019-08-27,289.5400085449219,289.95001220703125,286.0299987792969,286.8699951171875,260.3885498046875,66668900,0.0,0.0,0.0
2019-08-28,286.1400146484375,289.07000732421875,285.25,288.8900146484375,262.22216796875,59696700,0.0,0.0,0.0
2019-08-29,291.7200012207031,293.1600036621094,290.6099853515625,292.5799865722656,265.5715026855469,57899400,0.0,0.0,0.0
2019-08-30,294.2200012207031,294.239990234375,291.4200134277344,292.45001220703125,265.45355224609375,62901200,0.0,0.0,0.0
2019-09-03,290.57000732421875,291.5799865722656,289.2699890136719,290.739990234375,263.9012756347656,69101400,0.0,0.0,0.0
2019-09-04,293.1400146484375,294.05999755859375,292.30999755859375,294.0400085449219,266.896728515625,46887300,0.0,0.0,0.0
2019-09-05,296.7900085449219,298.8299865722656,294.0,297.82000732421875,270.3277282714844,83258100,0.0,0.0,0.0
2019-09-06,298.1700134277344,298.760009765625,297.4200134277344,298.04998779296875,270.53656005859375,49584300,0.0,0.0,0.0
2019-09-09,299.1400146484375,299.239990234375,297.1600036621094,298.20001220703125,270.67266845703125,51260300,0.0,0.0,0.0
2019-09-10,297.3599853515625,298.20001220703125,295.9700012207031,298.1300048828125,270.6091613769531,57947100,0.0,0.0,0.0
2019-09-11,298.4700012207031,300.3399963378906,297.75,300.25,272.53350830078125,68821100,0.0,0.0,0.0
2019-09-12,301.25,302.4599914550781,300.4100036621094,301.2900085449219,273.4774169921875,72908700,0.0,0.0,0.0
2019-09-13,301.7799987792969,302.1700134277344,300.67999267578125,301.0899963378906,273.2958984375,62104800,0.0,0.0,0.0
2019-09-16,299.8399963378906,301.1400146484375,299.45001220703125,300.1600036621094,272.4518127441406,58191200,0.0,0.0,0.0
2019-09-17,299.94000244140625,301.0199890136719,299.75,300.9200134277344,273.1416015625,41475500,0.0,0.0,0.0
2019-09-18,300.489990234375,301.2200012207031,298.239990234375,301.1000061035156,273.3049621582031,73375800,0.0,0.0,0.0
2019-09-19,301.5299987792969,302.6300048828125,300.7099914550781,301.0799865722656,273.28680419921875,76560500,0.0,0.0,0.0
2019-09-20,300.3599853515625,300.6700134277344,297.4100036621094,298.2799987792969,271.99560546875,89565000,1.384,0.0,0.0
2019-09-23,297.54998779296875,299.0,297.2699890136719,298.2099914550781,271.9317626953125,43476800,0.0,0.0,0.0
2019-09-24,299.4100036621094,299.8399963378906,294.80999755859375,295.8699951171875,269.7979431152344,94869400,0.0,0.0,0.0
2019-09-25,295.9599914550781,298.1099853515625,294.3299865722656,297.6199951171875,271.3936767578125,71854000,0.0,0.0,0.0
2019-09-26,297.6300048828125,297.8599853515625,295.45001220703125,297.0,270.8283996582031,56179700,0.0,0.0,0.0
2019-09-27,297.8299865722656,297.95001220703125,293.69000244140625,295.3999938964844,269.3694152832031,84746600,0.0,0.0,0.0
2019-09-30,295.9700012207031,297.54998779296875,295.9200134277344,296.7699890136719,270.61865234375,51662400,0.0,0.0,0.0
2019-10-01,297.739990234375,298.4599914550781,293.0,293.239990234375,267.3997802734375,88242400,0.0,0.0,0.0
2019-10-02,291.5,291.510009765625,286.6400146484375,288.05999755859375,262.67620849609375,122539500,0.0,0.0,0.0
2019-10-03,287.80999755859375,290.45001220703125,284.82000732421875,290.4200134277344,264.8282165527344,85278800,0.0,0.0,0.0
2019-10-04,291.1400146484375,294.6300048828125,291.0799865722656,294.3500061035156,268.41192626953125,65091200,0.0,0.0,0.0
2019-10-07,293.4700012207031,295.260009765625,292.7699890136719,293.0799865722656,267.25384521484375,59610500,0.0,0.0,0.0
2019-10-08,291.0400085449219,291.8500061035156,288.489990234375,288.5299987792969,263.1048278808594,95708100,0.0,0.0,0.0
2019-10-09,290.75,292.29998779296875,290.05999755859375,291.2699890136719,265.603271484375,62359400,0.0,0.0,0.0
2019-10-10,291.17999267578125,294.2099914550781,291.0,293.239990234375,267.3997802734375,55296300,0.0,0.0,0.0
2019-10-11,296.2699890136719,298.739990234375,296.1400146484375,296.2799987792969,270.1718444824219,98720400,0.0,0.0,0.0
2019-10-14,295.92999267578125,296.6700134277344,295.57000732421875,295.95001220703125,269.87091064453125,40394800,0.0,0.0,0.0
2019-10-15,297.1000061035156,299.70001220703125,296.9700012207031,298.8800048828125,272.54278564453125,46754500,0.0,0.0,0.0
2019-10-16,298.3699951171875,299.1600036621094,297.9200134277344,298.3999938964844,272.10498046875,48928200,0.0,0.0,0.0
2019-10-17,299.67999267578125,300.239990234375,298.5199890136719,299.2799987792969,272.9074401855469,45736600,0.0,0.0,0.0
2019-10-18,298.69000244140625,299.3999938964844,297.0299987792969,297.9700012207031,271.7129821777344,64304000,0.0,0.0,0.0
2019-10-21,299.4200134277344,300.2099914550781,298.94000244140625,299.989990234375,273.5549621582031,39048600,0.0,0.0,0.0
2019-10-22,300.5799865722656,300.8999938964844,298.9100036621094,299.010009765625,272.66131591796875,48594700,0.0,0.0,0.0
2019-10-23,298.7300109863281,299.94000244140625,298.5,299.8800048828125,273.45458984375,34352200,0.0,0.0,0.0
2019-10-24,300.9100036621094,301.07000732421875,299.4599914550781,300.3699951171875,273.9015197753906,35453100,0.0,0.0,0.0
2019-10-25,299.739990234375,302.20001220703125,299.67999267578125,301.6000061035156,275.0230712890625,45205400,0.0,0.0,0.0
2019-10-28,302.94000244140625,303.8500061035156,302.9100036621094,303.29998779296875,276.57330322265625,42147000,0.0,0.0,0.0
2019-10-29,303.0,304.2300109863281,302.8599853515625,303.2099914550781,276.4911804199219,44284900,0.0,0.0,0.0
2019-10-30,303.42999267578125,304.54998779296875,301.989990234375,304.1400146484375,277.3392028808594,49643900,0.0,0.0,0.0
2019-10-31,304.1300048828125,304.1300048828125,301.7300109863281,303.3299865722656,276.6005554199219,69053800,0.0,0.0,0.0
2019-11-01,304.9200134277344,306.19000244140625,304.739990234375,306.1400146484375,279.1629638671875,71141500,0.0,0.0,0.0
2019-11-04,307.8500061035156,308.0,306.9599914550781,307.3699951171875,280.28460693359375,60606900,0.0,0.0,0.0
2019-11-05,307.5899963378906,307.9200134277344,306.7099914550781,307.0299987792969,279.974609375,42933200,0.0,0.0,0.0
2019-11-06,307.0299987792969,307.3999938964844,306.05999755859375,307.1000061035156,280.0384521484375,46487100,0.0,0.0,0.0
2019-11-07,308.57000732421875,309.6499938964844,307.6600036621094,308.17999267578125,281.0231628417969,54272300,0.0,0.0,0.0
2019-11-08,307.79998779296875,309.0,307.0299987792969,308.94000244140625,281.71624755859375,49032100,0.0,0.0,0.0
2019-11-11,307.4200134277344,308.5400085449219,307.2699890136719,308.3500061035156,281.1782531738281,35797300,0.0,0.0,0.0
2019-11-12,308.75,309.989990234375,308.1499938964844,309.0,281.7709655761719,46484600,0.0,0.0,0.0
2019-11-13,307.9100036621094,309.5400085449219,307.6600036621094,309.1000061035156,281.8620910644531,53917700,0.0,0.0,0.0
2019-11-14,308.7900085449219,309.6400146484375,308.0899963378906,309.54998779296875,282.27252197265625,51219900,0.0,0.0,0.0
2019-11-15,311.0199890136719,311.8399963378906,310.260009765625,311.7900085449219,284.3150939941406,62023600,0.0,0.0,0.0
2019-11-18,311.5299987792969,312.2799987792969,311.0299987792969,312.0199890136719,284.5247802734375,49228000,0.0,0.0,0.0
2019-11-19,312.67999267578125,312.69000244140625,311.2200012207031,311.92999267578125,284.44281005859375,67804700,0.0,0.0,0.0
2019-11-20,311.2799987792969,311.8500061035156,309.05999755859375,310.7699890136719,283.385009765625,79406200,0.0,0.0,0.0
2019-11-21,310.8900146484375,311.010009765625,309.3900146484375,310.2699890136719,282.9290466308594,54664700,0.0,0.0,0.0
2019-11-22,311.0899963378906,311.239990234375,309.8500061035156,310.9599914550781,283.5582580566406,44850200,0.0,0.0,0.0
2019-11-25,311.9800109863281,313.3699951171875,311.9800109863281,313.3699951171875,285.7559509277344,48647200,0.0,0.0,0.0
2019-11-26,313.4100036621094,314.2799987792969,313.05999755859375,314.0799865722656,286.4032897949219,37569000,0.0,0.0,0.0
2019-11-27,314.6099853515625,315.4800109863281,314.3699951171875,315.4800109863281,287.679931640625,44444600,0.0,0.0,0.0
2019-11-29,314.8599853515625,315.1300048828125,314.05999755859375,314.30999755859375,286.6130065917969,36592700,0.0,0.0,0.0
2019-12-02,314.5899963378906,314.6600036621094,311.1700134277344,311.6400146484375,284.1783752441406,75767800,0.0,0.0,0.0
2019-12-03,308.6499938964844,309.6400146484375,307.1300048828125,309.54998779296875,282.27252197265625,73941700,0.0,0.0,0.0
2019-12-04,310.70001220703125,312.1199951171875,310.32000732421875,311.4599914550781,284.0141906738281,49080000,0.0,0.0,0.0
2019-12-05,312.2300109863281,312.25,310.5799865722656,312.0199890136719,284.5247802734375,40709000,0.0,0.0,0.0
2019-12-06,314.1199951171875,315.30999755859375,314.1099853515625,314.8699951171875,287.12371826171875,48927000,0.0,0.0,0.0
2019-12-09,314.44000244140625,315.17999267578125,313.79998779296875,313.8800048828125,286.22100830078125,34838500,0.0,0.0,0.0
2019-12-10,313.82000732421875,314.54998779296875,312.80999755859375,313.5299987792969,285.9017333984375,52649800,0.0,0.0,0.0
2019-12-11,314.0299987792969,314.70001220703125,313.44000244140625,314.4200134277344,286.71337890625,53429100,0.0,0.0,0.0
2019-12-12,314.42999267578125,317.989990234375,314.1700134277344,317.1300048828125,289.1845397949219,96389600,0.0,0.0,0.0
2019-12-13,316.8699951171875,318.6700134277344,316.0199890136719,317.32000732421875,289.3577880859375,81503900,0.0,0.0,0.0
2019-12-16,319.2200012207031,320.1499938964844,317.25,319.5,291.3456726074219,82749700,0.0,0.0,0.0
2019-12-17,319.9200134277344,320.25,319.4800109863281,319.57000732421875,291.4095764160156,61097700,0.0,0.0,0.0
2019-12-18,320.0,320.25,319.5299987792969,319.5899963378906,291.4278564453125,48133000,0.0,0.0,0.0
2019-12-19,319.79998779296875,320.9800109863281,319.5199890136719,320.8999938964844,292.622314453125,85310500,0.0,0.0,0.0
2019-12-20,320.4599914550781,321.9700012207031,319.3900146484375,320.7300109863281,293.9053039550781,147142100,1.57,0.0,0.0
2019-12-23,321.5899963378906,321.6499938964844,321.05999755859375,321.2200012207031,294.35430908203125,52990000,0.0,0.0,0.0
2019-12-24,321.4700012207031,321.5199890136719,320.8999938964844,321.2300109863281,294.36346435546875,20270000,0.0,0.0,0.0
2019-12-26,321.6499938964844,322.95001220703125,321.6400146484375,322.94000244140625,295.9305419921875,30911200,0.0,0.0,0.0
2019-12-27,323.739990234375,323.79998779296875,322.2799987792969,322.8599853515625,295.8570861816406,42528800,0.0,0.0,0.0
2019-12-30,322.95001220703125,323.1000061035156,320.54998779296875,321.0799865722656,294.2259216308594,49729100,0.0,0.0,0.0
2019-12-31,320.5299987792969,322.1300048828125,320.1499938964844,321.8599853515625,294.94073486328125,57077300,0.0,0.0,0.0
2020-01-02,323.5400085449219,324.8900146484375,322.5299987792969,324.8699951171875,297.698974609375,59151200,0.0,0.0,0.0
2020-01-03,321.1600036621094,323.6400146484375,321.1000061035156,322.4100036621094,295.4447021484375,77709700,0.0,0.0,0.0
2020-01-06,320.489990234375,323.7300109863281,320.3599853515625,323.6400146484375,296.5719299316406,55653900,0.0,0.0,0.0
2020-01-07,323.0199890136719,323.5400085449219,322.239990234375,322.7300109863281,295.7380065917969,40496400,0.0,0.0,0.0
2020-01-08,322.94000244140625,325.7799987792969,322.6700134277344,324.45001220703125,297.31414794921875,68296000,0.0,0.0,0.0
2020-01-09,326.1600036621094,326.7300109863281,325.5199890136719,326.6499938964844,299.3301696777344,48473300,0.0,0.0,0.0
2020-01-10,327.2900085449219,327.4599914550781,325.20001220703125,325.7099914550781,298.4687805175781,53029300,0.0,0.0,0.0
2020-01-13,326.3900146484375,327.9599914550781,325.9200134277344,327.95001220703125,300.5214538574219,47086800,0.0,0.0,0.0
2020-01-14,327.4700012207031,328.6199951171875,326.8399963378906,327.45001220703125,300.063232421875,62832800,0.0,0.0,0.0
2020-01-15,327.3500061035156,329.0199890136719,327.260009765625,328.19000244140625,300.7413024902344,72056600,0.0,0.0,0.0
2020-01-16,329.70001220703125,330.9200134277344,329.45001220703125,330.9200134277344,303.2430419921875,54050300,0.0,0.0,0.0
2020-01-17,331.70001220703125,332.17999267578125,330.8500061035156,331.95001220703125,304.1867980957031,95846000,0.0,0.0,0.0
2020-01-21,330.8999938964844,332.17999267578125,330.82000732421875,331.29998779296875,303.59124755859375,77742400,0.0,0.0,0.0
2020-01-22,332.239990234375,332.95001220703125,331.1700134277344,331.3399963378906,303.6278076171875,48914900,0.0,0.0,0.0
2020-01-23,330.6300048828125,332.1700134277344,329.4100036621094,331.7200012207031,303.9761047363281,51963000,0.0,0.0,0.0
2020-01-24,332.44000244140625,332.5299987792969,327.3599853515625,328.7699890136719,301.2728576660156,87578400,0.0,0.0,0.0
2020-01-27,323.0299987792969,325.1199951171875,322.6600036621094,323.5,296.44354248046875,84062500,0.0,0.0,0.0
2020-01-28,325.05999755859375,327.8500061035156,323.6000061035156,326.8900146484375,299.54998779296875,63834000,0.0,0.0,0.0
2020-01-29,328.3800048828125,328.6300048828125,326.3999938964844,326.6199951171875,299.3026428222656,53888900,0.0,0.0,0.0
2020-01-30,324.3599853515625,327.9100036621094,323.5400085449219,327.67999267578125,300.2738952636719,75491800,0.0,0.0,0.0
2020-01-31,327.0,327.1700134277344,320.7300109863281,321.7300109863281,294.82159423828125,113845600,0.0,0.0,0.0
2020-02-03,323.3500061035156,326.1600036621094,323.2200012207031,324.1199951171875,297.0117492675781,69083000,0.0,0.0,0.0
2020-02-04,328.07000732421875,330.010009765625,327.7200012207031,329.05999755859375,301.5385437011719,62573200,0.0,0.0,0.0
2020-02-05,332.2699890136719,333.0899963378906,330.6700134277344,332.8599853515625,305.02069091796875,65951100,0.0,0.0,0.0
2020-02-06,333.9100036621094,334.19000244140625,332.79998779296875,333.9800109863281,306.047119140625,50359700,0.0,0.0,0.0
2020-02-07,332.82000732421875,333.989990234375,331.6000061035156,332.20001220703125,304.4159240722656,64139400,0.0,0.0,0.0
2020-02-10,331.2300109863281,334.75,331.19000244140625,334.67999267578125,306.68853759765625,42070000,0.0,0.0,0.0
2020-02-11,336.1600036621094,337.0199890136719,334.67999267578125,335.260009765625,307.219970703125,54864500,0.0,0.0,0.0
2020-02-12,336.8299865722656,337.6499938964844,336.42999267578125,337.4200134277344,309.1993408203125,43992700,0.0,0.0,0.0
2020-02-13,335.8599853515625,338.1199951171875,335.55999755859375,337.05999755859375,308.8694763183594,54501900,0.0,0.0,0.0
2020-02-14,337.510009765625,337.7300109863281,336.20001220703125,337.6000061035156,309.3642883300781,64582200,0.0,0.0,0.0
2020-02-18,336.510009765625,337.6700134277344,335.2099914550781,336.7300109863281,308.5670471191406,57226200,0.0,0.0,0.0
2020-02-19,337.7900085449219,339.0799865722656,337.4800109863281,338.3399963378906,310.0423583984375,48814700,0.0,0.0,0.0
2020-02-20,337.739990234375,338.6400146484375,333.67999267578125,336.95001220703125,308.7687072753906,74163400,0.0,0.0,0.0
2020-02-21,335.4700012207031,335.80999755859375,332.5799865722656,333.4800109863281,305.5888977050781,113788200,0.0,0.0,0.0
2020-02-24,323.1400146484375,333.55999755859375,321.239990234375,322.4200134277344,295.4538879394531,161088400,0.0,0.0,0.0
2020-02-25,323.94000244140625,324.6099853515625,311.69000244140625,312.6499938964844,286.5010070800781,218913200,0.0,0.0,0.0
2020-02-26,314.17999267578125,318.1099853515625,310.70001220703125,311.5,285.4472351074219,194773800,0.0,0.0,0.0
2020-02-27,305.4599914550781,311.55999755859375,297.510009765625,297.510009765625,272.6273498535156,284353500,0.0,0.0,0.0
2020-02-28,288.70001220703125,297.8900146484375,285.5400085449219,296.260009765625,271.4818115234375,384975800,0.0,0.0,0.0
2020-03-02,298.2099914550781,309.1600036621094,294.4599914550781,309.0899963378906,283.23883056640625,238703600,0.0,0.0,0.0
2020-03-03,309.5,313.8399963378906,297.57000732421875,300.239990234375,275.1289367675781,300139100,0.0,0.0,0.0
2020-03-04,306.1199951171875,313.1000061035156,303.3299865722656,312.8599853515625,286.6934814453125,176613400,0.0,0.0,0.0
2020-03-05,304.9800109863281,308.4700012207031,300.010009765625,302.4599914550781,277.16326904296875,186366800,0.0,0.0,0.0
2020-03-06,293.1499938964844,298.7799987792969,290.2300109863281,297.4599914550781,272.58148193359375,228667200,0.0,0.0,0.0
2020-03-09,275.29998779296875,284.19000244140625,273.45001220703125,274.2300109863281,251.29440307617188,309417300,0.0,0.0,0.0
2020-03-10,284.6400146484375,288.5199890136719,273.5,288.4200134277344,264.2975769042969,276444100,0.0,0.0,0.0
2020-03-11,280.70001220703125,281.94000244140625,270.8800048828125,274.3599853515625,251.41348266601562,255316300,0.0,0.0,0.0
2020-03-12,256.0,266.6600036621094,247.67999267578125,248.11000061035156,227.35890197753906,392220700,0.0,0.0,0.0
2020-03-13,263.0899963378906,271.4800109863281,248.52000427246094,269.32000732421875,246.79505920410156,329566100,0.0,0.0,0.0
2020-03-16,241.17999267578125,256.8999938964844,237.36000061035156,239.85000610351562,219.78973388671875,297240000,0.0,0.0,0.0
2020-03-17,245.0399932861328,256.1700134277344,237.07000732421875,252.8000030517578,231.65667724609375,262070500,0.0,0.0,0.0
2020-03-18,236.25,248.3699951171875,228.02000427246094,240.0,219.92723083496094,327597100,0.0,0.0,0.0
2020-03-19,239.25,247.3800048828125,232.22000122070312,240.50999450683594,220.39454650878906,289322000,0.0,0.0,0.0
2020-03-20,242.52999877929688,244.47000122070312,228.5,228.8000030517578,210.89682006835938,347158800,1.406,0.0,0.0
2020-03-23,228.19000244140625,229.67999267578125,218.25999450683594,222.9499969482422,205.5045623779297,326025200,0.0,0.0,0.0
2020-03-24,234.4199981689453,244.10000610351562,233.8000030517578,243.14999389648438,224.12399291992188,235494500,0.0,0.0,0.0
2020-03-25,244.8699951171875,256.3500061035156,239.75,246.7899932861328,227.4791259765625,299430300,0.0,0.0,0.0
2020-03-26,249.52000427246094,262.79998779296875,249.0500030517578,261.20001220703125,240.7615509033203,257632800,0.0,0.0,0.0
2020-03-27,253.27000427246094,260.80999755859375,251.0500030517578,253.4199981689453,233.59036254882812,224341200,0.0,0.0,0.0
2020-03-30,255.6999969482422,262.42999267578125,253.52999877929688,261.6499938964844,241.1763916015625,171369500,0.0,0.0,0.0
2020-03-31,260.55999755859375,263.3299865722656,256.2200012207031,257.75,237.58154296875,194881100,0.0,0.0,0.0
2020-04-01,247.97999572753906,257.6600036621094,243.89999389648438,246.14999389648438,226.8892364501953,189554600,0.0,0.0,0.0
2020-04-02,245.19000244140625,252.67999267578125,244.58999633789062,251.8300018310547,232.12477111816406,177660400,0.0,0.0,0.0
2020-04-03,250.75999450683594,253.32000732421875,245.22000122070312,248.19000244140625,228.76959228515625,135561200,0.0,0.0,0.0
2020-04-06,257.8399963378906,267.0,248.1699981689453,264.8599853515625,244.1352081298828,188061200,0.0,0.0,0.0
2020-04-07,274.2099914550781,275.0299987792969,264.8900146484375,265.1300048828125,244.3841094970703,201427200,0.0,0.0,0.0
2020-04-08,267.9599914550781,276.0,265.25,274.0299987792969,252.58766174316406,153774500,0.0,0.0,0.0
2020-04-09,277.5799865722656,281.20001220703125,275.4700012207031,278.20001220703125,256.431396484375,189999200,0.0,0.0,0.0
2020-04-13,277.1400146484375,277.510009765625,271.4100036621094,275.6600036621094,254.0900421142578,114839100,0.0,0.0,0.0
2020-04-14,280.9800109863281,284.8999938964844,275.510009765625,283.7900085449219,261.5839538574219,134143400,0.0,0.0,0.0
2020-04-15,277.57000732421875,283.94000244140625,275.4599914550781,277.760009765625,256.0258483886719,121775000,0.0,0.0,0.0
2020-04-16,279.1499938964844,280.0299987792969,275.760009765625,279.1000061035156,257.2609558105469,131798300,0.0,0.0,0.0
2020-04-17,285.3800048828125,287.29998779296875,282.3999938964844,286.6400146484375,264.21099853515625,146684800,0.0,0.0,0.0
2020-04-20,282.6099853515625,286.7900085449219,281.3500061035156,281.5899963378906,259.55609130859375,100109300,0.0,0.0,0.0
2020-04-21,276.7300109863281,278.0400085449219,272.0199890136719,273.0400085449219,251.6751251220703,126385700,0.0,0.0,0.0
2020-04-22,278.3500061035156,281.0,276.9100036621094,279.1000061035156,257.2609558105469,92951600,0.0,0.0,0.0
2020-04-23,280.489990234375,283.94000244140625,278.75,279.0799865722656,257.2425231933594,104709700,0.0,0.0,0.0
2020-04-24,280.7300109863281,283.70001220703125,278.5,282.9700012207031,260.8280944824219,85063200,0.0,0.0,0.0
2020-04-27,285.1199951171875,288.2699890136719,284.6199951171875,287.04998779296875,264.5888977050781,77896600,0.0,0.0,0.0
2020-04-28,291.0199890136719,291.3999938964844,285.3999938964844,285.7300109863281,263.3721618652344,105270000,0.0,0.0,0.0
2020-04-29,291.5299987792969,294.8800048828125,290.4100036621094,293.2099914550781,270.26690673828125,118745600,0.0,0.0,0.0
2020-04-30,291.7099914550781,293.32000732421875,288.5899963378906,290.4800109863281,267.7504577636719,122901700,0.0,0.0,0.0
2020-05-01,285.30999755859375,290.6600036621094,281.5199890136719,282.7900085449219,260.6622314453125,125180000,0.0,0.0,0.0
2020-05-04,280.739990234375,283.8999938964844,279.1300048828125,283.57000732421875,261.3812255859375,80873200,0.0,0.0,0.0
2020-05-05,286.6400146484375,289.25,283.7099914550781,286.19000244140625,263.7962341308594,79569900,0.0,0.0,0.0
2020-05-06,288.0400085449219,288.4599914550781,283.7799987792969,284.25,262.0080261230469,73632600,0.0,0.0,0.0
2020-05-07,287.75,289.7799987792969,287.1300048828125,287.67999267578125,265.1695861816406,75250400,0.0,0.0,0.0
2020-05-08,291.0899963378906,292.95001220703125,289.8599853515625,292.44000244140625,269.5571594238281,76452400,0.0,0.0,0.0
2020-05-11,290.3399963378906,294.0,289.8800048828125,292.5,269.6124572753906,79514200,0.0,0.0,0.0
2020-05-12,293.7900085449219,294.239990234375,286.5199890136719,286.6700134277344,264.2386779785156,95870800,0.0,0.0,0.0
2020-05-13,286.05999755859375,287.19000244140625,278.9599914550781,281.6000061035156,259.5653991699219,144721100,0.0,0.0,0.0
2020-05-14,278.95001220703125,285.1099853515625,272.989990234375,284.9700012207031,262.6716613769531,121977900,0.0,0.0,0.0
2020-05-15,282.3699951171875,286.3299865722656,281.3399963378906,286.2799987792969,263.879150390625,111146300,0.0,0.0,0.0
2020-05-18,293.04998779296875,296.75,292.70001220703125,295.0,271.91680908203125,119703800,0.0,0.0,0.0
2020-05-19,294.3500061035156,296.2099914550781,291.95001220703125,291.9700012207031,269.1239318847656,95189300,0.0,0.0,0.0
2020-05-20,295.82000732421875,297.8699951171875,295.57000732421875,296.92999267578125,273.6957702636719,85861700,0.0,0.0,0.0
2020-05-21,296.7900085449219,297.6700134277344,293.69000244140625,294.8800048828125,271.8062744140625,78293900,0.0,0.0,0.0
2020-05-22,294.57000732421875,295.6300048828125,293.2200012207031,295.44000244140625,272.3224182128906,63958200,0.0,0.0,0.0
2020-05-26,301.92999267578125,302.19000244140625,295.4599914550781,299.0799865722656,275.6775207519531,88951400,0.0,0.0,0.0
2020-05-27,302.1199951171875,303.57000732421875,296.8699951171875,303.5299987792969,279.7793273925781,104817400,0.0,0.0,0.0
2020-05-28,304.6499938964844,306.8399963378906,302.239990234375,302.9700012207031,279.2631530761719,90405200,0.0,0.0,0.0
2020-05-29,302.4599914550781,304.9599914550781,299.4700012207031,304.32000732421875,280.507568359375,119090800,0.0,0.0,0.0
2020-06-01,303.6199951171875,306.2099914550781,303.05999755859375,305.54998779296875,281.6412658691406,55758300,0.0,0.0,0.0
2020-06-02,306.54998779296875,308.1300048828125,305.1000061035156,308.0799865722656,283.97332763671875,74267200,0.0,0.0,0.0
2020-06-03,310.239990234375,313.2200012207031,309.94000244140625,312.17999267578125,287.7524719238281,92567600,0.0,0.0,0.0
2020-06-04,311.1099853515625,313.0,309.0799865722656,311.3599853515625,286.99664306640625,75794400,0.0,0.0,0.0
2020-06-05,317.2300109863281,321.2699890136719,317.1600036621094,319.3399963378906,294.352294921875,150524700,0.0,0.0,0.0
2020-06-08,320.2200012207031,323.4100036621094,319.6300048828125,323.20001220703125,297.91015625,73641200,0.0,0.0,0.0
2020-06-09,320.29998779296875,323.2799987792969,319.3599853515625,320.7900085449219,295.6888427734375,77479200,0.0,0.0,0.0
2020-06-10,321.4200134277344,322.3900146484375,318.2200012207031,319.0,294.0388488769531,95000800,0.0,0.0,0.0
2020-06-11,311.4599914550781,312.1499938964844,300.010009765625,300.6099853515625,277.08782958984375,209243600,0.0,0.0,0.0
2020-06-12,308.239990234375,309.0799865722656,298.6000061035156,304.2099914550781,280.4060974121094,194678900,0.0,0.0,0.0
2020-06-15,298.0199890136719,308.2799987792969,296.739990234375,307.04998779296875,283.0238342285156,135782700,0.0,0.0,0.0
2020-06-16,315.4800109863281,315.6400146484375,307.6700134277344,312.9599914550781,288.4714050292969,137627500,0.0,0.0,0.0
2020-06-17,314.07000732421875,314.3900146484375,310.8599853515625,311.6600036621094,287.2732238769531,83398900,0.0,0.0,0.0
2020-06-18,310.010009765625,312.29998779296875,309.510009765625,311.7799987792969,287.3837890625,80828700,0.0,0.0,0.0
2020-06-19,314.1700134277344,314.3800048828125,306.5299987792969,308.6400146484375,285.741455078125,135549600,1.366,0.0,0.0
2020-06-22,307.989990234375,311.04998779296875,306.75,310.6199951171875,287.5744934082031,74649400,0.0,0.0,0.0
2020-06-23,313.489990234375,314.5,311.6099853515625,312.04998779296875,288.89837646484375,68471200,0.0,0.0,0.0
2020-06-24,309.8399963378906,310.510009765625,302.1000061035156,304.0899963378906,281.5289611816406,132813500,0.0,0.0,0.0
2020-06-25,303.4700012207031,307.6400146484375,301.2799987792969,307.3500061035156,284.547119140625,89468000,0.0,0.0,0.0
2020-06-26,306.1600036621094,306.3900146484375,299.4200134277344,300.04998779296875,277.7887268066406,127961000,0.0,0.0,0.0
2020-06-29,301.4100036621094,304.6099853515625,298.92999267578125,304.4599914550781,281.8715515136719,79773300,0.0,0.0,0.0
2020-06-30,303.989990234375,310.20001220703125,303.82000732421875,308.3599853515625,285.4821472167969,113394800,0.0,0.0,0.0
2020-07-01,309.57000732421875,311.8900146484375,309.07000732421875,310.5199890136719,287.48193359375,72396500,0.0,0.0,0.0
2020-07-02,314.239990234375,315.70001220703125,311.510009765625,312.2300109863281,289.06500244140625,69344200,0.0,0.0,0.0
2020-07-06,316.3699951171875,317.67999267578125,315.55999755859375,317.04998779296875,293.5274963378906,61713800,0.0,0.0,0.0
2020-07-07,315.3800048828125,317.5199890136719,313.3699951171875,313.7799987792969,290.5000915527344,82910000,0.0,0.0,0.0
2020-07-08,314.6099853515625,316.29998779296875,312.70001220703125,316.17999267578125,292.7220458984375,54638600,0.0,0.0,0.0
2020-07-09,316.8399963378906,317.1000061035156,310.67999267578125,314.3800048828125,291.0555114746094,83354200,0.0,0.0,0.0
2020-07-10,314.30999755859375,317.8800048828125,312.760009765625,317.5899963378906,294.0273742675781,57550400,0.0,0.0,0.0
2020-07-13,320.1300048828125,322.7099914550781,314.1300048828125,314.8399963378906,291.4814453125,102997500,0.0,0.0,0.0
2020-07-14,313.29998779296875,319.760009765625,312.0,318.9200134277344,295.2587890625,93657000,0.0,0.0,0.0
2020-07-15,322.4100036621094,323.0400085449219,319.2699890136719,321.8500061035156,297.9713439941406,87196500,0.0,0.0,0.0
2020-07-16,319.7900085449219,321.2799987792969,319.0899963378906,320.7900085449219,296.989990234375,54622500,0.0,0.0,0.0
2020-07-17,321.8800048828125,322.57000732421875,319.739990234375,321.7200012207031,297.8509826660156,62774900,0.0,0.0,0.0
2020-07-20,321.42999267578125,325.1300048828125,320.6199951171875,324.32000732421875,300.2579650878906,56308800,0.0,0.0,0.0
2020-07-21,326.45001220703125,326.92999267578125,323.94000244140625,325.010009765625,300.8969421386719,57292200,0.0,0.0,0.0
2020-07-22,324.6199951171875,327.20001220703125,324.5,326.8599853515625,302.6096496582031,57792900,0.0,0.0,0.0
2020-07-23,326.4700012207031,327.2300109863281,321.4800109863281,322.9599914550781,298.9990234375,75738000,0.0,0.0,0.0
2020-07-24,320.95001220703125,321.989990234375,319.25,320.8800048828125,297.0732421875,73766600,0.0,0.0,0.0
2020-07-27,321.6300048828125,323.4100036621094,320.7699890136719,323.2200012207031,299.23968505859375,48293000,0.0,0.0,0.0
2020-07-28,322.42999267578125,323.6400146484375,320.8500061035156,321.1700134277344,297.3418273925781,57495000,0.0,0.0,0.0
2020-07-29,322.1199951171875,325.7300109863281,322.0799865722656,325.1199951171875,300.99871826171875,48454200,0.0,0.0,0.0
2020-07-30,321.8999938964844,324.4100036621094,319.6400146484375,323.9599914550781,299.9248352050781,61861700,0.0,0.0,0.0
2020-07-31,325.8999938964844,326.6300048828125,321.3299865722656,326.5199890136719,302.29486083984375,84986800,0.0,0.0,0.0
2020-08-03,328.32000732421875,329.6199951171875,327.7300109863281,328.7900085449219,304.3964538574219,53077900,0.0,0.0,0.0
2020-08-04,327.8599853515625,330.05999755859375,327.8599853515625,330.05999755859375,305.5722351074219,41917900,0.0,0.0,0.0
2020-08-05,331.4700012207031,332.3900146484375,331.17999267578125,332.1099853515625,307.4701232910156,42697700,0.0,0.0,0.0
2020-08-06,331.4800109863281,334.4599914550781,331.1300048828125,334.3299865722656,309.5254211425781,43679400,0.0,0.0,0.0
2020-08-07,333.2799987792969,334.8800048828125,332.29998779296875,334.57000732421875,309.7476806640625,57308300,0.0,0.0,0.0
2020-08-10,335.05999755859375,335.7699890136719,332.9599914550781,335.57000732421875,310.6734313964844,44282100,0.0,0.0,0.0
2020-08-11,336.8500061035156,337.5400085449219,332.010009765625,332.79998779296875,308.1089782714844,69601100,0.0,0.0,0.0
2020-08-12,335.44000244140625,338.2799987792969,335.4100036621094,337.44000244140625,312.4046936035156,53774400,0.0,0.0,0.0
2020-08-13,336.6099853515625,338.25,335.8299865722656,336.8299865722656,311.83990478515625,41816100,0.0,0.0,0.0
2020-08-14,336.4100036621094,337.4200134277344,335.6199951171875,336.8399963378906,311.8492431640625,47260400,0.0,0.0,0.0
2020-08-17,337.94000244140625,338.3399963378906,336.8500061035156,337.9100036621094,312.8397521972656,35481000,0.0,0.0,0.0
2020-08-18,338.3399963378906,339.1000061035156,336.6099853515625,338.6400146484375,313.5156555175781,38733900,0.0,0.0,0.0
2020-08-19,339.04998779296875,339.6099853515625,336.6199951171875,337.2300109863281,312.2103271484375,68054200,0.0,0.0,0.0
2020-08-20,335.3599853515625,338.79998779296875,335.2200012207031,338.2799987792969,313.1824035644531,42207800,0.0,0.0,0.0
2020-08-21,337.9200134277344,339.7200012207031,337.54998779296875,339.4800109863281,314.29339599609375,55106600,0.0,0.0,0.0
2020-08-24,342.1199951171875,343.0,339.45001220703125,342.9200134277344,317.47821044921875,48588700,0.0,0.0,0.0
2020-08-25,343.5299987792969,344.2099914550781,342.2699890136719,344.1199951171875,318.58905029296875,38463400,0.0,0.0,0.0
2020-08-26,344.760009765625,347.8599853515625,344.1700134277344,347.57000732421875,321.7831115722656,50790200,0.0,0.0,0.0
2020-08-27,348.510009765625,349.8999938964844,346.5299987792969,348.3299865722656,322.48681640625,58034100,0.0,0.0,0.0
2020-08-28,349.44000244140625,350.7200012207031,348.1499938964844,350.5799865722656,324.56976318359375,48588900,0.0,0.0,0.0
2020-08-31,350.3500061035156,351.29998779296875,349.05999755859375,349.30999755859375,323.39404296875,66099200,0.0,0.0,0.0
2020-09-01,350.2099914550781,352.7099914550781,349.239990234375,352.6000061035156,326.4399719238281,54908700,0.0,0.0,0.0
2020-09-02,354.6700134277344,358.75,353.42999267578125,357.70001220703125,331.16156005859375,69540000,0.0,0.0,0.0
2020-09-03,355.8699951171875,356.3800048828125,342.5899963378906,345.3900146484375,319.764892578125,148011100,0.0,0.0,0.0
2020-09-04,346.1300048828125,347.8299865722656,334.8699951171875,342.57000732421875,317.15411376953125,139156300,0.0,0.0,0.0
2020-09-08,336.7099914550781,342.6400146484375,332.8800048828125,333.2099914550781,308.4886169433594,114465300,0.0,0.0,0.0
2020-09-09,337.54998779296875,342.4599914550781,336.6099853515625,339.7900085449219,314.5803527832031,91462300,0.0,0.0,0.0
2020-09-10,341.82000732421875,342.5299987792969,332.8500061035156,333.8900146484375,309.11810302734375,90569500,0.0,0.0,0.0
2020-09-11,335.82000732421875,336.9700012207031,331.0,334.05999755859375,309.27545166015625,84680200,0.0,0.0,0.0
2020-09-14,337.489990234375,340.3800048828125,334.2200012207031,338.4599914550781,313.3489990234375,65605700,0.0,0.0,0.0
2020-09-15,341.1199951171875,342.0199890136719,338.4700012207031,340.1700134277344,314.9322509765625,52920900,0.0,0.0,0.0
2020-09-16,341.510009765625,343.05999755859375,338.5199890136719,338.82000732421875,313.6823425292969,82096000,0.0,0.0,0.0
2020-09-17,333.55999755859375,337.70001220703125,332.989990234375,335.8399963378906,310.9233703613281,91523300,0.0,0.0,0.0
2020-09-18,335.3699951171875,335.489990234375,327.9700012207031,330.6499938964844,307.3438415527344,105877900,1.339,0.0,0.0
2020-09-21,325.70001220703125,327.1300048828125,321.7300109863281,326.9700012207031,303.9232177734375,99450800,0.0,0.0,0.0
2020-09-22,328.57000732421875,330.8999938964844,325.8599853515625,330.29998779296875,307.01849365234375,63612100,0.0,0.0,0.0
2020-09-23,330.8999938964844,331.20001220703125,322.1000061035156,322.6400146484375,299.8984069824219,93112200,0.0,0.0,0.0
2020-09-24,321.2200012207031,326.79998779296875,319.79998779296875,323.5,300.6977844238281,76681300,0.0,0.0,0.0
2020-09-25,322.5799865722656,329.5799865722656,321.6400146484375,328.7300109863281,305.5592041015625,71069400,0.0,0.0,0.0
2020-09-28,333.2200012207031,334.9599914550781,332.1499938964844,334.19000244140625,310.6343078613281,64584600,0.0,0.0,0.0
2020-09-29,333.9700012207031,334.7699890136719,331.6199951171875,332.3699951171875,308.9425964355469,51304000,0.0,0.0,0.0
2020-09-30,333.0899963378906,338.2900085449219,332.8800048828125,334.8900146484375,311.2850341796875,104081100,0.0,0.0,0.0
2020-10-01,337.69000244140625,338.739990234375,335.010009765625,337.0400085449219,313.2834167480469,88698700,0.0,0.0,0.0
2020-10-02,331.70001220703125,337.010009765625,331.19000244140625,333.8399963378906,310.30902099609375,89431100,0.0,0.0,0.0
2020-10-05,336.05999755859375,339.9599914550781,336.010009765625,339.760009765625,315.8117370605469,45713100,0.0,0.0,0.0
2020-10-06,339.9100036621094,342.1700134277344,334.3800048828125,334.92999267578125,311.3222351074219,90128900,0.0,0.0,0.0
2020-10-07,338.1199951171875,341.6300048828125,338.0899963378906,340.760009765625,316.74127197265625,56999600,0.0,0.0,0.0
2020-10-08,342.8500061035156,343.8500061035156,341.8599853515625,343.7799987792969,319.5483703613281,45242500,0.0,0.0,0.0
2020-10-09,345.55999755859375,347.3500061035156,344.8900146484375,346.8500061035156,322.40203857421875,59528600,0.0,0.0,0.0
2020-10-12,349.5899963378906,354.0199890136719,349.05999755859375,352.42999267578125,327.5887145996094,80388500,0.0,0.0,0.0
2020-10-13,352.2799987792969,352.4700012207031,349.0899963378906,350.1300048828125,325.45074462890625,73255500,0.0,0.0,0.0
2020-10-14,350.75,351.92999267578125,347.1400146484375,347.92999267578125,323.4058532714844,57727900,0.0,0.0,0.0
2020-10-15,343.7099914550781,348.0199890136719,343.1300048828125,347.5,323.00616455078125,60357700,0.0,0.0,0.0
2020-10-16,348.9599914550781,350.75,347.1000061035156,347.2900085449219,322.8109130859375,89501900,0.0,0.0,0.0
2020-10-19,348.6499938964844,349.3299865722656,341.0400085449219,342.010009765625,317.9031066894531,68425600,0.0,0.0,0.0
2020-10-20,343.4599914550781,346.8800048828125,342.6400146484375,343.3800048828125,319.17657470703125,60051900,0.0,0.0,0.0
2020-10-21,343.3299865722656,345.6700134277344,342.3999938964844,342.7300109863281,318.5723876953125,63575000,0.0,0.0,0.0
2020-10-22,342.9599914550781,345.239990234375,340.6499938964844,344.6099853515625,320.3198547363281,55399300,0.0,0.0,0.0
2020-10-23,345.92999267578125,345.989990234375,343.1300048828125,345.7799987792969,321.4073791503906,49143900,0.0,0.0,0.0
2020-10-26,342.1300048828125,342.9800109863281,335.6199951171875,339.3900146484375,315.4678039550781,91473000,0.0,0.0,0.0
2020-10-27,339.760009765625,340.1199951171875,337.989990234375,338.2200012207031,314.3802795410156,65994100,0.0,0.0,0.0
2020-10-28,332.1000061035156,338.25,326.1300048828125,326.6600036621094,303.63507080078125,127094300,0.0,0.0,0.0
2020-10-29,326.9100036621094,333.3999938964844,325.0899963378906,329.9800109863281,306.7210388183594,90597700,0.0,0.0,0.0
2020-10-30,328.2799987792969,329.69000244140625,322.6000061035156,326.5400085449219,303.52362060546875,120287300,0.0,0.0,0.0
2020-11-02,330.20001220703125,332.3599853515625,327.239990234375,330.20001220703125,306.9255676269531,86068300,0.0,0.0,0.0
2020-11-03,333.69000244140625,338.25,330.2900085449219,336.0299987792969,312.3446044921875,93294200,0.0,0.0,0.0
2020-11-04,340.8599853515625,347.94000244140625,339.5899963378906,343.5400085449219,319.3253173828125,126959700,0.0,0.0,0.0
2020-11-05,349.239990234375,352.19000244140625,348.8599853515625,350.239990234375,325.5530090332031,82039700,0.0,0.0,0.0
2020-11-06,349.92999267578125,351.510009765625,347.6499938964844,350.1600036621094,325.4786376953125,74973000,0.0,0.0,0.0
2020-11-09,363.9700012207031,364.3800048828125,354.05999755859375,354.55999755859375,329.5685119628906,172304200,0.0,0.0,0.0
2020-11-10,353.489990234375,355.17999267578125,350.510009765625,354.0400085449219,329.085205078125,85552000,0.0,0.0,0.0
2020-11-11,356.3999938964844,357.55999755859375,355.05999755859375,356.6700134277344,331.52978515625,58649000,0.0,0.0,0.0
2020-11-12,355.5799865722656,356.7200012207031,351.260009765625,353.2099914550781,328.3136291503906,67546200,0.0,0.0,0.0
2020-11-13,355.2699890136719,358.8999938964844,354.7099914550781,358.1000061035156,332.8589782714844,62892200,0.0,0.0,0.0
2020-11-16,360.9800109863281,362.7799987792969,359.5899963378906,362.57000732421875,337.0138854980469,74541100,0.0,0.0,0.0
2020-11-17,359.9700012207031,361.9200134277344,358.3399963378906,360.6199951171875,335.201416015625,66111000,0.0,0.0,0.0
2020-11-18,360.9100036621094,361.5,356.239990234375,356.2799987792969,331.1672668457031,70591300,0.0,0.0,0.0
2020-11-19,355.6000061035156,358.17999267578125,354.1499938964844,357.7799987792969,332.5615539550781,59940900,0.0,0.0,0.0
2020-11-20,357.5,357.7200012207031,355.25,355.3299865722656,330.2842712402344,70417300,0.0,0.0,0.0
2020-11-23,357.2799987792969,358.82000732421875,354.8699951171875,357.4599914550781,332.2641296386719,63230600,0.0,0.0,0.0
2020-11-24,360.2099914550781,363.80999755859375,359.2900085449219,363.2200012207031,337.6181335449219,62415900,0.0,0.0,0.0
2020-11-25,363.1300048828125,363.1600036621094,361.4800109863281,362.6600036621094,337.0975646972656,45330900,0.0,0.0,0.0
2020-11-27,363.8399963378906,364.17999267578125,362.5799865722656,363.6700134277344,338.03643798828125,28514100,0.0,0.0,0.0
2020-11-30,362.8299865722656,363.1199951171875,359.1700134277344,362.05999755859375,336.53985595703125,83872700,0.0,0.0,0.0
2020-12-01,365.57000732421875,367.67999267578125,364.92999267578125,366.0199890136719,340.2207336425781,74231400,0.0,0.0,0.0
2020-12-02,364.82000732421875,366.9599914550781,364.20001220703125,366.7900085449219,340.9364929199219,45927000,0.0,0.0,0.0
2020-12-03,366.67999267578125,368.19000244140625,365.5,366.69000244140625,340.8435363769531,62882000,0.0,0.0,0.0
2020-12-04,367.32000732421875,369.8500061035156,367.2200012207031,369.8500061035156,343.7807312011719,50749900,0.0,0.0,0.0
2020-12-07,369.0199890136719,369.6199951171875,367.7200012207031,369.0899963378906,343.0743103027344,48944300,0.0,0.0,0.0
2020-12-08,367.7200012207031,370.7799987792969,367.6700134277344,370.1700134277344,344.07830810546875,42458900,0.0,0.0,0.0
2020-12-09,370.8800048828125,371.04998779296875,365.95001220703125,366.8500061035156,340.9922180175781,74098300,0.0,0.0,0.0
2020-12-10,365.3699951171875,367.8599853515625,364.42999267578125,366.7300109863281,340.8807678222656,57735400,0.0,0.0,0.0
2020-12-11,364.8999938964844,366.739990234375,363.260009765625,366.29998779296875,340.4810485839844,57698600,0.0,0.0,0.0
2020-12-14,368.6400146484375,369.79998779296875,364.4700012207031,364.6600036621094,338.9566650390625,69216200,0.0,0.0,0.0
2020-12-15,367.3999938964844,369.5899963378906,365.9200134277344,369.5899963378906,343.5390930175781,63865300,0.0,0.0,0.0
2020-12-16,369.82000732421875,371.1600036621094,368.8699951171875,370.1700134277344,344.07830810546875,58420500,0.0,0.0,0.0
2020-12-17,371.94000244140625,372.4599914550781,371.04998779296875,372.239990234375,346.00238037109375,64119500,0.0,0.0,0.0
2020-12-18,370.9700012207031,371.1499938964844,367.0199890136719,369.17999267578125,344.62078857421875,136542300,1.58,0.0,0.0
2020-12-21,364.9700012207031,378.4599914550781,362.0299987792969,367.8599853515625,343.3885498046875,96386700,0.0,0.0,0.0
2020-12-22,368.2099914550781,368.3299865722656,366.0299987792969,367.239990234375,342.8099365234375,47949000,0.0,0.0,0.0
2020-12-23,368.2799987792969,369.6199951171875,367.2200012207031,367.57000732421875,343.1179504394531,46201400,0.0,0.0,0.0
2020-12-24,368.0799865722656,369.0299987792969,367.45001220703125,369.0,344.4527282714844,26457900,0.0,0.0,0.0
2020-12-28,371.739990234375,372.5899963378906,371.07000732421875,372.1700134277344,347.4118957519531,39000400,0.0,0.0,0.0
2020-12-29,373.80999755859375,374.0,370.8299865722656,371.4599914550781,346.7490539550781,53680500,0.0,0.0,0.0
2020-12-30,372.3399963378906,373.1000061035156,371.57000732421875,371.989990234375,347.243896484375,49455300,0.0,0.0,0.0
2020-12-31,371.7799987792969,374.6600036621094,371.2300109863281,373.8800048828125,349.00811767578125,78520700,0.0,0.0,0.0
2021-01-04,375.30999755859375,375.45001220703125,364.82000732421875,368.7900085449219,344.2568054199219,110210800,0.0,0.0,0.0
2021-01-05,368.1000061035156,372.5,368.04998779296875,371.3299865722656,346.6277160644531,66426200,0.0,0.0,0.0
2021-01-06,369.7099914550781,376.9800109863281,369.1199951171875,373.54998779296875,348.7001037597656,107997700,0.0,0.0,0.0
2021-01-07,376.1000061035156,379.8999938964844,375.9100036621094,379.1000061035156,353.8809814453125,68766800,0.0,0.0,0.0
2021-01-08,380.5899963378906,381.489990234375,377.1000061035156,381.260009765625,355.89715576171875,71677200,0.0,0.0,0.0
2021-01-11,377.8500061035156,380.5799865722656,377.7200012207031,378.69000244140625,353.49810791015625,51034700,0.0,0.0,0.0
2021-01-12,378.8900146484375,379.8599853515625,376.3599853515625,378.7699890136719,353.5728759765625,52547700,0.0,0.0,0.0
2021-01-13,378.69000244140625,380.8599853515625,377.8500061035156,379.7900085449219,354.5249938964844,45303600,0.0,0.0,0.0
2021-01-14,380.5899963378906,381.1300048828125,378.1000061035156,378.4599914550781,353.2834777832031,49989100,0.0,0.0,0.0
2021-01-15,376.7200012207031,377.5799865722656,373.70001220703125,375.70001220703125,350.7070617675781,107160000,0.0,0.0,0.0
2021-01-19,378.3399963378906,379.2300109863281,376.75,378.6499938964844,353.4608154296875,51233300,0.0,0.0,0.0
2021-01-20,381.1099853515625,384.7900085449219,380.69000244140625,383.8900146484375,358.3522644042969,61836100,0.0,0.0,0.0
2021-01-21,384.489990234375,384.95001220703125,383.25,384.239990234375,358.678955078125,47840100,0.0,0.0,0.0
2021-01-22,382.25,384.1300048828125,381.8399963378906,382.8800048828125,357.4093933105469,52860500,0.0,0.0,0.0
2021-01-25,383.6700134277344,384.7699890136719,378.4599914550781,384.3900146484375,358.8189697265625,70402000,0.0,0.0,0.0
2021-01-26,385.4100036621094,385.8500061035156,383.5400085449219,383.7900085449219,358.2588806152344,42665300,0.0,0.0,0.0
2021-01-27,380.2200012207031,380.32000732421875,372.010009765625,374.4100036621094,349.50286865234375,123351100,0.0,0.0,0.0
2021-01-28,376.3599853515625,381.92999267578125,375.8900146484375,377.6300048828125,352.5086975097656,94198100,0.0,0.0,0.0
2021-01-29,375.6300048828125,376.6700134277344,368.2699890136719,370.07000732421875,345.4516906738281,126765100,0.0,0.0,0.0
2021-02-01,373.7200012207031,377.3399963378906,370.3800048828125,376.2300109863281,351.2018127441406,75817600,0.0,0.0,0.0
2021-02-02,379.6499938964844,383.2200012207031,376.32000732421875,381.54998779296875,356.1678771972656,64450700,0.0,0.0,0.0
2021-02-03,382.44000244140625,383.70001220703125,380.4800109863281,381.8500061035156,356.447998046875,52427100,0.0,0.0,0.0
2021-02-04,382.9599914550781,386.239990234375,381.9700012207031,386.19000244140625,360.4992370605469,47142600,0.0,0.0,0.0
2021-02-05,388.20001220703125,388.4700012207031,386.1400146484375,387.7099914550781,361.918212890625,48669800,0.0,0.0,0.0
2021-02-08,389.2699890136719,390.55999755859375,388.3500061035156,390.510009765625,364.5318603515625,38365200,0.0,0.0,0.0
2021-02-09,389.6099853515625,390.8900146484375,389.1700134277344,390.25,364.2890930175781,35551100,0.0,0.0,0.0
2021-02-10,392.1199951171875,392.2799987792969,387.5,390.0799865722656,364.1304931640625,59154400,0.0,0.0,0.0
2021-02-11,391.239990234375,391.69000244140625,388.1000061035156,390.7099914550781,364.7185974121094,42913300,0.0,0.0,0.0
2021-02-12,389.8500061035156,392.8999938964844,389.7699890136719,392.6400146484375,366.52020263671875,50593300,0.0,0.0,0.0
2021-02-16,393.9599914550781,394.1700134277344,391.5299987792969,392.29998779296875,366.2028503417969,50972400,0.0,0.0,0.0
2021-02-17,390.4200134277344,392.6600036621094,389.3299865722656,392.3900146484375,366.286865234375,52290600,0.0,0.0,0.0
2021-02-18,389.5899963378906,391.5199890136719,387.739990234375,390.7200012207031,364.7278747558594,59712800,0.0,0.0,0.0
2021-02-19,392.07000732421875,392.3800048828125,389.54998779296875,390.0299987792969,364.0837707519531,83241000,0.0,0.0,0.0
2021-02-22,387.05999755859375,389.6199951171875,386.739990234375,387.0299987792969,361.2833251953125,67414200,0.0,0.0,0.0
2021-02-23,384.6600036621094,388.95001220703125,380.20001220703125,387.5,361.7220458984375,107284100,0.0,0.0,0.0
2021-02-24,386.3299865722656,392.2300109863281,385.2699890136719,391.7699890136719,365.7080383300781,72433900,0.0,0.0,0.0
2021-02-25,390.4100036621094,391.8800048828125,380.7799987792969,382.3299865722656,356.89599609375,146670500,0.0,0.0,0.0
2021-02-26,384.3500061035156,385.5799865722656,378.2300109863281,380.3599853515625,355.0570373535156,152701600,0.0,0.0,0.0
2021-03-01,385.5899963378906,390.9200134277344,380.57000732421875,389.5799865722656,363.6636657714844,105348800,0.0,0.0,0.0
2021-03-02,389.82000732421875,390.07000732421875,386.0,386.5400085449219,360.8260192871094,79595300,0.0,0.0,0.0
2021-03-03,385.7900085449219,386.8299865722656,381.30999755859375,381.4200134277344,356.0465393066406,119940200,0.0,0.0,0.0
2021-03-04,381.2200012207031,384.0,371.8800048828125,376.70001220703125,351.6405334472656,183433000,0.0,0.0,0.0
2021-03-05,380.4599914550781,384.760009765625,372.6400146484375,383.6300048828125,358.10955810546875,152039600,0.0,0.0,0.0
2021-03-08,384.6600036621094,387.67999267578125,381.4200134277344,381.7200012207031,356.32659912109375,123149200,0.0,0.0,0.0
2021-03-09,385.8500061035156,389.9100036621094,385.30999755859375,387.1700134277344,361.4140930175781,113633600,0.0,0.0,0.0
2021-03-10,389.69000244140625,391.3999938964844,388.1700134277344,389.5799865722656,363.6636657714844,109899400,0.0,0.0,0.0
2021-03-11,392.2300109863281,395.6499938964844,391.739990234375,393.5299987792969,367.3509826660156,86245000,0.0,0.0,0.0
2021-03-12,392.07000732421875,394.2099914550781,391.20001220703125,394.05999755859375,367.8456726074219,64653600,0.0,0.0,0.0
2021-03-15,394.3299865722656,396.69000244140625,392.0299987792969,396.4100036621094,370.0393371582031,73427200,0.0,0.0,0.0
2021-03-16,397.07000732421875,397.8299865722656,395.0799865722656,395.9100036621094,369.5726318359375,73722500,0.0,0.0,0.0
2021-03-17,394.5299987792969,398.1199951171875,393.29998779296875,397.260009765625,370.8327941894531,97959300,0.0,0.0,0.0
2021-03-18,394.4800109863281,396.7200012207031,390.75,391.4800109863281,365.4373779296875,115349100,0.0,0.0,0.0
2021-03-19,389.8800048828125,391.57000732421875,387.1499938964844,389.4800109863281,364.7611083984375,113624500,1.278,0.0,0.0
2021-03-22,390.0299987792969,394.07000732421875,389.9700012207031,392.5899963378906,367.67376708984375,73778600,0.0,0.0,0.0
2021-03-23,391.9100036621094,393.4599914550781,388.6600036621094,389.5,364.7798156738281,90686600,0.0,0.0,0.0
2021-03-24,391.0,392.75,387.4700012207031,387.5199890136719,362.92547607421875,97588600,0.0,0.0,0.0
2021-03-25,385.9800109863281,390.54998779296875,383.8999938964844,389.70001220703125,364.9671630859375,116128600,0.0,0.0,0.0
2021-03-26,390.92999267578125,396.4100036621094,390.2900085449219,395.9800109863281,370.8486633300781,114409100,0.0,0.0,0.0
2021-03-29,394.3999938964844,396.75,392.80999755859375,395.7799987792969,370.6612854003906,108107600,0.0,0.0,0.0
2021-03-30,394.4200134277344,395.45001220703125,393.0199890136719,394.7300109863281,369.67791748046875,76262200,0.0,0.0,0.0
2021-03-31,395.3399963378906,398.0,395.30999755859375,396.3299865722656,371.1764221191406,112734200,0.0,0.0,0.0
2021-04-01,398.3999938964844,400.6700134277344,398.17999267578125,400.6099853515625,375.18475341796875,99682900,0.0,0.0,0.0
2021-04-05,403.4599914550781,406.94000244140625,403.3800048828125,406.3599853515625,380.56976318359375,91684800,0.0,0.0,0.0
2021-04-06,405.760009765625,407.239990234375,405.3999938964844,406.1199951171875,380.3450927734375,62021000,0.0,0.0,0.0
2021-04-07,405.94000244140625,406.9599914550781,405.45001220703125,406.5899963378906,380.7852478027344,55836300,0.0,0.0,0.0
2021-04-08,407.92999267578125,408.5799865722656,406.92999267578125,408.5199890136719,382.59271240234375,57863100,0.0,0.0,0.0
2021-04-09,408.3900146484375,411.6700134277344,408.260009765625,411.489990234375,385.37420654296875,61104600,0.0,0.0,0.0
2021-04-12,410.8500061035156,411.92999267578125,410.20001220703125,411.6400146484375,385.5148010253906,56704900,0.0,0.0,0.0
2021-04-13,411.5299987792969,413.5299987792969,411.1199951171875,412.8599853515625,386.6571960449219,56551000,0.0,0.0,0.0
2021-04-14,412.8299865722656,413.9599914550781,410.8699951171875,411.45001220703125,385.3367614746094,61659900,0.0,0.0,0.0
2021-04-15,413.739990234375,416.1600036621094,413.69000244140625,415.8699951171875,389.4762268066406,60229800,0.0,0.0,0.0
2021-04-16,417.25,417.9100036621094,415.7300109863281,417.260009765625,390.7780456542969,82037300,0.0,0.0,0.0
2021-04-19,416.260009765625,416.739990234375,413.7900085449219,415.2099914550781,388.8581848144531,78498500,0.0,0.0,0.0
2021-04-20,413.9100036621094,415.0899963378906,410.5899963378906,412.1700134277344,386.01104736328125,81851800,0.0,0.0,0.0
2021-04-21,411.510009765625,416.2900085449219,411.3599853515625,416.07000732421875,389.6635437011719,66793000,0.0,0.0,0.0
2021-04-22,415.8900146484375,416.7799987792969,411.1300048828125,412.2699890136719,386.1047668457031,97582800,0.0,0.0,0.0
2021-04-23,412.8699951171875,418.25,412.7900085449219,416.739990234375,390.291015625,73209200,0.0,0.0,0.0
2021-04-26,417.44000244140625,418.2200012207031,416.80999755859375,417.6099853515625,391.1058654785156,52182400,0.0,0.0,0.0
2021-04-27,417.92999267578125,418.1400146484375,416.29998779296875,417.5199890136719,391.02154541015625,51303100,0.0,0.0,0.0
2021-04-28,417.80999755859375,419.010009765625,416.8999938964844,417.3999938964844,390.9091491699219,51238900,0.0,0.0,0.0
2021-04-29,420.32000732421875,420.7200012207031,416.44000244140625,420.05999755859375,393.4003601074219,78544300,0.0,0.0,0.0
2021-04-30,417.6300048828125,418.5400085449219,416.3399963378906,417.29998779296875,390.8155212402344,85527000,0.0,0.0,0.0
2021-05-03,419.42999267578125,419.8399963378906,417.6700134277344,418.20001220703125,391.65838623046875,68128300,0.0,0.0,0.0
2021-05-04,416.07000732421875,416.6000061035156,411.6700134277344,415.6199951171875,389.2420959472656,101591200,0.0,0.0,0.0
2021-05-05,417.3800048828125,417.6300048828125,415.1499938964844,415.75,389.36395263671875,60162200,0.0,0.0,0.0
2021-05-06,415.8299865722656,419.2099914550781,413.67999267578125,419.07000732421875,392.47320556640625,74321400,0.0,0.0,0.0
2021-05-07,419.8900146484375,422.82000732421875,419.1600036621094,422.1199951171875,395.32965087890625,67733800,0.0,0.0,0.0
2021-05-10,422.5,422.739990234375,417.80999755859375,417.94000244140625,391.41485595703125,81852400,0.0,0.0,0.0
2021-05-11,413.1000061035156,415.2699890136719,410.05999755859375,414.2099914550781,387.9216613769531,116888000,0.0,0.0,0.0
2021-05-12,411.2300109863281,412.5899963378906,404.0,405.4100036621094,379.6801452636719,134811000,0.0,0.0,0.0
2021-05-13,407.07000732421875,412.3500061035156,407.0199890136719,410.2799987792969,384.2409973144531,106394000,0.0,0.0,0.0
2021-05-14,413.2099914550781,417.489990234375,413.17999267578125,416.5799865722656,390.1412048339844,82201600,0.0,0.0,0.0
2021-05-17,415.3900146484375,416.3900146484375,413.3599853515625,415.5199890136719,389.1484680175781,65129200,0.0,0.0,0.0
2021-05-18,415.79998779296875,416.05999755859375,411.7699890136719,411.94000244140625,385.79571533203125,59810200,0.0,0.0,0.0
2021-05-19,406.9200134277344,411.04998779296875,405.3299865722656,410.8599853515625,384.7842712402344,106467100,0.0,0.0,0.0
2021-05-20,411.79998779296875,416.6300048828125,411.6700134277344,415.2799987792969,388.92376708984375,78022200,0.0,0.0,0.0
2021-05-21,416.8699951171875,418.20001220703125,414.45001220703125,414.94000244140625,388.6053466796875,76578700,0.0,0.0,0.0
2021-05-24,417.3399963378906,420.32000732421875,417.0799865722656,419.1700134277344,392.56683349609375,51376700,0.0,0.0,0.0
2021-05-25,420.3299865722656,420.7099914550781,417.6199951171875,418.239990234375,391.69586181640625,57451400,0.0,0.0,0.0
2021-05-26,418.8699951171875,419.6099853515625,417.760009765625,419.07000732421875,392.47320556640625,43088600,0.0,0.0,0.0
2021-05-27,420.1700134277344,420.7200012207031,418.989990234375,419.2900085449219,392.6792907714844,56707700,0.0,0.0,0.0
2021-05-28,420.9700012207031,421.25,419.7900085449219,420.0400085449219,393.3816833496094,58520200,0.0,0.0,0.0
2021-06-01,422.57000732421875,422.7200012207031,419.20001220703125,419.6700134277344,393.0351257324219,54216600,0.0,0.0,0.0
2021-06-02,420.3699951171875,421.2300109863281,419.2900085449219,420.3299865722656,393.6531982421875,49097100,0.0,0.0,0.0
2021-06-03,417.8500061035156,419.989990234375,416.2799987792969,418.7699890136719,392.19219970703125,58138800,0.0,0.0,0.0
2021-06-04,420.75,422.9200134277344,418.8399963378906,422.6000061035156,395.77923583984375,55938800,0.0,0.0,0.0
2021-06-07,422.5899963378906,422.7799987792969,421.19000244140625,422.19000244140625,395.3951721191406,51555000,0.0,0.0,0.0
2021-06-08,423.1099853515625,423.2099914550781,420.32000732421875,422.2799987792969,395.4794921875,47134300,0.0,0.0,0.0
2021-06-09,423.17999267578125,423.260009765625,421.4100036621094,421.6499938964844,394.8893737792969,48436300,0.0,0.0,0.0
2021-06-10,422.9599914550781,424.6300048828125,421.54998779296875,423.6099853515625,396.72503662109375,51020100,0.0,0.0,0.0
2021-06-11,424.20001220703125,424.42999267578125,422.82000732421875,424.30999755859375,397.380615234375,45570800,0.0,0.0,0.0
2021-06-14,424.42999267578125,425.3699951171875,423.1000061035156,425.260009765625,398.2703857421875,42358500,0.0,0.0,0.0
2021-06-15,425.4200134277344,425.4599914550781,423.5400085449219,424.4800109863281,397.5397644042969,51508500,0.0,0.0,0.0
2021-06-16,424.6300048828125,424.8699951171875,419.9200134277344,422.1099853515625,395.3202209472656,80386100,0.0,0.0,0.0
2021-06-17,421.6700134277344,423.0199890136719,419.32000732421875,421.9700012207031,395.1890869140625,90949700,0.0,0.0,0.0
2021-06-18,417.0899963378906,417.8299865722656,414.70001220703125,414.9200134277344,389.8579406738281,118676300,1.376,0.0,0.0
2021-06-21,416.79998779296875,421.05999755859375,415.92999267578125,420.8599853515625,395.43902587890625,72822000,0.0,0.0,0.0
2021-06-22,420.8500061035156,424.0,420.0799865722656,423.1099853515625,397.5531311035156,57700300,0.0,0.0,0.0
2021-06-23,423.19000244140625,424.04998779296875,422.510009765625,422.6000061035156,397.0740051269531,49445400,0.0,0.0,0.0
2021-06-24,424.8900146484375,425.54998779296875,424.6199951171875,425.1000061035156,399.42291259765625,45110300,0.0,0.0,0.0
2021-06-25,425.8999938964844,427.0899963378906,425.54998779296875,426.6099853515625,400.8417053222656,58129500,0.0,0.0,0.0
2021-06-28,427.1700134277344,427.6499938964844,425.8900146484375,427.4700012207031,401.6497802734375,53159600,0.0,0.0,0.0
2021-06-29,427.8800048828125,428.55999755859375,427.1300048828125,427.70001220703125,401.8659362792969,35970500,0.0,0.0,0.0
2021-06-30,427.2099914550781,428.7799987792969,427.17999267578125,428.05999755859375,402.2041320800781,64827900,0.0,0.0,0.0
2021-07-01,428.8699951171875,430.6000061035156,428.79998779296875,430.42999267578125,404.430908203125,53441000,0.0,0.0,0.0
2021-07-02,431.6700134277344,434.1000061035156,430.5199890136719,433.7200012207031,407.52227783203125,57697700,0.0,0.0,0.0
2021-07-06,433.7799987792969,434.010009765625,430.010009765625,432.92999267578125,406.7800598144531,68710400,0.0,0.0,0.0
2021-07-07,433.6600036621094,434.760009765625,431.510009765625,434.4599914550781,408.2175598144531,63549500,0.0,0.0,0.0
2021-07-08,428.7799987792969,431.7300109863281,427.5199890136719,430.9200134277344,404.891357421875,97595200,0.0,0.0,0.0
2021-07-09,432.5299987792969,435.8399963378906,430.7099914550781,435.5199890136719,409.2135009765625,76238600,0.0,0.0,0.0
2021-07-12,435.42999267578125,437.3500061035156,434.9700012207031,437.0799865722656,410.6792907714844,52889600,0.0,0.0,0.0
2021-07-13,436.239990234375,437.8399963378906,435.30999755859375,435.5899963378906,409.2792663574219,52911300,0.0,0.0,0.0
2021-07-14,437.3999938964844,437.9200134277344,434.9100036621094,436.239990234375,409.8900451660156,64130400,0.0,0.0,0.0
2021-07-15,434.80999755859375,435.5299987792969,432.7200012207031,434.75,408.49005126953125,55126400,0.0,0.0,0.0
2021-07-16,436.010009765625,436.05999755859375,430.9200134277344,431.3399963378906,405.2860412597656,75874700,0.0,0.0,0.0
2021-07-19,426.19000244140625,431.4100036621094,421.9700012207031,424.9700012207031,399.3008117675781,147987000,0.0,0.0,0.0
2021-07-20,425.67999267578125,432.4200134277344,424.8299865722656,431.05999755859375,405.0230407714844,99608200,0.0,0.0,0.0
2021-07-21,432.3399963378906,434.70001220703125,431.010009765625,434.54998779296875,408.3021240234375,64724400,0.0,0.0,0.0
2021-07-22,434.739990234375,435.7200012207031,433.69000244140625,435.4599914550781,409.1571960449219,47878500,0.0,0.0,0.0
2021-07-23,437.5199890136719,440.29998779296875,436.7900085449219,439.94000244140625,413.3665466308594,63766600,0.0,0.0,0.0
2021-07-26,439.30999755859375,441.0299987792969,439.260009765625,441.0199890136719,414.38134765625,43719200,0.0,0.0,0.0
2021-07-27,439.9100036621094,439.94000244140625,435.989990234375,439.010009765625,412.4927673339844,67397100,0.0,0.0,0.0
2021-07-28,439.67999267578125,440.29998779296875,437.30999755859375,438.8299865722656,412.3235778808594,52472400,0.0,0.0,0.0
2021-07-29,439.82000732421875,441.79998779296875,439.80999755859375,440.6499938964844,414.03369140625,47435300,0.0,0.0,0.0
2021-07-30,437.9100036621094,440.05999755859375,437.7699890136719,438.510009765625,412.0229187011719,68951200,0.0,0.0,0.0
2021-08-02,440.3399963378906,440.92999267578125,437.2099914550781,437.5899963378906,411.1585388183594,58783300,0.0,0.0,0.0
2021-08-03,438.44000244140625,441.2799987792969,436.1000061035156,441.1499938964844,414.5035400390625,58053900,0.0,0.0,0.0
2021-08-04,439.7799987792969,441.1199951171875,438.7300109863281,438.9800109863281,412.464599609375,46732200,0.0,0.0,0.0
2021-08-05,440.2200012207031,441.8500061035156,439.8800048828125,441.760009765625,415.07672119140625,38969700,0.0,0.0,0.0
2021-08-06,442.1000061035156,442.94000244140625,441.79998779296875,442.489990234375,415.7625732421875,46930000,0.0,0.0,0.0
2021-08-09,442.4599914550781,442.79998779296875,441.30999755859375,442.1300048828125,415.4243469238281,41222600,0.0,0.0,0.0
2021-08-10,442.6099853515625,443.44000244140625,441.8800048828125,442.67999267578125,415.9410705566406,43339300,0.0,0.0,0.0
2021-08-11,443.82000732421875,443.8800048828125,442.6199951171875,443.7799987792969,416.97467041015625,44034300,0.0,0.0,0.0
2021-08-12,443.6199951171875,445.260009765625,442.6600036621094,445.1099853515625,418.2243347167969,38909400,0.0,0.0,0.0
2021-08-13,445.5899963378906,445.94000244140625,445.07000732421875,445.9200134277344,418.98541259765625,39470300,0.0,0.0,0.0
2021-08-16,444.5299987792969,447.1099853515625,442.8699951171875,446.9700012207031,419.97198486328125,73740000,0.0,0.0,0.0
2021-08-17,444.239990234375,444.9599914550781,440.8500061035156,444.0400085449219,417.21893310546875,92673900,0.0,0.0,0.0
2021-08-18,442.9599914550781,444.6300048828125,438.9200134277344,439.17999267578125,412.6524963378906,89351900,0.0,0.0,0.0
2021-08-19,436.2699890136719,441.1400146484375,436.1199951171875,439.8599853515625,413.2914123535156,92812200,0.0,0.0,0.0
2021-08-20,440.2300109863281,443.7099914550781,439.7099914550781,443.3599853515625,416.5799865722656,72008700,0.0,0.0,0.0
2021-08-23,445.1600036621094,448.2300109863281,443.44000244140625,447.260009765625,420.2444152832031,54973000,0.0,0.0,0.0
2021-08-24,447.9700012207031,448.5400085449219,447.4200134277344,447.9700012207031,420.9115295410156,38744700,0.0,0.0,0.0
2021-08-25,448.1700134277344,449.4599914550781,447.7699890136719,448.9100036621094,421.7947998046875,40529700,0.0,0.0,0.0
2021-08-26,448.6099853515625,448.8599853515625,446.1600036621094,446.260009765625,419.30487060546875,57829600,0.0,0.0,0.0
2021-08-27,447.1199951171875,450.6499938964844,447.05999755859375,450.25,423.0538024902344,77235100,0.0,0.0,0.0
2021-08-30,450.9700012207031,453.07000732421875,450.7099914550781,452.2300109863281,424.9142761230469,48357400,0.0,0.0,0.0
2021-08-31,452.1300048828125,452.489990234375,450.9200134277344,451.55999755859375,424.2846984863281,59300200,0.0,0.0,0.0
2021-09-01,452.55999755859375,453.1099853515625,451.54998779296875,451.79998779296875,424.5101013183594,48721400,0.0,0.0,0.0
2021-09-02,453.32000732421875,454.04998779296875,451.9100036621094,453.19000244140625,425.8162841796875,42501000,0.0,0.0,0.0
2021-09-03,451.9800109863281,453.6300048828125,451.54998779296875,453.0799865722656,425.7128601074219,47170500,0.0,0.0,0.0
2021-09-07,452.7099914550781,452.80999755859375,450.739990234375,451.4599914550781,424.1907653808594,51671500,0.0,0.0,0.0
2021-09-08,450.8900146484375,451.6700134277344,448.8599853515625,450.9100036621094,423.67401123046875,56181900,0.0,0.0,0.0
2021-09-09,450.70001220703125,452.57000732421875,448.7200012207031,448.9800109863281,421.86053466796875,57970400,0.0,0.0,0.0
2021-09-10,451.0400085449219,451.489990234375,445.30999755859375,445.44000244140625,418.5344543457031,89948200,0.0,0.0,0.0
2021-09-13,448.6400146484375,448.9200134277344,444.1099853515625,446.5799865722656,419.6055603027344,83738600,0.0,0.0,0.0
2021-09-14,448.1199951171875,448.3399963378906,443.2200012207031,444.1700134277344,417.34112548828125,78197100,0.0,0.0,0.0
2021-09-15,444.6199951171875,448.4100036621094,443.44000244140625,447.8800048828125,420.8270568847656,78792200,0.0,0.0,0.0
2021-09-16,447.32000732421875,448.3599853515625,444.0199890136719,447.1700134277344,420.159912109375,77786700,0.0,0.0,0.0
2021-09-17,444.9200134277344,445.3699951171875,441.0199890136719,441.3999938964844,416.0670471191406,118425000,1.428,0.0,0.0
2021-09-20,434.8800048828125,436.55999755859375,428.8599853515625,434.0400085449219,409.1294860839844,166445500,0.0,0.0,0.0
2021-09-21,436.5299987792969,437.9100036621094,433.07000732421875,433.6300048828125,408.7430114746094,92526100,0.0,0.0,0.0
2021-09-22,436.04998779296875,440.0299987792969,433.75,437.8599853515625,412.730224609375,102350100,0.0,0.0,0.0
2021-09-23,439.8500061035156,444.8900146484375,439.6000061035156,443.17999267578125,417.74493408203125,76396000,0.0,0.0,0.0
2021-09-24,441.44000244140625,444.6700134277344,441.2099914550781,443.9100036621094,418.43304443359375,62094800,0.0,0.0,0.0
2021-09-27,442.80999755859375,444.04998779296875,441.8999938964844,442.6400146484375,417.2359313964844,61371100,0.0,0.0,0.0
2021-09-28,439.69000244140625,440.0400085449219,432.94000244140625,433.7200012207031,408.8278503417969,130436300,0.0,0.0,0.0
2021-09-29,435.19000244140625,437.0400085449219,433.8500061035156,434.45001220703125,409.5158996582031,82329200,0.0,0.0,0.0
2021-09-30,436.0199890136719,436.7699890136719,428.7799987792969,429.1400146484375,404.5107727050781,140506000,0.0,0.0,0.0
2021-10-01,430.9800109863281,436.0299987792969,427.2300109863281,434.239990234375,409.3179931640625,129240100,0.0,0.0,0.0
2021-10-04,433.0,433.9599914550781,426.3599853515625,428.6400146484375,404.0394592285156,128570000,0.0,0.0,0.0
2021-10-05,430.239990234375,435.489990234375,429.3900146484375,433.1000061035156,408.24346923828125,90682500,0.0,0.0,0.0
2021-10-06,429.2699890136719,435.1199951171875,427.5400085449219,434.8999938964844,409.940185546875,113032200,0.0,0.0,0.0
2021-10-07,438.3900146484375,441.67999267578125,438.20001220703125,438.6600036621094,413.484375,72437500,0.0,0.0,0.0
2021-10-08,439.4800109863281,439.8900146484375,437.19000244140625,437.8599853515625,412.730224609375,74557400,0.0,0.0,0.0
2021-10-11,437.1600036621094,440.260009765625,434.6199951171875,434.69000244140625,409.7421569824219,65233300,0.0,0.0,0.0
2021-10-12,435.6700134277344,436.1000061035156,432.7799987792969,433.6199951171875,408.7335510253906,71181200,0.0,0.0,0.0
2021-10-13,434.7099914550781,436.04998779296875,431.5400085449219,435.17999267578125,410.2040100097656,72974000,0.0,0.0,0.0
2021-10-14,439.0799865722656,442.6600036621094,438.5799865722656,442.5,417.10394287109375,70236800,0.0,0.0,0.0
2021-10-15,444.75,446.260009765625,444.0899963378906,445.8699951171875,420.280517578125,66260200,0.0,0.0,0.0
2021-10-18,443.9700012207031,447.54998779296875,443.2699890136719,447.19000244140625,421.5247802734375,62213200,0.0,0.0,0.0
2021-10-19,448.9200134277344,450.7099914550781,448.2699890136719,450.6400146484375,424.77679443359375,46996800,0.0,0.0,0.0
2021-10-20,451.1300048828125,452.7300109863281,451.010009765625,452.4100036621094,426.4451599121094,49571600,0.0,0.0,0.0
2021-10-21,451.7699890136719,453.8299865722656,451.30999755859375,453.5899963378906,427.5575256347656,41305400,0.0,0.0,0.0
2021-10-22,453.1300048828125,454.6700134277344,451.04998779296875,453.1199951171875,427.1144714355469,58845100,0.0,0.0,0.0
2021-10-25,454.2799987792969,455.8999938964844,452.3900146484375,455.54998779296875,429.405029296875,45214500,0.0,0.0,0.0
2021-10-26,457.20001220703125,458.489990234375,455.55999755859375,455.9599914550781,429.7914733886719,56075100,0.0,0.0,0.0
2021-10-27,456.45001220703125,457.1600036621094,453.8599853515625,453.94000244140625,427.88739013671875,72438000,0.0,0.0,0.0
2021-10-28,455.4599914550781,458.3999938964844,455.45001220703125,458.32000732421875,432.0159912109375,51437900,0.0,0.0,0.0
2021-10-29,455.8699951171875,459.55999755859375,455.55999755859375,459.25,432.8926086425781,70162400,0.0,0.0,0.0
2021-11-01,460.29998779296875,460.70001220703125,458.20001220703125,460.0400085449219,433.6372985839844,48433600,0.0,0.0,0.0
2021-11-02,460.2200012207031,462.2300109863281,460.0799865722656,461.8999938964844,435.39056396484375,48908400,0.0,0.0,0.0
2021-11-03,461.29998779296875,465.1499938964844,460.8299865722656,464.7200012207031,438.0486755371094,52509800,0.0,0.0,0.0
2021-11-04,465.3599853515625,467.0,464.989990234375,466.9100036621094,440.11309814453125,52847100,0.0,0.0,0.0
2021-11-05,469.2799987792969,470.6499938964844,466.9200134277344,468.5299987792969,441.64007568359375,66390600,0.0,0.0,0.0
2021-11-08,469.70001220703125,470.2300109863281,468.20001220703125,468.92999267578125,442.0170593261719,50405200,0.0,0.0,0.0
2021-11-09,469.32000732421875,469.57000732421875,465.8800048828125,467.3800048828125,440.5560302734375,51149100,0.0,0.0,0.0
2021-11-10,465.5799865722656,467.3800048828125,462.0400085449219,463.6199951171875,437.0118103027344,69429700,0.0,0.0,0.0
2021-11-11,465.2099914550781,465.2900085449219,463.75,463.7699890136719,437.15313720703125,34848500,0.0,0.0,0.0
2021-11-12,465.1199951171875,467.8599853515625,464.1099853515625,467.2699890136719,440.4522705078125,53466700,0.0,0.0,0.0
2021-11-15,468.6400146484375,468.80999755859375,466.2300109863281,467.42999267578125,440.60321044921875,46980500,0.0,0.0,0.0
2021-11-16,467.1499938964844,470.489990234375,467.07000732421875,469.2799987792969,442.346923828125,48857500,0.0,0.0,0.0
2021-11-17,469.0,469.19000244140625,467.4800109863281,468.1400146484375,441.2724304199219,47858300,0.0,0.0,0.0
2021-11-18,469.239990234375,470.010009765625,466.3399963378906,469.7300109863281,442.7712097167969,50625600,0.0,0.0,0.0
2021-11-19,469.6099853515625,470.94000244140625,468.5,468.8900146484375,441.97943115234375,57315600,0.0,0.0,0.0
2021-11-22,470.8900146484375,473.5400085449219,467.3500061035156,467.57000732421875,440.735107421875,72762000,0.0,0.0,0.0
2021-11-23,467.2200012207031,469.1000061035156,464.45001220703125,468.19000244140625,441.31951904296875,73206500,0.0,0.0,0.0
2021-11-24,466.05999755859375,469.57000732421875,465.19000244140625,469.44000244140625,442.4977722167969,61858800,0.0,0.0,0.0
2021-11-26,462.3399963378906,463.8999938964844,457.7699890136719,458.9700012207031,432.6286926269531,112669600,0.0,0.0,0.0
2021-11-29,464.07000732421875,466.55999755859375,461.7300109863281,464.6000061035156,437.93560791015625,86268800,0.0,0.0,0.0
2021-11-30,462.0,464.0299987792969,455.29998779296875,455.55999755859375,429.4143981933594,148559600,0.0,0.0,0.0
2021-12-01,461.6400146484375,464.6700134277344,450.2900085449219,450.5,424.6448059082031,131939200,0.0,0.0,0.0
2021-12-02,450.7300109863281,459.07000732421875,450.30999755859375,457.3999938964844,431.1487731933594,127637800,0.0,0.0,0.0
2021-12-03,459.1700134277344,460.29998779296875,448.9200134277344,453.4200134277344,427.39727783203125,137331600,0.0,0.0,0.0
2021-12-06,456.1300048828125,460.7900085449219,453.55999755859375,458.7900085449219,432.4590148925781,98977500,0.0,0.0,0.0
2021-12-07,464.4100036621094,468.8800048828125,458.6499938964844,468.2799987792969,441.40435791015625,95484700,0.0,0.0,0.0
2021-12-08,468.70001220703125,470.0,466.8299865722656,469.5199890136719,442.5731201171875,72238800,0.0,0.0,0.0
2021-12-09,468.1499938964844,469.6300048828125,466.1400146484375,466.3500061035156,439.5851135253906,61272600,0.0,0.0,0.0
2021-12-10,469.2300109863281,470.8999938964844,466.510009765625,470.739990234375,443.7232360839844,77159800,0.0,0.0,0.0
2021-12-13,470.19000244140625,470.55999755859375,466.2699890136719,466.57000732421875,439.7925109863281,87724700,0.0,0.0,0.0
2021-12-14,463.0899963378906,465.739990234375,460.25,463.3599853515625,436.7667541503906,97264100,0.0,0.0,0.0
2021-12-15,463.4200134277344,470.8599853515625,460.739990234375,470.6000061035156,443.5912170410156,116899300,0.0,0.0,0.0
2021-12-16,472.57000732421875,472.8699951171875,464.79998779296875,466.45001220703125,439.67938232421875,116568600,0.0,0.0,0.0
2021-12-17,461.54998779296875,464.739990234375,458.05999755859375,459.8699951171875,435.0,135511600,1.633,0.0,0.0
2021-12-20,454.4800109863281,455.3999938964844,451.1400146484375,454.9800109863281,430.3744812011719,107134800,0.0,0.0,0.0
2021-12-21,458.6099853515625,463.2099914550781,456.30999755859375,463.05999755859375,438.0174865722656,69806300,0.0,0.0,0.0
2021-12-22,462.7900085449219,467.80999755859375,462.5799865722656,467.69000244140625,442.39703369140625,58890200,0.0,0.0,0.0
2021-12-23,468.75,472.19000244140625,468.6400146484375,470.6000061035156,445.149658203125,56439700,0.0,0.0,0.0
2021-12-27,472.05999755859375,477.30999755859375,472.010009765625,477.260009765625,451.449462890625,56808600,0.0,0.0,0.0
2021-12-28,477.7200012207031,478.80999755859375,476.05999755859375,476.8699951171875,451.0805969238281,47274600,0.0,0.0,0.0
2021-12-29,476.9800109863281,478.55999755859375,475.9200134277344,477.4800109863281,451.6576232910156,54503000,0.0,0.0,0.0
2021-12-30,477.92999267578125,479.0,475.6700134277344,476.1600036621094,450.40899658203125,55329000,0.0,0.0,0.0
2021-12-31,475.6400146484375,476.8599853515625,474.6700134277344,474.9599914550781,449.27386474609375,65237400,0.0,0.0,0.0
2022-01-03,476.29998779296875,477.8500061035156,473.8500061035156,477.7099914550781,451.8751525878906,72668200,0.0,0.0,0.0
2022-01-04,479.2200012207031,479.9800109863281,475.5799865722656,477.54998779296875,451.7237854003906,71178700,0.0,0.0,0.0
2022-01-05,477.1600036621094,477.9800109863281,468.2799987792969,468.3800048828125,443.0497131347656,104538900,0.0,0.0,0.0
2022-01-06,467.8900146484375,470.82000732421875,465.42999267578125,467.94000244140625,442.6335144042969,86858900,0.0,0.0,0.0
2022-01-07,467.95001220703125,469.20001220703125,464.6499938964844,466.0899963378906,440.8835754394531,85111600,0.0,0.0,0.0
2022-01-10,462.70001220703125,465.739990234375,456.6000061035156,465.510009765625,440.3349304199219,119362000,0.0,0.0,0.0
2022-01-11,465.2300109863281,469.8500061035156,462.04998779296875,469.75,444.3456115722656,74303100,0.0,0.0,0.0
2022-01-12,471.5899963378906,473.20001220703125,468.94000244140625,471.0199890136719,445.5469665527344,67605400,0.0,0.0,0.0
2022-01-13,472.19000244140625,472.8800048828125,463.44000244140625,464.5299987792969,439.407958984375,91173100,0.0,0.0,0.0
2022-01-14,461.19000244140625,465.0899963378906,459.8999938964844,464.7200012207031,439.5876770019531,95890900,0.0,0.0,0.0
2022-01-18,459.739990234375,459.9599914550781,455.30999755859375,456.489990234375,431.8027648925781,109709100,0.0,0.0,0.0
2022-01-19,458.1300048828125,459.6099853515625,451.4599914550781,451.75,427.3190612792969,109357600,0.0,0.0,0.0
2022-01-20,453.75,458.739990234375,444.5,446.75,422.5894775390625,122379700,0.0,0.0,0.0
2022-01-21,445.55999755859375,448.05999755859375,437.95001220703125,437.9800109863281,414.2937927246094,202271200,0.0,0.0,0.0
2022-01-24,432.0299987792969,440.3800048828125,420.760009765625,439.8399963378906,416.05316162109375,251783900,0.0,0.0,0.0
2022-01-25,433.05999755859375,439.7200012207031,427.1499938964844,434.4700012207031,410.9736022949219,167997300,0.0,0.0,0.0
2022-01-26,440.7200012207031,444.0400085449219,428.8599853515625,433.3800048828125,409.94256591796875,186391100,0.0,0.0,0.0
2022-01-27,438.260009765625,441.5899963378906,429.45001220703125,431.239990234375,407.918212890625,149878300,0.0,0.0,0.0
2022-01-28,432.67999267578125,442.0,427.82000732421875,441.95001220703125,418.04913330078125,164457400,0.0,0.0,0.0
2022-01-31,441.239990234375,450.2799987792969,439.80999755859375,449.9100036621094,425.57855224609375,152251400,0.0,0.0,0.0
2022-02-01,450.67999267578125,453.6300048828125,446.94000244140625,452.95001220703125,428.4542236328125,123155400,0.0,0.0,0.0
2022-02-02,455.5,458.1199951171875,453.04998779296875,457.3500061035156,432.61627197265625,117361000,0.0,0.0,0.0
2022-02-03,450.95001220703125,452.9700012207031,445.7099914550781,446.6000061035156,422.44757080078125,118024400,0.0,0.0,0.0
2022-02-04,446.3500061035156,452.7799987792969,443.8299865722656,448.70001220703125,424.4340515136719,118454400,0.0,0.0,0.0
2022-02-07,449.510009765625,450.989990234375,445.8500061035156,447.260009765625,423.0719299316406,84472900,0.0,0.0,0.0
2022-02-08,446.7300109863281,451.9200134277344,445.2200012207031,450.94000244140625,426.5528869628906,81012000,0.0,0.0,0.0
2022-02-09,455.2200012207031,457.8800048828125,455.010009765625,457.5400085449219,432.7959899902344,92589900,0.0,0.0,0.0
2022-02-10,451.3399963378906,457.7099914550781,447.20001220703125,449.32000732421875,425.0205078125,140103700,0.0,0.0,0.0
2022-02-11,449.4100036621094,451.6099853515625,438.94000244140625,440.4599914550781,416.6396789550781,153214600,0.0,0.0,0.0
2022-02-14,439.9200134277344,441.6000061035156,435.3399963378906,439.0199890136719,415.2774963378906,123006300,0.0,0.0,0.0
2022-02-15,443.7300109863281,446.2799987792969,443.17999267578125,446.1000061035156,421.97467041015625,88482700,0.0,0.0,0.0
2022-02-16,443.92999267578125,448.05999755859375,441.94000244140625,446.6000061035156,422.44757080078125,84863600,0.0,0.0,0.0
2022-02-17,443.2200012207031,446.57000732421875,436.4200134277344,437.05999755859375,413.42352294921875,102259100,0.0,0.0,0.0
2022-02-18,437.3299865722656,438.6600036621094,431.82000732421875,434.2300109863281,410.74658203125,132642900,0.0,0.0,0.0
2022-02-22,431.8900146484375,435.5,425.8599853515625,429.57000732421875,406.33856201171875,124391800,0.0,0.0,0.0
2022-02-23,432.6600036621094,433.260009765625,421.3500061035156,421.95001220703125,399.1307373046875,132578000,0.0,0.0,0.0
2022-02-24,411.0199890136719,428.760009765625,410.6400146484375,428.29998779296875,405.1372985839844,213942900,0.0,0.0,0.0
2022-02-25,429.6099853515625,437.8399963378906,427.8599853515625,437.75,414.0761413574219,121804500,0.0,0.0,0.0
2022-02-28,432.0299987792969,438.20001220703125,430.70001220703125,436.6300048828125,413.01678466796875,145615000,0.0,0.0,0.0
2022-03-01,435.0400085449219,437.1700134277344,427.1099853515625,429.9800109863281,406.7264404296875,137785900,0.0,0.0,0.0
2022-03-02,432.3699951171875,439.7200012207031,431.57000732421875,437.8900146484375,414.2086486816406,117726500,0.0,0.0,0.0
2022-03-03,440.4700012207031,441.1099853515625,433.79998779296875,435.7099914550781,412.14654541015625,105501700,0.0,0.0,0.0
2022-03-04,431.75,433.3699951171875,427.8800048828125,432.1700134277344,408.79803466796875,113978200,0.0,0.0,0.0
2022-03-07,431.54998779296875,432.29998779296875,419.3599853515625,419.42999267578125,396.74700927734375,137896600,0.0,0.0,0.0
2022-03-08,419.6199951171875,427.2099914550781,415.1199951171875,416.25,393.73895263671875,164772700,0.0,0.0,0.0
2022-03-09,425.1400146484375,429.510009765625,422.82000732421875,427.4100036621094,404.29547119140625,116990800,0.0,0.0,0.0
2022-03-10,422.5199890136719,426.42999267578125,420.44000244140625,425.4800109863281,402.46978759765625,93972700,0.0,0.0,0.0
2022-03-11,428.1199951171875,428.7699890136719,419.5299987792969,420.07000732421875,397.3523864746094,95636300,0.0,0.0,0.0
2022-03-14,420.8900146484375,424.54998779296875,415.7900085449219,417.0,394.44830322265625,95729200,0.0,0.0,0.0
2022-03-15,419.7699890136719,426.8399963378906,418.4200134277344,426.1700134277344,403.1224670410156,106219100,0.0,0.0,0.0
2022-03-16,429.8900146484375,435.67999267578125,424.79998779296875,435.6199951171875,412.0613708496094,144954800,0.0,0.0,0.0
2022-03-17,433.5899963378906,441.07000732421875,433.19000244140625,441.07000732421875,417.2166442871094,102676900,0.0,0.0,0.0
2022-03-18,438.0,444.8599853515625,437.2200012207031,444.5199890136719,421.7864074707031,106345500,1.366,0.0,0.0
2022-03-21,444.3399963378906,446.4599914550781,440.67999267578125,444.3900146484375,421.6629943847656,88349800,0.0,0.0,0.0
2022-03-22,445.8599853515625,450.5799865722656,445.8599853515625,449.5899963378906,426.5970458984375,74650400,0.0,0.0,0.0
2022-03-23,446.9100036621094,448.489990234375,443.7099914550781,443.79998779296875,421.1031494140625,79426100,0.0,0.0,0.0
2022-03-24,445.94000244140625,450.5,444.760009765625,450.489990234375,427.4510498046875,64736900,0.0,0.0,0.0
2022-03-25,451.1600036621094,452.9800109863281,448.42999267578125,452.69000244140625,429.5385437011719,77101300,0.0,0.0,0.0
2022-03-28,452.05999755859375,455.9100036621094,450.05999755859375,455.9100036621094,432.59393310546875,68529800,0.0,0.0,0.0
2022-03-29,460.0199890136719,462.07000732421875,457.17999267578125,461.54998779296875,437.9454345703125,86581500,0.0,0.0,0.0
2022-03-30,460.3399963378906,461.20001220703125,456.4700012207031,458.70001220703125,435.2411193847656,79666900,0.0,0.0,0.0
2022-03-31,457.8900146484375,458.760009765625,451.1600036621094,451.6400146484375,428.54229736328125,121699900,0.0,0.0,0.0
2022-04-01,453.30999755859375,453.4599914550781,449.1400146484375,452.9200134277344,429.75677490234375,89048800,0.0,0.0,0.0
2022-04-04,453.1300048828125,456.9100036621094,452.260009765625,456.79998779296875,433.43829345703125,59601000,0.0,0.0,0.0
2022-04-05,455.2200012207031,457.8299865722656,449.82000732421875,451.0299987792969,427.9634704589844,74214500,0.0,0.0,0.0
2022-04-06,446.8900146484375,448.92999267578125,443.4700012207031,446.5199890136719,423.6841125488281,106898000,0.0,0.0,0.0
2022-04-07,445.5899963378906,450.69000244140625,443.5299987792969,448.7699890136719,425.8189697265625,78097200,0.0,0.0,0.0
2022-04-08,447.9700012207031,450.6300048828125,445.94000244140625,447.57000732421875,424.68035888671875,79272700,0.0,0.0,0.0
2022-04-11,444.1099853515625,445.0,439.3900146484375,439.9200134277344,417.421630859375,89770500,0.0,0.0,0.0
2022-04-12,443.0799865722656,445.75,436.6499938964844,438.2900085449219,415.8750305175781,84363600,0.0,0.0,0.0
2022-04-13,438.0299987792969,444.1099853515625,437.8399963378906,443.30999755859375,420.63824462890625,74070400,0.0,0.0,0.0
2022-04-14,443.54998779296875,444.7300109863281,437.67999267578125,437.7900085449219,415.4005432128906,97869500,0.0,0.0,0.0
2022-04-18,436.80999755859375,439.75,435.6099853515625,437.9700012207031,415.57135009765625,66002500,0.0,0.0,0.0
2022-04-19,437.8599853515625,445.79998779296875,437.67999267578125,445.0400085449219,422.27972412109375,77821000,0.0,0.0,0.0
2022-04-20,446.9200134277344,447.57000732421875,443.4800109863281,444.7099914550781,421.9665832519531,65224400,0.0,0.0,0.0
2022-04-21,448.5400085449219,450.010009765625,437.1000061035156,438.05999755859375,415.65679931640625,85417300,0.0,0.0,0.0
2022-04-22,436.9100036621094,438.0799865722656,425.44000244140625,426.0400085449219,404.25146484375,132471800,0.0,0.0,0.0
2022-04-25,423.6700134277344,428.69000244140625,418.8399963378906,428.510009765625,406.5951843261719,119647700,0.0,0.0,0.0
2022-04-26,425.8299865722656,426.0400085449219,416.07000732421875,416.1000061035156,394.8198547363281,103996300,0.0,0.0,0.0
2022-04-27,417.239990234375,422.9200134277344,415.010009765625,417.2699890136719,395.92999267578125,122030000,0.0,0.0,0.0
2022-04-28,422.2900085449219,429.6400146484375,417.6000061035156,427.80999755859375,405.9309997558594,105449100,0.0,0.0,0.0
2022-04-29,423.5899963378906,425.8699951171875,411.2099914550781,412.0,390.9295654296875,145491100,0.0,0.0,0.0
2022-05-02,412.07000732421875,415.9200134277344,405.0199890136719,414.4800109863281,393.2826232910156,158312500,0.0,0.0,0.0
2022-05-03,415.010009765625,418.92999267578125,413.3599853515625,416.3800048828125,395.08551025390625,100028200,0.0,0.0,0.0
2022-05-04,417.0799865722656,429.6600036621094,413.7099914550781,429.05999755859375,407.11700439453125,144247900,0.0,0.0,0.0
2022-05-05,424.54998779296875,425.0,409.44000244140625,413.80999755859375,392.64697265625,172929100,0.0,0.0,0.0
2022-05-06,411.1000061035156,414.79998779296875,405.7300109863281,411.3399963378906,390.3032531738281,151770800,0.0,0.0,0.0
2022-05-09,405.1000061035156,406.4100036621094,396.5,398.1700134277344,377.8067626953125,155586100,0.0,0.0,0.0
2022-05-10,404.489990234375,406.0799865722656,394.82000732421875,399.0899963378906,378.6797790527344,132497200,0.0,0.0,0.0
2022-05-11,398.07000732421875,404.0400085449219,391.9599914550781,392.75,372.66400146484375,142361000,0.0,0.0,0.0
2022-05-12,389.3699951171875,395.79998779296875,385.1499938964844,392.3399963378906,372.2749328613281,125090800,0.0,0.0,0.0
2022-05-13,396.7099914550781,403.17999267578125,395.6099853515625,401.7200012207031,381.1752624511719,104174400,0.0,0.0,0.0
2022-05-16,399.9800109863281,403.9700012207031,397.6000061035156,400.0899963378906,379.6285095214844,78622400,0.0,0.0,0.0
2022-05-17,406.5299987792969,408.57000732421875,402.5799865722656,408.32000732421875,387.437744140625,83029700,0.0,0.0,0.0
2022-05-18,403.5,403.79998779296875,390.54998779296875,391.8599853515625,371.81951904296875,117674500,0.0,0.0,0.0
2022-05-19,388.6199951171875,394.1400146484375,387.1099853515625,389.4599914550781,369.5422668457031,98510700,0.0,0.0,0.0
2022-05-20,393.25,397.0299987792969,380.5400085449219,389.6300048828125,369.7035217285156,131432200,0.0,0.0,0.0
2022-05-23,392.8299865722656,397.7300109863281,390.3800048828125,396.9200134277344,376.6206970214844,76414900,0.0,0.0,0.0
2022-05-24,392.55999755859375,395.1499938964844,386.9599914550781,393.8900146484375,373.74560546875,91448800,0.0,0.0,0.0
2022-05-25,392.30999755859375,399.45001220703125,391.8900146484375,397.3699951171875,377.0477600097656,91472900,0.0,0.0,0.0
2022-05-26,398.6700134277344,407.0400085449219,398.45001220703125,405.30999755859375,384.5816650390625,82168300,0.0,0.0,0.0
2022-05-27,407.9100036621094,415.3800048828125,407.70001220703125,415.260009765625,394.0227966308594,84768700,0.0,0.0,0.0
2022-05-31,413.54998779296875,416.4599914550781,410.0299987792969,412.92999267578125,391.8119812011719,95937000,0.0,0.0,0.0
2022-06-01,415.1700134277344,416.239990234375,406.92999267578125,409.5899963378906,388.642822265625,86585800,0.0,0.0,0.0
2022-06-02,409.4200134277344,417.44000244140625,407.0400085449219,417.3900146484375,396.0438537597656,79609600,0.0,0.0,0.0
2022-06-03,412.3999938964844,414.0400085449219,409.510009765625,410.5400085449219,389.5441589355469,71874300,0.0,0.0,0.0
2022-06-06,414.7799987792969,416.6099853515625,410.54998779296875,411.7900085449219,390.73028564453125,57508900,0.0,0.0,0.0
2022-06-07,408.1000061035156,416.2200012207031,407.6099853515625,415.739990234375,394.4781494140625,59272400,0.0,0.0,0.0
2022-06-08,413.92999267578125,415.82000732421875,410.3800048828125,411.2200012207031,390.189453125,64350000,0.0,0.0,0.0
2022-06-09,409.3399963378906,411.739990234375,401.44000244140625,401.44000244140625,380.9095458984375,86289800,0.0,0.0,0.0
2022-06-10,394.8800048828125,395.7799987792969,389.75,389.79998779296875,369.8647766113281,132893900,0.0,0.0,0.0
2022-06-13,379.8500061035156,381.80999755859375,373.29998779296875,375.0,355.8216857910156,170004900,0.0,0.0,0.0
2022-06-14,376.8500061035156,377.94000244140625,370.5899963378906,373.8699951171875,354.7496032714844,104011800,0.0,0.0,0.0
2022-06-15,377.3599853515625,383.8999938964844,372.1199951171875,379.20001220703125,359.8069763183594,125666800,0.0,0.0,0.0
2022-06-16,370.510009765625,370.94000244140625,364.0799865722656,366.6499938964844,347.8988037109375,134473300,0.0,0.0,0.0
2022-06-17,365.510009765625,369.3800048828125,362.1700134277344,365.8599853515625,348.6487121582031,111113900,1.577,0.0,0.0
2022-06-21,371.8900146484375,376.5299987792969,371.80999755859375,375.07000732421875,357.425537109375,76811900,0.0,0.0,0.0
2022-06-22,370.6199951171875,378.7200012207031,370.17999267578125,374.3900146484375,356.77752685546875,90059400,0.0,0.0,0.0
2022-06-23,376.6400146484375,378.8299865722656,372.8900146484375,378.05999755859375,360.2748107910156,79292100,0.0,0.0,0.0
2022-06-24,381.3999938964844,390.0899963378906,381.3699951171875,390.0799865722656,371.72930908203125,98050300,0.0,0.0,0.0
2022-06-27,391.04998779296875,391.3599853515625,387.44000244140625,388.5899963378906,370.3094482421875,66009600,0.0,0.0,0.0
2022-06-28,390.2300109863281,393.1600036621094,380.5299987792969,380.6499938964844,362.7430419921875,86548900,0.0,0.0,0.0
2022-06-29,381.2300109863281,382.2699890136719,378.4200134277344,380.3399963378906,362.4475402832031,65676000,0.0,0.0,0.0
2022-06-30,376.239990234375,380.6600036621094,372.55999755859375,377.25,359.5029296875,112508300,0.0,0.0,0.0
2022-07-01,376.55999755859375,381.70001220703125,373.79998779296875,381.239990234375,363.3052978515625,74839700,0.0,0.0,0.0
2022-07-05,375.8800048828125,381.9800109863281,372.8999938964844,381.9599914550781,363.9914245605469,81438000,0.0,0.0,0.0
2022-07-06,382.1099853515625,385.8699951171875,379.6000061035156,383.25,365.2206726074219,70426200,0.0,0.0,0.0
2022-07-07,385.1199951171875,389.8299865722656,383.2699890136719,388.989990234375,370.6906433105469,64525900,0.0,0.0,0.0
2022-07-08,387.2699890136719,390.6400146484375,385.6600036621094,388.6700134277344,370.3857727050781,72397800,0.0,0.0,0.0
2022-07-11,385.8500061035156,386.8699951171875,383.5,384.2300109863281,366.1546325683594,58366900,0.0,0.0,0.0
2022-07-12,383.6499938964844,386.1600036621094,378.989990234375,380.8299865722656,362.91455078125,62219200,0.0,0.0,0.0
2022-07-13,375.1000061035156,381.9200134277344,374.6600036621094,378.8299865722656,361.00860595703125,84224600,0.0,0.0,0.0
2022-07-14,373.6099853515625,379.04998779296875,371.0400085449219,377.9100036621094,360.13189697265625,89704800,0.0,0.0,0.0
2022-07-15,382.54998779296875,385.25,380.5400085449219,385.1300048828125,367.0122985839844,79060400,0.0,0.0,0.0
2022-07-18,388.3800048828125,389.0899963378906,380.6600036621094,381.95001220703125,363.9818420410156,63203600,0.0,0.0,0.0
2022-07-19,386.0799865722656,392.8699951171875,385.3900146484375,392.2699890136719,373.81634521484375,78506000,0.0,0.0,0.0
2022-07-20,392.4700012207031,396.260009765625,391.0299987792969,394.7699890136719,376.19873046875,71843800,0.0,0.0,0.0
2022-07-21,394.1600036621094,398.8399963378906,391.6300048828125,398.7900085449219,380.0296630859375,64903900,0.0,0.0,0.0
2022-07-22,398.9200134277344,400.17999267578125,392.75,395.0899963378906,376.50372314453125,72197300,0.0,0.0,0.0
2022-07-25,395.75,396.4700012207031,393.2099914550781,395.57000732421875,376.9610900878906,53631500,0.0,0.0,0.0
2022-07-26,393.8399963378906,394.05999755859375,389.95001220703125,390.8900146484375,372.5012512207031,52946400,0.0,0.0,0.0
2022-07-27,394.3599853515625,402.8800048828125,394.04998779296875,401.0400085449219,382.173828125,82342100,0.0,0.0,0.0
2022-07-28,401.8900146484375,406.79998779296875,398.1499938964844,406.07000732421875,386.9671630859375,73966600,0.0,0.0,0.0
2022-07-29,407.5799865722656,413.0299987792969,406.7699890136719,411.989990234375,392.608642578125,87003700,0.0,0.0,0.0
2022-08-01,409.1499938964844,413.4100036621094,408.3999938964844,410.7699890136719,391.4460754394531,69997500,0.0,0.0,0.0
2022-08-02,409.1199951171875,413.0,406.82000732421875,408.05999755859375,388.8635559082031,63435400,0.0,0.0,0.0
2022-08-03,410.29998779296875,415.67999267578125,410.0,414.45001220703125,394.95294189453125,67820600,0.0,0.0,0.0
2022-08-04,414.3699951171875,415.0899963378906,412.44000244140625,414.1700134277344,394.6861877441406,45656600,0.0,0.0,0.0
2022-08-05,409.6600036621094,414.1499938964844,409.6000061035156,413.4700012207031,394.01898193359375,56814900,0.0,0.0,0.0
2022-08-08,415.25,417.6199951171875,411.8299865722656,412.989990234375,393.5616149902344,53886100,0.0,0.0,0.0
2022-08-09,412.2200012207031,412.75,410.2200012207031,411.3500061035156,391.9988098144531,44931800,0.0,0.0,0.0
2022-08-10,418.7799987792969,420.1400146484375,416.7200012207031,419.989990234375,400.2323303222656,68665700,0.0,0.0,0.0
2022-08-11,422.989990234375,424.95001220703125,419.2099914550781,419.989990234375,400.2323303222656,59489700,0.0,0.0,0.0
2022-08-12,422.0299987792969,427.2099914550781,421.0299987792969,427.1000061035156,407.0078125,61694500,0.0,0.0,0.0
2022-08-15,424.7699890136719,429.4100036621094,424.7099914550781,428.8599853515625,408.6850891113281,54048300,0.0,0.0,0.0
2022-08-16,427.7300109863281,431.7300109863281,426.8800048828125,429.70001220703125,409.48553466796875,59289000,0.0,0.0,0.0
2022-08-17,425.9100036621094,429.5,424.5400085449219,426.6499938964844,406.5790100097656,63563400,0.0,0.0,0.0
2022-08-18,426.8599853515625,428.6099853515625,425.5,427.8900146484375,407.7607421875,49023200,0.0,0.0,0.0
2022-08-19,424.9800109863281,425.260009765625,421.2200012207031,422.1400146484375,402.28118896484375,68016900,0.0,0.0,0.0
2022-08-22,417.04998779296875,417.2300109863281,412.3999938964844,413.3500061035156,393.9046630859375,77695600,0.0,0.0,0.0
2022-08-23,412.8999938964844,415.4200134277344,411.7699890136719,412.3500061035156,392.9517517089844,49105200,0.0,0.0,0.0
2022-08-24,412.1099853515625,415.1099853515625,411.3900146484375,413.6700134277344,394.2096862792969,49177800,0.0,0.0,0.0
2022-08-25,415.239990234375,419.55999755859375,414.0899963378906,419.510009765625,399.77496337890625,50942300,0.0,0.0,0.0
2022-08-26,419.3900146484375,419.9599914550781,405.25,405.30999755859375,386.24298095703125,103087000,0.0,0.0,0.0
2022-08-29,402.20001220703125,405.8399963378906,401.20001220703125,402.6300048828125,383.68896484375,65370800,0.0,0.0,0.0
2022-08-30,403.8500061035156,404.1000061035156,396.0,398.2099914550781,379.4768981933594,85652400,0.0,0.0,0.0
2022-08-31,399.92999267578125,401.239990234375,395.0400085449219,395.17999267578125,376.5894470214844,76029700,0.0,0.0,0.0
2022-09-01,392.8900146484375,396.7799987792969,390.0400085449219,396.4200134277344,377.7711181640625,78740100,0.0,0.0,0.0
2022-09-02,400.2799987792969,401.55999755859375,390.3299865722656,392.239990234375,373.7877502441406,99632100,0.0,0.0,0.0
2022-09-06,393.1300048828125,394.1199951171875,388.4200134277344,390.760009765625,372.37744140625,76637400,0.0,0.0,0.0
2022-09-07,390.42999267578125,398.5899963378906,390.20001220703125,397.7799987792969,379.0671691894531,70964200,0.0,0.0,0.0
2022-09-08,395.3900146484375,400.8599853515625,394.1199951171875,400.3800048828125,381.5448913574219,80821700,0.0,0.0,0.0
2022-09-09,402.739990234375,407.510009765625,402.4599914550781,406.6000061035156,387.4722595214844,76706900,0.0,0.0,0.0
2022-09-12,408.7799987792969,411.7300109863281,408.4599914550781,410.9700012207031,391.63671875,69256300,0.0,0.0,0.0
2022-09-13,401.8299865722656,403.1000061035156,391.9200134277344,393.1000061035156,374.6072998046875,122947100,0.0,0.0,0.0
2022-09-14,394.4700012207031,396.20001220703125,391.1199951171875,394.6000061035156,376.0367736816406,85023700,0.0,0.0,0.0
2022-09-15,392.9599914550781,395.9599914550781,388.7799987792969,390.1199951171875,371.7674865722656,87633800,0.0,0.0,0.0
2022-09-16,384.1400146484375,386.25,382.1099853515625,385.55999755859375,368.9312438964844,103084800,1.596,0.0,0.0
2022-09-19,382.260009765625,388.54998779296875,382.17999267578125,388.54998779296875,371.7923889160156,73278500,0.0,0.0,0.0
2022-09-20,385.05999755859375,386.1199951171875,381.20001220703125,384.0899963378906,367.5247497558594,77274900,0.0,0.0,0.0
2022-09-21,386.1099853515625,389.30999755859375,377.3800048828125,377.3900146484375,361.11370849609375,106746600,0.0,0.0,0.0
2022-09-22,376.5799865722656,378.29998779296875,373.44000244140625,374.2200012207031,358.0804443359375,89472600,0.0,0.0,0.0
2022-09-23,370.5799865722656,370.6199951171875,363.2900085449219,367.95001220703125,352.0807800292969,122346900,0.0,0.0,0.0
2022-09-26,366.4100036621094,370.2099914550781,363.0299987792969,364.30999755859375,348.5978088378906,92581200,0.0,0.0,0.0
2022-09-27,368.0199890136719,370.3999938964844,360.8699951171875,363.3800048828125,347.70794677734375,108294100,0.0,0.0,0.0
2022-09-28,364.3800048828125,372.29998779296875,362.6000061035156,370.5299987792969,354.5495300292969,110802200,0.0,0.0,0.0
2022-09-29,366.80999755859375,367.1099853515625,359.70001220703125,362.7900085449219,347.1434020996094,112952300,0.0,0.0,0.0
2022-09-30,361.79998779296875,365.9100036621094,357.0400085449219,357.17999267578125,341.77532958984375,153711200,0.0,0.0,0.0
2022-10-03,361.0799865722656,368.54998779296875,359.2099914550781,366.6099853515625,350.7986145019531,89756500,0.0,0.0,0.0
2022-10-04,372.3999938964844,378.0,366.57000732421875,377.9700012207031,361.66864013671875,103602800,0.0,0.0,0.0
2022-10-05,373.3900146484375,379.4599914550781,370.95001220703125,377.0899963378906,360.8266906738281,88065700,0.0,0.0,0.0
2022-10-06,375.6199951171875,378.7200012207031,372.67999267578125,373.20001220703125,357.1043701171875,82333500,0.0,0.0,0.0
2022-10-07,368.9700012207031,373.2900085449219,360.94000244140625,362.7900085449219,347.1434020996094,107789500,0.0,0.0,0.0
2022-10-10,363.9599914550781,364.2099914550781,357.6700134277344,360.0199890136719,344.4928283691406,76042800,0.0,0.0,0.0
2022-10-11,358.239990234375,363.0299987792969,355.7099914550781,357.739990234375,342.3111877441406,92482800,0.0,0.0,0.0
2022-10-12,358.1700134277344,359.82000732421875,356.29998779296875,356.55999755859375,341.1820373535156,76991800,0.0,0.0,0.0
2022-10-13,349.2099914550781,367.510009765625,348.1099853515625,365.9700012207031,350.18621826171875,147254500,0.0,0.0,0.0
2022-10-14,368.54998779296875,370.260009765625,356.9599914550781,357.6300048828125,342.2059020996094,123737000,0.0,0.0,0.0
2022-10-17,364.010009765625,367.9800109863281,357.2799987792969,366.82000732421875,350.9996032714844,93168200,0.0,0.0,0.0
2022-10-18,375.1300048828125,375.45001220703125,367.5199890136719,371.1300048828125,355.1236572265625,97162900,0.0,0.0,0.0
2022-10-19,368.989990234375,371.8500061035156,365.54998779296875,368.5,352.6070861816406,79746900,0.0,0.0,0.0
2022-10-20,368.0299987792969,372.6700134277344,364.6099853515625,365.4100036621094,349.65032958984375,88283100,0.0,0.0,0.0
2022-10-21,365.1199951171875,374.79998779296875,363.5400085449219,374.2900085449219,358.1473693847656,131038400,0.0,0.0,0.0
2022-10-24,375.8900146484375,380.05999755859375,373.1099853515625,378.8699951171875,362.52984619140625,85436900,0.0,0.0,0.0
2022-10-25,378.7900085449219,385.25,378.6700134277344,384.9200134277344,368.3189697265625,78846300,0.0,0.0,0.0
2022-10-26,381.6199951171875,387.5799865722656,381.3500061035156,382.0199890136719,365.5439758300781,104087300,0.0,0.0,0.0
2022-10-27,383.07000732421875,385.0,379.3299865722656,379.9800109863281,363.5920104980469,81971800,0.0,0.0,0.0
2022-10-28,379.8699951171875,389.5199890136719,379.67999267578125,389.0199890136719,372.2420654296875,100302000,0.0,0.0,0.0
2022-10-31,386.44000244140625,388.3999938964844,385.260009765625,386.2099914550781,369.5532531738281,96631300,0.0,0.0,0.0
2022-11-01,390.1400146484375,390.3900146484375,383.2900085449219,384.5199890136719,367.9361267089844,85407600,0.0,0.0,0.0
2022-11-02,383.8999938964844,388.6300048828125,374.760009765625,374.8699951171875,358.7023010253906,126990400,0.0,0.0,0.0
2022-11-03,371.4700012207031,374.20001220703125,368.7900085449219,371.010009765625,355.0088195800781,87100100,0.0,0.0,0.0
2022-11-04,377.0,378.8699951171875,370.0,376.3500061035156,360.11859130859375,103505200,0.0,0.0,0.0
2022-11-07,377.7099914550781,380.57000732421875,375.5299987792969,379.95001220703125,363.5633239746094,68286900,0.0,0.0,0.0
2022-11-08,381.1099853515625,385.1199951171875,377.7200012207031,382.0,365.52490234375,84641100,0.0,0.0,0.0
2022-11-09,379.92999267578125,381.1400146484375,373.6099853515625,374.1300048828125,357.9942626953125,78495500,0.0,0.0,0.0
2022-11-10,388.04998779296875,395.0400085449219,385.6400146484375,394.69000244140625,377.6676025390625,141455800,0.0,0.0,0.0
2022-11-11,395.5899963378906,399.3500061035156,393.6099853515625,398.510009765625,381.3227844238281,93839900,0.0,0.0,0.0
2022-11-14,396.6600036621094,400.17999267578125,394.8299865722656,395.1199951171875,378.0790100097656,71903500,0.0,0.0,0.0
2022-11-15,401.1499938964844,402.30999755859375,394.489990234375,398.489990234375,381.3037109375,93194500,0.0,0.0,0.0
2022-11-16,396.7799987792969,397.7799987792969,394.7900085449219,395.45001220703125,378.394775390625,68508500,0.0,0.0,0.0
2022-11-17,390.4599914550781,394.95001220703125,390.1400146484375,394.239990234375,377.2369689941406,74496300,0.0,0.0,0.0
2022-11-18,397.739990234375,397.80999755859375,393.0400085449219,396.0299987792969,378.94976806640625,92922500,0.0,0.0,0.0
2022-11-21,394.6400146484375,395.82000732421875,392.6600036621094,394.5899963378906,377.5718688964844,51243200,0.0,0.0,0.0
2022-11-22,396.6300048828125,400.07000732421875,395.1499938964844,399.8999938964844,382.6528625488281,60429000,0.0,0.0,0.0
2022-11-23,399.54998779296875,402.92999267578125,399.30999755859375,402.4200134277344,385.064208984375,68261600,0.0,0.0,0.0
2022-11-25,401.8299865722656,402.9100036621094,401.5400085449219,402.3299865722656,384.9780578613281,30545400,0.0,0.0,0.0
2022-11-28,399.0899963378906,400.80999755859375,395.1099853515625,395.9100036621094,378.83502197265625,67881600,0.0,0.0,0.0
2022-11-29,396.04998779296875,397.29998779296875,393.29998779296875,395.2300109863281,378.1843566894531,52310000,0.0,0.0,0.0
2022-11-30,395.489990234375,407.67999267578125,393.4800109863281,407.67999267578125,390.0973205566406,144566700,0.0,0.0,0.0
2022-12-01,408.7699890136719,410.0,404.75,407.3800048828125,389.8102111816406,76398200,0.0,0.0,0.0
2022-12-02,402.25,407.8599853515625,402.1400146484375,406.9100036621094,389.36053466796875,85342700,0.0,0.0,0.0
2022-12-05,403.95001220703125,404.92999267578125,398.1700134277344,399.5899963378906,382.3562316894531,77289800,0.0,0.0,0.0
2022-12-06,399.4200134277344,399.989990234375,391.6400146484375,393.8299865722656,376.8446044921875,77972200,0.0,0.0,0.0
2022-12-07,392.94000244140625,395.6400146484375,391.9700012207031,393.1600036621094,376.20361328125,65927900,0.0,0.0,0.0
2022-12-08,395.1400146484375,397.3599853515625,393.2699890136719,396.239990234375,379.15069580078125,60737900,0.0,0.0,0.0
2022-12-09,394.94000244140625,397.6199951171875,393.1499938964844,393.2799987792969,376.318359375,81447700,0.0,0.0,0.0
2022-12-12,394.1099853515625,398.95001220703125,393.4100036621094,398.95001220703125,381.74383544921875,75405800,0.0,0.0,0.0
2022-12-13,410.2200012207031,410.489990234375,399.07000732421875,401.9700012207031,384.63360595703125,123782500,0.0,0.0,0.0
2022-12-14,401.6099853515625,405.5,396.30999755859375,399.3999938964844,382.1744384765625,108111300,0.0,0.0,0.0
2022-12-15,394.29998779296875,395.25,387.8900146484375,389.6300048828125,372.8257751464844,117705900,0.0,0.0,0.0
2022-12-16,385.17999267578125,386.5799865722656,381.0400085449219,383.2699890136719,368.42413330078125,119858000,1.781,0.0,0.0
2022-12-19,383.4700012207031,383.82000732421875,378.2799987792969,380.0199890136719,365.300048828125,79878100,0.0,0.0,0.0
2022-12-20,379.2300109863281,382.2300109863281,377.8500061035156,380.5400085449219,365.7999267578125,74427200,0.0,0.0,0.0
2022-12-21,383.25,387.4100036621094,382.69000244140625,386.2300109863281,371.26953125,78167400,0.0,0.0,0.0
2022-12-22,383.04998779296875,386.2099914550781,374.7699890136719,380.7200012207031,365.9728698730469,100120900,0.0,0.0,0.0
2022-12-23,379.6499938964844,383.05999755859375,378.0299987792969,382.9100036621094,368.078125,59857300,0.0,0.0,0.0
2022-12-27,382.7900085449219,383.1499938964844,379.6499938964844,381.3999938964844,366.6265869140625,51638200,0.0,0.0,0.0
2022-12-28,381.3299865722656,383.3900146484375,376.4200134277344,376.6600036621094,362.0701904296875,70911500,0.0,0.0,0.0
2022-12-29,379.6300048828125,384.3500061035156,379.0799865722656,383.44000244140625,368.587646484375,66970900,0.0,0.0,0.0
2022-12-30,380.6400146484375,382.5799865722656,378.42999267578125,382.42999267578125,367.6167297363281,84022200,0.0,0.0,0.0
2023-01-03,384.3699951171875,386.42999267578125,377.8299865722656,380.82000732421875,366.069091796875,74850700,0.0,0.0,0.0
2023-01-04,383.17999267578125,385.8800048828125,380.0,383.760009765625,368.89520263671875,85934100,0.0,0.0,0.0
2023-01-05,381.7200012207031,381.8399963378906,378.760009765625,379.3800048828125,364.6848449707031,76970500,0.0,0.0,0.0
2023-01-06,382.6099853515625,389.25,379.4100036621094,388.0799865722656,373.0478515625,104189600,0.0,0.0,0.0
2023-01-09,390.3699951171875,393.70001220703125,387.6700134277344,387.8599853515625,372.8363037109375,73978100,0.0,0.0,0.0
2023-01-10,387.25,390.6499938964844,386.2699890136719,390.5799865722656,375.4510192871094,65358100,0.0,0.0,0.0
2023-01-11,392.2300109863281,395.6000061035156,391.3800048828125,395.5199890136719,380.1996154785156,68881100,0.0,0.0,0.0
2023-01-12,396.6700134277344,398.489990234375,392.4200134277344,396.9599914550781,381.5839538574219,90157700,0.0,0.0,0.0
2023-01-13,393.6199951171875,399.1000061035156,393.3399963378906,398.5,383.064208984375,63903900,0.0,0.0,0.0
2023-01-17,398.4800109863281,400.2300109863281,397.05999755859375,397.7699890136719,382.36248779296875,62677300,0.0,0.0,0.0
2023-01-18,399.010009765625,400.1199951171875,391.2799987792969,391.489990234375,376.3258056640625,99632300,0.0,0.0,0.0
2023-01-19,389.3599853515625,391.0799865722656,387.260009765625,388.6400146484375,373.5862121582031,86958900,0.0,0.0,0.0
2023-01-20,390.1000061035156,396.0400085449219,388.3800048828125,395.8800048828125,380.5458068847656,91806400,0.0,0.0,0.0
2023-01-23,396.7200012207031,402.6499938964844,395.7200012207031,400.6300048828125,385.1117248535156,84178800,0.0,0.0,0.0
2023-01-24,398.8800048828125,401.1499938964844,397.6400146484375,400.20001220703125,384.6983947753906,59524900,0.0,0.0,0.0
2023-01-25,395.95001220703125,400.70001220703125,393.55999755859375,400.3500061035156,384.8426208496094,84800300,0.0,0.0,0.0
2023-01-26,403.1300048828125,404.9200134277344,400.0299987792969,404.75,389.0721740722656,72287400,0.0,0.0,0.0
2023-01-27,403.6600036621094,408.1600036621094,403.44000244140625,405.67999267578125,389.96612548828125,68346200,0.0,0.0,0.0
2023-01-30,402.79998779296875,405.1300048828125,400.2799987792969,400.5899963378906,385.0732727050781,74202000,0.0,0.0,0.0
2023-01-31,401.1300048828125,406.5299987792969,400.7699890136719,406.4800109863281,390.735107421875,86811800,0.0,0.0,0.0
2023-02-01,405.2099914550781,413.6700134277344,402.3500061035156,410.79998779296875,394.88775634765625,101459200,0.0,0.0,0.0
2023-02-02,414.8599853515625,418.30999755859375,412.8800048828125,416.7799987792969,400.6361389160156,101654500,0.0,0.0,0.0
2023-02-03,411.5899963378906,416.9700012207031,411.0899963378906,412.3500061035156,396.3777770996094,94736800,0.0,0.0,0.0
2023-02-06,409.7900085449219,411.2900085449219,408.1000061035156,409.8299865722656,393.95538330078125,60295300,0.0,0.0,0.0
2023-02-07,408.8699951171875,416.489990234375,407.57000732421875,415.19000244140625,399.1077880859375,90990700,0.0,0.0,0.0
2023-02-08,413.1300048828125,414.5299987792969,409.92999267578125,410.6499938964844,394.7436218261719,76227500,0.0,0.0,0.0
2023-02-09,414.4100036621094,414.57000732421875,405.80999755859375,407.0899963378906,391.3215026855469,78694900,0.0,0.0,0.0
2023-02-10,405.8599853515625,408.44000244140625,405.010009765625,408.0400085449219,392.23480224609375,70769700,0.0,0.0,0.0
2023-02-13,408.7200012207031,412.9700012207031,408.239990234375,412.8299865722656,396.839111328125,64913500,0.0,0.0,0.0
2023-02-14,411.239990234375,415.04998779296875,408.510009765625,412.6400146484375,396.65655517578125,88389300,0.0,0.0,0.0
2023-02-15,410.3500061035156,414.05999755859375,409.4700012207031,413.9800109863281,397.94464111328125,61555700,0.0,0.0,0.0
2023-02-16,408.7900085449219,412.9100036621094,408.1400146484375,408.2799987792969,392.4653625488281,76431500,0.0,0.0,0.0
2023-02-17,406.05999755859375,407.510009765625,404.04998779296875,407.260009765625,391.4849548339844,89257800,0.0,0.0,0.0
2023-02-21,403.05999755859375,404.1600036621094,398.82000732421875,399.0899963378906,383.63140869140625,82655900,0.0,0.0,0.0
2023-02-22,399.5199890136719,401.1300048828125,397.0199890136719,398.5400085449219,383.1026916503906,83742300,0.0,0.0,0.0
2023-02-23,401.55999755859375,402.20001220703125,396.25,400.6600036621094,385.14056396484375,96242400,0.0,0.0,0.0
2023-02-24,395.4200134277344,397.25,393.6400146484375,396.3800048828125,381.0263366699219,108194400,0.0,0.0,0.0
2023-02-27,399.8699951171875,401.2900085449219,396.75,397.7300109863281,382.3240661621094,80444700,0.0,0.0,0.0
2023-02-28,397.2300109863281,399.2799987792969,396.1499938964844,396.260009765625,380.9110107421875,96438600,0.0,0.0,0.0
2023-03-01,395.4100036621094,396.69000244140625,393.3800048828125,394.739990234375,379.44989013671875,99706800,0.0,0.0,0.0
2023-03-02,392.67999267578125,398.69000244140625,392.3299865722656,397.80999755859375,382.4010009765625,85127800,0.0,0.0,0.0
2023-03-03,399.7099914550781,404.45001220703125,399.0299987792969,404.19000244140625,388.5339050292969,90120000,0.0,0.0,0.0
2023-03-06,405.04998779296875,407.45001220703125,404.010009765625,404.4700012207031,388.8029479980469,72795900,0.0,0.0,0.0
2023-03-07,404.4200134277344,404.6700134277344,397.6300048828125,398.2699890136719,382.8431701660156,108310600,0.0,0.0,0.0
2023-03-08,398.3900146484375,399.7099914550781,396.5899963378906,398.9200134277344,383.46795654296875,74746600,0.0,0.0,0.0
2023-03-09,399.739990234375,401.4800109863281,390.5299987792969,391.55999755859375,376.3930358886719,111945300,0.0,0.0,0.0
2023-03-10,390.989990234375,393.1600036621094,384.32000732421875,385.9100036621094,370.9619140625,189253000,0.0,0.0,0.0
2023-03-13,381.80999755859375,390.3900146484375,380.6499938964844,385.3599853515625,370.4331970214844,157790000,0.0,0.0,0.0
2023-03-14,390.5,393.45001220703125,387.04998779296875,391.7300109863281,376.5565185546875,149752400,0.0,0.0,0.0
2023-03-15,385.8900146484375,389.489990234375,383.7099914550781,389.2799987792969,374.2013854980469,172996900,0.0,0.0,0.0
2023-03-16,386.82000732421875,396.4700012207031,386.2900085449219,396.1099853515625,380.7668151855469,143254200,0.0,0.0,0.0
2023-03-17,393.2200012207031,394.3999938964844,388.54998779296875,389.989990234375,376.3145751953125,140553400,1.506,0.0,0.0
2023-03-20,390.79998779296875,394.1700134277344,390.07000732421875,393.739990234375,379.9331359863281,93055800,0.0,0.0,0.0
2023-03-21,397.239990234375,399.4100036621094,395.5799865722656,398.9100036621094,384.921875,91524200,0.0,0.0,0.0
2023-03-22,398.7300109863281,402.489990234375,392.07000732421875,392.1099853515625,378.3602600097656,111746600,0.0,0.0,0.0
2023-03-23,395.0899963378906,399.2900085449219,390.3500061035156,393.1700134277344,379.383056640625,119351300,0.0,0.0,0.0
2023-03-24,391.8399963378906,395.8399963378906,389.3999938964844,395.75,381.8726806640625,107682400,0.0,0.0,0.0
2023-03-27,398.1199951171875,398.9200134277344,395.55999755859375,396.489990234375,382.586669921875,74010400,0.0,0.0,0.0
2023-03-28,395.7699890136719,396.489990234375,393.69000244140625,395.6000061035156,381.7279052734375,62871700,0.0,0.0,0.0
2023-03-29,399.92999267578125,401.6000061035156,398.67999267578125,401.3500061035156,387.2762451171875,77497900,0.0,0.0,0.0
2023-03-30,404.0899963378906,404.3500061035156,401.760009765625,403.70001220703125,389.5438537597656,69840000,0.0,0.0,0.0
2023-03-31,404.6600036621094,409.70001220703125,404.54998779296875,409.3900146484375,395.03436279296875,112062600,0.0,0.0,0.0
2023-04-03,408.8500061035156,411.3699951171875,408.44000244140625,410.95001220703125,396.5397033691406,67391100,0.0,0.0,0.0
2023-04-04,411.6199951171875,411.9200134277344,407.239990234375,408.6700134277344,394.339599609375,66601500,0.0,0.0,0.0
2023-04-05,407.9100036621094,408.70001220703125,405.8800048828125,407.6000061035156,393.3070983886719,65200200,0.0,0.0,0.0
2023-04-06,406.7699890136719,409.4800109863281,405.67999267578125,409.19000244140625,394.8414306640625,63743300,0.0,0.0,0.0
2023-04-10,406.6099853515625,409.69000244140625,405.9700012207031,409.6099853515625,395.24658203125,63681000,0.0,0.0,0.0
2023-04-11,410.260009765625,411.17999267578125,408.9200134277344,409.7200012207031,395.3527526855469,59297900,0.0,0.0,0.0
2023-04-12,411.8699951171875,412.1700134277344,407.44000244140625,408.04998779296875,393.7413635253906,86420400,0.0,0.0,0.0
2023-04-13,409.17999267578125,413.8399963378906,407.989990234375,413.4700012207031,398.97125244140625,85814800,0.0,0.0,0.0
2023-04-14,412.80999755859375,415.0899963378906,410.05999755859375,412.4599914550781,397.9967041015625,78161500,0.0,0.0,0.0
2023-04-17,412.3699951171875,413.9599914550781,411.0899963378906,413.94000244140625,399.4248046875,66436400,0.0,0.0,0.0
2023-04-18,415.5799865722656,415.7200012207031,412.7799987792969,414.2099914550781,399.6852722167969,63560000,0.0,0.0,0.0
2023-04-19,412.2200012207031,415.0799865722656,412.1600036621094,414.1400146484375,399.6177673339844,55227300,0.0,0.0,0.0
2023-04-20,411.2099914550781,413.70001220703125,410.2699890136719,411.8800048828125,397.43701171875,75840400,0.0,0.0,0.0
2023-04-21,412.19000244140625,412.67999267578125,410.1700134277344,412.20001220703125,397.7458190917969,73457400,0.0,0.0,0.0
2023-04-24,411.989990234375,413.07000732421875,410.6000061035156,412.6300048828125,398.16064453125,64332100,0.0,0.0,0.0
2023-04-25,410.5799865722656,411.1600036621094,406.0199890136719,406.0799865722656,391.8403625488281,97766700,0.0,0.0,0.0
2023-04-26,406.7200012207031,407.8399963378906,403.7799987792969,404.3599853515625,390.18072509765625,80447000,0.0,0.0,0.0
2023-04-27,407.0,412.69000244140625,406.739990234375,412.4100036621094,397.9484558105469,92968400,0.0,0.0,0.0
2023-04-28,411.489990234375,415.94000244140625,411.42999267578125,415.92999267578125,401.34503173828125,89433100,0.0,0.0,0.0
2023-05-01,415.4700012207031,417.6199951171875,415.2699890136719,415.510009765625,400.93975830078125,62122300,0.0,0.0,0.0
2023-05-02,414.7699890136719,414.82000732421875,407.82000732421875,410.8399963378906,396.4334411621094,103998500,0.0,0.0,0.0
2023-05-03,411.3599853515625,413.8699951171875,407.7699890136719,408.0199890136719,393.7123718261719,91531800,0.0,0.0,0.0
2023-05-04,406.92999267578125,407.2699890136719,403.739990234375,405.1300048828125,390.92376708984375,94901900,0.0,0.0,0.0
2023-05-05,408.9100036621094,413.7200012207031,408.6400146484375,412.6300048828125,398.16064453125,87891800,0.0,0.0,0.0
2023-05-08,412.9700012207031,413.239990234375,411.2799987792969,412.739990234375,398.2668762207031,50046800,0.0,0.0,0.0
2023-05-09,411.1300048828125,412.0899963378906,410.69000244140625,410.92999267578125,396.5203552246094,49220100,0.0,0.0,0.0
2023-05-10,413.8800048828125,414.5400085449219,408.8699951171875,412.8500061035156,398.3730773925781,96142900,0.0,0.0,0.0
2023-05-11,411.95001220703125,412.42999267578125,409.9700012207031,412.1300048828125,397.6783752441406,70157100,0.0,0.0,0.0
2023-05-12,413.4200134277344,413.6400146484375,409.07000732421875,411.5899963378906,397.1571960449219,70481500,0.0,0.0,0.0
2023-05-15,412.2200012207031,413.42999267578125,410.2300109863281,413.010009765625,398.52740478515625,54289400,0.0,0.0,0.0
2023-05-16,411.8599853515625,412.82000732421875,410.239990234375,410.25,395.8641662597656,57705500,0.0,0.0,0.0
2023-05-17,412.3500061035156,415.8599853515625,410.6400146484375,415.2300109863281,400.6695251464844,87287000,0.0,0.0,0.0
2023-05-18,414.8999938964844,419.6700134277344,414.6700134277344,419.2300109863281,404.529296875,97177200,0.0,0.0,0.0
2023-05-19,420.1700134277344,420.7200012207031,417.3500061035156,418.6199951171875,403.940673828125,103793300,0.0,0.0,0.0
2023-05-22,418.6400146484375,420.3900146484375,417.3500061035156,418.7900085449219,404.1047058105469,60745400,0.0,0.0,0.0
2023-05-23,417.0799865722656,418.7200012207031,413.67999267578125,414.0899963378906,399.56951904296875,86383500,0.0,0.0,0.0
2023-05-24,412.4200134277344,412.82000732421875,409.8800048828125,411.0899963378906,396.6747131347656,89213700,0.0,0.0,0.0
2023-05-25,414.739990234375,416.1600036621094,412.4100036621094,414.6499938964844,400.10986328125,90961600,0.0,0.0,0.0
2023-05-26,415.3299865722656,420.7699890136719,415.25,420.0199890136719,405.2916259765625,93830000,0.0,0.0,0.0
2023-05-30,422.0299987792969,422.5799865722656,418.739990234375,420.17999267578125,405.4459533691406,72216000,0.0,0.0,0.0
2023-05-31,418.2799987792969,419.2200012207031,416.2200012207031,417.8500061035156,403.1977233886719,110811800,0.0,0.0,0.0
2023-06-01,418.0899963378906,422.9200134277344,416.7900085449219,421.82000732421875,407.0284423828125,88865000,0.0,0.0,0.0
2023-06-02,424.5,428.739990234375,423.95001220703125,427.9200134277344,412.9145812988281,91426200,0.0,0.0,0.0
2023-06-05,428.2799987792969,429.6199951171875,426.3699951171875,427.1000061035156,412.1233215332031,65460200,0.0,0.0,0.0
2023-06-06,426.6700134277344,428.5799865722656,425.989990234375,428.0299987792969,413.020751953125,64022200,0.0,0.0,0.0
2023-06-07,428.44000244140625,429.6199951171875,426.1099853515625,426.54998779296875,411.59259033203125,85373300,0.0,0.0,0.0
2023-06-08,426.6199951171875,429.6000061035156,425.82000732421875,429.1300048828125,414.0821838378906,61952800,0.0,0.0,0.0
2023-06-09,429.9599914550781,431.989990234375,428.8699951171875,429.8999938964844,414.8251037597656,85742800,0.0,0.0,0.0
2023-06-12,430.9200134277344,433.8800048828125,430.1700134277344,433.79998779296875,418.5883483886719,76104300,0.0,0.0,0.0
2023-06-13,435.32000732421875,437.3299865722656,434.6300048828125,436.6600036621094,421.34808349609375,95899700,0.0,0.0,0.0
2023-06-14,437.010009765625,439.05999755859375,433.5899963378906,437.17999267578125,421.84979248046875,100612100,0.0,0.0,0.0
2023-06-15,436.3299865722656,443.8999938964844,436.2300109863281,442.6000061035156,427.0798034667969,110303100,0.0,0.0,0.0
2023-06-16,443.0199890136719,443.6099853515625,438.9700012207031,439.4599914550781,425.6250915527344,114165800,1.638,0.0,0.0
2023-06-20,437.45001220703125,438.3699951171875,435.0299987792969,437.17999267578125,423.4168395996094,76160400,0.0,0.0,0.0
2023-06-21,436.1600036621094,436.989990234375,434.3299865722656,434.94000244140625,421.24737548828125,76982300,0.0,0.0,0.0
2023-06-22,433.95001220703125,436.6199951171875,433.6000061035156,436.510009765625,422.76800537109375,70637200,0.0,0.0,0.0
2023-06-23,432.92999267578125,435.05999755859375,432.4700012207031,433.2099914550781,419.57177734375,92074500,0.0,0.0,0.0
2023-06-26,432.6199951171875,434.6099853515625,431.19000244140625,431.44000244140625,417.8575744628906,72823600,0.0,0.0,0.0
2023-06-27,432.3500061035156,436.80999755859375,431.8800048828125,436.1700134277344,422.43865966796875,72813700,0.0,0.0,0.0
2023-06-28,435.04998779296875,437.44000244140625,434.4100036621094,436.3900146484375,422.6517639160156,75636000,0.0,0.0,0.0
2023-06-29,435.9599914550781,438.2799987792969,435.5400085449219,438.1099853515625,424.3175354003906,67882300,0.0,0.0,0.0
2023-06-30,441.44000244140625,444.29998779296875,441.1099853515625,443.2799987792969,429.3248596191406,104964000,0.0,0.0,0.0
2023-07-03,442.9200134277344,444.0799865722656,442.6300048828125,443.7900085449219,429.8187561035156,32793400,0.0,0.0,0.0
2023-07-05,441.9100036621094,443.8900146484375,441.8999938964844,443.1300048828125,429.1795654296875,58418400,0.0,0.0,0.0
2023-07-06,439.4200134277344,440.1000061035156,437.05999755859375,439.6600036621094,425.8188171386719,80658300,0.0,0.0,0.0
2023-07-07,438.6300048828125,442.6400146484375,438.29998779296875,438.54998779296875,424.7437438964844,86134200,0.0,0.0,0.0
2023-07-10,438.17999267578125,439.8399963378906,437.5899963378906,439.6600036621094,425.8188171386719,62443500,0.0,0.0,0.0
2023-07-11,440.45001220703125,442.9700012207031,439.44000244140625,442.4599914550781,428.5306091308594,64463800,0.0,0.0,0.0
2023-07-12,446.3900146484375,447.4800109863281,444.9100036621094,446.0199890136719,431.9785461425781,91924500,0.0,0.0,0.0
2023-07-13,447.8999938964844,450.3800048828125,447.45001220703125,449.55999755859375,435.4071044921875,72425200,0.0,0.0,0.0
2023-07-14,450.4800109863281,451.3599853515625,448.489990234375,449.2799987792969,435.1359558105469,69815800,0.0,0.0,0.0
2023-07-17,449.1300048828125,451.92999267578125,449.0799865722656,450.8399963378906,436.6468505859375,52680200,0.0,0.0,0.0
2023-07-18,450.5,454.8599853515625,450.04998779296875,454.19000244140625,439.891357421875,80668200,0.0,0.0,0.0
2023-07-19,455.010009765625,456.42999267578125,454.1099853515625,455.20001220703125,440.8695373535156,65891700,0.0,0.0,0.0
2023-07-20,454.1700134277344,455.1000061035156,451.44000244140625,452.17999267578125,437.94464111328125,70591600,0.0,0.0,0.0
2023-07-21,453.9599914550781,454.1700134277344,452.1700134277344,452.17999267578125,437.94464111328125,71275600,0.0,0.0,0.0
2023-07-24,453.3699951171875,455.0400085449219,452.29998779296875,454.20001220703125,439.90106201171875,54023400,0.0,0.0,0.0
2023-07-25,453.9200134277344,456.739990234375,453.8699951171875,455.44000244140625,441.10205078125,55191200,0.0,0.0,0.0
2023-07-26,454.4700012207031,456.989990234375,453.3800048828125,455.510009765625,441.1698303222656,71052900,0.0,0.0,0.0
2023-07-27,459.0199890136719,459.44000244140625,451.54998779296875,452.489990234375,438.2448425292969,92194400,0.0,0.0,0.0
2023-07-28,455.8800048828125,457.7799987792969,452.489990234375,456.9200134277344,442.5354309082031,80011800,0.0,0.0,0.0
2023-07-31,457.4100036621094,458.1600036621094,456.04998779296875,457.7900085449219,443.3780517578125,62040400,0.0,0.0,0.0
2023-08-01,456.2699890136719,457.25,455.489990234375,456.4800109863281,442.1092834472656,55291500,0.0,0.0,0.0
2023-08-02,453.25,453.5199890136719,449.3500061035156,450.1300048828125,435.959228515625,93933400,0.0,0.0,0.0
2023-08-03,448.0400085449219,450.7900085449219,447.3699951171875,448.8399963378906,434.7098083496094,64276100,0.0,0.0,0.0
2023-08-04,450.7200012207031,452.8999938964844,446.2699890136719,446.80999755859375,432.74365234375,100128900,0.0,0.0,0.0
2023-08-07,448.7099914550781,450.8699951171875,447.989990234375,450.7099914550781,436.5209045410156,58357500,0.0,0.0,0.0
2023-08-08,448.0799865722656,450.70001220703125,445.2699890136719,448.75,434.62261962890625,71361300,0.0,0.0,0.0
2023-08-09,449.0299987792969,449.20001220703125,444.9599914550781,445.75,431.717041015625,78789600,0.0,0.0,0.0
2023-08-10,448.19000244140625,451.70001220703125,444.70001220703125,445.9100036621094,431.8720703125,93005500,0.0,0.0,0.0
2023-08-11,443.9700012207031,446.70001220703125,443.3500061035156,445.6499938964844,431.62017822265625,68690900,0.0,0.0,0.0
2023-08-14,444.70001220703125,448.1099853515625,444.3800048828125,448.1099853515625,434.00274658203125,47867400,0.0,0.0,0.0
2023-08-15,446.2699890136719,446.6400146484375,442.29998779296875,442.8900146484375,428.9471435546875,75707500,0.0,0.0,0.0
2023-08-16,442.4599914550781,444.17999267578125,439.5299987792969,439.6400146484375,425.7994384765625,80107200,0.0,0.0,0.0
2023-08-17,441.1600036621094,441.42999267578125,435.75,436.2900085449219,422.5549011230469,95711300,0.0,0.0,0.0
2023-08-18,433.3699951171875,437.57000732421875,433.010009765625,436.5,422.75830078125,98852000,0.0,0.0,0.0
2023-08-21,437.54998779296875,440.1099853515625,435.32000732421875,439.3399963378906,425.50885009765625,68719000,0.0,0.0,0.0
2023-08-22,441.17999267578125,441.17999267578125,437.57000732421875,438.1499938964844,424.3562927246094,64994200,0.0,0.0,0.0
2023-08-23,439.25,443.6700134277344,439.1000061035156,443.0299987792969,429.0826416015625,68441000,0.0,0.0,0.0
2023-08-24,444.69000244140625,445.2200012207031,436.8599853515625,436.8900146484375,423.1360168457031,88517300,0.0,0.0,0.0
2023-08-25,438.67999267578125,441.29998779296875,435.0,439.9700012207031,426.1190490722656,102325100,0.0,0.0,0.0
2023-08-28,442.239990234375,443.3999938964844,439.9700012207031,442.760009765625,428.8211975097656,61595400,0.0,0.0,0.0
2023-08-29,442.6499938964844,449.45001220703125,442.4599914550781,449.1600036621094,435.01971435546875,83081900,0.0,0.0,0.0
2023-08-30,449.510009765625,451.6700134277344,448.7799987792969,451.010009765625,436.8114929199219,69053900,0.0,0.0,0.0
2023-08-31,451.6499938964844,452.8299865722656,450.1600036621094,450.3500061035156,436.1722412109375,66084600,0.0,0.0,0.0
2023-09-01,453.1700134277344,453.6700134277344,449.67999267578125,451.19000244140625,436.9858093261719,58944100,0.0,0.0,0.0
2023-09-05,450.7300109863281,451.05999755859375,449.1700134277344,449.239990234375,435.09716796875,55166200,0.0,0.0,0.0
2023-09-06,448.3999938964844,448.510009765625,443.80999755859375,446.2200012207031,432.1723327636719,70758500,0.0,0.0,0.0
2023-09-07,443.1099853515625,445.54998779296875,442.75,444.8500061035156,430.84539794921875,70355400,0.0,0.0,0.0
2023-09-08,444.8999938964844,447.1099853515625,444.5299987792969,445.5199890136719,431.4942932128906,61659700,0.0,0.0,0.0
2023-09-11,448.239990234375,448.7699890136719,446.4700012207031,448.45001220703125,434.3320617675781,60180100,0.0,0.0,0.0
2023-09-12,446.95001220703125,448.5299987792969,445.3900146484375,445.989990234375,431.949462890625,67565400,0.0,0.0,0.0
2023-09-13,446.2200012207031,447.7099914550781,445.0799865722656,446.510009765625,432.453125,60199300,0.0,0.0,0.0
2023-09-14,449.07000732421875,451.0799865722656,447.7200012207031,450.3599853515625,436.181884765625,83430800,0.0,0.0,0.0
2023-09-15,447.1400146484375,447.4800109863281,442.9200134277344,443.3699951171875,430.92669677734375,111848900,1.583,0.0,0.0
2023-09-18,443.04998779296875,444.9700012207031,442.55999755859375,443.6300048828125,431.1793518066406,55752200,0.0,0.0,0.0
2023-09-19,442.67999267578125,443.2900085449219,439.94000244140625,442.7099914550781,430.2851867675781,66514600,0.0,0.0,0.0
2023-09-20,444.010009765625,444.44000244140625,438.42999267578125,438.6400146484375,426.32940673828125,82562600,0.0,0.0,0.0
2023-09-21,435.70001220703125,435.9700012207031,431.2300109863281,431.3900146484375,419.2829284667969,104095800,0.0,0.0,0.0
2023-09-22,432.45001220703125,434.1000061035156,429.989990234375,430.4200134277344,418.3401794433594,100829700,0.0,0.0,0.0
2023-09-25,429.1700134277344,432.2699890136719,428.7200012207031,432.2300109863281,420.099365234375,70874500,0.0,0.0,0.0
2023-09-26,429.0899963378906,429.82000732421875,425.0199890136719,425.8800048828125,413.9275817871094,96168400,0.0,0.0,0.0
2023-09-27,427.0899963378906,427.6700134277344,422.2900085449219,426.04998779296875,414.0927734375,104705800,0.0,0.0,0.0
2023-09-28,425.4800109863281,430.25,424.8699951171875,428.5199890136719,416.4934387207031,92258300,0.0,0.0,0.0
2023-09-29,431.6700134277344,431.8500061035156,425.9100036621094,427.4800109863281,415.4826965332031,115111300,0.0,0.0,0.0
2023-10-02,426.6199951171875,428.6000061035156,424.4599914550781,427.30999755859375,415.3173828125,83798600,0.0,0.0,0.0
2023-10-03,425.05999755859375,427.3699951171875,420.17999267578125,421.5899963378906,409.7579345703125,103760600,0.0,0.0,0.0
2023-10-04,422.07000732421875,425.42999267578125,420.55999755859375,424.6600036621094,412.7418212890625,87453000,0.0,0.0,0.0
2023-10-05,424.3599853515625,425.3699951171875,421.1700134277344,424.5,412.5863037109375,70142700,0.0,0.0,0.0
2023-10-06,421.9700012207031,431.1300048828125,420.6000061035156,429.5400085449219,417.4848327636719,113273300,0.0,0.0,0.0
2023-10-09,427.5799865722656,432.8800048828125,427.010009765625,432.2900085449219,420.1576843261719,80374400,0.0,0.0,0.0
2023-10-10,432.94000244140625,437.2200012207031,432.5299987792969,434.5400085449219,422.3445129394531,78607300,0.0,0.0,0.0
2023-10-11,435.6400146484375,436.5799865722656,433.17999267578125,436.32000732421875,424.0745544433594,62451700,0.0,0.0,0.0
2023-10-12,436.95001220703125,437.3399963378906,431.2300109863281,433.6600036621094,421.48919677734375,81154200,0.0,0.0,0.0
2023-10-13,435.2099914550781,436.45001220703125,429.8800048828125,431.5,419.38983154296875,95143100,0.0,0.0,0.0
2023-10-16,433.82000732421875,437.1400146484375,433.57000732421875,436.0400085449219,423.80242919921875,75433200,0.0,0.0,0.0
2023-10-17,432.80999755859375,438.1400146484375,432.45001220703125,436.0199890136719,423.782958984375,75324700,0.0,0.0,0.0
2023-10-18,434.19000244140625,435.17999267578125,429.0899963378906,430.2099914550781,418.135986328125,93559800,0.0,0.0,0.0
2023-10-19,430.95001220703125,432.82000732421875,425.7300109863281,426.42999267578125,414.4620666503906,121323000,0.0,0.0,0.0
2023-10-20,425.9800109863281,426.5400085449219,421.0799865722656,421.19000244140625,409.3691711425781,123919900,0.0,0.0,0.0
2023-10-23,419.6099853515625,424.45001220703125,417.79998779296875,420.4599914550781,408.6596374511719,92035100,0.0,0.0,0.0
2023-10-24,422.6499938964844,424.82000732421875,420.739990234375,423.6300048828125,411.7406921386719,78564200,0.0,0.0,0.0
2023-10-25,421.8900146484375,421.9200134277344,417.0199890136719,417.54998779296875,405.83135986328125,94223200,0.0,0.0,0.0
2023-10-26,416.45001220703125,417.3299865722656,411.6000061035156,412.54998779296875,400.9716491699219,115156800,0.0,0.0,0.0
2023-10-27,414.19000244140625,414.6000061035156,409.2099914550781,410.67999267578125,399.1541442871094,107367700,0.0,0.0,0.0
2023-10-30,413.55999755859375,416.67999267578125,412.2200012207031,415.5899963378906,403.92633056640625,86562700,0.0,0.0,0.0
2023-10-31,416.17999267578125,418.5299987792969,414.2099914550781,418.20001220703125,406.4631042480469,79665200,0.0,0.0,0.0
2023-11-01,419.20001220703125,423.5,418.6499938964844,422.6600036621094,410.7978820800781,98068100,0.0,0.0,0.0
2023-11-02,426.5799865722656,430.9200134277344,426.55999755859375,430.760009765625,418.6706237792969,94938900,0.0,0.0,0.0
2023-11-03,433.1400146484375,436.2900085449219,433.010009765625,434.69000244140625,422.49029541015625,100167800,0.0,0.0,0.0
2023-11-06,435.4700012207031,436.1499938964844,433.67999267578125,435.69000244140625,423.46221923828125,67831700,0.0,0.0,0.0
2023-11-07,435.69000244140625,437.5899963378906,434.510009765625,436.92999267578125,424.6673889160156,64256100,0.0,0.0,0.0
2023-11-08,437.54998779296875,438.0899963378906,434.8699951171875,437.25,424.97845458984375,61746000,0.0,0.0,0.0
2023-11-09,438.42999267578125,438.4700012207031,433.3999938964844,433.8399963378906,421.6641540527344,83174400,0.0,0.0,0.0
2023-11-10,435.9800109863281,440.92999267578125,433.8299865722656,440.6099853515625,428.244140625,89462200,0.0,0.0,0.0
2023-11-13,439.2300109863281,441.3299865722656,438.4200134277344,440.19000244140625,427.8359375,52236100,0.0,0.0,0.0
2023-11-14,446.32000732421875,450.05999755859375,446.0899963378906,448.7300109863281,436.1362609863281,97176900,0.0,0.0,0.0
2023-11-15,450.1099853515625,451.3800048828125,448.79998779296875,449.67999267578125,437.0595703125,77327600,0.0,0.0,0.0
2023-11-16,449.2200012207031,450.55999755859375,448.1199951171875,450.2300109863281,437.59417724609375,66665800,0.0,0.0,0.0
2023-11-17,450.239990234375,451.4200134277344,449.2900085449219,450.7900085449219,438.13836669921875,83133200,0.0,0.0,0.0
2023-11-20,450.5299987792969,455.1300048828125,450.5199890136719,454.260009765625,441.5110778808594,69936200,0.0,0.0,0.0
2023-11-21,453.17999267578125,454.1300048828125,451.9599914550781,453.2699890136719,440.5487976074219,49244600,0.0,0.0,0.0
2023-11-22,454.9800109863281,456.3800048828125,453.8900146484375,455.0199890136719,442.2497253417969,59394900,0.0,0.0,0.0
2023-11-24,455.07000732421875,455.5,454.7300109863281,455.29998779296875,442.52178955078125,29737400,0.0,0.0,0.0
2023-11-27,454.6499938964844,455.489990234375,454.0799865722656,454.4800109863281,441.724853515625,50506000,0.0,0.0,0.0
2023-11-28,454.0799865722656,456.2699890136719,453.5,454.92999267578125,442.1622009277344,62115000,0.0,0.0,0.0
2023-11-29,457.1499938964844,458.32000732421875,454.20001220703125,454.6099853515625,441.85125732421875,63146000,0.0,0.0,0.0
2023-11-30,455.4800109863281,456.760009765625,453.3399963378906,456.3999938964844,443.5909729003906,79752700,0.0,0.0,0.0
2023-12-01,455.7699890136719,459.6499938964844,455.1600036621094,459.1000061035156,446.2151794433594,89183400,0.0,0.0,0.0
2023-12-04,455.6000061035156,459.1199951171875,454.3399963378906,456.69000244140625,443.8728942871094,72430900,0.0,0.0,0.0
2023-12-05,455.260009765625,457.5899963378906,454.8699951171875,456.6000061035156,443.785400390625,69793500,0.0,0.0,0.0
2023-12-06,458.80999755859375,458.8399963378906,454.30999755859375,454.760009765625,441.9970397949219,69124700,0.0,0.0,0.0
2023-12-07,456.9100036621094,458.8999938964844,456.2900085449219,458.2300109863281,445.36962890625,66995400,0.0,0.0,0.0
2023-12-08,457.4599914550781,460.75,457.2099914550781,460.20001220703125,447.28436279296875,83194400,0.0,0.0,0.0
2023-12-11,459.69000244140625,462.1700134277344,459.4700012207031,461.989990234375,449.0240783691406,65002200,0.0,0.0,0.0
2023-12-12,461.6300048828125,464.20001220703125,460.6000061035156,464.1000061035156,451.0748596191406,68327600,0.0,0.0,0.0
2023-12-13,464.489990234375,470.760009765625,464.1199951171875,470.5,457.2952880859375,93278000,0.0,0.0,0.0
2023-12-14,472.5,473.7300109863281,469.25,472.010009765625,458.7628479003906,119026000,0.0,0.0,0.0
2023-12-15,469.489990234375,470.70001220703125,467.42999267578125,469.3299865722656,458.0075378417969,141553700,1.906,0.0,0.0
2023-12-18,470.9800109863281,472.9800109863281,469.8900146484375,471.9700012207031,460.5838623046875,70375300,0.0,0.0,0.0
2023-12-19,472.5299987792969,474.9200134277344,472.45001220703125,474.8399963378906,463.3846435546875,55761800,0.0,0.0,0.0
2023-12-20,473.9599914550781,475.8999938964844,467.82000732421875,468.260009765625,456.9633483886719,102921000,0.0,0.0,0.0
2023-12-21,471.3299865722656,472.9800109863281,468.8399963378906,472.70001220703125,461.2962646484375,86667500,0.0,0.0,0.0
2023-12-22,473.8599853515625,475.3800048828125,471.70001220703125,473.6499938964844,462.2232971191406,67160400,0.0,0.0,0.0
2023-12-26,474.07000732421875,476.5799865722656,473.989990234375,475.6499938964844,464.1750793457031,55387000,0.0,0.0,0.0
2023-12-27,475.44000244140625,476.6600036621094,474.8900146484375,476.510009765625,465.0143127441406,68000300,0.0,0.0,0.0
2023-12-28,476.8800048828125,477.54998779296875,476.260009765625,476.69000244140625,465.19000244140625,77158100,0.0,0.0,0.0
2023-12-29,476.489990234375,477.0299987792969,473.29998779296875,475.30999755859375,463.84332275390625,122283100,0.0,0.0,0.0
2024-01-02,472.1600036621094,473.6700134277344,470.489990234375,472.6499938964844,461.2474670410156,123623700,0.0,0.0,0.0
2024-01-03,470.42999267578125,471.19000244140625,468.1700134277344,468.7900085449219,457.4805908203125,103585900,0.0,0.0,0.0
2024-01-04,468.29998779296875,470.9599914550781,467.04998779296875,467.2799987792969,456.00701904296875,84232200,0.0,0.0,0.0
2024-01-05,467.489990234375,470.44000244140625,466.42999267578125,467.9200134277344,456.6315612792969,86118900,0.0,0.0,0.0
2024-01-08,468.42999267578125,474.75,468.29998779296875,474.6000061035156,463.15045166015625,74879100,0.0,0.0,0.0
2024-01-09,471.8699951171875,474.92999267578125,471.3500061035156,473.8800048828125,462.4477844238281,65931400,0.0,0.0,0.0
2024-01-10,474.1600036621094,477.45001220703125,473.8699951171875,476.55999755859375,465.0631408691406,67310600,0.0,0.0,0.0
2024-01-11,477.5899963378906,478.1199951171875,472.260009765625,476.3500061035156,464.8582458496094,77940700,0.0,0.0,0.0
2024-01-12,477.8399963378906,478.6000061035156,475.2300109863281,476.67999267578125,465.18023681640625,58026400,0.0,0.0,0.0
2024-01-16,475.260009765625,476.6099853515625,473.05999755859375,474.92999267578125,463.472412109375,85014900,0.0,0.0,0.0
2024-01-17,471.82000732421875,472.7900085449219,469.8699951171875,472.2900085449219,460.89617919921875,68843900,0.0,0.0,0.0
2024-01-18,474.010009765625,477.05999755859375,472.4200134277344,476.489990234375,464.99481201171875,91856200,0.0,0.0,0.0
2024-01-19,477.6499938964844,482.7200012207031,476.5400085449219,482.42999267578125,470.79150390625,110834500,0.0,0.0,0.0
2024-01-22,484.010009765625,485.2200012207031,482.7799987792969,483.45001220703125,471.7869567871094,75844900,0.0,0.0,0.0
2024-01-23,484.010009765625,485.1099853515625,482.8900146484375,484.8599853515625,473.1628723144531,49945300,0.0,0.0,0.0
2024-01-24,487.80999755859375,488.7699890136719,484.8800048828125,485.3900146484375,473.6801452636719,81765000,0.0,0.0,0.0
2024-01-25,487.5799865722656,488.30999755859375,485.3900146484375,488.0299987792969,476.25640869140625,72525000,0.0,0.0,0.0
2024-01-26,487.5899963378906,489.1199951171875,486.5400085449219,487.4100036621094,475.6513366699219,76641600,0.0,0.0,0.0
2024-01-29,487.7300109863281,491.4200134277344,487.1700134277344,491.2699890136719,479.4182434082031,61322800,0.0,0.0,0.0
2024-01-30,490.55999755859375,491.6199951171875,490.1099853515625,490.8900146484375,479.04742431640625,58618400,0.0,0.0,0.0
2024-01-31,488.6199951171875,489.0799865722656,482.8599853515625,482.8800048828125,471.2306823730469,126011100,0.0,0.0,0.0
2024-02-01,484.6300048828125,489.2300109863281,483.79998779296875,489.20001220703125,477.39825439453125,91891600,0.0,0.0,0.0
2024-02-02,489.6499938964844,496.04998779296875,489.29998779296875,494.3500061035156,482.4239501953125,99228200,0.0,0.0,0.0
2024-02-05,493.70001220703125,494.3800048828125,490.2300109863281,492.54998779296875,480.6673583984375,75757100,0.0,0.0,0.0
2024-02-06,493.5199890136719,494.32000732421875,492.04998779296875,493.9800109863281,482.0628662109375,55918600,0.0,0.0,0.0
2024-02-07,496.2900085449219,498.5299987792969,495.3599853515625,498.1000061035156,486.0834655761719,70556500,0.0,0.0,0.0
2024-02-08,498.1000061035156,498.7099914550781,497.260009765625,498.32000732421875,486.29815673828125,52343600,0.0,0.0,0.0
2024-02-09,498.8399963378906,501.6499938964844,498.489990234375,501.20001220703125,489.1087341308594,63979400,0.0,0.0,0.0
2024-02-12,501.1700134277344,503.5,500.239990234375,500.9800109863281,488.89398193359375,56502300,0.0,0.0,0.0
2024-02-13,494.5299987792969,497.0899963378906,490.7200012207031,494.0799865722656,482.160400390625,113099200,0.0,0.0,0.0
2024-02-14,496.7900085449219,499.07000732421875,494.3999938964844,498.57000732421875,486.54217529296875,68387800,0.0,0.0,0.0
2024-02-15,499.2900085449219,502.20001220703125,498.79998779296875,502.010009765625,489.899169921875,61683000,0.0,0.0,0.0
2024-02-16,501.70001220703125,502.8699951171875,498.75,499.510009765625,487.45947265625,75532900,0.0,0.0,0.0
2024-02-20,497.7200012207031,498.4100036621094,494.45001220703125,496.760009765625,484.77581787109375,71736700,0.0,0.0,0.0
2024-02-21,495.4200134277344,497.3699951171875,493.55999755859375,497.2099914550781,485.2149658203125,59293400,0.0,0.0,0.0
2024-02-22,504.010009765625,508.489990234375,503.0199890136719,507.5,495.2567443847656,76402500,0.0,0.0,0.0
2024-02-23,509.2699890136719,510.1300048828125,507.1000061035156,507.8500061035156,495.5982666015625,61321800,0.0,0.0,0.0
2024-02-26,508.29998779296875,508.75,505.8599853515625,505.989990234375,493.78314208984375,50386700,0.0,0.0,0.0
2024-02-27,506.70001220703125,507.1600036621094,504.75,506.92999267578125,494.700439453125,48854500,0.0,0.0,0.0
2024-02-28,505.3299865722656,506.8599853515625,504.9599914550781,506.260009765625,494.0466613769531,56506600,0.0,0.0,0.0
2024-02-29,508.07000732421875,509.739990234375,505.3500061035156,508.0799865722656,495.82269287109375,83924800,0.0,0.0,0.0
2024-03-01,508.9800109863281,513.2899780273438,508.55999755859375,512.8499755859375,500.47760009765625,76844800,0.0,0.0,0.0
2024-03-04,512.030029296875,514.2000122070312,512.0,512.2999877929688,499.9409484863281,49799300,0.0,0.0,0.0
2024-03-05,510.239990234375,510.70001220703125,504.9100036621094,507.17999267578125,494.9444274902344,72855600,0.0,0.0,0.0
2024-03-06,510.54998779296875,512.0700073242188,508.4200134277344,509.75,497.45245361328125,68382400,0.0,0.0,0.0
2024-03-07,513.1400146484375,515.8900146484375,509.80999755859375,514.8099975585938,502.3903503417969,58652100,0.0,0.0,0.0
2024-03-08,515.4600219726562,518.219970703125,511.1300048828125,511.7200012207031,499.3749084472656,86532500,0.0,0.0,0.0
2024-03-11,510.4800109863281,511.8800048828125,508.5,511.2799987792969,498.9455261230469,62557200,0.0,0.0,0.0
2024-03-12,513.4500122070312,517.3800048828125,510.8599853515625,516.780029296875,504.3128356933594,73114400,0.0,0.0,0.0
2024-03-13,517.1099853515625,517.2899780273438,514.489990234375,515.969970703125,503.5223388671875,55104100,0.0,0.0,0.0
2024-03-14,516.969970703125,517.1300048828125,511.82000732421875,514.9500122070312,502.5270080566406,110171800,0.0,0.0,0.0
2024-03-15,510.2099914550781,511.70001220703125,508.1199951171875,509.8299865722656,499.07635498046875,107646300,1.595,0.0,0.0
2024-03-18,514.0,515.47998046875,512.4400024414062,512.8599853515625,502.04241943359375,88893300,0.0,0.0,0.0
2024-03-19,512.1500244140625,516.0,511.1199951171875,515.7100219726562,504.8323059082031,60755300,0.0,0.0,0.0
2024-03-20,515.77001953125,520.6199951171875,515.0800170898438,520.47998046875,509.5016784667969,69594600,0.0,0.0,0.0
2024-03-21,523.3900146484375,524.1099853515625,521.9099731445312,522.2000122070312,511.1855163574219,60256100,0.0,0.0,0.0
2024-03-22,522.1099853515625,522.6099853515625,520.969970703125,521.2100219726562,510.21630859375,79070800,0.0,0.0,0.0
2024-03-25,519.7999877929688,520.9500122070312,519.6099853515625,519.77001953125,508.8066711425781,48512100,0.0,0.0,0.0
2024-03-26,521.22998046875,521.5800170898438,518.4000244140625,518.8099975585938,507.86688232421875,65463700,0.0,0.0,0.0
2024-03-27,521.7100219726562,523.2100219726562,519.489990234375,523.1699829101562,512.1349487304688,82999800,0.0,0.0,0.0
2024-03-28,523.2100219726562,524.6099853515625,522.780029296875,523.0700073242188,512.037109375,96294900,0.0,0.0,0.0
2024-04-01,523.8300170898438,524.3800048828125,520.969970703125,522.1599731445312,511.146240234375,62477500,0.0,0.0,0.0
2024-04-02,518.239990234375,518.97998046875,516.47998046875,518.8400268554688,507.8963623046875,74230300,0.0,0.0,0.0
2024-04-03,517.719970703125,520.9500122070312,517.6699829101562,519.4099731445312,508.4542541503906,59155800,0.0,0.0,0.0
2024-04-04,523.52001953125,523.8699951171875,512.760009765625,513.0700073242188,502.24798583984375,96858100,0.0,0.0,0.0
2024-04-05,514.4600219726562,520.4400024414062,514.010009765625,518.4299926757812,507.49493408203125,74546500,0.0,0.0,0.0
2024-04-08,519.1500244140625,520.1799926757812,517.8900146484375,518.719970703125,507.7788391113281,48401800,0.0,0.0,0.0
2024-04-09,520.5,520.75,514.3499755859375,519.3200073242188,508.3662109375,68049200,0.0,0.0,0.0
2024-04-10,513.47998046875,516.1599731445312,512.0900268554688,514.1199951171875,503.27581787109375,82652800,0.0,0.0,0.0
2024-04-11,515.6799926757812,519.47998046875,512.0800170898438,518.0,507.0740661621094,70099000,0.0,0.0,0.0
2024-04-12,514.3699951171875,515.8200073242188,509.0799865722656,510.8500061035156,500.0748596191406,92561100,0.0,0.0,0.0
2024-04-15,515.1300048828125,515.2999877929688,503.5799865722656,504.45001220703125,493.80987548828125,92101400,0.0,0.0,0.0
2024-04-16,504.94000244140625,506.5,502.2099914550781,503.5299987792969,492.9092102050781,73484000,0.0,0.0,0.0
2024-04-17,506.04998779296875,506.2200012207031,499.1199951171875,500.54998779296875,489.9920654296875,75910300,0.0,0.0,0.0
2024-04-18,501.9800109863281,504.1300048828125,498.55999755859375,499.5199890136719,488.9837951660156,74548100,0.0,0.0,0.0
2024-04-19,499.44000244140625,500.4599914550781,493.8599853515625,495.1600036621094,484.7158203125,102212600,0.0,0.0,0.0
2024-04-22,497.8299865722656,502.3800048828125,495.42999267578125,499.7200012207031,489.1795959472656,67961000,0.0,0.0,0.0
2024-04-23,501.7799987792969,506.0899963378906,499.5299987792969,505.6499938964844,494.9844665527344,64633600,0.0,0.0,0.0
2024-04-24,506.55999755859375,507.3699951171875,503.1300048828125,505.4100036621094,494.74957275390625,55928100,0.0,0.0,0.0
2024-04-25,499.17999267578125,504.2699890136719,497.489990234375,503.489990234375,492.87005615234375,69122400,0.0,0.0,0.0
2024-04-26,506.3500061035156,509.8800048828125,505.70001220703125,508.260009765625,497.53948974609375,64306100,0.0,0.0,0.0
2024-04-29,510.0899963378906,510.75,507.25,510.05999755859375,499.3014831542969,46415400,0.0,0.0,0.0
2024-04-30,508.55999755859375,509.55999755859375,501.9800109863281,501.9800109863281,491.3919372558594,77483600,0.0,0.0,0.0
2024-05-01,501.3800048828125,508.19000244140625,499.8699951171875,500.3500061035156,489.7962951660156,80242800,0.0,0.0,0.0
2024-05-02,504.1499938964844,505.8900146484375,499.54998779296875,505.0299987792969,494.3775634765625,62550200,0.0,0.0,0.0
2024-05-03,511.1600036621094,512.5499877929688,508.55999755859375,511.2900085449219,500.50555419921875,72756700,0.0,0.0,0.0
2024-05-06,513.75,516.6099853515625,513.2999877929688,516.5700073242188,505.6741943359375,47264700,0.0,0.0,0.0
2024-05-07,517.5599975585938,518.5700073242188,516.4500122070312,517.1400146484375,506.2322692871094,52561300,0.0,0.0,0.0
2024-05-08,515.260009765625,517.739990234375,515.1400146484375,517.1900024414062,506.2810363769531,42047200,0.0,0.0,0.0
2024-05-09,517.3800048828125,520.2100219726562,516.7100219726562,520.1699829101562,509.1982116699219,43643700,0.0,0.0,0.0
2024-05-10,521.8099975585938,522.6400146484375,519.5900268554688,520.8400268554688,509.85406494140625,52233200,0.0,0.0,0.0
2024-05-13,522.5599975585938,522.6699829101562,519.739990234375,520.9099731445312,509.92266845703125,36716400,0.0,0.0,0.0
2024-05-14,521.1099853515625,523.8300170898438,520.5599975585938,523.2999877929688,512.26220703125,57535900,0.0,0.0,0.0
2024-05-15,525.8300170898438,530.0800170898438,525.1799926757812,529.780029296875,518.6055908203125,59504900,0.0,0.0,0.0
2024-05-16,529.8800048828125,531.52001953125,528.5399780273438,528.6900024414062,517.5385131835938,50244800,0.0,0.0,0.0
2024-05-17,528.8099975585938,529.52001953125,527.3200073242188,529.4500122070312,518.282470703125,59187600,0.0,0.0,0.0
2024-05-20,529.5700073242188,531.5599975585938,529.1699829101562,530.0599975585938,518.879638671875,37764200,0.0,0.0,0.0
2024-05-21,529.280029296875,531.52001953125,529.0700073242188,531.3599853515625,520.1522827148438,33437000,0.0,0.0,0.0
2024-05-22,530.6500244140625,531.3800048828125,527.5999755859375,529.8300170898438,518.654541015625,48390000,0.0,0.0,0.0
2024-05-23,532.9600219726562,533.0700073242188,524.719970703125,525.9600219726562,514.8660888671875,57211200,0.0,0.0,0.0
2024-05-24,527.8499755859375,530.27001953125,526.8800048828125,529.4400024414062,518.2727661132812,41291100,0.0,0.0,0.0
2024-05-28,530.27001953125,530.510009765625,527.1099853515625,529.8099975585938,518.6349487304688,36269600,0.0,0.0,0.0
2024-05-29,525.6799926757812,527.3099975585938,525.3699951171875,526.0999755859375,515.0031127929688,45190300,0.0,0.0,0.0
2024-05-30,524.52001953125,525.2000122070312,521.3300170898438,522.6099853515625,511.5867614746094,46377600,0.0,0.0,0.0
2024-05-31,523.5900268554688,527.5,518.3599853515625,527.3699951171875,516.246337890625,90785800,0.0,0.0,0.0
2024-06-03,529.02001953125,529.3099975585938,522.5999755859375,527.7999877929688,516.6672973632812,46835700,0.0,0.0,0.0
2024-06-04,526.4600219726562,529.1500244140625,524.9600219726562,528.3900146484375,517.2448120117188,34632700,0.0,0.0,0.0
2024-06-05,530.77001953125,534.6900024414062,528.72998046875,534.6699829101562,523.3924560546875,47610400,0.0,0.0,0.0
2024-06-06,534.97998046875,535.4199829101562,532.6799926757812,534.6599731445312,523.382568359375,30808500,0.0,0.0,0.0
2024-06-07,533.6599731445312,536.8900146484375,532.5399780273438,534.010009765625,522.7462768554688,43224500,0.0,0.0,0.0
2024-06-10,533.1799926757812,535.989990234375,532.5700073242188,535.6599731445312,524.3614501953125,35686100,0.0,0.0,0.0
2024-06-11,534.0700073242188,537.010009765625,532.0499877929688,536.9500122070312,525.6243286132812,36383400,0.0,0.0,0.0
2024-06-12,541.6300048828125,544.1199951171875,540.2999877929688,541.3599853515625,529.9412841796875,63251300,0.0,0.0,0.0
2024-06-13,543.1500244140625,543.3300170898438,539.5900268554688,542.4500122070312,531.0082397460938,44760900,0.0,0.0,0.0
2024-06-14,540.8800048828125,542.8099975585938,539.8499755859375,542.780029296875,531.3313598632812,40089900,0.0,0.0,0.0
2024-06-17,542.0800170898438,548.530029296875,541.6099853515625,547.0999755859375,535.560302734375,55839500,0.0,0.0,0.0
2024-06-18,547.1599731445312,548.6199951171875,546.72998046875,548.489990234375,536.9208984375,41376400,0.0,0.0,0.0
2024-06-20,549.4400024414062,550.1199951171875,545.1799926757812,547.0,535.4622802734375,70328200,0.0,0.0,0.0
2024-06-21,544.4000244140625,545.6500244140625,543.02001953125,544.510009765625,534.7444458007812,64338600,1.759,0.0,0.0
2024-06-24,544.3300170898438,546.9500122070312,542.6199951171875,542.739990234375,533.0061645507812,45528700,0.0,0.0,0.0
2024-06-25,543.989990234375,545.2000122070312,542.4400024414062,544.8300170898438,535.0587158203125,37936200,0.0,0.0,0.0
2024-06-26,543.6900024414062,546.239990234375,543.030029296875,545.510009765625,535.7265014648438,38550600,0.0,0.0,0.0
2024-06-27,545.3699951171875,546.9600219726562,544.6099853515625,546.3699951171875,536.571044921875,35041500,0.0,0.0,0.0
2024-06-28,547.1599731445312,550.280029296875,542.9500122070312,544.219970703125,534.4595947265625,76144500,0.0,0.0,0.0
2024-07-01,545.6300048828125,545.8800048828125,542.52001953125,545.3400268554688,535.5595703125,40297800,0.0,0.0,0.0
2024-07-02,543.7000122070312,549.010009765625,543.6500244140625,549.010009765625,539.1637573242188,40434800,0.0,0.0,0.0
2024-07-03,548.6900024414062,551.8300170898438,548.6500244140625,551.4600219726562,541.5698852539062,32789900,0.0,0.0,0.0
2024-07-05,551.77001953125,555.0499877929688,551.1199951171875,554.6400146484375,544.6928100585938,41488400,0.0,0.0,0.0
2024-07-08,555.4400024414062,556.25,554.1900024414062,555.280029296875,545.3212890625,36110500,0.0,0.0,0.0
2024-07-09,556.260009765625,557.1799926757812,555.52001953125,555.8200073242188,545.8516235351562,27289700,0.0,0.0,0.0
2024-07-10,557.0700073242188,561.6699829101562,556.77001953125,561.3200073242188,551.2529296875,38701200,0.0,0.0,0.0
2024-07-11,561.4400024414062,562.3300170898438,555.8300170898438,556.47998046875,546.499755859375,53054200,0.0,0.0,0.0
2024-07-12,557.6300048828125,563.6699829101562,557.1500244140625,559.989990234375,549.9468383789062,53084400,0.0,0.0,0.0
2024-07-15,562.030029296875,564.8400268554688,559.6300048828125,561.530029296875,551.4591674804688,40584300,0.0,0.0,0.0
2024-07-16,562.8699951171875,565.1599731445312,562.0999755859375,564.8599853515625,554.7294311523438,36475300,0.0,0.0,0.0
2024-07-17,558.7999877929688,560.510009765625,556.6099853515625,556.9400024414062,546.9514770507812,57119000,0.0,0.0,0.0
2024-07-18,558.510009765625,559.52001953125,550.4299926757812,552.6599731445312,542.7482299804688,56270400,0.0,0.0,0.0
2024-07-19,552.4199829101562,554.0800170898438,547.9099731445312,548.989990234375,539.14404296875,65509100,0.0,0.0,0.0
2024-07-22,553.0,555.27001953125,551.02001953125,554.6500244140625,544.7025756835938,43346700,0.0,0.0,0.0
2024-07-23,554.5399780273438,556.739990234375,553.280029296875,553.780029296875,543.8482055664062,34439600,0.0,0.0,0.0
2024-07-24,548.8599853515625,549.1699829101562,540.2899780273438,541.22998046875,531.5232543945312,74515300,0.0,0.0,0.0
2024-07-25,541.3499755859375,547.4600219726562,537.4500122070312,538.4099731445312,528.7537841796875,61158300,0.0,0.0,0.0
2024-07-26,542.280029296875,547.1900024414062,541.489990234375,544.4400024414062,534.6757202148438,53763800,0.0,0.0,0.0
2024-07-29,546.02001953125,547.0499877929688,542.719970703125,544.760009765625,534.9899291992188,39515800,0.0,0.0,0.0
2024-07-30,546.260009765625,547.3400268554688,538.52001953125,542.0,532.2794799804688,46853600,0.0,0.0,0.0
2024-07-31,548.97998046875,553.5,547.5800170898438,550.8099975585938,540.9314575195312,65663400,0.0,0.0,0.0
2024-08-01,552.5700073242188,554.8699951171875,539.4299926757812,543.010009765625,533.2713623046875,76428700,0.0,0.0,0.0
2024-08-02,535.75,536.989990234375,528.5999755859375,532.9000244140625,523.3426513671875,82789100,0.0,0.0,0.0
2024-08-05,511.6400146484375,523.5800170898438,510.2699890136719,517.3800048828125,508.1010437011719,146267400,0.0,0.0,0.0
2024-08-06,519.219970703125,529.75,517.8699951171875,522.1500244140625,512.7854614257812,84826300,0.0,0.0,0.0
2024-08-07,528.469970703125,531.5900268554688,518.0499877929688,518.6599731445312,509.35809326171875,70698300,0.0,0.0,0.0
2024-08-08,523.9099731445312,531.2899780273438,521.8400268554688,530.6500244140625,521.133056640625,63276600,0.0,0.0,0.0
2024-08-09,529.8099975585938,534.510009765625,528.5599975585938,532.989990234375,523.4310302734375,45619600,0.0,0.0,0.0
2024-08-12,534.2100219726562,535.72998046875,530.9500122070312,533.27001953125,523.7059936523438,42542100,0.0,0.0,0.0
2024-08-13,536.530029296875,542.280029296875,536.280029296875,542.0399780273438,532.3187255859375,52333100,0.0,0.0,0.0
2024-08-14,542.8499755859375,544.9600219726562,540.1199951171875,543.75,533.998046875,42446900,0.0,0.0,0.0
2024-08-15,549.5,553.3599853515625,548.8800048828125,553.0700073242188,543.1509399414062,60846800,0.0,0.0,0.0
2024-08-16,551.4199829101562,555.02001953125,551.260009765625,554.3099975585938,544.3687133789062,44430700,0.0,0.0,0.0
2024-08-19,554.72998046875,559.6099853515625,553.8599853515625,559.6099853515625,549.5736694335938,39121800,0.0,0.0,0.0
2024-08-20,559.1500244140625,560.8400268554688,557.3300170898438,558.7000122070312,548.679931640625,33732300,0.0,0.0,0.0
2024-08-21,559.77001953125,562.1099853515625,554.72998046875,560.6199951171875,550.5655517578125,41514600,0.0,0.0,0.0
2024-08-22,562.5599975585938,563.1799926757812,554.97998046875,556.219970703125,546.244384765625,56121500,0.0,0.0,0.0
2024-08-23,559.530029296875,563.0900268554688,557.2899780273438,562.1300048828125,552.0484619140625,50639400,0.0,0.0,0.0
2024-08-26,563.1799926757812,563.9099731445312,559.0499877929688,560.7899780273438,550.7324829101562,35788600,0.0,0.0,0.0
2024-08-27,559.489990234375,562.0599975585938,558.3200073242188,561.5599975585938,551.4887084960938,32693900,0.0,0.0,0.0
2024-08-28,561.2100219726562,561.6500244140625,555.0399780273438,558.2999877929688,548.287109375,41066000,0.0,0.0,0.0
2024-08-29,560.3099975585938,563.6799926757812,557.1799926757812,558.3499755859375,548.336181640625,38715200,0.0,0.0,0.0
2024-08-30,560.77001953125,564.2000122070312,557.1400146484375,563.6799926757812,553.5706787109375,62700100,0.0,0.0,0.0
2024-09-03,560.469970703125,560.8099975585938,549.510009765625,552.0800170898438,542.1787719726562,60600100,0.0,0.0,0.0
2024-09-04,550.2000122070312,554.4299926757812,549.4600219726562,550.9500122070312,541.0689697265625,47224900,0.0,0.0,0.0
2024-09-05,550.8900146484375,553.7999877929688,547.0999755859375,549.6099853515625,539.7529296875,44264300,0.0,0.0,0.0
2024-09-06,549.9400024414062,551.5999755859375,539.4400024414062,540.3599853515625,530.6688842773438,68493800,0.0,0.0,0.0
2024-09-09,544.6500244140625,547.7100219726562,542.6799926757812,546.4099731445312,536.6103515625,40445800,0.0,0.0,0.0
2024-09-10,548.3599853515625,549.1500244140625,543.3800048828125,548.7899780273438,538.9476928710938,36394600,0.0,0.0,0.0
2024-09-11,548.7000122070312,555.3599853515625,539.9600219726562,554.4199829101562,544.4767456054688,75248600,0.0,0.0,0.0
2024-09-12,555.010009765625,559.4000244140625,552.739990234375,559.0900268554688,549.06298828125,51819600,0.0,0.0,0.0
2024-09-13,559.7100219726562,563.030029296875,559.4500122070312,562.010009765625,551.9306030273438,39310500,0.0,0.0,0.0
2024-09-16,561.739990234375,563.1099853515625,559.9000244140625,562.8400268554688,552.7457275390625,36656100,0.0,0.0,0.0
2024-09-17,565.0999755859375,566.5800170898438,560.7899780273438,563.0700073242188,552.9715576171875,49321000,0.0,0.0,0.0
2024-09-18,563.739990234375,568.6900024414062,560.8300170898438,561.4000244140625,551.33154296875,59044900,0.0,0.0,0.0
2024-09-19,571.010009765625,572.8800048828125,568.0800170898438,570.97998046875,560.7396240234375,75315500,0.0,0.0,0.0
2024-09-20,567.8400268554688,569.3099975585938,565.1699829101562,568.25,559.7703857421875,77503100,1.746,0.0,0.0
2024-09-23,569.3400268554688,570.3300170898438,568.0999755859375,569.6699829101562,561.169189453125,44116900,0.0,0.0,0.0
2024-09-24,570.47998046875,571.3599853515625,567.5999755859375,571.2999877929688,562.77490234375,46805700,0.0,0.0,0.0
2024-09-25,571.1400146484375,571.8900146484375,568.9099731445312,570.0399780273438,561.5336303710938,38428600,0.0,0.0,0.0
2024-09-26,574.3800048828125,574.7100219726562,569.9000244140625,572.2999877929688,563.760009765625,48336000,0.0,0.0,0.0
2024-09-27,573.3900146484375,574.219970703125,570.4199829101562,571.469970703125,562.9423217773438,42100900,0.0,0.0,0.0
2024-09-30,570.4199829101562,574.3800048828125,568.0800170898438,573.760009765625,565.1981811523438,63557400,0.0,0.0,0.0
2024-10-01,573.4000244140625,574.0599975585938,566.0,568.6199951171875,560.1348876953125,72668800,0.0,0.0,0.0
2024-10-02,567.7100219726562,569.9000244140625,565.27001953125,568.8599853515625,560.3712158203125,38097800,0.0,0.0,0.0
2024-10-03,567.3599853515625,569.7999877929688,565.489990234375,567.8200073242188,559.3468017578125,40846500,0.0,0.0,0.0
2024-10-04,572.3499755859375,573.3599853515625,568.0999755859375,572.97998046875,564.4297485351562,42939100,0.0,0.0,0.0
2024-10-07,571.2999877929688,571.9600219726562,566.6300048828125,567.7999877929688,559.3270874023438,49964700,0.0,0.0,0.0
2024-10-08,570.4199829101562,573.780029296875,569.530029296875,573.1699829101562,564.616943359375,37398700,0.0,0.0,0.0
2024-10-09,573.1599731445312,577.7100219726562,572.5499877929688,577.1400146484375,568.52783203125,37912200,0.0,0.0,0.0
2024-10-10,575.77001953125,577.5800170898438,574.489990234375,576.1300048828125,567.5328369140625,44138100,0.0,0.0,0.0
2024-10-11,576.0499877929688,580.3300170898438,575.9099731445312,579.5800170898438,570.9312744140625,42268000,0.0,0.0,0.0
2024-10-14,581.219970703125,585.27001953125,580.72998046875,584.3200073242188,575.6007080078125,36217200,0.0,0.0,0.0
2024-10-15,584.5900268554688,584.9000244140625,578.5399780273438,579.780029296875,571.1283569335938,54203600,0.0,0.0,0.0
2024-10-16,579.780029296875,582.8300170898438,578.9600219726562,582.2999877929688,573.6107177734375,30725400,0.0,0.0,0.0
2024-10-17,585.9099731445312,586.1199951171875,582.1599731445312,582.3499755859375,573.6599731445312,34393700,0.0,0.0,0.0
2024-10-18,584.0700073242188,585.3900146484375,582.5800170898438,584.5900268554688,575.8665771484375,37416800,0.0,0.0,0.0
2024-10-21,583.8499755859375,584.8499755859375,580.5999755859375,583.6300048828125,574.9208984375,36439000,0.0,0.0,0.0
2024-10-22,581.0499877929688,584.5,580.3800048828125,583.3200073242188,574.6155395507812,34183800,0.0,0.0,0.0
2024-10-23,581.260009765625,581.7100219726562,574.4199829101562,577.989990234375,569.3650512695312,49314600,0.0,0.0,0.0
2024-10-24,579.97998046875,580.0599975585938,576.5700073242188,579.239990234375,570.5964965820312,34979900,0.0,0.0,0.0
2024-10-25,581.510009765625,584.4600219726562,578.0800170898438,579.0399780273438,570.3992919921875,47268200,0.0,0.0,0.0
2024-10-28,582.5800170898438,582.7100219726562,580.52001953125,580.8300170898438,572.1627197265625,30174700,0.0,0.0,0.0
2024-10-29,579.8499755859375,582.9099731445312,578.4299926757812,581.77001953125,573.0886840820312,42899700,0.0,0.0,0.0
2024-10-30,581.2899780273438,583.3200073242188,579.2899780273438,580.010009765625,571.35498046875,41435800,0.0,0.0,0.0
2024-10-31,575.5599975585938,575.6300048828125,568.4400024414062,568.6400146484375,560.1546020507812,60182500,0.0,0.0,0.0
2024-11-01,571.3200073242188,575.5499877929688,570.6199951171875,571.0399780273438,562.5187377929688,45667500,0.0,0.0,0.0
2024-11-04,571.1799926757812,572.5,567.8900146484375,569.8099975585938,561.3071899414062,38217000,0.0,0.0,0.0
2024-11-05,570.739990234375,576.739990234375,570.52001953125,576.7000122070312,568.0943603515625,39478300,0.0,0.0,0.0
2024-11-06,589.2000122070312,591.9299926757812,585.3900146484375,591.0399780273438,582.2202758789062,68182000,0.0,0.0,0.0
2024-11-07,593.0800170898438,596.6500244140625,593.0,595.6099853515625,586.7220458984375,47233200,0.0,0.0,0.0
2024-11-08,596.1699829101562,599.6400146484375,596.1699829101562,598.1900024414062,589.2636108398438,46444900,0.0,0.0,0.0
2024-11-11,599.8099975585938,600.1699829101562,597.0,598.760009765625,589.8251342773438,37586800,0.0,0.0,0.0
2024-11-12,598.6799926757812,599.2899780273438,594.3699951171875,596.9000244140625,587.992919921875,43006100,0.0,0.0,0.0
2024-11-13,597.3699951171875,599.22998046875,594.9600219726562,597.1900024414062,588.2786254882812,47388600,0.0,0.0,0.0
2024-11-14,597.3200073242188,597.8099975585938,592.6500244140625,593.3499755859375,584.4957885742188,38904100,0.0,0.0,0.0
2024-11-15,589.719970703125,590.2000122070312,583.8599853515625,585.75,577.00927734375,75988800,0.0,0.0,0.0
2024-11-18,586.219970703125,589.489990234375,585.3400268554688,588.1500244140625,579.3734741210938,37001700,0.0,0.0,0.0
2024-11-19,584.7100219726562,591.0399780273438,584.030029296875,590.2999877929688,581.4913940429688,49412000,0.0,0.0,0.0
2024-11-20,590.3800048828125,590.7899780273438,584.6300048828125,590.5,581.6884155273438,50032600,0.0,0.0,0.0
2024-11-21,593.4000244140625,595.1199951171875,587.4500122070312,593.6699829101562,584.81103515625,46750300,0.0,0.0,0.0
2024-11-22,593.6599731445312,596.1500244140625,593.1500244140625,595.510009765625,586.6236572265625,38226400,0.0,0.0,0.0
2024-11-25,599.52001953125,600.8599853515625,595.2000122070312,597.530029296875,588.6134643554688,42441400,0.0,0.0,0.0
2024-11-26,598.7999877929688,601.3300170898438,598.0700073242188,600.6500244140625,591.6869506835938,45621300,0.0,0.0,0.0
2024-11-27,600.4600219726562,600.8499755859375,597.280029296875,598.8300170898438,589.89404296875,34000200,0.0,0.0,0.0
2024-11-29,599.6599731445312,603.3499755859375,599.3800048828125,602.5499877929688,593.5585327148438,30177400,0.0,0.0,0.0
2024-12-02,602.969970703125,604.3200073242188,602.469970703125,603.6300048828125,594.6224975585938,31746000,0.0,0.0,0.0
2024-12-03,603.3900146484375,604.1599731445312,602.3400268554688,603.9099731445312,594.8982543945312,26906600,0.0,0.0,0.0
2024-12-04,605.6300048828125,607.9099731445312,604.9500122070312,607.6599731445312,598.59228515625,42787600,0.0,0.0,0.0
2024-12-05,607.6599731445312,608.47998046875,606.2999877929688,606.6599731445312,597.6072387695312,28762200,0.0,0.0,0.0
2024-12-06,607.4400024414062,609.0700073242188,607.02001953125,607.8099975585938,598.7401733398438,31241500,0.0,0.0,0.0
2024-12-09,607.6900024414062,607.8599853515625,604.0800170898438,604.6799926757812,595.65673828125,34742700,0.0,0.0,0.0
2024-12-10,605.3699951171875,605.7999877929688,602.1300048828125,602.7999877929688,593.8048095703125,37234500,0.0,0.0,0.0
2024-12-11,605.780029296875,608.4299926757812,605.5,607.4600219726562,598.3953247070312,28677700,0.0,0.0,0.0
2024-12-12,606.5800170898438,607.1599731445312,604.3300170898438,604.3300170898438,595.31201171875,31543800,0.0,0.0,0.0
2024-12-13,606.4000244140625,607.1300048828125,602.8099975585938,604.2100219726562,595.19384765625,35904700,0.0,0.0,0.0
2024-12-16,606.0,607.780029296875,605.2100219726562,606.7899780273438,597.7352905273438,43695200,0.0,0.0,0.0
2024-12-17,604.1900024414062,605.1699829101562,602.8900146484375,604.2899780273438,595.2725830078125,55773500,0.0,0.0,0.0
2024-12-18,603.97998046875,606.4099731445312,585.8900146484375,586.280029296875,577.5314331054688,108248700,0.0,0.0,0.0
2024-12-19,591.3599853515625,593.0,585.8499755859375,586.0999755859375,577.3539428710938,85919500,0.0,0.0,0.0
2024-12-20,581.77001953125,595.75,580.9099731445312,591.1500244140625,584.2886352539062,125716700,1.966,0.0,0.0
2024-12-23,590.8900146484375,595.2999877929688,587.6599731445312,594.6900024414062,587.7875366210938,57635800,0.0,0.0,0.0
2024-12-24,596.0599975585938,601.3400268554688,595.469970703125,601.2999877929688,594.32080078125,33160100,0.0,0.0,0.0
2024-12-26,599.5,602.47998046875,598.0800170898438,601.3400268554688,594.3604125976562,41219100,0.0,0.0,0.0
2024-12-27,597.5399780273438,597.780029296875,590.760009765625,595.010009765625,588.1038208007812,64969300,0.0,0.0,0.0
2024-12-30,587.8900146484375,591.739990234375,584.4099731445312,588.219970703125,581.3926391601562,56578800,0.0,0.0,0.0
2024-12-31,589.9099731445312,590.6400146484375,584.4199829101562,586.0800170898438,579.2774047851562,57052700,0.0,0.0,0.0
2025-01-02,589.3900146484375,591.1300048828125,580.5,584.6400146484375,577.8541870117188,50204000,0.0,0.0,0.0
2025-01-03,587.530029296875,592.5999755859375,586.4299926757812,591.9500122070312,585.079345703125,37888500,0.0,0.0,0.0
2025-01-06,596.27001953125,599.7000122070312,593.5999755859375,595.3599853515625,588.44970703125,47679400,0.0,0.0,0.0
2025-01-07,597.4199829101562,597.75,586.780029296875,588.6300048828125,581.7977905273438,60393100,0.0,0.0,0.0
2025-01-08,588.7000122070312,590.5800170898438,585.2000122070312,589.489990234375,582.6478271484375,47304700,0.0,0.0,0.0
2025-01-10,585.8800048828125,585.9500122070312,578.5499877929688,580.489990234375,573.7523193359375,73105000,0.0,0.0,0.0
2025-01-13,575.77001953125,581.75,575.3499755859375,581.3900146484375,574.6419067382812,47910100,0.0,0.0,0.0
2025-01-14,584.3599853515625,585.0,578.3499755859375,582.1900024414062,575.4326171875,48420600,0.0,0.0,0.0
2025-01-15,590.3300170898438,593.9400024414062,589.2000122070312,592.780029296875,585.8997192382812,56900200,0.0,0.0,0.0
2025-01-16,594.1699829101562,594.3499755859375,590.9299926757812,591.6400146484375,584.7728881835938,43319700,0.0,0.0,0.0
2025-01-17,596.9600219726562,599.3599853515625,595.6099853515625,597.5800170898438,590.6439819335938,58070600,0.0,0.0,0.0
2025-01-21,600.6699829101562,603.0599975585938,598.6699829101562,603.0499877929688,596.0504760742188,42532900,0.0,0.0,0.0
2025-01-22,605.9199829101562,607.8200073242188,605.3599853515625,606.4400024414062,599.4011840820312,48196000,0.0,0.0,0.0
2025-01-23,605.7999877929688,609.75,605.52001953125,609.75,602.6727905273438,41152100,0.0,0.0,0.0
2025-01-24,609.8099975585938,610.780029296875,606.7999877929688,607.969970703125,600.913330078125,34604700,0.0,0.0,0.0
2025-01-27,594.8099975585938,599.6900024414062,594.6400146484375,599.3699951171875,592.4131469726562,70361100,0.0,0.0,0.0
2025-01-28,600.6199951171875,605.3699951171875,597.25,604.52001953125,597.5034790039062,44433300,0.0,0.0,0.0
2025-01-29,603.719970703125,604.1300048828125,599.219970703125,601.8099975585938,594.8248901367188,37177400,0.0,0.0,0.0
2025-01-30,603.9600219726562,606.5999755859375,600.719970703125,605.0399780273438,598.017333984375,39281300,0.0,0.0,0.0
2025-01-31,607.5,609.9600219726562,601.0499877929688,601.8200073242188,594.8347778320312,66566900,0.0,0.0,0.0
2025-02-03,592.6699829101562,600.2899780273438,590.489990234375,597.77001953125,590.831787109375,65857200,0.0,0.0,0.0
2025-02-04,597.8300170898438,602.2999877929688,597.280029296875,601.780029296875,594.7952880859375,33457800,0.0,0.0,0.0
2025-02-05,600.6400146484375,604.3699951171875,598.5800170898438,604.219970703125,597.2068481445312,30653100,0.0,0.0,0.0
2025-02-06,605.989990234375,606.4500122070312,602.6300048828125,606.3200073242188,599.2825927734375,35771500,0.0,0.0,0.0
2025-02-07,606.8900146484375,608.1300048828125,600.0499877929688,600.77001953125,593.7969360351562,50788500,0.0,0.0,0.0
2025-02-10,604.030029296875,605.5,602.739990234375,604.8499755859375,597.82958984375,26048700,0.0,0.0,0.0
2025-02-11,602.5499877929688,605.8599853515625,602.4299926757812,605.3099975585938,598.2842407226562,30056700,0.0,0.0,0.0
2025-02-12,599.2000122070312,604.5499877929688,598.510009765625,603.3599853515625,596.3568725585938,45076100,0.0,0.0,0.0
2025-02-13,604.47998046875,609.9400024414062,603.2000122070312,609.72998046875,602.6530151367188,40921300,0.0,0.0,0.0
2025-02-14,609.9400024414062,610.989990234375,609.0700073242188,609.7000122070312,602.623291015625,26910400,0.0,0.0,0.0
2025-02-18,610.8800048828125,611.489990234375,608.3800048828125,611.489990234375,604.3924560546875,26749000,0.0,0.0,0.0
2025-02-19,610.0800170898438,613.22998046875,609.5599975585938,612.9299926757812,605.8158569335938,31011100,0.0,0.0,0.0
2025-02-20,611.5399780273438,611.6799926757812,607.02001953125,610.3800048828125,603.2954711914062,36554000,0.0,0.0,0.0
2025-02-21,610.1599731445312,610.2999877929688,599.469970703125,599.9400024414062,592.9765625,76519800,0.0,0.0,0.0
2025-02-24,602.02001953125,603.030029296875,596.489990234375,597.2100219726562,590.2783203125,50737200,0.0,0.0,0.0
2025-02-25,597.1500244140625,597.8900146484375,589.5599975585938,594.239990234375,587.3427734375,58266500,0.0,0.0,0.0
2025-02-26,595.9299926757812,599.5800170898438,591.8599853515625,594.5399780273438,587.6392822265625,43321600,0.0,0.0,0.0
2025-02-27,596.8499755859375,598.02001953125,584.6500244140625,585.0499877929688,578.2593994140625,74196700,0.0,0.0,0.0
2025-02-28,585.5599975585938,594.719970703125,582.4400024414062,594.1799926757812,587.283447265625,88744100,0.0,0.0,0.0
2025-03-03,596.1799926757812,597.3400268554688,579.9000244140625,583.77001953125,576.9942626953125,74249200,0.0,0.0,0.0
2025-03-04,579.7100219726562,585.3900146484375,572.25,576.8599853515625,570.1644287109375,109648200,0.0,0.0,0.0
2025-03-05,576.6900024414062,584.8800048828125,573.0800170898438,583.0599975585938,576.29248046875,71230500,0.0,0.0,0.0
2025-03-06,575.47998046875,580.1699829101562,570.1199951171875,572.7100219726562,566.0626220703125,80094900,0.0,0.0,0.0
2025-03-07,570.9000244140625,577.3900146484375,565.6300048828125,575.9199829101562,569.2353515625,81158800,0.0,0.0,0.0
2025-03-10,567.5900268554688,569.5399780273438,555.5900268554688,560.5800170898438,554.073486328125,99326600,0.0,0.0,0.0
2025-03-11,559.4000244140625,564.02001953125,552.02001953125,555.9199829101562,549.4674682617188,88102100,0.0,0.0,0.0
2025-03-12,562.1699829101562,563.1099853515625,553.6900024414062,558.8699951171875,552.3832397460938,69588200,0.0,0.0,0.0
2025-03-13,558.489990234375,559.1099853515625,549.6799926757812,551.4199829101562,545.019775390625,74079400,0.0,0.0,0.0
2025-03-14,556.1099853515625,563.8300170898438,551.489990234375,562.8099975585938,556.277587890625,62660300,0.0,0.0,0.0
2025-03-17,562.7899780273438,569.7100219726562,562.3499755859375,567.1500244140625,560.567138671875,49008700,0.0,0.0,0.0
2025-03-18,564.7999877929688,565.02001953125,559.0599975585938,561.02001953125,554.5083618164062,66041400,0.0,0.0,0.0
2025-03-19,562.8300170898438,570.9500122070312,561.6300048828125,567.1300048828125,560.54736328125,66556000,0.0,0.0,0.0
2025-03-20,563.3300170898438,570.5700073242188,562.5999755859375,565.489990234375,558.9264526367188,62958200,0.0,0.0,0.0
2025-03-21,559.280029296875,564.8900146484375,558.030029296875,563.97998046875,559.11083984375,83763000,1.696,0.0,0.0
2025-03-24,570.7999877929688,575.1500244140625,570.2000122070312,574.0800170898438,569.1236572265625,58766800,0.0,0.0,0.0
2025-03-25,575.2999877929688,576.4099731445312,573.6900024414062,575.4600219726562,570.4917602539062,38355700,0.0,0.0,0.0
2025-03-26,575.1900024414062,576.3300170898438,567.1900024414062,568.5900268554688,563.6810302734375,51848300,0.0,0.0,0.0
2025-03-27,567.1799926757812,570.9000244140625,564.9400024414062,567.0800170898438,562.18408203125,42164200,0.0,0.0,0.0
2025-03-28,565.530029296875,566.27001953125,555.0700073242188,555.6599731445312,550.8626708984375,71662700,0.0,0.0,0.0
2025-03-31,549.8300170898438,560.7100219726562,546.8699951171875,559.3900146484375,554.5604858398438,95328200,0.0,0.0,0.0
2025-04-01,557.4500122070312,562.9400024414062,553.6799926757812,560.969970703125,556.1267700195312,54609600,0.0,0.0,0.0
2025-04-02,555.0499877929688,567.4199829101562,554.8099975585938,564.52001953125,559.6461791992188,76014500,0.0,0.0,0.0
2025-04-03,545.1099853515625,547.969970703125,536.7000122070312,536.7000122070312,532.06640625,125986000,0.0,0.0,0.0
2025-04-04,523.6699829101562,525.8699951171875,505.05999755859375,505.2799987792969,500.9176330566406,217965100,0.0,0.0,0.0
2025-04-07,489.19000244140625,523.1699829101562,481.79998779296875,504.3800048828125,500.025390625,256611400,0.0,0.0,0.0
2025-04-08,521.8599853515625,524.97998046875,489.1600036621094,496.4800109863281,492.1936340332031,165816600,0.0,0.0,0.0
2025-04-09,493.44000244140625,548.6199951171875,493.04998779296875,548.6199951171875,543.8834838867188,241867300,0.0,0.0,0.0
2025-04-10,532.1699829101562,533.5,509.32000732421875,524.5800170898438,520.0510864257812,162331200,0.0,0.0,0.0
2025-04-11,523.010009765625,536.4299926757812,520.0700073242188,533.9400024414062,529.3302001953125,97866300,0.0,0.0,0.0
2025-04-14,544.0499877929688,544.280029296875,533.8599853515625,539.1199951171875,534.4654541015625,68034000,0.0,0.0,0.0
2025-04-15,539.6699829101562,543.22998046875,536.8099975585938,537.6099853515625,532.9684448242188,56892900,0.0,0.0,0.0
2025-04-16,531.6799926757812,537.8900146484375,520.2899780273438,525.6599731445312,521.1217041015625,83484800,0.0,0.0,0.0
2025-04-17,527.6400146484375,531.1699829101562,523.9099731445312,526.4099731445312,521.8651733398438,79868100,0.0,0.0,0.0
2025-04-21,521.1599731445312,521.7000122070312,508.4599914550781,513.8800048828125,509.443359375,69368100,0.0,0.0,0.0
2025-04-22,520.1400146484375,529.2999877929688,519.1900024414062,527.25,522.697998046875,75948100,0.0,0.0,0.0
2025-04-23,540.4299926757812,545.4299926757812,533.8800048828125,535.4199829101562,530.79736328125,90590700,0.0,0.0,0.0
2025-04-24,536.719970703125,547.4299926757812,535.4500122070312,546.6900024414062,541.9701538085938,64150400,0.0,0.0,0.0
2025-04-25,546.6500244140625,551.0499877929688,543.6900024414062,550.6400146484375,545.885986328125,61119600,0.0,0.0,0.0
2025-04-28,551.3900146484375,553.5499877929688,545.02001953125,550.8499755859375,546.0941772460938,47613800,0.0,0.0,0.0
2025-04-29,548.9099731445312,555.4500122070312,548.5499877929688,554.3200073242188,549.5341796875,47775100,0.0,0.0,0.0
2025-04-30,547.5700073242188,556.52001953125,541.52001953125,554.5399780273438,549.7523803710938,93101500,0.0,0.0,0.0
2025-05-01,560.3699951171875,564.0700073242188,557.8599853515625,558.469970703125,553.6483764648438,63186100,0.0,0.0,0.0
2025-05-02,564.72998046875,568.3800048828125,562.3800048828125,566.760009765625,561.8668212890625,60717300,0.0,0.0,0.0
2025-05-05,562.5700073242188,566.6500244140625,561.7000122070312,563.510009765625,558.6448974609375,38659200,0.0,0.0,0.0
2025-05-06,557.9299926757812,563.3499755859375,556.9600219726562,558.7999877929688,553.9755249023438,48264700,0.0,0.0,0.0
2025-05-07,560.1500244140625,563.8200073242188,556.0399780273438,561.1500244140625,556.3052978515625,55588000,0.0,0.0,0.0
2025-05-08,565.239990234375,570.3099975585938,561.7000122070312,565.0599975585938,560.1815185546875,65130800,0.0,0.0,0.0
2025-05-09,566.47998046875,567.5,562.760009765625,564.3400268554688,559.4677734375,37603400,0.0,0.0,0.0
2025-05-12,581.469970703125,583.0,577.0399780273438,582.989990234375,577.9567260742188,78993600,0.0,0.0,0.0
2025-05-13,583.4099731445312,589.0800170898438,582.8400268554688,586.8400268554688,581.7734985351562,67947200,0.0,0.0,0.0
2025-05-14,587.8099975585938,588.97998046875,585.5399780273438,587.5900268554688,582.5170288085938,66283500,0.0,0.0,0.0
2025-05-15,585.5599975585938,590.969970703125,585.0999755859375,590.4600219726562,585.3622436523438,71268100,0.0,0.0,0.0
2025-05-16,591.25,594.5,589.280029296875,594.2000122070312,589.0699462890625,76052100,0.0,0.0,0.0
2025-05-19,588.0999755859375,595.5399780273438,588.0999755859375,594.8499755859375,589.7142944335938,68168500,0.0,0.0,0.0
2025-05-20,593.0900268554688,594.0499877929688,589.5999755859375,592.8499755859375,587.7315673828125,60614500,0.0,0.0,0.0
2025-05-21,588.4400024414062,592.5800170898438,581.8200073242188,582.8599853515625,577.827880859375,95197700,0.0,0.0,0.0
2025-05-22,582.6599731445312,586.6199951171875,581.4099731445312,583.0900268554688,578.0558471679688,70860400,0.0,0.0,0.0
2025-05-23,575.97998046875,581.8099975585938,575.5999755859375,579.1099853515625,574.1102294921875,76029000,0.0,0.0,0.0
2025-05-27,586.0700073242188,591.3099975585938,578.4299926757812,591.1500244140625,586.0463256835938,72588500,0.0,0.0,0.0
2025-05-28,591.5599975585938,592.77001953125,586.989990234375,587.72998046875,582.65576171875,68445500,0.0,0.0,0.0
2025-05-29,593.0599975585938,593.2000122070312,586.0700073242188,590.0499877929688,584.9557495117188,69973300,0.0,0.0,0.0
2025-05-30,588.9299926757812,591.1300048828125,583.239990234375,589.3900146484375,584.3014526367188,90601200,0.0,0.0,0.0
2025-06-02,587.760009765625,592.7899780273438,585.0599975585938,592.7100219726562,587.5928344726562,61630500,0.0,0.0,0.0
2025-06-03,592.3400268554688,597.0800170898438,591.8499755859375,596.0900268554688,590.9436645507812,63606200,0.0,0.0,0.0
2025-06-04,596.9600219726562,597.9500122070312,595.489990234375,595.9299926757812,590.7849731445312,57314200,0.0,0.0,0.0
2025-06-05,597.6300048828125,599.0,591.0499877929688,593.0499877929688,587.9298095703125,92278700,0.0,0.0,0.0
2025-06-06,598.6599731445312,600.8300170898438,596.8599853515625,599.1400146484375,593.96728515625,66588700,0.0,0.0,0.0
2025-06-09,599.719970703125,601.25,598.489990234375,599.6799926757812,594.5026245117188,53016400,0.0,0.0,0.0
2025-06-10,600.219970703125,603.469970703125,599.0900268554688,603.0800170898438,597.873291015625,66247000,0.0,0.0,0.0
2025-06-11,604.1900024414062,605.0599975585938,599.27001953125,601.3599853515625,596.1681518554688,73658200,0.0,0.0,0.0
2025-06-12,600.010009765625,603.75,599.52001953125,603.75,598.5374755859375,64129000,0.0,0.0,0.0
2025-06-13,598.5,601.8499755859375,595.47998046875,597.0,591.8457641601562,89506000,0.0,0.0,0.0
2025-06-16,600.4000244140625,604.4500122070312,600.219970703125,602.6799926757812,597.4766845703125,79984100,0.0,0.0,0.0
2025-06-17,600.2100219726562,601.75,596.760009765625,597.530029296875,592.3711547851562,82209400,0.0,0.0,0.0
2025-06-18,598.4400024414062,601.219970703125,596.469970703125,597.4400024414062,592.281982421875,76605000,0.0,0.0,0.0
2025-06-20,598.3800048828125,599.4600219726562,592.8599853515625,594.280029296875,590.8909301757812,94051400,1.761,0.0,0.0
2025-06-23,595.0399780273438,600.5399780273438,591.8900146484375,600.1500244140625,596.7274780273438,87426000,0.0,0.0,0.0
2025-06-24,604.3300170898438,607.8499755859375,603.4099731445312,606.780029296875,603.3196411132812,67735300,0.0,0.0,0.0
2025-06-25,607.9099731445312,608.6099853515625,605.5399780273438,607.1199951171875,603.65771484375,62114800,0.0,0.0,0.0
2025-06-26,608.989990234375,612.3099975585938,608.3699951171875,611.8699951171875,608.380615234375,78548400,0.0,0.0,0.0
2025-06-27,612.8800048828125,616.3900146484375,610.8300170898438,614.9099731445312,611.4032592773438,86258400,0.0,0.0,0.0
2025-06-30,617.3800048828125,619.219970703125,615.0399780273438,617.8499755859375,614.3265380859375,92502500,0.0,0.0,0.0
2025-07-01,616.3599853515625,618.8300170898438,615.52001953125,617.6500244140625,614.127685546875,70030100,0.0,0.0,0.0
2025-07-02,617.239990234375,620.489990234375,616.6099853515625,620.4500122070312,616.9116821289062,66510400,0.0,0.0,0.0
2025-07-03,622.4500122070312,626.280029296875,622.4299926757812,625.3400268554688,621.7738037109375,51065800,0.0,0.0,0.0
2025-07-07,623.3599853515625,624.030029296875,617.8699951171875,620.6799926757812,617.140380859375,74814500,0.0,0.0,0.0
2025-07-08,621.3499755859375,622.1099853515625,619.52001953125,620.3400268554688,616.8023681640625,59024600,0.0,0.0,0.0
2025-07-09,622.77001953125,624.719970703125,620.9099731445312,624.0599975585938,620.5010986328125,66113300,0.0,0.0,0.0
2025-07-10,624.2000122070312,626.8699951171875,623.010009765625,625.8200073242188,622.2510986328125,57529000,0.0,0.0,0.0
2025-07-11,622.739990234375,624.8599853515625,621.530029296875,623.6199951171875,620.0635986328125,63670200,0.0,0.0,0.0
2025-07-14,623.1599731445312,625.1599731445312,621.7999877929688,624.8099975585938,621.2467651367188,51898500,0.0,0.0,0.0
2025-07-15,627.52001953125,627.8599853515625,622.0599975585938,622.1400146484375,618.592041015625,74317300,0.0,0.0,0.0
2025-07-16,623.739990234375,624.72998046875,618.0499877929688,624.219970703125,620.66015625,88987500,0.0,0.0,0.0
2025-07-17,624.4000244140625,628.4000244140625,624.1799926757812,628.0399780273438,624.4583740234375,68885700,0.0,0.0,0.0
2025-07-18,629.2999877929688,629.469970703125,626.4600219726562,627.5800170898438,624.0010375976562,65621600,0.0,0.0,0.0
2025-07-21,628.77001953125,631.5399780273438,628.3400268554688,628.77001953125,625.1842651367188,63375000,0.0,0.0,0.0
2025-07-22,629.0999755859375,629.72998046875,626.1900024414062,628.8599853515625,625.2737426757812,60046300,0.0,0.0,0.0
2025-07-23,631.5499877929688,634.2100219726562,629.72998046875,634.2100219726562,630.59326171875,70511000,0.0,0.0,0.0
2025-07-24,634.5999755859375,636.1500244140625,633.989990234375,634.4199829101562,630.802001953125,71307100,0.0,0.0,0.0
2025-07-25,635.0900268554688,637.5800170898438,634.8400268554688,637.0999755859375,633.4667358398438,56865400,0.0,0.0,0.0
2025-07-28,637.47998046875,638.0399780273438,635.5399780273438,636.9400024414062,633.3076782226562,54917100,0.0,0.0,0.0
2025-07-29,638.3499755859375,638.6699829101562,634.3400268554688,635.260009765625,631.63720703125,60556300,0.0,0.0,0.0
2025-07-30,635.9199829101562,637.6799926757812,631.5399780273438,634.4600219726562,630.841796875,80418900,0.0,0.0,0.0
2025-07-31,639.4600219726562,639.8499755859375,630.77001953125,632.0800170898438,628.4754028320312,103385200,0.0,0.0,0.0
2025-08-01,626.2999877929688,626.3400268554688,619.2899780273438,621.719970703125,618.1743774414062,140103600,0.0,0.0,0.0
2025-08-04,625.6699829101562,631.219970703125,625.5800170898438,631.1699829101562,627.5704956054688,73218000,0.0,0.0,0.0
2025-08-05,631.7899780273438,632.6099853515625,627.0399780273438,627.969970703125,624.3887329101562,68051400,0.0,0.0,0.0
2025-08-06,629.0499877929688,633.4400024414062,628.1300048828125,632.780029296875,629.17138671875,64357500,0.0,0.0,0.0
2025-08-07,636.239990234375,636.97998046875,629.1099853515625,632.25,628.6443481445312,74205800,0.0,0.0,0.0
2025-08-08,634.0599975585938,637.6500244140625,633.739990234375,637.1799926757812,633.5462646484375,64051600,0.0,0.0,0.0
2025-08-11,637.4600219726562,638.9500122070312,634.6599731445312,635.9199829101562,632.29345703125,58742300,0.0,0.0,0.0
2025-08-12,638.2899780273438,642.8499755859375,636.7899780273438,642.6900024414062,639.02490234375,64730800,0.0,0.0,0.0
2025-08-13,644.9099731445312,646.1900024414062,642.6799926757812,644.8900146484375,641.2123413085938,60092800,0.0,0.0,0.0
2025-08-14,642.7899780273438,645.6199951171875,642.3400268554688,644.9500122070312,641.27197265625,59327500,0.0,0.0,0.0
2025-08-15,645.989990234375,646.0900268554688,642.52001953125,643.4400024414062,639.7706298828125,68592500,0.0,0.0,0.0
2025-08-18,642.8599853515625,644.0,642.1799926757812,643.2999877929688,639.63134765625,43804900,0.0,0.0,0.0
2025-08-19,643.1199951171875,644.1099853515625,638.47998046875,639.8099975585938,636.1612548828125,69750700,0.0,0.0,0.0
2025-08-20,639.4000244140625,639.6599731445312,632.9500122070312,638.1099853515625,634.470947265625,88890300,0.0,0.0,0.0
2025-08-21,636.280029296875,637.969970703125,633.8099975585938,635.5499877929688,631.925537109375,54805800,0.0,0.0,0.0
2025-08-22,637.760009765625,646.5,637.25,645.3099975585938,641.6299438476562,84083200,0.0,0.0,0.0
2025-08-25,644.0399780273438,645.2899780273438,642.3499755859375,642.469970703125,638.8060302734375,51274300,0.0,0.0,0.0
2025-08-26,642.2000122070312,645.510009765625,641.5700073242188,645.1599731445312,641.4807739257812,51581600,0.0,0.0,0.0
2025-08-27,644.5700073242188,647.3699951171875,644.4199829101562,646.6300048828125,642.9423828125,48341100,0.0,0.0,0.0
2025-08-28,647.239990234375,649.47998046875,645.3400268554688,648.9199829101562,645.2192993164062,61519500,0.0,0.0,0.0
2025-08-29,647.469970703125,647.8400268554688,643.1400146484375,645.0499877929688,641.3713989257812,74522200,0.0,0.0,0.0
2025-09-02,637.5,640.489990234375,634.9199829101562,640.27001953125,636.61865234375,81983500,0.0,0.0,0.0
2025-09-03,642.6699829101562,644.2100219726562,640.4600219726562,643.739990234375,640.06884765625,70820900,0.0,0.0,0.0
2025-09-04,644.4199829101562,649.1500244140625,643.510009765625,649.1199951171875,645.4181518554688,65219200,0.0,0.0,0.0
2025-09-05,651.47998046875,652.2100219726562,643.3300170898438,647.239990234375,643.5488891601562,85178900,0.0,0.0,0.0
2025-09-08,648.6199951171875,649.8400268554688,647.22998046875,648.8300170898438,645.1298217773438,63133100,0.0,0.0,0.0
2025-09-09,648.969970703125,650.8599853515625,647.219970703125,650.3300170898438,646.6212768554688,66133900,0.0,0.0,0.0
2025-09-10,653.6199951171875,654.5499877929688,650.6300048828125,652.2100219726562,648.4906005859375,78034500,0.0,0.0,0.0
2025-09-11,654.1799926757812,658.3300170898438,653.5900268554688,657.6300048828125,653.8796997070312,69934400,0.0,0.0,0.0
2025-09-12,657.5999755859375,659.1099853515625,656.9000244140625,657.4099731445312,653.660888671875,72780100,0.0,0.0,0.0
2025-09-15,659.6400146484375,661.0399780273438,659.3400268554688,660.9099731445312,657.1409301757812,63772400,0.0,0.0,0.0
2025-09-16,661.469970703125,661.780029296875,659.2100219726562,660.0,656.2361450195312,61169000,0.0,0.0,0.0
2025-09-17,660.010009765625,661.719970703125,654.2999877929688,659.1799926757812,655.4208374023438,101952200,0.0,0.0,0.0
2025-09-18,661.8900146484375,664.8900146484375,660.27001953125,662.260009765625,658.4832763671875,90459200,0.0,0.0,0.0
2025-09-19,662.3300170898438,664.5499877929688,660.3699951171875,663.7000122070312,661.74462890625,97945600,1.831,0.0,0.0
2025-09-22,662.2000122070312,667.2899780273438,662.1699829101562,666.8400268554688,664.8753662109375,69452200,0.0,0.0,0.0
2025-09-23,666.719970703125,667.3400268554688,661.97998046875,663.2100219726562,661.256103515625,81708900,0.0,0.0,0.0
2025-09-24,664.510009765625,664.6099853515625,659.6699829101562,661.0999755859375,659.1522216796875,68082200,0.0,0.0,0.0
2025-09-25,657.9400024414062,659.4099731445312,654.4099731445312,658.0499877929688,656.1112670898438,89622100,0.0,0.0,0.0
2025-09-26,659.510009765625,662.3699951171875,657.8800048828125,661.8200073242188,659.8701782226562,69179200,0.0,0.0,0.0
2025-09-29,664.3599853515625,665.280029296875,661.8599853515625,663.6799926757812,661.7246704101562,73499000,0.0,0.0,0.0
2025-09-30,662.9299926757812,666.6500244140625,661.6099853515625,666.1799926757812,664.21728515625,86288000,0.0,0.0,0.0
2025-10-01,663.1699829101562,669.3699951171875,663.0599975585938,668.4500122070312,666.4806518554688,72545400,0.0,0.0,0.0
2025-10-02,670.4500122070312,670.5700073242188,666.780029296875,669.219970703125,667.248291015625,56896000,0.0,0.0,0.0
2025-10-03,669.989990234375,672.6799926757812,668.1599731445312,669.2100219726562,667.2384033203125,70494400,0.0,0.0,0.0
2025-10-06,671.6199951171875,672.510009765625,669.4600219726562,671.6099853515625,669.6312866210938,54623300,0.0,0.0,0.0
2025-10-07,672.5399780273438,672.989990234375,667.6699829101562,669.1199951171875,667.1486206054688,72020100,0.0,0.0,0.0
2025-10-08,670.25,673.2100219726562,669.4199829101562,673.1099853515625,671.1268920898438,60702200,0.0,0.0,0.0
2025-10-09,673.530029296875,673.9400024414062,669.2100219726562,671.1599731445312,669.1826171875,66501900,0.0,0.0,0.0
2025-10-10,672.1300048828125,673.9500122070312,652.8400268554688,653.02001953125,651.0960693359375,159422600,0.0,0.0,0.0
2025-10-13,660.6500244140625,665.1300048828125,659.77001953125,663.0399780273438,661.0865478515625,79560500,0.0,0.0,0.0
2025-10-14,657.1699829101562,665.8300170898438,653.1699829101562,662.22998046875,660.2789306640625,88779600,0.0,0.0,0.0
2025-10-15,666.8200073242188,670.22998046875,658.9299926757812,665.1699829101562,663.2102661132812,81702600,0.0,0.0,0.0
2025-10-16,666.8200073242188,668.7100219726562,657.1099853515625,660.6400146484375,658.6936645507812,110563300,0.0,0.0,0.0
2025-10-17,659.5,665.760009765625,658.1400146484375,664.3900146484375,662.4326171875,96500900,0.0,0.0,0.0
2025-10-20,667.3200073242188,672.2100219726562,667.27001953125,671.2999877929688,669.3222045898438,60493400,0.0,0.0,0.0
2025-10-21,671.4400024414062,672.989990234375,669.97998046875,671.2899780273438,669.3121948242188,56249000,0.0,0.0,0.0
2025-10-22,672.0,672.0,663.2999877929688,667.7999877929688,665.83251953125,80564000,0.0,0.0,0.0
2025-10-23,668.1199951171875,672.7100219726562,667.7999877929688,671.760009765625,669.7808837890625,65604500,0.0,0.0,0.0
2025-10-24,676.4600219726562,678.469970703125,675.6500244140625,677.25,675.2546997070312,74356500,0.0,0.0,0.0
2025-10-27,682.72998046875,685.5399780273438,682.1199951171875,685.239990234375,683.2211303710938,63339800,0.0,0.0,0.0
2025-10-28,687.0499877929688,688.9099731445312,684.8300170898438,687.0599975585938,685.0357666015625,61738100,0.0,0.0,0.0
2025-10-29,688.719970703125,689.7000122070312,682.8699951171875,687.3900146484375,685.3648071289062,85657100,0.0,0.0,0.0
2025-10-30,683.9000244140625,685.9400024414062,679.8300170898438,679.8300170898438,677.8270874023438,76335800,0.0,0.0,0.0
2025-10-31,685.0399780273438,685.0800170898438,679.239990234375,682.0599975585938,680.050537109375,87164100,0.0,0.0,0.0
2025-11-03,685.6699829101562,685.7999877929688,679.9400024414062,683.3400268554688,681.3267822265625,57315000,0.0,0.0,0.0
2025-11-04,676.1099853515625,679.9600219726562,674.5800170898438,675.239990234375,673.2506103515625,78427000,0.0,0.0,0.0
2025-11-05,674.97998046875,680.8599853515625,674.1699829101562,677.5800170898438,675.583740234375,74402400,0.0,0.0,0.0
2025-11-06,676.469970703125,677.3800048828125,668.719970703125,670.3099975585938,668.3351440429688,85035300,0.0,0.0,0.0
2025-11-07,667.9099731445312,671.0800170898438,661.2100219726562,670.969970703125,668.9931640625,100592400,0.0,0.0,0.0
2025-11-10,677.239990234375,682.1799926757812,675.030029296875,681.4400024414062,679.432373046875,75842900,0.0,0.0,0.0
2025-11-11,679.9500122070312,683.5700073242188,678.72998046875,683.0,680.9877319335938,58953400,0.0,0.0,0.0
2025-11-12,684.7899780273438,684.9600219726562,680.9500122070312,683.3800048828125,681.3666381835938,62312500,0.0,0.0,0.0
2025-11-13,680.5,680.8599853515625,670.52001953125,672.0399780273438,670.0599975585938,103457800,0.0,0.0,0.0
2025-11-14,665.3800048828125,675.6599731445312,663.27001953125,671.9299926757812,669.9503784179688,96846700,0.0,0.0,0.0
2025-11-17,669.7000122070312,673.7100219726562,662.1699829101562,665.6699829101562,663.7088012695312,90456100,0.0,0.0,0.0
2025-11-18,662.0999755859375,665.1199951171875,655.8599853515625,660.0800170898438,658.1353149414062,114467500,0.0,0.0,0.0
2025-11-19,660.780029296875,667.3400268554688,658.75,662.6300048828125,660.6777954101562,94703000,0.0,0.0,0.0
2025-11-20,672.9099731445312,675.5599975585938,651.8900146484375,652.530029296875,650.6075439453125,165293500,0.0,0.0,0.0
2025-11-21,655.0499877929688,664.5499877929688,650.8499755859375,659.030029296875,657.08837890625,123956200,0.0,0.0,0.0
2025-11-24,662.6900024414062,670.0599975585938,661.5900268554688,668.72998046875,666.759765625,80437900,0.0,0.0,0.0
2025-11-25,668.6300048828125,676.2100219726562,664.47998046875,675.02001953125,673.03125,81077100,0.0,0.0,0.0
2025-11-26,677.6300048828125,681.7000122070312,676.719970703125,679.6799926757812,677.6775512695312,71879600,0.0,0.0,0.0
2025-11-28,680.8599853515625,683.6699829101562,680.5,683.3900146484375,681.3765869140625,49212000,0.0,0.0,0.0
2025-12-01,678.8099975585938,682.989990234375,678.739990234375,680.27001953125,678.2658081054688,61201200,0.0,0.0,0.0
2025-12-02,681.9199829101562,683.8200073242188,679.3300170898438,681.530029296875,679.5220947265625,62953800,0.0,0.0,0.0
2025-12-03,680.5700073242188,684.9099731445312,679.6900024414062,683.8900146484375,681.8751220703125,57238500,0.0,0.0,0.0
2025-12-04,685.2999877929688,685.3699951171875,681.3400268554688,684.3900146484375,682.3736572265625,61970300,0.0,0.0,0.0
2025-12-05,685.469970703125,688.3900146484375,684.5800170898438,685.6900024414062,683.6697998046875,79241000,0.0,0.0,0.0
2025-12-08,686.5900268554688,686.6400146484375,681.5700073242188,683.6300048828125,681.6159057617188,55231500,0.0,0.0,0.0
2025-12-09,683.1500244140625,685.3900146484375,682.5900268554688,683.0399780273438,681.027587890625,58310100,0.0,0.0,0.0
2025-12-10,682.5599975585938,688.969970703125,681.3099975585938,687.5700073242188,685.5443115234375,85671300,0.0,0.0,0.0
2025-12-11,685.1400146484375,689.25,682.1699829101562,689.1699829101562,687.1395263671875,86173700,0.0,0.0,0.0
2025-12-12,688.1699829101562,688.8800048828125,679.1699829101562,681.760009765625,679.7514038085938,113160300,0.0,0.0,0.0
2025-12-15,685.739990234375,685.760009765625,679.25,680.72998046875,678.7244262695312,90811000,0.0,0.0,0.0
2025-12-16,679.22998046875,681.0800170898438,674.97998046875,678.8699951171875,676.8699340820312,122030600,0.0,0.0,0.0
2025-12-17,679.8900146484375,680.4400024414062,671.2000122070312,671.4000244140625,669.4219360351562,110625200,0.0,0.0,0.0
2025-12-18,677.5999755859375,680.739990234375,674.9000244140625,676.469970703125,674.4769287109375,108650100,0.0,0.0,0.0
2025-12-19,676.5900268554688,681.0900268554688,676.469970703125,680.5900268554688,680.5900268554688,103599500,1.993,0.0,0.0
2025-12-22,683.9400024414062,685.3599853515625,680.5900268554688,684.8300170898438,684.8300170898438,69556700,0.0,0.0,0.0
2025-12-23,683.9199829101562,688.2000122070312,683.8699951171875,687.9600219726562,687.9600219726562,64840000,0.0,0.0,0.0
2025-12-24,687.9500122070312,690.8300170898438,687.7999877929688,690.3800048828125,690.3800048828125,39445600,0.0,0.0,0.0
2025-12-26,690.6400146484375,691.6599731445312,689.27001953125,690.3099975585938,690.3099975585938,41613300,0.0,0.0,0.0
2025-12-29,687.5399780273438,689.2000122070312,686.0700073242188,687.8499755859375,687.8499755859375,62559500,0.0,0.0,0.0
2025-12-30,687.4500122070312,688.5599975585938,686.5800170898438,687.010009765625,687.010009765625,47160700,0.0,0.0,0.0
2025-12-31,687.1400146484375,687.3599853515625,681.7100219726562,681.9199829101562,681.9199829101562,74144800,0.0,0.0,0.0
2026-01-02,685.7100219726562,686.8699951171875,679.8200073242188,683.1699829101562,683.1699829101562,89377200,0.0,0.0,0.0
2026-01-05,686.5399780273438,689.4299926757812,686.3800048828125,687.719970703125,687.719970703125,71927200,0.0,0.0,0.0
2026-01-06,687.9299926757812,692.3200073242188,687.780029296875,691.8099975585938,691.8099975585938,69273800,0.0,0.0,0.0
2026-01-07,692.1900024414062,693.9600219726562,689.3200073242188,689.5800170898438,689.5800170898438,75588300,0.0,0.0,0.0
2026-01-08,688.8200073242188,690.6199951171875,687.489990234375,689.510009765625,689.510009765625,64019200,0.0,0.0,0.0
2026-01-09,690.6300048828125,695.3099975585938,689.1799926757812,694.0700073242188,694.0700073242188,80125500,0.0,0.0,0.0
2026-01-12,690.6799926757812,696.0900268554688,690.6300048828125,695.1599731445312,695.1599731445312,63976000,0.0,0.0,0.0
2026-01-13,695.489990234375,696.0900268554688,691.3499755859375,693.77001953125,693.77001953125,78309700,0.0,0.0,0.0
2026-01-14,691.0,691.719970703125,686.0399780273438,690.3599853515625,690.3599853515625,94676700,0.0,0.0,0.0
2026-01-15,694.5700073242188,695.4500122070312,691.25,692.239990234375,692.239990234375,77862000,0.0,0.0,0.0
2026-01-16,693.6599731445312,694.25,690.0999755859375,691.6599731445312,691.6599731445312,79289200,0.0,0.0,0.0
2026-01-20,681.489990234375,684.77001953125,676.5700073242188,677.5800170898438,677.5800170898438,111623300,0.0,0.0,0.0
2026-01-21,679.6500244140625,688.739990234375,678.1300048828125,685.4000244140625,685.4000244140625,127844500,0.0,0.0,0.0
2026-01-22,689.8499755859375,691.1300048828125,686.9199829101562,688.97998046875,688.97998046875,77112200,0.0,0.0,0.0
2026-01-23,688.1500244140625,690.9600219726562,687.1599731445312,689.22998046875,689.22998046875,63059600,0.0,0.0,0.0
2026-01-26,690.489990234375,694.1300048828125,689.9199829101562,692.72998046875,692.72998046875,60473800,0.0,0.0,0.0
2026-01-27,694.1799926757812,696.530029296875,693.5700073242188,695.489990234375,695.489990234375,55506100,0.0,0.0,0.0
2026-01-28,697.0499877929688,697.8400268554688,693.9400024414062,695.4199829101562,695.4199829101562,61172200,0.0,0.0,0.0
2026-01-29,696.3900146484375,697.0599975585938,684.8300170898438,694.0399780273438,694.0399780273438,97486200,0.0,0.0,0.0
2026-01-30,691.7899780273438,694.2100219726562,687.1199951171875,691.969970703125,691.969970703125,101835100,0.0,0.0,0.0
2026-02-02,689.5800170898438,696.9299926757812,689.4199829101562,695.4099731445312,695.4099731445312,79286500,0.0,0.0,0.0
2026-02-03,696.2100219726562,696.9600219726562,684.030029296875,689.530029296875,689.530029296875,107904600,0.0,0.0,0.0
2026-02-04,690.3499755859375,691.4500122070312,681.760009765625,686.1900024414062,686.1900024414062,105040300,0.0,0.0,0.0
