Date,open,high,low,close,adjclose,volume,dividends,stock_splits,capital_gains
2002-07-30,81.75,81.9000015258789,81.5199966430664,81.5199966430664,36.648311614990234,6100,0.0,0.0,0.0
2002-07-31,81.94999694824219,82.80000305175781,81.9000015258789,82.52999877929688,37.10234451293945,29400,0.0,0.0,0.0
2002-08-01,82.54000091552734,83.0199966430664,82.54000091552734,83.0,37.313636779785156,25000,0.0,0.0,0.0
2002-08-02,83.16000366210938,84.0999984741211,82.87999725341797,83.8499984741211,37.695770263671875,52800,0.0,0.0,0.0
2002-08-05,84.04000091552734,84.44000244140625,83.8499984741211,84.22000122070312,37.86210250854492,61100,0.0,0.0,0.0
2002-08-06,83.87000274658203,83.9000015258789,83.22000122070312,83.5,37.53839874267578,64900,0.0,0.0,0.0
2002-08-07,83.5999984741211,84.13999938964844,83.36000061035156,83.69999694824219,37.628353118896484,40300,0.0,0.0,0.0
2002-08-08,83.58000183105469,83.7699966430664,83.36000061035156,83.69999694824219,37.628353118896484,40900,0.0,0.0,0.0
2002-08-09,84.0,84.87999725341797,84.0,84.87999725341797,38.158836364746094,35900,0.0,0.0,0.0
2002-08-12,85.30000305175781,86.69999694824219,85.13999938964844,85.4000015258789,38.39262008666992,32100,0.0,0.0,0.0
2002-08-13,85.77999877929688,86.47000122070312,85.37000274658203,86.44999694824219,38.8646240234375,75400,0.0,0.0,0.0
2002-08-14,87.45999908447266,87.9000015258789,86.75,86.77999877929688,39.012977600097656,130000,0.0,0.0,0.0
2002-08-15,86.37999725341797,86.5,85.8499984741211,86.0199966430664,38.67132568359375,87100,0.0,0.0,0.0
2002-08-16,86.44000244140625,86.5199966430664,84.81999969482422,85.05999755859375,38.23973846435547,85000,0.0,0.0,0.0
2002-08-19,85.05000305175781,85.33999633789062,84.70999908447266,85.31999969482422,38.35664367675781,47300,0.0,0.0,0.0
2002-08-20,85.62000274658203,86.29000091552734,85.5999984741211,86.2699966430664,38.783748626708984,40800,0.0,0.0,0.0
2002-08-21,85.68000030517578,86.0999984741211,85.62999725341797,85.80999755859375,38.576900482177734,40000,0.0,0.0,0.0
2002-08-22,85.55000305175781,85.55000305175781,85.05999755859375,85.05999755859375,38.23973846435547,34400,0.0,0.0,0.0
2002-08-23,85.19999694824219,85.94999694824219,85.19999694824219,85.9000015258789,38.61741256713867,20100,0.0,0.0,0.0
2002-08-26,85.69999694824219,86.20999908447266,85.66999816894531,85.9800033569336,38.65332794189453,23900,0.0,0.0,0.0
2002-08-27,85.4000015258789,85.68000030517578,85.19999694824219,85.44000244140625,38.410579681396484,301800,0.0,0.0,0.0
2002-08-28,86.04000091552734,86.18000030517578,85.83999633789062,85.87000274658203,38.6038932800293,18100,0.0,0.0,0.0
2002-08-29,86.76000213623047,86.86000061035156,86.3499984741211,86.55999755859375,38.914100646972656,135700,0.0,0.0,0.0
2002-08-30,86.75,87.12999725341797,86.44999694824219,87.08000183105469,39.14788055419922,78100,0.0,0.0,0.0
2002-09-03,87.08000183105469,88.04000091552734,87.0,88.04000091552734,39.74972915649414,102100,0.373,0.0,0.0
2002-09-04,88.02999877929688,88.30000305175781,87.83999633789062,88.0199966430664,39.74065399169922,66300,0.0,0.0,0.0
2002-09-05,88.56999969482422,88.6500015258789,87.37999725341797,88.5,39.9573974609375,648400,0.0,0.0,0.0
2002-09-06,87.97000122070312,88.19000244140625,87.19999694824219,87.45999908447266,39.487857818603516,140000,0.0,0.0,0.0
2002-09-09,87.5,87.83000183105469,87.26000213623047,87.33000183105469,39.42914962768555,83800,0.0,0.0,0.0
2002-09-10,87.16999816894531,88.0,87.0,87.75,39.61876678466797,336000,0.0,0.0,0.0
2002-09-11,87.0,87.30000305175781,86.75,87.29000091552734,39.41107940673828,177700,0.0,0.0,0.0
2002-09-12,87.4800033569336,88.13999938964844,87.47000122070312,87.97000122070312,39.71811294555664,43400,0.0,0.0,0.0
2002-09-13,88.33000183105469,88.94000244140625,88.18000030517578,88.77999877929688,40.08378982543945,155100,0.0,0.0,0.0
2002-09-16,89.19999694824219,89.22000122070312,88.9000015258789,88.93000030517578,40.151554107666016,73000,0.0,0.0,0.0
2002-09-17,88.63999938964844,89.31999969482422,88.36000061035156,89.0999984741211,40.228267669677734,75400,0.0,0.0,0.0
2002-09-18,89.16000366210938,89.55999755859375,89.0199966430664,89.12000274658203,40.237342834472656,196600,0.0,0.0,0.0
2002-09-19,89.69999694824219,89.7699966430664,89.26000213623047,89.72000122070312,40.508201599121094,109900,0.0,0.0,0.0
2002-09-20,89.44999694824219,89.5199966430664,89.05999755859375,89.30000305175781,40.31859588623047,113500,0.0,0.0,0.0
2002-09-23,90.0,90.23999786376953,89.7699966430664,90.0999984741211,40.679786682128906,163200,0.0,0.0,0.0
2002-09-24,90.30000305175781,90.94000244140625,90.20999908447266,90.68000030517578,40.9416389465332,251900,0.0,0.0,0.0
2002-09-25,90.0999984741211,90.36000061035156,89.26000213623047,89.58000183105469,40.445030212402344,127200,0.0,0.0,0.0
2002-09-26,89.05000305175781,89.52999877929688,88.61000061035156,89.37000274658203,40.350181579589844,429000,0.0,0.0,0.0
2002-09-27,89.52999877929688,90.04000091552734,89.4800033569336,90.04000091552734,40.652687072753906,298200,0.0,0.0,0.0
2002-09-30,90.66000366210938,90.9000015258789,90.08000183105469,90.4000015258789,40.81521987915039,297800,0.0,0.0,0.0
2002-10-01,89.16000366210938,89.30000305175781,88.80000305175781,88.94000244140625,40.30900192260742,257500,0.343,0.0,0.0
2002-10-02,89.23999786376953,89.4800033569336,88.83999633789062,89.44999694824219,40.54011917114258,91000,0.0,0.0,0.0
2002-10-03,89.30000305175781,89.51000213623047,88.80000305175781,89.2300033569336,40.44044494628906,29900,0.0,0.0,0.0
2002-10-04,88.4000015258789,89.72000122070312,88.4000015258789,89.51000213623047,40.56732177734375,131000,0.0,0.0,0.0
2002-10-07,89.9000015258789,89.95999908447266,89.45999908447266,89.66000366210938,40.63529586791992,433800,0.0,0.0,0.0
2002-10-08,89.5,90.5199966430664,89.36000061035156,89.69000244140625,40.64889907836914,530900,0.0,0.0,0.0
2002-10-09,90.30000305175781,90.37999725341797,89.94999694824219,90.1500015258789,40.85737609863281,402900,0.0,0.0,0.0
2002-10-10,90.16999816894531,90.16999816894531,89.27999877929688,89.44000244140625,40.53561019897461,97100,0.0,0.0,0.0
2002-10-11,89.0999984741211,89.22000122070312,88.05999755859375,88.37999725341797,40.05519104003906,421800,0.0,0.0,0.0
2002-10-14,88.5,88.55000305175781,88.06999969482422,88.25,39.99629592895508,18300,0.0,0.0,0.0
2002-10-15,87.0,87.30000305175781,86.1500015258789,86.16000366210938,39.049049377441406,297100,0.0,0.0,0.0
2002-10-16,86.5999984741211,86.5999984741211,85.88999938964844,86.19999694824219,39.06718444824219,125200,0.0,0.0,0.0
2002-10-17,85.13999938964844,85.55999755859375,85.06999969482422,85.1500015258789,38.59130096435547,233400,0.0,0.0,0.0
2002-10-18,85.0199966430664,85.38999938964844,84.27999877929688,85.37000274658203,38.69102478027344,459100,0.0,0.0,0.0
2002-10-21,85.5,85.5999984741211,84.5,84.54000091552734,38.314842224121094,134900,0.0,0.0,0.0
2002-10-22,84.8499984741211,84.8499984741211,84.22000122070312,84.30000305175781,38.20610427856445,205000,0.0,0.0,0.0
2002-10-23,84.75,85.19999694824219,84.18000030517578,84.33000183105469,38.21965789794922,127800,0.0,0.0,0.0
2002-10-24,84.16000366210938,85.25,84.08000183105469,85.06999969482422,38.5550537109375,339600,0.0,0.0,0.0
2002-10-25,85.3499984741211,85.55999755859375,85.1500015258789,85.37999725341797,38.69552230834961,146100,0.0,0.0,0.0
2002-10-28,85.55999755859375,85.63999938964844,85.19999694824219,85.26000213623047,38.641178131103516,97800,0.0,0.0,0.0
2002-10-29,85.81999969482422,86.88999938964844,85.7699966430664,86.37000274658203,39.144203186035156,125000,0.0,0.0,0.0
2002-10-30,86.37000274658203,86.68000030517578,86.06999969482422,86.33999633789062,39.130645751953125,31900,0.0,0.0,0.0
2002-10-31,86.05000305175781,86.86000061035156,86.0199966430664,86.7300033569336,39.30736541748047,512700,0.0,0.0,0.0
2002-11-01,86.30000305175781,86.93000030517578,85.25,85.9800033569336,39.143009185791016,125100,0.389,0.0,0.0
2002-11-04,85.4800033569336,85.75,85.25,85.5999984741211,38.97003173828125,342500,0.0,0.0,0.0
2002-11-05,85.5999984741211,85.5999984741211,85.08999633789062,85.2699966430664,38.81980514526367,73800,0.0,0.0,0.0
2002-11-06,85.05000305175781,86.12999725341797,84.91000366210938,85.61000061035156,38.974571228027344,118500,0.0,0.0,0.0
2002-11-07,87.05000305175781,87.7300033569336,86.8499984741211,87.7300033569336,39.93974304199219,147900,0.0,0.0,0.0
2002-11-08,88.4000015258789,88.6500015258789,87.94999694824219,88.44000244140625,40.26298141479492,294700,0.0,0.0,0.0
2002-11-11,88.55000305175781,88.91999816894531,88.4000015258789,88.91999816894531,40.481502532958984,70000,0.0,0.0,0.0
2002-11-12,89.1500015258789,89.1500015258789,88.37000274658203,88.41000366210938,40.24932098388672,494300,0.0,0.0,0.0
2002-11-13,88.44999694824219,88.69000244140625,87.95999908447266,88.5999984741211,40.33578872680664,104700,0.0,0.0,0.0
2002-11-14,87.6500015258789,87.6500015258789,86.76000213623047,86.76000213623047,39.4981689453125,118000,0.0,0.0,0.0
2002-11-15,86.54000091552734,87.2300033569336,86.26000213623047,87.11000061035156,39.657493591308594,110700,0.0,0.0,0.0
2002-11-18,87.0199966430664,87.62999725341797,86.95999908447266,87.5,39.83502960205078,32200,0.0,0.0,0.0
2002-11-19,87.94999694824219,88.2300033569336,87.51000213623047,87.81999969482422,39.9807243347168,51800,0.0,0.0,0.0
2002-11-20,88.19999694824219,88.22000122070312,86.80999755859375,86.95999908447266,39.58918762207031,307400,0.0,0.0,0.0
2002-11-21,86.5,86.5,85.86000061035156,86.12000274658203,39.2067756652832,323200,0.0,0.0,0.0
2002-11-22,86.33000183105469,86.38999938964844,85.87999725341797,86.04000091552734,39.17036056518555,184800,0.0,0.0,0.0
2002-11-25,86.0,86.37999725341797,85.80000305175781,85.87999725341797,39.09751892089844,288200,0.0,0.0,0.0
2002-11-26,86.19999694824219,87.0199966430664,86.1500015258789,86.95999908447266,39.58918762207031,377800,0.0,0.0,0.0
2002-11-27,86.25,86.33000183105469,84.95999908447266,85.0,38.69688034057617,325600,0.0,0.0,0.0
2002-11-29,85.16000366210938,85.62999725341797,85.13999938964844,85.55000305175781,38.94731521606445,31700,0.0,0.0,0.0
2002-12-02,84.36000061035156,85.4000015258789,84.1500015258789,85.23999786376953,38.98337173461914,284900,0.389,0.0,0.0
2002-12-03,85.69999694824219,85.69999694824219,85.12000274658203,85.36000061035156,39.03828811645508,113800,0.0,0.0,0.0
2002-12-04,85.9000015258789,86.0,85.55000305175781,85.80000305175781,39.239505767822266,129000,0.0,0.0,0.0
2002-12-05,85.27999877929688,86.27999877929688,85.26000213623047,86.0199966430664,39.34011459350586,206400,0.0,0.0,0.0
2002-12-06,87.0,87.08999633789062,85.76000213623047,86.16999816894531,39.408714294433594,440500,0.0,0.0,0.0
2002-12-09,86.19999694824219,86.8499984741211,86.16999816894531,86.6500015258789,39.628265380859375,400300,0.0,0.0,0.0
2002-12-10,86.61000061035156,86.93000030517578,86.5,86.87999725341797,39.733436584472656,151600,0.0,0.0,0.0
2002-12-11,87.1500015258789,87.6500015258789,86.95999908447266,87.45999908447266,39.99869918823242,163800,0.0,0.0,0.0
2002-12-12,87.05999755859375,87.5999984741211,87.05999755859375,87.37999725341797,39.96210479736328,135800,0.0,0.0,0.0
2002-12-13,87.13999938964844,87.16000366210938,86.52999877929688,86.52999877929688,39.5733642578125,425800,0.0,0.0,0.0
2002-12-16,86.9000015258789,86.9000015258789,85.83999633789062,85.87999725341797,39.27611541748047,115700,0.0,0.0,0.0
2002-12-17,86.30000305175781,86.3499984741211,85.68000030517578,85.87999725341797,39.27611541748047,290600,0.0,0.0,0.0
2002-12-18,86.4800033569336,86.69000244140625,86.25,86.55000305175781,39.5825309753418,191000,0.0,0.0,0.0
2002-12-19,86.80000305175781,87.48999786376953,86.6500015258789,87.31999969482422,39.93464279174805,134400,0.0,0.0,0.0
2002-12-20,87.2300033569336,87.55999755859375,87.1500015258789,87.37999725341797,39.96210479736328,41900,0.0,0.0,0.0
2002-12-23,87.36000061035156,87.4000015258789,86.25,87.4000015258789,39.97126388549805,74200,0.0,0.0,0.0
2002-12-24,88.0,88.08000183105469,87.83999633789062,87.88999938964844,40.19532775878906,46600,0.0,0.0,0.0
2002-12-26,87.9000015258789,88.05999755859375,87.7300033569336,88.05999755859375,40.27312469482422,13500,0.0,0.0,0.0
2002-12-27,88.55000305175781,89.02999877929688,88.27999877929688,89.02999877929688,40.71672058105469,140200,0.0,0.0,0.0
2002-12-30,88.9000015258789,89.23999786376953,88.62999725341797,89.23999786376953,40.81275177001953,274900,0.0,0.0,0.0
2002-12-31,88.94999694824219,89.33000183105469,88.31999969482422,88.56999969482422,40.70981216430664,109400,0.446,0.0,0.0
2003-01-02,87.69999694824219,87.9000015258789,86.20999908447266,86.27999877929688,39.65725326538086,192100,0.0,0.0,0.0
2003-01-03,86.1500015258789,86.54000091552734,85.83000183105469,86.4800033569336,39.749176025390625,311200,0.0,0.0,0.0
2003-01-06,86.16999816894531,86.29000091552734,85.80999755859375,86.25,39.643428802490234,35600,0.0,0.0,0.0
2003-01-07,86.19000244140625,86.75,86.16999816894531,86.55999755859375,39.78593826293945,69800,0.0,0.0,0.0
2003-01-08,86.87999725341797,87.13999938964844,86.77999877929688,86.98999786376953,39.98355484008789,160100,0.0,0.0,0.0
2003-01-09,86.16999816894531,86.16999816894531,85.0199966430664,85.31999969482422,39.21600341796875,237500,0.0,0.0,0.0
2003-01-10,85.91999816894531,85.91999816894531,85.12000274658203,85.54000091552734,39.317081451416016,145200,0.0,0.0,0.0
2003-01-13,85.54000091552734,85.87000274658203,85.4000015258789,85.68000030517578,39.381439208984375,53300,0.0,0.0,0.0
2003-01-14,86.0,86.27999877929688,85.95999908447266,85.9800033569336,39.519371032714844,98900,0.0,0.0,0.0
2003-01-15,86.27999877929688,86.69999694824219,86.19999694824219,86.4000015258789,39.71238708496094,129600,0.0,0.0,0.0
2003-01-16,86.37999725341797,86.5999984741211,85.62000274658203,86.5199966430664,39.76755142211914,57900,0.0,0.0,0.0
2003-01-17,87.0999984741211,87.23999786376953,86.93000030517578,86.94999694824219,39.96519470214844,97700,0.0,0.0,0.0
2003-01-21,86.87999725341797,87.44999694824219,86.80000305175781,87.44999694824219,40.19498825073242,107500,0.0,0.0,0.0
2003-01-22,87.68000030517578,87.9000015258789,87.5199966430664,87.87999725341797,40.392662048339844,107100,0.0,0.0,0.0
2003-01-23,87.31999969482422,87.69999694824219,87.30000305175781,87.44999694824219,40.19498825073242,110700,0.0,0.0,0.0
2003-01-24,87.73999786376953,88.44000244140625,87.73999786376953,87.97000122070312,40.433990478515625,285300,0.0,0.0,0.0
2003-01-27,87.9000015258789,88.04000091552734,87.5,87.6500015258789,40.28693771362305,150500,0.0,0.0,0.0
2003-01-28,87.6500015258789,87.77999877929688,87.0999984741211,87.6500015258789,40.28693771362305,454700,0.0,0.0,0.0
2003-01-29,87.83000183105469,87.87999725341797,86.9800033569336,87.16999816894531,40.06629943847656,221400,0.0,0.0,0.0
2003-01-30,87.19999694824219,87.9000015258789,87.0999984741211,87.81999969482422,40.36507797241211,108600,0.0,0.0,0.0
2003-01-31,87.9000015258789,88.20999908447266,87.54000091552734,88.05999755859375,40.47539138793945,182300,0.0,0.0,0.0
2003-02-03,87.66999816894531,87.91000366210938,87.30999755859375,87.87999725341797,40.534427642822266,55200,0.308,0.0,0.0
2003-02-04,88.37000274658203,88.4000015258789,88.11000061035156,88.2699966430664,40.71429443359375,56900,0.0,0.0,0.0
2003-02-05,88.2300033569336,88.69999694824219,87.43000030517578,87.51000213623047,40.363773345947266,223300,0.0,0.0,0.0
2003-02-06,87.83999633789062,88.26000213623047,87.79000091552734,88.22000122070312,40.69124984741211,120900,0.0,0.0,0.0
2003-02-07,87.7699966430664,88.5199966430664,87.62999725341797,88.41999816894531,40.783485412597656,247200,0.0,0.0,0.0
2003-02-10,88.12000274658203,88.4000015258789,87.69000244140625,87.80000305175781,40.497520446777344,76600,0.0,0.0,0.0
2003-02-11,87.5999984741211,87.91000366210938,87.43000030517578,87.77999877929688,40.48829650878906,259100,0.0,0.0,0.0
2003-02-12,87.80000305175781,88.12999725341797,87.66999816894531,88.08999633789062,40.63125228881836,121300,0.0,0.0,0.0
2003-02-13,88.2699966430664,89.18000030517578,88.16999816894531,88.56999969482422,40.85268020629883,440200,0.0,0.0,0.0
2003-02-14,88.30000305175781,88.37000274658203,87.61000061035156,87.80999755859375,40.50210952758789,829700,0.0,0.0,0.0
2003-02-18,87.55999755859375,87.9800033569336,87.33999633789062,87.91999816894531,40.552852630615234,213200,0.0,0.0,0.0
2003-02-19,88.38999938964844,88.69999694824219,88.25,88.5199966430664,40.82962417602539,62100,0.0,0.0,0.0
2003-02-20,88.33999633789062,88.9000015258789,88.33999633789062,88.81999969482422,40.96800231933594,486700,0.0,0.0,0.0
2003-02-21,88.55999755859375,88.72000122070312,88.20999908447266,88.30000305175781,40.7281608581543,250400,0.0,0.0,0.0
2003-02-24,88.87999725341797,88.9000015258789,88.62000274658203,88.72000122070312,40.92188262939453,168200,0.0,0.0,0.0
2003-02-25,89.4000015258789,89.6500015258789,89.0,89.12999725341797,41.111000061035156,358500,0.0,0.0,0.0
2003-02-26,89.37999725341797,89.75,89.1500015258789,89.75,41.396942138671875,334000,0.0,0.0,0.0
2003-02-27,89.45999908447266,89.98999786376953,89.30999755859375,89.9000015258789,41.46615219116211,695700,0.0,0.0,0.0
2003-02-28,89.68000030517578,90.54000091552734,89.58000183105469,90.47000122070312,41.729068756103516,213100,0.0,0.0,0.0
2003-03-03,90.0,90.44999694824219,89.91000366210938,90.23999786376953,41.77997589111328,204100,0.34,0.0,0.0
2003-03-04,90.12999725341797,90.44999694824219,90.0199966430664,90.30000305175781,41.807743072509766,83100,0.0,0.0,0.0
2003-03-05,90.62000274658203,90.62999725341797,90.04000091552734,90.5999984741211,41.946659088134766,126000,0.0,0.0,0.0
2003-03-06,90.55000305175781,90.68000030517578,90.05999755859375,90.25,41.78462600708008,166000,0.0,0.0,0.0
2003-03-07,90.72000122070312,90.79000091552734,90.05000305175781,90.55999755859375,41.92811584472656,263800,0.0,0.0,0.0
2003-03-10,90.80999755859375,91.02999877929688,90.68000030517578,91.02999877929688,42.1457405090332,147200,0.0,0.0,0.0
2003-03-11,90.98999786376953,91.16000366210938,90.7300033569336,90.87000274658203,42.07170104980469,82800,0.0,0.0,0.0
2003-03-12,90.91999816894531,91.36000061035156,90.87999725341797,91.19999694824219,42.224449157714844,454800,0.0,0.0,0.0
2003-03-13,90.1500015258789,90.38999938964844,89.5199966430664,89.5199966430664,41.4466667175293,830200,0.0,0.0,0.0
2003-03-14,89.9000015258789,90.12000274658203,89.62000274658203,89.95999908447266,41.65033721923828,590900,0.0,0.0,0.0
2003-03-17,90.5199966430664,90.5199966430664,88.86000061035156,88.87999725341797,41.150360107421875,724400,0.0,0.0,0.0
2003-03-18,88.95999908447266,89.19999694824219,88.01000213623047,88.04000091552734,40.76140594482422,415200,0.0,0.0,0.0
2003-03-19,88.04000091552734,88.06999969482422,87.33000183105469,87.38999938964844,40.46047592163086,398400,0.0,0.0,0.0
2003-03-20,87.81999969482422,87.94999694824219,86.76000213623047,87.25,40.39563751220703,206700,0.0,0.0,0.0
2003-03-21,86.91999816894531,87.05000305175781,86.05000305175781,86.05000305175781,39.84007263183594,843400,0.0,0.0,0.0
2003-03-24,87.0999984741211,87.5999984741211,86.8499984741211,87.41000366210938,40.4697265625,373800,0.0,0.0,0.0
2003-03-25,87.6500015258789,87.81999969482422,86.9000015258789,87.30999755859375,40.423465728759766,606400,0.0,0.0,0.0
2003-03-26,87.25,87.6500015258789,87.25,87.48999786376953,40.50674057006836,309500,0.0,0.0,0.0
2003-03-27,87.75,87.87000274658203,87.33000183105469,87.55000305175781,40.5345573425293,191600,0.0,0.0,0.0
2003-03-28,87.91999816894531,88.08000183105469,87.72000122070312,87.75,40.62711715698242,253400,0.0,0.0,0.0
2003-03-31,88.30000305175781,88.93000030517578,88.30000305175781,88.9000015258789,41.15953826904297,643800,0.0,0.0,0.0
2003-04-01,88.4000015258789,88.79000091552734,87.9000015258789,88.2699966430664,41.042396545410156,289800,0.378,0.0,0.0
2003-04-02,87.6500015258789,87.69999694824219,87.27999877929688,87.3499984741211,40.61463928222656,312200,0.0,0.0,0.0
2003-04-03,87.25,87.58000183105469,87.13999938964844,87.30000305175781,40.591426849365234,245600,0.0,0.0,0.0
2003-04-04,87.05999755859375,87.30000305175781,86.87999725341797,87.05000305175781,40.475154876708984,184900,0.0,0.0,0.0
2003-04-07,86.22000122070312,86.86000061035156,85.91999816894531,86.8499984741211,40.38213348388672,485400,0.0,0.0,0.0
2003-04-08,87.05000305175781,87.58999633789062,86.98999786376953,87.55000305175781,40.707645416259766,194700,0.0,0.0,0.0
2003-04-09,87.4000015258789,87.86000061035156,87.16999816894531,87.80999755859375,40.828529357910156,102400,0.0,0.0,0.0
2003-04-10,87.75,87.8499984741211,87.3499984741211,87.4000015258789,40.63787841796875,53300,0.0,0.0,0.0
2003-04-11,86.81999969482422,87.31999969482422,86.58999633789062,87.26000213623047,40.57280349731445,450000,0.0,0.0,0.0
2003-04-14,87.0999984741211,87.11000061035156,86.70999908447266,87.0199966430664,40.46120071411133,207100,0.0,0.0,0.0
2003-04-15,87.33000183105469,87.52999877929688,87.04000091552734,87.48999786376953,40.679710388183594,128500,0.0,0.0,0.0
2003-04-16,87.52999877929688,87.9000015258789,87.47000122070312,87.8499984741211,40.84712600708008,97700,0.0,0.0,0.0
2003-04-17,88.23999786376953,88.4000015258789,87.80000305175781,87.98999786376953,40.91223907470703,106200,0.0,0.0,0.0
2003-04-21,87.4800033569336,87.83000183105469,87.26000213623047,87.80000305175781,40.82387161254883,148000,0.0,0.0,0.0
2003-04-22,88.1500015258789,88.26000213623047,87.62000274658203,87.75,40.80061721801758,299900,0.0,0.0,0.0
2003-04-23,87.77999877929688,88.01000213623047,87.5999984741211,87.93000030517578,40.88434600830078,42700,0.0,0.0,0.0
2003-04-24,88.4000015258789,88.98999786376953,88.4000015258789,88.72000122070312,41.25165939331055,199000,0.0,0.0,0.0
2003-04-25,88.75,89.0999984741211,88.68000030517578,88.91999816894531,41.34466552734375,529700,0.0,0.0,0.0
2003-04-28,89.08999633789062,89.08999633789062,88.77999877929688,88.77999877929688,41.279541015625,80500,0.0,0.0,0.0
2003-04-29,88.52999877929688,88.7699966430664,88.31999969482422,88.62999725341797,41.209808349609375,177500,0.0,0.0,0.0
2003-04-30,88.79000091552734,89.5199966430664,88.7300033569336,89.44999694824219,41.5910758972168,293400,0.0,0.0,0.0
2003-05-01,89.19999694824219,89.5999984741211,88.80000305175781,89.0199966430664,41.611202239990234,231200,0.473,0.0,0.0
2003-05-02,89.05999755859375,89.06999969482422,88.2699966430664,88.31999969482422,41.28398513793945,231500,0.0,0.0,0.0
2003-05-05,88.30999755859375,88.87000274658203,88.19999694824219,88.79000091552734,41.503658294677734,77700,0.0,0.0,0.0
2003-05-06,88.83999633789062,89.4000015258789,88.5199966430664,89.2300033569336,41.70933151245117,260600,0.0,0.0,0.0
2003-05-07,90.0,90.33000183105469,89.81999969482422,90.2699966430664,42.19546127319336,306900,0.0,0.0,0.0
2003-05-08,90.5999984741211,90.9000015258789,90.27999877929688,90.48999786376953,42.298316955566406,437400,0.0,0.0,0.0
2003-05-09,90.30000305175781,90.62000274658203,90.19999694824219,90.58000183105469,42.340370178222656,110000,0.0,0.0,0.0
2003-05-12,91.13999938964844,91.19000244140625,90.7300033569336,91.1500015258789,42.606807708740234,364700,0.0,0.0,0.0
2003-05-13,90.9000015258789,91.37000274658203,90.83000183105469,91.3499984741211,42.7003059387207,227800,0.0,0.0,0.0
2003-05-14,91.83000183105469,92.9800033569336,91.62000274658203,92.75,43.354713439941406,1426500,0.0,0.0,0.0
2003-05-15,92.5999984741211,93.56999969482422,92.5999984741211,93.04000091552734,43.49024200439453,810300,0.0,0.0,0.0
2003-05-16,93.4800033569336,93.76000213623047,92.94999694824219,93.72000122070312,43.8080940246582,703900,0.0,0.0,0.0
2003-05-19,94.11000061035156,94.23999786376953,93.12999725341797,93.4000015258789,43.658538818359375,817800,0.0,0.0,0.0
2003-05-20,93.1500015258789,94.77999877929688,93.12000274658203,94.77999877929688,44.3036003112793,606600,0.0,0.0,0.0
2003-05-21,94.25,95.66000366210938,94.12000274658203,94.7699966430664,44.29890060424805,1799600,0.0,0.0,0.0
2003-05-22,95.0999984741211,95.69999694824219,94.9000015258789,95.61000061035156,44.69160461425781,576200,0.0,0.0,0.0
2003-05-23,95.7699966430664,96.20999908447266,95.63999938964844,95.8499984741211,44.80377197265625,690600,0.0,0.0,0.0
2003-05-27,95.62000274658203,95.70999908447266,94.12000274658203,94.12000274658203,43.99506759643555,846400,0.0,0.0,0.0
2003-05-28,93.9000015258789,94.13999938964844,93.30999755859375,93.95999908447266,43.920318603515625,730500,0.0,0.0,0.0
2003-05-29,94.30000305175781,94.80000305175781,94.06999969482422,94.77999877929688,44.3036003112793,508300,0.0,0.0,0.0
2003-05-30,94.44999694824219,94.73999786376953,93.97000122070312,94.5999984741211,44.21949005126953,722200,0.0,0.0,0.0
2003-06-02,93.87999725341797,93.87999725341797,93.08999633789062,93.51000213623047,43.89460372924805,478600,0.398,0.0,0.0
2003-06-03,93.76000213623047,94.58000183105469,93.70999908447266,94.26000213623047,44.2466926574707,389400,0.0,0.0,0.0
2003-06-04,94.45999908447266,94.70999908447266,94.05000305175781,94.54000091552734,44.37809371948242,394100,0.0,0.0,0.0
2003-06-05,95.19999694824219,95.37999725341797,93.80000305175781,93.80000305175781,44.03074645996094,820900,0.0,0.0,0.0
2003-06-06,93.69999694824219,94.1500015258789,93.37999725341797,94.13999938964844,44.19034194946289,276800,0.0,0.0,0.0
2003-06-09,94.69999694824219,94.87999725341797,94.2699966430664,94.7699966430664,44.48606491088867,282200,0.0,0.0,0.0
2003-06-10,95.08000183105469,95.93000030517578,95.06999969482422,95.9000015258789,45.01651382446289,534800,0.0,0.0,0.0
2003-06-11,96.25,96.5999984741211,95.69999694824219,95.77999877929688,44.9602165222168,633600,0.0,0.0,0.0
2003-06-12,96.11000061035156,96.7300033569336,96.01000213623047,96.52999877929688,45.3122444152832,315400,0.0,0.0,0.0
2003-06-13,96.93000030517578,97.27999877929688,96.76000213623047,97.18000030517578,45.617408752441406,478400,0.0,0.0,0.0
2003-06-16,97.5,97.66000366210938,96.26000213623047,96.26000213623047,45.18547439575195,789300,0.0,0.0,0.0
2003-06-17,95.97000122070312,96.02999877929688,95.4000015258789,95.5,44.828765869140625,691600,0.0,0.0,0.0
2003-06-18,95.05999755859375,95.05999755859375,94.19999694824219,94.27999877929688,44.256038665771484,657600,0.0,0.0,0.0
2003-06-19,93.95999908447266,94.4800033569336,93.5,94.0999984741211,44.17158126831055,817700,0.0,0.0,0.0
2003-06-20,93.9000015258789,94.05000305175781,93.02999877929688,93.75,44.00727462768555,561700,0.0,0.0,0.0
2003-06-23,93.81999969482422,94.43000030517578,93.52999877929688,94.30999755859375,44.27013397216797,819900,0.0,0.0,0.0
2003-06-24,94.1500015258789,95.18000030517578,94.01000213623047,95.18000030517578,44.678565979003906,292900,0.0,0.0,0.0
2003-06-25,95.41999816894531,95.48999786376953,93.44999694824219,93.66000366210938,43.965057373046875,1002800,0.0,0.0,0.0
2003-06-26,93.25,93.25,92.12000274658203,92.4000015258789,43.37358474731445,1423800,0.0,0.0,0.0
2003-06-27,92.55000305175781,92.55000305175781,91.55000305175781,92.06999969482422,43.21864700317383,735900,0.0,0.0,0.0
2003-06-30,91.91999816894531,92.5199966430664,91.68000030517578,92.5,43.42055130004883,541900,0.0,0.0,0.0
2003-07-01,92.1500015258789,92.48999786376953,91.51000213623047,91.69000244140625,43.20516586303711,449000,0.353,0.0,0.0
2003-07-02,91.19999694824219,92.06999969482422,91.11000061035156,91.91999816894531,43.31353759765625,338800,0.0,0.0,0.0
2003-07-03,91.69999694824219,91.70999908447266,90.5999984741211,90.5999984741211,42.69154357910156,559100,0.0,0.0,0.0
2003-07-07,90.27999877929688,90.58999633789062,90.0199966430664,90.0199966430664,42.418270111083984,465400,0.0,0.0,0.0
2003-07-08,90.43000030517578,90.4800033569336,89.62999725341797,90.0999984741211,42.455970764160156,389600,0.0,0.0,0.0
2003-07-09,90.52999877929688,90.69000244140625,90.11000061035156,90.38999938964844,42.59263610839844,270400,0.0,0.0,0.0
2003-07-10,90.69000244140625,90.75,90.12000274658203,90.36000061035156,42.57847213745117,718000,0.0,0.0,0.0
2003-07-11,90.30000305175781,90.79000091552734,90.20999908447266,90.79000091552734,42.781089782714844,389500,0.0,0.0,0.0
2003-07-14,90.68000030517578,90.87000274658203,89.62999725341797,89.75,42.29103469848633,465900,0.0,0.0,0.0
2003-07-15,89.54000091552734,89.86000061035156,87.4000015258789,87.6500015258789,41.301513671875,3171100,0.0,0.0,0.0
2003-07-16,87.41000366210938,88.72000122070312,87.1500015258789,88.1500015258789,41.537109375,1205400,0.0,0.0,0.0
2003-07-17,87.33000183105469,88.04000091552734,87.18000030517578,87.87999725341797,41.40986633300781,1030600,0.0,0.0,0.0
2003-07-18,87.6500015258789,87.95999908447266,87.44000244140625,87.69999694824219,41.3250617980957,550800,0.0,0.0,0.0
2003-07-21,87.5,87.5999984741211,85.6500015258789,85.83999633789062,40.44858932495117,1267600,0.0,0.0,0.0
2003-07-22,85.97000122070312,86.36000061035156,85.44000244140625,86.26000213623047,40.646480560302734,1576900,0.0,0.0,0.0
2003-07-23,86.80000305175781,87.05000305175781,86.4000015258789,86.55000305175781,40.783145904541016,1374700,0.0,0.0,0.0
2003-07-24,85.9000015258789,86.08000183105469,85.55000305175781,85.79000091552734,40.425048828125,701100,0.0,0.0,0.0
2003-07-25,85.9800033569336,86.62000274658203,85.4000015258789,85.55999755859375,40.31667709350586,1273500,0.0,0.0,0.0
2003-07-28,85.23999786376953,85.29000091552734,84.4000015258789,84.41000366210938,39.7747688293457,1268500,0.0,0.0,0.0
2003-07-29,84.18000030517578,85.3499984741211,83.26000213623047,83.26000213623047,39.23288345336914,2139300,0.0,0.0,0.0
2003-07-30,83.73999786376953,84.72000122070312,83.56999969482422,84.19999694824219,39.675838470458984,1963400,0.0,0.0,0.0
2003-07-31,83.69000244140625,83.70999908447266,82.2300033569336,82.94999694824219,39.086814880371094,4706400,0.0,0.0,0.0
2003-08-01,82.0999984741211,82.79000091552734,81.9800033569336,82.51000213623047,39.057464599609375,3061200,0.378,0.0,0.0
2003-08-04,82.4800033569336,83.22000122070312,82.3499984741211,83.22000122070312,39.3935432434082,1858700,0.0,0.0,0.0
2003-08-05,83.20999908447266,83.29000091552734,81.80000305175781,82.02999877929688,38.83023452758789,2413000,0.0,0.0,0.0
2003-08-06,82.5,83.7699966430664,82.37000274658203,83.6500015258789,39.59710693359375,2549700,0.0,0.0,0.0
2003-08-07,83.80000305175781,84.05000305175781,83.13999938964844,84.0,39.762760162353516,1796400,0.0,0.0,0.0
2003-08-08,84.33999633789062,84.79000091552734,83.6500015258789,83.66000366210938,39.60185241699219,2399100,0.0,0.0,0.0
2003-08-11,83.55000305175781,83.56999969482422,82.91000366210938,83.23999786376953,39.403018951416016,1355000,0.0,0.0,0.0
2003-08-12,83.41999816894531,83.6500015258789,82.80000305175781,82.8499984741211,39.218406677246094,1534200,0.0,0.0,0.0
2003-08-13,82.19999694824219,82.3499984741211,81.19000244140625,81.25,38.461021423339844,2258100,0.0,0.0,0.0
2003-08-14,81.44000244140625,82.0999984741211,80.91000366210938,82.05000305175781,38.839717864990234,1612300,0.0,0.0,0.0
2003-08-15,82.19999694824219,82.5,81.9000015258789,82.0,38.816036224365234,515100,0.0,0.0,0.0
2003-08-18,82.30000305175781,82.5999984741211,82.01000213623047,82.37999725341797,38.995914459228516,655300,0.0,0.0,0.0
2003-08-19,82.55000305175781,83.6500015258789,82.5,83.6500015258789,39.59710693359375,1086500,0.0,0.0,0.0
2003-08-20,83.83000183105469,83.87000274658203,82.73999786376953,83.19999694824219,39.384098052978516,503600,0.0,0.0,0.0
2003-08-21,83.05999755859375,83.44999694824219,82.41999816894531,83.0,39.28944396972656,783600,0.0,0.0,0.0
2003-08-22,82.94999694824219,83.8499984741211,82.9000015258789,83.37000274658203,39.464561462402344,413200,0.0,0.0,0.0
2003-08-25,83.31999969482422,83.54000091552734,82.25,82.72000122070312,39.15688705444336,648200,0.0,0.0,0.0
2003-08-26,82.44999694824219,83.37000274658203,82.31999969482422,83.37000274658203,39.464561462402344,837200,0.0,0.0,0.0
2003-08-27,83.2699966430664,83.2699966430664,82.61000061035156,82.98999786376953,39.28467559814453,409100,0.0,0.0,0.0
2003-08-28,83.2300033569336,83.9800033569336,83.2300033569336,83.8499984741211,39.6917610168457,557200,0.0,0.0,0.0
2003-08-29,83.94000244140625,83.98999786376953,83.37999725341797,83.6500015258789,39.59710693359375,651100,0.0,0.0,0.0
2003-09-02,83.62999725341797,83.6500015258789,82.04000091552734,82.05999755859375,39.0179557800293,868700,0.372,0.0,0.0
2003-09-03,82.4800033569336,82.4800033569336,81.87999725341797,82.19000244140625,39.07978057861328,639900,0.0,0.0,0.0
2003-09-04,82.48999786376953,82.70999908447266,82.16000366210938,82.6500015258789,39.298519134521484,562900,0.0,0.0,0.0
2003-09-05,83.4000015258789,84.08999633789062,83.16999816894531,84.06999969482422,39.973690032958984,838000,0.0,0.0,0.0
2003-09-08,83.62999725341797,84.44999694824219,83.19999694824219,83.19999694824219,39.560028076171875,621100,0.0,0.0,0.0
2003-09-09,83.5199966430664,83.94000244140625,82.91999816894531,83.80000305175781,39.84531784057617,599900,0.0,0.0,0.0
2003-09-10,83.9000015258789,84.69999694824219,83.81999969482422,84.6500015258789,40.24947738647461,1285900,0.0,0.0,0.0
2003-09-11,84.26000213623047,84.37999725341797,83.80000305175781,84.0999984741211,39.98793029785156,859500,0.0,0.0,0.0
2003-09-12,85.0199966430664,85.37999725341797,84.44999694824219,84.68000030517578,40.26372528076172,1375300,0.0,0.0,0.0
2003-09-15,84.5,84.88999938964844,84.11000061035156,84.55000305175781,40.201927185058594,367100,0.0,0.0,0.0
2003-09-16,84.37000274658203,84.5,83.9000015258789,84.41999816894531,40.140098571777344,655200,0.0,0.0,0.0
2003-09-17,84.72000122070312,85.55999755859375,84.4800033569336,85.47000122070312,40.639373779296875,1223900,0.0,0.0,0.0
2003-09-18,85.6500015258789,85.6500015258789,84.83000183105469,85.52999877929688,40.66790008544922,615000,0.0,0.0,0.0
2003-09-19,85.6500015258789,86.02999877929688,85.48999786376953,85.62999725341797,40.7154426574707,869300,0.0,0.0,0.0
2003-09-22,85.0,85.18000030517578,84.2300033569336,84.94999694824219,40.39209747314453,1126400,0.0,0.0,0.0
2003-09-23,84.87999725341797,85.54000091552734,84.63999938964844,85.52999877929688,40.66790008544922,632100,0.0,0.0,0.0
2003-09-24,85.54000091552734,86.48999786376953,85.33999633789062,86.2699966430664,41.01974105834961,1005300,0.0,0.0,0.0
2003-09-25,86.30000305175781,86.72000122070312,86.1500015258789,86.69999694824219,41.22416305541992,846800,0.0,0.0,0.0
2003-09-26,86.94000244140625,87.48999786376953,86.81999969482422,87.4800033569336,41.59505081176758,1869700,0.0,0.0,0.0
2003-09-29,87.0199966430664,87.44999694824219,86.66000366210938,86.77999877929688,41.26226043701172,743000,0.0,0.0,0.0
2003-09-30,87.0,88.25,86.95999908447266,88.22000122070312,41.946922302246094,1623900,0.0,0.0,0.0
2003-10-01,87.5,87.93000030517578,87.3499984741211,87.5199966430664,41.787906646728516,931900,0.367,0.0,0.0
2003-10-02,86.83999633789062,87.44999694824219,86.4000015258789,87.12000274658203,41.596920013427734,1194100,0.0,0.0,0.0
2003-10-03,86.05000305175781,86.19999694824219,85.0999984741211,85.29000091552734,40.723148345947266,1451200,0.0,0.0,0.0
2003-10-06,85.12000274658203,85.79000091552734,85.08000183105469,85.66000366210938,40.89982223510742,507200,0.0,0.0,0.0
2003-10-07,85.44999694824219,85.56999969482422,84.62999725341797,84.66999816894531,40.42713928222656,594200,0.0,0.0,0.0
2003-10-08,84.44999694824219,84.9800033569336,84.3499984741211,84.6500015258789,40.4176139831543,811800,0.0,0.0,0.0
2003-10-09,83.91999816894531,84.12999725341797,83.6500015258789,84.05000305175781,40.131107330322266,1385600,0.0,0.0,0.0
2003-10-10,84.5,84.7300033569336,84.30000305175781,84.55000305175781,40.369873046875,256600,0.0,0.0,0.0
2003-10-13,84.3499984741211,84.5,84.22000122070312,84.22000122070312,40.21226119995117,116300,0.0,0.0,0.0
2003-10-14,83.75,84.0999984741211,83.55000305175781,83.63999938964844,39.93537521362305,337100,0.0,0.0,0.0
2003-10-15,83.16000366210938,83.30000305175781,82.8499984741211,83.2300033569336,39.739566802978516,465600,0.0,0.0,0.0
2003-10-16,83.4800033569336,83.7699966430664,82.75,82.9000015258789,39.582035064697266,564900,0.0,0.0,0.0
2003-10-17,83.08000183105469,83.69000244140625,83.01000213623047,83.54000091552734,39.88759231567383,354500,0.0,0.0,0.0
2003-10-20,83.44999694824219,84.1500015258789,83.41999816894531,83.81999969482422,40.02129364013672,281600,0.0,0.0,0.0
2003-10-21,84.02999877929688,84.37999725341797,83.8499984741211,84.12999725341797,40.1693115234375,429700,0.0,0.0,0.0
2003-10-22,84.5999984741211,85.0,84.4000015258789,84.94999694824219,40.56083297729492,798000,0.0,0.0,0.0
2003-10-23,85.0,85.0,84.0199966430664,84.33000183105469,40.26479721069336,1055600,0.0,0.0,0.0
2003-10-24,85.0,85.5999984741211,84.66000366210938,85.2699966430664,40.7136344909668,1412200,0.0,0.0,0.0
2003-10-27,85.1500015258789,85.33000183105469,84.80000305175781,85.0999984741211,40.63247299194336,346900,0.0,0.0,0.0
2003-10-28,84.8499984741211,85.69000244140625,84.56999969482422,85.55000305175781,40.84731674194336,2200300,0.0,0.0,0.0
2003-10-29,85.27999877929688,85.3499984741211,84.61000061035156,84.77999877929688,40.47968673706055,926600,0.0,0.0,0.0
2003-10-30,84.0,84.55000305175781,83.80000305175781,84.4000015258789,40.29825973510742,936300,0.0,0.0,0.0
2003-10-31,84.7300033569336,85.22000122070312,83.73999786376953,85.19000244140625,40.675445556640625,887400,0.0,0.0,0.0
2003-11-03,84.55999755859375,84.58000183105469,84.04000091552734,84.44000244140625,40.48269271850586,957700,0.348,0.0,0.0
2003-11-04,84.6500015258789,84.97000122070312,84.58999633789062,84.91999816894531,40.712852478027344,246500,0.0,0.0,0.0
2003-11-05,84.81999969482422,84.81999969482422,84.26000213623047,84.33999633789062,40.43474578857422,275100,0.0,0.0,0.0
2003-11-06,83.7699966430664,83.91999816894531,83.5,83.55000305175781,40.0560417175293,861600,0.0,0.0,0.0
2003-11-07,83.12000274658203,83.58999633789062,83.05000305175781,83.5,40.03206253051758,725700,0.0,0.0,0.0
2003-11-10,83.5999984741211,83.83999633789062,83.19999694824219,83.43000030517578,39.99849319458008,553900,0.0,0.0,0.0
2003-11-11,83.44999694824219,83.5,83.36000061035156,83.44000244140625,40.0033073425293,99900,0.0,0.0,0.0
2003-11-12,83.86000061035156,84.1500015258789,83.79000091552734,84.05000305175781,40.29572677612305,321400,0.0,0.0,0.0
2003-11-13,84.5999984741211,85.37000274658203,84.54000091552734,85.3499984741211,40.91896057128906,920400,0.0,0.0,0.0
2003-11-14,85.30000305175781,85.95999908447266,85.19999694824219,85.91999816894531,41.19221878051758,484800,0.0,0.0,0.0
2003-11-17,86.13999938964844,86.58999633789062,85.94999694824219,86.05000305175781,41.25456237792969,695000,0.0,0.0,0.0
2003-11-18,85.97000122070312,86.61000061035156,85.77999877929688,86.58000183105469,41.508670806884766,632200,0.0,0.0,0.0
2003-11-19,86.41999816894531,86.62000274658203,85.55999755859375,85.62000274658203,41.048431396484375,553900,0.0,0.0,0.0
2003-11-20,86.25,86.48999786376953,85.80000305175781,86.44999694824219,41.446346282958984,373300,0.0,0.0,0.0
2003-11-21,86.58000183105469,86.93000030517578,86.5,86.5,41.47030258178711,516900,0.0,0.0,0.0
2003-11-24,86.18000030517578,86.30999755859375,85.75,85.79000091552734,41.12990188598633,573800,0.0,0.0,0.0
2003-11-25,85.94999694824219,86.5199966430664,85.94999694824219,86.26000213623047,41.35525131225586,298700,0.0,0.0,0.0
2003-11-26,86.0999984741211,86.4000015258789,85.33000183105469,85.91000366210938,41.187461853027344,613800,0.0,0.0,0.0
2003-11-28,85.3499984741211,85.4000015258789,85.12999725341797,85.12999725341797,40.81348419189453,311300,0.0,0.0,0.0
2003-12-01,84.4000015258789,84.56999969482422,83.80000305175781,84.23999786376953,40.58610534667969,1106600,0.418,0.0,0.0
2003-12-02,84.4000015258789,84.5999984741211,84.0,84.5999984741211,40.75952911376953,589100,0.0,0.0,0.0
2003-12-03,84.51000213623047,84.77999877929688,83.94999694824219,84.26000213623047,40.595699310302734,1446100,0.0,0.0,0.0
2003-12-04,84.26000213623047,84.66999816894531,84.19000244140625,84.44999694824219,40.687294006347656,561500,0.0,0.0,0.0
2003-12-05,85.30000305175781,86.2300033569336,85.12000274658203,85.80000305175781,41.33770751953125,1163800,0.0,0.0,0.0
2003-12-08,85.77999877929688,85.77999877929688,85.08999633789062,85.19999694824219,41.04859924316406,436200,0.0,0.0,0.0
2003-12-09,85.44999694824219,85.69999694824219,84.36000061035156,84.5999984741211,40.75952911376953,939200,0.0,0.0,0.0
2003-12-10,85.06999969482422,85.0999984741211,84.55000305175781,84.73999786376953,40.82699966430664,555700,0.0,0.0,0.0
2003-12-11,84.51000213623047,85.37999725341797,84.37000274658203,85.3499984741211,41.12086486816406,510500,0.0,0.0,0.0
2003-12-12,85.41999816894531,85.87999725341797,85.41999816894531,85.51000213623047,41.197975158691406,553100,0.0,0.0,0.0
2003-12-15,85.5,85.87999725341797,85.18000030517578,85.45999908447266,41.173885345458984,690000,0.0,0.0,0.0
2003-12-16,85.4000015258789,85.86000061035156,85.2699966430664,85.73999786376953,41.308780670166016,462800,0.0,0.0,0.0
2003-12-17,86.2300033569336,86.6500015258789,86.19999694824219,86.31999969482422,41.588260650634766,533100,0.0,0.0,0.0
2003-12-18,86.30000305175781,87.0999984741211,86.30000305175781,87.0999984741211,41.96403503417969,708100,0.0,0.0,0.0
2003-12-19,86.97000122070312,87.06999969482422,86.61000061035156,87.06999969482422,41.949581146240234,477600,0.0,0.0,0.0
2003-12-22,87.12000274658203,87.33999633789062,86.6500015258789,86.83000183105469,41.83393478393555,483700,0.0,0.0,0.0
2003-12-23,86.52999877929688,86.69999694824219,85.8499984741211,85.8499984741211,41.36177444458008,446600,0.0,0.0,0.0
2003-12-24,86.37000274658203,86.66000366210938,86.16999816894531,86.66000366210938,41.75202560424805,138900,0.0,0.0,0.0
2003-12-26,86.9000015258789,87.04000091552734,86.9000015258789,86.9800033569336,41.90619659423828,80500,0.0,0.0,0.0
2003-12-29,86.69999694824219,86.7699966430664,86.16999816894531,86.19999694824219,41.53042221069336,187800,0.0,0.0,0.0
2003-12-30,85.80000305175781,86.13999938964844,85.5999984741211,85.8499984741211,41.36177444458008,393900,0.0,0.0,0.0
2003-12-31,85.37000274658203,85.56999969482422,85.30000305175781,85.44999694824219,41.361793518066406,171400,0.4,0.0,0.0
2004-01-02,85.08999633789062,85.08999633789062,84.08000183105469,84.44000244140625,40.87289047241211,867100,0.0,0.0,0.0
2004-01-05,84.01000213623047,84.37999725341797,83.9000015258789,84.22000122070312,40.76639175415039,626400,0.0,0.0,0.0
2004-01-06,84.54000091552734,85.38999938964844,84.5,85.1500015258789,41.21657943725586,690500,0.0,0.0,0.0
2004-01-07,85.0999984741211,85.69999694824219,84.88999938964844,85.48999786376953,41.38115692138672,252000,0.0,0.0,0.0
2004-01-08,85.30000305175781,85.63999938964844,85.18000030517578,85.45999908447266,41.36661148071289,513300,0.0,0.0,0.0
2004-01-09,86.87999725341797,87.06999969482422,86.01000213623047,86.94999694824219,42.087825775146484,1623000,0.0,0.0,0.0
2004-01-12,86.5999984741211,87.37999725341797,86.5999984741211,86.87999725341797,42.05398178100586,863200,0.0,0.0,0.0
2004-01-13,86.68000030517578,87.47000122070312,86.55999755859375,87.47000122070312,42.339569091796875,465700,0.0,0.0,0.0
2004-01-14,87.48999786376953,87.91999816894531,87.1500015258789,87.9000015258789,42.54770278930664,1180300,0.0,0.0,0.0
2004-01-15,87.94999694824219,88.30999755859375,87.5999984741211,88.2300033569336,42.70743942260742,1537200,0.0,0.0,0.0
2004-01-16,88.68000030517578,88.80000305175781,87.61000061035156,87.61000061035156,42.4073486328125,751800,0.0,0.0,0.0
2004-01-20,87.5,87.93000030517578,87.5,87.58999633789062,42.39763259887695,629600,0.0,0.0,0.0
2004-01-21,87.75,87.80999755859375,87.44000244140625,87.80000305175781,42.499324798583984,570500,0.0,0.0,0.0
2004-01-22,87.94999694824219,88.4800033569336,87.70999908447266,88.44000244140625,42.80908203125,443600,0.0,0.0,0.0
2004-01-23,88.55999755859375,88.9000015258789,87.26000213623047,87.37999725341797,42.295997619628906,1021300,0.0,0.0,0.0
2004-01-26,87.30000305175781,87.36000061035156,86.66999816894531,86.8499984741211,42.039424896240234,639500,0.0,0.0,0.0
2004-01-27,86.7300033569336,87.4000015258789,86.7300033569336,87.38999938964844,42.30084228515625,576100,0.0,0.0,0.0
2004-01-28,87.25,87.8499984741211,85.86000061035156,86.62000274658203,41.9280891418457,1823800,0.0,0.0,0.0
2004-01-29,86.22000122070312,86.58000183105469,86.0199966430664,86.44000244140625,41.840980529785156,814500,0.0,0.0,0.0
2004-01-30,86.9000015258789,87.22000122070312,86.5999984741211,87.04000091552734,42.13138961791992,526200,0.0,0.0,0.0
2004-02-02,86.44999694824219,86.87999725341797,86.37999725341797,86.5,42.04295349121094,335600,0.358,0.0,0.0
2004-02-03,86.91999816894531,86.98999786376953,86.5999984741211,86.94000244140625,42.256805419921875,350900,0.0,0.0,0.0
2004-02-04,86.79000091552734,86.86000061035156,86.4800033569336,86.7699966430664,42.174190521240234,645700,0.0,0.0,0.0
2004-02-05,86.83999633789062,87.08000183105469,86.23999786376953,86.43000030517578,42.008934020996094,971400,0.0,0.0,0.0
2004-02-06,87.13999938964844,87.44999694824219,87.02999877929688,87.37999725341797,42.47066879272461,798200,0.0,0.0,0.0
2004-02-09,87.55999755859375,87.63999938964844,87.38999938964844,87.63999938964844,42.59705352783203,272400,0.0,0.0,0.0
2004-02-10,87.4800033569336,87.55000305175781,87.04000091552734,87.1500015258789,42.35891342163086,203200,0.0,0.0,0.0
2004-02-11,87.0199966430664,88.19999694824219,86.91000366210938,87.80000305175781,42.67483901977539,1335100,0.0,0.0,0.0
2004-02-12,87.8499984741211,88.0,87.26000213623047,87.43000030517578,42.49498748779297,256700,0.0,0.0,0.0
2004-02-13,87.80000305175781,88.0999984741211,87.56999969482422,87.80000305175781,42.67483901977539,513600,0.0,0.0,0.0
2004-02-17,87.86000061035156,87.88999938964844,87.52999877929688,87.73999786376953,42.64564895629883,644100,0.0,0.0,0.0
2004-02-18,88.0999984741211,88.18000030517578,87.69000244140625,87.86000061035156,42.7039794921875,990900,0.0,0.0,0.0
2004-02-19,87.52999877929688,87.94999694824219,87.47000122070312,87.94999694824219,42.74772262573242,668900,0.0,0.0,0.0
2004-02-20,87.75,87.83000183105469,87.19999694824219,87.33999633789062,42.451202392578125,1009800,0.0,0.0,0.0
2004-02-23,87.38999938964844,87.87999725341797,87.31999969482422,87.87999725341797,42.713680267333984,504000,0.0,0.0,0.0
2004-02-24,88.05000305175781,88.38999938964844,87.86000061035156,88.04000091552734,42.791473388671875,940900,0.0,0.0,0.0
2004-02-25,88.22000122070312,88.36000061035156,88.02999877929688,88.18000030517578,42.85952377319336,572300,0.0,0.0,0.0
2004-02-26,87.8499984741211,87.95999908447266,87.54000091552734,87.9000015258789,42.723419189453125,399100,0.0,0.0,0.0
2004-02-27,88.22000122070312,88.77999877929688,87.95999908447266,88.66000366210938,43.09279251098633,836000,0.0,0.0,0.0
2004-03-01,88.45999908447266,88.63999938964844,88.04000091552734,88.2699966430664,43.076210021972656,771900,0.356,0.0,0.0
2004-03-02,88.12000274658203,88.19999694824219,87.4000015258789,87.70999908447266,42.80295181274414,676000,0.0,0.0,0.0
2004-03-03,87.38999938964844,87.63999938964844,87.11000061035156,87.55000305175781,42.72486114501953,718000,0.0,0.0,0.0
2004-03-04,87.4000015258789,87.94999694824219,87.33999633789062,87.94000244140625,42.91520309448242,421600,0.0,0.0,0.0
2004-03-05,89.7699966430664,90.0,89.5199966430664,89.63999938964844,43.744781494140625,2789800,0.0,0.0,0.0
2004-03-08,90.05999755859375,90.31999969482422,90.0,90.16999816894531,44.0034294128418,1309400,0.0,0.0,0.0
2004-03-09,90.25,90.8499984741211,90.19000244140625,90.7699966430664,44.29621887207031,829000,0.0,0.0,0.0
2004-03-10,90.5199966430664,90.93000030517578,90.4800033569336,90.70999908447266,44.2669677734375,878900,0.0,0.0,0.0
2004-03-11,91.05000305175781,91.05000305175781,90.1500015258789,90.83999633789062,44.33039474487305,1337100,0.0,0.0,0.0
2004-03-12,90.61000061035156,90.80999755859375,90.22000122070312,90.27999877929688,44.057106018066406,442100,0.0,0.0,0.0
2004-03-15,90.41999816894531,90.63999938964844,90.2300033569336,90.43000030517578,44.13030242919922,756200,0.0,0.0,0.0
2004-03-16,90.29000091552734,91.18000030517578,90.05000305175781,91.18000030517578,44.496334075927734,1374200,0.0,0.0,0.0
2004-03-17,91.47000122070312,91.4800033569336,90.9000015258789,91.02999877929688,44.423095703125,1936500,0.0,0.0,0.0
2004-03-18,90.70999908447266,91.05999755859375,90.4000015258789,90.55000305175781,44.18882751464844,1842100,0.0,0.0,0.0
2004-03-19,90.47000122070312,90.5999984741211,90.20999908447266,90.43000030517578,44.13030242919922,366700,0.0,0.0,0.0
2004-03-22,90.58999633789062,90.9800033569336,90.58999633789062,90.9800033569336,44.39871597290039,947200,0.0,0.0,0.0
2004-03-23,90.88999938964844,91.13999938964844,90.75,91.13999938964844,44.47675323486328,562200,0.0,0.0,0.0
2004-03-24,91.16000366210938,91.2300033569336,90.91999816894531,91.08999633789062,44.45238494873047,327400,0.0,0.0,0.0
2004-03-25,90.72000122070312,90.94000244140625,90.6500015258789,90.73999786376953,44.28158187866211,514000,0.0,0.0,0.0
2004-03-26,90.4800033569336,90.5999984741211,89.5999984741211,89.77999877929688,43.81309509277344,1378600,0.0,0.0,0.0
2004-03-29,89.05000305175781,89.2300033569336,88.9000015258789,89.18000030517578,43.520301818847656,2454000,0.0,0.0,0.0
2004-03-30,89.30000305175781,89.43000030517578,89.06999969482422,89.12000274658203,43.49104309082031,1021000,0.0,0.0,0.0
2004-03-31,89.25,89.62999725341797,89.20999908447266,89.55000305175781,43.700870513916016,1647300,0.0,0.0,0.0
2004-04-01,88.9800033569336,89.05999755859375,88.55000305175781,88.91000366210938,43.55781173706055,1309200,0.348,0.0,0.0
2004-04-02,87.12999725341797,87.12999725341797,86.41000366210938,86.70999908447266,42.480003356933594,2603700,0.0,0.0,0.0
2004-04-05,86.31999969482422,86.38999938964844,85.91000366210938,86.02999877929688,42.146873474121094,1422700,0.0,0.0,0.0
2004-04-06,86.4000015258789,86.5,86.19999694824219,86.5,42.377113342285156,1695400,0.0,0.0,0.0
2004-04-07,86.30000305175781,86.80000305175781,86.25,86.30000305175781,42.279136657714844,659600,0.0,0.0,0.0
2004-04-08,86.16999816894531,86.41999816894531,85.9800033569336,86.05000305175781,42.15666580200195,893700,0.0,0.0,0.0
2004-04-12,85.80999755859375,85.87000274658203,85.5999984741211,85.73999786376953,42.00482940673828,311700,0.0,0.0,0.0
2004-04-13,84.93000030517578,85.11000061035156,84.7699966430664,84.80999755859375,41.5492057800293,1449500,0.0,0.0,0.0
2004-04-14,83.9800033569336,84.76000213623047,83.9800033569336,84.73999786376953,41.5148811340332,2529200,0.0,0.0,0.0
2004-04-15,84.66999816894531,84.80000305175781,84.18000030517578,84.23999786376953,41.26993942260742,1184800,0.0,0.0,0.0
2004-04-16,84.68000030517578,84.87000274658203,84.41000366210938,84.55999755859375,41.42670822143555,986900,0.0,0.0,0.0
2004-04-19,84.8499984741211,84.91000366210938,84.30000305175781,84.37999725341797,41.338523864746094,682100,0.0,0.0,0.0
2004-04-20,84.2699966430664,84.43000030517578,83.61000061035156,83.61000061035156,40.9613037109375,1618700,0.0,0.0,0.0
2004-04-21,83.72000122070312,84.31999969482422,83.72000122070312,84.0199966430664,41.16216278076172,763600,0.0,0.0,0.0
2004-04-22,84.25,84.58999633789062,84.13999938964844,84.5199966430664,41.407108306884766,1024300,0.0,0.0,0.0
2004-04-23,84.11000061035156,84.33999633789062,83.75,84.04000091552734,41.171966552734375,963200,0.0,0.0,0.0
2004-04-26,84.08999633789062,84.29000091552734,84.05999755859375,84.18000030517578,41.24050521850586,515800,0.0,0.0,0.0
2004-04-27,84.4000015258789,84.55000305175781,84.08000183105469,84.5,41.39732360839844,1033400,0.0,0.0,0.0
2004-04-28,84.30000305175781,84.43000030517578,83.61000061035156,83.70999908447266,41.01026153564453,1215700,0.0,0.0,0.0
2004-04-29,83.75,84.18000030517578,83.01000213623047,83.30000305175781,40.80940628051758,2504900,0.0,0.0,0.0
2004-04-30,83.43000030517578,83.80000305175781,83.2699966430664,83.63999938964844,40.97600173950195,831500,0.0,0.0,0.0
2004-05-03,83.0999984741211,83.56999969482422,83.0999984741211,83.41999816894531,41.027626037597656,668800,0.325,0.0,0.0
2004-05-04,83.62999725341797,83.9000015258789,82.69000244140625,82.8499984741211,40.74728775024414,3950900,0.0,0.0,0.0
2004-05-05,83.26000213623047,83.26000213623047,82.5,82.62000274658203,40.63417053222656,2236600,0.0,0.0,0.0
2004-05-06,82.55999755859375,82.6500015258789,82.37000274658203,82.4000015258789,40.52595138549805,3163200,0.0,0.0,0.0
2004-05-07,81.44999694824219,81.5,81.0999984741211,81.31999969482422,39.99480056762695,1756400,0.0,0.0,0.0
2004-05-10,81.4800033569336,81.61000061035156,81.11000061035156,81.12999725341797,39.9013557434082,958700,0.0,0.0,0.0
2004-05-11,81.11000061035156,81.5199966430664,81.11000061035156,81.5,40.083343505859375,766000,0.0,0.0,0.0
2004-05-12,81.4000015258789,81.44000244140625,80.94000244140625,80.95999908447266,39.817752838134766,1945700,0.0,0.0,0.0
2004-05-13,80.88999938964844,80.91999816894531,80.51000213623047,80.6500015258789,39.66530227661133,1187000,0.0,0.0,0.0
2004-05-14,81.04000091552734,81.38999938964844,80.7300033569336,81.30999755859375,39.989906311035156,4086400,0.0,0.0,0.0
2004-05-17,81.87000274658203,82.06999969482422,81.68000030517578,82.02999877929688,40.34401321411133,1735600,0.0,0.0,0.0
2004-05-18,81.69999694824219,81.91000366210938,81.56999969482422,81.70999908447266,40.18661880493164,674200,0.0,0.0,0.0
2004-05-19,81.4000015258789,81.44999694824219,81.1500015258789,81.44000244140625,40.0538444519043,319200,0.0,0.0,0.0
2004-05-20,81.73999786376953,82.0999984741211,81.62000274658203,82.06999969482422,40.363685607910156,1745900,0.0,0.0,0.0
2004-05-21,82.37000274658203,82.37999725341797,81.58999633789062,81.73999786376953,40.20136642456055,1461900,0.0,0.0,0.0
2004-05-24,81.93000030517578,82.08000183105469,81.68000030517578,82.0,40.32926559448242,314800,0.0,0.0,0.0
2004-05-25,82.02999877929688,82.31999969482422,82.01000213623047,82.23999786376953,40.447303771972656,645300,0.0,0.0,0.0
2004-05-26,82.4000015258789,82.7300033569336,82.31999969482422,82.68000030517578,40.66371154785156,505500,0.0,0.0,0.0
2004-05-27,83.02999877929688,83.4000015258789,82.83000183105469,83.33000183105469,40.98335647583008,1122800,0.0,0.0,0.0
2004-05-28,83.0199966430664,83.5,82.75,83.0999984741211,40.870262145996094,612700,0.0,0.0,0.0
2004-06-01,82.37000274658203,82.4000015258789,81.69999694824219,82.0199966430664,40.496009826660156,662000,0.322,0.0,0.0
2004-06-02,82.0199966430664,82.12999725341797,81.76000213623047,81.80999755859375,40.39229202270508,906600,0.0,0.0,0.0
2004-06-03,81.80000305175781,82.05000305175781,81.58999633789062,81.9800033569336,40.47625732421875,1173600,0.0,0.0,0.0
2004-06-04,82.04000091552734,82.12999725341797,81.44000244140625,81.5,40.23924255371094,568200,0.0,0.0,0.0
2004-06-07,81.41999816894531,81.58999633789062,81.22000122070312,81.5199966430664,40.249149322509766,377200,0.0,0.0,0.0
2004-06-08,81.19999694824219,81.68000030517578,81.08000183105469,81.66999816894531,40.32319259643555,1294200,0.0,0.0,0.0
2004-06-09,81.44999694824219,81.5199966430664,81.0,81.31999969482422,40.15036392211914,589400,0.0,0.0,0.0
2004-06-10,81.36000061035156,81.5999984741211,81.1500015258789,81.4800033569336,40.22933578491211,336200,0.0,0.0,0.0
2004-06-14,81.19999694824219,81.26000213623047,80.76000213623047,80.83000183105469,39.908485412597656,892200,0.0,0.0,0.0
2004-06-15,81.80999755859375,82.62000274658203,81.80999755859375,82.54000091552734,40.752723693847656,1567400,0.0,0.0,0.0
2004-06-16,82.05000305175781,82.33999633789062,81.98999786376953,82.22000122070312,40.594757080078125,494700,0.0,0.0,0.0
2004-06-17,82.08999633789062,82.7699966430664,81.97000122070312,82.76000213623047,40.86137390136719,552800,0.0,0.0,0.0
2004-06-18,82.76000213623047,82.8499984741211,82.37000274658203,82.58000183105469,40.77251052856445,394500,0.0,0.0,0.0
2004-06-21,82.62999725341797,82.75,82.48999786376953,82.63999938964844,40.8021240234375,731900,0.0,0.0,0.0
2004-06-22,82.43000030517578,82.58999633789062,82.36000061035156,82.38999938964844,40.67871856689453,362700,0.0,0.0,0.0
2004-06-23,82.29000091552734,82.68000030517578,82.18000030517578,82.55000305175781,40.75764846801758,302900,0.0,0.0,0.0
2004-06-24,83.26000213623047,83.33999633789062,82.9000015258789,83.05000305175781,41.00457763671875,1087900,0.0,0.0,0.0
2004-06-25,82.91999816894531,83.1500015258789,82.87000274658203,83.12999725341797,41.04402160644531,253200,0.0,0.0,0.0
2004-06-28,82.77999877929688,82.87000274658203,82.18000030517578,82.27999877929688,40.62437438964844,573100,0.0,0.0,0.0
2004-06-29,82.4000015258789,82.83999633789062,82.16999816894531,82.80000305175781,40.88113784790039,401500,0.0,0.0,0.0
2004-06-30,83.02999877929688,83.75,82.91000366210938,83.6500015258789,41.300785064697266,1730800,0.0,0.0,0.0
2004-07-01,83.3499984741211,83.55999755859375,82.93000030517578,83.47000122070312,41.378135681152344,1099300,0.336,0.0,0.0
2004-07-02,84.66000366210938,84.69000244140625,84.26000213623047,84.3499984741211,41.81437301635742,1293300,0.0,0.0,0.0
2004-07-06,84.56999969482422,84.58999633789062,84.13999938964844,84.20999908447266,41.7449836730957,351600,0.0,0.0,0.0
2004-07-07,84.19999694824219,84.41999816894531,84.12999725341797,84.23999786376953,41.75981140136719,303500,0.0,0.0,0.0
2004-07-08,84.30000305175781,84.54000091552734,84.2300033569336,84.29000091552734,41.784645080566406,715200,0.0,0.0,0.0
2004-07-09,84.25,84.41999816894531,84.08999633789062,84.37999725341797,41.82921600341797,2152900,0.0,0.0,0.0
2004-07-12,84.61000061035156,84.66000366210938,84.44000244140625,84.5,41.888729095458984,1297800,0.0,0.0,0.0
2004-07-13,84.19999694824219,84.2699966430664,83.94999694824219,84.25,41.764793395996094,307100,0.0,0.0,0.0
2004-07-14,84.31999969482422,84.37000274658203,84.1500015258789,84.27999877929688,41.779666900634766,241400,0.0,0.0,0.0
2004-07-15,84.29000091552734,84.37999725341797,84.16999816894531,84.37000274658203,41.824256896972656,562700,0.0,0.0,0.0
2004-07-16,84.8499984741211,85.5,84.8499984741211,85.48999786376953,42.37948989868164,2970600,0.0,0.0,0.0
2004-07-19,85.41000366210938,85.56999969482422,85.36000061035156,85.55000305175781,42.40921401977539,978300,0.0,0.0,0.0
2004-07-20,85.30999755859375,85.37999725341797,84.5999984741211,84.77999877929688,42.027496337890625,1091500,0.0,0.0,0.0
2004-07-21,84.41000366210938,84.55999755859375,84.19000244140625,84.55000305175781,41.913516998291016,662800,0.0,0.0,0.0
2004-07-22,84.58000183105469,84.8499984741211,84.58000183105469,84.66999816894531,41.97298812866211,154700,0.0,0.0,0.0
2004-07-23,84.77999877929688,84.97000122070312,84.77999877929688,84.94999694824219,42.111812591552734,209200,0.0,0.0,0.0
2004-07-26,84.83999633789062,84.83999633789062,84.45999908447266,84.55000305175781,41.913516998291016,712000,0.0,0.0,0.0
2004-07-27,84.4000015258789,84.47000122070312,83.41000366210938,83.41000366210938,41.3483772277832,961200,0.0,0.0,0.0
2004-07-28,83.22000122070312,83.52999877929688,83.04000091552734,83.41999816894531,41.35333251953125,495200,0.0,0.0,0.0
2004-07-29,83.2699966430664,83.6500015258789,83.2699966430664,83.61000061035156,41.44752502441406,519600,0.0,0.0,0.0
2004-07-30,84.06999969482422,84.62999725341797,84.0,84.58999633789062,41.93331527709961,578400,0.0,0.0,0.0
2004-08-02,84.5,84.61000061035156,84.31999969482422,84.37000274658203,41.98807907104492,714800,0.33,0.0,0.0
2004-08-03,84.48999786376953,84.83000183105469,84.4000015258789,84.70999908447266,42.157283782958984,509500,0.0,0.0,0.0
2004-08-04,84.68000030517578,85.12000274658203,84.5,84.75,42.177162170410156,481300,0.0,0.0,0.0
2004-08-05,84.87999725341797,85.08999633789062,84.86000061035156,84.98999786376953,42.29666519165039,623100,0.0,0.0,0.0
2004-08-06,86.41000366210938,86.86000061035156,86.12000274658203,86.41999816894531,43.00830078125,1240900,0.0,0.0,0.0
2004-08-09,86.1500015258789,86.33999633789062,86.06999969482422,86.12000274658203,42.85898208618164,322100,0.0,0.0,0.0
2004-08-10,86.26000213623047,86.44000244140625,85.80999755859375,85.80999755859375,42.7047119140625,860100,0.0,0.0,0.0
2004-08-11,85.81999969482422,86.2699966430664,85.7300033569336,86.18000030517578,42.888877868652344,898400,0.0,0.0,0.0
2004-08-12,86.0,86.36000061035156,85.88999938964844,86.36000061035156,42.97842025756836,697500,0.0,0.0,0.0
2004-08-13,86.66999816894531,86.9000015258789,86.5199966430664,86.63999938964844,43.11778259277344,637500,0.0,0.0,0.0
2004-08-16,86.47000122070312,86.52999877929688,86.0199966430664,86.33999633789062,42.968441009521484,729400,0.0,0.0,0.0
2004-08-17,86.4000015258789,86.8499984741211,86.36000061035156,86.83000183105469,43.21234893798828,182000,0.0,0.0,0.0
2004-08-18,87.02999877929688,87.05999755859375,86.4000015258789,86.41000366210938,43.003299713134766,365300,0.0,0.0,0.0
2004-08-19,86.5,86.75,86.33999633789062,86.62000274658203,43.107757568359375,372900,0.0,0.0,0.0
2004-08-20,86.58000183105469,86.75,86.4000015258789,86.54000091552734,43.06801223754883,875400,0.0,0.0,0.0
2004-08-23,86.11000061035156,86.16999816894531,85.97000122070312,86.04000091552734,42.819217681884766,1007200,0.0,0.0,0.0
2004-08-24,85.94999694824219,86.13999938964844,85.7699966430664,86.08999633789062,42.84406661987305,1044200,0.0,0.0,0.0
2004-08-25,86.31999969482422,86.63999938964844,86.25,86.38999938964844,42.99333953857422,588200,0.0,0.0,0.0
2004-08-26,86.55999755859375,86.87999725341797,86.44000244140625,86.87999725341797,43.23723220825195,478000,0.0,0.0,0.0
2004-08-27,86.83000183105469,87.02999877929688,86.63999938964844,86.81999969482422,43.20735168457031,304400,0.0,0.0,0.0
2004-08-30,87.0,87.2300033569336,86.91999816894531,87.2300033569336,43.411399841308594,259100,0.0,0.0,0.0
2004-08-31,87.30000305175781,88.0,87.23999786376953,87.7699966430664,43.680171966552734,1721100,0.0,0.0,0.0
2004-09-01,87.69999694824219,87.69999694824219,87.1500015258789,87.51000213623047,43.72510528564453,1388900,0.35,0.0,0.0
2004-09-02,87.37000274658203,87.37000274658203,86.6500015258789,86.6500015258789,43.295413970947266,867000,0.0,0.0,0.0
2004-09-03,86.47000122070312,86.66000366210938,86.0,86.66000366210938,43.300357818603516,958100,0.0,0.0,0.0
2004-09-07,86.23999786376953,86.58000183105469,86.19000244140625,86.56999969482422,43.25544738769531,475500,0.0,0.0,0.0
2004-09-08,86.26000213623047,87.31999969482422,86.18000030517578,87.30000305175781,43.620201110839844,584800,0.0,0.0,0.0
2004-09-09,87.22000122070312,87.58000183105469,86.86000061035156,86.97000122070312,43.45528793334961,284800,0.0,0.0,0.0
2004-09-10,87.37999725341797,87.52999877929688,87.05999755859375,87.0999984741211,43.52024841308594,711700,0.0,0.0,0.0
2004-09-13,87.19999694824219,87.52999877929688,87.12000274658203,87.4800033569336,43.710105895996094,152900,0.0,0.0,0.0
2004-09-14,87.36000061035156,87.68000030517578,87.18000030517578,87.56999969482422,43.75509262084961,695700,0.0,0.0,0.0
2004-09-15,87.5,87.5,87.18000030517578,87.37000274658203,43.655181884765625,642500,0.0,0.0,0.0
2004-09-16,87.55999755859375,88.4800033569336,87.5,88.36000061035156,44.149837493896484,1103400,0.0,0.0,0.0
2004-09-17,88.12999725341797,88.38999938964844,87.88999938964844,87.91999816894531,43.92996597290039,765400,0.0,0.0,0.0
2004-09-20,88.26000213623047,88.56999969482422,88.19000244140625,88.5,44.21977615356445,727200,0.0,0.0,0.0
2004-09-21,88.36000061035156,88.91999816894531,88.0999984741211,88.76000213623047,44.34965896606445,1018500,0.0,0.0,0.0
2004-09-22,88.80000305175781,89.80999755859375,88.6500015258789,89.68000030517578,44.80936813354492,2541200,0.0,0.0,0.0
2004-09-23,89.66999816894531,89.87999725341797,89.31999969482422,89.31999969482422,44.62948989868164,2391000,0.0,0.0,0.0
2004-09-24,89.3499984741211,89.48999786376953,89.0999984741211,89.43000030517578,44.6844596862793,1984300,0.0,0.0,0.0
2004-09-27,89.5999984741211,89.88999938964844,89.56999969482422,89.81999969482422,44.87931823730469,1420800,0.0,0.0,0.0
2004-09-28,89.68000030517578,89.94999694824219,89.22000122070312,89.45999908447266,44.699432373046875,1161100,0.0,0.0,0.0
2004-09-29,88.69999694824219,88.87000274658203,88.55999755859375,88.58999633789062,44.26472091674805,1970700,0.0,0.0,0.0
2004-09-30,88.13999938964844,88.37000274658203,87.95999908447266,88.25,44.094844818115234,1945700,0.0,0.0,0.0
2004-10-01,87.5,87.62999725341797,87.29000091552734,87.44999694824219,43.87458801269531,1999300,0.361,0.0,0.0
2004-10-04,87.0,87.5999984741211,87.0,87.58000183105469,43.93982696533203,1106200,0.0,0.0,0.0
2004-10-05,87.52999877929688,87.69999694824219,87.41999816894531,87.58000183105469,43.93982696533203,501700,0.0,0.0,0.0
2004-10-06,87.44999694824219,87.47000122070312,87.0199966430664,87.18000030517578,43.7391357421875,531300,0.0,0.0,0.0
2004-10-07,87.0,87.18000030517578,86.73999786376953,86.80000305175781,43.54846954345703,2128600,0.0,0.0,0.0
2004-10-08,87.97000122070312,88.20999908447266,87.75,87.94999694824219,44.1254997253418,1534500,0.0,0.0,0.0
2004-10-11,87.94999694824219,88.0999984741211,87.7300033569336,88.04000091552734,44.17061233520508,60800,0.0,0.0,0.0
2004-10-12,88.33999633789062,88.38999938964844,88.16000366210938,88.23999786376953,44.27094650268555,757900,0.0,0.0,0.0
2004-10-13,88.0,88.55999755859375,87.94999694824219,88.55999755859375,44.43151092529297,648000,0.0,0.0,0.0
2004-10-14,88.5,89.01000213623047,88.41000366210938,88.9800033569336,44.64223861694336,717100,0.0,0.0,0.0
2004-10-15,88.80999755859375,88.98999786376953,88.18000030517578,88.66999816894531,44.486698150634766,746400,0.0,0.0,0.0
2004-10-18,88.6500015258789,88.79000091552734,88.37000274658203,88.70999908447266,44.506752014160156,613600,0.0,0.0,0.0
2004-10-19,88.33000183105469,88.98999786376953,88.2699966430664,88.94000244140625,44.622154235839844,505400,0.0,0.0,0.0
2004-10-20,89.26000213623047,89.61000061035156,89.19999694824219,89.55000305175781,44.92821502685547,1127100,0.0,0.0,0.0
2004-10-21,89.44000244140625,89.9000015258789,89.44000244140625,89.61000061035156,44.95829391479492,1649200,0.0,0.0,0.0
2004-10-22,89.5,89.81999969482422,89.37000274658203,89.81999969482422,45.0636100769043,491500,0.0,0.0,0.0
2004-10-25,90.06999969482422,90.08999633789062,89.80000305175781,89.88999938964844,45.098777770996094,246800,0.0,0.0,0.0
2004-10-26,89.94999694824219,90.01000213623047,89.62000274658203,89.62000274658203,44.963294982910156,503700,0.0,0.0,0.0
2004-10-27,89.87000274658203,90.05000305175781,88.72000122070312,88.73999786376953,44.52180480957031,2351800,0.0,0.0,0.0
2004-10-28,88.73999786376953,89.16000366210938,88.5199966430664,89.02999877929688,44.667301177978516,839200,0.0,0.0,0.0
2004-10-29,89.11000061035156,89.48999786376953,88.91999816894531,89.44000244140625,44.87300109863281,1169300,0.0,0.0,0.0
2004-11-01,88.75,89.0,88.4000015258789,88.5199966430664,44.59392166137695,923500,0.366,0.0,0.0
2004-11-02,88.4800033569336,88.7300033569336,88.30999755859375,88.6500015258789,44.659420013427734,709300,0.0,0.0,0.0
2004-11-03,88.02999877929688,88.75,88.0,88.69000244140625,44.67958068847656,1066600,0.0,0.0,0.0
2004-11-04,88.86000061035156,89.0999984741211,88.75,88.77999877929688,44.72492599487305,2285100,0.0,0.0,0.0
2004-11-05,87.73999786376953,87.93000030517578,87.5199966430664,87.80999755859375,44.23625564575195,1838000,0.0,0.0,0.0
2004-11-08,87.5,87.5999984741211,87.4000015258789,87.5,44.080074310302734,454100,0.0,0.0,0.0
2004-11-09,87.4000015258789,87.7300033569336,87.4000015258789,87.44999694824219,44.05489730834961,373000,0.0,0.0,0.0
2004-11-10,87.30999755859375,87.47000122070312,86.91000366210938,87.12000274658203,43.88862609863281,1303400,0.0,0.0,0.0
2004-11-11,87.44999694824219,87.44999694824219,86.93000030517578,86.93000030517578,43.792938232421875,309700,0.0,0.0,0.0
2004-11-12,87.33999633789062,88.11000061035156,87.33000183105469,87.87000274658203,44.2664680480957,1125900,0.0,0.0,0.0
2004-11-15,87.94999694824219,88.0,87.73999786376953,87.94999694824219,44.3067626953125,763200,0.0,0.0,0.0
2004-11-16,87.80999755859375,87.94999694824219,87.69999694824219,87.94999694824219,44.3067626953125,520900,0.0,0.0,0.0
2004-11-17,87.88999938964844,88.76000213623047,87.88999938964844,88.69999694824219,44.684593200683594,1249400,0.0,0.0,0.0
2004-11-18,88.55000305175781,89.05999755859375,88.41000366210938,88.97000122070312,44.82061004638672,891500,0.0,0.0,0.0
2004-11-19,88.9000015258789,89.02999877929688,88.08999633789062,88.26000213623047,44.46295928955078,1244500,0.0,0.0,0.0
2004-11-22,88.3499984741211,88.87000274658203,88.30000305175781,88.72000122070312,44.6946907043457,511500,0.0,0.0,0.0
2004-11-23,88.5,89.19999694824219,88.4800033569336,88.83000183105469,44.7501106262207,746300,0.0,0.0,0.0
2004-11-24,88.91000366210938,88.91000366210938,88.7300033569336,88.83000183105469,44.7501106262207,309700,0.0,0.0,0.0
2004-11-26,88.29000091552734,88.33999633789062,88.2300033569336,88.25,44.457881927490234,697100,0.0,0.0,0.0
2004-11-29,87.47000122070312,87.5999984741211,87.16999816894531,87.30999755859375,43.984375,1546400,0.0,0.0,0.0
2004-11-30,86.94000244140625,87.16000366210938,86.62999725341797,86.94000244140625,43.79795455932617,1754500,0.0,0.0,0.0
2004-12-01,86.69999694824219,86.75,86.18000030517578,86.44999694824219,43.729713439941406,2489800,0.355,0.0,0.0
2004-12-02,86.16999816894531,86.30000305175781,86.01000213623047,86.0999984741211,43.552635192871094,2881500,0.0,0.0,0.0
2004-12-03,87.1500015258789,87.66000366210938,86.93000030517578,87.44000244140625,44.23044204711914,2233700,0.0,0.0,0.0
2004-12-06,87.48999786376953,87.8499984741211,87.44999694824219,87.73999786376953,44.3822021484375,1314100,0.0,0.0,0.0
2004-12-07,87.73999786376953,87.88999938964844,87.5,87.8499984741211,44.43783950805664,784300,0.0,0.0,0.0
2004-12-08,88.41000366210938,89.22000122070312,88.36000061035156,89.22000122070312,45.13086700439453,2639700,0.0,0.0,0.0
2004-12-09,88.98999786376953,89.2699966430664,88.56999969482422,88.62999725341797,44.83238983154297,1428900,0.0,0.0,0.0
2004-12-10,88.94999694824219,89.05000305175781,88.66999816894531,88.8499984741211,44.94366455078125,1445000,0.0,0.0,0.0
2004-12-13,88.81999969482422,89.29000091552734,88.80000305175781,89.04000091552734,45.03983688354492,677400,0.0,0.0,0.0
2004-12-14,88.73999786376953,89.44000244140625,88.69999694824219,89.38999938964844,45.21683120727539,1568200,0.0,0.0,0.0
2004-12-15,89.94999694824219,90.25,89.83999633789062,90.19999694824219,45.62656021118164,2511500,0.0,0.0,0.0
2004-12-16,89.88999938964844,89.88999938964844,88.8499984741211,88.87000274658203,44.95378112792969,1998200,0.0,0.0,0.0
2004-12-17,88.4800033569336,88.87999725341797,88.43000030517578,88.75,44.89310073852539,1319800,0.0,0.0,0.0
2004-12-20,88.87000274658203,89.0999984741211,88.81999969482422,88.91000366210938,44.97403335571289,230500,0.0,0.0,0.0
2004-12-21,89.05999755859375,89.23999786376953,88.9000015258789,89.18000030517578,45.110595703125,245200,0.0,0.0,0.0
2004-12-22,89.20999908447266,89.20999908447266,88.69999694824219,88.87999725341797,44.958839416503906,511600,0.0,0.0,0.0
2004-12-23,88.73999786376953,88.79000091552734,88.56999969482422,88.58999633789062,44.812137603759766,738600,0.0,0.0,0.0
2004-12-27,88.33000183105469,88.37000274658203,87.69999694824219,87.9000015258789,44.46314239501953,1322600,0.0,0.0,0.0
2004-12-28,87.86000061035156,87.91000366210938,87.4000015258789,87.83000183105469,44.42771530151367,1253500,0.0,0.0,0.0
2004-12-29,87.87000274658203,88.0,87.56999969482422,87.73999786376953,44.3822021484375,567500,0.0,0.0,0.0
2004-12-30,87.80000305175781,88.44999694824219,87.73999786376953,88.33000183105469,44.68067932128906,626400,0.0,0.0,0.0
2004-12-31,88.37000274658203,88.6500015258789,88.30000305175781,88.55000305175781,44.96244812011719,1056400,0.335,0.0,0.0
2005-01-03,88.18000030517578,88.83999633789062,88.16000366210938,88.73999786376953,45.058921813964844,1168000,0.0,0.0,0.0
2005-01-04,88.72000122070312,88.75,87.80999755859375,87.80999755859375,44.58671569824219,1935400,0.0,0.0,0.0
2005-01-05,87.98999786376953,88.55000305175781,87.94000244140625,88.27999877929688,44.82539367675781,1094100,0.0,0.0,0.0
2005-01-06,88.29000091552734,88.54000091552734,88.22000122070312,88.33999633789062,44.85581970214844,1057400,0.0,0.0,0.0
2005-01-07,88.76000213623047,88.87000274658203,88.3499984741211,88.54000091552734,44.9573974609375,738700,0.0,0.0,0.0
2005-01-10,88.63999938964844,88.72000122070312,88.47000122070312,88.68000030517578,45.028438568115234,379400,0.0,0.0,0.0
2005-01-11,88.9000015258789,89.27999877929688,88.73999786376953,89.19999694824219,45.292503356933594,844100,0.0,0.0,0.0
2005-01-12,88.87000274658203,89.44000244140625,88.80000305175781,89.31999969482422,45.353450775146484,722000,0.0,0.0,0.0
2005-01-13,89.75,90.18000030517578,89.7300033569336,90.18000030517578,45.79013442993164,1876700,0.0,0.0,0.0
2005-01-14,89.9000015258789,90.4000015258789,89.80999755859375,90.16999816894531,45.785064697265625,1043800,0.0,0.0,0.0
2005-01-18,89.80000305175781,90.48999786376953,89.7300033569336,90.47000122070312,45.93731689453125,1251600,0.0,0.0,0.0
2005-01-19,90.80000305175781,90.83999633789062,90.2699966430664,90.7300033569336,46.06938552856445,655800,0.0,0.0,0.0
2005-01-20,90.41999816894531,91.0199966430664,90.3499984741211,90.91000366210938,46.16080093383789,1064200,0.0,0.0,0.0
2005-01-21,90.5999984741211,91.05000305175781,90.5199966430664,91.01000213623047,46.211578369140625,606300,0.0,0.0,0.0
2005-01-24,91.08999633789062,91.5,91.0,91.4000015258789,46.4095344543457,561400,0.0,0.0,0.0
2005-01-25,91.36000061035156,91.4000015258789,90.51000213623047,90.54000091552734,45.972923278808594,1942200,0.0,0.0,0.0
2005-01-26,90.8499984741211,90.91999816894531,90.62999725341797,90.70999908447266,46.059234619140625,709800,0.0,0.0,0.0
2005-01-27,90.5199966430664,90.69999694824219,90.33999633789062,90.54000091552734,45.972923278808594,463900,0.0,0.0,0.0
2005-01-28,91.22000122070312,91.5999984741211,91.16999816894531,91.44999694824219,46.43498611450195,1128000,0.0,0.0,0.0
2005-01-31,91.33000183105469,91.75,91.29000091552734,91.70999908447266,46.56698226928711,1313900,0.0,0.0,0.0
2005-02-01,91.44000244140625,91.5,91.05000305175781,91.22000122070312,46.49307632446289,948200,0.345,0.0,0.0
2005-02-02,91.19999694824219,91.45999908447266,91.08999633789062,91.43000030517578,46.600154876708984,760300,0.0,0.0,0.0
2005-02-03,91.05999755859375,91.44000244140625,91.05999755859375,91.37999725341797,46.574623107910156,505800,0.0,0.0,0.0
2005-02-04,92.47000122070312,92.94000244140625,92.45999908447266,92.6500015258789,47.22190475463867,3483900,0.0,0.0,0.0
2005-02-07,92.73999786376953,93.41999816894531,92.69999694824219,93.33999633789062,47.5735969543457,1064600,0.0,0.0,0.0
2005-02-08,93.37000274658203,94.12000274658203,93.33000183105469,93.87000274658203,47.84378433227539,1383800,0.0,0.0,0.0
2005-02-09,93.44000244140625,94.23999786376953,93.37999725341797,94.12000274658203,47.9711799621582,2125800,0.0,0.0,0.0
2005-02-10,93.48999786376953,93.68000030517578,92.75,92.8499984741211,47.32386016845703,1240000,0.0,0.0,0.0
2005-02-11,92.45999908447266,92.9800033569336,92.4000015258789,92.79000091552734,47.29328536987305,1275200,0.0,0.0,0.0
2005-02-14,92.9000015258789,93.20999908447266,92.7300033569336,93.08000183105469,47.441097259521484,295000,0.0,0.0,0.0
2005-02-15,92.5999984741211,92.86000061035156,92.56999969482422,92.61000061035156,47.20156478881836,900200,0.0,0.0,0.0
2005-02-16,92.51000213623047,92.56999969482422,91.80000305175781,92.26000213623047,47.02314758300781,1189700,0.0,0.0,0.0
2005-02-17,91.76000213623047,92.13999938964844,91.5999984741211,91.68000030517578,46.72758483886719,1146400,0.0,0.0,0.0
2005-02-18,90.55000305175781,90.94999694824219,90.45999908447266,90.86000061035156,46.309600830078125,2655800,0.0,0.0,0.0
2005-02-22,90.62999725341797,90.75,90.4000015258789,90.45999908447266,46.10569381713867,914600,0.0,0.0,0.0
2005-02-23,91.13999938964844,91.16999816894531,90.43000030517578,90.76000213623047,46.25864028930664,1115000,0.0,0.0,0.0
2005-02-24,91.16000366210938,91.33000183105469,90.55999755859375,90.55999755859375,46.156707763671875,798500,0.0,0.0,0.0
2005-02-25,90.88999938964844,91.13999938964844,90.62000274658203,91.0,46.38096237182617,588800,0.0,0.0,0.0
2005-02-28,91.0999984741211,91.0999984741211,89.88999938964844,90.0199966430664,45.88145446777344,2797300,0.0,0.0,0.0
2005-03-01,89.54000091552734,89.86000061035156,89.44999694824219,89.70999908447266,45.867156982421875,1648500,0.282,0.0,0.0
2005-03-02,89.44999694824219,89.72000122070312,89.41999816894531,89.58999633789062,45.80580520629883,1139300,0.0,0.0,0.0
2005-03-03,89.62000274658203,89.80000305175781,89.44999694824219,89.54000091552734,45.78024673461914,1600600,0.0,0.0,0.0
2005-03-04,89.98999786376953,90.66999816894531,89.87000274658203,90.51000213623047,46.27616500854492,1567000,0.0,0.0,0.0
2005-03-07,90.8499984741211,90.98999786376953,90.75,90.87000274658203,46.46025085449219,889800,0.0,0.0,0.0
2005-03-08,90.12999725341797,90.2699966430664,89.94000244140625,90.01000213623047,46.02056121826172,680400,0.0,0.0,0.0
2005-03-09,89.18000030517578,89.4000015258789,88.44000244140625,88.54000091552734,45.26892852783203,2549600,0.0,0.0,0.0
2005-03-10,88.73999786376953,89.33000183105469,88.38999938964844,89.08000183105469,45.54502487182617,1357700,0.0,0.0,0.0
2005-03-11,88.6500015258789,88.87000274658203,88.4000015258789,88.43000030517578,45.21273422241211,1017900,0.0,0.0,0.0
2005-03-14,88.37000274658203,89.0,88.30000305175781,88.95999908447266,45.48368453979492,805000,0.0,0.0,0.0
2005-03-15,89.29000091552734,89.30000305175781,88.4000015258789,88.4000015258789,45.197357177734375,963900,0.0,0.0,0.0
2005-03-16,88.54000091552734,89.36000061035156,88.54000091552734,88.94000244140625,45.473472595214844,2097800,0.0,0.0,0.0
2005-03-17,89.3499984741211,89.58000183105469,89.12000274658203,89.2300033569336,45.62178039550781,1025300,0.0,0.0,0.0
2005-03-18,88.9000015258789,88.9800033569336,88.66999816894531,88.66999816894531,45.3354377746582,722700,0.0,0.0,0.0
2005-03-21,88.66999816894531,88.66999816894531,88.37999725341797,88.41999816894531,45.20759963989258,893100,0.0,0.0,0.0
2005-03-22,88.94000244140625,89.05000305175781,87.54000091552734,87.66999816894531,44.82417678833008,2544900,0.0,0.0,0.0
2005-03-23,87.52999877929688,88.16000366210938,87.52999877929688,88.08999633789062,45.038883209228516,1951700,0.0,0.0,0.0
2005-03-24,88.31999969482422,88.45999908447266,88.18000030517578,88.2699966430664,45.130924224853516,746800,0.0,0.0,0.0
2005-03-28,87.98999786376953,88.0,87.72000122070312,87.7300033569336,44.85480499267578,382200,0.0,0.0,0.0
2005-03-29,88.08000183105469,88.27999877929688,87.98999786376953,88.25,45.12066650390625,1135000,0.0,0.0,0.0
2005-03-30,88.19999694824219,88.75,88.16000366210938,88.69000244140625,45.34564208984375,1095600,0.0,0.0,0.0
2005-03-31,89.19999694824219,89.38999938964844,88.86000061035156,89.33000183105469,45.672882080078125,2410900,0.0,0.0,0.0
2005-04-01,89.52999877929688,89.66000366210938,88.5,89.30000305175781,45.826839447021484,2805300,0.33,0.0,0.0
2005-04-04,89.27999877929688,89.66000366210938,89.16999816894531,89.27999877929688,45.81655502319336,754800,0.0,0.0,0.0
2005-04-05,89.23999786376953,89.36000061035156,88.93000030517578,89.05000305175781,45.69850158691406,733300,0.0,0.0,0.0
2005-04-06,89.41000366210938,89.44000244140625,89.19999694824219,89.36000061035156,45.85758972167969,402800,0.0,0.0,0.0
2005-04-07,89.30000305175781,89.58000183105469,88.61000061035156,88.63999938964844,45.48811340332031,973000,0.0,0.0,0.0
2005-04-08,88.55999755859375,89.0,88.33999633789062,88.94999694824219,45.647178649902344,438600,0.0,0.0,0.0
2005-04-11,88.97000122070312,89.62000274658203,88.94000244140625,89.43000030517578,45.893531799316406,1460200,0.0,0.0,0.0
2005-04-12,89.2300033569336,90.4000015258789,89.12000274658203,90.26000213623047,46.319454193115234,1931500,0.0,0.0,0.0
2005-04-13,90.3499984741211,90.44000244140625,89.80000305175781,90.04000091552734,46.20656204223633,1001700,0.0,0.0,0.0
2005-04-14,90.08000183105469,90.12000274658203,89.66000366210938,89.9000015258789,46.13474655151367,1461800,0.0,0.0,0.0
2005-04-15,90.54000091552734,91.12000274658203,90.22000122070312,91.08999633789062,46.745399475097656,2807300,0.0,0.0,0.0
2005-04-18,91.37000274658203,91.38999938964844,90.94000244140625,91.0199966430664,46.70945739746094,3510800,0.0,0.0,0.0
2005-04-19,91.33999633789062,92.04000091552734,91.31999969482422,91.9000015258789,47.16108703613281,1733600,0.0,0.0,0.0
2005-04-20,91.22000122070312,91.7699966430664,91.18000030517578,91.66999816894531,47.04307556152344,1617900,0.0,0.0,0.0
2005-04-21,91.30000305175781,91.41999816894531,90.69999694824219,90.70999908447266,46.55042266845703,1288500,0.0,0.0,0.0
2005-04-22,91.2699966430664,91.58000183105469,91.08999633789062,91.47000122070312,46.94044494628906,876300,0.0,0.0,0.0
2005-04-25,91.66000366210938,91.81999969482422,91.51000213623047,91.73999786376953,47.07896041870117,818300,0.0,0.0,0.0
2005-04-26,91.98999786376953,92.05000305175781,91.33999633789062,91.5999984741211,47.007102966308594,549300,0.0,0.0,0.0
2005-04-27,92.05000305175781,92.19999694824219,91.80000305175781,91.91999816894531,47.17141342163086,684900,0.0,0.0,0.0
2005-04-28,92.05000305175781,92.6500015258789,91.94999694824219,92.5999984741211,47.52029800415039,1062000,0.0,0.0,0.0
2005-04-29,92.56999969482422,92.94000244140625,92.22000122070312,92.44000244140625,47.438194274902344,1445100,0.0,0.0,0.0
2005-05-02,92.1500015258789,92.26000213623047,91.70999908447266,92.08999633789062,47.42790222167969,1358200,0.33,0.0,0.0
2005-05-03,92.06999969482422,92.54000091552734,91.91999816894531,92.33999633789062,47.556671142578125,1884900,0.0,0.0,0.0
2005-05-04,91.44999694824219,91.72000122070312,91.05000305175781,91.52999877929688,47.13949966430664,2211500,0.0,0.0,0.0
2005-05-05,91.30000305175781,91.83999633789062,91.20999908447266,91.73999786376953,47.247623443603516,1757900,0.0,0.0,0.0
2005-05-06,90.93000030517578,91.19999694824219,90.80999755859375,91.05999755859375,46.89745330810547,850600,0.0,0.0,0.0
2005-05-09,91.01000213623047,91.23999786376953,91.0,91.1500015258789,46.943748474121094,327800,0.0,0.0,0.0
2005-05-10,91.36000061035156,91.80000305175781,91.33999633789062,91.80000305175781,47.278541564941406,495500,0.0,0.0,0.0
2005-05-11,92.13999938964844,92.5199966430664,91.98999786376953,92.08000183105469,47.42276382446289,1058700,0.0,0.0,0.0
2005-05-12,92.0,92.47000122070312,91.72000122070312,92.44000244140625,47.60814666748047,657000,0.0,0.0,0.0
2005-05-13,92.70999908447266,93.0199966430664,92.56999969482422,92.80000305175781,47.79356384277344,1698100,0.0,0.0,0.0
2005-05-16,93.04000091552734,93.06999969482422,92.68000030517578,92.69000244140625,47.73690414428711,824800,0.0,0.0,0.0
2005-05-17,92.95999908447266,93.19000244140625,92.9000015258789,92.94999694824219,47.87080383300781,856300,0.0,0.0,0.0
2005-05-18,93.69999694824219,93.80000305175781,93.33999633789062,93.56999969482422,48.19013595581055,1092300,0.0,0.0,0.0
2005-05-19,93.69999694824219,93.69999694824219,93.27999877929688,93.33000183105469,48.066524505615234,948800,0.0,0.0,0.0
2005-05-20,93.25,93.51000213623047,93.20999908447266,93.44000244140625,48.12317657470703,806800,0.0,0.0,0.0
2005-05-23,93.5999984741211,94.2300033569336,93.56999969482422,94.16999816894531,48.4991340637207,905600,0.0,0.0,0.0
2005-05-24,94.52999877929688,94.6500015258789,94.18000030517578,94.43000030517578,48.633052825927734,1695400,0.0,0.0,0.0
2005-05-25,94.58999633789062,94.6500015258789,93.7300033569336,93.7699966430664,48.29313659667969,1923300,0.0,0.0,0.0
2005-05-26,93.58999633789062,94.06999969482422,93.58999633789062,93.73999786376953,48.277679443359375,978300,0.0,0.0,0.0
2005-05-27,93.73999786376953,93.9800033569336,93.54000091552734,93.83999633789062,48.329193115234375,650600,0.0,0.0,0.0
2005-05-31,94.22000122070312,95.05000305175781,94.22000122070312,95.0,48.92655944824219,1979000,0.0,0.0,0.0
2005-06-01,95.19999694824219,95.83999633789062,95.19000244140625,95.80999755859375,49.52573776245117,3823200,0.349,0.0,0.0
2005-06-02,95.7300033569336,96.19000244140625,95.7300033569336,96.04000091552734,49.64458465576172,1703400,0.0,0.0,0.0
2005-06-03,96.9000015258789,97.0,95.19999694824219,95.25,49.23622131347656,5558100,0.0,0.0,0.0
2005-06-06,95.5,95.87999725341797,95.3499984741211,95.75,49.494686126708984,1088700,0.0,0.0,0.0
2005-06-07,96.47000122070312,96.58000183105469,96.05000305175781,96.51000213623047,49.88755416870117,1503100,0.0,0.0,0.0
2005-06-08,96.30999755859375,96.44999694824219,96.05000305175781,96.05000305175781,49.649776458740234,1272400,0.0,0.0,0.0
2005-06-09,95.66999816894531,96.01000213623047,95.43000030517578,95.97000122070312,49.608436584472656,612700,0.0,0.0,0.0
2005-06-10,95.55000305175781,95.55000305175781,94.86000061035156,94.88999938964844,49.05012130737305,1464800,0.0,0.0,0.0
2005-06-13,94.4800033569336,94.52999877929688,94.16999816894531,94.31999969482422,48.7554931640625,1616700,0.0,0.0,0.0
2005-06-14,94.05000305175781,94.16000366210938,93.56999969482422,93.69999694824219,48.43499755859375,1984500,0.0,0.0,0.0
2005-06-15,93.38999938964844,93.87000274658203,93.33000183105469,93.87000274658203,48.52291488647461,1996800,0.0,0.0,0.0
2005-06-16,93.80000305175781,94.41999816894531,93.56999969482422,94.33999633789062,48.765830993652344,1370300,0.0,0.0,0.0
2005-06-17,94.11000061035156,94.47000122070312,94.0199966430664,94.33000183105469,48.76070785522461,555900,0.0,0.0,0.0
2005-06-20,93.81999969482422,94.19999694824219,93.5999984741211,94.16999816894531,48.67796325683594,453000,0.0,0.0,0.0
2005-06-21,94.37999725341797,94.86000061035156,94.31999969482422,94.86000061035156,49.03466033935547,503100,0.0,0.0,0.0
2005-06-22,95.48999786376953,96.08999633789062,95.26000213623047,96.01000213623047,49.62907409667969,952200,0.0,0.0,0.0
2005-06-23,95.80000305175781,95.9800033569336,95.54000091552734,95.91000366210938,49.577396392822266,996300,0.0,0.0,0.0
2005-06-24,96.23999786376953,96.44999694824219,96.0199966430664,96.38999938964844,49.82555389404297,928000,0.0,0.0,0.0
2005-06-27,96.48999786376953,96.80999755859375,96.3499984741211,96.6500015258789,49.959896087646484,1203600,0.0,0.0,0.0
2005-06-28,96.31999969482422,96.37000274658203,95.91000366210938,95.98999786376953,49.618743896484375,982400,0.0,0.0,0.0
2005-06-29,96.47000122070312,96.4800033569336,95.5999984741211,95.83999633789062,49.54118728637695,1682400,0.0,0.0,0.0
2005-06-30,95.86000061035156,96.72000122070312,95.80999755859375,96.69999694824219,49.98577117919922,2159400,0.0,0.0,0.0
2005-07-01,96.04000091552734,96.26000213623047,94.98999786376953,95.19999694824219,49.37995147705078,2222700,0.332,0.0,0.0
2005-07-05,94.3499984741211,94.73999786376953,94.2699966430664,94.30000305175781,48.913089752197266,1076100,0.0,0.0,0.0
2005-07-06,94.62999725341797,94.83000183105469,94.43000030517578,94.81999969482422,49.18282699584961,854100,0.0,0.0,0.0
2005-07-07,95.43000030517578,95.55000305175781,94.95999908447266,95.0199966430664,49.28655242919922,1678000,0.0,0.0,0.0
2005-07-08,95.25,95.25,94.31999969482422,94.62999725341797,49.08426284790039,1259300,0.0,0.0,0.0
2005-07-11,94.11000061035156,94.6500015258789,93.94999694824219,94.62999725341797,49.08426284790039,982000,0.0,0.0,0.0
2005-07-12,94.3499984741211,94.52999877929688,94.05999755859375,94.0999984741211,48.80933380126953,743700,0.0,0.0,0.0
2005-07-13,94.05000305175781,94.0999984741211,93.86000061035156,93.95999908447266,48.73673629760742,886600,0.0,0.0,0.0
2005-07-14,94.0999984741211,94.13999938964844,93.5999984741211,93.72000122070312,48.61227035522461,874300,0.0,0.0,0.0
2005-07-15,93.5,94.02999877929688,93.5,93.97000122070312,48.74188232421875,1064700,0.0,0.0,0.0
2005-07-18,93.8499984741211,93.97000122070312,93.0999984741211,93.2699966430664,48.37885284423828,1204500,0.0,0.0,0.0
2005-07-19,93.2300033569336,93.72000122070312,93.12000274658203,93.5999984741211,48.549991607666016,1226900,0.0,0.0,0.0
2005-07-20,93.51000213623047,94.23999786376953,93.18000030517578,94.11000061035156,48.81454086303711,1884500,0.0,0.0,0.0
2005-07-21,93.4800033569336,93.54000091552734,92.68000030517578,92.83000183105469,48.150611877441406,3824200,0.0,0.0,0.0
2005-07-22,93.0999984741211,93.62000274658203,93.02999877929688,93.55000305175781,48.52412033081055,1614900,0.0,0.0,0.0
2005-07-25,93.4000015258789,93.70999908447266,93.13999938964844,93.20999908447266,48.347694396972656,305100,0.0,0.0,0.0
2005-07-26,93.2699966430664,93.41000366210938,93.16999816894531,93.36000061035156,48.425567626953125,340500,0.0,0.0,0.0
2005-07-27,93.06999969482422,93.2699966430664,93.01000213623047,93.20999908447266,48.347694396972656,593300,0.0,0.0,0.0
2005-07-28,93.37999725341797,94.16999816894531,93.37999725341797,94.04000091552734,48.778228759765625,578900,0.0,0.0,0.0
2005-07-29,93.80000305175781,93.80000305175781,92.8499984741211,93.11000061035156,48.29584503173828,1699500,0.0,0.0,0.0
2005-08-01,92.5,92.5999984741211,92.0199966430664,92.41999816894531,48.116268157958984,1760300,0.345,0.0,0.0
2005-08-02,92.2699966430664,92.45999908447266,91.95999908447266,92.12000274658203,47.96003723144531,1071400,0.0,0.0,0.0
2005-08-03,92.25,92.66000366210938,92.25,92.56999969482422,48.19432830810547,591100,0.0,0.0,0.0
2005-08-04,92.58999633789062,92.79000091552734,92.19999694824219,92.37999725341797,48.09541320800781,1046800,0.0,0.0,0.0
2005-08-05,91.69999694824219,91.87000274658203,91.55000305175781,91.66000366210938,47.72057342529297,1041600,0.0,0.0,0.0
2005-08-08,91.68000030517578,91.8499984741211,91.44000244140625,91.48999786376953,47.63205337524414,836600,0.0,0.0,0.0
2005-08-09,91.69999694824219,91.8499984741211,91.27999877929688,91.83000183105469,47.809043884277344,1474800,0.0,0.0,0.0
2005-08-10,92.01000213623047,92.0999984741211,91.54000091552734,91.7300033569336,47.7569694519043,909300,0.0,0.0,0.0
2005-08-11,92.02999877929688,92.44999694824219,91.69999694824219,92.37000274658203,48.09020233154297,881600,0.0,0.0,0.0
2005-08-12,92.62000274658203,93.44000244140625,92.56999969482422,93.30999755859375,48.579586029052734,1765100,0.0,0.0,0.0
2005-08-15,93.26000213623047,93.30000305175781,93.05000305175781,93.06999969482422,48.45464324951172,954300,0.0,0.0,0.0
2005-08-16,93.68000030517578,93.9000015258789,93.5,93.72000122070312,48.79305648803711,1311000,0.0,0.0,0.0
2005-08-17,93.51000213623047,93.7300033569336,92.9800033569336,93.0999984741211,48.47026062011719,1278200,0.0,0.0,0.0
2005-08-18,93.44999694824219,93.80999755859375,93.2699966430664,93.79000091552734,48.82948303222656,833900,0.0,0.0,0.0
2005-08-19,93.36000061035156,93.83999633789062,93.33999633789062,93.77999877929688,48.82427215576172,439200,0.0,0.0,0.0
2005-08-22,93.54000091552734,93.80000305175781,93.19999694824219,93.68000030517578,48.77220153808594,599300,0.0,0.0,0.0
2005-08-23,93.7300033569336,94.2300033569336,93.6500015258789,94.11000061035156,48.996089935302734,491800,0.0,0.0,0.0
2005-08-24,94.2699966430664,94.33000183105469,93.8499984741211,94.19999694824219,49.04292297363281,998200,0.0,0.0,0.0
2005-08-25,94.27999877929688,94.61000061035156,94.05999755859375,94.5,49.19915008544922,812400,0.0,0.0,0.0
2005-08-26,94.6500015258789,94.87999725341797,94.19999694824219,94.47000122070312,49.183536529541016,874600,0.0,0.0,0.0
2005-08-29,94.83000183105469,94.87999725341797,94.5,94.58999633789062,49.246002197265625,550100,0.0,0.0,0.0
2005-08-30,94.83000183105469,95.3499984741211,94.72000122070312,95.19000244140625,49.55837631225586,1392700,0.0,0.0,0.0
2005-08-31,95.30999755859375,96.0,95.30000305175781,95.98999786376953,49.97488021850586,1310800,0.0,0.0,0.0
2005-09-01,95.30999755859375,95.73999786376953,94.93000030517578,95.08000183105469,49.67395782470703,1899000,0.334,0.0,0.0
2005-09-02,94.87999725341797,95.29000091552734,94.80000305175781,95.16000366210938,49.71571731567383,621400,0.0,0.0,0.0
2005-09-06,95.01000213623047,95.16999816894531,94.4800033569336,94.48999786376953,49.36571502685547,965300,0.0,0.0,0.0
2005-09-07,94.18000030517578,94.18000030517578,93.36000061035156,93.5999984741211,48.900718688964844,1090200,0.0,0.0,0.0
2005-09-08,93.88999938964844,93.9800033569336,93.5999984741211,93.69999694824219,48.95296859741211,373100,0.0,0.0,0.0
2005-09-09,93.95999908447266,94.31999969482422,93.87999725341797,94.0,49.10972595214844,426300,0.0,0.0,0.0
2005-09-12,93.66000366210938,93.70999908447266,93.19000244140625,93.3499984741211,48.77011489868164,917300,0.0,0.0,0.0
2005-09-13,93.76000213623047,94.12000274658203,93.63999938964844,93.83999633789062,49.026161193847656,450400,0.0,0.0,0.0
2005-09-14,93.81999969482422,93.87999725341797,93.37999725341797,93.4800033569336,48.8380126953125,346400,0.0,0.0,0.0
2005-09-15,93.3499984741211,93.3499984741211,92.4000015258789,92.70999908447266,48.4357795715332,2225800,0.0,0.0,0.0
2005-09-16,92.30000305175781,92.4800033569336,91.87999725341797,92.0999984741211,48.117042541503906,2145500,0.0,0.0,0.0
2005-09-19,92.18000030517578,92.44000244140625,92.0999984741211,92.30000305175781,48.22151565551758,886100,0.0,0.0,0.0
2005-09-20,92.29000091552734,92.80000305175781,91.87999725341797,92.54000091552734,48.346920013427734,1848800,0.0,0.0,0.0
2005-09-21,93.27999877929688,93.41000366210938,93.12999725341797,93.4000015258789,48.79621124267578,993000,0.0,0.0,0.0
2005-09-22,93.37000274658203,93.44999694824219,93.12999725341797,93.30999755859375,48.74920654296875,761700,0.0,0.0,0.0
2005-09-23,93.05000305175781,93.0999984741211,92.61000061035156,92.61000061035156,48.38350296020508,656800,0.0,0.0,0.0
2005-09-26,92.11000061035156,92.37999725341797,92.0999984741211,92.19000244140625,48.1640739440918,680900,0.0,0.0,0.0
2005-09-27,92.2699966430664,92.55999755859375,91.94000244140625,92.31999969482422,48.232017517089844,827800,0.0,0.0,0.0
2005-09-28,92.38999938964844,93.0199966430664,92.26000213623047,92.94000244140625,48.5559196472168,712800,0.0,0.0,0.0
2005-09-29,92.5999984741211,92.61000061035156,92.36000061035156,92.5199966430664,48.33650207519531,657100,0.0,0.0,0.0
2005-09-30,92.58000183105469,92.69000244140625,92.0,92.19999694824219,48.169307708740234,1391800,0.0,0.0,0.0
2005-10-03,91.79000091552734,92.19999694824219,91.0999984741211,91.12000274658203,47.79270553588867,1370900,0.362,0.0,0.0
2005-10-04,91.37000274658203,91.54000091552734,91.20999908447266,91.41999816894531,47.9500732421875,783200,0.0,0.0,0.0
2005-10-05,91.68000030517578,91.9800033569336,91.56999969482422,91.81999969482422,48.15987777709961,1215800,0.0,0.0,0.0
2005-10-06,91.69999694824219,91.73999786376953,91.44000244140625,91.47000122070312,47.97631072998047,340000,0.0,0.0,0.0
2005-10-07,91.08999633789062,91.94999694824219,90.95999908447266,91.83999633789062,48.17033386230469,1337800,0.0,0.0,0.0
2005-10-10,91.8499984741211,91.97000122070312,91.62000274658203,91.77999877929688,48.13884353637695,159700,0.0,0.0,0.0
2005-10-11,91.83999633789062,91.91999816894531,91.44999694824219,91.58999633789062,48.039188385009766,679100,0.0,0.0,0.0
2005-10-12,91.44000244140625,91.44000244140625,90.6500015258789,90.69999694824219,47.57239532470703,1105700,0.0,0.0,0.0
2005-10-13,90.25,90.5,90.08000183105469,90.37000274658203,47.3993034362793,1376600,0.0,0.0,0.0
2005-10-14,90.5999984741211,90.69999694824219,89.81999969482422,90.2300033569336,47.325927734375,1042600,0.0,0.0,0.0
2005-10-17,90.41999816894531,90.61000061035156,90.12000274658203,90.20999908447266,47.31538009643555,1058200,0.0,0.0,0.0
2005-10-18,90.45999908447266,90.4800033569336,90.2300033569336,90.30999755859375,47.367881774902344,878200,0.0,0.0,0.0
2005-10-19,90.66000366210938,90.87000274658203,90.3499984741211,90.3499984741211,47.38883972167969,904800,0.0,0.0,0.0
2005-10-20,90.27999877929688,90.5999984741211,90.12999725341797,90.58999633789062,47.51472091674805,810300,0.0,0.0,0.0
2005-10-21,90.83000183105469,91.47000122070312,90.75,91.43000030517578,47.955284118652344,1252800,0.0,0.0,0.0
2005-10-24,91.31999969482422,91.41000366210938,90.48999786376953,90.72000122070312,47.58290481567383,939100,0.0,0.0,0.0
2005-10-25,90.81999969482422,91.05000305175781,89.93000030517578,89.94000244140625,47.173824310302734,632900,0.0,0.0,0.0
2005-10-26,89.44999694824219,89.69999694824219,89.16000366210938,89.27999877929688,46.8276252746582,2895800,0.0,0.0,0.0
2005-10-27,89.5999984741211,89.79000091552734,89.30000305175781,89.5999984741211,46.995452880859375,1197400,0.0,0.0,0.0
2005-10-28,89.72000122070312,89.87999725341797,89.12000274658203,89.61000061035156,47.000694274902344,750400,0.0,0.0,0.0
2005-10-31,89.7699966430664,90.04000091552734,89.58000183105469,89.77999877929688,47.08987045288086,547700,0.0,0.0,0.0
2005-11-01,89.43000030517578,89.6500015258789,89.08999633789062,89.27999877929688,47.03557586669922,647100,0.397,0.0,0.0
2005-11-02,89.08000183105469,89.38999938964844,88.83000183105469,88.86000061035156,46.81431579589844,781100,0.0,0.0,0.0
2005-11-03,88.88999938964844,88.97000122070312,88.23999786376953,88.26000213623047,46.49827575683594,962900,0.0,0.0,0.0
2005-11-04,88.41999816894531,88.63999938964844,87.86000061035156,88.12000274658203,46.42450714111328,1888700,0.0,0.0,0.0
2005-11-07,88.5,88.56999969482422,88.3499984741211,88.41999816894531,46.58256912231445,1121600,0.0,0.0,0.0
2005-11-08,88.88999938964844,89.31999969482422,88.88999938964844,89.27999877929688,47.03557586669922,1396800,0.0,0.0,0.0
2005-11-09,88.77999877929688,88.93000030517578,88.36000061035156,88.36000061035156,46.550926208496094,1140300,0.0,0.0,0.0
2005-11-10,88.72000122070312,89.4800033569336,88.62999725341797,89.44000244140625,47.119895935058594,1695200,0.0,0.0,0.0
2005-11-11,89.5999984741211,89.69999694824219,89.44000244140625,89.48999786376953,47.1462516784668,193700,0.0,0.0,0.0
2005-11-14,89.37999725341797,89.44999694824219,88.62000274658203,88.81999969482422,46.793251037597656,1230100,0.0,0.0,0.0
2005-11-15,88.75,89.6500015258789,88.75,89.4000015258789,47.09883117675781,839800,0.0,0.0,0.0
2005-11-16,89.80000305175781,90.44000244140625,89.75,90.33999633789062,47.5941047668457,1822300,0.0,0.0,0.0
2005-11-17,90.16999816894531,90.9000015258789,90.05000305175781,90.55999755859375,47.70997619628906,1003100,0.0,0.0,0.0
2005-11-18,90.37000274658203,90.44999694824219,90.05999755859375,90.13999938964844,47.488685607910156,734200,0.0,0.0,0.0
2005-11-21,90.33999633789062,90.66000366210938,90.33000183105469,90.41000366210938,47.63092803955078,503300,0.0,0.0,0.0
2005-11-22,90.37000274658203,90.66999816894531,90.3499984741211,90.52999877929688,47.694149017333984,1026900,0.0,0.0,0.0
2005-11-23,90.58999633789062,90.69000244140625,89.86000061035156,90.18000030517578,47.50974655151367,768300,0.0,0.0,0.0
2005-11-25,90.41000366210938,90.54000091552734,90.33999633789062,90.51000213623047,47.68364334106445,421500,0.0,0.0,0.0
2005-11-28,90.5199966430664,91.13999938964844,90.5199966430664,90.95999908447266,47.920711517333984,883400,0.0,0.0,0.0
2005-11-29,91.08000183105469,91.11000061035156,90.02999877929688,90.0999984741211,47.46761703491211,889200,0.0,0.0,0.0
2005-11-30,90.30000305175781,90.30000305175781,89.81999969482422,90.0,47.41493225097656,1642800,0.0,0.0,0.0
2005-12-01,90.0,90.01000213623047,89.18000030517578,89.47000122070312,47.34086990356445,1214800,0.39,0.0,0.0
2005-12-02,89.2699966430664,89.55000305175781,89.1500015258789,89.5,47.356727600097656,746200,0.0,0.0,0.0
2005-12-05,89.3499984741211,89.3499984741211,88.8499984741211,89.0999984741211,47.14506530761719,431100,0.0,0.0,0.0
2005-12-06,89.41000366210938,90.12000274658203,89.31999969482422,90.01000213623047,47.62657165527344,968800,0.0,0.0,0.0
2005-12-07,89.80000305175781,89.91000366210938,89.5199966430664,89.66999816894531,47.44667434692383,386600,0.0,0.0,0.0
2005-12-08,89.9800033569336,90.36000061035156,89.80000305175781,90.25,47.753562927246094,976200,0.0,0.0,0.0
2005-12-09,89.9800033569336,90.01000213623047,89.47000122070312,89.54000091552734,47.37792205810547,817400,0.0,0.0,0.0
2005-12-12,89.75,89.75,89.13999938964844,89.37000274658203,47.28797149658203,440500,0.0,0.0,0.0
2005-12-13,89.72000122070312,89.81999969482422,89.37999725341797,89.69999694824219,47.462547302246094,598700,0.0,0.0,0.0
2005-12-14,90.19999694824219,90.81999969482422,90.13999938964844,90.62000274658203,47.949378967285156,635000,0.0,0.0,0.0
2005-12-15,90.44000244140625,90.44000244140625,89.98999786376953,90.4000015258789,47.83292007446289,724300,0.0,0.0,0.0
2005-12-16,90.83000183105469,90.93000030517578,90.55999755859375,90.69999694824219,47.991661071777344,684500,0.0,0.0,0.0
2005-12-19,90.5999984741211,91.0999984741211,90.55999755859375,90.79000091552734,48.03928756713867,469800,0.0,0.0,0.0
2005-12-20,90.58000183105469,90.80000305175781,90.4000015258789,90.68000030517578,47.9810905456543,236000,0.0,0.0,0.0
2005-12-21,90.52999877929688,90.58000183105469,90.29000091552734,90.5199966430664,47.89646530151367,193100,0.0,0.0,0.0
2005-12-22,90.91999816894531,91.30999755859375,90.91000366210938,91.23999786376953,48.27740478515625,692700,0.0,0.0,0.0
2005-12-23,91.19000244140625,92.04000091552734,91.0999984741211,91.80000305175781,48.5737419128418,2295800,0.0,0.0,0.0
2005-12-27,91.97000122070312,92.58999633789062,91.80000305175781,92.55000305175781,48.9705810546875,519500,0.0,0.0,0.0
2005-12-28,92.02999877929688,92.25,91.75,91.91000366210938,48.834014892578125,1295700,0.383,0.0,0.0
2005-12-29,92.02999877929688,92.12999725341797,91.69000244140625,92.11000061035156,48.94025802612305,740600,0.0,0.0,0.0
2005-12-30,92.54000091552734,92.58999633789062,91.69999694824219,91.9000015258789,48.82871627807617,1099500,0.0,0.0,0.0
2006-01-03,91.58999633789062,92.25,91.4800033569336,91.77999877929688,48.76492691040039,1392700,0.0,0.0,0.0
2006-01-04,91.54000091552734,92.06999969482422,91.41999816894531,92.0,48.881832122802734,387600,0.0,0.0,0.0
2006-01-05,91.87999725341797,92.13999938964844,91.69999694824219,91.88999938964844,48.82339096069336,453400,0.0,0.0,0.0
2006-01-06,91.7699966430664,91.9000015258789,91.48999786376953,91.72000122070312,48.73307800292969,1193700,0.0,0.0,0.0
2006-01-09,91.69999694824219,91.77999877929688,91.54000091552734,91.77999877929688,48.76492691040039,413600,0.0,0.0,0.0
2006-01-10,91.62999725341797,91.68000030517578,91.02999877929688,91.04000091552734,48.37173080444336,698900,0.0,0.0,0.0
2006-01-11,91.25,91.29000091552734,90.75,90.88999938964844,48.29206848144531,394600,0.0,0.0,0.0
2006-01-12,91.12999725341797,91.5199966430664,91.0,91.5,48.61615753173828,626600,0.0,0.0,0.0
2006-01-13,91.58999633789062,92.30000305175781,91.58000183105469,92.02999877929688,48.897735595703125,491000,0.0,0.0,0.0
2006-01-17,92.0,92.5,91.93000030517578,92.44000244140625,49.1156120300293,454300,0.0,0.0,0.0
2006-01-18,92.76000213623047,92.7699966430664,92.12000274658203,92.41000366210938,49.099674224853516,622100,0.0,0.0,0.0
2006-01-19,92.06999969482422,92.44000244140625,91.95999908447266,92.13999938964844,48.956241607666016,490600,0.0,0.0,0.0
2006-01-20,92.31999969482422,92.4800033569336,92.05000305175781,92.37999725341797,49.0837516784668,842600,0.0,0.0,0.0
2006-01-23,91.80000305175781,92.5,91.7300033569336,92.3499984741211,49.067779541015625,720400,0.0,0.0,0.0
2006-01-24,92.0,92.19000244140625,91.76000213623047,91.9000015258789,48.82871627807617,300500,0.0,0.0,0.0
2006-01-25,91.51000213623047,91.56999969482422,90.79000091552734,90.9000015258789,48.29736328125,1204500,0.0,0.0,0.0
2006-01-26,90.55000305175781,90.5999984741211,90.05000305175781,90.51000213623047,48.09016799926758,764100,0.0,0.0,0.0
2006-01-27,90.80000305175781,90.80000305175781,90.16000366210938,90.51000213623047,48.09016799926758,1091400,0.0,0.0,0.0
2006-01-30,90.30000305175781,90.5,90.23999786376953,90.41999816894531,48.04230880737305,308500,0.0,0.0,0.0
2006-01-31,90.3499984741211,90.7300033569336,90.19999694824219,90.66999816894531,48.17515182495117,676100,0.0,0.0,0.0
2006-02-01,90.1500015258789,90.45999908447266,89.8499984741211,90.04000091552734,48.010414123535156,622300,0.321,0.0,0.0
2006-02-02,90.04000091552734,90.41000366210938,89.86000061035156,90.20999908447266,48.10105895996094,658500,0.0,0.0,0.0
2006-02-03,90.0,91.0,89.81999969482422,90.8499984741211,48.442298889160156,1524600,0.0,0.0,0.0
2006-02-06,90.9800033569336,91.20999908447266,90.88999938964844,91.02999877929688,48.538307189941406,755100,0.0,0.0,0.0
2006-02-07,91.12000274658203,91.12000274658203,90.5,90.5999984741211,48.30900955200195,280500,0.0,0.0,0.0
2006-02-08,90.87999725341797,90.87999725341797,90.29000091552734,90.38999938964844,48.19700241088867,261700,0.0,0.0,0.0
2006-02-09,90.13999938964844,90.9000015258789,90.05999755859375,90.80000305175781,48.415672302246094,1119200,0.0,0.0,0.0
2006-02-10,91.19999694824219,91.37999725341797,90.23999786376953,90.30000305175781,48.1490592956543,938000,0.0,0.0,0.0
2006-02-13,90.23999786376953,90.36000061035156,90.16000366210938,90.30999755859375,48.15438461303711,218700,0.0,0.0,0.0
2006-02-14,89.9000015258789,90.19999694824219,89.72000122070312,89.98999786376953,47.9837646484375,836100,0.0,0.0,0.0
2006-02-15,90.13999938964844,90.47000122070312,89.87999725341797,90.20999908447266,48.10105895996094,720300,0.0,0.0,0.0
2006-02-16,90.19999694824219,90.30000305175781,90.0,90.2300033569336,48.11172103881836,427800,0.0,0.0,0.0
2006-02-17,90.80000305175781,91.06999969482422,90.80000305175781,90.94999694824219,48.49560546875,731400,0.0,0.0,0.0
2006-02-21,90.9000015258789,91.0,90.77999877929688,90.80000305175781,48.415672302246094,433300,0.0,0.0,0.0
2006-02-22,91.12000274658203,91.44999694824219,91.08999633789062,91.41999816894531,48.74623489379883,559000,0.0,0.0,0.0
2006-02-23,91.30999755859375,91.30999755859375,90.93000030517578,91.19000244140625,48.623619079589844,288300,0.0,0.0,0.0
2006-02-24,91.44000244140625,91.44000244140625,90.94999694824219,91.05000305175781,48.548946380615234,485700,0.0,0.0,0.0
2006-02-27,91.3499984741211,91.3499984741211,90.7300033569336,90.9000015258789,48.46895980834961,446200,0.0,0.0,0.0
2006-02-28,91.0,91.44000244140625,90.91999816894531,91.3499984741211,48.70889663696289,744200,0.0,0.0,0.0
2006-03-01,90.7699966430664,90.87000274658203,90.37999725341797,90.4800033569336,48.41462707519531,713600,0.32,0.0,0.0
2006-03-02,90.05999755859375,90.0999984741211,89.4000015258789,89.8499984741211,48.077491760253906,1640000,0.0,0.0,0.0
2006-03-03,89.4800033569336,89.55000305175781,89.2300033569336,89.33000183105469,47.79924774169922,1253300,0.0,0.0,0.0
2006-03-06,88.9800033569336,88.98999786376953,88.5,88.55000305175781,47.381919860839844,872700,0.0,0.0,0.0
2006-03-07,88.4000015258789,88.75,88.30999755859375,88.61000061035156,47.41399383544922,1692900,0.0,0.0,0.0
2006-03-08,88.56999969482422,88.87999725341797,88.44999694824219,88.58000183105469,47.39796829223633,1184700,0.0,0.0,0.0
2006-03-09,88.55999755859375,88.66999816894531,88.2699966430664,88.61000061035156,47.41399383544922,282100,0.0,0.0,0.0
2006-03-10,88.31999969482422,88.47000122070312,88.01000213623047,88.27999877929688,47.237430572509766,1086900,0.0,0.0,0.0
2006-03-13,88.13999938964844,88.2699966430664,88.01000213623047,88.20999908447266,47.199974060058594,1740100,0.0,0.0,0.0
2006-03-14,88.44999694824219,88.98999786376953,88.44999694824219,88.80000305175781,47.515655517578125,904400,0.0,0.0,0.0
2006-03-15,88.44000244140625,88.54000091552734,88.1500015258789,88.31999969482422,47.258819580078125,971000,0.0,0.0,0.0
2006-03-16,88.51000213623047,89.33000183105469,88.43000030517578,89.12000274658203,47.68695831298828,1048000,0.0,0.0,0.0
2006-03-17,88.8499984741211,89.0,88.75,88.8499984741211,47.54243087768555,703500,0.0,0.0,0.0
2006-03-20,89.2300033569336,89.23999786376953,88.9800033569336,88.98999786376953,47.6173210144043,576000,0.0,0.0,0.0
2006-03-21,89.1500015258789,89.1500015258789,88.36000061035156,88.52999877929688,47.37118911743164,817200,0.0,0.0,0.0
2006-03-22,88.75,88.9800033569336,88.62999725341797,88.72000122070312,47.472835540771484,205500,0.0,0.0,0.0
2006-03-23,88.81999969482422,88.87000274658203,88.33999633789062,88.44000244140625,47.323062896728516,613400,0.0,0.0,0.0
2006-03-24,88.52999877929688,89.29000091552734,88.5,89.08999633789062,47.670860290527344,954800,0.0,0.0,0.0
2006-03-27,89.05000305175781,89.05000305175781,88.5999984741211,88.76000213623047,47.4942512512207,467100,0.0,0.0,0.0
2006-03-28,88.4000015258789,88.43000030517578,87.83999633789062,87.93000030517578,47.050167083740234,1094900,0.0,0.0,0.0
2006-03-29,87.83000183105469,88.0199966430664,87.37000274658203,87.51000213623047,46.82544708251953,1071700,0.0,0.0,0.0
2006-03-30,87.13999938964844,87.29000091552734,86.58999633789062,86.9000015258789,46.49901580810547,1152000,0.0,0.0,0.0
2006-03-31,86.9800033569336,87.13999938964844,86.80000305175781,86.87000274658203,46.48297119140625,1167700,0.0,0.0,0.0
2006-04-03,86.18000030517578,86.69000244140625,86.08000183105469,86.56999969482422,46.49799346923828,1549700,0.328,0.0,0.0
2006-04-04,86.69999694824219,86.9000015258789,86.36000061035156,86.4800033569336,46.449668884277344,749100,0.0,0.0,0.0
2006-04-05,86.69999694824219,86.77999877929688,86.5,86.5999984741211,46.514122009277344,638600,0.0,0.0,0.0
2006-04-06,86.29000091552734,86.29000091552734,85.76000213623047,85.94000244140625,46.15965270996094,2022100,0.0,0.0,0.0
2006-04-07,85.43000030517578,85.62999725341797,84.9000015258789,85.0999984741211,45.708457946777344,1956500,0.0,0.0,0.0
2006-04-10,85.1500015258789,85.30000305175781,84.95999908447266,85.26000213623047,45.794376373291016,1527100,0.0,0.0,0.0
2006-04-11,85.58000183105469,85.69999694824219,85.33000183105469,85.55999755859375,45.95548629760742,1237300,0.0,0.0,0.0
2006-04-12,85.5999984741211,85.7300033569336,85.0,85.04000091552734,45.67620086669922,1902000,0.0,0.0,0.0
2006-04-13,84.5,84.63999938964844,84.2699966430664,84.44000244140625,45.35394287109375,3219400,0.0,0.0,0.0
2006-04-17,84.54000091552734,84.97000122070312,84.3499984741211,84.75,45.52046203613281,1465400,0.0,0.0,0.0
2006-04-18,84.94999694824219,85.2699966430664,84.73999786376953,84.9000015258789,45.60101318359375,2680300,0.0,0.0,0.0
2006-04-19,84.44999694824219,84.58999633789062,84.05999755859375,84.37999725341797,45.32170867919922,1830300,0.0,0.0,0.0
2006-04-20,84.41999816894531,84.51000213623047,84.12000274658203,84.30999755859375,45.28410720825195,1378200,0.0,0.0,0.0
2006-04-21,84.52999877929688,84.86000061035156,84.25,84.80000305175781,45.54731750488281,1303000,0.0,0.0,0.0
2006-04-24,84.94000244140625,85.38999938964844,84.8499984741211,85.13999938964844,45.72991943359375,991500,0.0,0.0,0.0
2006-04-25,85.04000091552734,85.0999984741211,84.05999755859375,84.12999725341797,45.18742370605469,2067400,0.0,0.0,0.0
2006-04-26,83.8499984741211,84.08000183105469,83.7300033569336,83.98999786376953,45.112220764160156,1544900,0.0,0.0,0.0
2006-04-27,83.75,84.30000305175781,83.6500015258789,84.0999984741211,45.17131805419922,1864200,0.0,0.0,0.0
2006-04-28,83.97000122070312,84.20999908447266,83.76000213623047,84.16000366210938,45.203548431396484,809400,0.0,0.0,0.0
2006-05-01,83.66999816894531,83.68000030517578,83.12000274658203,83.19999694824219,44.86381530761719,1795500,0.33,0.0,0.0
2006-05-02,83.26000213623047,83.54000091552734,83.26000213623047,83.41999816894531,44.98243713378906,1097900,0.0,0.0,0.0
2006-05-03,83.41999816894531,83.43000030517578,82.94000244140625,83.23999786376953,44.885414123535156,1114000,0.0,0.0,0.0
2006-05-04,83.37999725341797,83.4000015258789,83.0999984741211,83.0999984741211,44.809906005859375,977800,0.0,0.0,0.0
2006-05-05,84.0,84.08000183105469,83.48999786376953,83.5999984741211,45.07951736450195,1685900,0.0,0.0,0.0
2006-05-08,83.73999786376953,83.7699966430664,83.52999877929688,83.6500015258789,45.10650634765625,666400,0.0,0.0,0.0
2006-05-09,83.55000305175781,83.68000030517578,83.33000183105469,83.5999984741211,45.07951736450195,341300,0.0,0.0,0.0
2006-05-10,83.80000305175781,84.0199966430664,83.3499984741211,83.75,45.16041946411133,1320200,0.0,0.0,0.0
2006-05-11,83.45999908447266,83.45999908447266,83.08999633789062,83.33999633789062,44.93935012817383,1189800,0.0,0.0,0.0
2006-05-12,82.80999755859375,83.01000213623047,82.55999755859375,82.6500015258789,44.56724166870117,1804700,0.0,0.0,0.0
2006-05-15,82.6500015258789,83.2300033569336,82.6500015258789,82.9800033569336,44.74521255493164,1433500,0.0,0.0,0.0
2006-05-16,83.08000183105469,83.63999938964844,83.08000183105469,83.5999984741211,45.07951736450195,1677600,0.0,0.0,0.0
2006-05-17,82.91000366210938,83.08000183105469,82.72000122070312,83.08000183105469,44.79914474487305,1440800,0.0,0.0,0.0
2006-05-18,83.55000305175781,84.2300033569336,83.52999877929688,84.20999908447266,45.4084358215332,2177700,0.0,0.0,0.0
2006-05-19,84.12000274658203,84.86000061035156,84.08000183105469,84.43000030517578,45.527069091796875,2619500,0.0,0.0,0.0
2006-05-22,84.83999633789062,85.1500015258789,84.4800033569336,84.61000061035156,45.624176025390625,2652000,0.0,0.0,0.0
2006-05-23,84.05000305175781,84.55999755859375,84.02999877929688,84.55999755859375,45.59715270996094,1394900,0.0,0.0,0.0
2006-05-24,84.80999755859375,85.0,84.52999877929688,84.5999984741211,45.61875915527344,1226300,0.0,0.0,0.0
2006-05-25,84.72000122070312,84.7300033569336,84.19000244140625,84.2699966430664,45.44083786010742,678000,0.0,0.0,0.0
2006-05-26,84.23999786376953,84.5,84.20999908447266,84.20999908447266,45.4084358215332,398400,0.0,0.0,0.0
2006-05-30,84.19000244140625,84.30000305175781,84.01000213623047,84.16999816894531,45.38689422607422,482200,0.0,0.0,0.0
2006-05-31,84.33999633789062,84.43000030517578,83.58000183105469,83.66999816894531,45.11728286743164,880700,0.0,0.0,0.0
2006-06-01,83.4000015258789,83.83999633789062,83.3499984741211,83.70999908447266,45.31869125366211,1561100,0.332,0.0,0.0
2006-06-02,84.72000122070312,84.88999938964844,84.5,84.79000091552734,45.90333557128906,2041900,0.0,0.0,0.0
2006-06-05,84.80999755859375,84.81999969482422,84.51000213623047,84.68000030517578,45.84379196166992,1102900,0.0,0.0,0.0
2006-06-06,84.66000366210938,85.18000030517578,84.58999633789062,85.08000183105469,46.06034851074219,2188000,0.0,0.0,0.0
2006-06-07,84.7300033569336,85.0999984741211,84.6500015258789,85.0999984741211,46.07118606567383,1324100,0.0,0.0,0.0
2006-06-08,85.23999786376953,85.77999877929688,85.11000061035156,85.2699966430664,46.16318130493164,3496700,0.0,0.0,0.0
2006-06-09,85.3499984741211,85.81999969482422,85.3499984741211,85.72000122070312,46.40684509277344,657200,0.0,0.0,0.0
2006-06-12,85.68000030517578,85.79000091552734,85.52999877929688,85.79000091552734,46.444740295410156,528700,0.0,0.0,0.0
2006-06-13,85.8499984741211,85.94000244140625,85.55000305175781,85.8499984741211,46.477272033691406,1448300,0.0,0.0,0.0
2006-06-14,85.5,85.55999755859375,84.91000366210938,84.98999786376953,46.011619567871094,1439100,0.0,0.0,0.0
2006-06-15,84.69000244140625,84.83999633789062,84.41000366210938,84.5,45.74639892578125,1734600,0.0,0.0,0.0
2006-06-16,84.69999694824219,84.76000213623047,84.18000030517578,84.30999755859375,45.64350128173828,1184600,0.0,0.0,0.0
2006-06-19,84.20999908447266,84.29000091552734,83.9800033569336,84.19000244140625,45.57853317260742,1233700,0.0,0.0,0.0
2006-06-20,84.12999725341797,84.19000244140625,83.87999725341797,84.05000305175781,45.50273132324219,611400,0.0,0.0,0.0
2006-06-21,84.25,84.25,84.06999969482422,84.06999969482422,45.513572692871094,476000,0.0,0.0,0.0
2006-06-22,83.83999633789062,83.9000015258789,83.55999755859375,83.58999633789062,45.25366973876953,745500,0.0,0.0,0.0
2006-06-23,83.62000274658203,83.7300033569336,83.3499984741211,83.41999816894531,45.16164016723633,675500,0.0,0.0,0.0
2006-06-26,83.41999816894531,83.47000122070312,83.12000274658203,83.26000213623047,45.07505798339844,526100,0.0,0.0,0.0
2006-06-27,83.37999725341797,83.73999786376953,83.37999725341797,83.66999816894531,45.297019958496094,429100,0.0,0.0,0.0
2006-06-28,83.62999725341797,83.62999725341797,83.19000244140625,83.2300033569336,45.058799743652344,381300,0.0,0.0,0.0
2006-06-29,83.58000183105469,83.81999969482422,83.36000061035156,83.51000213623047,45.210391998291016,1609300,0.0,0.0,0.0
2006-06-30,83.5,84.4000015258789,83.5,84.31999969482422,45.64891052246094,1219000,0.0,0.0,0.0
2006-07-03,83.9000015258789,83.95999908447266,83.7300033569336,83.91000366210938,45.603790283203125,716800,0.327,0.0,0.0
2006-07-05,83.4000015258789,83.41999816894531,82.94999694824219,83.23999786376953,45.23965835571289,1289200,0.0,0.0,0.0
2006-07-06,83.33000183105469,83.79000091552734,83.33000183105469,83.75,45.516841888427734,451400,0.0,0.0,0.0
2006-07-07,84.19999694824219,84.45999908447266,84.08000183105469,84.29000091552734,45.810306549072266,1356900,0.0,0.0,0.0
2006-07-10,84.18000030517578,84.4000015258789,84.05000305175781,84.37000274658203,45.85380554199219,480400,0.0,0.0,0.0
2006-07-11,84.58999633789062,84.86000061035156,84.58000183105469,84.63999938964844,46.00051498413086,423800,0.0,0.0,0.0
2006-07-12,84.33000183105469,84.81999969482422,84.2699966430664,84.66000366210938,46.01142120361328,641000,0.0,0.0,0.0
2006-07-13,84.69999694824219,85.05000305175781,84.68000030517578,84.98999786376953,46.19075393676758,1347400,0.0,0.0,0.0
2006-07-14,84.81999969482422,85.16000366210938,84.81999969482422,85.04000091552734,46.217918395996094,1343900,0.0,0.0,0.0
2006-07-17,84.97000122070312,85.19000244140625,84.8499984741211,85.16999816894531,46.28854751586914,514100,0.0,0.0,0.0
2006-07-18,84.69999694824219,84.75,84.4000015258789,84.44000244140625,45.89185333251953,621000,0.0,0.0,0.0
2006-07-19,84.33000183105469,85.30000305175781,84.23999786376953,85.23999786376953,46.32666778564453,1267400,0.0,0.0,0.0
2006-07-20,84.97000122070312,85.62999725341797,84.97000122070312,85.48999786376953,46.46247100830078,1320200,0.0,0.0,0.0
2006-07-21,85.5999984741211,85.66999816894531,85.19999694824219,85.33000183105469,46.375572204589844,652100,0.0,0.0,0.0
2006-07-24,85.41000366210938,85.51000213623047,85.20999908447266,85.27999877929688,46.3483772277832,393900,0.0,0.0,0.0
2006-07-25,85.2300033569336,85.37999725341797,84.9000015258789,85.02999877929688,46.21246337890625,948200,0.0,0.0,0.0
2006-07-26,84.91000366210938,85.37000274658203,84.87000274658203,85.33999633789062,46.3809928894043,717100,0.0,0.0,0.0
2006-07-27,85.4800033569336,85.4800033569336,85.12000274658203,85.20999908447266,46.31034851074219,295500,0.0,0.0,0.0
2006-07-28,85.6500015258789,85.88999938964844,85.5999984741211,85.69999694824219,46.576656341552734,769800,0.0,0.0,0.0
2006-07-31,85.62000274658203,85.80999755859375,85.55000305175781,85.80999755859375,46.636375427246094,375100,0.0,0.0,0.0
2006-08-01,85.31999969482422,85.5,85.04000091552734,85.45999908447266,46.63204574584961,577800,0.342,0.0,0.0
2006-08-02,85.37000274658203,85.77999877929688,85.19999694824219,85.77999877929688,46.80665969848633,477400,0.0,0.0,0.0
2006-08-03,85.62999725341797,86.04000091552734,85.5199966430664,85.80000305175781,46.81758117675781,500500,0.0,0.0,0.0
2006-08-04,86.4000015258789,86.4800033569336,86.29000091552734,86.31999969482422,47.101314544677734,1246000,0.0,0.0,0.0
2006-08-07,86.33000183105469,86.38999938964844,86.18000030517578,86.37000274658203,47.12858963012695,1127600,0.0,0.0,0.0
2006-08-08,86.37999725341797,86.56999969482422,86.08999633789062,86.18000030517578,47.02494430541992,844400,0.0,0.0,0.0
2006-08-09,85.75,86.0199966430664,85.70999908447266,85.9000015258789,46.87211990356445,372400,0.0,0.0,0.0
2006-08-10,85.8499984741211,85.8499984741211,85.44999694824219,85.7699966430664,46.80117416381836,539000,0.0,0.0,0.0
2006-08-11,85.47000122070312,85.52999877929688,85.36000061035156,85.4000015258789,46.59929656982422,450800,0.0,0.0,0.0
2006-08-14,85.3499984741211,85.37000274658203,85.19000244140625,85.25,46.5174674987793,662300,0.0,0.0,0.0
2006-08-15,85.77999877929688,86.08999633789062,85.77999877929688,85.97000122070312,46.91033172607422,1093800,0.0,0.0,0.0
2006-08-16,86.56999969482422,86.63999938964844,86.45999908447266,86.55000305175781,47.226806640625,838900,0.0,0.0,0.0
2006-08-17,86.7699966430664,86.7699966430664,86.41999816894531,86.5199966430664,47.210472106933594,922300,0.0,0.0,0.0
2006-08-18,86.72000122070312,86.91000366210938,86.6500015258789,86.7699966430664,47.34684753417969,1050700,0.0,0.0,0.0
2006-08-21,86.88999938964844,87.08000183105469,86.87000274658203,87.08000183105469,47.5159912109375,676400,0.0,0.0,0.0
2006-08-22,87.0,87.2300033569336,86.97000122070312,87.11000061035156,47.53242492675781,749300,0.0,0.0,0.0
2006-08-23,87.05999755859375,87.23999786376953,86.86000061035156,87.1500015258789,47.55419921875,801700,0.0,0.0,0.0
2006-08-24,87.41000366210938,87.44000244140625,87.23999786376953,87.30999755859375,47.64151382446289,1206700,0.0,0.0,0.0
2006-08-25,87.23999786376953,87.58999633789062,87.19999694824219,87.44000244140625,47.71247100830078,569000,0.0,0.0,0.0
2006-08-28,87.41000366210938,87.5199966430664,87.23999786376953,87.5199966430664,47.756126403808594,582300,0.0,0.0,0.0
2006-08-29,87.25,87.63999938964844,86.9800033569336,87.63999938964844,47.821590423583984,1345600,0.0,0.0,0.0
2006-08-30,87.83000183105469,87.87000274658203,87.66000366210938,87.87000274658203,47.94711685180664,1180500,0.0,0.0,0.0
2006-08-31,87.73999786376953,88.19999694824219,87.73999786376953,88.08000183105469,48.06169891357422,1272400,0.0,0.0,0.0
2006-09-01,87.62000274658203,87.9000015258789,87.47000122070312,87.76000213623047,48.0781135559082,893400,0.35,0.0,0.0
2006-09-05,87.51000213623047,87.63999938964844,87.16000366210938,87.20999908447266,47.776771545410156,2271300,0.0,0.0,0.0
2006-09-06,86.88999938964844,87.08999633789062,86.72000122070312,87.08999633789062,47.711036682128906,1853400,0.0,0.0,0.0
2006-09-07,86.93000030517578,87.31999969482422,86.73999786376953,87.26000213623047,47.80419921875,1716100,0.0,0.0,0.0
2006-09-08,87.48999786376953,87.5999984741211,87.33000183105469,87.33000183105469,47.84254455566406,540300,0.0,0.0,0.0
2006-09-11,87.48999786376953,87.48999786376953,86.94999694824219,87.25,47.79874038696289,557600,0.0,0.0,0.0
2006-09-12,87.1500015258789,87.70999908447266,87.0,87.69000244140625,48.039764404296875,820800,0.0,0.0,0.0
2006-09-13,88.02999877929688,88.02999877929688,87.66000366210938,87.7300033569336,48.06167221069336,797000,0.0,0.0,0.0
2006-09-14,87.6500015258789,87.87000274658203,87.41999816894531,87.52999877929688,47.95206832885742,672800,0.0,0.0,0.0
2006-09-15,87.76000213623047,87.94999694824219,87.44999694824219,87.45999908447266,47.913787841796875,1047200,0.0,0.0,0.0
2006-09-18,86.97000122070312,87.37999725341797,86.97000122070312,87.31999969482422,47.837032318115234,871400,0.0,0.0,0.0
2006-09-19,87.86000061035156,88.30000305175781,87.83999633789062,88.30000305175781,48.37397384643555,1229600,0.0,0.0,0.0
2006-09-20,88.37999725341797,88.4800033569336,88.13999938964844,88.43000030517578,48.445152282714844,827400,0.0,0.0,0.0
2006-09-21,88.3499984741211,89.27999877929688,88.3499984741211,89.23999786376953,48.88888931274414,1698600,0.0,0.0,0.0
2006-09-22,89.31999969482422,89.69999694824219,89.31999969482422,89.68000030517578,49.129981994628906,1428600,0.0,0.0,0.0
2006-09-25,89.83999633789062,90.30999755859375,89.80999755859375,90.30999755859375,49.475074768066406,2607600,0.0,0.0,0.0
2006-09-26,90.0,90.0999984741211,89.81999969482422,89.93000030517578,49.26693344116211,2200000,0.0,0.0,0.0
2006-09-27,90.25,90.27999877929688,89.62999725341797,89.66999816894531,49.12447738647461,1165400,0.0,0.0,0.0
2006-09-28,89.43000030517578,89.58999633789062,89.2699966430664,89.5199966430664,49.04232406616211,1796800,0.0,0.0,0.0
2006-09-29,89.69000244140625,89.7300033569336,89.08999633789062,89.41000366210938,48.9820556640625,1398000,0.0,0.0,0.0
2006-10-02,89.0999984741211,89.44999694824219,88.97000122070312,89.30000305175781,49.116249084472656,1211900,0.354,0.0,0.0
2006-10-03,89.4000015258789,89.44000244140625,89.1500015258789,89.18000030517578,49.05021667480469,854900,0.0,0.0,0.0
2006-10-04,89.33000183105469,89.8499984741211,89.33000183105469,89.83000183105469,49.40775680541992,1155500,0.0,0.0,0.0
2006-10-05,89.54000091552734,89.54000091552734,88.94999694824219,89.19999694824219,49.06123352050781,1241600,0.0,0.0,0.0
2006-10-06,89.08999633789062,89.0999984741211,88.22000122070312,88.2699966430664,48.549747467041016,2472400,0.0,0.0,0.0
2006-10-09,88.0999984741211,88.5999984741211,88.01000213623047,88.51000213623047,48.68173599243164,834900,0.0,0.0,0.0
2006-10-10,87.94999694824219,88.11000061035156,87.62999725341797,87.80999755859375,48.29673767089844,1398700,0.0,0.0,0.0
2006-10-11,87.94999694824219,88.02999877929688,87.41999816894531,87.55000305175781,48.15370559692383,1521600,0.0,0.0,0.0
2006-10-12,87.62999725341797,87.7699966430664,87.4800033569336,87.5999984741211,48.18124008178711,586400,0.0,0.0,0.0
2006-10-13,87.29000091552734,87.36000061035156,87.11000061035156,87.16000366210938,47.93922424316406,1414100,0.0,0.0,0.0
2006-10-16,87.4000015258789,87.55999755859375,87.37000274658203,87.55000305175781,48.15370559692383,897600,0.0,0.0,0.0
2006-10-17,87.87999725341797,88.05000305175781,87.51000213623047,87.62000274658203,48.192176818847656,730800,0.0,0.0,0.0
2006-10-18,87.69000244140625,87.87999725341797,87.55000305175781,87.80000305175781,48.291202545166016,499600,0.0,0.0,0.0
2006-10-19,87.58999633789062,87.76000213623047,87.36000061035156,87.63999938964844,48.20322799682617,797300,0.0,0.0,0.0
2006-10-20,87.61000061035156,87.69999694824219,87.55000305175781,87.55000305175781,48.15370559692383,280700,0.0,0.0,0.0
2006-10-23,87.1500015258789,87.20999908447266,86.87999725341797,87.19999694824219,47.96121597290039,1200600,0.0,0.0,0.0
2006-10-24,87.16999816894531,87.25,87.1500015258789,87.19999694824219,47.96121597290039,243400,0.0,0.0,0.0
2006-10-25,87.2699966430664,87.97000122070312,87.2300033569336,87.88999938964844,48.34072494506836,558400,0.0,0.0,0.0
2006-10-26,88.1500015258789,88.5199966430664,88.1500015258789,88.45999908447266,48.65422439575195,1558300,0.0,0.0,0.0
2006-10-27,89.0199966430664,89.05000305175781,88.69999694824219,88.87000274658203,48.87974166870117,1601500,0.0,0.0,0.0
2006-10-30,88.88999938964844,89.12000274658203,88.83999633789062,89.12000274658203,49.01728057861328,901200,0.0,0.0,0.0
2006-10-31,89.25,89.87000274658203,89.13999938964844,89.80999755859375,49.3967170715332,964600,0.0,0.0,0.0
2006-11-01,89.61000061035156,90.12000274658203,89.44999694824219,89.95999908447266,49.6700439453125,1440100,0.345,0.0,0.0
2006-11-02,89.62999725341797,89.7699966430664,89.4800033569336,89.58999633789062,49.465755462646484,853300,0.0,0.0,0.0
2006-11-03,88.66999816894531,88.83999633789062,88.30000305175781,88.52999877929688,48.880496978759766,1534100,0.0,0.0,0.0
2006-11-06,88.3499984741211,88.79000091552734,88.3499984741211,88.79000091552734,49.02407455444336,528000,0.0,0.0,0.0
2006-11-07,89.27999877929688,89.51000213623047,89.12000274658203,89.19999694824219,49.25041961669922,525900,0.0,0.0,0.0
2006-11-08,89.23999786376953,89.5199966430664,89.08999633789062,89.5199966430664,49.4271240234375,706300,0.0,0.0,0.0
2006-11-09,89.47000122070312,89.58999633789062,89.37999725341797,89.47000122070312,49.39952087402344,729600,0.0,0.0,0.0
2006-11-10,89.6500015258789,90.04000091552734,89.6500015258789,89.86000061035156,49.61484146118164,738100,0.0,0.0,0.0
2006-11-13,89.83999633789062,89.83999633789062,89.47000122070312,89.83999633789062,49.6037712097168,462400,0.0,0.0,0.0
2006-11-14,90.33999633789062,90.38999938964844,90.12000274658203,90.19000244140625,49.79703903198242,916400,0.0,0.0,0.0
2006-11-15,90.05000305175781,90.05000305175781,89.73999786376953,89.8499984741211,49.60931396484375,1803200,0.0,0.0,0.0
2006-11-16,90.0,90.05000305175781,89.27999877929688,89.44000244140625,49.382930755615234,1494400,0.0,0.0,0.0
2006-11-17,89.55999755859375,90.22000122070312,89.51000213623047,89.94999694824219,49.664546966552734,1752000,0.0,0.0,0.0
2006-11-20,90.0,90.12000274658203,89.86000061035156,90.08999633789062,49.741844177246094,857200,0.0,0.0,0.0
2006-11-21,90.13999938964844,90.38999938964844,89.95999908447266,90.30999755859375,49.86331558227539,605100,0.0,0.0,0.0
2006-11-22,90.36000061035156,90.51000213623047,90.2699966430664,90.45999908447266,49.94614791870117,770300,0.0,0.0,0.0
2006-11-24,90.75,90.9000015258789,90.62000274658203,90.62000274658203,50.03447341918945,533400,0.0,0.0,0.0
2006-11-27,90.2300033569336,90.94999694824219,90.12000274658203,90.94999694824219,50.21665573120117,784500,0.0,0.0,0.0
2006-11-28,91.23999786376953,91.25,90.76000213623047,91.13999938964844,50.32157516479492,1466300,0.0,0.0,0.0
2006-11-29,91.30000305175781,91.36000061035156,90.91000366210938,90.93000030517578,50.20565414428711,1206400,0.0,0.0,0.0
2006-11-30,91.2699966430664,91.62999725341797,91.13999938964844,91.52999877929688,50.536930084228516,1428600,0.0,0.0,0.0
2006-12-01,91.27999877929688,91.80000305175781,91.1500015258789,91.41999816894531,50.665489196777344,1156000,0.342,0.0,0.0
2006-12-04,91.30000305175781,91.62000274658203,91.22000122070312,91.58000183105469,50.75413131713867,460700,0.0,0.0,0.0
2006-12-05,91.36000061035156,91.5199966430664,91.0,91.1500015258789,50.515846252441406,1833700,0.0,0.0,0.0
2006-12-06,91.02999877929688,91.18000030517578,90.88999938964844,90.97000122070312,50.41608810424805,936100,0.0,0.0,0.0
2006-12-07,90.98999786376953,91.08999633789062,90.75,90.9000015258789,50.377315521240234,739200,0.0,0.0,0.0
2006-12-08,90.8499984741211,90.97000122070312,90.19000244140625,90.23999786376953,50.01152420043945,2090300,0.0,0.0,0.0
2006-12-11,90.62999725341797,90.73999786376953,90.51000213623047,90.62999725341797,50.227657318115234,727700,0.0,0.0,0.0
2006-12-12,90.7300033569336,90.97000122070312,90.44999694824219,90.81999969482422,50.332969665527344,802800,0.0,0.0,0.0
2006-12-13,90.30999755859375,90.3499984741211,89.81999969482422,90.01000213623047,49.88408660888672,1217900,0.0,0.0,0.0
2006-12-14,89.81999969482422,89.9000015258789,89.5999984741211,89.68000030517578,49.70119094848633,687600,0.0,0.0,0.0
2006-12-15,90.58000183105469,90.66000366210938,89.5999984741211,89.7300033569336,49.72889709472656,1162100,0.0,0.0,0.0
2006-12-18,89.72000122070312,89.83999633789062,89.58999633789062,89.76000213623047,49.745506286621094,441400,0.0,0.0,0.0
2006-12-19,89.51000213623047,89.80999755859375,89.51000213623047,89.63999938964844,49.67903137207031,930700,0.0,0.0,0.0
2006-12-20,89.6500015258789,89.68000030517578,89.55000305175781,89.62999725341797,49.67345428466797,336800,0.0,0.0,0.0
2006-12-21,89.70999908447266,90.19000244140625,89.5999984741211,90.08000183105469,49.9228401184082,770700,0.0,0.0,0.0
2006-12-22,89.83000183105469,89.8499984741211,89.20999908447266,89.38999938964844,49.54045867919922,1433200,0.0,0.0,0.0
2006-12-26,89.44999694824219,89.69000244140625,89.36000061035156,89.66000366210938,49.69008255004883,496200,0.0,0.0,0.0
2006-12-27,89.27999877929688,89.33000183105469,88.69999694824219,88.69999694824219,49.32474136352539,840700,0.303,0.0,0.0
2006-12-28,88.9000015258789,88.95999908447266,88.05999755859375,88.5,49.2135124206543,1080200,0.0,0.0,0.0
2006-12-29,88.3499984741211,88.55000305175781,88.20999908447266,88.43000030517578,49.17462158203125,775500,0.0,0.0,0.0
2007-01-03,89.22000122070312,89.45999908447266,88.66000366210938,89.05999755859375,49.52491760253906,1870400,0.0,0.0,0.0
2007-01-04,89.22000122070312,89.6500015258789,89.22000122070312,89.5999984741211,49.82522201538086,1697000,0.0,0.0,0.0
2007-01-05,88.80000305175781,89.4000015258789,88.75,89.20999908447266,49.60835266113281,1298400,0.0,0.0,0.0
2007-01-08,89.12000274658203,89.37000274658203,89.05000305175781,89.37000274658203,49.69731903076172,414200,0.0,0.0,0.0
2007-01-09,89.4800033569336,89.4800033569336,89.22000122070312,89.37000274658203,49.69731903076172,481500,0.0,0.0,0.0
2007-01-10,89.06999969482422,89.12999725341797,88.87999725341797,88.97000122070312,49.474876403808594,519600,0.0,0.0,0.0
2007-01-11,88.79000091552734,88.80000305175781,88.26000213623047,88.44999694824219,49.18571090698242,1293500,0.0,0.0,0.0
2007-01-12,88.1500015258789,88.83999633789062,87.9000015258789,88.04000091552734,48.957706451416016,846300,0.0,0.0,0.0
2007-01-16,88.2300033569336,88.23999786376953,88.02999877929688,88.2300033569336,49.063377380371094,702800,0.0,0.0,0.0
2007-01-17,88.20999908447266,88.2699966430664,87.81999969482422,87.95999908447266,48.91322708129883,724200,0.0,0.0,0.0
2007-01-18,87.94000244140625,88.27999877929688,87.77999877929688,88.2300033569336,49.063377380371094,918300,0.0,0.0,0.0
2007-01-19,88.1500015258789,88.1500015258789,87.87000274658203,87.98999786376953,48.929901123046875,882500,0.0,0.0,0.0
2007-01-22,88.1500015258789,88.33000183105469,88.12000274658203,88.19999694824219,49.046688079833984,432000,0.0,0.0,0.0
2007-01-23,88.0199966430664,88.05000305175781,87.56999969482422,87.62000274658203,48.7241325378418,1096800,0.0,0.0,0.0
2007-01-24,87.66000366210938,87.69999694824219,87.5,87.61000061035156,48.71858215332031,463700,0.0,0.0,0.0
2007-01-25,87.44999694824219,87.47000122070312,86.87999725341797,86.9800033569336,48.368289947509766,1397000,0.0,0.0,0.0
2007-01-26,86.77999877929688,87.08000183105469,86.6500015258789,86.91000366210938,48.32933044433594,1576800,0.0,0.0,0.0
2007-01-29,87.05999755859375,87.0999984741211,86.5999984741211,86.72000122070312,48.22370147705078,1015300,0.0,0.0,0.0
2007-01-30,86.88999938964844,86.91000366210938,86.76000213623047,86.81999969482422,48.27930450439453,1295100,0.0,0.0,0.0
2007-01-31,86.69999694824219,87.61000061035156,86.69999694824219,87.55000305175781,48.68522644042969,2078000,0.0,0.0,0.0
2007-02-01,87.6500015258789,87.76000213623047,87.0,87.08999633789062,48.626625061035156,986200,0.355,0.0,0.0
2007-02-02,87.08000183105469,87.38999938964844,87.08000183105469,87.19999694824219,48.687992095947266,814700,0.0,0.0,0.0
2007-02-05,87.4000015258789,87.45999908447266,87.16000366210938,87.31999969482422,48.75503921508789,395500,0.0,0.0,0.0
2007-02-06,87.19999694824219,87.83000183105469,87.16000366210938,87.80000305175781,49.02302551269531,770500,0.0,0.0,0.0
2007-02-07,87.9000015258789,88.12000274658203,87.83999633789062,88.05999755859375,49.16820526123047,836200,0.0,0.0,0.0
2007-02-08,87.98999786376953,88.30999755859375,87.91000366210938,88.12999725341797,49.207271575927734,980200,0.0,0.0,0.0
2007-02-09,87.88999938964844,87.91999816894531,87.55000305175781,87.62999725341797,48.92811965942383,878300,0.0,0.0,0.0
2007-02-12,87.48999786376953,87.6500015258789,87.33000183105469,87.43000030517578,48.81644821166992,467600,0.0,0.0,0.0
2007-02-13,87.48999786376953,87.48999786376953,87.19999694824219,87.23999786376953,48.71034622192383,1310600,0.0,0.0,0.0
2007-02-14,87.5199966430664,88.19000244140625,87.5199966430664,88.06999969482422,49.17378616333008,2262500,0.0,0.0,0.0
2007-02-15,88.52999877929688,88.58000183105469,88.33000183105469,88.33000183105469,49.31896209716797,893800,0.0,0.0,0.0
2007-02-16,88.58999633789062,88.72000122070312,88.4800033569336,88.63999938964844,49.49203872680664,1476700,0.0,0.0,0.0
2007-02-20,88.5,88.8499984741211,88.5,88.83999633789062,49.60370635986328,847400,0.0,0.0,0.0
2007-02-21,88.52999877929688,88.69999694824219,88.4800033569336,88.69000244140625,49.51995086669922,379800,0.0,0.0,0.0
2007-02-22,88.41000366210938,88.44999694824219,88.08999633789062,88.20999908447266,49.251930236816406,485200,0.0,0.0,0.0
2007-02-23,88.52999877929688,88.94000244140625,88.48999786376953,88.83999633789062,49.60370635986328,735700,0.0,0.0,0.0
2007-02-26,89.1500015258789,89.44000244140625,89.11000061035156,89.43000030517578,49.933128356933594,763400,0.0,0.0,0.0
2007-02-27,89.73999786376953,91.26000213623047,89.5999984741211,90.55999755859375,50.56406784057617,3243200,0.0,0.0,0.0
2007-02-28,90.16000366210938,90.47000122070312,89.88999938964844,90.1500015258789,50.33515167236328,1701900,0.0,0.0,0.0
2007-03-01,90.27999877929688,90.43000030517578,89.6500015258789,89.75,50.303253173828125,2423900,0.343,0.0,0.0
2007-03-02,89.95999908447266,90.4800033569336,89.66999816894531,90.19999694824219,50.555423736572266,1619800,0.0,0.0,0.0
2007-03-05,90.4800033569336,90.5,90.05999755859375,90.3499984741211,50.639469146728516,1505200,0.0,0.0,0.0
2007-03-06,90.05999755859375,90.36000061035156,89.98999786376953,90.08000183105469,50.48817443847656,837400,0.0,0.0,0.0
2007-03-07,90.08000183105469,90.5,89.9800033569336,90.43000030517578,50.684329986572266,915400,0.0,0.0,0.0
2007-03-08,90.29000091552734,90.41999816894531,90.11000061035156,90.3499984741211,50.639469146728516,574700,0.0,0.0,0.0
2007-03-09,89.37999725341797,89.9000015258789,89.19000244140625,89.4000015258789,50.1070442199707,1534700,0.0,0.0,0.0
2007-03-12,89.7300033569336,89.9800033569336,89.68000030517578,89.75,50.303253173828125,594400,0.0,0.0,0.0
2007-03-13,90.2300033569336,90.33999633789062,89.9800033569336,90.29000091552734,50.60584259033203,553800,0.0,0.0,0.0
2007-03-14,90.1500015258789,90.54000091552734,89.83999633789062,89.87999725341797,50.37607192993164,1698100,0.0,0.0,0.0
2007-03-15,89.76000213623047,89.95999908447266,89.66999816894531,89.87000274658203,50.37049102783203,394900,0.0,0.0,0.0
2007-03-16,89.66999816894531,89.91999816894531,89.6500015258789,89.8499984741211,50.3592643737793,623800,0.0,0.0,0.0
2007-03-19,89.58000183105469,89.69999694824219,89.5199966430664,89.66000366210938,50.25276184082031,693900,0.0,0.0,0.0
2007-03-20,89.91000366210938,89.94999694824219,89.69000244140625,89.70999908447266,50.2807731628418,768400,0.0,0.0,0.0
2007-03-21,89.37999725341797,90.08999633789062,88.69000244140625,89.75,50.303253173828125,1513400,0.0,0.0,0.0
2007-03-22,89.4800033569336,89.4800033569336,88.83000183105469,89.04000091552734,49.905296325683594,1484300,0.0,0.0,0.0
2007-03-23,89.19000244140625,89.19999694824219,88.77999877929688,88.79000091552734,49.765159606933594,1679700,0.0,0.0,0.0
2007-03-26,88.62000274658203,89.2699966430664,88.5,88.9000015258789,49.826812744140625,763600,0.0,0.0,0.0
2007-03-27,88.63999938964844,88.80999755859375,88.55999755859375,88.75,49.74272537231445,619800,0.0,0.0,0.0
2007-03-28,88.91000366210938,89.11000061035156,88.41000366210938,88.56999969482422,49.641876220703125,816900,0.0,0.0,0.0
2007-03-29,88.54000091552734,88.66999816894531,88.31999969482422,88.44999694824219,49.5745964050293,823000,0.0,0.0,0.0
2007-03-30,88.6500015258789,88.91999816894531,88.22000122070312,88.27999877929688,49.47932434082031,2015100,0.0,0.0,0.0
2007-04-02,88.11000061035156,88.22000122070312,88.01000213623047,88.0999984741211,49.56142044067383,579600,0.326,0.0,0.0
2007-04-03,88.0199966430664,88.16999816894531,87.9800033569336,87.98999786376953,49.49953079223633,617000,0.0,0.0,0.0
2007-04-04,88.16999816894531,88.33999633789062,87.9000015258789,88.08000183105469,49.55017852783203,576900,0.0,0.0,0.0
2007-04-05,88.0999984741211,88.12000274658203,87.70999908447266,87.75,49.364532470703125,436400,0.0,0.0,0.0
2007-04-09,87.27999877929688,87.30999755859375,87.12999725341797,87.16999816894531,49.03825378417969,1283900,0.0,0.0,0.0
2007-04-10,87.38999938964844,87.55000305175781,87.30999755859375,87.43000030517578,49.18452453613281,674400,0.0,0.0,0.0
2007-04-11,87.47000122070312,87.58000183105469,87.27999877929688,87.37000274658203,49.15076446533203,476200,0.0,0.0,0.0
2007-04-12,87.5,87.56999969482422,87.27999877929688,87.38999938964844,49.1619987487793,495100,0.0,0.0,0.0
2007-04-13,87.41000366210938,87.47000122070312,87.01000213623047,87.12000274658203,49.010108947753906,557800,0.0,0.0,0.0
2007-04-16,87.4000015258789,87.68000030517578,87.4000015258789,87.5999984741211,49.28015899658203,833600,0.0,0.0,0.0
2007-04-17,87.88999938964844,88.16000366210938,87.83999633789062,88.08999633789062,49.55583572387695,1254200,0.0,0.0,0.0
2007-04-18,88.37000274658203,88.55999755859375,88.36000061035156,88.52999877929688,49.8033447265625,450800,0.0,0.0,0.0
2007-04-19,88.66000366210938,88.70999908447266,88.19999694824219,88.37999725341797,49.71894454956055,1305900,0.0,0.0,0.0
2007-04-20,88.44999694824219,88.44999694824219,88.05999755859375,88.1500015258789,49.589561462402344,664500,0.0,0.0,0.0
2007-04-23,88.13999938964844,88.58999633789062,88.04000091552734,88.47000122070312,49.769596099853516,419000,0.0,0.0,0.0
2007-04-24,88.44999694824219,88.81999969482422,88.44999694824219,88.80000305175781,49.95524597167969,881300,0.0,0.0,0.0
2007-04-25,88.56999969482422,88.79000091552734,88.11000061035156,88.48999786376953,49.78084182739258,569000,0.0,0.0,0.0
2007-04-26,88.43000030517578,88.43000030517578,87.8499984741211,87.8499984741211,49.42082595825195,2048400,0.0,0.0,0.0
2007-04-27,88.01000213623047,88.05000305175781,87.77999877929688,87.83000183105469,49.4095573425293,428700,0.0,0.0,0.0
2007-04-30,88.33000183105469,88.75,88.25,88.75,49.9271125793457,485700,0.0,0.0,0.0
2007-05-01,88.58000183105469,88.63999938964844,88.11000061035156,88.48999786376953,49.963253021240234,487200,0.324,0.0,0.0
2007-05-02,88.44000244140625,88.4800033569336,88.29000091552734,88.44000244140625,49.935028076171875,443900,0.0,0.0,0.0
2007-05-03,88.37000274658203,88.37000274658203,88.01000213623047,88.23999786376953,49.82208251953125,427000,0.0,0.0,0.0
2007-05-04,88.5199966430664,88.63999938964844,88.5,88.5999984741211,50.02534484863281,262000,0.0,0.0,0.0
2007-05-07,88.69999694824219,88.8499984741211,88.66999816894531,88.83999633789062,50.160850524902344,210200,0.0,0.0,0.0
2007-05-08,89.01000213623047,89.01000213623047,88.63999938964844,88.63999938964844,50.04795455932617,488400,0.0,0.0,0.0
2007-05-09,88.6500015258789,88.66000366210938,88.26000213623047,88.29000091552734,49.85032272338867,634900,0.0,0.0,0.0
2007-05-10,88.4000015258789,88.58999633789062,88.30999755859375,88.5,49.96887969970703,519500,0.0,0.0,0.0
2007-05-11,88.63999938964844,88.69999694824219,88.12999725341797,88.19000244140625,49.793846130371094,1238400,0.0,0.0,0.0
2007-05-14,88.2300033569336,88.27999877929688,87.95999908447266,87.95999908447266,49.663978576660156,315200,0.0,0.0,0.0
2007-05-15,88.19000244140625,88.20999908447266,87.66000366210938,87.93000030517578,49.647037506103516,382400,0.0,0.0,0.0
2007-05-16,87.86000061035156,88.0,87.83000183105469,87.87000274658203,49.61320114135742,599500,0.0,0.0,0.0
2007-05-17,87.5999984741211,87.72000122070312,87.41000366210938,87.51000213623047,49.409912109375,397000,0.0,0.0,0.0
2007-05-18,87.3499984741211,87.5,86.87999725341797,86.93000030517578,49.08240509033203,856500,0.0,0.0,0.0
2007-05-21,86.93000030517578,87.23999786376953,86.83000183105469,87.19000244140625,49.229225158691406,821100,0.0,0.0,0.0
2007-05-22,87.18000030517578,87.19999694824219,86.68000030517578,86.73999786376953,48.97514724731445,920200,0.0,0.0,0.0
2007-05-23,86.83999633789062,86.83999633789062,86.30999755859375,86.48999786376953,48.83400344848633,914500,0.0,0.0,0.0
2007-05-24,86.45999908447266,86.58999633789062,85.95999908447266,86.56999969482422,48.879173278808594,1598200,0.0,0.0,0.0
2007-05-25,86.4000015258789,86.61000061035156,86.33000183105469,86.37000274658203,48.766231536865234,754900,0.0,0.0,0.0
2007-05-29,86.51000213623047,86.56999969482422,85.83000183105469,86.36000061035156,48.760589599609375,1055700,0.0,0.0,0.0
2007-05-30,86.79000091552734,86.79000091552734,86.38999938964844,86.54000091552734,48.86223220825195,612000,0.0,0.0,0.0
2007-05-31,86.55999755859375,86.58000183105469,86.04000091552734,86.37999725341797,48.771846771240234,1725900,0.0,0.0,0.0
2007-06-01,85.9000015258789,86.83999633789062,85.54000091552734,85.58999633789062,48.515689849853516,1694300,0.338,0.0,0.0
2007-06-04,85.83000183105469,86.0199966430664,85.66999816894531,85.9800033569336,48.73674011230469,877700,0.0,0.0,0.0
2007-06-05,85.88999938964844,85.94000244140625,85.37999725341797,85.44000244140625,48.4306640625,1145400,0.0,0.0,0.0
2007-06-06,85.36000061035156,85.54000091552734,85.26000213623047,85.4000015258789,48.40795135498047,1129200,0.0,0.0,0.0
2007-06-07,84.62999725341797,84.70999908447266,83.7300033569336,83.87000274658203,47.54072570800781,5010400,0.0,0.0,0.0
2007-06-08,83.61000061035156,84.12000274658203,83.36000061035156,83.80000305175781,47.501060485839844,5307600,0.0,0.0,0.0
2007-06-11,83.48999786376953,83.88999938964844,83.26000213623047,83.55999755859375,47.3650016784668,2043800,0.0,0.0,0.0
2007-06-12,82.91000366210938,83.41999816894531,82.19999694824219,82.3499984741211,46.679107666015625,9043900,0.0,0.0,0.0
2007-06-13,82.69999694824219,83.76000213623047,82.6500015258789,83.33000183105469,47.23461151123047,8751200,0.0,0.0,0.0
2007-06-14,83.13999938964844,83.70999908447266,83.05000305175781,83.12000274658203,47.1156005859375,3384700,0.0,0.0,0.0
2007-06-15,83.41999816894531,83.7300033569336,83.19999694824219,83.69000244140625,47.43870544433594,5827200,0.0,0.0,0.0
2007-06-18,83.62999725341797,83.6500015258789,82.23999786376953,83.5199966430664,47.342308044433594,17704600,0.0,0.0,0.0
2007-06-19,83.81999969482422,84.44999694824219,83.72000122070312,84.30000305175781,47.78447341918945,4620100,0.0,0.0,0.0
2007-06-20,84.0199966430664,84.08000183105469,83.58999633789062,83.62000274658203,47.398983001708984,3031700,0.0,0.0,0.0
2007-06-21,83.54000091552734,83.69999694824219,83.20999908447266,83.22000122070312,47.17228698730469,850400,0.0,0.0,0.0
2007-06-22,83.05000305175781,83.7699966430664,82.94999694824219,83.76000213623047,47.47837448120117,2118900,0.0,0.0,0.0
2007-06-25,84.1500015258789,84.3499984741211,83.95999908447266,84.22000122070312,47.7391242980957,1323500,0.0,0.0,0.0
2007-06-26,84.29000091552734,84.31999969482422,83.97000122070312,84.23999786376953,47.750457763671875,2187800,0.0,0.0,0.0
2007-06-27,84.61000061035156,84.73999786376953,84.19999694824219,84.31999969482422,47.795780181884766,6109300,0.0,0.0,0.0
2007-06-28,84.31999969482422,84.58000183105469,84.18000030517578,84.30000305175781,47.78447341918945,3612500,0.0,0.0,0.0
2007-06-29,84.8499984741211,85.30000305175781,84.63999938964844,85.16999816894531,48.27759552001953,1962200,0.0,0.0,0.0
2007-07-02,84.80999755859375,85.37000274658203,84.80999755859375,85.29000091552734,48.5313720703125,2811700,0.326,0.0,0.0
2007-07-03,85.25,85.33999633789062,84.70999908447266,84.7699966430664,48.235496520996094,1387500,0.0,0.0,0.0
2007-07-05,84.30999755859375,84.41999816894531,83.72000122070312,83.81999969482422,47.69492721557617,4586800,0.0,0.0,0.0
2007-07-06,83.54000091552734,83.55000305175781,83.27999877929688,83.4800033569336,47.50147247314453,1437800,0.0,0.0,0.0
2007-07-09,83.87000274658203,83.93000030517578,83.68000030517578,83.77999877929688,47.67216110229492,795400,0.0,0.0,0.0
2007-07-10,84.4800033569336,85.19999694824219,84.43000030517578,85.19999694824219,48.48019790649414,2258000,0.0,0.0,0.0
2007-07-11,84.94999694824219,85.08999633789062,84.31999969482422,84.31999969482422,47.97942352294922,1191300,0.0,0.0,0.0
2007-07-12,84.55000305175781,84.58000183105469,83.87000274658203,84.02999877929688,47.81444549560547,1941200,0.0,0.0,0.0
2007-07-13,84.44999694824219,84.55000305175781,83.94000244140625,84.26000213623047,47.94529342651367,725900,0.0,0.0,0.0
2007-07-16,84.5199966430664,85.11000061035156,84.5199966430664,85.06999969482422,48.40620422363281,952000,0.0,0.0,0.0
2007-07-17,84.86000061035156,85.08999633789062,84.5,84.88999938964844,48.303775787353516,734200,0.0,0.0,0.0
2007-07-18,84.93000030517578,85.54000091552734,84.80999755859375,85.20999908447266,48.48584747314453,1836800,0.0,0.0,0.0
2007-07-19,84.9000015258789,85.26000213623047,84.80000305175781,85.19000244140625,48.4744873046875,1021000,0.0,0.0,0.0
2007-07-20,85.37999725341797,86.08000183105469,85.31999969482422,85.95999908447266,48.91266632080078,1459900,0.0,0.0,0.0
2007-07-23,85.69000244140625,85.97000122070312,85.69000244140625,85.81999969482422,48.83300018310547,777900,0.0,0.0,0.0
2007-07-24,86.01000213623047,86.16000366210938,85.72000122070312,86.13999938964844,49.015037536621094,1351600,0.0,0.0,0.0
2007-07-25,86.06999969482422,86.38999938964844,86.0,86.30999755859375,49.111759185791016,881100,0.0,0.0,0.0
2007-07-26,86.73999786376953,87.45999908447266,86.6500015258789,87.02999877929688,49.52147674560547,2866400,0.0,0.0,0.0
2007-07-27,87.05000305175781,87.55999755859375,86.8499984741211,87.27999877929688,49.66374969482422,5367800,0.0,0.0,0.0
2007-07-30,87.19000244140625,87.36000061035156,86.91000366210938,87.02999877929688,49.52147674560547,1803900,0.0,0.0,0.0
2007-07-31,87.12999725341797,87.75,86.94999694824219,87.66000366210938,49.87998580932617,2467600,0.0,0.0,0.0
2007-08-01,87.26000213623047,87.54000091552734,87.08999633789062,87.12999725341797,49.77199172973633,2154700,0.341,0.0,0.0
2007-08-02,87.20999908447266,87.44999694824219,86.98999786376953,87.3499984741211,49.897621154785156,2079400,0.0,0.0,0.0
2007-08-03,87.27999877929688,87.93000030517578,87.27999877929688,87.93000030517578,50.22895431518555,1577600,0.0,0.0,0.0
2007-08-06,87.69999694824219,87.72000122070312,87.16999816894531,87.29000091552734,49.8633918762207,1298400,0.0,0.0,0.0
2007-08-07,87.43000030517578,87.70999908447266,86.91999816894531,87.22000122070312,49.82343292236328,1890800,0.0,0.0,0.0
2007-08-08,86.88999938964844,86.88999938964844,85.86000061035156,86.16000366210938,49.2178840637207,6453000,0.0,0.0,0.0
2007-08-09,86.75,86.86000061035156,85.72000122070312,86.27999877929688,49.28643798828125,2637500,0.0,0.0,0.0
2007-08-10,86.48999786376953,86.69999694824219,85.9800033569336,86.08000183105469,49.17218780517578,1496400,0.0,0.0,0.0
2007-08-13,85.91999816894531,86.4000015258789,85.9000015258789,86.33000183105469,49.31499099731445,1312600,0.0,0.0,0.0
2007-08-14,86.0199966430664,86.77999877929688,86.01000213623047,86.55999755859375,49.44643783569336,1314700,0.0,0.0,0.0
2007-08-15,86.6500015258789,86.75,86.25,86.25,49.269287109375,1101700,0.0,0.0,0.0
2007-08-16,86.87000274658203,87.5999984741211,86.76000213623047,87.13999938964844,49.7776985168457,2410200,0.0,0.0,0.0
2007-08-17,86.4000015258789,86.91000366210938,86.05000305175781,86.79000091552734,49.577781677246094,2114400,0.0,0.0,0.0
2007-08-20,86.95999908447266,87.2699966430664,86.83000183105469,86.83999633789062,49.6063346862793,1048700,0.0,0.0,0.0
2007-08-21,87.0999984741211,87.41000366210938,87.05000305175781,87.26000213623047,49.846256256103516,1517200,0.0,0.0,0.0
2007-08-22,87.05000305175781,87.30999755859375,86.80999755859375,87.12000274658203,49.76627731323242,1137800,0.0,0.0,0.0
2007-08-23,87.08999633789062,87.68000030517578,87.02999877929688,87.41999816894531,49.9376335144043,1618800,0.0,0.0,0.0
2007-08-24,87.7699966430664,88.08000183105469,87.55999755859375,87.8499984741211,50.18330001831055,1614600,0.0,0.0,0.0
2007-08-27,88.27999877929688,88.4800033569336,88.1500015258789,88.30999755859375,50.446041107177734,1585400,0.0,0.0,0.0
2007-08-28,88.43000030517578,88.73999786376953,88.27999877929688,88.45999908447266,50.531715393066406,1298900,0.0,0.0,0.0
2007-08-29,88.48999786376953,88.7699966430664,88.16000366210938,88.22000122070312,50.394630432128906,2686700,0.0,0.0,0.0
2007-08-30,88.61000061035156,88.95999908447266,88.47000122070312,88.80999755859375,50.731666564941406,1806800,0.0,0.0,0.0
2007-08-31,88.58999633789062,89.19999694824219,88.54000091552734,88.87999725341797,50.77165603637695,2763200,0.0,0.0,0.0
2007-09-04,88.83000183105469,89.12999725341797,88.19999694824219,88.55999755859375,50.79576110839844,931000,0.362,0.0,0.0
2007-09-05,88.76000213623047,89.3499984741211,88.72000122070312,89.2699966430664,51.20296859741211,1271500,0.0,0.0,0.0
2007-09-06,89.30999755859375,89.48999786376953,88.94999694824219,89.04000091552734,51.07109451293945,1768400,0.0,0.0,0.0
2007-09-07,89.75,90.5,89.69000244140625,90.30000305175781,51.79376220703125,2852200,0.0,0.0,0.0
2007-09-10,90.5,91.2699966430664,90.5,91.0,52.19527053833008,2495200,0.0,0.0,0.0
2007-09-11,90.87999725341797,91.2699966430664,90.69999694824219,90.93000030517578,52.15513229370117,3925400,0.0,0.0,0.0
2007-09-12,90.9000015258789,90.94000244140625,90.41999816894531,90.58999633789062,51.960113525390625,4458300,0.0,0.0,0.0
2007-09-13,90.30000305175781,90.33000183105469,89.58000183105469,89.77999877929688,51.49553680419922,2020600,0.0,0.0,0.0
2007-09-14,90.58000183105469,90.58999633789062,89.62000274658203,89.91000366210938,51.57010269165039,1357200,0.0,0.0,0.0
2007-09-17,89.81999969482422,90.38999938964844,89.76000213623047,90.33999633789062,51.81669616699219,1285400,0.0,0.0,0.0
2007-09-18,89.80000305175781,90.23999786376953,89.0,89.66000366210938,51.42668151855469,3132800,0.0,0.0,0.0
2007-09-19,88.70999908447266,89.01000213623047,88.37000274658203,88.83000183105469,50.95061111450195,3854700,0.0,0.0,0.0
2007-09-20,88.18000030517578,88.29000091552734,87.0999984741211,87.1500015258789,49.98703384399414,5903200,0.0,0.0,0.0
2007-09-21,87.58000183105469,88.12999725341797,87.58000183105469,87.88999938964844,50.411460876464844,2217600,0.0,0.0,0.0
2007-09-24,88.02999877929688,88.27999877929688,87.91000366210938,88.13999938964844,50.55485534667969,1943600,0.0,0.0,0.0
2007-09-25,88.5,88.62000274658203,87.83000183105469,87.83000183105469,50.37702941894531,2513500,0.0,0.0,0.0
2007-09-26,87.62000274658203,88.12999725341797,87.43000030517578,87.91000366210938,50.42292022705078,2646400,0.0,0.0,0.0
2007-09-27,88.23999786376953,88.77999877929688,88.1500015258789,88.5199966430664,50.7728385925293,1802900,0.0,0.0,0.0
2007-09-28,89.16000366210938,89.33000183105469,88.22000122070312,88.72000122070312,50.887508392333984,1254700,0.0,0.0,0.0
2007-10-01,88.69000244140625,88.9800033569336,88.43000030517578,88.87999725341797,51.17827606201172,1399400,0.345,0.0,0.0
2007-10-02,88.75,89.37000274658203,88.68000030517578,89.16000366210938,51.339542388916016,887800,0.0,0.0,0.0
2007-10-03,89.33000183105469,89.43000030517578,88.7300033569336,88.9000015258789,51.18986511230469,1164600,0.0,0.0,0.0
2007-10-04,89.01000213623047,89.31999969482422,88.91000366210938,89.23999786376953,51.38558578491211,1128700,0.0,0.0,0.0
2007-10-05,88.30999755859375,88.44000244140625,87.70999908447266,88.27999877929688,50.83283233642578,2184700,0.0,0.0,0.0
2007-10-08,87.7699966430664,88.5,87.7699966430664,88.20999908447266,50.79251480102539,280100,0.0,0.0,0.0
2007-10-09,88.16000366210938,88.36000061035156,87.77999877929688,88.0999984741211,50.72917175292969,901000,0.0,0.0,0.0
2007-10-10,87.9800033569336,88.43000030517578,87.79000091552734,88.1500015258789,50.75794982910156,855500,0.0,0.0,0.0
2007-10-11,87.5199966430664,88.08999633789062,87.44999694824219,88.05999755859375,50.706153869628906,1533400,0.0,0.0,0.0
2007-10-12,87.5199966430664,88.18000030517578,87.4800033569336,87.62999725341797,50.458526611328125,1133900,0.0,0.0,0.0
2007-10-15,87.4800033569336,87.72000122070312,87.4000015258789,87.6500015258789,50.47006607055664,553300,0.0,0.0,0.0
2007-10-16,87.6500015258789,87.9800033569336,87.54000091552734,87.68000030517578,50.4872932434082,855500,0.0,0.0,0.0
2007-10-17,87.7699966430664,88.94999694824219,87.7699966430664,88.63999938964844,51.04012680053711,2377000,0.0,0.0,0.0
2007-10-18,89.11000061035156,89.33999633789062,89.0199966430664,89.12999725341797,51.32224655151367,1374100,0.0,0.0,0.0
2007-10-19,89.62999725341797,90.5999984741211,89.61000061035156,90.45999908447266,52.08812713623047,2561800,0.0,0.0,0.0
2007-10-22,90.58000183105469,90.6500015258789,90.06999969482422,90.47000122070312,52.093868255615234,1866500,0.0,0.0,0.0
2007-10-23,90.26000213623047,90.5199966430664,90.0999984741211,90.3499984741211,52.02473068237305,1046600,0.0,0.0,0.0
2007-10-24,90.70999908447266,91.38999938964844,90.55999755859375,91.0199966430664,52.4105110168457,2829300,0.0,0.0,0.0
2007-10-25,91.05999755859375,91.18000030517578,90.69999694824219,90.70999908447266,52.23203659057617,3062200,0.0,0.0,0.0
2007-10-26,90.37000274658203,91.0,90.33999633789062,90.5,52.111122131347656,1366500,0.0,0.0,0.0
2007-10-29,90.5,90.98999786376953,90.4800033569336,90.8499984741211,52.31267166137695,881000,0.0,0.0,0.0
2007-10-30,90.7300033569336,91.01000213623047,90.41999816894531,90.80000305175781,52.283870697021484,1439600,0.0,0.0,0.0
2007-10-31,90.5,90.69999694824219,89.75,89.9800033569336,51.81174850463867,2498500,0.0,0.0,0.0
2007-11-01,89.95999908447266,91.01000213623047,89.95999908447266,90.75,52.48488998413086,2563400,0.394,0.0,0.0
2007-11-02,90.44999694824219,91.54000091552734,90.20999908447266,91.04000091552734,52.65262985229492,1927700,0.0,0.0,0.0
2007-11-05,91.16000366210938,91.38999938964844,90.80000305175781,91.0,52.62950134277344,1021500,0.0,0.0,0.0
2007-11-06,90.5999984741211,91.1500015258789,90.4800033569336,90.55999755859375,52.37503433227539,575800,0.0,0.0,0.0
2007-11-07,90.54000091552734,90.76000213623047,90.31999969482422,90.72000122070312,52.46754837036133,1456100,0.0,0.0,0.0
2007-11-08,90.6500015258789,90.94000244140625,90.43000030517578,90.55999755859375,52.37503433227539,2179600,0.0,0.0,0.0
2007-11-09,91.04000091552734,91.58999633789062,90.93000030517578,91.33000183105469,52.82035446166992,887200,0.0,0.0,0.0
2007-11-12,91.98999786376953,91.98999786376953,91.3499984741211,91.66000366210938,53.011165618896484,460600,0.0,0.0,0.0
2007-11-13,91.41999816894531,91.48999786376953,91.16999816894531,91.31999969482422,52.81459426879883,1116600,0.0,0.0,0.0
2007-11-14,90.94999694824219,91.51000213623047,90.91999816894531,91.41999816894531,52.87236404418945,684400,0.0,0.0,0.0
2007-11-15,91.61000061035156,92.55999755859375,91.48999786376953,92.27999877929688,53.36975860595703,1312900,0.0,0.0,0.0
2007-11-16,92.2699966430664,92.69999694824219,92.20999908447266,92.41000366210938,53.444923400878906,1333800,0.0,0.0,0.0
2007-11-19,92.54000091552734,93.41999816894531,92.41000366210938,93.01000213623047,53.791954040527344,1343900,0.0,0.0,0.0
2007-11-20,93.08999633789062,93.29000091552734,92.80000305175781,92.91000366210938,53.734127044677734,1367800,0.0,0.0,0.0
2007-11-21,93.4000015258789,93.58000183105469,93.23999786376953,93.44999694824219,54.046409606933594,1297800,0.0,0.0,0.0
2007-11-23,93.44000244140625,93.80000305175781,93.30999755859375,93.7300033569336,54.2083625793457,437400,0.0,0.0,0.0
2007-11-26,94.22000122070312,96.36000061035156,94.12000274658203,95.58000183105469,55.27831268310547,4427000,0.0,0.0,0.0
2007-11-27,94.95999908447266,95.25,93.98999786376953,94.66999816894531,54.752010345458984,3100300,0.0,0.0,0.0
2007-11-28,94.55999755859375,94.69000244140625,93.83999633789062,94.02999877929688,54.3818359375,2088100,0.0,0.0,0.0
2007-11-29,94.81999969482422,95.41999816894531,94.66000366210938,94.83999633789062,54.850303649902344,1594500,0.0,0.0,0.0
2007-11-30,93.87999725341797,94.38999938964844,93.73999786376953,94.37999725341797,54.58427429199219,1952100,0.0,0.0,0.0
2007-12-03,94.76000213623047,95.0999984741211,94.27999877929688,94.75,55.01742935180664,1272700,0.376,0.0,0.0
2007-12-04,94.9000015258789,95.05999755859375,94.1500015258789,94.73999786376953,55.01167297363281,1721200,0.0,0.0,0.0
2007-12-05,94.22000122070312,94.47000122070312,93.55999755859375,93.61000061035156,54.355525970458984,1866000,0.0,0.0,0.0
2007-12-06,93.31999969482422,93.33999633789062,92.54000091552734,92.79000091552734,53.8793830871582,2270200,0.0,0.0,0.0
2007-12-07,92.18000030517578,92.3499984741211,91.37999725341797,91.75,53.2755241394043,2171000,0.0,0.0,0.0
2007-12-10,91.63999938964844,91.69000244140625,90.75,91.19999694824219,52.95609664916992,2242500,0.0,0.0,0.0
2007-12-11,91.7300033569336,93.2300033569336,91.58000183105469,92.98999786376953,53.99549102783203,2892400,0.0,0.0,0.0
2007-12-12,91.44999694824219,92.6500015258789,91.2699966430664,92.02999877929688,53.43801498413086,2225400,0.0,0.0,0.0
2007-12-13,91.61000061035156,91.81999969482422,90.9000015258789,91.02999877929688,52.85744094848633,1222100,0.0,0.0,0.0
2007-12-14,90.79000091552734,90.91999816894531,90.5,90.61000061035156,52.613525390625,1354900,0.0,0.0,0.0
2007-12-17,91.06999969482422,91.54000091552734,90.93000030517578,91.41999816894531,53.0838508605957,2046200,0.0,0.0,0.0
2007-12-18,91.58999633789062,92.30000305175781,91.55000305175781,92.01000213623047,53.42647933959961,1417100,0.0,0.0,0.0
2007-12-19,92.4000015258789,93.55999755859375,91.87999725341797,93.2300033569336,54.134864807128906,2252400,0.0,0.0,0.0
2007-12-20,93.26000213623047,93.87000274658203,93.0199966430664,93.02999877929688,54.018760681152344,1659400,0.0,0.0,0.0
2007-12-21,92.9000015258789,92.91999816894531,91.66000366210938,91.66999816894531,53.22903060913086,1767600,0.0,0.0,0.0
2007-12-24,91.22000122070312,91.47000122070312,91.08000183105469,91.23999786376953,52.97935485839844,550300,0.0,0.0,0.0
2007-12-26,91.0199966430664,91.62999725341797,90.27999877929688,90.44000244140625,52.514827728271484,674700,0.0,0.0,0.0
2007-12-27,90.87999725341797,91.16000366210938,90.51000213623047,91.05999755859375,53.08732604980469,468600,0.362,0.0,0.0
2007-12-28,91.6500015258789,92.58000183105469,91.5,92.4800033569336,53.91521453857422,1967800,0.0,0.0,0.0
2007-12-31,92.77999877929688,93.27999877929688,92.5999984741211,93.04000091552734,54.241634368896484,1647600,0.0,0.0,0.0
2008-01-02,93.25,94.7300033569336,93.19999694824219,94.37999725341797,55.022850036621094,2959600,0.0,0.0,0.0
2008-01-03,94.0,94.37999725341797,93.66999816894531,94.25,54.947078704833984,1256700,0.0,0.0,0.0
2008-01-04,94.5,94.79000091552734,94.19999694824219,94.2699966430664,54.95872116088867,2420200,0.0,0.0,0.0
2008-01-07,94.18000030517578,94.77999877929688,94.02999877929688,94.68000030517578,55.197757720947266,1315500,0.0,0.0,0.0
2008-01-08,94.44000244140625,94.70999908447266,93.93000030517578,94.56999969482422,55.13362121582031,1604800,0.0,0.0,0.0
2008-01-09,94.79000091552734,95.30000305175781,94.62000274658203,94.75,55.238529205322266,2203500,0.0,0.0,0.0
2008-01-10,94.87000274658203,94.94999694824219,93.30999755859375,93.47000122070312,54.49232482910156,2681800,0.0,0.0,0.0
2008-01-11,93.5199966430664,94.27999877929688,93.4000015258789,94.19999694824219,54.91789245605469,1872900,0.0,0.0,0.0
2008-01-14,94.19999694824219,94.55000305175781,94.0,94.55000305175781,55.12196731567383,906100,0.0,0.0,0.0
2008-01-15,95.16000366210938,95.62999725341797,95.06999969482422,95.61000061035156,55.739906311035156,1435300,0.0,0.0,0.0
2008-01-16,95.68000030517578,95.88999938964844,94.7300033569336,94.91999816894531,55.33769607543945,3505100,0.0,0.0,0.0
2008-01-17,94.95999908447266,96.29000091552734,94.93000030517578,96.1500015258789,56.05477523803711,2940500,0.0,0.0,0.0
2008-01-18,95.55000305175781,95.7699966430664,95.22000122070312,95.48999786376953,55.66996383666992,2676800,0.0,0.0,0.0
2008-01-22,96.41000366210938,96.62000274658203,95.30000305175781,96.51000213623047,56.26456832885742,5423500,0.0,0.0,0.0
2008-01-23,97.9800033569336,98.16000366210938,95.87999725341797,96.29000091552734,56.136375427246094,7636600,0.0,0.0,0.0
2008-01-24,95.55000305175781,95.75,94.33999633789062,94.36000061035156,55.011199951171875,5676700,0.0,0.0,0.0
2008-01-25,94.19000244140625,96.0,94.12999725341797,95.94999694824219,55.938140869140625,4371100,0.0,0.0,0.0
2008-01-28,95.68000030517578,96.0,95.36000061035156,95.58999633789062,55.72829055786133,1633500,0.0,0.0,0.0
2008-01-29,95.27999877929688,95.31999969482422,94.58000183105469,94.94000244140625,55.349327087402344,3100200,0.0,0.0,0.0
2008-01-30,94.69000244140625,94.7699966430664,93.58999633789062,94.31999969482422,54.987876892089844,3468000,0.0,0.0,0.0
2008-01-31,95.30000305175781,95.43000030517578,94.62999725341797,94.98999786376953,55.37850570678711,11441000,0.0,0.0,0.0
2008-02-01,95.0,95.4000015258789,94.55999755859375,95.2300033569336,55.71135711669922,4163700,0.329,0.0,0.0
2008-02-04,94.38999938964844,94.66000366210938,94.12999725341797,94.25,55.13804626464844,1729600,0.0,0.0,0.0
2008-02-05,95.41000366210938,95.61000061035156,94.7699966430664,94.97000122070312,55.559226989746094,2594600,0.0,0.0,0.0
2008-02-06,94.62999725341797,94.8499984741211,94.36000061035156,94.68000030517578,55.38959503173828,1339800,0.0,0.0,0.0
2008-02-07,94.52999877929688,94.52999877929688,92.05000305175781,92.63999938964844,54.1961784362793,5419700,0.0,0.0,0.0
2008-02-08,93.25,93.7300033569336,93.08999633789062,93.69999694824219,54.8162956237793,2832800,0.0,0.0,0.0
2008-02-11,94.27999877929688,94.69999694824219,93.7300033569336,94.08999633789062,55.044456481933594,2960200,0.0,0.0,0.0
2008-02-12,93.31999969482422,93.6500015258789,92.95999908447266,93.52999877929688,54.71680450439453,2897700,0.0,0.0,0.0
2008-02-13,92.93000030517578,93.41999816894531,92.4000015258789,92.54000091552734,54.137672424316406,3697500,0.0,0.0,0.0
2008-02-14,91.80000305175781,92.0999984741211,90.66000366210938,91.18000030517578,53.34203338623047,7505000,0.0,0.0,0.0
2008-02-15,91.61000061035156,92.06999969482422,91.45999908447266,91.87999725341797,53.75150680541992,3687800,0.0,0.0,0.0
2008-02-19,91.13999938964844,91.69999694824219,90.63999938964844,90.94999694824219,53.20747756958008,2911600,0.0,0.0,0.0
2008-02-20,90.62000274658203,91.58000183105469,90.55999755859375,91.58000183105469,53.57606887817383,2550100,0.0,0.0,0.0
2008-02-21,92.08000183105469,92.8499984741211,92.05000305175781,92.55000305175781,54.143531799316406,4197200,0.0,0.0,0.0
2008-02-22,92.48999786376953,92.8499984741211,91.87000274658203,92.0199966430664,53.83342742919922,1959700,0.0,0.0,0.0
2008-02-25,91.94999694824219,92.13999938964844,90.6500015258789,91.08000183105469,53.28352737426758,3460900,0.0,0.0,0.0
2008-02-26,90.95999908447266,91.33999633789062,90.7300033569336,91.11000061035156,53.30109405517578,2618900,0.0,0.0,0.0
2008-02-27,91.43000030517578,91.56999969482422,90.61000061035156,91.19000244140625,53.347877502441406,2494400,0.0,0.0,0.0
2008-02-28,92.33999633789062,92.83999633789062,92.19000244140625,92.80999755859375,54.29560470581055,3410900,0.0,0.0,0.0
2008-02-29,93.6500015258789,94.45999908447266,93.5199966430664,94.2300033569336,55.12635040283203,3822000,0.0,0.0,0.0
2008-03-03,93.66999816894531,94.19999694824219,93.25,93.63999938964844,54.9842414855957,2036900,0.348,0.0,0.0
2008-03-04,93.94000244140625,94.12000274658203,92.52999877929688,92.7300033569336,54.44992446899414,3401100,0.0,0.0,0.0
2008-03-05,93.05999755859375,93.05999755859375,91.5,91.62000274658203,53.79813766479492,3871200,0.0,0.0,0.0
2008-03-06,91.81999969482422,92.44000244140625,91.66999816894531,92.11000061035156,54.0858268737793,1342600,0.0,0.0,0.0
2008-03-07,93.29000091552734,93.3499984741211,91.73999786376953,92.2300033569336,54.156314849853516,3601300,0.0,0.0,0.0
2008-03-10,92.70999908447266,94.12999725341797,92.61000061035156,93.58999633789062,54.95488739013672,3579000,0.0,0.0,0.0
2008-03-11,93.0,93.02999877929688,92.20999908447266,92.79000091552734,54.48514175415039,3309200,0.0,0.0,0.0
2008-03-12,93.12999725341797,94.68000030517578,92.97000122070312,94.58000183105469,55.53620910644531,4752900,0.0,0.0,0.0
2008-03-13,95.02999877929688,95.19000244140625,93.26000213623047,93.83999633789062,55.10167694091797,5763500,0.0,0.0,0.0
2008-03-14,94.62000274658203,95.80999755859375,94.62000274658203,95.0,55.782806396484375,6174800,0.0,0.0,0.0
2008-03-17,95.58999633789062,96.30999755859375,95.30999755859375,95.7300033569336,56.211456298828125,3329300,0.0,0.0,0.0
2008-03-18,95.30000305175781,96.16000366210938,94.94999694824219,95.36000061035156,55.99417495727539,4022300,0.0,0.0,0.0
2008-03-19,95.12000274658203,97.47000122070312,95.12000274658203,96.94000244140625,56.92194747924805,5206400,0.0,0.0,0.0
2008-03-20,97.0,97.75,96.87000274658203,97.18000030517578,57.06284713745117,3905900,0.0,0.0,0.0
2008-03-24,96.4800033569336,96.4800033569336,95.19999694824219,95.30000305175781,55.95895004272461,5596200,0.0,0.0,0.0
2008-03-25,95.37999725341797,95.81999969482422,95.27999877929688,95.69999694824219,56.193843841552734,2038200,0.0,0.0,0.0
2008-03-26,95.77999877929688,96.19999694824219,95.2300033569336,95.30000305175781,55.95895004272461,1652000,0.0,0.0,0.0
2008-03-27,94.63999938964844,95.36000061035156,94.54000091552734,94.62999725341797,55.56554412841797,2405700,0.0,0.0,0.0
2008-03-28,95.08999633789062,95.55999755859375,94.75,95.55000305175781,56.10578536987305,1745500,0.0,0.0,0.0
2008-03-31,96.11000061035156,96.31999969482422,95.66999816894531,95.88999938964844,56.305397033691406,2546300,0.0,0.0,0.0
2008-04-01,94.80999755859375,94.8499984741211,93.77999877929688,93.93000030517578,55.389060974121094,3821800,0.406,0.0,0.0
2008-04-02,93.98999786376953,94.86000061035156,93.98999786376953,94.12999725341797,55.50696563720703,3794200,0.0,0.0,0.0
2008-04-03,94.5,94.66999816894531,94.12000274658203,94.33999633789062,55.63080596923828,2839100,0.0,0.0,0.0
2008-04-04,95.16999816894531,95.55999755859375,94.98999786376953,95.19999694824219,56.13793182373047,1745200,0.0,0.0,0.0
2008-04-07,94.62000274658203,94.77999877929688,93.9000015258789,94.69999694824219,55.843101501464844,2231800,0.0,0.0,0.0
2008-04-08,95.18000030517578,95.23999786376953,94.26000213623047,94.37000274658203,55.64847946166992,1305200,0.0,0.0,0.0
2008-04-09,94.55999755859375,95.63999938964844,94.55000305175781,95.3499984741211,56.226356506347656,2883600,0.0,0.0,0.0
2008-04-10,95.30999755859375,95.5,94.56999969482422,95.02999877929688,56.03766632080078,1846500,0.0,0.0,0.0
2008-04-11,95.5999984741211,95.91999816894531,95.47000122070312,95.66999816894531,56.415103912353516,1987700,0.0,0.0,0.0
2008-04-14,95.33999633789062,95.69999694824219,94.98999786376953,95.11000061035156,56.08488082885742,3195300,0.0,0.0,0.0
2008-04-15,94.41999816894531,94.58000183105469,93.9000015258789,93.93000030517578,55.389060974121094,2821600,0.0,0.0,0.0
2008-04-16,93.80000305175781,94.05999755859375,92.43000030517578,93.01000213623047,54.846519470214844,4691100,0.0,0.0,0.0
2008-04-17,92.9800033569336,93.18000030517578,92.23999786376953,92.8499984741211,54.752159118652344,2020000,0.0,0.0,0.0
2008-04-18,92.0,92.87999725341797,91.81999969482422,92.7699966430664,54.70501708984375,2199700,0.0,0.0,0.0
2008-04-21,92.41000366210938,93.27999877929688,92.30000305175781,93.13999938964844,54.9232063293457,2805800,0.0,0.0,0.0
2008-04-22,92.91000366210938,93.66999816894531,92.91000366210938,93.45999908447266,55.11188507080078,1799700,0.0,0.0,0.0
2008-04-23,93.08999633789062,93.62999725341797,92.52999877929688,93.1500015258789,54.929100036621094,1221100,0.0,0.0,0.0
2008-04-24,92.26000213623047,92.45999908447266,91.80999755859375,92.36000061035156,54.4632453918457,3213600,0.0,0.0,0.0
2008-04-25,92.13999938964844,92.25,91.5,91.81999969482422,54.144840240478516,1742000,0.0,0.0,0.0
2008-04-28,91.52999877929688,92.3499984741211,91.41000366210938,92.0999984741211,54.30991744995117,1883900,0.0,0.0,0.0
2008-04-29,92.37999725341797,92.86000061035156,92.1500015258789,92.44999694824219,54.51631164550781,1269100,0.0,0.0,0.0
2008-04-30,92.41999816894531,93.19999694824219,91.8499984741211,93.11000061035156,54.90550231933594,2827500,0.0,0.0,0.0
2008-05-01,93.44000244140625,93.6500015258789,92.37999725341797,92.77999877929688,54.90904235839844,3226500,0.336,0.0,0.0
2008-05-02,91.77999877929688,92.41000366210938,91.54000091552734,91.61000061035156,54.216636657714844,2730800,0.0,0.0,0.0
2008-05-05,91.86000061035156,91.87000274658203,91.13999938964844,91.61000061035156,54.216636657714844,1309300,0.0,0.0,0.0
2008-05-06,92.01000213623047,92.08000183105469,90.79000091552734,90.94999694824219,53.826019287109375,4037500,0.0,0.0,0.0
2008-05-07,90.7300033569336,91.43000030517578,90.62000274658203,91.33999633789062,54.05681610107422,3876200,0.0,0.0,0.0
2008-05-08,91.44000244140625,92.19999694824219,91.41999816894531,92.16000366210938,54.542137145996094,2829500,0.0,0.0,0.0
2008-05-09,92.7300033569336,92.87000274658203,92.20999908447266,92.5,54.74332046508789,2064300,0.0,0.0,0.0
2008-05-12,92.76000213623047,93.16000366210938,92.3499984741211,92.36000061035156,54.660491943359375,1947400,0.0,0.0,0.0
2008-05-13,91.83000183105469,92.05000305175781,91.30999755859375,91.3499984741211,54.062713623046875,2123300,0.0,0.0,0.0
2008-05-14,92.0,92.01000213623047,90.72000122070312,91.38999938964844,54.086429595947266,2600900,0.0,0.0,0.0
2008-05-15,91.16999816894531,92.33000183105469,91.08999633789062,92.22000122070312,54.5776481628418,2164300,0.0,0.0,0.0
2008-05-16,91.87999725341797,92.88999938964844,91.77999877929688,91.83999633789062,54.35272979736328,1902600,0.0,0.0,0.0
2008-05-19,92.26000213623047,92.26000213623047,91.30000305175781,91.95999908447266,54.423736572265625,1348200,0.0,0.0,0.0
2008-05-20,92.44000244140625,92.5,91.9000015258789,92.44000244140625,54.70781326293945,1466000,0.0,0.0,0.0
2008-05-21,92.05000305175781,92.66999816894531,91.86000061035156,92.45999908447266,54.71968078613281,1762100,0.0,0.0,0.0
2008-05-22,91.93000030517578,91.93000030517578,90.83999633789062,91.37000274658203,54.07459259033203,2855900,0.0,0.0,0.0
2008-05-23,91.83000183105469,92.30000305175781,91.69999694824219,91.7699966430664,54.31131362915039,1802000,0.0,0.0,0.0
2008-05-27,91.37999725341797,91.55999755859375,90.9800033569336,91.1500015258789,53.94440841674805,1985800,0.0,0.0,0.0
2008-05-28,90.54000091552734,90.66000366210938,90.13999938964844,90.33999633789062,53.46503448486328,3250700,0.0,0.0,0.0
2008-05-29,90.01000213623047,90.0999984741211,89.13999938964844,89.69000244140625,53.08031463623047,3302400,0.0,0.0,0.0
2008-05-30,90.12999725341797,90.44000244140625,90.05999755859375,90.27999877929688,53.42949676513672,2514600,0.0,0.0,0.0
2008-06-02,89.9800033569336,90.63999938964844,89.62000274658203,90.30000305175781,53.6356315612793,3076400,0.327,0.0,0.0
2008-06-03,90.05999755859375,91.41000366210938,89.80999755859375,90.94999694824219,54.02168655395508,2447700,0.0,0.0,0.0
2008-06-04,91.38999938964844,91.38999938964844,89.9000015258789,90.13999938964844,53.54058837890625,2813000,0.0,0.0,0.0
2008-06-05,89.81999969482422,90.02999877929688,89.44999694824219,89.5999984741211,53.219844818115234,2632200,0.0,0.0,0.0
2008-06-06,90.44000244140625,91.08999633789062,90.20999908447266,90.76000213623047,53.90887451171875,3864800,0.0,0.0,0.0
2008-06-09,90.4800033569336,91.38999938964844,90.19000244140625,90.76000213623047,53.90887451171875,1812000,0.0,0.0,0.0
2008-06-10,90.6500015258789,90.70999908447266,89.69999694824219,90.16999816894531,53.55840301513672,1935300,0.0,0.0,0.0
2008-06-11,90.05000305175781,90.72000122070312,89.70999908447266,89.95999908447266,53.43367004394531,2265400,0.0,0.0,0.0
2008-06-12,89.55999755859375,89.63999938964844,88.81999969482422,89.05999755859375,52.899078369140625,4413100,0.0,0.0,0.0
2008-06-13,88.97000122070312,89.54000091552734,88.68000030517578,88.87000274658203,52.78623580932617,1983600,0.0,0.0,0.0
2008-06-16,89.11000061035156,89.18000030517578,88.62000274658203,88.88999938964844,52.798126220703125,1756800,0.0,0.0,0.0
2008-06-17,89.1500015258789,89.2699966430664,88.58999633789062,89.06999969482422,52.90500259399414,1712200,0.0,0.0,0.0
2008-06-18,89.29000091552734,89.97000122070312,89.08999633789062,89.81999969482422,53.35047149658203,2590000,0.0,0.0,0.0
2008-06-19,89.5199966430664,89.75,89.02999877929688,89.29000091552734,53.035682678222656,1700500,0.0,0.0,0.0
2008-06-20,89.94000244140625,90.06999969482422,89.69000244140625,89.80999755859375,53.344581604003906,4580900,0.0,0.0,0.0
2008-06-23,90.08000183105469,90.43000030517578,89.83000183105469,90.0,53.45742416381836,1594100,0.0,0.0,0.0
2008-06-24,90.37999725341797,90.80999755859375,90.13999938964844,90.5999984741211,53.813785552978516,3118400,0.0,0.0,0.0
2008-06-25,90.6500015258789,90.76000213623047,89.80999755859375,90.63999938964844,53.83755874633789,3251600,0.0,0.0,0.0
2008-06-26,91.0,91.44000244140625,90.79000091552734,91.25,54.19989776611328,4052300,0.0,0.0,0.0
2008-06-27,91.7300033569336,92.44000244140625,91.44999694824219,92.31999969482422,54.83544158935547,4144800,0.0,0.0,0.0
2008-06-30,92.41000366210938,92.81999969482422,92.08000183105469,92.33999633789062,54.84730529785156,3743000,0.0,0.0,0.0
2008-07-01,92.69000244140625,92.7699966430664,91.68000030517578,91.79000091552734,54.717376708984375,3805100,0.332,0.0,0.0
2008-07-02,91.95999908447266,92.37999725341797,91.87000274658203,92.2699966430664,55.003456115722656,2413700,0.0,0.0,0.0
2008-07-03,91.70999908447266,92.30000305175781,91.54000091552734,92.06999969482422,54.88425064086914,1405100,0.0,0.0,0.0
2008-07-07,92.06999969482422,93.1500015258789,91.58000183105469,92.48999786376953,55.1346321105957,3528400,0.0,0.0,0.0
2008-07-08,92.5,93.13999938964844,92.41999816894531,93.08999633789062,55.49232482910156,2176600,0.0,0.0,0.0
2008-07-09,92.94000244140625,93.63999938964844,92.91999816894531,93.5,55.73670959472656,1582000,0.0,0.0,0.0
2008-07-10,93.33000183105469,93.76000213623047,92.94000244140625,93.48999786376953,55.73076629638672,2723600,0.0,0.0,0.0
2008-07-11,93.5199966430664,93.73999786376953,91.86000061035156,92.16000366210938,54.93792724609375,5466000,0.0,0.0,0.0
2008-07-14,92.37999725341797,93.26000213623047,92.29000091552734,92.97000122070312,55.42082595825195,4135400,0.0,0.0,0.0
2008-07-15,93.06999969482422,93.43000030517578,92.69999694824219,92.94000244140625,55.402915954589844,4541400,0.0,0.0,0.0
2008-07-16,92.08000183105469,92.23999786376953,91.20999908447266,91.26000213623047,54.40140914916992,3435900,0.0,0.0,0.0
2008-07-17,91.26000213623047,91.61000061035156,90.55999755859375,90.79000091552734,54.121246337890625,5899900,0.0,0.0,0.0
2008-07-18,90.76000213623047,91.19999694824219,90.30000305175781,90.44999694824219,53.91853332519531,3475200,0.0,0.0,0.0
2008-07-21,90.44999694824219,90.9000015258789,90.25,90.80000305175781,54.12721633911133,3657200,0.0,0.0,0.0
2008-07-22,90.63999938964844,90.76000213623047,90.02999877929688,90.3499984741211,53.85894775390625,2675200,0.0,0.0,0.0
2008-07-23,90.22000122070312,90.37000274658203,89.75,90.16999816894531,53.75165939331055,2871900,0.0,0.0,0.0
2008-07-24,90.3499984741211,91.25,90.3499984741211,91.05000305175781,54.276248931884766,2613300,0.0,0.0,0.0
2008-07-25,90.55000305175781,90.83999633789062,90.0,90.13999938964844,53.73378372192383,3765300,0.0,0.0,0.0
2008-07-28,90.94999694824219,91.47000122070312,90.69999694824219,91.05000305175781,54.276248931884766,1275900,0.0,0.0,0.0
2008-07-29,90.66000366210938,90.98999786376953,90.30999755859375,90.68000030517578,54.05568313598633,1349100,0.0,0.0,0.0
2008-07-30,90.08999633789062,91.29000091552734,90.02999877929688,90.7699966430664,54.10931396484375,1667500,0.0,0.0,0.0
2008-07-31,91.72000122070312,92.05000305175781,91.2699966430664,91.66999816894531,54.645835876464844,3898700,0.0,0.0,0.0
2008-08-01,90.97000122070312,91.55999755859375,90.83000183105469,91.54000091552734,54.76665496826172,1804800,0.332,0.0,0.0
2008-08-04,91.08999633789062,91.63999938964844,91.01000213623047,91.33000183105469,54.641048431396484,2029900,0.0,0.0,0.0
2008-08-05,91.3499984741211,91.5999984741211,90.62000274658203,90.6500015258789,54.234230041503906,2191200,0.0,0.0,0.0
2008-08-06,90.41000366210938,90.41000366210938,89.81999969482422,90.27999877929688,54.01283645629883,3139500,0.0,0.0,0.0
2008-08-07,90.62999725341797,91.9000015258789,90.43000030517578,91.75,54.8923225402832,2765600,0.0,0.0,0.0
2008-08-08,91.88999938964844,92.08000183105469,91.54000091552734,92.0,55.04190444946289,1035400,0.0,0.0,0.0
2008-08-11,91.77999877929688,91.77999877929688,90.5999984741211,91.12000274658203,54.51539993286133,3939400,0.0,0.0,0.0
2008-08-12,91.80999755859375,92.02999877929688,91.69999694824219,91.97000122070312,55.023921966552734,1315000,0.0,0.0,0.0
2008-08-13,92.30000305175781,92.3499984741211,91.45999908447266,91.6500015258789,54.83246612548828,1940300,0.0,0.0,0.0
2008-08-14,92.26000213623047,92.5999984741211,92.06999969482422,92.23999786376953,55.18551254272461,2605300,0.0,0.0,0.0
2008-08-15,92.66999816894531,93.19999694824219,92.56999969482422,93.04000091552734,55.66407775878906,1964900,0.0,0.0,0.0
2008-08-18,93.08000183105469,93.54000091552734,92.95999908447266,93.41000366210938,55.885467529296875,1262200,0.0,0.0,0.0
2008-08-19,93.44000244140625,93.52999877929688,92.88999938964844,93.05000305175781,55.67012405395508,1944700,0.0,0.0,0.0
2008-08-20,93.37999725341797,93.70999908447266,93.1500015258789,93.30999755859375,55.82561111450195,2500000,0.0,0.0,0.0
2008-08-21,93.62999725341797,93.62999725341797,92.75,93.13999938964844,55.723934173583984,2267000,0.0,0.0,0.0
2008-08-22,93.11000061035156,93.16999816894531,92.63999938964844,93.08000183105469,55.68804931640625,1990000,0.0,0.0,0.0
2008-08-25,94.12000274658203,94.33000183105469,93.8499984741211,94.01000213623047,56.244441986083984,2028300,0.0,0.0,0.0
2008-08-26,93.95999908447266,94.19999694824219,93.70999908447266,94.08999633789062,56.29233169555664,1270900,0.0,0.0,0.0
2008-08-27,93.48999786376953,94.29000091552734,93.44000244140625,94.25,56.38802719116211,1555300,0.0,0.0,0.0
2008-08-28,93.91000366210938,94.41000366210938,93.69000244140625,94.26000213623047,56.39395523071289,1886500,0.0,0.0,0.0
2008-08-29,94.0199966430664,94.16000366210938,93.51000213623047,93.83999633789062,56.142738342285156,1739100,0.0,0.0,0.0
2008-09-02,92.9800033569336,94.41000366210938,92.83999633789062,94.37000274658203,56.66511154174805,2916000,0.34,0.0,0.0
2008-09-03,94.2699966430664,94.88999938964844,94.26000213623047,94.7699966430664,56.90531539916992,2105000,0.0,0.0,0.0
2008-09-04,95.0,95.55999755859375,94.80999755859375,95.52999877929688,57.36167526245117,3049800,0.0,0.0,0.0
2008-09-05,96.0199966430664,96.30999755859375,95.41000366210938,95.4800033569336,57.33163833618164,4167800,0.0,0.0,0.0
2008-09-08,94.9000015258789,95.87999725341797,94.55999755859375,95.87999725341797,57.571800231933594,5426200,0.0,0.0,0.0
2008-09-09,95.83000183105469,96.87999725341797,95.54000091552734,96.83000183105469,58.14222717285156,3890200,0.0,0.0,0.0
2008-09-10,95.9800033569336,96.66000366210938,95.81999969482422,96.2300033569336,57.78199768066406,2407900,0.0,0.0,0.0
2008-09-11,96.79000091552734,96.86000061035156,96.0,96.18000030517578,57.75196838378906,3592000,0.0,0.0,0.0
2008-09-12,96.20999908447266,96.33000183105469,94.75,94.94000244140625,57.007381439208984,4138200,0.0,0.0,0.0
2008-09-15,96.27999877929688,98.16999816894531,96.06999969482422,98.0199966430664,58.85678482055664,5889900,0.0,0.0,0.0
2008-09-16,100.70999908447266,100.86000061035156,97.91000366210938,98.0,58.84479904174805,6684400,0.0,0.0,0.0
2008-09-17,98.91999816894531,99.37999725341797,97.7300033569336,98.48999786376953,59.13901138305664,4371300,0.0,0.0,0.0
2008-09-18,97.94999694824219,98.48999786376953,96.91999816894531,97.05000305175781,58.27434158325195,4188300,0.0,0.0,0.0
2008-09-19,93.86000061035156,95.0199966430664,93.69999694824219,93.97000122070312,56.4249153137207,7169200,0.0,0.0,0.0
2008-09-22,92.93000030517578,93.95999908447266,92.5999984741211,93.95999908447266,56.41895294189453,4726300,0.0,0.0,0.0
2008-09-23,93.61000061035156,94.0999984741211,93.12999725341797,93.5999984741211,56.2027587890625,2236000,0.0,0.0,0.0
2008-09-24,93.97000122070312,94.75,93.5999984741211,94.01000213623047,56.4489860534668,1014900,0.0,0.0,0.0
2008-09-25,94.58999633789062,94.58999633789062,93.1500015258789,93.81999969482422,56.334835052490234,1881200,0.0,0.0,0.0
2008-09-26,94.06999969482422,94.79000091552734,94.06999969482422,94.5,56.743167877197266,1992800,0.0,0.0,0.0
2008-09-29,95.16999816894531,97.93000030517578,95.16000366210938,97.25,58.394405364990234,4799800,0.0,0.0,0.0
2008-09-30,97.04000091552734,97.29000091552734,94.5999984741211,94.87999725341797,56.971351623535156,1358100,0.0,0.0,0.0
2008-10-01,96.04000091552734,96.9000015258789,94.94999694824219,95.77999877929688,57.68808364868164,1767800,0.29,0.0,0.0
2008-10-02,96.56999969482422,96.8499984741211,96.06999969482422,96.55000305175781,58.1518440246582,931900,0.0,0.0,0.0
2008-10-03,97.37999725341797,97.79000091552734,95.48999786376953,97.4000015258789,58.66379928588867,1903100,0.0,0.0,0.0
2008-10-06,98.73999786376953,99.86000061035156,98.62000274658203,99.16999816894531,59.729854583740234,2906200,0.0,0.0,0.0
2008-10-07,98.31999969482422,99.66999816894531,97.9800033569336,98.87000274658203,59.5492057800293,1972000,0.0,0.0,0.0
2008-10-08,99.68000030517578,99.94000244140625,96.68000030517578,97.44999694824219,58.6939582824707,3386300,0.0,0.0,0.0
2008-10-09,97.37000274658203,97.69999694824219,96.22000122070312,96.62999725341797,58.20003890991211,1785400,0.0,0.0,0.0
2008-10-10,96.61000061035156,96.91000366210938,95.51000213623047,95.94999694824219,57.79049301147461,2200000,0.0,0.0,0.0
2008-10-13,95.11000061035156,95.94999694824219,94.26000213623047,94.72000122070312,57.04967498779297,1532100,0.0,0.0,0.0
2008-10-14,94.25,95.26000213623047,93.9000015258789,94.11000061035156,56.682212829589844,2100000,0.0,0.0,0.0
2008-10-15,94.12000274658203,95.04000091552734,93.41999816894531,95.01000213623047,57.22429656982422,1449500,0.0,0.0,0.0
2008-10-16,94.98999786376953,95.2699966430664,94.18000030517578,94.5199966430664,56.92919158935547,1063200,0.0,0.0,0.0
2008-10-17,94.69000244140625,94.9000015258789,93.0199966430664,93.87000274658203,56.5377082824707,1691800,0.0,0.0,0.0
2008-10-20,93.44000244140625,94.94000244140625,93.36000061035156,94.62000274658203,56.98942947387695,1146800,0.0,0.0,0.0
2008-10-21,95.08999633789062,95.98999786376953,94.73999786376953,95.12000274658203,57.290565490722656,1243700,0.0,0.0,0.0
2008-10-22,96.12000274658203,97.48999786376953,95.8499984741211,97.05000305175781,58.45299530029297,1069800,0.0,0.0,0.0
2008-10-23,97.94999694824219,98.88999938964844,96.81999969482422,97.7699966430664,58.88664627075195,1802000,0.0,0.0,0.0
2008-10-24,98.81999969482422,99.05000305175781,96.44999694824219,96.7300033569336,58.26028060913086,1495400,0.0,0.0,0.0
2008-10-27,97.7699966430664,98.20999908447266,96.29000091552734,96.80000305175781,58.302425384521484,1534100,0.0,0.0,0.0
2008-10-28,96.18000030517578,96.9000015258789,95.1500015258789,95.38999938964844,57.45315933227539,1505500,0.0,0.0,0.0
2008-10-29,95.7699966430664,96.01000213623047,94.43000030517578,94.91000366210938,57.164085388183594,1745800,0.0,0.0,0.0
2008-10-30,94.5,94.80000305175781,93.80000305175781,94.05000305175781,56.64614486694336,1326000,0.0,0.0,0.0
2008-10-31,94.63999938964844,94.91999816894531,92.6500015258789,92.83000183105469,55.911376953125,2282500,0.0,0.0,0.0
2008-11-03,92.72000122070312,93.11000061035156,92.3499984741211,92.70999908447266,56.06252670288086,1111600,0.37,0.0,0.0
2008-11-04,92.95999908447266,94.70999908447266,92.58999633789062,94.44999694824219,57.11466598510742,1608800,0.0,0.0,0.0
2008-11-05,94.88999938964844,95.66999816894531,94.4000015258789,95.56999969482422,57.791954040527344,1931700,0.0,0.0,0.0
2008-11-06,94.5999984741211,95.05000305175781,93.80999755859375,94.87999725341797,57.374691009521484,919700,0.0,0.0,0.0
2008-11-07,94.5199966430664,94.5199966430664,93.55000305175781,94.26000213623047,56.99973678588867,1277100,0.0,0.0,0.0
2008-11-10,93.80000305175781,95.0999984741211,93.68000030517578,94.72000122070312,57.2779541015625,1352100,0.0,0.0,0.0
2008-11-11,95.20999908447266,95.80999755859375,94.95999908447266,95.0,57.44724655151367,696000,0.0,0.0,0.0
2008-11-12,95.58000183105469,96.06999969482422,95.16000366210938,95.61000061035156,57.8161506652832,1199400,0.0,0.0,0.0
2008-11-13,94.91000366210938,95.25,93.25,93.31999969482422,56.431358337402344,1631900,0.0,0.0,0.0
2008-11-14,95.11000061035156,95.45999908447266,94.79000091552734,95.16999816894531,57.55005645751953,1059300,0.0,0.0,0.0
2008-11-17,95.68000030517578,96.02999877929688,95.29000091552734,95.58999633789062,57.80408477783203,490300,0.0,0.0,0.0
2008-11-18,96.37999725341797,97.0,95.95999908447266,96.81999969482422,58.54780960083008,924800,0.0,0.0,0.0
2008-11-19,97.47000122070312,99.37000274658203,97.20999908447266,99.30000305175781,60.047447204589844,2090400,0.0,0.0,0.0
2008-11-20,101.81999969482422,104.44000244140625,101.0999984741211,104.43000030517578,63.14967346191406,5459800,0.0,0.0,0.0
2008-11-21,103.25,103.9800033569336,101.44999694824219,102.91999816894531,62.2365608215332,3249300,0.0,0.0,0.0
2008-11-24,102.1500015258789,102.29000091552734,101.0,101.30999755859375,61.262962341308594,1587300,0.0,0.0,0.0
2008-11-25,103.94999694824219,104.47000122070312,102.68000030517578,104.29000091552734,63.06504440307617,2632700,0.0,0.0,0.0
2008-11-26,104.72000122070312,105.62000274658203,104.08999633789062,104.43000030517578,63.14967346191406,2577600,0.0,0.0,0.0
2008-11-28,105.25,105.97000122070312,104.94000244140625,105.72000122070312,63.92973709106445,986400,0.0,0.0,0.0
2008-12-01,107.75,110.41000366210938,107.12999725341797,109.4000015258789,66.37799072265625,4031600,0.355,0.0,0.0
2008-12-02,108.55999755859375,110.37000274658203,108.19000244140625,109.81999969482422,66.63279724121094,3289300,0.0,0.0,0.0
2008-12-03,110.2699966430664,110.80999755859375,108.55999755859375,110.12999725341797,66.82089233398438,2951000,0.0,0.0,0.0
2008-12-04,111.12999725341797,112.48999786376953,110.37000274658203,112.30000305175781,68.13755798339844,2825400,0.0,0.0,0.0
2008-12-05,111.94999694824219,113.0,110.41999816894531,110.4800033569336,67.03321075439453,4557600,0.0,0.0,0.0
2008-12-08,110.4800033569336,111.25,109.69000244140625,110.23999786376953,66.88761138916016,2119500,0.0,0.0,0.0
2008-12-09,110.58000183105469,112.52999877929688,110.25,112.41999816894531,68.21031951904297,2055500,0.0,0.0,0.0
2008-12-10,111.37000274658203,112.1500015258789,111.12000274658203,112.1500015258789,68.04651641845703,2414900,0.0,0.0,0.0
2008-12-11,112.18000030517578,112.43000030517578,110.87000274658203,112.37000274658203,68.17997741699219,2416900,0.0,0.0,0.0
2008-12-12,112.54000091552734,112.55999755859375,110.33999633789062,112.37000274658203,68.17997741699219,2547100,0.0,0.0,0.0
2008-12-15,112.3499984741211,113.94000244140625,112.05000305175781,113.6500015258789,68.95661163330078,1707700,0.0,0.0,0.0
2008-12-16,116.45999908447266,116.9000015258789,113.97000122070312,116.45999908447266,70.66162109375,4015100,0.0,0.0,0.0
2008-12-17,120.7699966430664,121.12999725341797,119.26000213623047,119.62000274658203,72.57889556884766,6407500,0.0,0.0,0.0
2008-12-18,120.73999786376953,123.1500015258789,120.44999694824219,122.12999725341797,74.10186767578125,4442000,0.0,0.0,0.0
2008-12-19,121.44000244140625,122.98999786376953,121.27999877929688,122.26000213623047,74.18070220947266,2668500,0.0,0.0,0.0
2008-12-22,122.38999938964844,122.38999938964844,120.7300033569336,121.31999969482422,73.61038970947266,2221400,0.0,0.0,0.0
2008-12-23,120.13999938964844,121.5,119.9000015258789,121.16000366210938,73.51331329345703,1746400,0.0,0.0,0.0
2008-12-24,120.7300033569336,121.31999969482422,120.62000274658203,120.9000015258789,73.35554504394531,717200,0.0,0.0,0.0
2008-12-26,121.58999633789062,121.97000122070312,121.19999694824219,121.30000305175781,73.59820556640625,454400,0.0,0.0,0.0
2008-12-29,121.43000030517578,122.01000213623047,120.61000061035156,120.75,73.50994110107422,1416000,0.405,0.0,0.0
2008-12-30,120.48999786376953,121.91999816894531,120.06999969482422,121.9000015258789,74.2100601196289,2590500,0.0,0.0,0.0
2008-12-31,121.41000366210938,122.0,118.8499984741211,119.3499984741211,72.65766143798828,2738000,0.0,0.0,0.0
2009-01-02,120.05000305175781,120.44999694824219,116.3499984741211,116.3499984741211,70.8313217163086,3464200,0.0,0.0,0.0
2009-01-05,115.5999984741211,116.16000366210938,112.5999984741211,113.3499984741211,69.00501251220703,5395200,0.0,0.0,0.0
2009-01-06,111.62000274658203,113.26000213623047,111.0,112.20999908447266,68.3110122680664,4109300,0.0,0.0,0.0
2009-01-07,111.95999908447266,112.68000030517578,111.4000015258789,112.6500015258789,68.57884216308594,2565600,0.0,0.0,0.0
2009-01-08,112.63999938964844,112.91999816894531,111.98999786376953,112.55999755859375,68.52404022216797,2603600,0.0,0.0,0.0
2009-01-09,111.45999908447266,113.3499984741211,111.2699966430664,112.7300033569336,68.62760162353516,2727900,0.0,0.0,0.0
2009-01-12,111.56999969482422,114.05000305175781,111.56999969482422,113.9000015258789,69.33983612060547,2462800,0.0,0.0,0.0
2009-01-13,113.5,114.08000183105469,112.95999908447266,114.0199966430664,69.41285705566406,1767400,0.0,0.0,0.0
2009-01-14,114.6500015258789,116.04000091552734,114.6500015258789,115.9000015258789,70.557373046875,2494800,0.0,0.0,0.0
2009-01-15,116.19999694824219,116.91999816894531,115.58000183105469,116.08999633789062,70.6729736328125,2827200,0.0,0.0,0.0
2009-01-16,113.41999816894531,116.08999633789062,113.36000061035156,114.30000305175781,69.58340454101562,2994800,0.0,0.0,0.0
2009-01-20,112.29000091552734,114.62999725341797,112.2300033569336,114.27999877929688,69.5711441040039,3268300,0.0,0.0,0.0
2009-01-21,111.93000030517578,113.04000091552734,110.4000015258789,110.66999816894531,67.37348175048828,2838100,0.0,0.0,0.0
2009-01-22,110.5999984741211,110.7699966430664,107.87999725341797,108.54000091552734,66.07678985595703,4016600,0.0,0.0,0.0
2009-01-23,107.91999816894531,108.31999969482422,106.69000244140625,107.69000244140625,65.55931091308594,2676200,0.0,0.0,0.0
2009-01-26,107.43000030517578,107.81999969482422,106.30000305175781,106.75,64.98704528808594,2240900,0.0,0.0,0.0
2009-01-27,107.80000305175781,109.58999633789062,107.62999725341797,109.26000213623047,66.51513671875,3420800,0.0,0.0,0.0
2009-01-28,109.30999755859375,109.80999755859375,105.72000122070312,106.52999877929688,64.8531265258789,4348100,0.0,0.0,0.0
2009-01-29,105.55999755859375,106.30999755859375,103.66000366210938,104.08000183105469,63.36159133911133,3724400,0.0,0.0,0.0
2009-01-30,104.55000305175781,104.87000274658203,103.44000244140625,103.75,63.16069793701172,2630000,0.0,0.0,0.0
2009-02-02,104.0199966430664,105.68000030517578,103.38999938964844,105.38999938964844,64.33585357666016,2700200,0.285,0.0,0.0
2009-02-03,104.30000305175781,104.83000183105469,102.75,102.87999725341797,62.8036003112793,2846400,0.0,0.0,0.0
2009-02-04,102.75,102.87000274658203,101.62000274658203,102.5199966430664,62.5838737487793,2305400,0.0,0.0,0.0
2009-02-05,103.23999786376953,103.87999725341797,102.20999908447266,102.61000061035156,62.63882064819336,2279500,0.0,0.0,0.0
2009-02-06,102.25,102.86000061035156,101.9000015258789,102.29000091552734,62.44341278076172,1667500,0.0,0.0,0.0
2009-02-09,101.69000244140625,102.66999816894531,101.05999755859375,102.62000274658203,62.64486312866211,2257300,0.0,0.0,0.0
2009-02-10,104.11000061035156,104.95999908447266,103.44999694824219,104.8499984741211,64.0062026977539,3782800,0.0,0.0,0.0
2009-02-11,105.70999908447266,106.5,105.52999877929688,106.20999908447266,64.83641052246094,2774200,0.0,0.0,0.0
2009-02-12,105.9800033569336,106.18000030517578,104.73999786376953,105.20999908447266,64.22600555419922,1818400,0.0,0.0,0.0
2009-02-13,103.94999694824219,103.94999694824219,102.2300033569336,102.41000366210938,62.51664352416992,2466800,0.0,0.0,0.0
2009-02-17,104.55000305175781,105.66000366210938,104.3499984741211,105.5999984741211,64.46402740478516,2813900,0.0,0.0,0.0
2009-02-18,106.05999755859375,106.55999755859375,104.30000305175781,104.69999694824219,63.91463851928711,2768600,0.0,0.0,0.0
2009-02-19,102.69000244140625,104.05999755859375,102.2300033569336,102.91999816894531,62.82805252075195,3219400,0.0,0.0,0.0
2009-02-20,104.2699966430664,105.16000366210938,103.30000305175781,103.91999816894531,63.4384651184082,4272000,0.0,0.0,0.0
2009-02-23,103.5999984741211,104.87999725341797,103.16999816894531,104.87999725341797,64.02452087402344,2688700,0.0,0.0,0.0
2009-02-24,105.69999694824219,106.68000030517578,104.7699966430664,104.7699966430664,63.957435607910156,4197100,0.0,0.0,0.0
2009-02-25,105.23999786376953,105.48999786376953,103.02999877929688,103.55999755859375,63.21868896484375,3908100,0.0,0.0,0.0
2009-02-26,102.87000274658203,103.26000213623047,101.9800033569336,102.47000122070312,62.55332565307617,2611100,0.0,0.0,0.0
2009-02-27,102.56999969482422,103.01000213623047,101.20999908447266,101.87999725341797,62.19315719604492,3267700,0.0,0.0,0.0
2009-03-02,102.22000122070312,103.27999877929688,102.08999633789062,103.27999877929688,63.222801208496094,3302000,0.282,0.0,0.0
2009-03-03,102.2300033569336,103.56999969482422,101.80999755859375,102.58999633789062,62.80035400390625,3084900,0.0,0.0,0.0
2009-03-04,101.48999786376953,102.25,101.16000366210938,102.12000274658203,62.51268768310547,3178400,0.0,0.0,0.0
2009-03-05,104.0199966430664,105.44000244140625,103.44000244140625,104.95999908447266,64.25128173828125,4562400,0.0,0.0,0.0
2009-03-06,104.26000213623047,105.97000122070312,104.08999633789062,104.26000213623047,63.82270431518555,3125900,0.0,0.0,0.0
2009-03-09,104.51000213623047,104.55000305175781,103.12000274658203,103.6500015258789,63.449275970458984,2070500,0.0,0.0,0.0
2009-03-10,102.43000030517578,102.75,101.51000213623047,101.66000366210938,62.23111343383789,2602600,0.0,0.0,0.0
2009-03-11,101.29000091552734,102.76000213623047,100.93000030517578,102.76000213623047,62.90446472167969,3101500,0.0,0.0,0.0
2009-03-12,102.66000366210938,103.97000122070312,102.30999755859375,103.25,63.204429626464844,3558900,0.0,0.0,0.0
2009-03-13,102.75,103.87999725341797,102.33000183105469,102.7300033569336,62.88614273071289,2504000,0.0,0.0,0.0
2009-03-16,100.81999969482422,101.44999694824219,100.5,101.11000061035156,61.89441680908203,3265600,0.0,0.0,0.0
2009-03-17,101.72000122070312,102.33000183105469,100.38999938964844,100.55999755859375,61.55773162841797,3076200,0.0,0.0,0.0
2009-03-18,101.12000274658203,108.06999969482422,100.9000015258789,104.37000274658203,63.8900032043457,8578800,0.0,0.0,0.0
2009-03-19,105.62000274658203,105.66000366210938,104.22000122070312,104.5,63.96963119506836,3650900,0.0,0.0,0.0
2009-03-20,104.62000274658203,105.0,103.77999877929688,103.91999816894531,63.61459732055664,3479700,0.0,0.0,0.0
2009-03-23,104.29000091552734,104.41999816894531,102.97000122070312,103.0199966430664,63.06357955932617,2097000,0.0,0.0,0.0
2009-03-24,102.19000244140625,105.16000366210938,101.93000030517578,104.0,63.663570404052734,5477100,0.0,0.0,0.0
2009-03-25,103.29000091552734,103.72000122070312,102.30999755859375,102.5999984741211,62.8065071105957,2549600,0.0,0.0,0.0
2009-03-26,102.44000244140625,104.05999755859375,102.16000366210938,103.79000091552734,63.53500747680664,2385300,0.0,0.0,0.0
2009-03-27,104.1500015258789,104.93000030517578,103.55999755859375,104.55999755859375,64.00634002685547,1853900,0.0,0.0,0.0
2009-03-30,105.44000244140625,105.87000274658203,103.94000244140625,104.95999908447266,64.25128173828125,2300100,0.0,0.0,0.0
2009-03-31,105.04000091552734,105.80000305175781,105.0,105.70999908447266,64.71036529541016,1094600,0.0,0.0,0.0
2009-04-01,106.12000274658203,106.55999755859375,105.52999877929688,106.37000274658203,65.30086517333984,2383400,0.302,0.0,0.0
2009-04-02,105.88999938964844,106.06999969482422,104.83999633789062,105.06999969482422,64.50279235839844,1766300,0.0,0.0,0.0
2009-04-03,104.91000366210938,105.16000366210938,102.66000366210938,102.91999816894531,63.1829948425293,3316800,0.0,0.0,0.0
2009-04-06,103.54000091552734,103.58999633789062,102.22000122070312,102.4800033569336,62.912803649902344,1418100,0.0,0.0,0.0
2009-04-07,102.54000091552734,103.30999755859375,102.4800033569336,102.73999786376953,63.072452545166016,1312600,0.0,0.0,0.0
2009-04-08,103.06999969482422,103.86000061035156,102.94999694824219,103.6500015258789,63.63106155395508,1007800,0.0,0.0,0.0
2009-04-09,102.47000122070312,103.18000030517578,101.9800033569336,102.3499984741211,62.83301544189453,1088800,0.0,0.0,0.0
2009-04-13,102.95999908447266,103.51000213623047,102.93000030517578,103.29000091552734,63.41008758544922,946600,0.0,0.0,0.0
2009-04-14,103.25,104.20999908447266,102.93000030517578,103.83000183105469,63.74155807495117,1336000,0.0,0.0,0.0
2009-04-15,104.12999725341797,104.30000305175781,102.87999725341797,103.6500015258789,63.63106155395508,1152500,0.0,0.0,0.0
2009-04-16,102.8499984741211,103.44999694824219,102.77999877929688,102.83000183105469,63.12767028808594,1055600,0.0,0.0,0.0
2009-04-17,102.47000122070312,102.70999908447266,101.37000274658203,101.69999694824219,62.43396759033203,2582800,0.0,0.0,0.0
2009-04-20,102.62999725341797,103.4000015258789,102.44999694824219,103.23999786376953,63.37937545776367,1714400,0.0,0.0,0.0
2009-04-21,104.04000091552734,104.20999908447266,102.22000122070312,102.22000122070312,62.75320816040039,909100,0.0,0.0,0.0
2009-04-22,102.44999694824219,102.55999755859375,101.11000061035156,101.5999984741211,62.37255859375,2278100,0.0,0.0,0.0
2009-04-23,101.3499984741211,101.75,100.94000244140625,101.58999633789062,62.36646270751953,1688300,0.0,0.0,0.0
2009-04-24,100.79000091552734,100.9800033569336,100.0999984741211,100.56999969482422,61.74026107788086,2830000,0.0,0.0,0.0
2009-04-27,101.06999969482422,101.19000244140625,100.05999755859375,101.0,62.00425720214844,2294600,0.0,0.0,0.0
2009-04-28,101.5,101.58000183105469,99.08999633789062,99.3499984741211,60.99129104614258,2332500,0.0,0.0,0.0
2009-04-29,99.66999816894531,100.08000183105469,98.1500015258789,98.47000122070312,60.45105743408203,3752600,0.0,0.0,0.0
2009-04-30,97.9800033569336,98.36000061035156,97.38999938964844,98.08000183105469,60.21162796020508,2778100,0.0,0.0,0.0
2009-05-01,97.12000274658203,97.29000091552734,96.56999969482422,97.11000061035156,59.797245025634766,2772200,0.297,0.0,0.0
2009-05-04,97.36000061035156,97.81999969482422,96.79000091552734,97.43000030517578,59.99430847167969,2246700,0.0,0.0,0.0
2009-05-05,97.45999908447266,97.83000183105469,96.76000213623047,97.30999755859375,59.92037582397461,1369000,0.0,0.0,0.0
2009-05-06,97.12000274658203,98.0,97.0,97.08000183105469,59.77876281738281,2045900,0.0,0.0,0.0
2009-05-07,95.94000244140625,96.69999694824219,94.33000183105469,94.70999908447266,58.319339752197266,5755200,0.0,0.0,0.0
2009-05-08,95.0199966430664,95.38999938964844,94.63999938964844,94.94000244140625,58.46104431152344,2193400,0.0,0.0,0.0
2009-05-11,96.05000305175781,96.44999694824219,95.79000091552734,96.29000091552734,59.29226303100586,2167400,0.0,0.0,0.0
2009-05-12,96.18000030517578,97.0199966430664,95.80000305175781,96.63999938964844,59.5078239440918,2304800,0.0,0.0,0.0
2009-05-13,97.36000061035156,97.93000030517578,97.23999786376953,97.69000244140625,60.154388427734375,1917500,0.0,0.0,0.0
2009-05-14,97.5999984741211,98.25,97.30000305175781,98.06999969482422,60.38836669921875,1704600,0.0,0.0,0.0
2009-05-15,98.0,98.05000305175781,97.45999908447266,98.04000091552734,60.369903564453125,2306600,0.0,0.0,0.0
2009-05-18,98.01000213623047,98.11000061035156,96.37000274658203,96.5199966430664,59.433956146240234,2234700,0.0,0.0,0.0
2009-05-19,96.19000244140625,96.47000122070312,95.70999908447266,96.01000213623047,59.119842529296875,1624300,0.0,0.0,0.0
2009-05-20,95.93000030517578,97.16000366210938,95.83000183105469,97.0199966430664,59.74177932739258,2825700,0.0,0.0,0.0
2009-05-21,97.55000305175781,97.63999938964844,94.3499984741211,94.58000183105469,58.23934555053711,4771700,0.0,0.0,0.0
2009-05-22,93.81999969482422,94.48999786376953,93.3499984741211,93.52999877929688,57.59279251098633,4483400,0.0,0.0,0.0
2009-05-26,94.05000305175781,94.0999984741211,92.12000274658203,92.12000274658203,56.72453308105469,3633100,0.0,0.0,0.0
2009-05-27,92.23999786376953,92.58000183105469,90.37999725341797,90.48999786376953,55.72085952758789,7490200,0.0,0.0,0.0
2009-05-28,91.7699966430664,91.9800033569336,90.2300033569336,91.80000305175781,56.52748489379883,9824300,0.0,0.0,0.0
2009-05-29,91.69999694824219,94.2300033569336,91.63999938964844,94.16999816894531,57.986846923828125,4746700,0.0,0.0,0.0
2009-06-01,92.33999633789062,92.37999725341797,90.56999969482422,91.08999633789062,56.27256774902344,6987000,0.305,0.0,0.0
2009-06-02,91.61000061035156,91.7699966430664,90.77999877929688,91.58000183105469,56.57526397705078,5063600,0.0,0.0,0.0
2009-06-03,91.95999908447266,92.61000061035156,91.33000183105469,92.44000244140625,57.10654830932617,6727200,0.0,0.0,0.0
2009-06-04,91.43000030517578,91.72000122070312,90.23999786376953,90.52999877929688,55.92659378051758,5438600,0.0,0.0,0.0
2009-06-05,89.91000366210938,90.9000015258789,89.55000305175781,89.83999633789062,55.50035858154297,8439600,0.0,0.0,0.0
2009-06-08,90.41000366210938,90.7300033569336,89.4800033569336,89.61000061035156,55.35829162597656,4084000,0.0,0.0,0.0
2009-06-09,90.19000244140625,90.30999755859375,89.25,89.5999984741211,55.352088928222656,6046300,0.0,0.0,0.0
2009-06-10,88.87000274658203,89.43000030517578,87.55999755859375,88.19000244140625,54.48102569580078,12142000,0.0,0.0,0.0
2009-06-11,87.76000213623047,89.5199966430664,87.69000244140625,89.16999816894531,55.086387634277344,10692800,0.0,0.0,0.0
2009-06-12,89.41999816894531,90.6500015258789,89.41999816894531,89.97000122070312,55.58066940307617,6606800,0.0,0.0,0.0
2009-06-15,90.54000091552734,91.1500015258789,90.4800033569336,90.77999877929688,56.081058502197266,4518700,0.0,0.0,0.0
2009-06-16,90.95999908447266,92.43000030517578,90.80000305175781,92.36000061035156,57.05709457397461,5376000,0.0,0.0,0.0
2009-06-17,92.44999694824219,93.33000183105469,91.83999633789062,91.83999633789062,56.73588180541992,7197200,0.0,0.0,0.0
2009-06-18,91.25,91.58000183105469,90.11000061035156,90.44999694824219,55.87717056274414,6794000,0.0,0.0,0.0
2009-06-19,90.33000183105469,91.69999694824219,90.20999908447266,91.69000244140625,56.64320755004883,4750700,0.0,0.0,0.0
2009-06-22,92.44000244140625,92.91000366210938,92.05999755859375,92.58000183105469,57.19306182861328,3952300,0.0,0.0,0.0
2009-06-23,92.7699966430664,93.80999755859375,92.58000183105469,93.66999816894531,57.86638641357422,5356900,0.0,0.0,0.0
2009-06-24,93.6500015258789,94.06999969482422,92.66000366210938,92.7300033569336,57.28569030761719,6550400,0.0,0.0,0.0
2009-06-25,93.22000122070312,94.5,92.66999816894531,94.43000030517578,58.335906982421875,7140000,0.0,0.0,0.0
2009-06-26,94.62000274658203,94.9000015258789,94.20999908447266,94.58999633789062,58.43473434448242,4050400,0.0,0.0,0.0
2009-06-29,95.06999969482422,95.37000274658203,94.58000183105469,94.7300033569336,58.52122497558594,4334900,0.0,0.0,0.0
2009-06-30,94.19000244140625,95.11000061035156,93.80999755859375,94.56999969482422,58.42241287231445,3743700,0.0,0.0,0.0
2009-07-01,93.41999816894531,94.08999633789062,93.23999786376953,94.08000183105469,58.3065185546875,3379900,0.303,0.0,0.0
2009-07-02,94.33000183105469,94.61000061035156,94.0,94.30000305175781,58.442840576171875,2645100,0.0,0.0,0.0
2009-07-06,94.05000305175781,94.29000091552734,93.38999938964844,94.12000274658203,58.33126449584961,1886700,0.0,0.0,0.0
2009-07-07,93.62000274658203,94.87999725341797,93.61000061035156,94.75,58.72174835205078,2592400,0.0,0.0,0.0
2009-07-08,95.12000274658203,96.80999755859375,94.88999938964844,96.5,59.80630111694336,7912900,0.0,0.0,0.0
2009-07-09,95.3499984741211,95.7300033569336,94.44999694824219,95.3499984741211,59.093589782714844,5241400,0.0,0.0,0.0
2009-07-10,95.62000274658203,96.33000183105469,95.43000030517578,96.2300033569336,59.63896560668945,3981900,0.0,0.0,0.0
2009-07-13,96.31999969482422,96.5999984741211,95.55999755859375,95.69000244140625,59.304290771484375,2604300,0.0,0.0,0.0
2009-07-14,94.76000213623047,95.12999725341797,93.69999694824219,94.0999984741211,58.31889343261719,3629100,0.0,0.0,0.0
2009-07-15,92.66000366210938,93.0,91.66999816894531,91.68000030517578,56.819087982177734,4664200,0.0,0.0,0.0
2009-07-16,92.80999755859375,93.18000030517578,92.5,92.66999816894531,57.43265914916992,4225200,0.0,0.0,0.0
2009-07-17,91.9000015258789,92.36000061035156,91.23999786376953,91.23999786376953,56.54639434814453,3845700,0.0,0.0,0.0
2009-07-20,90.8499984741211,92.48999786376953,90.80000305175781,91.72000122070312,56.84388732910156,4436500,0.0,0.0,0.0
2009-07-21,91.44999694824219,93.69999694824219,91.29000091552734,93.55000305175781,57.978057861328125,3895300,0.0,0.0,0.0
2009-07-22,93.4000015258789,93.52999877929688,92.36000061035156,92.70999908447266,57.45742416381836,1986700,0.0,0.0,0.0
2009-07-23,92.76000213623047,92.80000305175781,90.56999969482422,91.01000213623047,56.40381622314453,3818800,0.0,0.0,0.0
2009-07-24,91.0,91.44999694824219,90.7699966430664,91.44999694824219,56.67656707763672,1765300,0.0,0.0,0.0
2009-07-27,90.2300033569336,90.66000366210938,89.94000244140625,90.4000015258789,56.02577590942383,2755900,0.0,0.0,0.0
2009-07-28,90.72000122070312,91.81999969482422,90.43000030517578,91.19999694824219,56.52162551879883,3324800,0.0,0.0,0.0
2009-07-29,92.16999816894531,92.29000091552734,90.94000244140625,91.69999694824219,56.83148193359375,2910200,0.0,0.0,0.0
2009-07-30,91.54000091552734,93.1500015258789,91.2300033569336,93.0,57.63717269897461,4040700,0.0,0.0,0.0
2009-07-31,93.8499984741211,94.86000061035156,93.27999877929688,94.80999755859375,58.758934020996094,5697000,0.0,0.0,0.0
2009-08-03,93.80999755859375,93.87000274658203,92.61000061035156,93.05999755859375,57.86843490600586,4029300,0.318,0.0,0.0
2009-08-04,93.62999725341797,93.72000122070312,91.66999816894531,92.31999969482422,57.40827178955078,3832200,0.0,0.0,0.0
2009-08-05,91.30999755859375,92.75,90.87000274658203,90.94000244140625,56.55011749267578,4458300,0.0,0.0,0.0
2009-08-06,90.9000015258789,91.88999938964844,90.41999816894531,91.25,56.742897033691406,3228500,0.0,0.0,0.0
2009-08-07,90.41999816894531,90.93000030517578,90.22000122070312,90.48999786376953,56.27032470703125,3543200,0.0,0.0,0.0
2009-08-10,90.51000213623047,91.63999938964844,90.41000366210938,91.62000274658203,56.9730110168457,3150100,0.0,0.0,0.0
2009-08-11,92.38999938964844,92.87000274658203,91.98999786376953,92.68000030517578,57.63218688964844,3677800,0.0,0.0,0.0
2009-08-12,92.94999694824219,93.06999969482422,91.08999633789062,91.69000244140625,57.016510009765625,4729200,0.0,0.0,0.0
2009-08-13,91.80000305175781,93.1500015258789,91.5,92.98999786376953,57.824928283691406,3922300,0.0,0.0,0.0
2009-08-14,93.30000305175781,94.19999694824219,93.20999908447266,93.3499984741211,58.04875946044922,4410400,0.0,0.0,0.0
2009-08-17,93.94999694824219,94.75,93.87000274658203,94.7300033569336,58.90690994262695,3569700,0.0,0.0,0.0
2009-08-18,94.66000366210938,94.7699966430664,94.01000213623047,94.18000030517578,58.564903259277344,2557900,0.0,0.0,0.0
2009-08-19,95.16999816894531,95.37000274658203,94.41000366210938,94.95999908447266,59.049957275390625,3518200,0.0,0.0,0.0
2009-08-20,95.37999725341797,95.87000274658203,94.77999877929688,95.73999786376953,59.53495407104492,3282700,0.0,0.0,0.0
2009-08-21,95.63999938964844,95.7300033569336,93.75,93.7699966430664,58.30988693237305,6258300,0.0,0.0,0.0
2009-08-24,93.48999786376953,95.47000122070312,93.45999908447266,95.47000122070312,59.367103576660156,4460200,0.0,0.0,0.0
2009-08-25,95.37000274658203,96.08999633789062,94.91000366210938,96.01000213623047,59.7028694152832,3359700,0.0,0.0,0.0
2009-08-26,96.18000030517578,96.55000305175781,95.91000366210938,96.44999694824219,59.976505279541016,3225800,0.0,0.0,0.0
2009-08-27,96.18000030517578,96.62000274658203,95.7300033569336,96.06999969482422,59.74021530151367,2514000,0.0,0.0,0.0
2009-08-28,95.44000244140625,96.51000213623047,95.30999755859375,96.51000213623047,60.013763427734375,2072500,0.0,0.0,0.0
2009-08-31,96.36000061035156,96.86000061035156,95.76000213623047,96.5999984741211,60.0697135925293,2899800,0.0,0.0,0.0
2009-09-01,95.81999969482422,96.58000183105469,95.13999938964844,96.05999755859375,59.9244270324707,3304200,0.307,0.0,0.0
2009-09-02,96.4800033569336,97.66000366210938,96.23999786376953,97.45999908447266,60.79775619506836,4345000,0.0,0.0,0.0
2009-09-03,96.83999633789062,97.12000274658203,96.55000305175781,96.86000061035156,60.423492431640625,2703800,0.0,0.0,0.0
2009-09-04,96.44000244140625,96.5999984741211,95.05999755859375,95.20999908447266,59.394161224365234,3643000,0.0,0.0,0.0
2009-09-08,94.4800033569336,95.37000274658203,94.36000061035156,94.54000091552734,58.976131439208984,2468900,0.0,0.0,0.0
2009-09-09,93.88999938964844,94.43000030517578,93.5199966430664,94.43000030517578,58.90753936767578,3182400,0.0,0.0,0.0
2009-09-10,94.93000030517578,96.70999908447266,94.91000366210938,96.16999816894531,59.99301528930664,4417300,0.0,0.0,0.0
2009-09-11,96.81999969482422,97.68000030517578,96.5999984741211,96.69999694824219,60.32365417480469,4826200,0.0,0.0,0.0
2009-09-14,96.0199966430664,96.66999816894531,95.6500015258789,95.73999786376953,59.72476577758789,2119500,0.0,0.0,0.0
2009-09-15,95.19000244140625,95.7699966430664,95.06999969482422,95.25,59.419132232666016,2187900,0.0,0.0,0.0
2009-09-16,95.33999633789062,95.94999694824219,94.5999984741211,95.41999816894531,59.525146484375,3732300,0.0,0.0,0.0
2009-09-17,95.69000244140625,96.7300033569336,95.16999816894531,96.62000274658203,60.27373123168945,2832000,0.0,0.0,0.0
2009-09-18,96.19999694824219,96.52999877929688,95.66999816894531,95.76000213623047,59.737247467041016,2813300,0.0,0.0,0.0
2009-09-21,96.0999984741211,96.48999786376953,95.36000061035156,95.9800033569336,59.87453079223633,3050200,0.0,0.0,0.0
2009-09-22,95.6500015258789,96.37000274658203,95.51000213623047,96.18000030517578,59.999271392822266,2068000,0.0,0.0,0.0
2009-09-23,95.94000244140625,96.58000183105469,95.19999694824219,96.47000122070312,60.18019485473633,5712000,0.0,0.0,0.0
2009-09-24,96.5,97.08999633789062,96.16999816894531,96.75,60.35490036010742,4658400,0.0,0.0,0.0
2009-09-25,97.36000061035156,98.05999755859375,96.7699966430664,97.9800033569336,61.122093200683594,3854500,0.0,0.0,0.0
2009-09-28,98.31999969482422,98.93000030517578,98.11000061035156,98.83999633789062,61.65863037109375,4263300,0.0,0.0,0.0
2009-09-29,98.31999969482422,99.16999816894531,98.1500015258789,98.75,61.60248947143555,3123200,0.0,0.0,0.0
2009-09-30,98.55999755859375,99.12999725341797,98.36000061035156,98.66000366210938,61.546356201171875,2744800,0.0,0.0,0.0
2009-10-01,98.95999908447266,100.05999755859375,98.80000305175781,99.69999694824219,62.38925552368164,5754400,0.307,0.0,0.0
2009-10-02,100.27999877929688,100.30999755859375,98.87999725341797,99.01000213623047,61.95752716064453,4827700,0.0,0.0,0.0
2009-10-05,99.47000122070312,99.66000366210938,98.7699966430664,99.0199966430664,61.963783264160156,2910100,0.0,0.0,0.0
2009-10-06,98.76000213623047,98.80000305175781,97.9800033569336,98.04000091552734,61.35048294067383,3936200,0.0,0.0,0.0
2009-10-07,98.66999816894531,99.33000183105469,98.5999984741211,99.19000244140625,62.070106506347656,3591000,0.0,0.0,0.0
2009-10-08,99.70999908447266,99.76000213623047,97.68000030517578,98.1500015258789,61.4193000793457,5871600,0.0,0.0,0.0
2009-10-09,97.62000274658203,97.70999908447266,95.5,95.9000015258789,60.011329650878906,8135900,0.0,0.0,0.0
2009-10-12,96.02999877929688,96.33000183105469,95.5999984741211,96.05000305175781,60.10520553588867,1939700,0.0,0.0,0.0
2009-10-13,96.62000274658203,96.8499984741211,96.26000213623047,96.55000305175781,60.418025970458984,2886500,0.0,0.0,0.0
2009-10-14,95.51000213623047,96.0999984741211,94.9000015258789,95.12000274658203,59.523231506347656,5421000,0.0,0.0,0.0
2009-10-15,94.56999969482422,95.41999816894531,94.37000274658203,94.68000030517578,59.247894287109375,3736900,0.0,0.0,0.0
2009-10-16,95.19000244140625,95.52999877929688,94.7300033569336,95.44999694824219,59.729736328125,3716800,0.0,0.0,0.0
2009-10-19,95.58999633789062,96.20999908447266,95.37999725341797,96.19999694824219,60.19906234741211,3163800,0.0,0.0,0.0
2009-10-20,97.0199966430664,97.25,96.54000091552734,96.72000122070312,60.52444076538086,2912400,0.0,0.0,0.0
2009-10-21,96.16000366210938,96.20999908447266,95.51000213623047,96.13999938964844,60.16155242919922,3355200,0.0,0.0,0.0
2009-10-22,95.37999725341797,95.83000183105469,95.33000183105469,95.66999816894531,59.86740493774414,2572200,0.0,0.0,0.0
2009-10-23,94.87999725341797,95.41999816894531,94.87000274658203,94.94999694824219,59.416839599609375,2996200,0.0,0.0,0.0
2009-10-26,94.44000244140625,94.51000213623047,93.55000305175781,93.72000122070312,58.64714813232422,4127400,0.0,0.0,0.0
2009-10-27,93.97000122070312,95.11000061035156,93.91999816894531,95.0,59.4481201171875,4476300,0.0,0.0,0.0
2009-10-28,95.13999938964844,95.80000305175781,94.95999908447266,95.44999694824219,59.729736328125,4585400,0.0,0.0,0.0
2009-10-29,94.81999969482422,95.05999755859375,93.94999694824219,94.41000366210938,59.07891845703125,4645300,0.0,0.0,0.0
2009-10-30,95.0999984741211,96.01000213623047,94.87000274658203,95.77999877929688,59.93623733520508,5118000,0.0,0.0,0.0
2009-11-02,95.51000213623047,95.58000183105469,94.80000305175781,95.05000305175781,59.67135238647461,3463800,0.308,0.0,0.0
2009-11-03,95.27999877929688,95.36000061035156,94.0,94.0999984741211,59.074947357177734,4470700,0.0,0.0,0.0
2009-11-04,93.61000061035156,94.06999969482422,92.80000305175781,93.23999786376953,58.53498458862305,5349500,0.0,0.0,0.0
2009-11-05,92.87000274658203,93.23999786376953,92.80000305175781,93.23999786376953,58.53498458862305,2852000,0.0,0.0,0.0
2009-11-06,93.37999725341797,93.44999694824219,92.45999908447266,93.33000183105469,58.591522216796875,3381100,0.0,0.0,0.0
2009-11-09,93.27999877929688,93.69999694824219,93.12999725341797,93.44000244140625,58.660587310791016,1697800,0.0,0.0,0.0
2009-11-10,94.05000305175781,94.0999984741211,92.91000366210938,93.2699966430664,58.55380630493164,2549900,0.0,0.0,0.0
2009-11-11,93.62999725341797,94.16000366210938,93.4800033569336,93.66000366210938,58.7986946105957,1771100,0.0,0.0,0.0
2009-11-12,93.23999786376953,93.58999633789062,92.44999694824219,93.48999786376953,58.6919059753418,3431300,0.0,0.0,0.0
2009-11-13,93.83000183105469,94.05999755859375,93.44999694824219,93.91999816894531,58.96186828613281,1594200,0.0,0.0,0.0
2009-11-16,94.6500015258789,95.44999694824219,94.5199966430664,95.0199966430664,59.65249252319336,5175700,0.0,0.0,0.0
2009-11-17,94.98999786376953,95.80000305175781,94.80999755859375,95.52999877929688,59.97262954711914,3174400,0.0,0.0,0.0
2009-11-18,95.44000244140625,95.52999877929688,94.73999786376953,94.97000122070312,59.62107849121094,2413600,0.0,0.0,0.0
2009-11-19,95.23999786376953,95.81999969482422,94.91000366210938,95.13999938964844,59.72783660888672,2969800,0.0,0.0,0.0
2009-11-20,95.0,95.37000274658203,94.58999633789062,95.12000274658203,59.715267181396484,4136300,0.0,0.0,0.0
2009-11-23,94.54000091552734,95.0999984741211,94.33999633789062,95.0,59.639957427978516,3219300,0.0,0.0,0.0
2009-11-24,95.11000061035156,95.69999694824219,94.98999786376953,95.5999984741211,60.01658248901367,2895200,0.0,0.0,0.0
2009-11-25,95.48999786376953,96.2300033569336,94.97000122070312,96.04000091552734,60.292823791503906,2789300,0.0,0.0,0.0
2009-11-27,96.4000015258789,96.55999755859375,96.08999633789062,96.4000015258789,60.518798828125,2249100,0.0,0.0,0.0
2009-11-30,96.19999694824219,96.7300033569336,96.0,96.62999725341797,60.6632080078125,3115800,0.0,0.0,0.0
2009-12-01,95.76000213623047,95.93000030517578,95.19000244140625,95.25,59.98744583129883,3979100,0.307,0.0,0.0
2009-12-02,95.29000091552734,95.95999908447266,94.98999786376953,95.33000183105469,60.037845611572266,2193900,0.0,0.0,0.0
2009-12-03,94.43000030517578,94.83999633789062,94.23999786376953,94.33999633789062,59.41436767578125,3947300,0.0,0.0,0.0
2009-12-04,93.29000091552734,93.6500015258789,92.91000366210938,93.33999633789062,58.78457260131836,6108100,0.0,0.0,0.0
2009-12-07,93.2699966430664,93.73999786376953,93.08999633789062,93.45999908447266,58.86012649536133,2774200,0.0,0.0,0.0
2009-12-08,94.05000305175781,94.37000274658203,93.37000274658203,93.5999984741211,58.948272705078125,2378600,0.0,0.0,0.0
2009-12-09,93.69000244140625,94.05000305175781,92.68000030517578,93.16999816894531,58.677486419677734,3494300,0.0,0.0,0.0
2009-12-10,92.69000244140625,92.80000305175781,91.94999694824219,92.0999984741211,58.00364303588867,4446300,0.0,0.0,0.0
2009-12-11,91.83999633789062,92.26000213623047,91.30999755859375,92.08999633789062,57.9973030090332,3053400,0.0,0.0,0.0
2009-12-14,92.3499984741211,92.5,92.05000305175781,92.19999694824219,58.06657791137695,2380400,0.0,0.0,0.0
2009-12-15,91.56999969482422,92.0,91.48999786376953,91.79000091552734,57.808372497558594,2993900,0.0,0.0,0.0
2009-12-16,91.93000030517578,92.25,91.36000061035156,91.68000030517578,57.73912048339844,3301600,0.0,0.0,0.0
2009-12-17,92.5,93.2300033569336,92.19000244140625,93.19000244140625,58.69010925292969,4428900,0.0,0.0,0.0
2009-12-18,93.19999694824219,93.5,92.6500015258789,92.79000091552734,58.43817901611328,3789500,0.0,0.0,0.0
2009-12-21,92.05999755859375,92.19999694824219,91.13999938964844,91.13999938964844,57.39902114868164,3524000,0.0,0.0,0.0
2009-12-22,90.80000305175781,90.87000274658203,90.41999816894531,90.62999725341797,57.077850341796875,3078800,0.0,0.0,0.0
2009-12-23,90.95999908447266,91.38999938964844,90.5,90.6500015258789,57.09038162231445,2336000,0.0,0.0,0.0
2009-12-24,90.33000183105469,90.36000061035156,89.66999816894531,89.70999908447266,56.49842834472656,1698900,0.0,0.0,0.0
2009-12-28,89.45999908447266,89.62999725341797,89.30000305175781,89.45999908447266,56.340919494628906,3170900,0.0,0.0,0.0
2009-12-29,89.26000213623047,89.88999938964844,89.19999694824219,89.7300033569336,56.712623596191406,2617000,0.318,0.0,0.0
2009-12-30,89.91999816894531,90.4800033569336,89.86000061035156,90.31999969482422,57.085533142089844,1919100,0.0,0.0,0.0
2009-12-31,89.76000213623047,90.11000061035156,89.05000305175781,89.88999938964844,56.813724517822266,3242400,0.0,0.0,0.0
2010-01-04,89.83999633789062,90.0999984741211,89.58000183105469,89.80999755859375,56.76315689086914,2829100,0.0,0.0,0.0
2010-01-05,90.05000305175781,90.62999725341797,90.0,90.38999938964844,57.129737854003906,2841600,0.0,0.0,0.0
2010-01-06,90.16999816894531,90.26000213623047,89.12000274658203,89.18000030517578,56.365013122558594,4099600,0.0,0.0,0.0
2010-01-07,89.22000122070312,89.63999938964844,89.12000274658203,89.33000183105469,56.45980453491211,2793200,0.0,0.0,0.0
2010-01-08,89.51000213623047,89.55999755859375,88.76000213623047,89.29000091552734,56.434532165527344,2910700,0.0,0.0,0.0
2010-01-11,88.98999786376953,89.36000061035156,88.7699966430664,88.80000305175781,56.12482833862305,2181300,0.0,0.0,0.0
2010-01-12,90.16000366210938,90.38999938964844,89.83999633789062,90.31999969482422,57.085533142089844,4321200,0.0,0.0,0.0
2010-01-13,89.93000030517578,90.27999877929688,89.22000122070312,89.2699966430664,56.421897888183594,4755000,0.0,0.0,0.0
2010-01-14,89.69000244140625,90.5199966430664,89.54000091552734,90.5199966430664,57.211910247802734,4188800,0.0,0.0,0.0
2010-01-15,91.02999877929688,91.33000183105469,90.9800033569336,91.08000183105469,57.56586837768555,4142800,0.0,0.0,0.0
2010-01-19,90.72000122070312,91.12000274658203,90.41999816894531,90.81999969482422,57.40153503417969,2496000,0.0,0.0,0.0
2010-01-20,91.31999969482422,91.7699966430664,91.2699966430664,91.73999786376953,57.982994079589844,2800500,0.0,0.0,0.0
2010-01-21,91.55000305175781,92.38999938964844,91.45999908447266,92.16000366210938,58.248504638671875,4363100,0.0,0.0,0.0
2010-01-22,92.08999633789062,92.30999755859375,91.7699966430664,92.0,58.147335052490234,3666900,0.0,0.0,0.0
2010-01-25,91.54000091552734,91.91999816894531,91.48999786376953,91.58000183105469,57.881874084472656,2419500,0.0,0.0,0.0
2010-01-26,92.0199966430664,92.11000061035156,91.30999755859375,91.61000061035156,57.900840759277344,3138100,0.0,0.0,0.0
2010-01-27,91.75,92.08999633789062,91.37000274658203,91.55999755859375,57.86921310424805,3325700,0.0,0.0,0.0
2010-01-28,91.12999725341797,91.69999694824219,91.05999755859375,91.51000213623047,57.83761978149414,3058200,0.0,0.0,0.0
2010-01-29,91.41000366210938,92.36000061035156,91.25,92.30999755859375,58.34326934814453,4930600,0.0,0.0,0.0
2010-02-01,91.70999908447266,91.7300033569336,91.05000305175781,91.1500015258789,57.81364059448242,3598500,0.325,0.0,0.0
2010-02-02,91.18000030517578,91.44999694824219,91.04000091552734,91.41000366210938,57.97856903076172,3047500,0.0,0.0,0.0
2010-02-03,90.80999755859375,90.97000122070312,90.2699966430664,90.3499984741211,57.306217193603516,5343700,0.0,0.0,0.0
2010-02-04,90.98999786376953,91.81999969482422,90.9000015258789,91.77999877929688,58.2132682800293,6095000,0.0,0.0,0.0
2010-02-05,91.37000274658203,92.41999816894531,91.20999908447266,91.9800033569336,58.34009552001953,6875800,0.0,0.0,0.0
2010-02-08,91.87000274658203,92.1500015258789,91.6500015258789,92.0999984741211,58.41621398925781,3386000,0.0,0.0,0.0
2010-02-09,91.73999786376953,92.22000122070312,91.13999938964844,91.18000030517578,57.83268737792969,4790000,0.0,0.0,0.0
2010-02-10,91.31999969482422,91.5999984741211,90.19999694824219,90.30999755859375,57.28084182739258,5068000,0.0,0.0,0.0
2010-02-11,90.19999694824219,90.27999877929688,89.37999725341797,89.81999969482422,56.970062255859375,5087500,0.0,0.0,0.0
2010-02-12,90.30999755859375,90.41999816894531,89.94999694824219,90.19000244140625,57.204750061035156,2833800,0.0,0.0,0.0
2010-02-16,89.7300033569336,90.44000244140625,89.7300033569336,90.36000061035156,57.31257247924805,2440900,0.0,0.0,0.0
2010-02-17,89.91999816894531,90.08999633789062,89.08000183105469,89.33000183105469,56.65925979614258,4368200,0.0,0.0,0.0
2010-02-18,89.45999908447266,89.5,88.51000213623047,88.97000122070312,56.43092346191406,5121800,0.0,0.0,0.0
2010-02-19,89.23999786376953,89.51000213623047,88.9000015258789,89.44999694824219,56.735382080078125,3502500,0.0,0.0,0.0
2010-02-22,89.12000274658203,89.31999969482422,88.91999816894531,89.08000183105469,56.500728607177734,3382600,0.0,0.0,0.0
2010-02-23,89.33999633789062,90.54000091552734,89.30000305175781,90.47000122070312,57.38236999511719,5474500,0.0,0.0,0.0
2010-02-24,90.55000305175781,90.87999725341797,90.18000030517578,90.69000244140625,57.5218505859375,4423200,0.0,0.0,0.0
2010-02-25,91.18000030517578,91.29000091552734,90.9000015258789,91.19999694824219,57.845340728759766,3707700,0.0,0.0,0.0
2010-02-26,91.45999908447266,92.05999755859375,91.41000366210938,91.66999816894531,58.1434440612793,4349100,0.0,0.0,0.0
2010-03-01,91.33000183105469,91.52999877929688,90.95999908447266,91.33999633789062,58.117977142333984,2415200,0.29,0.0,0.0
2010-03-02,90.87999725341797,91.27999877929688,90.69999694824219,91.22000122070312,58.0416374206543,2260600,0.0,0.0,0.0
2010-03-03,91.01000213623047,91.08000183105469,90.69999694824219,90.98999786376953,57.89529800415039,2156100,0.0,0.0,0.0
2010-03-04,90.95999908447266,91.68000030517578,90.83000183105469,91.47000122070312,58.20075988769531,2374700,0.0,0.0,0.0
2010-03-05,90.83000183105469,90.87000274658203,90.12000274658203,90.2699966430664,57.43717575073242,3823200,0.0,0.0,0.0
2010-03-08,89.9000015258789,89.97000122070312,89.69999694824219,89.80000305175781,57.13813781738281,2850400,0.0,0.0,0.0
2010-03-09,89.9800033569336,90.0,89.4000015258789,89.81999969482422,57.1508903503418,2573700,0.0,0.0,0.0
2010-03-10,89.48999786376953,89.69999694824219,89.19000244140625,89.58999633789062,57.004539489746094,3216200,0.0,0.0,0.0
2010-03-11,89.38999938964844,90.13999938964844,89.37000274658203,89.91999816894531,57.2144775390625,2621000,0.0,0.0,0.0
2010-03-12,89.7699966430664,90.6500015258789,89.7300033569336,90.4800033569336,57.57081604003906,3099100,0.0,0.0,0.0
2010-03-15,90.3499984741211,90.47000122070312,90.05000305175781,90.36000061035156,57.494441986083984,1936800,0.0,0.0,0.0
2010-03-16,90.55999755859375,91.08999633789062,90.54000091552734,91.08000183105469,57.95256423950195,3932600,0.0,0.0,0.0
2010-03-17,91.30999755859375,91.47000122070312,91.06999969482422,91.47000122070312,58.20075988769531,3481200,0.0,0.0,0.0
2010-03-18,91.41999816894531,91.4800033569336,91.01000213623047,91.16999816894531,58.009849548339844,2750300,0.0,0.0,0.0
2010-03-19,91.26000213623047,91.58000183105469,90.87000274658203,91.26000213623047,58.06710433959961,2976300,0.0,0.0,0.0
2010-03-22,91.3499984741211,91.48999786376953,91.22000122070312,91.36000061035156,58.13072967529297,2452300,0.0,0.0,0.0
2010-03-23,91.06999969482422,91.31999969482422,90.91000366210938,90.93000030517578,57.857173919677734,2910000,0.0,0.0,0.0
2010-03-24,89.83999633789062,90.25,89.05999755859375,89.2699966430664,56.80093002319336,8049300,0.0,0.0,0.0
2010-03-25,89.12999725341797,89.23999786376953,88.37000274658203,88.69999694824219,56.4382209777832,8268400,0.0,0.0,0.0
2010-03-26,88.54000091552734,89.12000274658203,88.48999786376953,88.94999694824219,56.597286224365234,4110700,0.0,0.0,0.0
2010-03-29,88.77999877929688,88.8499984741211,88.30999755859375,88.61000061035156,56.38102340698242,3245100,0.0,0.0,0.0
2010-03-30,88.5199966430664,88.94999694824219,88.2699966430664,88.88999938964844,56.55913543701172,3254600,0.0,0.0,0.0
2010-03-31,89.22000122070312,89.5199966430664,88.94999694824219,89.5,56.947303771972656,4263900,0.0,0.0,0.0
2010-04-01,88.7699966430664,89.02999877929688,88.43000030517578,88.94999694824219,56.80802536010742,2912400,0.332,0.0,0.0
2010-04-05,87.9800033569336,88.13999938964844,87.41000366210938,87.47000122070312,55.86286163330078,5652000,0.0,0.0,0.0
2010-04-06,87.80000305175781,87.8499984741211,87.3499984741211,87.61000061035156,55.952232360839844,3584600,0.0,0.0,0.0
2010-04-07,87.44999694824219,88.91999816894531,87.30000305175781,88.7300033569336,56.66753005981445,6389900,0.0,0.0,0.0
2010-04-08,88.88999938964844,89.12999725341797,88.4800033569336,88.7699966430664,56.693058013916016,3797600,0.0,0.0,0.0
2010-04-09,88.61000061035156,89.05999755859375,88.41000366210938,88.9800033569336,56.82719802856445,2311300,0.0,0.0,0.0
2010-04-12,89.16999816894531,89.55999755859375,89.08999633789062,89.44999694824219,57.12736892700195,2939600,0.0,0.0,0.0
2010-04-13,89.88999938964844,89.94999694824219,89.5199966430664,89.73999786376953,57.312557220458984,3090900,0.0,0.0,0.0
2010-04-14,89.76000213623047,89.87000274658203,89.11000061035156,89.11000061035156,56.91020584106445,3570100,0.0,0.0,0.0
2010-04-15,88.8499984741211,89.5,88.68000030517578,89.20999908447266,56.97406005859375,3698000,0.0,0.0,0.0
2010-04-16,89.4000015258789,89.98999786376953,89.23999786376953,89.86000061035156,57.38921356201172,8303900,0.0,0.0,0.0
2010-04-19,89.87000274658203,90.02999877929688,89.5199966430664,89.63999938964844,57.24870300292969,3211500,0.0,0.0,0.0
2010-04-20,89.8499984741211,89.98999786376953,89.63999938964844,89.95999908447266,57.453025817871094,2285000,0.0,0.0,0.0
2010-04-21,90.2699966430664,90.83000183105469,90.26000213623047,90.69999694824219,57.92566680908203,4162200,0.0,0.0,0.0
2010-04-22,90.9000015258789,91.08999633789062,90.33000183105469,90.43000030517578,57.753177642822266,2841400,0.0,0.0,0.0
2010-04-23,90.20999908447266,90.36000061035156,89.87000274658203,90.11000061035156,57.54884719848633,4776000,0.0,0.0,0.0
2010-04-26,90.51000213623047,90.6500015258789,89.94000244140625,90.20999908447266,57.612709045410156,4753900,0.0,0.0,0.0
2010-04-27,90.8499984741211,91.91999816894531,90.69999694824219,91.4800033569336,58.42383575439453,13199200,0.0,0.0,0.0
2010-04-28,91.12999725341797,91.3499984741211,90.4800033569336,90.69999694824219,57.92566680908203,8379500,0.0,0.0,0.0
2010-04-29,90.86000061035156,91.22000122070312,90.5199966430664,91.08000183105469,58.168373107910156,4067200,0.0,0.0,0.0
2010-04-30,91.27999877929688,92.16999816894531,91.11000061035156,92.12999725341797,58.83894348144531,6924800,0.0,0.0,0.0
2010-05-03,91.41999816894531,92.0199966430664,91.27999877929688,91.69000244140625,58.762062072753906,4211800,0.32,0.0,0.0
2010-05-04,92.80999755859375,93.47000122070312,92.55999755859375,93.33999633789062,59.819515228271484,11054800,0.0,0.0,0.0
2010-05-05,94.05999755859375,94.8499984741211,93.3499984741211,93.88999938964844,60.17193603515625,12219100,0.0,0.0,0.0
2010-05-06,94.16000366210938,100.0,93.77999877929688,96.79000091552734,62.03050231933594,19578200,0.0,0.0,0.0
2010-05-07,95.87999725341797,98.08999633789062,95.2699966430664,95.58000183105469,61.25507736206055,18740600,0.0,0.0,0.0
2010-05-10,93.16000366210938,93.94000244140625,93.08999633789062,93.5999984741211,59.98609161376953,10240100,0.0,0.0,0.0
2010-05-11,93.9800033569336,94.0199966430664,92.98999786376953,93.36000061035156,59.83235168457031,7729100,0.0,0.0,0.0
2010-05-12,93.13999938964844,93.26000213623047,92.61000061035156,92.6500015258789,59.37726974487305,5530800,0.0,0.0,0.0
2010-05-13,93.26000213623047,93.55000305175781,92.19999694824219,93.26000213623047,59.768218994140625,6849700,0.0,0.0,0.0
2010-05-14,94.12000274658203,95.5,94.08999633789062,94.87999725341797,60.80643081665039,9796500,0.0,0.0,0.0
2010-05-17,94.72000122070312,95.70999908447266,94.47000122070312,94.52999877929688,60.582149505615234,6302200,0.0,0.0,0.0
2010-05-18,94.9000015258789,96.16999816894531,94.7699966430664,95.9800033569336,61.51137924194336,9904100,0.0,0.0,0.0
2010-05-19,95.94000244140625,96.94999694824219,95.93000030517578,96.30000305175781,61.71647262573242,14121200,0.0,0.0,0.0
2010-05-20,97.91000366210938,98.56999969482422,97.52999877929688,98.33000183105469,63.01742935180664,17666900,0.0,0.0,0.0
2010-05-21,99.61000061035156,99.75,97.86000061035156,98.43000030517578,63.081546783447266,18670600,0.0,0.0,0.0
2010-05-24,98.73999786376953,98.87000274658203,97.9000015258789,98.08999633789062,62.86363983154297,7721100,0.0,0.0,0.0
2010-05-25,99.6500015258789,99.88999938964844,98.4000015258789,98.56999969482422,63.171268463134766,12952700,0.0,0.0,0.0
2010-05-26,98.22000122070312,98.4000015258789,97.4000015258789,98.29000091552734,62.991825103759766,12644800,0.0,0.0,0.0
2010-05-27,96.83000183105469,96.98999786376953,95.87999725341797,96.05999755859375,61.5626335144043,7653200,0.0,0.0,0.0
2010-05-28,96.48999786376953,96.77999877929688,96.0199966430664,96.5,61.84466552734375,5805500,0.0,0.0,0.0
2010-06-01,97.2300033569336,97.29000091552734,96.25,96.8499984741211,62.27933883666992,5536200,0.326,0.0,0.0
2010-06-02,96.98999786376953,97.19000244140625,95.81999969482422,95.93000030517578,61.687744140625,5656400,0.0,0.0,0.0
2010-06-03,95.20999908447266,95.91000366210938,95.0999984741211,95.2300033569336,61.237640380859375,8499500,0.0,0.0,0.0
2010-06-04,96.94000244140625,97.94999694824219,96.69999694824219,97.79000091552734,62.8838005065918,7479600,0.0,0.0,0.0
2010-06-07,97.5199966430664,98.58999633789062,97.33000183105469,98.54000091552734,63.36613082885742,5288200,0.0,0.0,0.0
2010-06-08,97.93000030517578,98.51000213623047,97.76000213623047,98.05000305175781,63.05100631713867,5510800,0.0,0.0,0.0
2010-06-09,97.5999984741211,98.12000274658203,97.20999908447266,97.94000244140625,62.98030471801758,5598000,0.0,0.0,0.0
2010-06-10,97.19999694824219,97.29000091552734,96.08999633789062,96.19000244140625,61.85493469238281,6075100,0.0,0.0,0.0
2010-06-11,97.08999633789062,97.80999755859375,96.61000061035156,97.41000366210938,62.63945007324219,6266700,0.0,0.0,0.0
2010-06-14,96.31999969482422,97.04000091552734,96.22000122070312,96.91000366210938,62.31794738769531,5310400,0.0,0.0,0.0
2010-06-15,97.11000061035156,97.25,96.05000305175781,96.51000213623047,62.06074905395508,4920100,0.0,0.0,0.0
2010-06-16,97.19000244140625,97.22000122070312,96.38999938964844,97.05999755859375,62.41440963745117,4011100,0.0,0.0,0.0
2010-06-17,97.1500015258789,98.2300033569336,97.06999969482422,97.8499984741211,62.922367095947266,5650900,0.0,0.0,0.0
2010-06-18,97.88999938964844,98.11000061035156,97.56999969482422,97.69000244140625,62.819541931152344,4171700,0.0,0.0,0.0
2010-06-21,96.45999908447266,97.55000305175781,96.41000366210938,97.41000366210938,62.63945007324219,5740900,0.0,0.0,0.0
2010-06-22,97.68000030517578,98.5999984741211,97.41999816894531,98.56999969482422,63.3853874206543,5658900,0.0,0.0,0.0
2010-06-23,98.61000061035156,99.56999969482422,98.56999969482422,99.23999786376953,63.81626892089844,9137800,0.0,0.0,0.0
2010-06-24,99.3499984741211,99.58999633789062,98.3499984741211,98.6500015258789,63.43684387207031,6184600,0.0,0.0,0.0
2010-06-25,98.31999969482422,99.33000183105469,98.16000366210938,99.05000305175781,63.69407272338867,5148300,0.0,0.0,0.0
2010-06-28,99.5999984741211,100.0,99.41999816894531,99.9800033569336,64.29209899902344,5436000,0.0,0.0,0.0
2010-06-29,100.31999969482422,101.12999725341797,100.16000366210938,101.06999969482422,64.99310302734375,7334200,0.0,0.0,0.0
2010-06-30,101.41000366210938,101.79000091552734,100.80000305175781,101.75,65.43029022216797,7205700,0.0,0.0,0.0
2010-07-01,101.56999969482422,102.66000366210938,101.37999725341797,101.5999984741211,65.5335464477539,12893400,0.31,0.0,0.0
2010-07-02,101.11000061035156,101.44000244140625,100.16000366210938,100.79000091552734,65.01102447509766,6297600,0.0,0.0,0.0
2010-07-06,100.83000183105469,101.75,100.73999786376953,101.62000274658203,65.54643249511719,6620400,0.0,0.0,0.0
2010-07-07,101.45999908447266,101.51000213623047,100.33999633789062,100.43000030517578,64.77880859375,5727800,0.0,0.0,0.0
2010-07-08,99.81999969482422,100.16000366210938,99.55000305175781,99.79000091552734,64.36605072021484,6260600,0.0,0.0,0.0
2010-07-09,99.4000015258789,99.63999938964844,99.18000030517578,99.22000122070312,63.99835968017578,4286000,0.0,0.0,0.0
2010-07-12,99.33000183105469,99.83999633789062,99.04000091552734,99.18000030517578,63.97258758544922,4062100,0.0,0.0,0.0
2010-07-13,98.8499984741211,98.88999938964844,98.18000030517578,98.33000183105469,63.4243049621582,5842500,0.0,0.0,0.0
2010-07-14,98.72000122070312,99.48999786376953,98.38999938964844,99.31999969482422,64.06285858154297,5417300,0.0,0.0,0.0
2010-07-15,99.73999786376953,100.58999633789062,99.69999694824219,100.30999755859375,64.70142364501953,6996100,0.0,0.0,0.0
2010-07-16,100.30999755859375,101.12999725341797,100.2699966430664,100.80000305175781,65.01750946044922,7512400,0.0,0.0,0.0
2010-07-19,100.55999755859375,100.75,99.9800033569336,100.18000030517578,64.6175308227539,4305800,0.0,0.0,0.0
2010-07-20,100.66999816894531,100.9000015258789,100.18000030517578,100.33000183105469,64.71434020996094,5076600,0.0,0.0,0.0
2010-07-21,100.44999694824219,102.27999877929688,100.41000366210938,102.02999877929688,65.81085968017578,7894200,0.0,0.0,0.0
2010-07-22,101.51000213623047,101.5199966430664,100.81999969482422,100.8499984741211,65.04972839355469,5759700,0.0,0.0,0.0
2010-07-23,100.80000305175781,100.97000122070312,99.69000244140625,99.77999877929688,64.35958099365234,6259100,0.0,0.0,0.0
2010-07-26,99.62999725341797,99.80999755859375,99.0,99.61000061035156,64.24996185302734,4856400,0.0,0.0,0.0
2010-07-27,98.77999877929688,99.18000030517578,98.56999969482422,98.6500015258789,63.63069534301758,5328000,0.0,0.0,0.0
2010-07-28,98.48999786376953,99.19000244140625,98.2699966430664,98.97000122070312,63.837093353271484,5507200,0.0,0.0,0.0
2010-07-29,98.0999984741211,99.0199966430664,97.91999816894531,98.94000244140625,63.81778335571289,6305500,0.0,0.0,0.0
2010-07-30,100.19999694824219,100.61000061035156,99.8499984741211,100.4800033569336,64.81106567382812,7683200,0.0,0.0,0.0
2010-08-02,99.23999786376953,99.33000183105469,98.75,98.75,63.901248931884766,5769200,0.324,0.0,0.0
2010-08-03,99.19999694824219,99.66000366210938,98.93000030517578,99.31999969482422,64.27008819580078,4363500,0.0,0.0,0.0
2010-08-04,99.5,99.51000213623047,98.55999755859375,98.55999755859375,63.77833557128906,3820400,0.0,0.0,0.0
2010-08-05,99.33999633789062,99.48999786376953,98.83999633789062,99.0199966430664,64.07599639892578,3704200,0.0,0.0,0.0
2010-08-06,99.79000091552734,100.20999908447266,99.48999786376953,100.0999984741211,64.77484130859375,6042400,0.0,0.0,0.0
2010-08-09,99.73999786376953,99.9800033569336,99.61000061035156,99.7300033569336,64.53541564941406,2578500,0.0,0.0,0.0
2010-08-10,100.05999755859375,101.01000213623047,99.47000122070312,99.94000244140625,64.6712875366211,11251000,0.0,0.0,0.0
2010-08-11,100.30999755859375,101.38999938964844,100.30999755859375,101.27999877929688,65.53842163085938,6778300,0.0,0.0,0.0
2010-08-12,101.58000183105469,101.94000244140625,100.87000274658203,101.02999877929688,65.37661743164062,7590100,0.0,0.0,0.0
2010-08-13,101.62000274658203,102.44999694824219,101.4800033569336,102.29000091552734,66.19196319580078,7843600,0.0,0.0,0.0
2010-08-16,104.20999908447266,104.88999938964844,104.06999969482422,104.8499984741211,67.84857940673828,7976200,0.0,0.0,0.0
2010-08-17,104.8499984741211,104.86000061035156,104.0,104.25,67.4603271484375,6756800,0.0,0.0,0.0
2010-08-18,105.0,105.6500015258789,104.48999786376953,104.52999877929688,67.64148712158203,7721600,0.0,0.0,0.0
2010-08-19,104.79000091552734,106.61000061035156,104.63999938964844,106.16000366210938,68.69629669189453,13128500,0.0,0.0,0.0
2010-08-20,106.41000366210938,106.83000183105469,105.83999633789062,106.04000091552734,68.61863708496094,7040300,0.0,0.0,0.0
2010-08-23,105.6500015258789,106.19000244140625,105.25,106.05999755859375,68.63158416748047,6360100,0.0,0.0,0.0
2010-08-24,107.04000091552734,108.12999725341797,106.66999816894531,107.76000213623047,69.73163604736328,9812100,0.0,0.0,0.0
2010-08-25,108.80000305175781,109.33999633789062,107.06999969482422,107.41000366210938,69.50518035888672,13299800,0.0,0.0,0.0
2010-08-26,107.55999755859375,108.48999786376953,107.29000091552734,108.41999816894531,70.15875244140625,7039900,0.0,0.0,0.0
2010-08-27,107.7699966430664,108.33000183105469,105.19999694824219,105.3499984741211,68.1721420288086,13514000,0.0,0.0,0.0
2010-08-30,106.20999908447266,107.4000015258789,105.81999969482422,107.37000274658203,69.47927856445312,5535300,0.0,0.0,0.0
2010-08-31,108.22000122070312,108.6500015258789,107.62000274658203,108.55999755859375,70.24930572509766,8397000,0.0,0.0,0.0
2010-09-01,107.0199966430664,107.05000305175781,105.08999633789062,106.0,68.79680633544922,12480700,0.322,0.0,0.0
2010-09-02,105.19999694824219,105.30000305175781,104.4000015258789,104.87999725341797,68.06993865966797,8167600,0.0,0.0,0.0
2010-09-03,102.72000122070312,103.94000244140625,102.69999694824219,103.58000183105469,67.22613525390625,9210700,0.0,0.0,0.0
2010-09-07,105.08999633789062,105.77999877929688,104.80999755859375,105.69999694824219,68.60210418701172,6018400,0.0,0.0,0.0
2010-09-08,105.08999633789062,105.20999908447266,104.36000061035156,104.86000061035156,68.05693054199219,6698400,0.0,0.0,0.0
2010-09-09,103.69999694824219,103.83999633789062,102.63999938964844,102.79000091552734,66.71341705322266,8588900,0.0,0.0,0.0
2010-09-10,102.25,102.69999694824219,101.8499984741211,102.31999969482422,66.40840148925781,6910300,0.0,0.0,0.0
2010-09-13,101.80000305175781,103.05000305175781,101.7699966430664,102.81999969482422,66.73291015625,7054800,0.0,0.0,0.0
2010-09-14,103.02999877929688,103.81999969482422,102.97000122070312,103.80999755859375,67.3753890991211,5978100,0.0,0.0,0.0
2010-09-15,102.75,103.26000213623047,102.13999938964844,102.2699966430664,66.37594604492188,7919100,0.0,0.0,0.0
2010-09-16,101.52999877929688,101.81999969482422,100.8499984741211,101.26000213623047,65.720458984375,17116200,0.0,0.0,0.0
2010-09-17,101.83000183105469,102.16000366210938,101.31999969482422,101.66999816894531,65.98651885986328,9203600,0.0,0.0,0.0
2010-09-20,102.1500015258789,102.44999694824219,101.69000244140625,102.26000213623047,66.36943817138672,5277800,0.0,0.0,0.0
2010-09-21,102.66999816894531,104.0199966430664,102.26000213623047,103.68000030517578,67.29104614257812,12664000,0.0,0.0,0.0
2010-09-22,104.55000305175781,105.06999969482422,103.8499984741211,104.61000061035156,67.8946304321289,8229400,0.0,0.0,0.0
2010-09-23,105.41000366210938,105.45999908447266,104.23999786376953,104.91000366210938,68.0893783569336,7412200,0.0,0.0,0.0
2010-09-24,103.95999908447266,104.11000061035156,103.5,103.5,67.17427825927734,8942500,0.0,0.0,0.0
2010-09-27,104.52999877929688,105.44999694824219,104.4800033569336,105.30000305175781,68.34249877929688,7061600,0.0,0.0,0.0
2010-09-28,105.37999725341797,106.31999969482422,105.33999633789062,106.0199966430664,68.80977630615234,8262900,0.0,0.0,0.0
2010-09-29,106.16999816894531,106.2699966430664,105.3499984741211,105.58000183105469,68.52424621582031,5507100,0.0,0.0,0.0
2010-09-30,105.4000015258789,105.58999633789062,104.02999877929688,105.51000213623047,68.47876739501953,10618400,0.0,0.0,0.0
2010-10-01,104.2300033569336,105.13999938964844,103.9800033569336,104.61000061035156,68.14778900146484,9368400,0.392,0.0,0.0
2010-10-04,104.62000274658203,104.93000030517578,104.41000366210938,104.87999725341797,68.32374572753906,4422700,0.0,0.0,0.0
2010-10-05,104.7300033569336,104.80999755859375,103.93000030517578,104.25,67.91329956054688,8491800,0.0,0.0,0.0
2010-10-06,104.9000015258789,106.0999984741211,104.86000061035156,105.55999755859375,68.76673126220703,6476100,0.0,0.0,0.0
2010-10-07,105.16999816894531,105.37999725341797,104.66999816894531,104.68000030517578,68.1934814453125,5780700,0.0,0.0,0.0
2010-10-08,104.87000274658203,105.45999908447266,104.22000122070312,104.22000122070312,67.89373779296875,6128700,0.0,0.0,0.0
2010-10-11,104.11000061035156,104.43000030517578,103.94000244140625,104.23999786376953,67.90677642822266,1474200,0.0,0.0,0.0
2010-10-12,104.41000366210938,104.76000213623047,103.18000030517578,103.20999908447266,67.2358627319336,6122400,0.0,0.0,0.0
2010-10-13,102.3499984741211,103.12000274658203,102.04000091552734,103.05000305175781,67.13157653808594,8168400,0.0,0.0,0.0
2010-10-14,103.29000091552734,103.6500015258789,101.47000122070312,101.51000213623047,66.12835693359375,10945000,0.0,0.0,0.0
2010-10-15,100.5999984741211,101.05000305175781,99.88999938964844,100.2699966430664,65.32058715820312,12694700,0.0,0.0,0.0
2010-10-18,101.19999694824219,101.44999694824219,100.77999877929688,101.08000183105469,65.84819793701172,5592200,0.0,0.0,0.0
2010-10-19,100.58000183105469,102.08999633789062,100.55000305175781,101.69000244140625,66.24560546875,8017500,0.0,0.0,0.0
2010-10-20,101.37000274658203,102.27999877929688,101.20999908447266,101.91000366210938,66.38888549804688,5515800,0.0,0.0,0.0
2010-10-21,101.69000244140625,101.91000366210938,100.69000244140625,100.69999694824219,65.6007308959961,6836100,0.0,0.0,0.0
2010-10-22,100.44000244140625,101.47000122070312,100.41000366210938,101.37999725341797,66.04371643066406,4770700,0.0,0.0,0.0
2010-10-25,102.12000274658203,102.29000091552734,101.55000305175781,101.66999816894531,66.23261260986328,5632300,0.0,0.0,0.0
2010-10-26,100.86000061035156,101.05999755859375,100.05000305175781,100.0999984741211,65.20977783203125,8432000,0.0,0.0,0.0
2010-10-27,99.68000030517578,100.16999816894531,99.22000122070312,99.22000122070312,64.63653564453125,9245200,0.0,0.0,0.0
2010-10-28,99.58000183105469,99.83000183105469,99.16000366210938,99.48999786376953,64.81245422363281,8052600,0.0,0.0,0.0
2010-10-29,99.81999969482422,100.45999908447266,99.62000274658203,100.41999816894531,65.41826629638672,6753800,0.0,0.0,0.0
2010-11-01,100.80000305175781,100.80999755859375,99.48999786376953,99.66999816894531,65.13658142089844,5921000,0.319,0.0,0.0
2010-11-02,100.45999908447266,101.08999633789062,100.41999816894531,100.9800033569336,65.99274444580078,6537400,0.0,0.0,0.0
2010-11-03,101.7300033569336,102.2699966430664,98.43000030517578,98.91999816894531,64.64644622802734,25541800,0.0,0.0,0.0
2010-11-04,99.16999816894531,99.87000274658203,99.08000183105469,99.69000244140625,65.14967346191406,13246500,0.0,0.0,0.0
2010-11-05,98.3499984741211,98.80000305175781,97.9800033569336,97.9800033569336,64.03214263916016,12435000,0.0,0.0,0.0
2010-11-08,98.58999633789062,98.91999816894531,97.81999969482422,98.41999816894531,64.31969451904297,6795200,0.0,0.0,0.0
2010-11-09,98.48999786376953,98.5199966430664,96.19000244140625,96.25,62.90154266357422,15061700,0.0,0.0,0.0
2010-11-10,96.3499984741211,96.73999786376953,95.0,96.37999725341797,62.986534118652344,18540400,0.0,0.0,0.0
2010-11-11,96.44999694824219,96.62999725341797,96.13999938964844,96.33000183105469,62.95381164550781,3368100,0.0,0.0,0.0
2010-11-12,96.20999908447266,96.73999786376953,95.80999755859375,95.80999755859375,62.61396408081055,11739500,0.0,0.0,0.0
2010-11-15,95.33000183105469,95.72000122070312,93.80999755859375,93.80999755859375,61.30698013305664,14978700,0.0,0.0,0.0
2010-11-16,94.91000366210938,96.25,93.98999786376953,96.13999938964844,62.829708099365234,19901300,0.0,0.0,0.0
2010-11-17,95.80000305175781,96.76000213623047,95.33999633789062,95.61000061035156,62.48332977294922,9915600,0.0,0.0,0.0
2010-11-18,95.68000030517578,96.0,94.80000305175781,96.0,62.73820495605469,12424800,0.0,0.0,0.0
2010-11-19,96.08999633789062,96.58999633789062,95.79000091552734,96.58999633789062,63.12377166748047,8359500,0.0,0.0,0.0
2010-11-22,97.37000274658203,97.62000274658203,96.23999786376953,97.0,63.39173889160156,10413500,0.0,0.0,0.0
2010-11-23,97.66999816894531,97.94999694824219,97.23999786376953,97.4800033569336,63.70537185668945,9566900,0.0,0.0,0.0
2010-11-24,96.80999755859375,96.98999786376953,95.58000183105469,95.73999786376953,62.5682487487793,11467600,0.0,0.0,0.0
2010-11-26,96.72000122070312,97.12000274658203,96.55000305175781,97.06999969482422,63.43741989135742,4848900,0.0,0.0,0.0
2010-11-29,97.55999755859375,97.94999694824219,97.08999633789062,97.9000015258789,63.97991180419922,8950000,0.0,0.0,0.0
2010-11-30,99.20999908447266,99.2699966430664,98.11000061035156,98.41000366210938,64.31316375732422,11947600,0.0,0.0,0.0
2010-12-01,96.6500015258789,97.11000061035156,95.88999938964844,95.88999938964844,62.88352584838867,15441200,0.34,0.0,0.0
2010-12-02,95.95999908447266,96.54000091552734,95.52999877929688,95.63999938964844,62.7195930480957,9318700,0.0,0.0,0.0
2010-12-03,96.27999877929688,96.33000183105469,94.8499984741211,94.88999938964844,62.22779083251953,10194800,0.0,0.0,0.0
2010-12-06,95.5199966430664,96.25,95.30999755859375,96.2300033569336,63.10650634765625,7001800,0.0,0.0,0.0
2010-12-07,94.72000122070312,94.91999816894531,93.16000366210938,94.16999816894531,61.75560760498047,18533100,0.0,0.0,0.0
2010-12-08,93.72000122070312,93.80000305175781,92.11000061035156,93.26000213623047,61.158836364746094,19275900,0.0,0.0,0.0
2010-12-09,93.5999984741211,94.2699966430664,92.7300033569336,93.72000122070312,61.460514068603516,17477100,0.0,0.0,0.0
2010-12-10,93.29000091552734,93.86000061035156,93.13999938964844,93.1500015258789,61.08671188354492,7078500,0.0,0.0,0.0
2010-12-13,93.05000305175781,94.02999877929688,92.55999755859375,93.5,61.31621551513672,12399900,0.0,0.0,0.0
2010-12-14,92.4000015258789,93.0199966430664,91.44000244140625,92.13999938964844,60.42430877685547,23516400,0.0,0.0,0.0
2010-12-15,92.08000183105469,92.23999786376953,90.47000122070312,90.94000244140625,59.63744354248047,26084000,0.0,0.0,0.0
2010-12-16,91.02999877929688,91.58000183105469,90.56999969482422,91.56999969482422,60.050533294677734,17939000,0.0,0.0,0.0
2010-12-17,91.87999725341797,93.7699966430664,91.86000061035156,93.23999786376953,61.14576721191406,16849700,0.0,0.0,0.0
2010-12-20,93.75,94.2300033569336,92.63999938964844,93.13999938964844,61.08015823364258,13703500,0.0,0.0,0.0
2010-12-21,93.12999725341797,93.79000091552734,92.48999786376953,93.79000091552734,61.50639724731445,8985100,0.0,0.0,0.0
2010-12-22,93.47000122070312,93.55000305175781,92.93000030517578,93.12000274658203,61.06703567504883,6440900,0.0,0.0,0.0
2010-12-23,93.18000030517578,93.2300033569336,92.52999877929688,92.93000030517578,60.942447662353516,7091800,0.0,0.0,0.0
2010-12-27,92.76000213623047,93.87999725341797,92.30000305175781,93.76000213623047,61.4866943359375,5285900,0.0,0.0,0.0
2010-12-28,92.93000030517578,93.06999969482422,91.30999755859375,91.61000061035156,60.28253936767578,13972100,0.32,0.0,0.0
2010-12-29,91.76000213623047,93.5199966430664,91.47000122070312,93.16000366210938,61.30247497558594,13115400,0.0,0.0,0.0
2010-12-30,92.87999725341797,93.27999877929688,92.41000366210938,93.08999633789062,61.25639724731445,7029900,0.0,0.0,0.0
2010-12-31,93.51000213623047,94.69999694824219,93.44000244140625,94.12000274658203,61.93419647216797,8516000,0.0,0.0,0.0
2011-01-03,93.19999694824219,94.30999755859375,92.94999694824219,93.41000366210938,61.46699905395508,13799400,0.0,0.0,0.0
2011-01-04,93.41000366210938,93.7699966430664,92.91000366210938,93.5199966430664,61.53936004638672,10466900,0.0,0.0,0.0
2011-01-05,92.48999786376953,92.69000244140625,91.19000244140625,91.45999908447266,60.18386459350586,17568000,0.0,0.0,0.0
2011-01-06,91.54000091552734,92.12000274658203,91.16000366210938,91.86000061035156,60.447086334228516,9317500,0.0,0.0,0.0
2011-01-07,91.51000213623047,92.62999725341797,91.02999877929688,92.3499984741211,60.769432067871094,12694600,0.0,0.0,0.0
2011-01-10,92.58000183105469,92.98999786376953,92.18000030517578,92.8499984741211,61.098514556884766,8295200,0.0,0.0,0.0
2011-01-11,92.48999786376953,92.5999984741211,91.69000244140625,92.33000183105469,60.75629806518555,9495400,0.0,0.0,0.0
2011-01-12,91.73999786376953,92.16999816894531,91.44999694824219,91.61000061035156,60.28253936767578,9522900,0.0,0.0,0.0
2011-01-13,91.62000274658203,92.7699966430664,91.44999694824219,92.43000030517578,60.822113037109375,14502400,0.0,0.0,0.0
2011-01-14,92.77999877929688,92.9000015258789,91.76000213623047,91.83999633789062,60.433860778808594,8960700,0.0,0.0,0.0
2011-01-18,91.29000091552734,91.70999908447266,90.7300033569336,91.41000366210938,60.150936126708984,10663600,0.0,0.0,0.0
2011-01-19,91.41000366210938,92.06999969482422,91.36000061035156,92.06999969482422,60.58519744873047,8886900,0.0,0.0,0.0
2011-01-20,91.5,91.61000061035156,90.38999938964844,90.80000305175781,59.749507904052734,14203400,0.0,0.0,0.0
2011-01-21,90.69000244140625,91.5199966430664,90.51000213623047,91.5199966430664,60.223304748535156,9085600,0.0,0.0,0.0
2011-01-24,91.87000274658203,91.9000015258789,91.37999725341797,91.55999755859375,60.24961471557617,7700200,0.0,0.0,0.0
2011-01-25,91.94000244140625,92.9000015258789,91.31999969482422,92.43000030517578,60.822113037109375,13438100,0.0,0.0,0.0
2011-01-26,92.22000122070312,92.26000213623047,90.88999938964844,91.02999877929688,59.900856018066406,13322900,0.0,0.0,0.0
2011-01-27,91.06999969482422,91.6500015258789,90.66999816894531,91.44000244140625,60.17068099975586,10868700,0.0,0.0,0.0
2011-01-28,90.80999755859375,92.27999877929688,90.7699966430664,91.91999816894531,60.48652648925781,11993200,0.0,0.0,0.0
2011-01-31,91.66000366210938,91.9800033569336,91.05000305175781,91.22000122070312,60.0258903503418,8647600,0.0,0.0,0.0
2011-02-01,90.55000305175781,90.83999633789062,90.13999938964844,90.44999694824219,59.72871780395508,11508400,0.32,0.0,0.0
2011-02-02,90.9000015258789,91.0,89.9000015258789,90.47000122070312,59.74193572998047,13624600,0.0,0.0,0.0
2011-02-03,89.95999908447266,90.56999969482422,89.70999908447266,89.72000122070312,59.2466926574707,12785800,0.0,0.0,0.0
2011-02-04,89.5,89.6500015258789,88.7699966430664,88.80999755859375,58.64577102661133,17172200,0.0,0.0,0.0
2011-02-07,88.69999694824219,89.30000305175781,88.56999969482422,89.2699966430664,58.94949722290039,8554800,0.0,0.0,0.0
2011-02-08,89.30999755859375,89.54000091552734,88.36000061035156,88.44999694824219,58.40804672241211,10454200,0.0,0.0,0.0
2011-02-09,88.69000244140625,89.66000366210938,88.13999938964844,89.22000122070312,58.91650390625,13078600,0.0,0.0,0.0
2011-02-10,88.9000015258789,89.13999938964844,88.18000030517578,88.19000244140625,58.236351013183594,10486800,0.0,0.0,0.0
2011-02-11,89.02999877929688,89.52999877929688,88.73999786376953,89.45999908447266,59.074981689453125,11333400,0.0,0.0,0.0
2011-02-14,89.30999755859375,89.93000030517578,89.30999755859375,89.5199966430664,59.114601135253906,8033500,0.0,0.0,0.0
2011-02-15,89.55999755859375,89.97000122070312,89.37000274658203,89.91999816894531,59.37874221801758,7298000,0.0,0.0,0.0
2011-02-16,89.87000274658203,90.31999969482422,89.33999633789062,89.62999725341797,59.187252044677734,8446300,0.0,0.0,0.0
2011-02-17,90.0199966430664,90.18000030517578,89.66000366210938,89.7699966430664,59.2796745300293,6732500,0.0,0.0,0.0
2011-02-18,89.41999816894531,89.55000305175781,89.08000183105469,89.48999786376953,59.094810485839844,6080700,0.0,0.0,0.0
2011-02-22,89.91000366210938,90.94000244140625,89.70999908447266,90.83000183105469,59.979644775390625,11905700,0.0,0.0,0.0
2011-02-23,91.0999984741211,91.55000305175781,90.73999786376953,91.16000366210938,60.19757843017578,14522600,0.0,0.0,0.0
2011-02-24,91.62999725341797,92.04000091552734,91.44000244140625,91.73999786376953,60.58060073852539,12110900,0.0,0.0,0.0
2011-02-25,91.73999786376953,92.27999877929688,91.63999938964844,92.27999877929688,60.937171936035156,6841700,0.0,0.0,0.0
2011-02-28,92.30000305175781,92.5199966430664,92.08000183105469,92.4000015258789,61.01642990112305,9682500,0.0,0.0,0.0
2011-03-01,91.5199966430664,92.4000015258789,91.47000122070312,92.37000274658203,61.193294525146484,8048700,0.297,0.0,0.0
2011-03-02,91.83999633789062,91.98999786376953,90.94000244140625,90.94999694824219,60.2525749206543,8526400,0.0,0.0,0.0
2011-03-03,90.52999877929688,90.77999877929688,89.9800033569336,90.05999755859375,59.66294479370117,10607600,0.0,0.0,0.0
2011-03-04,90.0999984741211,90.8499984741211,90.0,90.80999755859375,60.159793853759766,9316200,0.0,0.0,0.0
2011-03-07,90.0199966430664,90.86000061035156,89.8499984741211,90.2300033569336,59.775577545166016,7522300,0.0,0.0,0.0
2011-03-08,90.11000061035156,90.33999633789062,89.6500015258789,89.68000030517578,59.411224365234375,8498700,0.0,0.0,0.0
2011-03-09,90.08999633789062,90.81999969482422,89.8499984741211,90.55000305175781,59.98758316040039,8904800,0.0,0.0,0.0
2011-03-10,90.87000274658203,92.0999984741211,90.63999938964844,92.06999969482422,60.99455261230469,13385800,0.0,0.0,0.0
2011-03-11,92.04000091552734,92.08000183105469,91.33000183105469,91.55000305175781,60.65008544921875,8407600,0.0,0.0,0.0
2011-03-14,91.4800033569336,91.91999816894531,91.31999969482422,91.51000213623047,60.62355422973633,6765200,0.0,0.0,0.0
2011-03-15,92.80000305175781,93.05000305175781,92.36000061035156,92.87999725341797,61.531166076660156,14893800,0.0,0.0,0.0
2011-03-16,93.37000274658203,94.94000244140625,93.08000183105469,93.93000030517578,62.22677230834961,24294200,0.0,0.0,0.0
2011-03-17,93.23999786376953,93.61000061035156,92.76000213623047,93.20999908447266,61.749786376953125,10528500,0.0,0.0,0.0
2011-03-18,92.75,93.4800033569336,92.69000244140625,93.45999908447266,61.9153938293457,7260900,0.0,0.0,0.0
2011-03-21,93.12999725341797,93.18000030517578,92.56999969482422,92.91000366210938,61.55100631713867,10542900,0.0,0.0,0.0
2011-03-22,92.80999755859375,93.29000091552734,92.73999786376953,93.22000122070312,61.75640869140625,6904700,0.0,0.0,0.0
2011-03-23,93.8499984741211,93.87999725341797,92.93000030517578,93.0999984741211,61.67691421508789,8358000,0.0,0.0,0.0
2011-03-24,92.76000213623047,92.87999725341797,92.38999938964844,92.4000015258789,61.21318054199219,9477600,0.0,0.0,0.0
2011-03-25,92.86000061035156,92.95999908447266,92.0199966430664,92.16999816894531,61.06077194213867,6447200,0.0,0.0,0.0
2011-03-28,92.12000274658203,92.66999816894531,92.0,92.30000305175781,61.14692306518555,3996800,0.0,0.0,0.0
2011-03-29,91.9800033569336,92.5,91.56999969482422,91.58999633789062,60.67658996582031,6487200,0.0,0.0,0.0
2011-03-30,91.72000122070312,92.31999969482422,91.55999755859375,92.31999969482422,61.160213470458984,5048300,0.0,0.0,0.0
2011-03-31,92.66999816894531,92.72000122070312,91.61000061035156,92.12999725341797,61.03427505493164,9654300,0.0,0.0,0.0
2011-04-01,91.5,92.2699966430664,91.41999816894531,92.19000244140625,61.330997467041016,7860400,0.386,0.0,0.0
2011-04-04,92.19999694824219,92.58000183105469,92.12999725341797,92.29000091552734,61.39756774902344,4469100,0.0,0.0,0.0
2011-04-05,92.16000366210938,92.37999725341797,91.66999816894531,91.91999816894531,61.151344299316406,9951600,0.0,0.0,0.0
2011-04-06,91.7699966430664,91.79000091552734,90.54000091552734,90.54000091552734,60.233341217041016,9090900,0.0,0.0,0.0
2011-04-07,90.52999877929688,90.76000213623047,90.12999725341797,90.36000061035156,60.11361312866211,9265100,0.0,0.0,0.0
2011-04-08,89.93000030517578,90.31999969482422,89.8499984741211,89.87999725341797,59.794254302978516,7605700,0.0,0.0,0.0
2011-04-11,89.83000183105469,90.22000122070312,89.6500015258789,89.95999908447266,59.84745788574219,5734000,0.0,0.0,0.0
2011-04-12,90.61000061035156,91.23999786376953,90.55999755859375,90.93000030517578,60.492767333984375,7686500,0.0,0.0,0.0
2011-04-13,90.54000091552734,91.5,90.44000244140625,91.5,60.87200927734375,7959300,0.0,0.0,0.0
2011-04-14,91.54000091552734,91.7699966430664,91.22000122070312,91.43000030517578,60.8254280090332,7609600,0.0,0.0,0.0
2011-04-15,92.26000213623047,92.70999908447266,92.06999969482422,92.66999816894531,61.65035629272461,10222900,0.0,0.0,0.0
2011-04-18,91.98999786376953,93.0999984741211,91.44999694824219,92.87999725341797,61.790061950683594,12036700,0.0,0.0,0.0
2011-04-19,92.86000061035156,93.27999877929688,92.76000213623047,93.27999877929688,62.056156158447266,5295100,0.0,0.0,0.0
2011-04-20,93.06999969482422,93.26000213623047,92.61000061035156,92.68000030517578,61.657005310058594,6754100,0.0,0.0,0.0
2011-04-21,92.88999938964844,93.2300033569336,92.55999755859375,92.5999984741211,61.6037712097168,3365600,0.0,0.0,0.0
2011-04-25,92.62999725341797,92.97000122070312,92.5,92.94999694824219,61.83665466308594,3626900,0.0,0.0,0.0
2011-04-26,93.2699966430664,93.87000274658203,93.18000030517578,93.8499984741211,62.43536376953125,7506300,0.0,0.0,0.0
2011-04-27,93.44000244140625,93.56999969482422,92.75,92.88999938964844,61.796722412109375,8869300,0.0,0.0,0.0
2011-04-28,93.22000122070312,93.5999984741211,92.97000122070312,93.5999984741211,62.26904296875,8110200,0.0,0.0,0.0
2011-04-29,93.47000122070312,93.91999816894531,93.3499984741211,93.88999938964844,62.461997985839844,5900000,0.0,0.0,0.0
2011-05-02,93.31999969482422,93.68000030517578,93.16999816894531,93.63999938964844,62.56221389770508,5285100,0.4,0.0,0.0
2011-05-03,93.95999908447266,94.16999816894531,93.58000183105469,94.16999816894531,62.916297912597656,6486600,0.0,0.0,0.0
2011-05-04,94.30999755859375,94.72000122070312,94.2699966430664,94.58999633789062,63.19688034057617,7406300,0.0,0.0,0.0
2011-05-05,94.91999816894531,95.62999725341797,94.80999755859375,95.48999786376953,63.79819869995117,9600000,0.0,0.0,0.0
2011-05-06,94.51000213623047,95.48999786376953,94.3499984741211,95.06999969482422,63.51759719848633,9451500,0.0,0.0,0.0
2011-05-09,94.9000015258789,95.19999694824219,94.83999633789062,94.97000122070312,63.45076370239258,3731200,0.0,0.0,0.0
2011-05-10,94.69999694824219,94.88999938964844,94.29000091552734,94.29000091552734,62.9964714050293,5458300,0.0,0.0,0.0
2011-05-11,94.31999969482422,95.08999633789062,94.18000030517578,94.83000183105469,63.35723114013672,6078700,0.0,0.0,0.0
2011-05-12,94.94999694824219,95.11000061035156,93.91000366210938,94.2300033569336,62.95635223388672,8015800,0.0,0.0,0.0
2011-05-13,94.6500015258789,95.48999786376953,94.52999877929688,95.08000183105469,63.52425765991211,8380000,0.0,0.0,0.0
2011-05-16,95.02999877929688,95.79000091552734,94.76000213623047,95.61000061035156,63.87836837768555,6053600,0.0,0.0,0.0
2011-05-17,96.02999877929688,96.5999984741211,95.9800033569336,96.58999633789062,64.53311920166016,9826900,0.0,0.0,0.0
2011-05-18,96.2699966430664,96.38999938964844,95.27999877929688,95.30999755859375,63.67793655395508,7707600,0.0,0.0,0.0
2011-05-19,94.45999908447266,95.31999969482422,94.45999908447266,95.2699966430664,63.6512336730957,8052400,0.0,0.0,0.0
2011-05-20,95.0199966430664,95.41000366210938,94.72000122070312,95.31999969482422,63.6845703125,5602300,0.0,0.0,0.0
2011-05-23,95.7300033569336,96.19000244140625,95.58999633789062,95.77999877929688,63.99192428588867,6300000,0.0,0.0,0.0
2011-05-24,95.63999938964844,96.13999938964844,95.45999908447266,96.13999938964844,64.23245239257812,5549100,0.0,0.0,0.0
2011-05-25,96.1500015258789,96.27999877929688,95.54000091552734,95.69000244140625,63.931793212890625,5664500,0.0,0.0,0.0
2011-05-26,95.97000122070312,96.55000305175781,95.88999938964844,96.51000213623047,64.47968292236328,8307900,0.0,0.0,0.0
2011-05-27,96.12999725341797,96.51000213623047,95.87999725341797,96.47000122070312,64.45293426513672,5390600,0.0,0.0,0.0
2011-05-31,96.18000030517578,96.76000213623047,96.08999633789062,96.69000244140625,64.59991455078125,7003900,0.0,0.0,0.0
2011-06-01,96.91999816894531,97.72000122070312,96.88999938964844,97.63999938964844,65.47300720214844,12746400,0.352,0.0,0.0
2011-06-02,96.48999786376953,96.91000366210938,95.77999877929688,95.77999877929688,64.22576141357422,15738700,0.0,0.0,0.0
2011-06-03,96.58000183105469,96.5999984741211,95.56999969482422,96.33000183105469,64.59452819824219,10644100,0.0,0.0,0.0
2011-06-06,95.47000122070312,95.98999786376953,95.20999908447266,95.5999984741211,64.10505676269531,8776900,0.0,0.0,0.0
2011-06-07,95.2300033569336,96.05999755859375,95.12000274658203,96.04000091552734,64.40011596679688,7399200,0.0,0.0,0.0
2011-06-08,96.26000213623047,96.83999633789062,96.16999816894531,96.79000091552734,64.90301513671875,7401800,0.0,0.0,0.0
2011-06-09,97.0999984741211,97.33000183105469,95.93000030517578,96.4000015258789,64.64149475097656,9963000,0.0,0.0,0.0
2011-06-10,96.91000366210938,97.38999938964844,96.80000305175781,97.13999938964844,65.1377182006836,7710800,0.0,0.0,0.0
2011-06-13,96.73999786376953,97.29000091552734,96.63999938964844,96.6500015258789,64.8091049194336,5540000,0.0,0.0,0.0
2011-06-14,95.73999786376953,95.9000015258789,95.12999725341797,95.19000244140625,63.830135345458984,8672400,0.0,0.0,0.0
2011-06-15,95.37999725341797,96.94000244140625,95.37000274658203,96.91999816894531,64.99022674560547,12979100,0.0,0.0,0.0
2011-06-16,97.0999984741211,97.52999877929688,96.80000305175781,97.36000061035156,65.28522491455078,10961200,0.0,0.0,0.0
2011-06-17,96.86000061035156,97.1500015258789,96.63999938964844,96.9000015258789,64.976806640625,9622900,0.0,0.0,0.0
2011-06-20,97.33000183105469,97.36000061035156,96.58999633789062,97.0199966430664,65.05724334716797,6613800,0.0,0.0,0.0
2011-06-21,96.69999694824219,97.02999877929688,96.2699966430664,96.58999633789062,64.7689208984375,7894900,0.0,0.0,0.0
2011-06-22,96.95999908447266,97.05999755859375,96.41000366210938,96.6500015258789,64.8091049194336,5503700,0.0,0.0,0.0
2011-06-23,97.23999786376953,97.73999786376953,97.1500015258789,97.38999938964844,65.30535125732422,8586800,0.0,0.0,0.0
2011-06-24,97.36000061035156,97.69000244140625,96.9800033569336,96.9800033569336,65.03044891357422,7960900,0.0,0.0,0.0
2011-06-27,96.8499984741211,96.87000274658203,95.55000305175781,95.6500015258789,64.13858795166016,9331300,0.0,0.0,0.0
2011-06-28,95.4800033569336,95.68000030517578,94.72000122070312,94.87999725341797,63.622215270996094,12634300,0.0,0.0,0.0
2011-06-29,94.94999694824219,95.19999694824219,94.0199966430664,94.25,63.19980239868164,11084900,0.0,0.0,0.0
2011-06-30,94.2300033569336,94.30999755859375,93.13999938964844,94.0999984741211,63.0992431640625,11555600,0.0,0.0,0.0
2011-07-01,94.12999725341797,94.2300033569336,93.36000061035156,93.62999725341797,62.99830627441406,6637200,0.32,0.0,0.0
2011-07-05,94.04000091552734,94.16999816894531,93.69000244140625,93.83999633789062,63.13961410522461,4615600,0.0,0.0,0.0
2011-07-06,94.19000244140625,94.44999694824219,93.83999633789062,94.31999969482422,63.462615966796875,5652700,0.0,0.0,0.0
2011-07-07,93.83000183105469,94.13999938964844,93.55000305175781,94.04000091552734,63.2741584777832,6823700,0.0,0.0,0.0
2011-07-08,94.83999633789062,95.61000061035156,94.83000183105469,95.37000274658203,64.1690673828125,12129300,0.0,0.0,0.0
2011-07-11,96.04000091552734,96.80000305175781,95.75,96.80000305175781,65.13124084472656,9760800,0.0,0.0,0.0
2011-07-12,97.30000305175781,97.30999755859375,96.55999755859375,97.12999725341797,65.353271484375,9083900,0.0,0.0,0.0
2011-07-13,96.70999908447266,97.43000030517578,96.11000061035156,97.4000015258789,65.534912109375,13112200,0.0,0.0,0.0
2011-07-14,96.62000274658203,97.9000015258789,96.01000213623047,96.01000213623047,64.59966278076172,11471500,0.0,0.0,0.0
2011-07-15,95.29000091552734,96.19999694824219,95.23999786376953,96.16999816894531,64.70729064941406,7086200,0.0,0.0,0.0
2011-07-18,96.05999755859375,96.16999816894531,95.19999694824219,95.23999786376953,64.08155822753906,8206500,0.0,0.0,0.0
2011-07-19,95.31999969482422,97.2699966430664,95.16999816894531,97.22000122070312,65.41378784179688,15249400,0.0,0.0,0.0
2011-07-20,96.72000122070312,96.83999633789062,95.87000274658203,96.06999969482422,64.64002227783203,9673300,0.0,0.0,0.0
2011-07-21,95.23999786376953,95.86000061035156,94.9000015258789,95.33000183105469,64.14215850830078,11099200,0.0,0.0,0.0
2011-07-22,95.69000244140625,96.08999633789062,95.52999877929688,96.05000305175781,64.62657165527344,4974500,0.0,0.0,0.0
2011-07-25,94.97000122070312,96.05000305175781,94.83000183105469,95.0,63.920082092285156,10869400,0.0,0.0,0.0
2011-07-26,95.30000305175781,95.87000274658203,95.23999786376953,95.6500015258789,64.35745239257812,7682800,0.0,0.0,0.0
2011-07-27,95.33999633789062,95.83999633789062,95.0999984741211,95.66000366210938,64.3642349243164,11224200,0.0,0.0,0.0
2011-07-28,96.11000061035156,96.30999755859375,95.70999908447266,96.0199966430664,64.60636138916016,7081600,0.0,0.0,0.0
2011-07-29,96.88999938964844,98.52999877929688,96.77999877929688,97.91999816894531,65.88475799560547,19582400,0.0,0.0,0.0
2011-08-01,97.38999938964844,98.94000244140625,97.3499984741211,98.58000183105469,66.54975128173828,14348200,0.325,0.0,0.0
2011-08-02,99.22000122070312,101.56999969482422,98.88999938964844,101.54000091552734,68.54798889160156,20850600,0.0,0.0,0.0
2011-08-03,101.56999969482422,103.41999816894531,101.36000061035156,101.73999786376953,68.6830062866211,21179700,0.0,0.0,0.0
2011-08-04,102.37999725341797,105.55000305175781,102.2699966430664,105.36000061035156,71.12686920166016,34076600,0.0,0.0,0.0
2011-08-05,103.44000244140625,105.5,102.27999877929688,102.31999969482422,69.07459259033203,41677700,0.0,0.0,0.0
2011-08-08,103.18000030517578,105.79000091552734,102.94999694824219,105.55000305175781,71.255126953125,38259500,0.0,0.0,0.0
2011-08-09,105.01000213623047,109.37000274658203,103.0,105.87000274658203,71.47107696533203,39881400,0.0,0.0,0.0
2011-08-10,107.62999725341797,109.06999969482422,106.94000244140625,109.0199966430664,73.59762573242188,46221000,0.0,0.0,0.0
2011-08-11,107.33999633789062,107.80999755859375,103.19999694824219,103.5199966430664,69.8846664428711,37790100,0.0,0.0,0.0
2011-08-12,104.44000244140625,105.66000366210938,104.06999969482422,105.56999969482422,71.26862335205078,15590800,0.0,0.0,0.0
2011-08-15,104.94000244140625,105.4800033569336,104.47000122070312,104.5,70.54623413085938,10051700,0.0,0.0,0.0
2011-08-16,104.66000366210938,106.63999938964844,104.62999725341797,106.2300033569336,71.71417236328125,15993200,0.0,0.0,0.0
2011-08-17,106.31999969482422,108.0999984741211,105.7699966430664,108.08999633789062,72.9698257446289,15906600,0.0,0.0,0.0
2011-08-18,110.08999633789062,112.13999938964844,109.27999877929688,110.30999755859375,74.46849822998047,27274600,0.0,0.0,0.0
2011-08-19,110.6500015258789,111.41000366210938,110.2300033569336,111.19999694824219,75.0693130493164,15708400,0.0,0.0,0.0
2011-08-22,110.45999908447266,111.26000213623047,110.38999938964844,110.91999816894531,74.88029479980469,13157700,0.0,0.0,0.0
2011-08-23,109.76000213623047,111.16999816894531,109.3499984741211,109.38999938964844,73.84739685058594,16017800,0.0,0.0,0.0
2011-08-24,109.29000091552734,109.41000366210938,106.1500015258789,106.27999877929688,71.74786376953125,14621600,0.0,0.0,0.0
2011-08-25,106.69000244140625,107.9000015258789,106.36000061035156,107.43000030517578,72.5242691040039,10565900,0.0,0.0,0.0
2011-08-26,108.69000244140625,109.2699966430664,107.33000183105469,108.48999786376953,73.23983764648438,11504800,0.0,0.0,0.0
2011-08-29,106.69999694824219,107.4000015258789,106.5999984741211,106.98999786376953,72.22724914550781,6764300,0.0,0.0,0.0
2011-08-30,108.43000030517578,109.1500015258789,108.25,108.70999908447266,73.38835144042969,9508700,0.0,0.0,0.0
2011-08-31,108.80999755859375,108.95999908447266,107.02999877929688,107.02999877929688,72.25421905517578,12186000,0.0,0.0,0.0
2011-09-01,107.47000122070312,108.9800033569336,106.08000183105469,108.97000122070312,73.785888671875,10686600,0.322,0.0,0.0
2011-09-02,111.38999938964844,112.58000183105469,110.66000366210938,112.51000213623047,76.182861328125,16557100,0.0,0.0,0.0
2011-09-06,114.41999816894531,114.93000030517578,113.38999938964844,113.68000030517578,76.97510528564453,14016200,0.0,0.0,0.0
2011-09-07,112.27999877929688,112.37000274658203,111.30999755859375,111.51000213623047,75.50575256347656,11524300,0.0,0.0,0.0
2011-09-08,112.30000305175781,112.62999725341797,111.33999633789062,112.51000213623047,76.182861328125,11480900,0.0,0.0,0.0
2011-09-09,112.54000091552734,114.18000030517578,112.20999908447266,113.70999908447266,76.99540710449219,11492700,0.0,0.0,0.0
2011-09-12,113.56999969482422,114.25,113.0999984741211,113.83000183105469,77.07666778564453,7602200,0.0,0.0,0.0
2011-09-13,113.4000015258789,113.58999633789062,112.11000061035156,112.20999908447266,75.9797134399414,9282400,0.0,0.0,0.0
2011-09-14,111.97000122070312,113.3499984741211,111.81999969482422,113.16000366210938,76.62301635742188,11948500,0.0,0.0,0.0
2011-09-15,111.9800033569336,112.48999786376953,111.43000030517578,111.43000030517578,75.45156860351562,8884000,0.0,0.0,0.0
2011-09-16,111.30999755859375,112.58999633789062,111.25,112.23999786376953,76.00004577636719,10053500,0.0,0.0,0.0
2011-09-19,114.19999694824219,115.19000244140625,114.12000274658203,114.37999725341797,77.4490737915039,13033500,0.0,0.0,0.0
2011-09-20,114.37000274658203,114.87000274658203,114.05000305175781,114.86000061035156,77.77413940429688,6360600,0.0,0.0,0.0
2011-09-21,114.62999725341797,118.79000091552734,114.19999694824219,118.66000366210938,80.34716796875,18687100,0.0,0.0,0.0
2011-09-22,121.41000366210938,123.87000274658203,121.2300033569336,123.12000274658203,83.36714935302734,25041400,0.0,0.0,0.0
2011-09-23,123.12000274658203,123.36000061035156,120.83000183105469,120.83000183105469,81.8165054321289,15173800,0.0,0.0,0.0
2011-09-26,120.12000274658203,120.56999969482422,118.58000183105469,118.88999938964844,80.50289916992188,15110100,0.0,0.0,0.0
2011-09-27,116.75,117.30000305175781,116.26000213623047,117.06999969482422,79.27051544189453,13589600,0.0,0.0,0.0
2011-09-28,116.9000015258789,117.11000061035156,115.76000213623047,117.02999877929688,79.24344635009766,12642600,0.0,0.0,0.0
2011-09-29,117.61000061035156,118.81999969482422,117.08999633789062,117.83999633789062,79.79192352294922,12341800,0.0,0.0,0.0
2011-09-30,120.0199966430664,120.91000366210938,118.98999786376953,120.80000305175781,81.79624938964844,13546400,0.0,0.0,0.0
2011-10-03,121.87999725341797,123.80999755859375,121.11000061035156,123.80999755859375,84.04723358154297,15882000,0.306,0.0,0.0
2011-10-04,124.37000274658203,125.02999877929688,122.18000030517578,122.23999786376953,82.98148345947266,17301400,0.0,0.0,0.0
2011-10-05,121.66000366210938,121.77999877929688,120.66000366210938,121.36000061035156,82.38406372070312,14275000,0.0,0.0,0.0
2011-10-06,120.63999938964844,121.01000213623047,119.12000274658203,119.12000274658203,80.86345672607422,9681600,0.0,0.0,0.0
2011-10-07,117.75,119.05000305175781,116.8499984741211,118.23999786376953,80.26610565185547,11564600,0.0,0.0,0.0
2011-10-10,116.81999969482422,116.91000366210938,115.80000305175781,116.56999969482422,79.13245391845703,3567600,0.0,0.0,0.0
2011-10-11,117.29000091552734,117.36000061035156,115.9000015258789,116.18000030517578,78.86764526367188,7520200,0.0,0.0,0.0
2011-10-12,114.69999694824219,115.12000274658203,113.4800033569336,114.48999786376953,77.72038269042969,14033400,0.0,0.0,0.0
2011-10-13,115.02999877929688,116.55000305175781,114.95999908447266,115.62999725341797,78.49433135986328,11263300,0.0,0.0,0.0
2011-10-14,113.87999725341797,114.61000061035156,113.61000061035156,113.94999694824219,77.35382080078125,8411000,0.0,0.0,0.0
2011-10-17,114.30000305175781,115.97000122070312,114.22000122070312,115.91999816894531,78.69121551513672,9664000,0.0,0.0,0.0
2011-10-18,116.13999938964844,116.81999969482422,114.30000305175781,115.19999694824219,78.20240783691406,12495600,0.0,0.0,0.0
2011-10-19,114.54000091552734,115.73999786376953,114.16000366210938,115.16000366210938,78.17523956298828,6629300,0.0,0.0,0.0
2011-10-20,114.45999908447266,115.66999816894531,114.06999969482422,114.33999633789062,77.61862182617188,7832100,0.0,0.0,0.0
2011-10-21,113.86000061035156,114.19999694824219,113.12999725341797,113.12999725341797,76.7972412109375,9906300,0.0,0.0,0.0
2011-10-24,113.93000030517578,114.08000183105469,113.05000305175781,113.31999969482422,76.92618560791016,6344500,0.0,0.0,0.0
2011-10-25,113.37999725341797,116.3499984741211,113.3499984741211,116.19999694824219,78.88124084472656,11791200,0.0,0.0,0.0
2011-10-26,115.38999938964844,116.20999908447266,114.06999969482422,114.16999816894531,77.50322723388672,12747000,0.0,0.0,0.0
2011-10-27,112.5199966430664,112.8499984741211,109.81999969482422,110.30000305175781,74.87608337402344,19471400,0.0,0.0,0.0
2011-10-28,110.9000015258789,111.95999908447266,110.76000213623047,111.45999908447266,75.66352081298828,10127900,0.0,0.0,0.0
2011-10-31,113.61000061035156,115.87999725341797,113.45999908447266,115.87999725341797,78.66400146484375,15242100,0.0,0.0,0.0
2011-11-01,118.70999908447266,119.48999786376953,117.16999816894531,119.44999694824219,81.2972412109375,24400600,0.299,0.0,0.0
2011-11-02,116.62999725341797,118.36000061035156,116.41999816894531,117.95999908447266,80.28314971923828,13181100,0.0,0.0,0.0
2011-11-03,116.33999633789062,117.3499984741211,115.98999786376953,116.33999633789062,79.18061828613281,8386700,0.0,0.0,0.0
2011-11-04,115.72000122070312,117.05000305175781,115.52999877929688,116.4800033569336,79.2758560180664,7583700,0.0,0.0,0.0
2011-11-07,116.63999938964844,118.3499984741211,116.31999969482422,117.22000122070312,79.77952575683594,9279700,0.0,0.0,0.0
2011-11-08,116.75,117.54000091552734,115.5,115.72000122070312,78.75862884521484,7539400,0.0,0.0,0.0
2011-11-09,118.26000213623047,119.12999725341797,117.06999969482422,118.12000274658203,80.3920669555664,13004500,0.0,0.0,0.0
2011-11-10,116.77999877929688,117.61000061035156,115.20999908447266,116.36000061035156,79.19424438476562,11644600,0.0,0.0,0.0
2011-11-11,115.83000183105469,116.16999816894531,115.5,115.6500015258789,78.71099090576172,2483900,0.0,0.0,0.0
2011-11-14,116.38999938964844,117.5999984741211,116.20999908447266,117.51000213623047,79.97688293457031,9252600,0.0,0.0,0.0
2011-11-15,117.69999694824219,118.45999908447266,116.72000122070312,117.3499984741211,79.86801147460938,7587500,0.0,0.0,0.0
2011-11-16,117.95999908447266,118.43000030517578,117.18000030517578,118.41999816894531,80.59626007080078,7470000,0.0,0.0,0.0
2011-11-17,118.04000091552734,120.16000366210938,118.04000091552734,119.37000274658203,81.24276733398438,9907900,0.0,0.0,0.0
2011-11-18,119.18000030517578,119.55000305175781,118.31999969482422,119.33999633789062,81.2223892211914,6792600,0.0,0.0,0.0
2011-11-21,120.37999725341797,120.7300033569336,119.91000366210938,120.05000305175781,81.70564270019531,7345600,0.0,0.0,0.0
2011-11-22,120.3499984741211,121.41000366210938,119.8499984741211,121.38999938964844,82.61766815185547,7866300,0.0,0.0,0.0
2011-11-23,121.16000366210938,123.05000305175781,121.02999877929688,122.58000183105469,83.42756652832031,10129300,0.0,0.0,0.0
2011-11-25,121.80000305175781,121.87000274658203,120.73999786376953,120.80000305175781,82.21607208251953,4311900,0.0,0.0,0.0
2011-11-28,118.62999725341797,121.1500015258789,118.58000183105469,120.73999786376953,82.17522430419922,7661900,0.0,0.0,0.0
2011-11-29,120.02999877929688,120.91999816894531,119.08000183105469,119.75,81.50144958496094,8952800,0.0,0.0,0.0
2011-11-30,118.33999633789062,118.55999755859375,117.26000213623047,117.87999725341797,80.22872161865234,11806800,0.0,0.0,0.0
2011-12-01,116.29000091552734,117.23999786376953,115.80000305175781,117.0,79.8261947631836,9647200,0.29,0.0,0.0
2011-12-02,116.62000274658203,118.68000030517578,116.55999755859375,118.63999938964844,80.94512176513672,7764900,0.0,0.0,0.0
2011-12-05,117.0,118.83000183105469,116.87999725341797,118.4000015258789,80.78137969970703,7862800,0.0,0.0,0.0
2011-12-06,117.80999755859375,118.29000091552734,116.7699966430664,117.2699966430664,80.0103759765625,8506300,0.0,0.0,0.0
2011-12-07,117.33000183105469,118.23999786376953,116.8499984741211,117.69000244140625,80.29695129394531,6588300,0.0,0.0,0.0
2011-12-08,117.72000122070312,119.33000183105469,117.41000366210938,119.16000366210938,81.29987335205078,8800500,0.0,0.0,0.0
2011-12-09,119.06999969482422,119.12999725341797,116.62999725341797,116.70999908447266,79.62835693359375,9855100,0.0,0.0,0.0
2011-12-12,117.91000366210938,118.48999786376953,117.61000061035156,118.01000213623047,80.51529693603516,5734600,0.0,0.0,0.0
2011-12-13,117.27999877929688,119.62999725341797,117.16000366210938,119.11000061035156,81.26577758789062,8901800,0.0,0.0,0.0
2011-12-14,119.79000091552734,121.38999938964844,119.48999786376953,121.36000061035156,82.8008804321289,11247700,0.0,0.0,0.0
2011-12-15,120.66000366210938,121.31999969482422,120.37000274658203,120.91000366210938,82.493896484375,5438700,0.0,0.0,0.0
2011-12-16,121.37999725341797,122.62000274658203,121.29000091552734,122.31999969482422,83.45590209960938,9321900,0.0,0.0,0.0
2011-12-19,122.31999969482422,124.0199966430664,122.26000213623047,123.87000274658203,84.51338958740234,7845100,0.0,0.0,0.0
2011-12-20,122.66000366210938,122.66999816894531,120.61000061035156,120.77999877929688,82.40519714355469,13945400,0.0,0.0,0.0
2011-12-21,120.62999725341797,120.83000183105469,119.06999969482422,119.0999984741211,81.25897216796875,11600100,0.0,0.0,0.0
2011-12-22,120.0,120.41999816894531,119.3499984741211,119.5999984741211,81.60005187988281,5247400,0.0,0.0,0.0
2011-12-23,118.55999755859375,118.70999908447266,117.73999786376953,118.2699966430664,80.69268798828125,5409700,0.0,0.0,0.0
2011-12-27,117.94000244140625,118.44999694824219,117.62000274658203,118.44999694824219,81.07596588134766,4270300,0.38,0.0,0.0
2011-12-28,118.73999786376953,121.05000305175781,118.44999694824219,120.63999938964844,82.57498168945312,8302300,0.0,0.0,0.0
2011-12-29,120.4800033569336,121.08999633789062,120.05999755859375,120.86000061035156,82.72557830810547,4305000,0.0,0.0,0.0
2011-12-30,121.11000061035156,121.76000213623047,120.88999938964844,121.25,82.99249267578125,5948800,0.0,0.0,0.0
2012-01-03,119.41999816894531,120.19999694824219,118.93000030517578,119.43000030517578,81.74674987792969,9076900,0.0,0.0,0.0
2012-01-04,119.26000213623047,119.27999877929688,117.68000030517578,118.01000213623047,80.77484130859375,8417100,0.0,0.0,0.0
2012-01-05,118.16999816894531,119.0999984741211,117.56999969482422,117.80000305175781,80.63102722167969,6465800,0.0,0.0,0.0
2012-01-06,117.75,118.95999908447266,117.70999908447266,118.7300033569336,81.2676010131836,7348500,0.0,0.0,0.0
2012-01-09,118.47000122070312,119.54000091552734,118.30000305175781,118.5199966430664,81.12389373779297,5582400,0.0,0.0,0.0
2012-01-10,117.7300033569336,118.87000274658203,117.68000030517578,118.31999969482422,80.98699188232422,8932500,0.0,0.0,0.0
2012-01-11,119.04000091552734,120.05999755859375,118.9800033569336,119.86000061035156,82.04105377197266,8634500,0.0,0.0,0.0
2012-01-12,119.94999694824219,120.19000244140625,119.23999786376953,119.69000244140625,81.92473602294922,7205400,0.0,0.0,0.0
2012-01-13,121.0999984741211,121.63999938964844,120.80999755859375,120.87999725341797,82.73925018310547,9819000,0.0,0.0,0.0
2012-01-17,120.94999694824219,121.62999725341797,120.83000183105469,121.44000244140625,83.1225357055664,5449900,0.0,0.0,0.0
2012-01-18,121.52999877929688,121.61000061035156,119.91000366210938,119.97000122070312,82.11636352539062,5804000,0.0,0.0,0.0
2012-01-19,119.33000183105469,119.55999755859375,117.91999816894531,118.31999969482422,80.98699188232422,8625700,0.0,0.0,0.0
2012-01-20,117.70999908447266,117.95999908447266,116.97000122070312,116.9800033569336,80.0698013305664,6548200,0.0,0.0,0.0
2012-01-23,116.12999725341797,116.63999938964844,115.55000305175781,116.23999786376953,79.56327056884766,7274800,0.0,0.0,0.0
2012-01-24,116.70999908447266,116.70999908447266,115.77999877929688,116.44999694824219,79.7070541381836,5776500,0.0,0.0,0.0
2012-01-25,116.05999755859375,118.52999877929688,115.88999938964844,116.16999816894531,79.51539611816406,12867600,0.0,0.0,0.0
2012-01-26,116.6500015258789,117.70999908447266,116.58999633789062,117.70999908447266,80.56944274902344,7638500,0.0,0.0,0.0
2012-01-27,117.83000183105469,118.33000183105469,117.01000213623047,118.08000183105469,80.82276153564453,5165300,0.0,0.0,0.0
2012-01-30,119.83999633789062,120.38999938964844,119.33999633789062,119.47000122070312,81.7741470336914,8388400,0.0,0.0,0.0
2012-01-31,119.26000213623047,120.91000366210938,119.19000244140625,120.8499984741211,82.71870422363281,7998300,0.0,0.0,0.0
2012-02-01,119.75,119.9000015258789,118.80999755859375,119.18000030517578,81.77116394042969,7925200,0.289,0.0,0.0
2012-02-02,118.95999908447266,119.4800033569336,118.63999938964844,119.12999725341797,81.73686218261719,5596900,0.0,0.0,0.0
2012-02-03,116.45999908447266,116.80000305175781,115.97000122070312,116.56999969482422,79.98039245605469,12467400,0.0,0.0,0.0
2012-02-06,116.69000244140625,117.80000305175781,116.33999633789062,117.7300033569336,80.77633666992188,6180600,0.0,0.0,0.0
2012-02-07,116.62000274658203,116.87999725341797,115.7699966430664,116.2699966430664,79.77458190917969,8794800,0.0,0.0,0.0
2012-02-08,116.19999694824219,116.79000091552734,115.9800033569336,116.36000061035156,79.83635711669922,7613400,0.0,0.0,0.0
2012-02-09,115.86000061035156,116.04000091552734,114.62000274658203,115.48999786376953,79.23941040039062,11477700,0.0,0.0,0.0
2012-02-10,116.80000305175781,117.33000183105469,116.5199966430664,116.98999786376953,80.26860809326172,7193100,0.0,0.0,0.0
2012-02-13,116.5999984741211,117.37000274658203,116.43000030517578,117.13999938964844,80.37150573730469,6422900,0.0,0.0,0.0
2012-02-14,117.44000244140625,118.27999877929688,117.2300033569336,117.76000213623047,80.79690551757812,8271200,0.0,0.0,0.0
2012-02-15,117.66000366210938,118.2699966430664,117.48999786376953,117.55000305175781,80.65281677246094,6846100,0.0,0.0,0.0
2012-02-16,117.2699966430664,117.5999984741211,116.12999725341797,116.61000061035156,80.00788116455078,9036200,0.0,0.0,0.0
2012-02-17,115.86000061035156,116.61000061035156,115.76000213623047,116.58000183105469,79.98731231689453,6338000,0.0,0.0,0.0
2012-02-21,115.7699966430664,115.91999816894531,114.94999694824219,115.29000091552734,79.1021957397461,8338300,0.0,0.0,0.0
2012-02-22,115.88999938964844,116.76000213623047,115.80999755859375,116.73999786376953,80.0970687866211,7736800,0.0,0.0,0.0
2012-02-23,116.13999938964844,117.22000122070312,115.93000030517578,116.73999786376953,80.0970687866211,5163900,0.0,0.0,0.0
2012-02-24,117.2300033569336,117.58000183105469,116.94999694824219,117.5,80.61849975585938,5676900,0.0,0.0,0.0
2012-02-27,118.5,118.8499984741211,118.12000274658203,118.54000091552734,81.33209991455078,8180700,0.0,0.0,0.0
2012-02-28,118.87000274658203,119.13999938964844,117.94000244140625,118.1500015258789,81.06452178955078,6615700,0.0,0.0,0.0
2012-02-29,118.37000274658203,118.41999816894531,116.95999908447266,117.43000030517578,80.57044219970703,14235000,0.0,0.0,0.0
2012-03-01,116.16999816894531,116.68000030517578,115.54000091552734,116.05999755859375,79.81195831298828,12265600,0.267,0.0,0.0
2012-03-02,116.5999984741211,117.4800033569336,116.55000305175781,117.1500015258789,80.56160736083984,6669600,0.0,0.0,0.0
2012-03-05,116.95999908447266,117.44000244140625,116.22000122070312,116.22000122070312,79.92205810546875,6921900,0.0,0.0,0.0
2012-03-06,117.44999694824219,118.11000061035156,117.44000244140625,117.62999725341797,80.89163208007812,6299700,0.0,0.0,0.0
2012-03-07,117.45999908447266,117.61000061035156,116.80999755859375,116.91000366210938,80.39649200439453,5567500,0.0,0.0,0.0
2012-03-08,116.31999969482422,116.56999969482422,115.63999938964844,115.73999786376953,79.59188079833984,7982100,0.0,0.0,0.0
2012-03-09,115.48999786376953,115.98999786376953,114.9000015258789,115.97000122070312,79.75007629394531,6975600,0.0,0.0,0.0
2012-03-12,116.31999969482422,116.5199966430664,115.87000274658203,115.94999694824219,79.73634338378906,5280000,0.0,0.0,0.0
2012-03-13,115.2699966430664,115.41000366210938,113.88999938964844,113.91000366210938,78.33346557617188,14413600,0.0,0.0,0.0
2012-03-14,112.69999694824219,112.75,110.94999694824219,111.04000091552734,76.35982513427734,24515300,0.0,0.0,0.0
2012-03-15,110.9000015258789,111.73999786376953,110.87999725341797,111.20999908447266,76.47674560546875,14154000,0.0,0.0,0.0
2012-03-16,110.5,111.44000244140625,110.19999694824219,111.43000030517578,76.6280517578125,13427200,0.0,0.0,0.0
2012-03-19,111.36000061035156,111.4800033569336,109.69000244140625,110.0999984741211,75.7134017944336,14011400,0.0,0.0,0.0
2012-03-20,110.43000030517578,110.87000274658203,109.8499984741211,110.54000091552734,76.01595306396484,9443800,0.0,0.0,0.0
2012-03-21,110.86000061035156,111.88999938964844,110.80999755859375,111.79000091552734,76.87556457519531,10242000,0.0,0.0,0.0
2012-03-22,112.29000091552734,112.37000274658203,111.87000274658203,112.1500015258789,77.12315368652344,8009800,0.0,0.0,0.0
2012-03-23,112.69000244140625,113.38999938964844,112.66000366210938,113.20999908447266,77.85208892822266,8465300,0.0,0.0,0.0
2012-03-26,112.83000183105469,113.01000213623047,111.80000305175781,112.62999725341797,77.45320129394531,8118600,0.0,0.0,0.0
2012-03-27,112.77999877929688,113.69999694824219,112.69999694824219,113.44000244140625,78.01026916503906,6972300,0.0,0.0,0.0
2012-03-28,112.91999816894531,113.94000244140625,112.8499984741211,113.27999877929688,77.90025329589844,7886000,0.0,0.0,0.0
2012-03-29,114.0199966430664,114.19000244140625,113.58000183105469,114.12999725341797,78.48473358154297,7692900,0.0,0.0,0.0
2012-03-30,114.20999908447266,114.2699966430664,112.19000244140625,112.19999694824219,77.15753936767578,9467500,0.0,0.0,0.0
2012-04-02,113.0,113.30000305175781,112.19999694824219,112.52999877929688,77.58500671386719,8944000,0.29,0.0,0.0
2012-04-03,113.01000213623047,113.44000244140625,110.56999969482422,110.58000183105469,76.24060821533203,14774300,0.0,0.0,0.0
2012-04-04,111.7699966430664,112.12000274658203,111.41000366210938,112.0999984741211,77.28852844238281,10095600,0.0,0.0,0.0
2012-04-05,113.0,113.06999969482422,112.33000183105469,112.91000366210938,77.84696960449219,6364100,0.0,0.0,0.0
2012-04-09,115.54000091552734,115.7699966430664,115.23999786376953,115.55000305175781,79.66719818115234,14374600,0.0,0.0,0.0
2012-04-10,115.94999694824219,117.29000091552734,115.77999877929688,116.86000061035156,80.57036590576172,14421300,0.0,0.0,0.0
2012-04-11,115.70999908447266,116.05999755859375,115.3499984741211,115.45999908447266,79.60516357421875,8713000,0.0,0.0,0.0
2012-04-12,115.66999816894531,115.75,114.81999969482422,114.9800033569336,79.27421569824219,9008500,0.0,0.0,0.0
2012-04-13,116.1500015258789,116.9000015258789,116.12000274658203,116.83999633789062,80.55658721923828,8607700,0.0,0.0,0.0
2012-04-16,116.69999694824219,117.5999984741211,116.56999969482422,116.66999816894531,80.43936920166016,7735000,0.0,0.0,0.0
2012-04-17,116.52999877929688,116.83000183105469,116.25,116.5999984741211,80.39111328125,5398600,0.0,0.0,0.0
2012-04-18,117.05000305175781,117.12000274658203,116.7300033569336,116.94000244140625,80.62554168701172,4074400,0.0,0.0,0.0
2012-04-19,117.25,117.47000122070312,117.0199966430664,117.05000305175781,80.70137023925781,5374300,0.0,0.0,0.0
2012-04-20,116.55999755859375,117.12999725341797,116.33000183105469,117.06999969482422,80.71516418457031,5043300,0.0,0.0,0.0
2012-04-23,118.11000061035156,118.41000366210938,117.79000091552734,117.91999816894531,81.30120086669922,5170100,0.0,0.0,0.0
2012-04-24,117.61000061035156,117.76000213623047,117.08000183105469,117.08999633789062,80.72900390625,4336600,0.0,0.0,0.0
2012-04-25,116.41000366210938,117.31999969482422,115.69000244140625,116.48999786376953,80.31523895263672,8859500,0.0,0.0,0.0
2012-04-26,117.41999816894531,117.45999908447266,116.58999633789062,117.19000244140625,80.79791259765625,5133000,0.0,0.0,0.0
2012-04-27,117.0199966430664,117.36000061035156,116.79000091552734,117.29000091552734,80.86685943603516,3112900,0.0,0.0,0.0
2012-04-30,117.56999969482422,117.75,117.19000244140625,117.31999969482422,80.88753509521484,4198400,0.0,0.0,0.0
2012-05-01,117.43000030517578,117.62000274658203,116.06999969482422,116.43000030517578,80.46802520751953,7214300,0.283,0.0,0.0
2012-05-02,117.22000122070312,117.31999969482422,116.80000305175781,117.25,81.03473663330078,3565700,0.0,0.0,0.0
2012-05-03,116.63999938964844,117.37000274658203,116.55999755859375,117.22000122070312,81.01395416259766,3522900,0.0,0.0,0.0
2012-05-04,117.4800033569336,118.19000244140625,117.4000015258789,118.13999938964844,81.6498794555664,6367300,0.0,0.0,0.0
2012-05-07,118.31999969482422,118.45999908447266,118.0199966430664,118.16000366210938,81.66365051269531,3228200,0.0,0.0,0.0
2012-05-08,118.69000244140625,119.51000213623047,118.66000366210938,118.79000091552734,82.09903717041016,6051600,0.0,0.0,0.0
2012-05-09,119.44999694824219,119.56999969482422,118.44000244140625,118.87000274658203,82.15436553955078,5828900,0.0,0.0,0.0
2012-05-10,118.0199966430664,118.62000274658203,117.44000244140625,118.5199966430664,81.91244506835938,6300000,0.0,0.0,0.0
2012-05-11,119.48999786376953,119.5999984741211,118.95999908447266,119.5,82.58978271484375,5234300,0.0,0.0,0.0
2012-05-14,120.87000274658203,121.30000305175781,120.5999984741211,121.16999816894531,83.7439956665039,8789400,0.0,0.0,0.0
2012-05-15,121.08999633789062,121.7300033569336,120.81999969482422,121.66000366210938,84.08263397216797,6766400,0.0,0.0,0.0
2012-05-16,120.9800033569336,122.18000030517578,120.72000122070312,122.01000213623047,84.32452392578125,6462300,0.0,0.0,0.0
2012-05-17,122.02999877929688,124.27999877929688,122.0199966430664,124.16999816894531,85.81732940673828,14863400,0.0,0.0,0.0
2012-05-18,123.2699966430664,124.44000244140625,123.11000061035156,124.19999694824219,85.83805847167969,10137700,0.0,0.0,0.0
2012-05-21,123.9000015258789,124.44999694824219,123.62000274658203,123.94000244140625,85.65838623046875,9583500,0.0,0.0,0.0
2012-05-22,122.75,122.87999725341797,122.05999755859375,122.55999755859375,84.70464324951172,12475500,0.0,0.0,0.0
2012-05-23,123.55000305175781,124.5199966430664,123.36000061035156,123.41000366210938,85.29205322265625,11744900,0.0,0.0,0.0
2012-05-24,123.2300033569336,123.79000091552734,122.75,122.94000244140625,84.96726989746094,10256200,0.0,0.0,0.0
2012-05-25,123.43000030517578,123.54000091552734,123.13999938964844,123.4000015258789,85.28520965576172,4723600,0.0,0.0,0.0
2012-05-29,123.38999938964844,123.80999755859375,123.0,123.0199966430664,85.02253723144531,5874100,0.0,0.0,0.0
2012-05-30,125.31999969482422,126.31999969482422,125.30000305175781,126.13999938964844,87.17887115478516,17170800,0.0,0.0,0.0
2012-05-31,127.02999877929688,129.0800018310547,126.66999816894531,127.5999984741211,88.1878890991211,31174500,0.0,0.0,0.0
2012-06-01,128.8699951171875,130.3800048828125,128.52999877929688,130.36000061035156,90.2814712524414,23526000,0.263,0.0,0.0
2012-06-04,129.30999755859375,130.17999267578125,128.94000244140625,129.3300018310547,89.56819915771484,11681200,0.0,0.0,0.0
2012-06-05,128.52999877929688,128.63999938964844,127.58999633789062,127.5999984741211,88.37004089355469,12482800,0.0,0.0,0.0
2012-06-06,127.55999755859375,127.5999984741211,125.05000305175781,125.05000305175781,86.60404205322266,20806700,0.0,0.0,0.0
2012-06-07,124.6500015258789,125.73999786376953,124.38999938964844,125.23999786376953,86.73562622070312,18898200,0.0,0.0,0.0
2012-06-08,126.75,126.94999694824219,124.56999969482422,125.20999908447266,86.71483612060547,11239600,0.0,0.0,0.0
2012-06-11,124.79000091552734,126.20999908447266,124.7699966430664,125.77999877929688,87.10956573486328,10693800,0.0,0.0,0.0
2012-06-12,124.97000122070312,125.62999725341797,124.5,124.62999725341797,86.31312561035156,10921700,0.0,0.0,0.0
2012-06-13,124.8499984741211,126.27999877929688,124.37999725341797,125.86000061035156,87.16497802734375,11100000,0.0,0.0,0.0
2012-06-14,125.94999694824219,126.27999877929688,125.19000244140625,125.69999694824219,87.05419158935547,7688200,0.0,0.0,0.0
2012-06-15,126.58000183105469,126.8499984741211,126.13999938964844,126.4000015258789,87.5389404296875,6421400,0.0,0.0,0.0
2012-06-18,127.1500015258789,127.33999633789062,126.26000213623047,127.08000183105469,88.00992584228516,6698400,0.0,0.0,0.0
2012-06-19,126.27999877929688,126.37000274658203,125.33000183105469,125.41999816894531,86.86029815673828,8227900,0.0,0.0,0.0
2012-06-20,124.56999969482422,126.51000213623047,124.08999633789062,126.04000091552734,87.2896499633789,13720300,0.0,0.0,0.0
2012-06-21,125.94999694824219,127.25,125.88999938964844,126.70999908447266,87.75370025634766,9776600,0.0,0.0,0.0
2012-06-22,125.9000015258789,126.22000122070312,125.01000213623047,125.0199966430664,86.5832748413086,7830400,0.0,0.0,0.0
2012-06-25,126.36000061035156,127.0199966430664,126.2699966430664,126.83999633789062,87.84364318847656,6113800,0.0,0.0,0.0
2012-06-26,126.11000061035156,126.94999694824219,125.94000244140625,126.33999633789062,87.49745178222656,5359700,0.0,0.0,0.0
2012-06-27,126.55999755859375,126.79000091552734,126.02999877929688,126.54000091552734,87.63594055175781,5860700,0.0,0.0,0.0
2012-06-28,127.30000305175781,127.4800033569336,126.79000091552734,126.8499984741211,87.85060119628906,5257800,0.0,0.0,0.0
2012-06-29,125.02999877929688,125.62999725341797,124.62999725341797,125.19999694824219,86.70794677734375,8881900,0.0,0.0,0.0
2012-07-02,125.44999694824219,127.20999908447266,125.37000274658203,126.22000122070312,87.60253143310547,7818500,0.269,0.0,0.0
2012-07-03,125.94999694824219,126.0,125.20999908447266,125.25,86.92929077148438,5773100,0.0,0.0,0.0
2012-07-05,125.3499984741211,126.31999969482422,125.25,125.88999938964844,87.3735122680664,5974700,0.0,0.0,0.0
2012-07-06,126.66999816894531,127.20999908447266,126.61000061035156,127.05999755859375,88.1855697631836,5818300,0.0,0.0,0.0
2012-07-09,127.37999725341797,128.25999450683594,127.11000061035156,128.17999267578125,88.96288299560547,5647000,0.0,0.0,0.0
2012-07-10,127.86000061035156,128.74000549316406,127.72000122070312,128.44000244140625,89.14332580566406,4288000,0.0,0.0,0.0
2012-07-11,128.58999633789062,129.47000122070312,128.25999450683594,128.60000610351562,89.25444030761719,5960900,0.0,0.0,0.0
2012-07-12,129.0500030517578,129.55999755859375,128.89999389648438,129.50999450683594,89.88594055175781,6421000,0.0,0.0,0.0
2012-07-13,129.22999572753906,129.24000549316406,128.60000610351562,129.1699981689453,89.65000915527344,4175300,0.0,0.0,0.0
2012-07-16,130.3000030517578,130.61000061035156,129.61000061035156,129.77000427246094,90.06645202636719,5283500,0.0,0.0,0.0
2012-07-17,129.25999450683594,129.82000732421875,128.63999938964844,128.75,89.35846710205078,5590900,0.0,0.0,0.0
2012-07-18,129.25999450683594,129.33999633789062,128.7899932861328,128.82000732421875,89.40705108642578,4011000,0.0,0.0,0.0
2012-07-19,128.4600067138672,129.10000610351562,128.11000061035156,128.49000549316406,89.17806243896484,5246300,0.0,0.0,0.0
2012-07-20,129.60000610351562,130.3000030517578,129.4199981689453,130.05999755859375,90.2677230834961,6365900,0.0,0.0,0.0
2012-07-23,131.30999755859375,131.44000244140625,130.50999450683594,130.7899932861328,90.7743148803711,6141100,0.0,0.0,0.0
2012-07-24,130.35000610351562,132.0399932861328,130.27999877929688,131.82000732421875,91.48926544189453,6748800,0.0,0.0,0.0
2012-07-25,131.6300048828125,132.2100067138672,131.47999572753906,132.16000366210938,91.7251968383789,5328000,0.0,0.0,0.0
2012-07-26,131.52999877929688,131.77999877929688,130.89999389648438,130.9499969482422,90.8853988647461,6606200,0.0,0.0,0.0
2012-07-27,129.88999938964844,130.00999450683594,126.95999908447266,128.47999572753906,89.17109680175781,14685100,0.0,0.0,0.0
2012-07-30,128.38999938964844,129.47999572753906,128.25,129.44000244140625,89.8373794555664,6025300,0.0,0.0,0.0
2012-07-31,129.80999755859375,129.8800048828125,128.5800018310547,129.6999969482422,90.01782989501953,7448600,0.0,0.0,0.0
2012-08-01,128.52999877929688,129.74000549316406,128.14999389648438,128.77999877929688,89.56786346435547,7972000,0.273,0.0,0.0
2012-08-02,129.58999633789062,130.69000244140625,129.1300048828125,129.50999450683594,90.07554626464844,7972000,0.0,0.0,0.0
2012-08-03,127.83999633789062,128.02999877929688,126.7699966430664,127.41999816894531,88.62194061279297,9084800,0.0,0.0,0.0
2012-08-06,127.66999816894531,128.13999938964844,127.37000274658203,127.47000122070312,88.65673828125,3673600,0.0,0.0,0.0
2012-08-07,125.95999908447266,126.12999725341797,125.43000030517578,125.83000183105469,87.51608276367188,6613600,0.0,0.0,0.0
2012-08-08,126.16000366210938,126.38999938964844,125.04000091552734,125.16000366210938,87.05010986328125,7250700,0.0,0.0,0.0
2012-08-09,124.7699966430664,125.30000305175781,123.75,125.06999969482422,86.98745727539062,7553500,0.0,0.0,0.0
2012-08-10,126.19999694824219,126.31999969482422,125.5999984741211,125.69999694824219,87.42565155029297,4670500,0.0,0.0,0.0
2012-08-13,126.11000061035156,126.37999725341797,125.48999786376953,125.48999786376953,87.27961730957031,3543700,0.0,0.0,0.0
2012-08-14,123.95999908447266,124.41000366210938,123.75,123.79000091552734,86.09727478027344,7994000,0.0,0.0,0.0
2012-08-15,123.0199966430664,123.19999694824219,121.9000015258789,122.05000305175781,84.88709259033203,11191000,0.0,0.0,0.0
2012-08-16,122.20999908447266,122.5,120.5199966430664,121.01000213623047,84.16368103027344,13240000,0.0,0.0,0.0
2012-08-17,121.4000015258789,122.12000274658203,121.31999969482422,121.5999984741211,84.57406616210938,6341100,0.0,0.0,0.0
2012-08-20,121.55000305175781,122.19000244140625,121.5,121.8499984741211,84.74797821044922,4427100,0.0,0.0,0.0
2012-08-21,121.47000122070312,122.44999694824219,120.66000366210938,122.38999938964844,85.1235580444336,9532700,0.0,0.0,0.0
2012-08-22,123.5199966430664,124.51000213623047,123.20999908447266,124.41000366210938,86.52841186523438,11384400,0.0,0.0,0.0
2012-08-23,124.73999786376953,125.13999938964844,124.6500015258789,124.93000030517578,86.8901596069336,7139100,0.0,0.0,0.0
2012-08-24,125.47000122070312,125.55999755859375,124.66999816894531,124.80999755859375,86.80664825439453,5001400,0.0,0.0,0.0
2012-08-27,125.33999633789062,125.80000305175781,125.2699966430664,125.54000091552734,87.31436157226562,3906100,0.0,0.0,0.0
2012-08-28,125.75,126.36000061035156,125.58999633789062,125.83999633789062,87.52304077148438,3412600,0.0,0.0,0.0
2012-08-29,125.61000061035156,125.62999725341797,124.94999694824219,125.29000091552734,87.1405029296875,3762700,0.0,0.0,0.0
2012-08-30,126.2699966430664,126.44000244140625,125.7300033569336,125.94000244140625,87.59258270263672,3886400,0.0,0.0,0.0
2012-08-31,125.77999877929688,127.72000122070312,125.7300033569336,127.72000122070312,88.83056640625,9192600,0.0,0.0,0.0
2012-09-04,126.91999816894531,127.62999725341797,126.76000213623047,127.31999969482422,88.74137878417969,6009300,0.272,0.0,0.0
2012-09-05,126.81999969482422,127.19000244140625,126.55000305175781,126.72000122070312,88.32313537597656,3466700,0.0,0.0,0.0
2012-09-06,125.52999877929688,125.52999877929688,124.55000305175781,124.61000061035156,86.85250091552734,6505100,0.0,0.0,0.0
2012-09-07,126.13999938964844,126.18000030517578,123.91999816894531,124.02999877929688,86.44823455810547,7335300,0.0,0.0,0.0
2012-09-10,123.69000244140625,124.33000183105469,123.51000213623047,124.33000183105469,86.6573715209961,4912100,0.0,0.0,0.0
2012-09-11,124.0199966430664,124.0999984741211,123.29000091552734,123.55000305175781,86.11373901367188,3523300,0.0,0.0,0.0
2012-09-12,122.22000122070312,122.41000366210938,121.68000030517578,122.01000213623047,85.04037475585938,7040900,0.0,0.0,0.0
2012-09-13,122.38999938964844,123.08999633789062,120.2699966430664,121.52999877929688,84.7057876586914,12280200,0.0,0.0,0.0
2012-09-14,119.76000213623047,119.8499984741211,118.05000305175781,118.30000305175781,82.45449829101562,16871600,0.0,0.0,0.0
2012-09-17,118.87000274658203,119.9000015258789,118.80000305175781,119.72000122070312,83.4442367553711,5573300,0.0,0.0,0.0
2012-09-18,120.70999908447266,120.9000015258789,119.95999908447266,120.31999969482422,83.86243438720703,5366200,0.0,0.0,0.0
2012-09-19,121.33999633789062,121.37999725341797,120.61000061035156,121.11000061035156,84.41301727294922,5903300,0.0,0.0,0.0
2012-09-20,122.13999938964844,122.31999969482422,120.9800033569336,121.41000366210938,84.62213134765625,4604200,0.0,0.0,0.0
2012-09-21,120.75,121.63999938964844,120.66999816894531,121.55000305175781,84.7197036743164,4144300,0.0,0.0,0.0
2012-09-24,122.25,122.69999694824219,122.18000030517578,122.5,85.38184356689453,3627400,0.0,0.0,0.0
2012-09-25,122.80000305175781,123.73999786376953,122.12999725341797,123.70999908447266,86.22522735595703,5893500,0.0,0.0,0.0
2012-09-26,124.55999755859375,125.08999633789062,124.44999694824219,125.04000091552734,87.1521987915039,7193400,0.0,0.0,0.0
2012-09-27,124.55000305175781,124.80000305175781,123.7699966430664,124.1500015258789,86.53191375732422,5147700,0.0,0.0,0.0
2012-09-28,124.75,125.23999786376953,123.80999755859375,124.22000122070312,86.58070373535156,7173400,0.0,0.0,0.0
2012-10-01,123.97000122070312,124.47000122070312,123.37999725341797,124.41999816894531,86.90193939208984,4842600,0.26,0.0,0.0
2012-10-02,123.91000366210938,124.5199966430664,123.80999755859375,124.25,86.78319549560547,3540100,0.0,0.0,0.0
2012-10-03,123.86000061035156,124.30000305175781,123.62000274658203,124.29000091552734,86.81114959716797,3800900,0.0,0.0,0.0
2012-10-04,123.45999908447266,123.80000305175781,122.56999969482422,122.73999786376953,85.72857666015625,6214800,0.0,0.0,0.0
2012-10-05,121.56999969482422,121.68000030517578,120.91999816894531,121.1500015258789,84.6180419921875,8340700,0.0,0.0,0.0
2012-10-08,121.9800033569336,122.2699966430664,121.69000244140625,122.16999816894531,85.3304443359375,1568400,0.0,0.0,0.0
2012-10-09,121.47000122070312,122.18000030517578,121.37999725341797,121.94999694824219,85.17680358886719,4752700,0.0,0.0,0.0
2012-10-10,121.45999908447266,122.95999908447266,121.26000213623047,122.80999755859375,85.77751159667969,5429800,0.0,0.0,0.0
2012-10-11,121.95999908447266,123.66000366210938,121.88999938964844,123.66000366210938,86.3711929321289,5194100,0.0,0.0,0.0
2012-10-12,124.06999969482422,124.77999877929688,123.77999877929688,123.97000122070312,86.58769226074219,4934900,0.0,0.0,0.0
2012-10-15,123.77999877929688,124.13999938964844,123.43000030517578,123.69000244140625,86.39212036132812,3036100,0.0,0.0,0.0
2012-10-16,122.9000015258789,122.94000244140625,121.94000244140625,121.9800033569336,85.19773864746094,5398700,0.0,0.0,0.0
2012-10-17,121.16999816894531,121.26000213623047,120.56999969482422,120.8499984741211,84.40846252441406,6932500,0.0,0.0,0.0
2012-10-18,121.12000274658203,121.52999877929688,119.87000274658203,120.11000061035156,83.8916015625,8558600,0.0,0.0,0.0
2012-10-19,120.33999633789062,121.80999755859375,120.27999877929688,121.73999786376953,85.03011322021484,7616700,0.0,0.0,0.0
2012-10-22,121.43000030517578,121.83999633789062,120.94000244140625,120.95999908447266,84.48530578613281,6910600,0.0,0.0,0.0
2012-10-23,122.0999984741211,122.7300033569336,122.0199966430664,122.69000244140625,85.69363403320312,5760600,0.0,0.0,0.0
2012-10-24,121.86000061035156,122.29000091552734,121.4800033569336,121.4800033569336,84.8485107421875,6824500,0.0,0.0,0.0
2012-10-25,120.55999755859375,121.54000091552734,120.33000183105469,120.86000061035156,84.41548919677734,5292500,0.0,0.0,0.0
2012-10-26,121.44000244140625,122.6500015258789,121.2699966430664,122.63999938964844,85.65873718261719,5889400,0.0,0.0,0.0
2012-10-31,122.68000030517578,123.69999694824219,122.62999725341797,123.36000061035156,86.16162872314453,5025600,0.0,0.0,0.0
2012-11-01,122.7699966430664,122.87999725341797,122.08000183105469,122.3499984741211,85.45613098144531,3659700,0.0,0.0,0.0
2012-11-02,121.27999877929688,122.30999755859375,121.23999786376953,122.26000213623047,85.3933334350586,3527800,0.0,0.0,0.0
2012-11-05,122.81999969482422,123.25,122.79000091552734,122.94999694824219,85.87525177001953,2935700,0.0,0.0,0.0
2012-11-06,122.55000305175781,122.86000061035156,121.77999877929688,121.79000091552734,85.06507110595703,4484600,0.0,0.0,0.0
2012-11-07,123.94999694824219,124.52999877929688,123.76000213623047,124.0,86.608642578125,10071000,0.0,0.0,0.0
2012-11-08,123.79000091552734,125.86000061035156,123.43000030517578,125.83999633789062,87.89376831054688,8579500,0.0,0.0,0.0
2012-11-09,125.62999725341797,125.9800033569336,125.18000030517578,125.9800033569336,87.9915771484375,5036900,0.0,0.0,0.0
2012-11-12,125.83999633789062,126.37999725341797,125.79000091552734,126.19000244140625,88.13827514648438,2072200,0.0,0.0,0.0
2012-11-13,126.80000305175781,126.81999969482422,125.98999786376953,126.61000061035156,88.4316177368164,2863800,0.0,0.0,0.0
2012-11-14,125.72000122070312,126.79000091552734,125.5999984741211,126.7300033569336,88.51541137695312,4694600,0.0,0.0,0.0
2012-11-15,126.0999984741211,127.0199966430664,126.0,126.4800033569336,88.3408432006836,5549600,0.0,0.0,0.0
2012-11-16,126.36000061035156,127.19000244140625,126.27999877929688,126.37000274658203,88.26398468017578,4591100,0.0,0.0,0.0
2012-11-19,125.45999908447266,125.80999755859375,125.30000305175781,125.66000366210938,87.76806640625,3621600,0.0,0.0,0.0
2012-11-20,125.4800033569336,125.66999816894531,124.37999725341797,124.4000015258789,86.88800811767578,4659300,0.0,0.0,0.0
2012-11-21,124.19000244140625,124.41999816894531,124.0199966430664,124.33000183105469,86.8391342163086,2422800,0.0,0.0,0.0
2012-11-23,124.30000305175781,124.44999694824219,124.11000061035156,124.20999908447266,86.75533294677734,987200,0.0,0.0,0.0
2012-11-26,125.16000366210938,125.5199966430664,124.75,124.80000305175781,87.16737365722656,2799000,0.0,0.0,0.0
2012-11-27,124.94000244140625,125.38999938964844,124.69999694824219,125.29000091552734,87.50959777832031,2544400,0.0,0.0,0.0
2012-11-28,125.97000122070312,126.19999694824219,125.08999633789062,125.11000061035156,87.38390350341797,3569700,0.0,0.0,0.0
2012-11-29,124.86000061035156,125.44000244140625,124.66000366210938,125.12999725341797,87.39788818359375,2761000,0.0,0.0,0.0
2012-11-30,125.4800033569336,125.54000091552734,124.70999908447266,124.79000091552734,87.16043853759766,3702300,0.0,0.0,0.0
2012-12-03,123.72000122070312,124.79000091552734,123.62000274658203,124.66000366210938,87.24093627929688,5427800,0.245,0.0,0.0
2012-12-04,125.0199966430664,125.41000366210938,124.83999633789062,125.37999725341797,87.74481201171875,2586300,0.0,0.0,0.0
2012-12-05,125.4000015258789,125.80999755859375,125.16999816894531,125.31999969482422,87.7027816772461,1978200,0.0,0.0,0.0
2012-12-06,125.86000061035156,126.08000183105469,125.51000213623047,125.58999633789062,87.89173126220703,2301200,0.0,0.0,0.0
2012-12-07,124.5,124.95999908447266,124.33999633789062,124.43000030517578,87.07998657226562,4020900,0.0,0.0,0.0
2012-12-10,124.95999908447266,125.08000183105469,124.54000091552734,124.9800033569336,87.4648666381836,2134300,0.0,0.0,0.0
2012-12-11,124.26000213623047,124.30999755859375,123.83000183105469,124.02999877929688,86.80001068115234,3777900,0.0,0.0,0.0
2012-12-12,123.83000183105469,124.33999633789062,122.56999969482422,122.58999633789062,85.79222106933594,7119700,0.0,0.0,0.0
2012-12-13,122.29000091552734,123.18000030517578,122.12999725341797,122.68000030517578,85.85526275634766,6381500,0.0,0.0,0.0
2012-12-14,123.19000244140625,123.70999908447266,123.08000183105469,123.5999984741211,86.49906921386719,3832800,0.0,0.0,0.0
2012-12-17,123.5,123.5199966430664,121.70999908447266,121.75,85.20442199707031,6870000,0.0,0.0,0.0
2012-12-18,121.4000015258789,121.77999877929688,119.9000015258789,120.51000213623047,84.33663940429688,12024200,0.0,0.0,0.0
2012-12-19,120.97000122070312,121.6500015258789,120.72000122070312,120.91000366210938,84.61651611328125,4880500,0.0,0.0,0.0
2012-12-20,121.29000091552734,121.63999938964844,120.62000274658203,120.93000030517578,84.63056182861328,4567900,0.0,0.0,0.0
2012-12-21,122.30999755859375,122.43000030517578,121.94999694824219,122.25,85.5543212890625,6087700,0.0,0.0,0.0
2012-12-24,122.0,122.08000183105469,121.87000274658203,122.02999877929688,85.40034484863281,1071100,0.0,0.0,0.0
2012-12-26,121.94999694824219,122.20999908447266,121.80999755859375,122.19999694824219,85.70756530761719,2247800,0.268,0.0,0.0
2012-12-27,121.87999725341797,123.29000091552734,121.83000183105469,122.61000061035156,85.9950942993164,4262700,0.0,0.0,0.0
2012-12-28,123.13999938964844,123.33999633789062,122.77999877929688,123.30999755859375,86.48607635498047,3928200,0.0,0.0,0.0
2012-12-31,122.87000274658203,122.97000122070312,120.91000366210938,121.18000030517578,84.99219512939453,6423000,0.0,0.0,0.0
2013-01-02,119.76000213623047,119.9000015258789,119.41000366210938,119.55999755859375,83.85591888427734,7472700,0.0,0.0,0.0
2013-01-03,119.37999725341797,119.48999786376953,117.9000015258789,117.94000244140625,82.71968841552734,10004300,0.0,0.0,0.0
2013-01-04,117.66000366210938,118.44000244140625,117.36000061035156,118.4000015258789,83.04237365722656,9574600,0.0,0.0,0.0
2013-01-07,118.37000274658203,118.7300033569336,118.0,118.44999694824219,83.07738494873047,4193100,0.0,0.0,0.0
2013-01-08,119.04000091552734,119.29000091552734,118.81999969482422,119.2300033569336,83.62445068359375,4380900,0.0,0.0,0.0
2013-01-09,119.25,119.54000091552734,118.87000274658203,119.12000274658203,83.54734802246094,3870300,0.0,0.0,0.0
2013-01-10,118.62999725341797,119.30000305175781,118.36000061035156,118.79000091552734,83.31583404541016,5602800,0.0,0.0,0.0
2013-01-11,118.5199966430664,119.86000061035156,118.3499984741211,119.8499984741211,84.0593032836914,4770700,0.0,0.0,0.0
2013-01-14,120.04000091552734,120.27999877929688,119.37000274658203,119.5199966430664,83.82785034179688,3064600,0.0,0.0,0.0
2013-01-15,120.61000061035156,120.69999694824219,119.97000122070312,120.06999969482422,84.2136001586914,5357800,0.0,0.0,0.0
2013-01-16,120.62999725341797,120.68000030517578,120.01000213623047,120.31999969482422,84.38899230957031,4286100,0.0,0.0,0.0
2013-01-17,119.33000183105469,119.55000305175781,118.75,119.12000274658203,83.54734802246094,7019200,0.0,0.0,0.0
2013-01-18,119.56999969482422,120.20999908447266,119.45999908447266,120.04000091552734,84.19259643554688,4660000,0.0,0.0,0.0
2013-01-22,119.55000305175781,120.30000305175781,119.37999725341797,120.2699966430664,84.35391998291016,3874100,0.0,0.0,0.0
2013-01-23,120.33999633789062,120.58000183105469,119.94999694824219,120.08999633789062,84.22765350341797,2848800,0.0,0.0,0.0
2013-01-24,119.87000274658203,119.97000122070312,119.26000213623047,119.66999816894531,83.93305206298828,4178900,0.0,0.0,0.0
2013-01-25,118.41999816894531,118.5999984741211,117.7699966430664,118.02999877929688,82.78278350830078,8750700,0.0,0.0,0.0
2013-01-28,117.0199966430664,117.72000122070312,117.0,117.5999984741211,82.48124694824219,6059900,0.0,0.0,0.0
2013-01-29,117.62000274658203,118.08000183105469,116.87000274658203,116.94999694824219,82.02540588378906,5553900,0.0,0.0,0.0
2013-01-30,116.66999816894531,116.95999908447266,116.16000366210938,116.75,81.88504028320312,9586800,0.0,0.0,0.0
2013-01-31,117.02999877929688,117.33999633789062,116.55000305175781,117.31999969482422,82.28485870361328,6789200,0.0,0.0,0.0
2013-02-01,117.7300033569336,117.8499984741211,115.51000213623047,115.54000091552734,81.21639251708984,10928600,0.26,0.0,0.0
2013-02-04,116.58999633789062,117.27999877929688,116.41999816894531,117.0199966430664,82.25669860839844,9291900,0.0,0.0,0.0
2013-02-05,116.2699966430664,116.43000030517578,115.86000061035156,115.9800033569336,81.52570343017578,6676500,0.0,0.0,0.0
2013-02-06,116.5199966430664,116.97000122070312,116.05000305175781,116.93000030517578,82.19348907470703,5892000,0.0,0.0,0.0
2013-02-07,116.7699966430664,117.58999633789062,116.62000274658203,116.66999816894531,82.01071166992188,5951700,0.0,0.0,0.0
2013-02-08,116.80000305175781,117.16000366210938,116.2300033569336,117.12000274658203,82.32699584960938,5603400,0.0,0.0,0.0
2013-02-11,117.05000305175781,117.37999725341797,116.91999816894531,117.02999877929688,82.26380920410156,3679900,0.0,0.0,0.0
2013-02-12,116.69000244140625,117.0199966430664,116.45999908447266,116.73999786376953,82.05992126464844,4513700,0.0,0.0,0.0
2013-02-13,115.80000305175781,116.2699966430664,115.55000305175781,115.79000091552734,81.39213562011719,6586400,0.0,0.0,0.0
2013-02-14,116.29000091552734,117.04000091552734,115.98999786376953,116.83999633789062,82.13023376464844,7096000,0.0,0.0,0.0
2013-02-15,116.66000366210938,116.73999786376953,116.06999969482422,116.5,81.89122772216797,5861800,0.0,0.0,0.0
2013-02-19,116.86000061035156,116.9000015258789,115.83999633789062,115.91999816894531,81.4834976196289,7383600,0.0,0.0,0.0
2013-02-20,115.69000244140625,116.37000274658203,115.56999969482422,116.2699966430664,81.7295150756836,9603900,0.0,0.0,0.0
2013-02-21,116.9000015258789,117.30999755859375,116.73999786376953,116.94999694824219,82.20760345458984,8297400,0.0,0.0,0.0
2013-02-22,116.9800033569336,117.33999633789062,116.87999725341797,117.02999877929688,82.26380920410156,5316900,0.0,0.0,0.0
2013-02-25,116.3499984741211,119.3499984741211,116.29000091552734,119.33000183105469,83.88044738769531,15948700,0.0,0.0,0.0
2013-02-26,118.7300033569336,119.66999816894531,118.58999633789062,118.63999938964844,83.3955078125,9822100,0.0,0.0,0.0
2013-02-27,119.48999786376953,119.54000091552734,118.0,118.29000091552734,83.14948272705078,7459600,0.0,0.0,0.0
2013-02-28,118.43000030517578,118.66000366210938,117.9800033569336,118.51000213623047,83.30408477783203,6023400,0.0,0.0,0.0
2013-03-01,118.83999633789062,119.20999908447266,118.54000091552734,118.9000015258789,83.75775909423828,7786800,0.254,0.0,0.0
2013-03-04,118.79000091552734,118.97000122070312,118.26000213623047,118.2699966430664,83.31396484375,4511400,0.0,0.0,0.0
2013-03-05,118.06999969482422,118.19999694824219,117.68000030517578,117.93000030517578,83.0744857788086,6539300,0.0,0.0,0.0
2013-03-06,117.11000061035156,117.5,116.8499984741211,116.86000061035156,82.32068634033203,6514900,0.0,0.0,0.0
2013-03-07,116.41000366210938,116.51000213623047,115.91000366210938,115.95999908447266,81.68669128417969,8526700,0.0,0.0,0.0
2013-03-08,114.87000274658203,115.36000061035156,114.62000274658203,114.75,80.8343505859375,15423600,0.0,0.0,0.0
2013-03-11,115.12000274658203,115.2300033569336,114.73999786376953,114.86000061035156,80.91181945800781,5815800,0.0,0.0,0.0
2013-03-12,115.25,115.79000091552734,115.2300033569336,115.69000244140625,81.49651336669922,9264200,0.0,0.0,0.0
2013-03-13,115.23999786376953,115.73999786376953,115.02999877929688,115.56999969482422,81.41197967529297,7371500,0.0,0.0,0.0
2013-03-14,115.08999633789062,115.63999938964844,114.9800033569336,115.22000122070312,81.16539764404297,9352100,0.0,0.0,0.0
2013-03-15,115.33000183105469,115.87999725341797,115.30000305175781,115.76000213623047,81.54581451416016,9673400,0.0,0.0,0.0
2013-03-18,116.83000183105469,116.87999725341797,116.1500015258789,116.63999938964844,82.16574096679688,9152200,0.0,0.0,0.0
2013-03-19,116.77999877929688,117.88999938964844,116.69999694824219,117.43000030517578,82.72223663330078,11986200,0.0,0.0,0.0
2013-03-20,116.70999908447266,116.98999786376953,116.08000183105469,116.12000274658203,81.79937744140625,8543900,0.0,0.0,0.0
2013-03-21,116.86000061035156,117.25,116.52999877929688,117.23999786376953,82.5883560180664,6119400,0.0,0.0,0.0
2013-03-22,117.30000305175781,117.5,116.7699966430664,117.33000183105469,82.65180969238281,6323800,0.0,0.0,0.0
2013-03-25,116.7699966430664,117.77999877929688,116.66999816894531,117.22000122070312,82.57427978515625,5839800,0.0,0.0,0.0
2013-03-26,116.87000274658203,117.91000366210938,116.77999877929688,117.36000061035156,82.67292022705078,5093200,0.0,0.0,0.0
2013-03-27,118.30000305175781,118.7699966430664,118.18000030517578,118.36000061035156,83.37737274169922,7742900,0.0,0.0,0.0
2013-03-28,118.12000274658203,118.44999694824219,117.68000030517578,117.76000213623047,82.9547348022461,5826400,0.0,0.0,0.0
2013-04-01,117.5199966430664,118.41999816894531,117.48999786376953,118.38999938964844,83.57948303222656,6113800,0.255,0.0,0.0
2013-04-02,118.06999969482422,118.13999938964844,117.75,117.91000366210938,83.24061584472656,5438000,0.0,0.0,0.0
2013-04-03,118.30999755859375,119.29000091552734,118.25,118.97000122070312,83.98898315429688,9527400,0.0,0.0,0.0
2013-04-04,119.58999633789062,120.41000366210938,119.47000122070312,120.38999938964844,84.99140167236328,9365700,0.0,0.0,0.0
2013-04-05,122.87999725341797,123.43000030517578,122.62999725341797,122.81999969482422,86.70692443847656,18626200,0.0,0.0,0.0
2013-04-08,122.66999816894531,122.87000274658203,121.77999877929688,121.87999725341797,86.04328155517578,8020300,0.0,0.0,0.0
2013-04-09,122.02999877929688,122.23999786376953,121.37999725341797,121.58000183105469,85.83155822753906,7176100,0.0,0.0,0.0
2013-04-10,120.58999633789062,120.66000366210938,119.9000015258789,119.91000366210938,84.65259552001953,10765200,0.0,0.0,0.0
2013-04-11,120.16999816894531,120.48999786376953,119.88999938964844,120.13999938964844,84.81490325927734,7501800,0.0,0.0,0.0
2013-04-12,121.33000183105469,121.94000244140625,120.9000015258789,121.93000030517578,86.07856750488281,9253000,0.0,0.0,0.0
2013-04-15,122.12999725341797,123.02999877929688,121.87000274658203,122.98999786376953,86.826904296875,12948400,0.0,0.0,0.0
2013-04-16,121.91999816894531,122.5199966430664,121.87999725341797,121.9800033569336,86.11390686035156,6553500,0.0,0.0,0.0
2013-04-17,122.30000305175781,123.52999877929688,122.30000305175781,122.79000091552734,86.68570709228516,9020900,0.0,0.0,0.0
2013-04-18,122.80999755859375,123.22000122070312,122.5999984741211,123.08999633789062,86.89754486083984,7009500,0.0,0.0,0.0
2013-04-19,122.94000244140625,122.9800033569336,122.62999725341797,122.83000183105469,86.71394348144531,5474300,0.0,0.0,0.0
2013-04-22,122.83999633789062,123.29000091552734,122.66999816894531,122.91999816894531,86.77751922607422,4519400,0.0,0.0,0.0
2013-04-23,123.26000213623047,123.79000091552734,122.37999725341797,122.48999786376953,86.47392272949219,8042900,0.0,0.0,0.0
2013-04-24,122.47000122070312,122.81999969482422,122.30000305175781,122.80000305175781,86.69282531738281,3673600,0.0,0.0,0.0
2013-04-25,122.25,122.37000274658203,122.0999984741211,122.2699966430664,86.31863403320312,4297800,0.0,0.0,0.0
2013-04-26,123.19999694824219,123.51000213623047,123.01000213623047,123.38999938964844,87.10932922363281,4898800,0.0,0.0,0.0
2013-04-29,123.58000183105469,123.7300033569336,122.76000213623047,122.94000244140625,86.79159545898438,4916000,0.0,0.0,0.0
2013-04-30,123.26000213623047,123.69000244140625,122.66999816894531,123.01000213623047,86.8410415649414,4477400,0.0,0.0,0.0
2013-05-01,123.45999908447266,124.26000213623047,123.43000030517578,124.01000213623047,87.733154296875,10724600,0.261,0.0,0.0
2013-05-02,123.58999633789062,123.97000122070312,123.51000213623047,123.8499984741211,87.6200180053711,4171800,0.0,0.0,0.0
2013-05-03,122.16000366210938,122.19000244140625,120.83000183105469,120.93000030517578,85.55415344238281,11283600,0.0,0.0,0.0
2013-05-06,121.1500015258789,121.25,120.31999969482422,120.62999725341797,85.34190368652344,5121900,0.0,0.0,0.0
2013-05-07,120.19000244140625,120.5,120.05000305175781,120.16000366210938,85.00938415527344,5049200,0.0,0.0,0.0
2013-05-08,120.2699966430664,120.83000183105469,120.16999816894531,120.3499984741211,85.14380645751953,5732900,0.0,0.0,0.0
2013-05-09,120.51000213623047,121.31999969482422,119.9800033569336,120.04000091552734,84.92449188232422,7527000,0.0,0.0,0.0
2013-05-10,119.76000213623047,119.79000091552734,117.8499984741211,118.75,84.01190185546875,11689000,0.0,0.0,0.0
2013-05-13,117.87999725341797,118.19000244140625,117.62999725341797,117.83999633789062,83.36808776855469,8050800,0.0,0.0,0.0
2013-05-14,118.3499984741211,118.44000244140625,116.54000091552734,116.55999755859375,82.46249389648438,9236100,0.0,0.0,0.0
2013-05-15,117.52999877929688,117.72000122070312,116.41999816894531,117.33999633789062,83.01433563232422,14608600,0.0,0.0,0.0
2013-05-16,117.97000122070312,118.94000244140625,117.93000030517578,118.55999755859375,83.87747192382812,8458400,0.0,0.0,0.0
2013-05-17,117.94999694824219,118.1500015258789,116.9800033569336,117.05999755859375,82.8162612915039,7435500,0.0,0.0,0.0
2013-05-20,117.62999725341797,117.66999816894531,116.79000091552734,116.91999816894531,82.71720886230469,5839800,0.0,0.0,0.0
2013-05-21,116.93000030517578,117.87000274658203,116.41999816894531,117.83999633789062,83.36808776855469,7781800,0.0,0.0,0.0
2013-05-22,118.0199966430664,118.55000305175781,115.80000305175781,116.08999633789062,82.13005065917969,18361500,0.0,0.0,0.0
2013-05-23,117.1500015258789,117.23999786376953,115.7699966430664,116.63999938964844,82.51914978027344,9207100,0.0,0.0,0.0
2013-05-24,116.9800033569336,117.41999816894531,116.70999908447266,116.80000305175781,82.63236999511719,5357600,0.0,0.0,0.0
2013-05-28,116.08999633789062,116.2699966430664,113.81999969482422,113.83999633789062,80.53822326660156,13567500,0.0,0.0,0.0
2013-05-29,114.62000274658203,115.18000030517578,114.45999908447266,115.12000274658203,81.44371795654297,11298600,0.0,0.0,0.0
2013-05-30,115.25,115.37000274658203,114.52999877929688,114.83999633789062,81.24565887451172,10011800,0.0,0.0,0.0
2013-05-31,114.97000122070312,115.0199966430664,113.16999816894531,114.44999694824219,80.96976470947266,18158800,0.0,0.0,0.0
2013-06-03,113.77999877929688,115.48999786376953,113.69999694824219,114.77999877929688,81.3988037109375,15564500,0.275,0.0,0.0
2013-06-04,113.95999908447266,114.48999786376953,113.66000366210938,113.72000122070312,80.64703369140625,7504300,0.0,0.0,0.0
2013-06-05,114.29000091552734,115.31999969482422,114.12999725341797,115.29000091552734,81.76048278808594,8056100,0.0,0.0,0.0
2013-06-06,114.87999725341797,116.79000091552734,114.41000366210938,115.22000122070312,81.71086883544922,8925200,0.0,0.0,0.0
2013-06-07,114.22000122070312,114.83000183105469,113.16000366210938,113.16000366210938,80.24996948242188,10459300,0.0,0.0,0.0
2013-06-10,112.69999694824219,113.12000274658203,112.37999725341797,112.62000274658203,79.8670425415039,7892600,0.0,0.0,0.0
2013-06-11,112.2699966430664,113.95999908447266,112.12000274658203,113.95999908447266,80.8172836303711,12841200,0.0,0.0,0.0
2013-06-12,113.0,113.83000183105469,112.2699966430664,112.33000183105469,79.66136169433594,10193200,0.0,0.0,0.0
2013-06-13,113.06999969482422,114.16999816894531,112.88999938964844,114.08999633789062,80.90949249267578,12506300,0.0,0.0,0.0
2013-06-14,114.0999984741211,114.66000366210938,113.81999969482422,113.81999969482422,80.7179946899414,6679100,0.0,0.0,0.0
2013-06-17,114.0199966430664,114.08000183105469,113.0,113.22000122070312,80.29252624511719,5982100,0.0,0.0,0.0
2013-06-18,112.8499984741211,113.68000030517578,112.72000122070312,113.27999877929688,80.3350601196289,5192700,0.0,0.0,0.0
2013-06-19,113.73999786376953,113.79000091552734,111.62000274658203,112.11000061035156,79.50535583496094,17138200,0.0,0.0,0.0
2013-06-20,110.75,111.20999908447266,109.27999877929688,110.2699966430664,78.20046997070312,27898500,0.0,0.0,0.0
2013-06-21,110.1500015258789,110.41000366210938,108.37000274658203,108.4000015258789,76.87434387207031,19781000,0.0,0.0,0.0
2013-06-24,107.83000183105469,109.38999938964844,107.76000213623047,108.8499984741211,77.19341278076172,24588900,0.0,0.0,0.0
2013-06-25,108.9000015258789,109.0199966430664,107.86000061035156,107.87999725341797,76.50548553466797,11078000,0.0,0.0,0.0
2013-06-26,109.0,109.05000305175781,108.04000091552734,108.58000183105469,77.0019760131836,13582200,0.0,0.0,0.0
2013-06-27,109.54000091552734,109.97000122070312,108.94999694824219,109.69000244140625,77.78914642333984,12026000,0.0,0.0,0.0
2013-06-28,109.01000213623047,110.4800033569336,108.72000122070312,110.44000244140625,78.32105255126953,12017000,0.0,0.0,0.0
2013-07-01,109.7300033569336,110.5,109.43000030517578,110.41000366210938,78.47877502441406,5500400,0.252,0.0,0.0
2013-07-02,110.5,110.80000305175781,110.23999786376953,110.33999633789062,78.42904663085938,5333900,0.0,0.0,0.0
2013-07-03,110.30999755859375,110.6500015258789,110.01000213623047,110.01000213623047,78.19449615478516,3839000,0.0,0.0,0.0
2013-07-05,107.27999877929688,107.5,106.16999816894531,106.26000213623047,75.52899932861328,14511900,0.0,0.0,0.0
2013-07-08,107.06999969482422,107.55999755859375,106.94999694824219,107.29000091552734,76.26113891601562,8044200,0.0,0.0,0.0
2013-07-09,107.48999786376953,107.62000274658203,107.06999969482422,107.4000015258789,76.33934783935547,4700400,0.0,0.0,0.0
2013-07-10,107.38999938964844,107.38999938964844,106.30000305175781,106.55999755859375,75.74223327636719,10792200,0.0,0.0,0.0
2013-07-11,107.44999694824219,107.87000274658203,106.94000244140625,107.80999755859375,76.63072204589844,10035500,0.0,0.0,0.0
2013-07-12,108.33999633789062,108.47000122070312,107.33999633789062,107.72000122070312,76.5667724609375,4730800,0.0,0.0,0.0
2013-07-15,107.80000305175781,108.31999969482422,107.69999694824219,108.29000091552734,76.971923828125,4574800,0.0,0.0,0.0
2013-07-16,108.43000030517578,108.76000213623047,108.2699966430664,108.66000366210938,77.23493194580078,3650200,0.0,0.0,0.0
2013-07-17,109.19000244140625,109.36000061035156,108.66000366210938,108.86000061035156,77.37711334228516,5932000,0.0,0.0,0.0
2013-07-18,108.61000061035156,108.66999816894531,107.4800033569336,107.5,76.410400390625,9066400,0.0,0.0,0.0
2013-07-19,108.30999755859375,109.20999908447266,108.25,109.19999694824219,77.61875915527344,8523800,0.0,0.0,0.0
2013-07-22,109.36000061035156,109.69000244140625,109.12999725341797,109.36000061035156,77.73249816894531,3972600,0.0,0.0,0.0
2013-07-23,108.66999816894531,109.0,108.31999969482422,108.9000015258789,77.40550231933594,5015500,0.0,0.0,0.0
2013-07-24,107.6500015258789,107.88999938964844,106.79000091552734,107.5199966430664,76.42459869384766,8853100,0.0,0.0,0.0
2013-07-25,106.97000122070312,107.5999984741211,106.80999755859375,107.4800033569336,76.39619445800781,6443400,0.0,0.0,0.0
2013-07-26,108.04000091552734,108.27999877929688,107.63999938964844,108.13999938964844,76.8653335571289,6795500,0.0,0.0,0.0
2013-07-29,107.6500015258789,107.81999969482422,107.06999969482422,107.3499984741211,76.30375671386719,6397800,0.0,0.0,0.0
2013-07-30,107.70999908447266,107.76000213623047,107.05000305175781,107.30999755859375,76.27531433105469,3635400,0.0,0.0,0.0
2013-07-31,106.05999755859375,107.91999816894531,105.8499984741211,107.69999694824219,76.55254364013672,10483100,0.0,0.0,0.0
2013-08-01,106.48999786376953,106.48999786376953,105.0,105.36000061035156,75.07749938964844,13568600,0.27,0.0,0.0
2013-08-02,106.01000213623047,106.61000061035156,105.9800033569336,106.5199966430664,75.90406799316406,9568400,0.0,0.0,0.0
2013-08-05,106.19000244140625,106.25,105.54000091552734,105.69999694824219,75.31982421875,6611800,0.0,0.0,0.0
2013-08-06,105.52999877929688,106.01000213623047,105.33999633789062,106.01000213623047,75.54067993164062,4589000,0.0,0.0,0.0
2013-08-07,106.16999816894531,106.94000244140625,106.16999816894531,106.80000305175781,76.1036376953125,7183400,0.0,0.0,0.0
2013-08-08,106.9800033569336,107.5999984741211,106.79000091552734,107.08999633789062,76.31029510498047,5510900,0.0,0.0,0.0
2013-08-09,106.5999984741211,107.2699966430664,106.4800033569336,107.26000213623047,76.43138885498047,3623400,0.0,0.0,0.0
2013-08-12,107.61000061035156,107.62999725341797,106.47000122070312,106.52999877929688,75.91123962402344,7562800,0.0,0.0,0.0
2013-08-13,105.33000183105469,105.36000061035156,104.80000305175781,104.98999786376953,74.81382751464844,11485600,0.0,0.0,0.0
2013-08-14,104.94000244140625,105.36000061035156,104.87000274658203,105.1500015258789,74.92786407470703,6431600,0.0,0.0,0.0
2013-08-15,104.0999984741211,104.62999725341797,103.69000244140625,103.7300033569336,73.91600799560547,11846300,0.0,0.0,0.0
2013-08-16,103.95999908447266,103.97000122070312,102.66999816894531,103.37000274658203,73.6594467163086,10175900,0.0,0.0,0.0
2013-08-19,102.93000030517578,103.01000213623047,102.20999908447266,102.47000122070312,73.01815795898438,9022000,0.0,0.0,0.0
2013-08-20,102.88999938964844,103.36000061035156,102.8499984741211,103.26000213623047,73.5811538696289,10050100,0.0,0.0,0.0
2013-08-21,102.7699966430664,103.19999694824219,102.11000061035156,102.12999725341797,72.77587127685547,13248800,0.0,0.0,0.0
2013-08-22,102.45999908447266,103.2300033569336,102.23999786376953,103.16999816894531,73.51698303222656,8751200,0.0,0.0,0.0
2013-08-23,103.01000213623047,104.38999938964844,102.73999786376953,104.29000091552734,74.31507110595703,17441200,0.0,0.0,0.0
2013-08-26,104.55999755859375,104.88999938964844,104.33000183105469,104.80999755859375,74.68557739257812,5879100,0.0,0.0,0.0
2013-08-27,105.29000091552734,106.25,105.04000091552734,106.12999725341797,75.62621307373047,11573300,0.0,0.0,0.0
2013-08-28,105.41000366210938,105.56999969482422,104.94000244140625,105.2699966430664,75.01337432861328,7497900,0.0,0.0,0.0
2013-08-29,104.87999725341797,106.30999755859375,104.79000091552734,106.11000061035156,75.61194610595703,6672400,0.0,0.0,0.0
2013-08-30,106.0199966430664,106.68000030517578,105.73999786376953,105.98999786376953,75.5264892578125,8987600,0.0,0.0,0.0
2013-09-03,104.58999633789062,104.66999816894531,103.51000213623047,104.22000122070312,74.461181640625,12084300,0.279,0.0,0.0
2013-09-04,104.44999694824219,104.6500015258789,103.94999694824219,103.98999786376953,74.29682922363281,4579600,0.0,0.0,0.0
2013-09-05,103.47000122070312,103.5999984741211,102.52999877929688,102.54000091552734,73.26085662841797,12290600,0.0,0.0,0.0
2013-09-06,103.25,103.81999969482422,102.80999755859375,103.05000305175781,73.6252212524414,9478400,0.0,0.0,0.0
2013-09-09,103.80000305175781,103.80999755859375,103.08000183105469,103.0999984741211,73.6609878540039,6874900,0.0,0.0,0.0
2013-09-10,102.7300033569336,103.33999633789062,102.36000061035156,102.37999725341797,73.14656829833984,8069000,0.0,0.0,0.0
2013-09-11,102.91999816894531,103.30999755859375,102.19000244140625,103.29000091552734,73.79673767089844,8962400,0.0,0.0,0.0
2013-09-12,103.8499984741211,104.0,103.05999755859375,103.1500015258789,73.69672393798828,6254400,0.0,0.0,0.0
2013-09-13,103.51000213623047,103.83000183105469,103.2300033569336,103.55000305175781,73.98249053955078,6106200,0.0,0.0,0.0
2013-09-16,104.33000183105469,104.41000366210938,102.8499984741211,102.86000061035156,73.48954772949219,8231600,0.0,0.0,0.0
2013-09-17,103.37000274658203,103.73999786376953,102.97000122070312,103.70999908447266,74.0968246459961,8795300,0.0,0.0,0.0
2013-09-18,103.62999725341797,105.55000305175781,102.9800033569336,104.98999786376953,75.01128387451172,19749200,0.0,0.0,0.0
2013-09-19,105.05000305175781,105.08999633789062,104.16000366210938,104.37000274658203,74.56837463378906,11627800,0.0,0.0,0.0
2013-09-20,104.69000244140625,105.18000030517578,104.44999694824219,104.91999816894531,74.9612808227539,8421000,0.0,0.0,0.0
2013-09-23,105.20999908447266,105.7300033569336,105.11000061035156,105.69000244140625,75.5114517211914,10242100,0.0,0.0,0.0
2013-09-24,105.98999786376953,106.83999633789062,105.83999633789062,106.83000183105469,76.3259506225586,11446600,0.0,0.0,0.0
2013-09-25,106.54000091552734,107.27999877929688,106.38999938964844,107.05000305175781,76.48310089111328,8130900,0.0,0.0,0.0
2013-09-26,106.4800033569336,106.62000274658203,106.19000244140625,106.30000305175781,75.94725036621094,5117100,0.0,0.0,0.0
2013-09-27,106.29000091552734,106.81999969482422,106.25,106.55999755859375,76.13301086425781,6460000,0.0,0.0,0.0
2013-09-30,106.66000366210938,106.9000015258789,106.18000030517578,106.4000015258789,76.01866912841797,8438800,0.0,0.0,0.0
2013-10-01,105.9000015258789,106.02999877929688,105.52999877929688,105.80000305175781,75.78804016113281,7592500,0.278,0.0,0.0
2013-10-02,105.93000030517578,106.4800033569336,105.76000213623047,105.95999908447266,75.90267181396484,5967200,0.0,0.0,0.0
2013-10-03,105.75,106.41000366210938,105.69999694824219,105.79000091552734,75.78089141845703,6648900,0.0,0.0,0.0
2013-10-04,105.66999816894531,105.77999877929688,105.3499984741211,105.70999908447266,75.72354888916016,5545300,0.0,0.0,0.0
2013-10-07,106.19999694824219,106.36000061035156,105.9800033569336,106.13999938964844,76.03160095214844,5761100,0.0,0.0,0.0
2013-10-08,105.9800033569336,106.51000213623047,105.83000183105469,106.16999816894531,76.0530776977539,5904000,0.0,0.0,0.0
2013-10-09,105.87000274658203,105.94000244140625,105.30000305175781,105.31999969482422,75.44419860839844,8439000,0.0,0.0,0.0
2013-10-10,104.80000305175781,105.52999877929688,104.51000213623047,105.48999786376953,75.56596374511719,9944100,0.0,0.0,0.0
2013-10-11,106.16000366210938,106.2300033569336,105.41000366210938,105.45999908447266,75.54449462890625,6500800,0.0,0.0,0.0
2013-10-14,105.38999938964844,105.63999938964844,104.33000183105469,104.61000061035156,74.9355697631836,4205600,0.0,0.0,0.0
2013-10-15,105.1500015258789,105.30000305175781,104.52999877929688,104.54000091552734,74.88549041748047,8291000,0.0,0.0,0.0
2013-10-16,104.47000122070312,105.86000061035156,104.2699966430664,105.8499984741211,75.82386016845703,14460200,0.0,0.0,0.0
2013-10-17,106.5199966430664,107.12000274658203,106.29000091552734,106.80999755859375,76.51152801513672,11303400,0.0,0.0,0.0
2013-10-18,107.11000061035156,107.4800033569336,106.9800033569336,107.04000091552734,76.67630004882812,9487800,0.0,0.0,0.0
2013-10-21,106.91000366210938,106.91999816894531,106.45999908447266,106.69999694824219,76.4327163696289,6161600,0.0,0.0,0.0
2013-10-22,107.5999984741211,108.12000274658203,107.55999755859375,107.88999938964844,77.28520202636719,9708500,0.0,0.0,0.0
2013-10-23,108.06999969482422,108.7300033569336,108.04000091552734,108.30999755859375,77.58601379394531,9163100,0.0,0.0,0.0
2013-10-24,108.61000061035156,108.66999816894531,107.87000274658203,107.88999938964844,77.28520202636719,7631400,0.0,0.0,0.0
2013-10-25,108.12999725341797,108.44999694824219,108.08000183105469,108.29000091552734,77.57170104980469,4429500,0.0,0.0,0.0
2013-10-28,108.01000213623047,108.37999725341797,107.91000366210938,107.91999816894531,77.30667114257812,6466400,0.0,0.0,0.0
2013-10-29,107.62000274658203,108.06999969482422,107.51000213623047,108.05999755859375,77.40692901611328,5270500,0.0,0.0,0.0
2013-10-30,107.93000030517578,108.20999908447266,107.20999908447266,107.41000366210938,76.9412841796875,10199300,0.0,0.0,0.0
2013-10-31,107.91000366210938,108.01000213623047,107.13999938964844,107.63999938964844,77.1061019897461,11452100,0.0,0.0,0.0
2013-11-01,106.97000122070312,107.0,106.13999938964844,106.19000244140625,76.271484375,11349500,0.288,0.0,0.0
2013-11-04,106.47000122070312,106.66999816894531,106.22000122070312,106.29000091552734,76.34331512451172,4733200,0.0,0.0,0.0
2013-11-05,105.79000091552734,105.83000183105469,104.98999786376953,105.0199966430664,75.43113708496094,8753400,0.0,0.0,0.0
2013-11-06,104.94000244140625,105.13999938964844,104.69000244140625,105.06999969482422,75.4670181274414,5643000,0.0,0.0,0.0
2013-11-07,105.05000305175781,106.05000305175781,104.97000122070312,105.95999908447266,76.10629272460938,7893700,0.0,0.0,0.0
2013-11-08,103.97000122070312,104.11000061035156,103.38999938964844,103.41000366210938,74.27474212646484,16889900,0.0,0.0,0.0
2013-11-11,103.52999877929688,103.58000183105469,102.95999908447266,103.0199966430664,73.99461364746094,4927200,0.0,0.0,0.0
2013-11-12,103.20999908447266,103.58999633789062,103.18000030517578,103.5,74.33936309814453,4839500,0.0,0.0,0.0
2013-11-13,103.87000274658203,104.04000091552734,103.73999786376953,103.87999725341797,74.61229705810547,5782900,0.0,0.0,0.0
2013-11-14,104.30999755859375,105.12000274658203,104.1500015258789,104.5199966430664,75.07199096679688,8895500,0.0,0.0,0.0
2013-11-15,104.66000366210938,104.73999786376953,104.30999755859375,104.7300033569336,75.22286224365234,6344800,0.0,0.0,0.0
2013-11-18,104.6500015258789,105.41000366210938,104.6500015258789,105.36000061035156,75.67534637451172,5451300,0.0,0.0,0.0
2013-11-19,104.94999694824219,105.13999938964844,104.41000366210938,104.55999755859375,75.10073852539062,7251100,0.0,0.0,0.0
2013-11-20,104.41999816894531,104.83999633789062,102.6500015258789,102.77999877929688,73.82225036621094,14190900,0.0,0.0,0.0
2013-11-21,102.51000213623047,103.19000244140625,102.16000366210938,102.94999694824219,73.9443130493164,8903000,0.0,0.0,0.0
2013-11-22,103.48999786376953,104.12999725341797,103.4800033569336,103.91000366210938,74.63389587402344,7950700,0.0,0.0,0.0
2013-11-25,103.83999633789062,104.41999816894531,103.83999633789062,104.20999908447266,74.8493423461914,3755500,0.0,0.0,0.0
2013-11-26,104.48999786376953,104.93000030517578,104.4800033569336,104.5999984741211,75.12948608398438,6659200,0.0,0.0,0.0
2013-11-27,104.68000030517578,104.69999694824219,103.95999908447266,104.41999816894531,75.00016021728516,6063000,0.0,0.0,0.0
2013-11-29,104.08000183105469,104.5999984741211,103.94999694824219,104.44999694824219,75.02172088623047,5084400,0.0,0.0,0.0
2013-12-02,103.80000305175781,103.91000366210938,103.22000122070312,103.33000183105469,74.43818664550781,7527800,0.31,0.0,0.0
2013-12-03,103.69999694824219,103.95999908447266,103.45999908447266,103.70999908447266,74.71197509765625,5076900,0.0,0.0,0.0
2013-12-04,102.75,103.05000305175781,102.37999725341797,102.72000122070312,73.9987564086914,8502700,0.0,0.0,0.0
2013-12-05,102.4800033569336,102.8499984741211,102.22000122070312,102.43000030517578,73.78987121582031,7445700,0.0,0.0,0.0
2013-12-06,102.55999755859375,102.98999786376953,102.36000061035156,102.91999816894531,74.14283752441406,7352000,0.0,0.0,0.0
2013-12-09,102.9000015258789,103.2300033569336,102.83000183105469,103.16000366210938,74.31571197509766,5678800,0.0,0.0,0.0
2013-12-10,103.83999633789062,103.94999694824219,103.44999694824219,103.9000015258789,74.84880065917969,7040400,0.0,0.0,0.0
2013-12-11,103.55000305175781,103.7699966430664,103.0199966430664,103.0999984741211,74.2724838256836,8190900,0.0,0.0,0.0
2013-12-12,103.02999877929688,103.16000366210938,102.62999725341797,102.70999908447266,73.9915771484375,6208600,0.0,0.0,0.0
2013-12-13,103.13999938964844,103.30000305175781,102.79000091552734,103.20999908447266,74.351806640625,6471300,0.0,0.0,0.0
2013-12-16,103.58000183105469,103.69000244140625,102.7300033569336,102.83000183105469,74.0780029296875,6376400,0.0,0.0,0.0
2013-12-17,102.61000061035156,103.4000015258789,102.58999633789062,103.29000091552734,74.40935516357422,6014400,0.0,0.0,0.0
2013-12-18,102.83000183105469,103.72000122070312,102.45999908447266,102.7699966430664,74.03477478027344,12973200,0.0,0.0,0.0
2013-12-19,102.86000061035156,103.01000213623047,102.44999694824219,102.66999816894531,73.9627456665039,6708400,0.0,0.0,0.0
2013-12-20,103.72000122070312,104.29000091552734,103.30000305175781,104.25,75.10093688964844,12425700,0.0,0.0,0.0
2013-12-23,104.05000305175781,104.41000366210938,103.66000366210938,103.66000366210938,74.6759262084961,6378600,0.0,0.0,0.0
2013-12-24,103.2300033569336,103.3499984741211,102.80000305175781,102.83000183105469,74.0780029296875,4897000,0.0,0.0,0.0
2013-12-26,102.3499984741211,102.36000061035156,102.01000213623047,102.0999984741211,73.79252624511719,4645300,0.335,0.0,0.0
2013-12-27,102.06999969482422,102.30999755859375,101.69000244140625,101.80999755859375,73.58293151855469,4755000,0.0,0.0,0.0
2013-12-30,102.1500015258789,102.58000183105469,102.08000183105469,102.51000213623047,74.0888671875,4491700,0.0,0.0,0.0
2013-12-31,102.29000091552734,102.55000305175781,101.16999816894531,101.86000061035156,73.61904907226562,7218600,0.0,0.0,0.0
2014-01-02,101.72000122070312,102.38999938964844,101.69000244140625,102.16999816894531,73.84309387207031,8580800,0.0,0.0,0.0
2014-01-03,101.80999755859375,102.44999694824219,101.76000213623047,102.16999816894531,73.84309387207031,4083800,0.0,0.0,0.0
2014-01-06,102.37999725341797,103.0,102.37000274658203,102.5999984741211,74.15388488769531,7796200,0.0,0.0,0.0
2014-01-07,102.81999969482422,102.98999786376953,102.55999755859375,102.86000061035156,74.34180450439453,4428100,0.0,0.0,0.0
2014-01-08,102.44999694824219,102.69000244140625,102.0999984741211,102.58000183105469,74.13944244384766,8513000,0.0,0.0,0.0
2014-01-09,102.97000122070312,103.20999908447266,102.51000213623047,103.18000030517578,74.57304382324219,6991100,0.0,0.0,0.0
2014-01-10,103.7699966430664,104.54000091552734,103.69000244140625,104.41000366210938,75.46205139160156,13197400,0.0,0.0,0.0
2014-01-13,104.51000213623047,105.13999938964844,104.47000122070312,104.93000030517578,75.83785247802734,9667400,0.0,0.0,0.0
2014-01-14,104.6500015258789,104.83000183105469,104.38999938964844,104.44999694824219,75.49098205566406,10343100,0.0,0.0,0.0
2014-01-15,104.04000091552734,104.51000213623047,103.93000030517578,104.33999633789062,75.41150665283203,7507500,0.0,0.0,0.0
2014-01-16,104.8499984741211,105.06999969482422,104.72000122070312,105.04000091552734,75.91741180419922,7137700,0.0,0.0,0.0
2014-01-17,104.86000061035156,105.5199966430664,104.79000091552734,105.4800033569336,76.23541259765625,7588600,0.0,0.0,0.0
2014-01-21,105.44999694824219,105.73999786376953,105.4000015258789,105.55999755859375,76.29324340820312,6436000,0.0,0.0,0.0
2014-01-22,105.37000274658203,105.75,105.23999786376953,105.30000305175781,76.10527801513672,4646700,0.0,0.0,0.0
2014-01-23,105.87999725341797,107.08999633789062,105.87999725341797,106.79000091552734,77.18222045898438,12960600,0.0,0.0,0.0
2014-01-24,107.19000244140625,107.48999786376953,106.98999786376953,107.4800033569336,77.68089294433594,11122200,0.0,0.0,0.0
2014-01-27,107.22000122070312,107.5999984741211,106.69999694824219,106.7300033569336,77.13883972167969,9218200,0.0,0.0,0.0
2014-01-28,106.91000366210938,106.98999786376953,106.55000305175781,106.98999786376953,77.3267593383789,5661500,0.0,0.0,0.0
2014-01-29,107.37000274658203,108.1500015258789,106.98999786376953,107.87000274658203,77.96280670166016,11709400,0.0,0.0,0.0
2014-01-30,107.47000122070312,107.66999816894531,107.11000061035156,107.55999755859375,77.73872375488281,5956900,0.0,0.0,0.0
2014-01-31,108.19999694824219,108.41000366210938,107.8499984741211,108.27999877929688,78.25904846191406,14690900,0.0,0.0,0.0
2014-02-03,107.79000091552734,109.33999633789062,107.61000061035156,109.31999969482422,79.21269989013672,20780300,0.276,0.0,0.0
2014-02-04,108.5199966430664,108.66999816894531,107.97000122070312,108.16000366210938,78.37207794189453,9573500,0.0,0.0,0.0
2014-02-05,107.69000244140625,107.77999877929688,107.01000213623047,107.16000366210938,77.64759063720703,10312200,0.0,0.0,0.0
2014-02-06,106.97000122070312,107.0199966430664,106.5199966430664,106.69999694824219,77.3142318725586,5708700,0.0,0.0,0.0
2014-02-07,106.45999908447266,107.22000122070312,106.44000244140625,106.79000091552734,77.37944030761719,7039200,0.0,0.0,0.0
2014-02-10,106.61000061035156,107.12000274658203,106.56999969482422,107.08999633789062,77.5968246459961,4370500,0.0,0.0,0.0
2014-02-11,106.61000061035156,106.69000244140625,106.16000366210938,106.47000122070312,77.1475830078125,5904900,0.0,0.0,0.0
2014-02-12,106.16999816894531,106.20999908447266,105.62000274658203,105.91999816894531,76.7490463256836,6723300,0.0,0.0,0.0
2014-02-13,106.58999633789062,106.7300033569336,106.30000305175781,106.5199966430664,77.18379974365234,6874600,0.0,0.0,0.0
2014-02-14,106.56999969482422,106.63999938964844,106.2699966430664,106.58000183105469,77.22726440429688,4989100,0.0,0.0,0.0
2014-02-18,106.66000366210938,107.19999694824219,106.62000274658203,106.81999969482422,77.40118408203125,4855800,0.0,0.0,0.0
2014-02-19,107.18000030517578,107.18000030517578,106.30000305175781,106.37000274658203,77.07510375976562,5522500,0.0,0.0,0.0
2014-02-20,106.31999969482422,106.62999725341797,105.69000244140625,106.11000061035156,76.8867416381836,5103200,0.0,0.0,0.0
2014-02-21,105.94999694824219,106.68000030517578,105.94999694824219,106.66999816894531,77.29249572753906,5250700,0.0,0.0,0.0
2014-02-24,106.69999694824219,106.73999786376953,106.16999816894531,106.4000015258789,77.09688568115234,3816700,0.0,0.0,0.0
2014-02-25,106.91000366210938,107.36000061035156,106.88999938964844,107.3499984741211,77.78521728515625,6225400,0.0,0.0,0.0
2014-02-26,107.30999755859375,107.91999816894531,107.23999786376953,107.91999816894531,78.19818878173828,7203900,0.0,0.0,0.0
2014-02-27,108.27999877929688,108.55999755859375,108.0999984741211,108.51000213623047,78.62576293945312,5394700,0.0,0.0,0.0
2014-02-28,108.27999877929688,108.73999786376953,107.77999877929688,108.56999969482422,78.6691665649414,8462600,0.0,0.0,0.0
2014-03-03,108.87999725341797,109.18000030517578,108.63999938964844,109.02999877929688,79.19435119628906,11089400,0.263,0.0,0.0
2014-03-04,108.3499984741211,108.3499984741211,107.36000061035156,107.38999938964844,78.00315856933594,8068100,0.0,0.0,0.0
2014-03-05,107.33999633789062,107.77999877929688,107.19999694824219,107.62000274658203,78.17020416259766,4798500,0.0,0.0,0.0
2014-03-06,106.76000213623047,106.97000122070312,106.5199966430664,106.55999755859375,77.4002456665039,7418200,0.0,0.0,0.0
2014-03-07,105.63999938964844,106.16999816894531,105.5999984741211,105.88999938964844,76.91364288330078,8270300,0.0,0.0,0.0
2014-03-10,105.94000244140625,106.11000061035156,105.77999877929688,106.04000091552734,77.0225830078125,3744300,0.0,0.0,0.0
2014-03-11,105.9800033569336,106.33999633789062,105.77999877929688,106.31999969482422,77.22596740722656,3815700,0.0,0.0,0.0
2014-03-12,106.91999816894531,107.26000213623047,106.77999877929688,107.05999755859375,77.76348114013672,6430500,0.0,0.0,0.0
2014-03-13,106.69999694824219,108.52999877929688,106.6500015258789,108.5,78.80937957763672,11815500,0.0,0.0,0.0
2014-03-14,108.97000122070312,108.9800033569336,108.31999969482422,108.5199966430664,78.82392120361328,9232800,0.0,0.0,0.0
2014-03-17,108.18000030517578,108.30000305175781,107.66999816894531,107.70999908447266,78.23555755615234,7381900,0.0,0.0,0.0
2014-03-18,107.68000030517578,108.1500015258789,107.5999984741211,108.0999984741211,78.51886749267578,4819500,0.0,0.0,0.0
2014-03-19,107.91999816894531,107.9800033569336,106.80999755859375,107.26000213623047,77.90870666503906,11557600,0.0,0.0,0.0
2014-03-20,107.08999633789062,107.62999725341797,106.98999786376953,107.06999969482422,77.77071380615234,5224400,0.0,0.0,0.0
2014-03-21,107.41000366210938,108.31999969482422,107.37000274658203,108.2300033569336,78.6133041381836,8986200,0.0,0.0,0.0
2014-03-24,108.05000305175781,109.08999633789062,107.94999694824219,109.0,79.17252349853516,7536400,0.0,0.0,0.0
2014-03-25,108.41000366210938,108.81999969482422,108.16999816894531,108.58999633789062,78.87478637695312,5032000,0.0,0.0,0.0
2014-03-26,108.55000305175781,109.4800033569336,108.4800033569336,109.44000244140625,79.49220275878906,7147200,0.0,0.0,0.0
2014-03-27,109.63999938964844,110.38999938964844,109.41999816894531,109.98999786376953,79.89168548583984,9772200,0.0,0.0,0.0
2014-03-28,109.86000061035156,109.88999938964844,109.0199966430664,109.37000274658203,79.44136047363281,6027000,0.0,0.0,0.0
2014-03-31,108.73999786376953,111.06999969482422,108.33999633789062,109.0999984741211,79.2452163696289,7488400,0.0,0.0,0.0
2014-04-01,108.26000213623047,108.36000061035156,107.83999633789062,107.88999938964844,78.56796264648438,9067300,0.28,0.0,0.0
2014-04-02,107.38999938964844,107.55000305175781,107.16999816894531,107.2699966430664,78.11646270751953,6887200,0.0,0.0,0.0
2014-04-03,107.5199966430664,107.94000244140625,107.44000244140625,107.73999786376953,78.4587173461914,4937400,0.0,0.0,0.0
2014-04-04,107.87000274658203,108.69000244140625,107.8499984741211,108.45999908447266,78.98308563232422,8977500,0.0,0.0,0.0
2014-04-07,108.62000274658203,109.29000091552734,108.5999984741211,109.11000061035156,79.45638275146484,7562500,0.0,0.0,0.0
2014-04-08,109.02999877929688,109.47000122070312,108.72000122070312,109.37000274658203,79.64576721191406,4213800,0.0,0.0,0.0
2014-04-09,108.87999725341797,109.3499984741211,108.63999938964844,108.83000183105469,79.25247955322266,5771500,0.0,0.0,0.0
2014-04-10,108.91999816894531,110.22000122070312,108.9000015258789,109.83999633789062,79.98800659179688,12706400,0.0,0.0,0.0
2014-04-11,110.54000091552734,110.79000091552734,110.12999725341797,110.7300033569336,80.63612365722656,10267000,0.0,0.0,0.0
2014-04-14,110.4800033569336,110.69999694824219,110.30000305175781,110.44000244140625,80.42493438720703,4142600,0.0,0.0,0.0
2014-04-15,110.61000061035156,111.51000213623047,110.3499984741211,111.12999725341797,80.92738342285156,7752000,0.0,0.0,0.0
2014-04-16,110.43000030517578,111.2699966430664,110.37999725341797,111.2699966430664,81.02938079833984,5523000,0.0,0.0,0.0
2014-04-17,111.37000274658203,111.44999694824219,109.69999694824219,110.05000305175781,80.14093780517578,8622500,0.0,0.0,0.0
2014-04-21,110.37000274658203,110.62000274658203,109.83999633789062,109.95999908447266,80.07540893554688,4316300,0.0,0.0,0.0
2014-04-22,109.66000366210938,110.48999786376953,109.61000061035156,110.33000183105469,80.34485626220703,5748700,0.0,0.0,0.0
2014-04-23,110.5999984741211,111.05000305175781,110.52999877929688,110.95999908447266,80.80360412597656,5748600,0.0,0.0,0.0
2014-04-24,110.44999694824219,111.20999908447266,110.44999694824219,111.16999816894531,80.95652770996094,6337800,0.0,0.0,0.0
2014-04-25,111.48999786376953,111.98999786376953,111.31999969482422,111.33000183105469,81.07308197021484,5976500,0.0,0.0,0.0
2014-04-28,111.11000061035156,111.27999877929688,110.55000305175781,110.79000091552734,80.67982482910156,7606000,0.0,0.0,0.0
2014-04-29,110.16999816894531,110.7300033569336,110.04000091552734,110.63999938964844,80.57060241699219,5235200,0.0,0.0,0.0
2014-04-30,110.72000122070312,111.26000213623047,110.37999725341797,111.0999984741211,80.90559387207031,7721400,0.0,0.0,0.0
2014-05-01,110.87999725341797,112.08000183105469,110.83999633789062,112.0199966430664,81.77350616455078,11556500,0.269,0.0,0.0
2014-05-02,111.54000091552734,113.0999984741211,111.30000305175781,112.70999908447266,82.27720642089844,12702100,0.0,0.0,0.0
2014-05-05,112.76000213623047,112.80999755859375,111.88999938964844,112.02999877929688,81.78083038330078,8043000,0.0,0.0,0.0
2014-05-06,112.11000061035156,112.69999694824219,112.04000091552734,112.4800033569336,82.10933685302734,6522600,0.0,0.0,0.0
2014-05-07,112.30999755859375,112.56999969482422,111.94000244140625,112.08000183105469,81.81734466552734,8199200,0.0,0.0,0.0
2014-05-08,112.33999633789062,112.76000213623047,111.45999908447266,111.5999984741211,81.4669189453125,10878800,0.0,0.0,0.0
2014-05-09,111.52999877929688,111.80999755859375,110.9800033569336,111.23999786376953,81.2041244506836,6000600,0.0,0.0,0.0
2014-05-12,111.01000213623047,111.12999725341797,110.54000091552734,110.79000091552734,80.87565612792969,4563800,0.0,0.0,0.0
2014-05-13,111.44000244140625,111.75,111.33000183105469,111.75,81.57643127441406,5501000,0.0,0.0,0.0
2014-05-14,112.62999725341797,113.2300033569336,112.55999755859375,112.95999908447266,82.45972442626953,8851400,0.0,0.0,0.0
2014-05-15,113.77999877929688,114.41000366210938,113.5999984741211,113.86000061035156,83.11666107177734,12627900,0.0,0.0,0.0
2014-05-16,113.61000061035156,114.0,113.41999816894531,113.54000091552734,82.88314819335938,5019200,0.0,0.0,0.0
2014-05-19,113.93000030517578,113.95999908447266,112.62000274658203,112.69999694824219,82.26992797851562,7403300,0.0,0.0,0.0
2014-05-20,112.5999984741211,113.4800033569336,112.58999633789062,112.94999694824219,82.45243072509766,6549800,0.0,0.0,0.0
2014-05-21,112.22000122070312,112.4000015258789,111.87000274658203,112.26000213623047,81.9487075805664,8224600,0.0,0.0,0.0
2014-05-22,112.26000213623047,112.4000015258789,111.79000091552734,112.0999984741211,81.83194732666016,6495700,0.0,0.0,0.0
2014-05-23,112.5199966430664,112.91000366210938,112.44999694824219,112.69999694824219,82.26992797851562,3835000,0.0,0.0,0.0
2014-05-27,112.8499984741211,113.4000015258789,112.4000015258789,113.36000061035156,82.75171661376953,6658300,0.0,0.0,0.0
2014-05-28,114.0999984741211,114.83999633789062,114.08999633789062,114.76000213623047,83.77372741699219,10361000,0.0,0.0,0.0
2014-05-29,114.87000274658203,115.19000244140625,114.12999725341797,114.1500015258789,83.32840728759766,10692000,0.0,0.0,0.0
2014-05-30,113.95999908447266,114.4000015258789,113.80999755859375,114.0999984741211,83.29191589355469,6518900,0.0,0.0,0.0
2014-06-02,113.04000091552734,113.68000030517578,112.55000305175781,112.95999908447266,82.6727294921875,11728200,0.294,0.0,0.0
2014-06-03,112.41000366210938,112.54000091552734,111.51000213623047,111.56999969482422,81.6553726196289,12694100,0.0,0.0,0.0
2014-06-04,111.76000213623047,111.81999969482422,111.2699966430664,111.54000091552734,81.63346099853516,7882000,0.0,0.0,0.0
2014-06-05,111.12999725341797,111.97000122070312,111.0199966430664,111.58999633789062,81.6700439453125,6915600,0.0,0.0,0.0
2014-06-06,112.12999725341797,112.41000366210938,111.48999786376953,111.58999633789062,81.6700439453125,7832800,0.0,0.0,0.0
2014-06-09,111.44999694824219,111.63999938964844,111.19999694824219,111.43000030517578,81.55296325683594,5162800,0.0,0.0,0.0
2014-06-10,111.04000091552734,111.2699966430664,110.83000183105469,111.0199966430664,81.25289916992188,5986000,0.0,0.0,0.0
2014-06-11,111.26000213623047,111.54000091552734,110.8499984741211,111.22000122070312,81.39927673339844,5569700,0.0,0.0,0.0
2014-06-12,111.30000305175781,112.3499984741211,111.0,112.20999908447266,82.12384796142578,9775900,0.0,0.0,0.0
2014-06-13,111.56999969482422,112.62000274658203,111.52999877929688,112.1500015258789,82.07991027832031,5412500,0.0,0.0,0.0
2014-06-16,112.20999908447266,112.62999725341797,112.0999984741211,112.43000030517578,82.28484344482422,5184600,0.0,0.0,0.0
2014-06-17,112.06999969482422,112.08999633789062,111.4800033569336,111.54000091552734,81.63346099853516,6668800,0.0,0.0,0.0
2014-06-18,111.80000305175781,112.76000213623047,111.55999755859375,112.4000015258789,82.26287078857422,11256500,0.0,0.0,0.0
2014-06-19,112.51000213623047,112.55999755859375,110.73999786376953,110.95999908447266,81.20899963378906,14215500,0.0,0.0,0.0
2014-06-20,110.97000122070312,111.80000305175781,110.9000015258789,111.80000305175781,81.8237533569336,7319100,0.0,0.0,0.0
2014-06-23,112.08000183105469,112.18000030517578,111.41000366210938,111.44999694824219,81.56761932373047,5821700,0.0,0.0,0.0
2014-06-24,112.1500015258789,112.6500015258789,111.81999969482422,112.58000183105469,82.39464569091797,9698300,0.0,0.0,0.0
2014-06-25,113.0999984741211,113.36000061035156,112.69000244140625,112.87000274658203,82.60689544677734,5699300,0.0,0.0,0.0
2014-06-26,113.20999908447266,113.80000305175781,113.20999908447266,113.41000366210938,83.00211334228516,6628900,0.0,0.0,0.0
2014-06-27,113.68000030517578,113.81999969482422,113.16999816894531,113.23999786376953,82.87765502929688,7216500,0.0,0.0,0.0
2014-06-30,113.55999755859375,113.80000305175781,113.08999633789062,113.5199966430664,83.08258056640625,5593100,0.0,0.0,0.0
2014-07-01,112.5,112.73999786376953,112.19999694824219,112.27999877929688,82.38700866699219,8019200,0.292,0.0,0.0
2014-07-02,111.62999725341797,111.66999816894531,110.97000122070312,111.08000183105469,81.50643920898438,9382500,0.0,0.0,0.0
2014-07-03,110.37999725341797,110.86000061035156,110.33999633789062,110.68000030517578,81.2129898071289,6173900,0.0,0.0,0.0
2014-07-07,111.2699966430664,111.80999755859375,111.2300033569336,111.48999786376953,81.80729675292969,5928900,0.0,0.0,0.0
2014-07-08,112.23999786376953,112.86000061035156,112.23999786376953,112.73999786376953,82.72449493408203,6352100,0.0,0.0,0.0
2014-07-09,112.66000366210938,113.13999938964844,112.37999725341797,112.83000183105469,82.79055786132812,6395200,0.0,0.0,0.0
2014-07-10,113.54000091552734,113.66000366210938,112.81999969482422,112.86000061035156,82.81256866455078,7196900,0.0,0.0,0.0
2014-07-11,113.3499984741211,113.68000030517578,113.27999877929688,113.58000183105469,83.34090423583984,4676500,0.0,0.0,0.0
2014-07-14,113.27999877929688,113.41000366210938,112.93000030517578,113.08999633789062,82.9813461303711,4743300,0.0,0.0,0.0
2014-07-15,112.83000183105469,113.47000122070312,112.5,112.86000061035156,82.81256866455078,7720000,0.0,0.0,0.0
2014-07-16,113.0,113.58000183105469,112.94000244140625,113.45999908447266,83.25282287597656,4615800,0.0,0.0,0.0
2014-07-17,114.2300033569336,115.05000305175781,113.94000244140625,114.88999938964844,84.3021011352539,10901000,0.0,0.0,0.0
2014-07-18,114.87999725341797,114.95999908447266,114.11000061035156,114.5199966430664,84.03063201904297,6677900,0.0,0.0,0.0
2014-07-21,115.01000213623047,115.62999725341797,115.01000213623047,115.08999633789062,84.44886779785156,5724100,0.0,0.0,0.0
2014-07-22,115.08999633789062,115.45999908447266,114.6500015258789,115.33000183105469,84.62493133544922,5753200,0.0,0.0,0.0
2014-07-23,115.51000213623047,115.62999725341797,115.16999816894531,115.18000030517578,84.514892578125,3489600,0.0,0.0,0.0
2014-07-24,114.5199966430664,114.58000183105469,114.25,114.31999969482422,83.8838882446289,6609000,0.0,0.0,0.0
2014-07-25,115.33999633789062,115.68000030517578,115.16000366210938,115.66999816894531,84.87444305419922,7041800,0.0,0.0,0.0
2014-07-28,115.58999633789062,115.9000015258789,115.12000274658203,115.51000213623047,84.75702667236328,5138300,0.0,0.0,0.0
2014-07-29,115.87000274658203,116.06999969482422,115.41999816894531,115.93000030517578,85.065185546875,6579300,0.0,0.0,0.0
2014-07-30,115.1500015258789,115.37999725341797,114.16999816894531,114.31999969482422,83.8838882446289,12251200,0.0,0.0,0.0
2014-07-31,113.52999877929688,114.58000183105469,113.47000122070312,113.9800033569336,83.63436126708984,18254000,0.0,0.0,0.0
2014-08-01,113.58000183105469,114.87000274658203,113.05000305175781,114.55999755859375,84.28178405761719,14951200,0.3,0.0,0.0
2014-08-04,114.52999877929688,114.80999755859375,114.26000213623047,114.26000213623047,84.06107330322266,5183800,0.0,0.0,0.0
2014-08-05,114.06999969482422,114.80000305175781,113.68000030517578,114.62999725341797,84.33331298828125,8032000,0.0,0.0,0.0
2014-08-06,115.47000122070312,115.47000122070312,114.5999984741211,114.69999694824219,84.38478088378906,7289200,0.0,0.0,0.0
2014-08-07,114.83999633789062,115.7699966430664,114.56999969482422,115.7699966430664,85.17198181152344,9745500,0.0,0.0,0.0
2014-08-08,115.93000030517578,116.41999816894531,115.37999725341797,115.5199966430664,84.98805236816406,9536700,0.0,0.0,0.0
2014-08-11,115.6500015258789,115.81999969482422,115.29000091552734,115.51000213623047,84.980712890625,6668800,0.0,0.0,0.0
2014-08-12,115.41000366210938,115.44000244140625,114.7300033569336,114.76000213623047,84.42896270751953,8122400,0.0,0.0,0.0
2014-08-13,114.87000274658203,115.5199966430664,114.77999877929688,115.51000213623047,84.980712890625,8210500,0.0,0.0,0.0
2014-08-14,115.93000030517578,116.5,115.38999938964844,116.44000244140625,85.6648941040039,9028200,0.0,0.0,0.0
2014-08-15,116.70999908447266,118.36000061035156,116.69000244140625,117.70999908447266,86.59922790527344,17606700,0.0,0.0,0.0
2014-08-18,117.20999908447266,117.30000305175781,116.38999938964844,116.54000091552734,85.7385482788086,7595300,0.0,0.0,0.0
2014-08-19,117.08000183105469,117.1500015258789,115.9800033569336,116.18000030517578,85.47364807128906,5936900,0.0,0.0,0.0
2014-08-20,116.04000091552734,116.11000061035156,115.56999969482422,115.98999786376953,85.33382415771484,7275600,0.0,0.0,0.0
2014-08-21,116.06999969482422,116.76000213623047,116.0199966430664,116.63999938964844,85.81209564208984,6790700,0.0,0.0,0.0
2014-08-22,116.73999786376953,117.43000030517578,116.20999908447266,117.29000091552734,86.29023742675781,10149900,0.0,0.0,0.0
2014-08-25,117.44999694824219,117.77999877929688,117.20999908447266,117.7300033569336,86.61394500732422,5760700,0.0,0.0,0.0
2014-08-26,117.94000244140625,117.98999786376953,117.20999908447266,117.3499984741211,86.33439636230469,5487600,0.0,0.0,0.0
2014-08-27,117.69999694824219,118.41000366210938,117.4000015258789,118.3499984741211,87.07011413574219,7265800,0.0,0.0,0.0
2014-08-28,119.12999725341797,119.37000274658203,118.66999816894531,118.97000122070312,87.52620697021484,9463600,0.0,0.0,0.0
2014-08-29,118.91999816894531,119.43000030517578,118.75,119.05000305175781,87.58509063720703,8512900,0.0,0.0,0.0
2014-09-02,117.27999877929688,117.37999725341797,116.69999694824219,116.7300033569336,86.0741958618164,10506000,0.271,0.0,0.0
2014-09-03,116.4000015258789,117.37999725341797,116.30999755859375,117.37999725341797,86.553466796875,6553900,0.0,0.0,0.0
2014-09-04,116.62000274658203,116.87999725341797,115.93000030517578,115.94999694824219,85.49905395507812,12528900,0.0,0.0,0.0
2014-09-05,116.44000244140625,116.5999984741211,115.44000244140625,115.7300033569336,85.33684539794922,6886000,0.0,0.0,0.0
2014-09-08,116.41000366210938,116.62999725341797,115.44999694824219,115.77999877929688,85.37371826171875,9326400,0.0,0.0,0.0
2014-09-09,115.48999786376953,115.88999938964844,115.44999694824219,115.69000244140625,85.30729675292969,5353100,0.0,0.0,0.0
2014-09-10,114.97000122070312,115.12000274658203,114.79000091552734,114.95999908447266,84.76900482177734,8729400,0.0,0.0,0.0
2014-09-11,115.26000213623047,115.54000091552734,114.56999969482422,114.58000183105469,84.48881530761719,9274800,0.0,0.0,0.0
2014-09-12,113.69000244140625,113.91999816894531,113.22000122070312,113.37999725341797,83.6039810180664,11114900,0.0,0.0,0.0
2014-09-15,113.8499984741211,114.06999969482422,113.36000061035156,113.55000305175781,83.72931671142578,5510700,0.0,0.0,0.0
2014-09-16,113.61000061035156,113.86000061035156,113.08000183105469,113.08999633789062,83.39014434814453,9304700,0.0,0.0,0.0
2014-09-17,113.52999877929688,113.83000183105469,112.7300033569336,112.80000305175781,83.17628479003906,12917000,0.0,0.0,0.0
2014-09-18,113.18000030517578,113.4800033569336,112.8499984741211,113.16000366210938,83.44178009033203,7031200,0.0,0.0,0.0
2014-09-19,113.58000183105469,114.68000030517578,113.19999694824219,114.5999984741211,84.50359344482422,13236900,0.0,0.0,0.0
2014-09-22,114.66000366210938,115.04000091552734,114.44000244140625,114.73999786376953,84.6068344116211,6617200,0.0,0.0,0.0
2014-09-23,114.91000366210938,115.47000122070312,114.7699966430664,115.44999694824219,85.13037872314453,6362400,0.0,0.0,0.0
2014-09-24,115.29000091552734,115.55000305175781,114.63999938964844,114.80999755859375,84.65843963623047,5223300,0.0,0.0,0.0
2014-09-25,115.30999755859375,116.18000030517578,115.30999755859375,116.16999816894531,85.66128540039062,8947800,0.0,0.0,0.0
2014-09-26,116.0199966430664,116.29000091552734,115.62000274658203,116.0,85.53591918945312,7799600,0.0,0.0,0.0
2014-09-29,117.0,117.16999816894531,116.66000366210938,116.93000030517578,86.22164916992188,6791800,0.0,0.0,0.0
2014-09-30,116.66000366210938,117.04000091552734,116.12999725341797,116.2699966430664,85.73501586914062,7277500,0.0,0.0,0.0
2014-10-01,116.88999938964844,118.26000213623047,116.83000183105469,118.2300033569336,87.39751434326172,17194900,0.289,0.0,0.0
2014-10-02,117.83000183105469,118.19999694824219,117.13999938964844,117.19999694824219,86.63611602783203,8251800,0.0,0.0,0.0
2014-10-03,117.0,117.7699966430664,116.83000183105469,117.69999694824219,87.0057144165039,8561500,0.0,0.0,0.0
2014-10-06,117.62000274658203,118.19000244140625,117.36000061035156,117.7699966430664,87.05741882324219,4485500,0.0,0.0,0.0
2014-10-07,118.30999755859375,119.43000030517578,118.18000030517578,119.36000061035156,88.23283386230469,8837700,0.0,0.0,0.0
2014-10-08,119.44999694824219,119.5199966430664,118.51000213623047,119.38999938964844,88.2550048828125,9391300,0.0,0.0,0.0
2014-10-09,119.2699966430664,119.66999816894531,118.77999877929688,118.87000274658203,87.87062072753906,10291700,0.0,0.0,0.0
2014-10-10,119.5199966430664,120.08000183105469,119.30999755859375,120.05000305175781,88.74285888671875,8774400,0.0,0.0,0.0
2014-10-13,120.16000366210938,121.16999816894531,120.05000305175781,120.77999877929688,89.2824935913086,6450700,0.0,0.0,0.0
2014-10-14,121.30999755859375,121.77999877929688,120.68000030517578,121.56999969482422,89.86653137207031,11285400,0.0,0.0,0.0
2014-10-15,124.58000183105469,127.68000030517578,121.83999633789062,122.52999877929688,90.57611846923828,37407500,0.0,0.0,0.0
2014-10-16,124.12000274658203,124.12999725341797,121.44000244140625,121.75,89.99955749511719,18096600,0.0,0.0,0.0
2014-10-17,121.19000244140625,121.70999908447266,120.4800033569336,121.06999969482422,89.49687957763672,8524300,0.0,0.0,0.0
2014-10-20,121.77999877929688,121.8499984741211,120.94000244140625,121.51000213623047,89.8221435546875,7742500,0.0,0.0,0.0
2014-10-21,120.83999633789062,121.23999786376953,120.52999877929688,120.54000091552734,89.1050796508789,9754700,0.0,0.0,0.0
2014-10-22,120.47000122070312,120.8499984741211,120.22000122070312,120.66999816894531,89.2011947631836,9260200,0.0,0.0,0.0
2014-10-23,120.04000091552734,120.18000030517578,119.05999755859375,119.5999984741211,88.41020202636719,10936300,0.0,0.0,0.0
2014-10-24,119.93000030517578,120.41000366210938,119.47000122070312,119.72000122070312,88.49897003173828,5704900,0.0,0.0,0.0
2014-10-27,119.88999938964844,120.2699966430664,119.66000366210938,119.94000244140625,88.66152954101562,3391900,0.0,0.0,0.0
2014-10-28,119.4800033569336,119.6500015258789,119.08000183105469,119.19000244140625,88.107177734375,5141300,0.0,0.0,0.0
2014-10-29,118.95999908447266,119.81999969482422,118.41999816894531,119.45999908447266,88.30672454833984,9105100,0.0,0.0,0.0
2014-10-30,120.31999969482422,120.45999908447266,119.51000213623047,119.55999755859375,88.38068389892578,7024400,0.0,0.0,0.0
2014-10-31,119.33999633789062,119.70999908447266,118.83000183105469,119.25,88.15151977539062,6664200,0.0,0.0,0.0
2014-11-03,118.9000015258789,119.16000366210938,118.20999908447266,118.95999908447266,88.1514892578125,9726600,0.29,0.0,0.0
2014-11-04,119.41999816894531,119.91000366210938,119.08000183105469,119.33000183105469,88.42566680908203,3664800,0.0,0.0,0.0
2014-11-05,118.91000366210938,119.37000274658203,118.81999969482422,119.16000366210938,88.2997055053711,4799600,0.0,0.0,0.0
2014-11-06,118.5999984741211,118.93000030517578,118.30999755859375,118.38999938964844,87.72915649414062,5901900,0.0,0.0,0.0
2014-11-07,118.72000122070312,119.75,118.68000030517578,119.75,88.73690032958984,8550500,0.0,0.0,0.0
2014-11-10,119.58000183105469,119.58000183105469,118.55999755859375,118.6500015258789,87.92183685302734,4787300,0.0,0.0,0.0
2014-11-11,118.4800033569336,118.80999755859375,118.33999633789062,118.7300033569336,87.9810791015625,2416500,0.0,0.0,0.0
2014-11-12,119.19999694824219,119.52999877929688,118.44999694824219,118.62999725341797,87.90695190429688,4040800,0.0,0.0,0.0
2014-11-13,118.69999694824219,119.18000030517578,118.44000244140625,118.91000366210938,88.11446380615234,4475900,0.0,0.0,0.0
2014-11-14,118.83999633789062,119.58999633789062,118.68000030517578,119.48999786376953,88.54423522949219,5191200,0.0,0.0,0.0
2014-11-17,119.77999877929688,119.79000091552734,118.87999725341797,119.19000244140625,88.32196807861328,4726200,0.0,0.0,0.0
2014-11-18,119.31999969482422,119.58000183105469,119.16000366210938,119.5199966430664,88.56648254394531,4471200,0.0,0.0,0.0
2014-11-19,118.87999725341797,119.58000183105469,118.76000213623047,118.76000213623047,88.00330352783203,5792500,0.0,0.0,0.0
2014-11-20,119.9000015258789,119.94999694824219,119.05999755859375,119.37999725341797,88.46275329589844,5683600,0.0,0.0,0.0
2014-11-21,119.56999969482422,120.16000366210938,119.5199966430664,120.0999984741211,88.99626159667969,3640100,0.0,0.0,0.0
2014-11-24,119.66999816894531,120.2699966430664,119.55000305175781,120.19999694824219,89.07038879394531,4033900,0.0,0.0,0.0
2014-11-25,120.37000274658203,121.2699966430664,120.30999755859375,121.19999694824219,89.81140899658203,6770000,0.0,0.0,0.0
2014-11-26,121.63999938964844,121.87000274658203,121.47000122070312,121.52999877929688,90.05592346191406,4339100,0.0,0.0,0.0
2014-11-28,122.12999725341797,122.66999816894531,122.12999725341797,122.48999786376953,90.76727294921875,4562200,0.0,0.0,0.0
2014-12-01,122.68000030517578,122.80999755859375,121.45999908447266,121.5,90.23776245117188,7728600,0.277,0.0,0.0
2014-12-02,120.83999633789062,120.8499984741211,120.29000091552734,120.31999969482422,89.36135864257812,5757200,0.0,0.0,0.0
2014-12-03,120.30000305175781,120.80000305175781,120.12999725341797,120.79000091552734,89.7104263305664,4868600,0.0,0.0,0.0
2014-12-04,120.75,121.80000305175781,120.62000274658203,121.80000305175781,90.4605484008789,4250500,0.0,0.0,0.0
2014-12-05,121.56999969482422,121.5999984741211,120.5199966430664,121.08999633789062,89.93326568603516,8030700,0.0,0.0,0.0
2014-12-08,121.41999816894531,122.83999633789062,121.13999938964844,122.56999969482422,91.032470703125,6021800,0.0,0.0,0.0
2014-12-09,123.5999984741211,123.97000122070312,122.95999908447266,123.19999694824219,91.50032806396484,6639700,0.0,0.0,0.0
2014-12-10,123.18000030517578,124.4000015258789,123.08000183105469,124.0999984741211,92.16873931884766,6439200,0.0,0.0,0.0
2014-12-11,123.73999786376953,124.61000061035156,123.29000091552734,124.61000061035156,92.54756164550781,7863500,0.0,0.0,0.0
2014-12-12,125.44999694824219,126.3499984741211,125.0199966430664,126.30000305175781,93.80264282226562,9317400,0.0,0.0,0.0
2014-12-15,125.63999938964844,126.69999694824219,125.43000030517578,126.04000091552734,93.60958099365234,9387400,0.0,0.0,0.0
2014-12-16,127.36000061035156,127.72000122070312,126.36000061035156,127.5999984741211,94.7682113647461,7426400,0.0,0.0,0.0
2014-12-17,126.91000366210938,127.19000244140625,125.69999694824219,126.44999694824219,93.91413879394531,11558800,0.0,0.0,0.0
2014-12-18,124.93000030517578,125.0999984741211,124.19999694824219,124.19999694824219,92.2430191040039,12758200,0.0,0.0,0.0
2014-12-19,124.58000183105469,125.94999694824219,124.44000244140625,125.87000274658203,93.48336791992188,7894500,0.0,0.0,0.0
2014-12-22,125.44999694824219,126.19000244140625,125.31999969482422,126.04000091552734,93.60958099365234,4118800,0.0,0.0,0.0
2014-12-23,125.44999694824219,125.5999984741211,123.48999786376953,123.54000091552734,91.75285339355469,7406100,0.0,0.0,0.0
2014-12-24,123.05999755859375,124.05999755859375,122.93000030517578,123.94999694824219,92.25228118896484,4871400,0.261,0.0,0.0
2014-12-26,124.55000305175781,124.58999633789062,124.0199966430664,124.41000366210938,92.59461975097656,2921300,0.0,0.0,0.0
2014-12-29,124.91000366210938,125.66000366210938,124.80999755859375,125.33999633789062,93.28678894042969,4070700,0.0,0.0,0.0
2014-12-30,125.9800033569336,126.20999908447266,125.52999877929688,125.68000030517578,93.53987121582031,4372600,0.0,0.0,0.0
2014-12-31,125.69999694824219,126.16999816894531,125.6500015258789,125.91999816894531,93.71845245361328,4993300,0.0,0.0,0.0
2015-01-02,126.29000091552734,127.66000366210938,126.1500015258789,127.31999969482422,94.7604751586914,9432000,0.0,0.0,0.0
2015-01-05,128.00999450683594,129.6300048828125,127.95999908447266,129.32000732421875,96.24898529052734,9789500,0.0,0.0,0.0
2015-01-06,130.6999969482422,132.49000549316406,130.19000244140625,131.64999389648438,97.98316192626953,18331300,0.0,0.0,0.0
2015-01-07,130.6999969482422,131.97000122070312,130.1699981689453,131.38999938964844,97.78960418701172,9762900,0.0,0.0,0.0
2015-01-08,130.36000061035156,130.3699951171875,129.4199981689453,129.64999389648438,96.49459838867188,8055300,0.0,0.0,0.0
2015-01-09,129.1999969482422,131.11000061035156,129.0399932861328,131.07000732421875,97.55147552490234,9398800,0.0,0.0,0.0
2015-01-12,131.0,132.30999755859375,130.9199981689453,131.82000732421875,98.10968017578125,6658100,0.0,0.0,0.0
2015-01-13,131.38999938964844,132.61000061035156,131.13999938964844,131.82000732421875,98.10968017578125,8260800,0.0,0.0,0.0
2015-01-14,133.72000122070312,134.1199951171875,132.6999969482422,132.82000732421875,98.85397338867188,12324500,0.0,0.0,0.0
2015-01-15,132.85000610351562,135.02999877929688,132.67999267578125,134.91000366210938,100.40949249267578,11454200,0.0,0.0,0.0
2015-01-16,134.3300018310547,134.67999267578125,133.02999877929688,133.19000244140625,99.12936401367188,9390500,0.0,0.0,0.0
2015-01-20,134.1300048828125,135.11000061035156,134.07000732421875,134.9600067138672,100.44668579101562,7758700,0.0,0.0,0.0
2015-01-21,135.1999969482422,135.58999633789062,132.9600067138672,133.39999389648438,99.28560638427734,9803900,0.0,0.0,0.0
2015-01-22,134.0,134.17999267578125,132.27999877929688,132.9199981689453,98.92835235595703,10200000,0.0,0.0,0.0
2015-01-23,134.3000030517578,135.1199951171875,134.14999389648438,134.77000427246094,100.30525207519531,7334600,0.0,0.0,0.0
2015-01-26,134.83999633789062,135.19000244140625,134.0500030517578,134.36000061035156,100.00006866455078,5966500,0.0,0.0,0.0
2015-01-27,135.72999572753906,136.1300048828125,134.14999389648438,134.57000732421875,100.1563949584961,8079600,0.0,0.0,0.0
2015-01-28,134.75,137.41000366210938,134.6999969482422,136.77000427246094,101.79381561279297,12230300,0.0,0.0,0.0
2015-01-29,136.1199951171875,136.6699981689453,135.4600067138672,135.8699951171875,101.12399291992188,8881400,0.0,0.0,0.0
2015-01-30,137.7100067138672,138.5,137.17999267578125,138.27999877929688,102.91767120361328,14871200,0.0,0.0,0.0
2015-02-02,136.6999969482422,137.9199981689453,136.66000366210938,137.47999572753906,102.5291519165039,13689900,0.279,0.0,0.0
2015-02-03,135.64999389648438,135.7899932861328,134.3699951171875,134.57000732421875,100.35889434814453,14008700,0.0,0.0,0.0
2015-02-04,133.49000549316406,134.99000549316406,133.1199951171875,134.8000030517578,100.53041076660156,11360400,0.0,0.0,0.0
2015-02-05,134.0,134.22999572753906,133.11000061035156,133.32000732421875,99.42668151855469,8334600,0.0,0.0,0.0
2015-02-06,132.0500030517578,132.35000610351562,130.58999633789062,130.9600067138672,97.6666259765625,13685600,0.0,0.0,0.0
2015-02-09,131.97000122070312,131.97999572753906,130.75,130.75,97.51001739501953,8025500,0.0,0.0,0.0
2015-02-10,130.13999938964844,130.47000122070312,129.44000244140625,129.7100067138672,96.73441314697266,8290700,0.0,0.0,0.0
2015-02-11,129.6999969482422,130.27000427246094,128.9600067138672,129.9499969482422,96.9134292602539,6506400,0.0,0.0,0.0
2015-02-12,129.66000366210938,130.5399932861328,129.4499969482422,129.52000427246094,96.59273529052734,12548300,0.0,0.0,0.0
2015-02-13,129.50999450683594,129.52999877929688,128.08999633789062,128.19000244140625,95.60087585449219,8325200,0.0,0.0,0.0
2015-02-17,127.80000305175781,127.93000030517578,125.91999816894531,126.26000213623047,94.16150665283203,14968800,0.0,0.0,0.0
2015-02-18,126.81999969482422,127.73999786376953,126.47000122070312,127.01000213623047,94.72081756591797,14009200,0.0,0.0,0.0
2015-02-19,126.77999877929688,127.44999694824219,126.16999816894531,126.16999816894531,94.09440612792969,8584800,0.0,0.0,0.0
2015-02-20,127.05000305175781,128.00999450683594,126.0,126.54000091552734,94.37033081054688,12502500,0.0,0.0,0.0
2015-02-23,127.19000244140625,128.1699981689453,127.16000366210938,127.98999786376953,95.45167541503906,7500500,0.0,0.0,0.0
2015-02-24,127.6500015258789,129.7899932861328,127.18000030517578,129.6699981689453,96.70459747314453,11958300,0.0,0.0,0.0
2015-02-25,129.4600067138672,130.38999938964844,129.0800018310547,130.22999572753906,97.12217712402344,8019800,0.0,0.0,0.0
2015-02-26,129.6999969482422,130.3000030517578,128.39999389648438,128.4499969482422,95.79476165771484,11020500,0.0,0.0,0.0
2015-02-27,129.02000427246094,129.6199951171875,128.27000427246094,129.52999877929688,96.6001968383789,9225100,0.0,0.0,0.0
2015-03-02,129.0,129.07000732421875,126.7699966430664,126.87000274658203,94.80082702636719,11324000,0.252,0.0,0.0
2015-03-03,126.88999938964844,127.37000274658203,126.37999725341797,126.41000366210938,94.4571304321289,8599000,0.0,0.0,0.0
2015-03-04,126.94000244140625,127.04000091552734,126.16000366210938,126.44999694824219,94.4870376586914,6478900,0.0,0.0,0.0
2015-03-05,126.52999877929688,126.87999725341797,125.9000015258789,126.29000091552734,94.36750030517578,6045000,0.0,0.0,0.0
2015-03-06,124.66999816894531,124.83000183105469,122.97000122070312,123.5,92.28269958496094,20022900,0.0,0.0,0.0
2015-03-09,124.68000030517578,124.87000274658203,124.12999725341797,124.63999938964844,93.13452911376953,8889100,0.0,0.0,0.0
2015-03-10,125.97000122070312,126.44000244140625,125.76000213623047,126.27999877929688,94.35999298095703,9277900,0.0,0.0,0.0
2015-03-11,126.26000213623047,127.45999908447266,126.12000274658203,127.19999694824219,95.04745483398438,6663100,0.0,0.0,0.0
2015-03-12,128.1999969482422,128.1999969482422,126.72000122070312,127.11000061035156,94.98021697998047,10295900,0.0,0.0,0.0
2015-03-13,126.76000213623047,127.58999633789062,126.48999786376953,126.72000122070312,94.68875885009766,7247200,0.0,0.0,0.0
2015-03-16,127.94000244140625,128.14999389648438,127.2699966430664,127.94000244140625,95.60040283203125,6374600,0.0,0.0,0.0
2015-03-17,128.5500030517578,129.11000061035156,128.27999877929688,129.0,96.3924789428711,6314000,0.0,0.0,0.0
2015-03-18,129.91000366210938,131.52999877929688,128.61000061035156,131.49000549316406,98.25305938720703,13981900,0.0,0.0,0.0
2015-03-19,131.1999969482422,131.6199951171875,130.27000427246094,130.82000732421875,97.75238800048828,9543800,0.0,0.0,0.0
2015-03-20,131.22000122070312,131.6999969482422,131.13999938964844,131.50999450683594,98.26801300048828,5953800,0.0,0.0,0.0
2015-03-23,131.6999969482422,131.75,130.99000549316406,131.35000610351562,98.14845275878906,5555500,0.0,0.0,0.0
2015-03-24,131.8300018310547,132.63999938964844,131.47999572753906,132.6199951171875,99.09741973876953,6713000,0.0,0.0,0.0
2015-03-25,132.72000122070312,132.75999450683594,131.4600067138672,131.5,98.26052856445312,5635800,0.0,0.0,0.0
2015-03-26,131.0500030517578,131.13999938964844,129.17999267578125,129.4499969482422,96.72872161865234,9536300,0.0,0.0,0.0
2015-03-27,130.02999877929688,131.1300048828125,129.97999572753906,131.05999755859375,97.93174743652344,7907900,0.0,0.0,0.0
2015-03-30,130.89999389648438,131.0,130.08999633789062,130.41000366210938,97.446044921875,7010600,0.0,0.0,0.0
2015-03-31,130.24000549316406,130.9600067138672,129.91000366210938,130.69000244140625,97.65525817871094,6844300,0.0,0.0,0.0
2015-04-01,131.3300018310547,132.47999572753906,131.3000030517578,132.1300048828125,98.93795013427734,9273900,0.273,0.0,0.0
2015-04-02,131.92999267578125,131.97000122070312,130.61000061035156,130.72999572753906,97.88964080810547,6663400,0.0,0.0,0.0
2015-04-06,131.42999267578125,131.47999572753906,129.72000122070312,130.0,97.34304809570312,5923800,0.0,0.0,0.0
2015-04-07,130.22999572753906,131.22000122070312,129.85000610351562,131.08999633789062,98.15921783447266,4764900,0.0,0.0,0.0
2015-04-08,131.02000427246094,131.36000061035156,130.02000427246094,131.1300048828125,98.1891860961914,5378900,0.0,0.0,0.0
2015-04-09,130.8699951171875,130.9199981689453,129.1300048828125,129.42999267578125,96.9162826538086,6484200,0.0,0.0,0.0
2015-04-10,130.32000732421875,130.4499969482422,129.5500030517578,129.6199951171875,97.0584716796875,4843000,0.0,0.0,0.0
2015-04-13,129.52999877929688,129.97999572753906,129.38999938964844,129.8000030517578,97.19329833984375,4010600,0.0,0.0,0.0
2015-04-14,131.30999755859375,131.86000061035156,130.47999572753906,130.72000122070312,97.88216400146484,6075500,0.0,0.0,0.0
2015-04-15,131.0500030517578,131.27000427246094,130.32000732421875,130.61000061035156,97.7997817993164,4425200,0.0,0.0,0.0
2015-04-16,130.8300018310547,130.86000061035156,129.41000366210938,129.9600067138672,97.31309509277344,7085500,0.0,0.0,0.0
2015-04-17,129.77000427246094,131.6999969482422,129.6999969482422,131.4499969482422,98.42874145507812,7268800,0.0,0.0,0.0
2015-04-20,130.94000244140625,131.00999450683594,129.92999267578125,130.2899932861328,97.56014251708984,4949400,0.0,0.0,0.0
2015-04-21,130.22999572753906,130.4499969482422,129.55999755859375,129.6999969482422,97.11839294433594,4563800,0.0,0.0,0.0
2015-04-22,129.5,129.5500030517578,127.54000091552734,127.72000122070312,95.63578796386719,9707600,0.0,0.0,0.0
2015-04-23,127.80000305175781,128.85000610351562,127.61000061035156,128.27000427246094,96.04762268066406,6843400,0.0,0.0,0.0
2015-04-24,128.63999938964844,129.42999267578125,128.58999633789062,129.07000732421875,96.64665222167969,4773000,0.0,0.0,0.0
2015-04-27,129.07000732421875,129.5,128.3699951171875,129.07000732421875,96.64665222167969,4334900,0.0,0.0,0.0
2015-04-28,128.1699981689453,128.74000549316406,127.26000213623047,127.29000091552734,95.31376647949219,7464300,0.0,0.0,0.0
2015-04-29,125.80999755859375,126.44000244140625,125.27999877929688,125.7300033569336,94.14568328857422,11554800,0.0,0.0,0.0
2015-04-30,125.04000091552734,126.16999816894531,124.51000213623047,125.94999694824219,94.31040954589844,12876000,0.0,0.0,0.0
2015-05-01,124.7300033569336,125.04000091552734,123.69000244140625,124.0,93.04086303710938,12378500,0.258,0.0,0.0
2015-05-04,124.30000305175781,124.52999877929688,122.72000122070312,122.83000183105469,92.16297149658203,9144700,0.0,0.0,0.0
2015-05-05,122.86000061035156,123.02999877929688,121.69000244140625,122.66000366210938,92.03541564941406,13935500,0.0,0.0,0.0
2015-05-06,121.98999786376953,122.05999755859375,120.37000274658203,120.55999755859375,90.45970153808594,14355000,0.0,0.0,0.0
2015-05-07,121.43000030517578,122.56999969482422,121.3499984741211,122.18000030517578,91.67525482177734,11933700,0.0,0.0,0.0
2015-05-08,123.37999725341797,123.55000305175781,122.30999755859375,122.51000213623047,91.92286682128906,11716400,0.0,0.0,0.0
2015-05-11,121.62000274658203,121.6500015258789,119.5,119.52999877929688,89.68689727783203,13738600,0.0,0.0,0.0
2015-05-12,119.13999938964844,120.62999725341797,118.81999969482422,119.83999633789062,89.91946411132812,15861700,0.0,0.0,0.0
2015-05-13,120.6500015258789,120.72000122070312,118.63999938964844,118.87999725341797,89.19918060302734,15760000,0.0,0.0,0.0
2015-05-14,118.91999816894531,119.83000183105469,118.69000244140625,119.19999694824219,89.43931579589844,9128400,0.0,0.0,0.0
2015-05-15,120.37999725341797,121.91000366210938,120.29000091552734,121.58999633789062,91.23253631591797,12630600,0.0,0.0,0.0
2015-05-18,120.31999969482422,120.43000030517578,119.47000122070312,119.55000305175781,89.70189666748047,10208300,0.0,0.0,0.0
2015-05-19,118.2699966430664,119.83999633789062,118.12999725341797,118.48999786376953,88.90650939941406,8435300,0.0,0.0,0.0
2015-05-20,118.7699966430664,119.44999694824219,118.18000030517578,118.69000244140625,89.05659484863281,7789700,0.0,0.0,0.0
2015-05-21,119.58000183105469,120.61000061035156,119.44999694824219,120.3499984741211,90.30215454101562,11760700,0.0,0.0,0.0
2015-05-22,120.6500015258789,120.75,119.80000305175781,120.4000015258789,90.33966827392578,5417900,0.0,0.0,0.0
2015-05-26,120.83999633789062,122.55000305175781,120.73999786376953,122.45999908447266,91.88539123535156,10469700,0.0,0.0,0.0
2015-05-27,122.18000030517578,122.86000061035156,121.61000061035156,122.73999786376953,92.09542846679688,6490300,0.0,0.0,0.0
2015-05-28,122.5,123.02999877929688,122.22000122070312,122.44000244140625,91.87033081054688,6237600,0.0,0.0,0.0
2015-05-29,123.2300033569336,123.56999969482422,122.51000213623047,122.70999908447266,92.07292938232422,7912000,0.0,0.0,0.0
2015-06-01,122.11000061035156,122.37999725341797,120.69000244140625,121.12999725341797,91.08332061767578,13108100,0.264,0.0,0.0
2015-06-02,120.16999816894531,120.26000213623047,119.11000061035156,119.44000244140625,89.81262969970703,10076200,0.0,0.0,0.0
2015-06-03,118.38999938964844,118.5999984741211,117.19999694824219,117.5199966430664,88.36885833740234,14810900,0.0,0.0,0.0
2015-06-04,118.26000213623047,119.29000091552734,118.13999938964844,119.05000305175781,89.51934814453125,10859300,0.0,0.0,0.0
2015-06-05,117.83999633789062,118.56999969482422,117.37999725341797,117.5999984741211,88.42898559570312,11200200,0.0,0.0,0.0
2015-06-08,117.95999908447266,118.16000366210938,117.37000274658203,117.47000122070312,88.33126831054688,5334000,0.0,0.0,0.0
2015-06-09,117.05999755859375,117.12999725341797,116.11000061035156,116.54000091552734,87.63197326660156,12393900,0.0,0.0,0.0
2015-06-10,115.91999816894531,116.12999725341797,115.26000213623047,115.5199966430664,86.86492919921875,12183600,0.0,0.0,0.0
2015-06-11,116.55999755859375,117.97000122070312,116.23999786376953,117.94999694824219,88.69215393066406,13849300,0.0,0.0,0.0
2015-06-12,117.58999633789062,119.06999969482422,117.55000305175781,117.94999694824219,88.69215393066406,7863100,0.0,0.0,0.0
2015-06-15,118.88999938964844,119.05999755859375,117.73999786376953,118.13999938964844,88.83506774902344,8194200,0.0,0.0,0.0
2015-06-16,118.61000061035156,119.08000183105469,117.94000244140625,119.06999969482422,89.5343017578125,7046400,0.0,0.0,0.0
2015-06-17,118.5,118.62999725341797,117.25,118.1500015258789,88.84261322021484,13626100,0.0,0.0,0.0
2015-06-18,117.37000274658203,117.73999786376953,116.75,117.56999969482422,88.40647888183594,10123300,0.0,0.0,0.0
2015-06-19,118.51000213623047,119.19000244140625,118.48999786376953,119.08000183105469,89.54192352294922,10439200,0.0,0.0,0.0
2015-06-22,117.83999633789062,118.13999938964844,116.58999633789062,116.6500015258789,87.71469116210938,9769000,0.0,0.0,0.0
2015-06-23,115.7300033569336,116.95999908447266,115.69000244140625,115.94999694824219,87.18828582763672,8945100,0.0,0.0,0.0
2015-06-24,116.51000213623047,117.16999816894531,116.16000366210938,116.94999694824219,87.94024658203125,8600400,0.0,0.0,0.0
2015-06-25,116.58999633789062,117.08000183105469,116.19000244140625,116.54000091552734,87.63197326660156,8287800,0.0,0.0,0.0
2015-06-26,115.66999816894531,115.87000274658203,114.87999725341797,115.2300033569336,86.64694213867188,11673000,0.0,0.0,0.0
2015-06-29,116.95999908447266,118.66999816894531,116.45999908447266,118.27999877929688,88.94027709960938,17132900,0.0,0.0,0.0
2015-06-30,117.4000015258789,118.69999694824219,117.33000183105469,117.45999908447266,88.32369232177734,13469000,0.0,0.0,0.0
2015-07-01,115.81999969482422,116.36000061035156,115.43000030517578,115.62000274658203,87.13152313232422,12451500,0.258,0.0,0.0
2015-07-02,116.31999969482422,116.66000366210938,115.87999725341797,116.0,87.41789245605469,6682100,0.0,0.0,0.0
2015-07-06,118.05000305175781,118.6500015258789,117.05999755859375,118.1500015258789,89.03813171386719,10605800,0.0,0.0,0.0
2015-07-07,119.66000366210938,120.48999786376953,118.94999694824219,119.26000213623047,89.87464904785156,16160100,0.0,0.0,0.0
2015-07-08,120.0199966430664,120.56999969482422,119.5,120.29000091552734,90.65089416503906,9951800,0.0,0.0,0.0
2015-07-09,118.69999694824219,119.12000274658203,117.8499984741211,117.91999816894531,88.86480712890625,11108900,0.0,0.0,0.0
2015-07-10,116.04000091552734,116.72000122070312,115.76000213623047,116.05000305175781,87.45556640625,13636600,0.0,0.0,0.0
2015-07-13,115.38999938964844,116.45999908447266,115.38999938964844,115.69000244140625,87.18427276611328,8006700,0.0,0.0,0.0
2015-07-14,116.0199966430664,116.2699966430664,115.66000366210938,116.06999969482422,87.47064971923828,4227800,0.0,0.0,0.0
2015-07-15,116.11000061035156,117.55000305175781,116.04000091552734,117.30000305175781,88.3976058959961,8720400,0.0,0.0,0.0
2015-07-16,116.88999938964844,118.16000366210938,116.87000274658203,118.11000061035156,89.00801849365234,7306500,0.0,0.0,0.0
2015-07-17,118.37000274658203,118.88999938964844,118.36000061035156,118.72000122070312,89.46769714355469,7404900,0.0,0.0,0.0
2015-07-20,118.29000091552734,118.6500015258789,117.9000015258789,118.22000122070312,89.09088134765625,5941000,0.0,0.0,0.0
2015-07-21,117.68000030517578,118.93000030517578,117.66000366210938,118.86000061035156,89.57317352294922,5627500,0.0,0.0,0.0
2015-07-22,119.01000213623047,119.9000015258789,118.94999694824219,119.5999984741211,90.1308822631836,6228900,0.0,0.0,0.0
2015-07-23,119.5999984741211,121.19999694824219,119.44999694824219,121.08999633789062,91.25375366210938,9087700,0.0,0.0,0.0
2015-07-24,121.5,121.55000305175781,120.91999816894531,121.38999938964844,91.47980499267578,7307900,0.0,0.0,0.0
2015-07-27,122.19000244140625,122.29000091552734,121.4800033569336,122.04000091552734,91.9696273803711,8172000,0.0,0.0,0.0
2015-07-28,121.16000366210938,121.56999969482422,120.9000015258789,121.1500015258789,91.29890441894531,9128200,0.0,0.0,0.0
2015-07-29,121.0199966430664,121.16999816894531,120.41999816894531,120.69999694824219,90.95979309082031,6706400,0.0,0.0,0.0
2015-07-30,121.20999908447266,121.94000244140625,121.1500015258789,121.62999725341797,91.66070556640625,6146600,0.0,0.0,0.0
2015-07-31,122.44000244140625,122.9000015258789,122.05999755859375,122.52999877929688,92.33888244628906,9178400,0.0,0.0,0.0
2015-08-03,122.31999969482422,123.75,122.31999969482422,123.55000305175781,93.31092071533203,11753700,0.267,0.0,0.0
2015-08-04,123.16000366210938,123.31999969482422,122.45999908447266,122.56999969482422,92.57074737548828,6448800,0.0,0.0,0.0
2015-08-05,121.7699966430664,121.91000366210938,121.19000244140625,121.6500015258789,91.8759765625,7574400,0.0,0.0,0.0
2015-08-06,122.0,122.87000274658203,122.0,122.7300033569336,92.69161224365234,6118100,0.0,0.0,0.0
2015-08-07,123.30000305175781,124.5,123.23999786376953,124.33999633789062,93.9075927734375,8317000,0.0,0.0,0.0
2015-08-10,123.41000366210938,123.56999969482422,122.5199966430664,122.80000305175781,92.74449157714844,7461700,0.0,0.0,0.0
2015-08-11,124.30000305175781,125.12999725341797,124.16000366210938,124.75,94.21722412109375,11145700,0.0,0.0,0.0
2015-08-12,124.93000030517578,125.70999908447266,124.0,124.06999969482422,93.70368194580078,8455200,0.0,0.0,0.0
2015-08-13,123.83000183105469,124.41999816894531,123.22000122070312,123.66999816894531,93.40155792236328,7691400,0.0,0.0,0.0
2015-08-14,123.47000122070312,124.37000274658203,123.19999694824219,123.95999908447266,93.62055969238281,4324700,0.0,0.0,0.0
2015-08-17,124.70999908447266,125.0999984741211,124.38999938964844,124.5199966430664,94.04352569580078,7880300,0.0,0.0,0.0
2015-08-18,123.80000305175781,124.29000091552734,123.37999725341797,123.54000091552734,93.30337524414062,5024300,0.0,0.0,0.0
2015-08-19,123.05999755859375,124.93000030517578,122.98999786376953,124.76000213623047,94.22476959228516,10736000,0.0,0.0,0.0
2015-08-20,125.37000274658203,126.0999984741211,125.18000030517578,126.0199966430664,95.1763687133789,9078300,0.0,0.0,0.0
2015-08-21,126.16000366210938,126.73999786376953,125.58999633789062,126.4000015258789,95.46333312988281,10718300,0.0,0.0,0.0
2015-08-24,128.30999755859375,128.9199981689453,125.81999969482422,126.36000061035156,95.43319702148438,16663400,0.0,0.0,0.0
2015-08-25,124.55000305175781,124.79000091552734,123.55999755859375,124.33000183105469,93.90003967285156,15354800,0.0,0.0,0.0
2015-08-26,123.0,123.51000213623047,121.36000061035156,121.93000030517578,92.08741760253906,16429900,0.0,0.0,0.0
2015-08-27,121.81999969482422,122.87000274658203,121.6500015258789,122.0,92.14033508300781,9127000,0.0,0.0,0.0
2015-08-28,123.1500015258789,123.47000122070312,122.2300033569336,122.36000061035156,92.41217041015625,9946200,0.0,0.0,0.0
2015-08-31,123.36000061035156,123.47000122070312,121.33999633789062,121.41999816894531,91.70226287841797,8617600,0.0,0.0,0.0
2015-09-01,121.63999938964844,122.08999633789062,120.9800033569336,122.02999877929688,92.3630142211914,15298200,0.263,0.0,0.0
2015-09-02,121.41999816894531,121.9800033569336,120.86000061035156,120.9800033569336,91.56826782226562,9515200,0.0,0.0,0.0
2015-09-03,121.37999725341797,121.66999816894531,120.70999908447266,121.56999969482422,92.01486206054688,7042500,0.0,0.0,0.0
2015-09-04,122.44999694824219,122.93000030517578,121.81999969482422,122.68000030517578,92.8550033569336,7951300,0.0,0.0,0.0
2015-09-08,121.37999725341797,121.55999755859375,120.76000213623047,120.87000274658203,91.48504638671875,7049500,0.0,0.0,0.0
2015-09-09,119.62999725341797,121.70999908447266,119.55999755859375,121.44999694824219,91.92400360107422,7441900,0.0,0.0,0.0
2015-09-10,121.0199966430664,121.19000244140625,120.44999694824219,120.62999725341797,91.30335235595703,6789700,0.0,0.0,0.0
2015-09-11,121.47000122070312,122.08000183105469,121.33000183105469,121.38999938964844,91.87860870361328,5890900,0.0,0.0,0.0
2015-09-14,121.94999694824219,122.1500015258789,121.27999877929688,121.58000183105469,92.0224380493164,4221700,0.0,0.0,0.0
2015-09-15,120.88999938964844,121.05000305175781,119.12000274658203,119.25,90.25885772705078,11895000,0.0,0.0,0.0
2015-09-16,118.95999908447266,119.44000244140625,118.55000305175781,118.80000305175781,89.91828155517578,6949800,0.0,0.0,0.0
2015-09-17,118.87999725341797,120.37000274658203,118.7300033569336,120.25,91.01580047607422,19843600,0.0,0.0,0.0
2015-09-18,121.20999908447266,122.19999694824219,121.12999725341797,122.0999984741211,92.41596221923828,14963300,0.0,0.0,0.0
2015-09-21,121.01000213623047,121.11000061035156,119.77999877929688,120.11000061035156,90.90979766845703,10085600,0.0,0.0,0.0
2015-09-22,121.44000244140625,122.38999938964844,121.13999938964844,121.77999877929688,92.17379760742188,9968200,0.0,0.0,0.0
2015-09-23,121.62000274658203,122.06999969482422,120.98999786376953,121.7699966430664,92.16620635986328,6769900,0.0,0.0,0.0
2015-09-24,123.16999816894531,123.68000030517578,122.48999786376953,122.5999984741211,92.79446411132812,9605800,0.0,0.0,0.0
2015-09-25,121.6500015258789,121.93000030517578,121.2699966430664,121.54000091552734,91.99214172363281,8383700,0.0,0.0,0.0
2015-09-28,122.19999694824219,123.7699966430664,122.19999694824219,123.62000274658203,93.56649780273438,9833400,0.0,0.0,0.0
2015-09-29,123.54000091552734,124.29000091552734,123.25,123.97000122070312,93.83138275146484,9006100,0.0,0.0,0.0
2015-09-30,123.41000366210938,123.80000305175781,123.12000274658203,123.54000091552734,93.50589752197266,9832600,0.0,0.0,0.0
2015-10-01,124.08000183105469,124.5199966430664,123.66000366210938,123.80999755859375,93.90485382080078,9069400,0.256,0.0,0.0
2015-10-02,125.58999633789062,126.20999908447266,124.18000030517578,124.55999755859375,94.47370910644531,13000400,0.0,0.0,0.0
2015-10-05,123.72000122070312,123.83000183105469,122.77999877929688,122.87000274658203,93.19194793701172,11362700,0.0,0.0,0.0
2015-10-06,122.55000305175781,123.5999984741211,122.41000366210938,123.4000015258789,93.59392547607422,5687800,0.0,0.0,0.0
2015-10-07,122.80999755859375,123.33000183105469,122.51000213623047,122.98999786376953,93.28289794921875,6712800,0.0,0.0,0.0
2015-10-08,123.29000091552734,123.37000274658203,121.66000366210938,121.95999908447266,92.50171661376953,12882300,0.0,0.0,0.0
2015-10-09,121.97000122070312,122.63999938964844,121.9000015258789,122.27999877929688,92.7444076538086,9038100,0.0,0.0,0.0
2015-10-12,123.02999877929688,123.43000030517578,122.91000366210938,123.20999908447266,93.44979095458984,4241000,0.0,0.0,0.0
2015-10-13,123.52999877929688,123.5999984741211,122.80000305175781,123.41999816894531,93.6090316772461,6147200,0.0,0.0,0.0
2015-10-14,123.69999694824219,124.55000305175781,123.30000305175781,124.5,94.42821502685547,9738100,0.0,0.0,0.0
2015-10-15,124.30999755859375,124.45999908447266,123.77999877929688,123.88999938964844,93.9655532836914,6924300,0.0,0.0,0.0
2015-10-16,124.25,124.47000122070312,123.87000274658203,123.93000030517578,93.99592590332031,8048300,0.0,0.0,0.0
2015-10-19,123.79000091552734,123.97000122070312,122.91000366210938,123.58999633789062,93.73799133300781,6238400,0.0,0.0,0.0
2015-10-20,122.80000305175781,122.97000122070312,122.55000305175781,122.83000183105469,93.16158294677734,6431300,0.0,0.0,0.0
2015-10-21,123.61000061035156,124.22000122070312,123.47000122070312,124.05000305175781,94.08690643310547,6603800,0.0,0.0,0.0
2015-10-22,124.0999984741211,124.77999877929688,123.51000213623047,124.26000213623047,94.24617767333984,6934100,0.0,0.0,0.0
2015-10-23,123.0999984741211,123.45999908447266,122.8499984741211,123.19999694824219,93.44222259521484,7058200,0.0,0.0,0.0
2015-10-26,123.87000274658203,124.19999694824219,123.80999755859375,124.0199966430664,94.06414794921875,5859800,0.0,0.0,0.0
2015-10-27,124.51000213623047,124.9000015258789,124.16000366210938,124.33000183105469,94.29927062988281,7156800,0.0,0.0,0.0
2015-10-28,124.2699966430664,124.33999633789062,123.30000305175781,123.83000183105469,93.9200439453125,8468700,0.0,0.0,0.0
2015-10-29,123.18000030517578,123.22000122070312,121.69999694824219,121.86000061035156,92.4258804321289,12108000,0.0,0.0,0.0
2015-10-30,122.23999786376953,122.80999755859375,122.0199966430664,122.77999877929688,93.12364196777344,11861400,0.0,0.0,0.0
2015-11-02,121.77999877929688,122.18000030517578,121.68000030517578,121.94999694824219,92.69571685791016,8751000,0.267,0.0,0.0
2015-11-03,121.6500015258789,121.73999786376953,120.79000091552734,120.94999694824219,91.93557739257812,8921600,0.0,0.0,0.0
2015-11-04,121.0999984741211,121.54000091552734,120.69999694824219,121.08999633789062,92.04199981689453,5980800,0.0,0.0,0.0
2015-11-05,121.05000305175781,121.05999755859375,120.30000305175781,120.7699966430664,91.79875946044922,7268400,0.0,0.0,0.0
2015-11-06,119.48999786376953,119.52999877929688,118.73999786376953,119.0,90.45337677001953,10604700,0.0,0.0,0.0
2015-11-09,118.0999984741211,118.9000015258789,118.0,118.33000183105469,89.9441146850586,9159500,0.0,0.0,0.0
2015-11-10,118.5,119.20999908447266,118.37999725341797,118.68000030517578,90.21016693115234,6712500,0.0,0.0,0.0
2015-11-11,118.3499984741211,118.58000183105469,118.2699966430664,118.43000030517578,90.02009582519531,2857900,0.0,0.0,0.0
2015-11-12,118.75,119.44000244140625,118.69999694824219,119.0,90.45337677001953,6805700,0.0,0.0,0.0
2015-11-13,119.31999969482422,119.9000015258789,119.22000122070312,119.68000030517578,90.97025299072266,7906600,0.0,0.0,0.0
2015-11-16,119.79000091552734,120.0,119.12999725341797,119.56999969482422,90.88666534423828,5485300,0.0,0.0,0.0
2015-11-17,119.0,120.12999725341797,118.66000366210938,119.7699966430664,91.03866577148438,5122900,0.0,0.0,0.0
2015-11-18,119.58000183105469,120.19000244140625,119.36000061035156,120.0199966430664,91.22870635986328,5233900,0.0,0.0,0.0
2015-11-19,120.87999725341797,121.1500015258789,120.68000030517578,120.81999969482422,91.8367919921875,6643000,0.0,0.0,0.0
2015-11-20,120.93000030517578,121.04000091552734,120.27999877929688,120.44999694824219,91.55553436279297,5971000,0.0,0.0,0.0
2015-11-23,120.52999877929688,121.12000274658203,120.31999969482422,120.81999969482422,91.8367919921875,5436300,0.0,0.0,0.0
2015-11-24,120.9000015258789,121.19999694824219,120.58000183105469,120.80999755859375,91.82919311523438,3371500,0.0,0.0,0.0
2015-11-25,121.16999816894531,121.41999816894531,120.94999694824219,121.08999633789062,92.04199981689453,3280900,0.0,0.0,0.0
2015-11-27,121.25,121.31999969482422,120.95999908447266,120.97000122070312,91.95082092285156,2570600,0.0,0.0,0.0
2015-11-30,121.0999984741211,121.52999877929688,121.05999755859375,121.44999694824219,92.31565856933594,5179800,0.0,0.0,0.0
2015-12-01,121.26000213623047,122.8499984741211,121.26000213623047,122.83000183105469,93.56260681152344,12766600,0.257,0.0,0.0
2015-12-02,122.66000366210938,123.04000091552734,122.19000244140625,122.87000274658203,93.59305572509766,7345800,0.0,0.0,0.0
2015-12-03,121.36000061035156,121.4000015258789,118.98999786376953,119.52999877929688,91.04890441894531,16612200,0.0,0.0,0.0
2015-12-04,119.52999877929688,120.93000030517578,119.47000122070312,120.58000183105469,91.84876251220703,11843800,0.0,0.0,0.0
2015-12-07,120.80999755859375,122.45999908447266,120.80000305175781,121.75,92.73989868164062,9016700,0.0,0.0,0.0
2015-12-08,122.27999877929688,122.43000030517578,121.44999694824219,121.80999755859375,92.7856674194336,7257500,0.0,0.0,0.0
2015-12-09,121.3499984741211,122.1500015258789,120.51000213623047,121.68000030517578,92.68659210205078,8993900,0.0,0.0,0.0
2015-12-10,121.79000091552734,122.02999877929688,121.48999786376953,121.83999633789062,92.8084945678711,5606900,0.0,0.0,0.0
2015-12-11,123.02999877929688,124.0999984741211,122.87000274658203,123.76000213623047,94.27098846435547,12300000,0.0,0.0,0.0
2015-12-14,123.08000183105469,123.1500015258789,121.75,122.16000366210938,93.0522689819336,10661100,0.0,0.0,0.0
2015-12-15,121.0199966430664,121.5999984741211,120.83000183105469,121.44000244140625,92.50379943847656,8795500,0.0,0.0,0.0
2015-12-16,121.06999969482422,122.16999816894531,120.5,121.18000030517578,92.30575561523438,10988600,0.0,0.0,0.0
2015-12-17,121.77999877929688,122.77999877929688,121.63999938964844,122.55000305175781,93.3493423461914,9923000,0.0,0.0,0.0
2015-12-18,123.08000183105469,123.5199966430664,122.81999969482422,123.2300033569336,93.86724853515625,10171700,0.0,0.0,0.0
2015-12-21,123.43000030517578,123.77999877929688,122.91999816894531,123.19999694824219,93.84444427490234,7494900,0.0,0.0,0.0
2015-12-22,122.6500015258789,122.80000305175781,121.98999786376953,122.30999755859375,93.16650390625,5445800,0.0,0.0,0.0
2015-12-23,121.2300033569336,121.61000061035156,120.87000274658203,121.38999938964844,92.46571350097656,7287100,0.0,0.0,0.0
2015-12-24,121.47000122070312,121.87000274658203,121.4000015258789,121.83000183105469,92.99541473388672,3364600,0.254,0.0,0.0
2015-12-28,121.98999786376953,122.66999816894531,121.8499984741211,122.19000244140625,93.2702407836914,7586600,0.0,0.0,0.0
2015-12-29,121.69000244140625,121.73999786376953,120.01000213623047,120.16000366210938,91.7207260131836,7787500,0.0,0.0,0.0
2015-12-30,119.91999816894531,120.54000091552734,119.66999816894531,120.04000091552734,91.6291275024414,5508900,0.0,0.0,0.0
2015-12-31,120.56999969482422,120.86000061035156,120.25,120.58000183105469,92.04133605957031,7897700,0.0,0.0,0.0
2016-01-04,121.93000030517578,122.44999694824219,121.31999969482422,121.44999694824219,92.70539093017578,10591900,0.0,0.0,0.0
2016-01-05,120.87999725341797,121.5,120.66000366210938,120.95999908447266,92.33137512207031,6242600,0.0,0.0,0.0
2016-01-06,122.30000305175781,122.62000274658203,122.05000305175781,122.58999633789062,93.57556915283203,8916900,0.0,0.0,0.0
2016-01-07,122.68000030517578,122.93000030517578,121.79000091552734,122.80999755859375,93.74351501464844,10202200,0.0,0.0,0.0
2016-01-08,122.43000030517578,123.47000122070312,122.2300033569336,123.36000061035156,94.16334533691406,9577200,0.0,0.0,0.0
2016-01-11,122.04000091552734,122.79000091552734,121.86000061035156,122.01000213623047,93.13290405273438,10040300,0.0,0.0,0.0
2016-01-12,122.33999633789062,124.31999969482422,122.1500015258789,123.7699966430664,94.47628021240234,12897700,0.0,0.0,0.0
2016-01-13,123.52999877929688,125.5,123.2699966430664,124.98999786376953,95.40753936767578,15577600,0.0,0.0,0.0
2016-01-14,124.47000122070312,124.97000122070312,123.33999633789062,123.81999969482422,94.51448822021484,12873800,0.0,0.0,0.0
2016-01-15,125.4000015258789,125.95999908447266,125.08000183105469,125.75,95.9876708984375,13976300,0.0,0.0,0.0
2016-01-19,125.12999725341797,126.06999969482422,124.94999694824219,125.36000061035156,95.6899642944336,8926600,0.0,0.0,0.0
2016-01-20,126.9800033569336,127.91999816894531,126.41999816894531,126.68000030517578,96.69760131835938,17283300,0.0,0.0,0.0
2016-01-21,126.94000244140625,127.29000091552734,125.66999816894531,125.81999969482422,96.04110717773438,11001600,0.0,0.0,0.0
2016-01-22,124.91000366210938,125.52999877929688,124.5199966430664,125.33999633789062,95.67472839355469,10164300,0.0,0.0,0.0
2016-01-25,125.94999694824219,126.2699966430664,125.6500015258789,126.0199966430664,96.19377899169922,5738200,0.0,0.0,0.0
2016-01-26,125.98999786376953,126.45999908447266,125.75,126.08000183105469,96.23959350585938,5692600,0.0,0.0,0.0
2016-01-27,125.75,126.29000091552734,125.19000244140625,126.05000305175781,96.21668243408203,7957800,0.0,0.0,0.0
2016-01-28,125.54000091552734,126.41000366210938,125.45999908447266,126.2300033569336,96.35404968261719,10575400,0.0,0.0,0.0
2016-01-29,127.41000366210938,127.86000061035156,126.91999816894531,127.30000305175781,97.17083740234375,13170700,0.0,0.0,0.0
2016-02-01,126.79000091552734,127.06999969482422,126.29000091552734,126.66999816894531,96.87332153320312,9948400,0.241,0.0,0.0
2016-02-02,128.10000610351562,129.0399932861328,128.0,129.02000427246094,98.6705093383789,10400000,0.0,0.0,0.0
2016-02-03,128.27999877929688,129.94000244140625,127.91999816894531,127.94999694824219,97.85221099853516,13309000,0.0,0.0,0.0
2016-02-04,128.22000122070312,128.58999633789062,127.51000213623047,128.57000732421875,98.32640075683594,9953500,0.0,0.0,0.0
2016-02-05,127.88999938964844,129.0,127.58999633789062,128.72000122070312,98.44110870361328,9200800,0.0,0.0,0.0
2016-02-08,129.72000122070312,131.6300048828125,129.67999267578125,131.49000549316406,100.55958557128906,14452200,0.0,0.0,0.0
2016-02-09,132.0399932861328,132.05999755859375,130.9600067138672,131.6300048828125,100.66658020019531,15232100,0.0,0.0,0.0
2016-02-10,131.6999969482422,132.83999633789062,131.11000061035156,132.7899932861328,101.55371856689453,12797100,0.0,0.0,0.0
2016-02-11,134.44000244140625,135.25,133.00999450683594,133.72000122070312,102.26493835449219,21620200,0.0,0.0,0.0
2016-02-12,132.63999938964844,133.1300048828125,130.92999267578125,131.5,100.56719970703125,13888400,0.0,0.0,0.0
2016-02-16,130.72000122070312,130.75,129.80999755859375,130.11000061035156,99.50411224365234,11766000,0.0,0.0,0.0
2016-02-17,129.63999938964844,129.8300018310547,128.7100067138672,129.30999755859375,98.89228057861328,13157300,0.0,0.0,0.0
2016-02-18,129.41000366210938,131.0,129.36000061035156,130.89999389648438,100.10826873779297,10196700,0.0,0.0,0.0
2016-02-19,130.94000244140625,131.82000732421875,130.72999572753906,131.00999450683594,100.19242095947266,8188700,0.0,0.0,0.0
2016-02-22,131.10000610351562,131.11000061035156,130.6999969482422,130.94000244140625,100.13888549804688,5054300,0.0,0.0,0.0
2016-02-23,129.8800048828125,131.74000549316406,129.77999877929688,131.47000122070312,100.54420471191406,8320700,0.0,0.0,0.0
2016-02-24,132.39999389648438,133.38999938964844,130.9499969482422,131.2100067138672,100.34538269042969,9091200,0.0,0.0,0.0
2016-02-25,131.47999572753906,132.55999755859375,131.32000732421875,131.67999267578125,100.70482635498047,6097200,0.0,0.0,0.0
2016-02-26,130.30999755859375,130.80999755859375,130.0399932861328,130.41000366210938,99.73355865478516,9245000,0.0,0.0,0.0
2016-02-29,130.47000122070312,131.1699981689453,130.4199981689453,130.97999572753906,100.16947174072266,8016100,0.0,0.0,0.0
2016-03-01,130.82000732421875,130.85000610351562,128.32000732421875,128.42999267578125,98.40565490722656,13729100,0.248,0.0,0.0
2016-03-02,128.32000732421875,128.97000122070312,128.2100067138672,128.9600067138672,98.811767578125,7047700,0.0,0.0,0.0
2016-03-03,129.07000732421875,129.94000244140625,128.77000427246094,129.42999267578125,99.17186737060547,6394800,0.0,0.0,0.0
2016-03-04,128.75,129.1300048828125,127.76000213623047,128.60000610351562,98.53595733642578,8687000,0.0,0.0,0.0
2016-03-07,128.4499969482422,128.6699981689453,128.0500030517578,128.55999755859375,98.50525665283203,5493300,0.0,0.0,0.0
2016-03-08,130.35000610351562,130.99000549316406,129.9499969482422,129.97999572753906,99.5932846069336,7175400,0.0,0.0,0.0
2016-03-09,129.0800018310547,129.69000244140625,128.80999755859375,129.19000244140625,98.98795318603516,7194700,0.0,0.0,0.0
2016-03-10,129.5,129.83999633789062,127.91999816894531,128.66000366210938,98.5818862915039,10091600,0.0,0.0,0.0
2016-03-11,128.82000732421875,128.8800048828125,127.20999908447266,127.36000061035156,97.58575439453125,8927000,0.0,0.0,0.0
2016-03-14,127.81999969482422,128.38999938964844,127.66000366210938,127.76000213623047,97.89228057861328,5177000,0.0,0.0,0.0
2016-03-15,128.5,128.66000366210938,127.61000061035156,127.87999725341797,97.98418426513672,6413200,0.0,0.0,0.0
2016-03-16,127.75,128.52000427246094,127.37000274658203,128.25999450683594,98.27536010742188,9728900,0.0,0.0,0.0
2016-03-17,128.50999450683594,129.33999633789062,128.49000549316406,128.7899932861328,98.68148803710938,7805500,0.0,0.0,0.0
2016-03-18,129.0399932861328,129.50999450683594,128.6999969482422,129.05999755859375,98.88837432861328,8198600,0.0,0.0,0.0
2016-03-21,128.25,128.6199951171875,127.75,128.07000732421875,98.1297836303711,5514800,0.0,0.0,0.0
2016-03-22,128.8300018310547,129.02000427246094,127.91999816894531,128.0399932861328,98.10681915283203,4997900,0.0,0.0,0.0
2016-03-23,128.41000366210938,129.82000732421875,128.2899932861328,129.49000549316406,99.2178726196289,10628200,0.0,0.0,0.0
2016-03-24,130.5800018310547,130.63999938964844,129.0,129.5399932861328,99.2561264038086,6343300,0.0,0.0,0.0
2016-03-28,129.3800048828125,130.16000366210938,129.27999877929688,129.7100067138672,99.38641357421875,5058700,0.0,0.0,0.0
2016-03-29,130.3800048828125,131.08999633789062,130.02000427246094,131.07000732421875,100.4284896850586,9396700,0.0,0.0,0.0
2016-03-30,130.02999877929688,130.07000732421875,128.97999572753906,129.69000244140625,99.37108612060547,8478700,0.0,0.0,0.0
2016-03-31,129.97999572753906,130.80999755859375,129.7899932861328,130.61000061035156,100.07601928710938,7832300,0.0,0.0,0.0
2016-04-01,130.97999572753906,131.1300048828125,129.89999389648438,130.67999267578125,100.33708190917969,9341400,0.27,0.0,0.0
2016-04-04,130.7899932861328,130.97000122070312,130.27000427246094,130.75999450683594,100.39846801757812,5145100,0.0,0.0,0.0
2016-04-05,132.00999450683594,132.36000061035156,131.77999877929688,132.19000244140625,101.49645233154297,6482800,0.0,0.0,0.0
2016-04-06,131.52999877929688,131.6699981689453,130.74000549316406,131.22999572753906,100.75931549072266,6393700,0.0,0.0,0.0
2016-04-07,132.19000244140625,132.99000549316406,132.00999450683594,132.85000610351562,102.00316619873047,5963300,0.0,0.0,0.0
2016-04-08,132.1699981689453,132.39999389648438,131.63999938964844,132.00999450683594,101.35822296142578,5584800,0.0,0.0,0.0
2016-04-11,131.32000732421875,132.17999267578125,131.11000061035156,131.83999633789062,101.22771453857422,4805500,0.0,0.0,0.0
2016-04-12,131.0800018310547,131.5500030517578,130.52999877929688,130.92999267578125,100.52902221679688,4276000,0.0,0.0,0.0
2016-04-13,130.69000244140625,131.5800018310547,130.52000427246094,131.38999938964844,100.88216400146484,5207900,0.0,0.0,0.0
2016-04-14,130.91000366210938,131.30999755859375,130.49000549316406,130.75999450683594,100.39846801757812,6967000,0.0,0.0,0.0
2016-04-15,131.2899932861328,132.16000366210938,131.25,131.8800048828125,101.25843048095703,5831100,0.0,0.0,0.0
2016-04-18,131.3300018310547,131.44000244140625,130.66000366210938,131.30999755859375,100.82077026367188,4486600,0.0,0.0,0.0
2016-04-19,131.0800018310547,131.30999755859375,130.2899932861328,130.89999389648438,100.50593566894531,5212200,0.0,0.0,0.0
2016-04-20,131.16000366210938,131.64999389648438,129.27000427246094,129.4600067138672,99.40034484863281,10920700,0.0,0.0,0.0
2016-04-21,128.44000244140625,129.07000732421875,128.2899932861328,128.69000244140625,98.8091049194336,11154200,0.0,0.0,0.0
2016-04-22,128.85000610351562,128.91000366210938,128.24000549316406,128.36000061035156,98.5557632446289,5826400,0.0,0.0,0.0
2016-04-25,128.05999755859375,128.52000427246094,127.83000183105469,127.83000183105469,98.14881134033203,5539500,0.0,0.0,0.0
2016-04-26,127.76000213623047,127.76000213623047,127.12000274658203,127.25,97.70345306396484,7840000,0.0,0.0,0.0
2016-04-27,127.91999816894531,128.82000732421875,127.62000274658203,128.52000427246094,98.6786117553711,8380100,0.0,0.0,0.0
2016-04-28,128.2100067138672,129.13999938964844,128.0399932861328,129.0500030517578,99.08558654785156,7974600,0.0,0.0,0.0
2016-04-29,128.4499969482422,129.7100067138672,128.1999969482422,129.3800048828125,99.33890533447266,7416300,0.0,0.0,0.0
2016-05-02,128.66000366210938,128.89999389648438,127.80000305175781,127.81999969482422,98.3387451171875,11035200,0.26,0.0,0.0
2016-05-03,129.5500030517578,130.02000427246094,129.35000610351562,129.42999267578125,99.57743072509766,10736700,0.0,0.0,0.0
2016-05-04,129.67999267578125,130.1699981689453,129.19000244140625,130.13999938964844,100.12364196777344,7211200,0.0,0.0,0.0
2016-05-05,130.05999755859375,131.07000732421875,129.6999969482422,131.00999450683594,100.7929916381836,7870400,0.0,0.0,0.0
2016-05-06,130.85000610351562,130.86000061035156,130.2899932861328,130.4499969482422,100.36212921142578,7232500,0.0,0.0,0.0
2016-05-09,130.4600067138672,130.88999938964844,130.32000732421875,130.86000061035156,100.6775894165039,4950800,0.0,0.0,0.0
2016-05-10,130.85000610351562,131.1199951171875,130.64999389648438,130.8699951171875,100.68526458740234,4331900,0.0,0.0,0.0
2016-05-11,130.8300018310547,132.0,130.66000366210938,131.61000061035156,101.25452423095703,9256000,0.0,0.0,0.0
2016-05-12,130.66000366210938,131.1699981689453,130.58999633789062,131.00999450683594,100.7929916381836,6087400,0.0,0.0,0.0
2016-05-13,131.47999572753906,132.32000732421875,131.22999572753906,132.27999877929688,101.77008819580078,8707300,0.0,0.0,0.0
2016-05-16,131.63999938964844,131.66000366210938,130.97999572753906,131.13999938964844,100.8929672241211,5137000,0.0,0.0,0.0
2016-05-17,131.2100067138672,131.8300018310547,131.2100067138672,131.36000061035156,101.0622329711914,4449100,0.0,0.0,0.0
2016-05-18,130.80999755859375,130.85000610351562,128.91000366210938,129.49000549316406,99.62355041503906,12681000,0.0,0.0,0.0
2016-05-19,129.67999267578125,130.3300018310547,129.64999389648438,130.0500030517578,100.05440521240234,6209400,0.0,0.0,0.0
2016-05-20,129.64999389648438,130.39999389648438,129.5500030517578,130.14999389648438,100.13129425048828,5348900,0.0,0.0,0.0
2016-05-23,130.36000061035156,130.72999572753906,129.9199981689453,130.44000244140625,100.3544692993164,6979700,0.0,0.0,0.0
2016-05-24,129.97000122070312,130.19000244140625,129.24000549316406,129.86000061035156,99.90823364257812,5968200,0.0,0.0,0.0
2016-05-25,129.8300018310547,130.25,129.30999755859375,129.3699951171875,99.53121948242188,6367400,0.0,0.0,0.0
2016-05-26,129.80999755859375,130.4499969482422,129.8000030517578,130.0399932861328,100.0467300415039,5419300,0.0,0.0,0.0
2016-05-27,130.07000732421875,130.25999450683594,129.6999969482422,129.85000610351562,99.9005126953125,5267600,0.0,0.0,0.0
2016-05-31,129.02000427246094,130.44000244140625,128.97999572753906,130.16000366210938,100.1390151977539,8344300,0.0,0.0,0.0
2016-06-01,130.6300048828125,131.27000427246094,130.11000061035156,130.4199981689453,100.54531860351562,9874900,0.267,0.0,0.0
2016-06-02,130.89999389648438,131.69000244140625,130.8699951171875,131.36000061035156,101.26995086669922,5835400,0.0,0.0,0.0
2016-06-03,132.86000061035156,133.22999572753906,132.60000610351562,133.22999572753906,102.7116470336914,11077200,0.0,0.0,0.0
2016-06-06,132.77999877929688,132.88999938964844,132.10000610351562,132.24000549316406,101.94839477539062,7573700,0.0,0.0,0.0
2016-06-07,132.63999938964844,132.97999572753906,132.5399932861328,132.55999755859375,102.19509887695312,4680200,0.0,0.0,0.0
2016-06-08,132.8699951171875,133.42999267578125,132.7100067138672,133.27000427246094,102.74249267578125,5313200,0.0,0.0,0.0
2016-06-09,134.32000732421875,134.5399932861328,133.92999267578125,134.1300048828125,103.40550231933594,6820300,0.0,0.0,0.0
2016-06-10,134.7899932861328,135.3300018310547,134.25999450683594,134.77999877929688,103.90658569335938,6984600,0.0,0.0,0.0
2016-06-13,135.08999633789062,135.38999938964844,134.77000427246094,135.3800048828125,104.36920166015625,7283300,0.0,0.0,0.0
2016-06-14,136.19000244140625,136.22000122070312,135.22000122070312,135.27999877929688,104.29203033447266,9012500,0.0,0.0,0.0
2016-06-15,135.52000427246094,136.22999572753906,135.30999755859375,135.8000030517578,104.69295501708984,7953200,0.0,0.0,0.0
2016-06-16,136.74000549316406,137.55999755859375,136.17999267578125,136.4600067138672,105.20174407958984,10372700,0.0,0.0,0.0
2016-06-17,136.1999969482422,136.27000427246094,135.25999450683594,135.61000061035156,104.54647064208984,8489900,0.0,0.0,0.0
2016-06-20,134.24000549316406,134.5500030517578,134.00999450683594,134.16000366210938,103.4286117553711,7365900,0.0,0.0,0.0
2016-06-21,134.2899932861328,134.5800018310547,133.4600067138672,133.5399932861328,102.95059204101562,6005800,0.0,0.0,0.0
2016-06-22,133.5,133.99000549316406,133.25,133.75999450683594,103.12022399902344,5773700,0.0,0.0,0.0
2016-06-23,132.61000061035156,133.32000732421875,132.0800018310547,132.22999572753906,101.94072723388672,9029100,0.0,0.0,0.0
2016-06-24,136.61000061035156,136.61000061035156,135.3000030517578,135.77999877929688,104.67752075195312,17155000,0.0,0.0,0.0
2016-06-27,138.44000244140625,139.58999633789062,138.39999389648438,139.1699981689453,107.2909927368164,16577100,0.0,0.0,0.0
2016-06-28,139.44000244140625,139.89999389648438,138.8800048828125,139.4600067138672,107.51453399658203,14006400,0.0,0.0,0.0
2016-06-29,139.67999267578125,140.1300048828125,138.25999450683594,138.38999938964844,106.68965911865234,12999800,0.0,0.0,0.0
2016-06-30,138.80999755859375,139.94000244140625,138.08999633789062,138.89999389648438,107.0828628540039,14698500,0.0,0.0,0.0
2016-07-01,140.80999755859375,140.82000732421875,139.19000244140625,140.57000732421875,108.56965637207031,15430200,0.255,0.0,0.0
2016-07-05,141.85000610351562,142.91000366210938,141.6999969482422,142.3300018310547,109.92896270751953,8840800,0.0,0.0,0.0
2016-07-06,142.7899932861328,143.0,141.9600067138672,142.55999755859375,110.10663604736328,14352800,0.0,0.0,0.0
2016-07-07,142.08999633789062,143.19000244140625,141.77999877929688,142.5500030517578,110.09888458251953,9676400,0.0,0.0,0.0
2016-07-08,142.9199981689453,143.6199951171875,142.36000061035156,143.60000610351562,110.9098892211914,10355300,0.0,0.0,0.0
2016-07-11,143.0500030517578,143.47000122070312,142.24000549316406,142.33999633789062,109.9366683959961,8099000,0.0,0.0,0.0
2016-07-12,140.4199981689453,140.86000061035156,139.63999938964844,140.0,108.12939453125,15810600,0.0,0.0,0.0
2016-07-13,141.3699951171875,141.77000427246094,140.9499969482422,141.64999389648438,109.40377807617188,8181700,0.0,0.0,0.0
2016-07-14,139.27999877929688,139.83999633789062,139.08999633789062,139.58999633789062,107.81271362304688,10817000,0.0,0.0,0.0
2016-07-15,138.88999938964844,139.11000061035156,138.17999267578125,138.38999938964844,106.88590240478516,9958600,0.0,0.0,0.0
2016-07-18,139.07000732421875,139.25999450683594,137.72999572753906,138.25999450683594,106.7854232788086,5955900,0.0,0.0,0.0
2016-07-19,138.94000244140625,139.30999755859375,138.39999389648438,139.0399932861328,107.38795471191406,8073900,0.0,0.0,0.0
2016-07-20,138.22999572753906,138.50999450683594,137.91000366210938,138.27999877929688,106.80088806152344,6942500,0.0,0.0,0.0
2016-07-21,137.0399932861328,138.6199951171875,136.99000549316406,138.55999755859375,107.0172348022461,10398400,0.0,0.0,0.0
2016-07-22,137.92999267578125,139.24000549316406,137.8699951171875,138.8000030517578,107.20260620117188,5811400,0.0,0.0,0.0
2016-07-25,138.94000244140625,139.25999450683594,138.58999633789062,138.6999969482422,107.12540435791016,4243800,0.0,0.0,0.0
2016-07-26,139.52000427246094,139.52000427246094,138.4600067138672,138.9199981689453,107.29522705078125,5243400,0.0,0.0,0.0
2016-07-27,139.5500030517578,140.64999389648438,139.39999389648438,140.64999389648438,108.63142395019531,8508100,0.0,0.0,0.0
2016-07-28,139.8000030517578,140.83999633789062,139.7100067138672,140.38999938964844,108.43058776855469,7336100,0.0,0.0,0.0
2016-07-29,140.4499969482422,141.67999267578125,140.22000122070312,141.55999755859375,109.334228515625,8766700,0.0,0.0,0.0
2016-08-01,139.77999877929688,140.5,139.61000061035156,139.77000427246094,108.14884185791016,9809300,0.258,0.0,0.0
2016-08-02,137.8300018310547,139.25999450683594,137.5,138.3300018310547,107.03467559814453,10051200,0.0,0.0,0.0
2016-08-03,138.60000610351562,138.77999877929688,137.91000366210938,138.41000366210938,107.0965576171875,4930600,0.0,0.0,0.0
2016-08-04,139.4600067138672,140.16000366210938,139.27000427246094,139.4499969482422,107.90123748779297,5646000,0.0,0.0,0.0
2016-08-05,139.0500030517578,139.17999267578125,137.82000732421875,138.0,106.77930450439453,7778600,0.0,0.0,0.0
2016-08-08,137.60000610351562,138.5399932861328,137.32000732421875,138.25999450683594,106.98043060302734,5185200,0.0,0.0,0.0
2016-08-09,138.7100067138672,139.72000122070312,138.6199951171875,139.6199951171875,108.0328369140625,5503200,0.0,0.0,0.0
2016-08-10,139.89999389648438,140.50999450683594,139.47000122070312,140.16000366210938,108.45057678222656,5843500,0.0,0.0,0.0
2016-08-11,140.05999755859375,140.0800018310547,138.5399932861328,138.91000366210938,107.48338317871094,7624600,0.0,0.0,0.0
2016-08-12,140.41000366210938,140.86000061035156,139.8699951171875,140.0800018310547,108.38871002197266,7989600,0.0,0.0,0.0
2016-08-15,139.33999633789062,139.6300048828125,138.75,138.75999450683594,107.36734771728516,5108600,0.0,0.0,0.0
2016-08-16,138.97999572753906,139.14999389648438,138.22999572753906,138.38999938964844,107.08108520507812,6182700,0.0,0.0,0.0
2016-08-17,138.6300048828125,139.44000244140625,138.5,139.22000122070312,107.72322082519531,5002000,0.0,0.0,0.0
2016-08-18,139.1999969482422,139.75999450683594,138.7899932861328,139.44000244140625,107.89349365234375,3805200,0.0,0.0,0.0
2016-08-19,138.63999938964844,139.0500030517578,138.10000610351562,138.7100067138672,107.32865905761719,5516300,0.0,0.0,0.0
2016-08-22,139.64999389648438,140.13999938964844,139.3699951171875,139.8800048828125,108.23399353027344,5549700,0.0,0.0,0.0
2016-08-23,140.27000427246094,140.58999633789062,139.6699981689453,140.02999877929688,108.35003662109375,6841400,0.0,0.0,0.0
2016-08-24,140.10000610351562,140.19000244140625,139.38999938964844,139.6999969482422,108.09468078613281,6027800,0.0,0.0,0.0
2016-08-25,139.25999450683594,139.77999877929688,138.9600067138672,139.1699981689453,107.68460845947266,5855500,0.0,0.0,0.0
2016-08-26,139.72999572753906,140.69000244140625,138.22000122070312,138.36000061035156,107.05784606933594,12962500,0.0,0.0,0.0
2016-08-29,139.3800048828125,140.35000610351562,139.2100067138672,140.2100067138672,108.48931121826172,7310400,0.0,0.0,0.0
2016-08-30,140.1699981689453,140.25999450683594,139.6699981689453,139.6699981689453,108.07144165039062,5161800,0.0,0.0,0.0
2016-08-31,139.66000366210938,140.1699981689453,139.33999633789062,139.8699951171875,108.22626495361328,7349700,0.0,0.0,0.0
2016-09-01,138.6199951171875,140.10000610351562,138.57000732421875,139.77000427246094,108.34559631347656,9149100,0.254,0.0,0.0
2016-09-02,138.9600067138672,139.0500030517578,138.1699981689453,138.6300048828125,107.46188354492188,8397000,0.0,0.0,0.0
2016-09-06,138.7100067138672,140.0800018310547,138.50999450683594,139.63999938964844,108.24481201171875,8542600,0.0,0.0,0.0
2016-09-07,140.3699951171875,140.4199981689453,139.5399932861328,139.5399932861328,108.167236328125,5421800,0.0,0.0,0.0
2016-09-08,138.86000061035156,139.27000427246094,137.25999450683594,137.7899932861328,106.81075286865234,14301500,0.0,0.0,0.0
2016-09-09,136.07000732421875,136.1199951171875,135.41000366210938,135.52000427246094,105.05119323730469,13347700,0.0,0.0,0.0
2016-09-12,135.32000732421875,135.8300018310547,135.16000366210938,135.58999633789062,105.10538482666016,9096600,0.0,0.0,0.0
2016-09-13,135.8699951171875,136.0,133.36000061035156,134.0500030517578,103.91157531738281,15645400,0.0,0.0,0.0
2016-09-14,134.0500030517578,134.91000366210938,134.0500030517578,134.25,104.06665802001953,7037700,0.0,0.0,0.0
2016-09-15,133.61000061035156,134.0500030517578,133.02999877929688,133.6699981689453,103.61712646484375,9874500,0.0,0.0,0.0
2016-09-16,134.5800018310547,134.80999755859375,134.22000122070312,134.75,104.45423889160156,7507900,0.0,0.0,0.0
2016-09-19,134.52000427246094,134.8699951171875,134.25,134.30999755859375,104.11317443847656,7105900,0.0,0.0,0.0
2016-09-20,135.14999389648438,135.5800018310547,134.6699981689453,134.77999877929688,104.47747802734375,6054800,0.0,0.0,0.0
2016-09-21,134.60000610351562,135.88999938964844,134.17999267578125,135.8699951171875,105.32244873046875,10698100,0.0,0.0,0.0
2016-09-22,136.6699981689453,137.2899932861328,136.5,136.9499969482422,106.15963745117188,12426200,0.0,0.0,0.0
2016-09-23,137.02999877929688,137.33999633789062,136.7100067138672,136.82000732421875,106.058837890625,5928800,0.0,0.0,0.0
2016-09-26,137.07000732421875,137.8300018310547,137.02000427246094,137.69000244140625,106.73320770263672,8661300,0.0,0.0,0.0
2016-09-27,138.58999633789062,138.8000030517578,137.9499969482422,138.6999969482422,107.51619720458984,9450400,0.0,0.0,0.0
2016-09-28,138.5,139.14999389648438,138.22000122070312,138.39999389648438,107.28358459472656,7958700,0.0,0.0,0.0
2016-09-29,137.55999755859375,139.07000732421875,137.4499969482422,138.75,107.55494689941406,8319800,0.0,0.0,0.0
2016-09-30,138.5500030517578,138.63999938964844,136.8699951171875,137.50999450683594,106.59375,11747100,0.0,0.0,0.0
2016-10-03,137.67999267578125,137.77000427246094,136.75999450683594,136.80999755859375,106.24192810058594,7588800,0.247,0.0,0.0
2016-10-04,136.6199951171875,136.83999633789062,135.16000366210938,135.2100067138672,104.9994125366211,12048700,0.0,0.0,0.0
2016-10-05,135.02000427246094,135.0800018310547,134.1199951171875,134.5800018310547,104.51016998291016,8917700,0.0,0.0,0.0
2016-10-06,133.97000122070312,134.69000244140625,133.67999267578125,133.8300018310547,103.92774200439453,7839900,0.0,0.0,0.0
2016-10-07,133.92999267578125,134.2899932861328,133.08999633789062,133.9199981689453,103.99767303466797,9953200,0.0,0.0,0.0
2016-10-10,132.85000610351562,133.16000366210938,132.50999450683594,133.1300048828125,103.38420867919922,6089100,0.0,0.0,0.0
2016-10-11,132.86000061035156,133.5500030517578,132.57000732421875,132.8300018310547,103.15119171142578,9670400,0.0,0.0,0.0
2016-10-12,132.6699981689453,133.02000427246094,132.24000549316406,132.9600067138672,103.25212860107422,7582400,0.0,0.0,0.0
2016-10-13,133.63999938964844,133.92999267578125,133.3699951171875,133.4600067138672,103.64041137695312,7080600,0.0,0.0,0.0
2016-10-14,132.27000427246094,132.9499969482422,131.52999877929688,131.58999633789062,102.18824005126953,11415100,0.0,0.0,0.0
2016-10-17,132.10000610351562,132.74000549316406,132.08999633789062,132.42999267578125,102.84051513671875,10595900,0.0,0.0,0.0
2016-10-18,131.86000061035156,132.88999938964844,131.8300018310547,132.86000061035156,103.17451477050781,7151000,0.0,0.0,0.0
2016-10-19,132.3699951171875,133.27000427246094,132.32000732421875,132.97000122070312,103.2599105834961,6941300,0.0,0.0,0.0
2016-10-20,133.63999938964844,133.75,132.89999389648438,133.11000061035156,103.36863708496094,6082300,0.0,0.0,0.0
2016-10-21,133.52000427246094,133.72000122070312,132.8699951171875,133.30999755859375,103.52392578125,9222700,0.0,0.0,0.0
2016-10-24,133.41000366210938,133.4499969482422,132.2899932861328,132.72999572753906,103.07355499267578,6507500,0.0,0.0,0.0
2016-10-25,132.52999877929688,133.55999755859375,132.49000549316406,133.0800018310547,103.34532928466797,5134700,0.0,0.0,0.0
2016-10-26,132.4600067138672,132.8000030517578,131.99000549316406,132.17999267578125,102.64636993408203,5842500,0.0,0.0,0.0
2016-10-27,131.07000732421875,131.07000732421875,130.05999755859375,130.74000549316406,101.5281753540039,10044700,0.0,0.0,0.0
2016-10-28,130.38999938964844,130.92999267578125,130.3300018310547,130.4499969482422,101.30299377441406,7541000,0.0,0.0,0.0
2016-10-31,130.88999938964844,131.2899932861328,130.7100067138672,131.25,101.92424011230469,7047500,0.0,0.0,0.0
2016-11-01,130.16000366210938,131.60000610351562,129.8800048828125,131.00999450683594,101.9319839477539,12622400,0.25,0.0,0.0
2016-11-02,131.3000030517578,132.11000061035156,131.02999877929688,131.5800018310547,102.37552642822266,8666200,0.0,0.0,0.0
2016-11-03,130.75,131.0500030517578,130.44000244140625,130.57000732421875,101.58964538574219,6085400,0.0,0.0,0.0
2016-11-04,131.27000427246094,131.7899932861328,131.1300048828125,131.74000549316406,102.4999771118164,7622600,0.0,0.0,0.0
2016-11-07,130.75,131.0,130.44000244140625,130.6199951171875,101.62854766845703,5386700,0.0,0.0,0.0
2016-11-08,131.02000427246094,131.2100067138672,129.7100067138672,130.08999633789062,101.21623992919922,7576500,0.0,0.0,0.0
2016-11-09,127.22000122070312,127.37000274658203,124.22000122070312,124.56999969482422,96.92137145996094,31233500,0.0,0.0,0.0
2016-11-10,123.97000122070312,124.95999908447266,122.72000122070312,122.7300033569336,95.48977661132812,22961200,0.0,0.0,0.0
2016-11-11,122.95999908447266,123.05000305175781,121.6500015258789,122.04000091552734,94.95288848876953,10040200,0.0,0.0,0.0
2016-11-14,121.27999877929688,122.66000366210938,120.7300033569336,121.30999755859375,94.38493347167969,21174400,0.0,0.0,0.0
2016-11-15,122.22000122070312,122.80999755859375,121.77999877929688,121.91000366210938,94.85177612304688,11963700,0.0,0.0,0.0
2016-11-16,122.30000305175781,123.13999938964844,122.16999816894531,123.01000213623047,95.70764923095703,9149500,0.0,0.0,0.0
2016-11-17,121.94999694824219,122.11000061035156,120.98999786376953,121.19999694824219,94.2993392944336,11221600,0.0,0.0,0.0
2016-11-18,121.62999725341797,121.97000122070312,120.33999633789062,120.8499984741211,94.02706909179688,13577700,0.0,0.0,0.0
2016-11-21,121.20999908447266,121.4800033569336,120.88999938964844,121.1500015258789,94.26045989990234,6488100,0.0,0.0,0.0
2016-11-22,121.66000366210938,121.76000213623047,120.87999725341797,121.11000061035156,94.22935485839844,9989900,0.0,0.0,0.0
2016-11-23,119.98999786376953,120.91000366210938,119.25,120.63999938964844,93.8636245727539,13563500,0.0,0.0,0.0
2016-11-25,121.19000244140625,121.29000091552734,120.4000015258789,120.81999969482422,94.00370788574219,3126300,0.0,0.0,0.0
2016-11-28,121.41000366210938,121.7300033569336,121.08999633789062,121.70999908447266,94.69615936279297,8555000,0.0,0.0,0.0
2016-11-29,121.44000244140625,122.4000015258789,121.20999908447266,122.22000122070312,95.09298706054688,8363000,0.0,0.0,0.0
2016-11-30,119.97000122070312,121.01000213623047,119.4800033569336,120.23999786376953,93.55248260498047,21163500,0.0,0.0,0.0
2016-12-01,118.51000213623047,118.98999786376953,117.63999938964844,118.7300033569336,92.56465911865234,21715700,0.243,0.0,0.0
2016-12-02,119.16999816894531,120.20999908447266,119.13999938964844,119.5999984741211,93.24295043945312,12487500,0.0,0.0,0.0
2016-12-05,118.93000030517578,120.4000015258789,118.44999694824219,119.47000122070312,93.14159393310547,12100100,0.0,0.0,0.0
2016-12-06,119.33999633789062,119.94000244140625,119.12000274658203,119.37999725341797,93.07138061523438,11526600,0.0,0.0,0.0
2016-12-07,119.81999969482422,120.62000274658203,119.81999969482422,120.4000015258789,93.86665344238281,10392200,0.0,0.0,0.0
2016-12-08,119.1500015258789,119.30999755859375,118.77999877929688,118.9800033569336,92.75959014892578,12041100,0.0,0.0,0.0
2016-12-09,118.63999938964844,118.86000061035156,117.27999877929688,117.5,91.6057357788086,14646400,0.0,0.0,0.0
2016-12-12,117.2699966430664,117.80000305175781,116.87999725341797,117.72000122070312,91.77725219726562,9496300,0.0,0.0,0.0
2016-12-13,118.4000015258789,118.48999786376953,117.44000244140625,118.13999938964844,92.10467529296875,12189200,0.0,0.0,0.0
2016-12-14,119.08000183105469,119.20999908447266,116.80000305175781,116.81999969482422,91.07556915283203,16618400,0.0,0.0,0.0
2016-12-15,117.55999755859375,118.29000091552734,117.02999877929688,117.41000366210938,91.53557586669922,12400500,0.0,0.0,0.0
2016-12-16,117.61000061035156,117.91999816894531,116.80000305175781,117.13999938964844,91.32505798339844,14924600,0.0,0.0,0.0
2016-12-19,117.9800033569336,118.58000183105469,117.73999786376953,118.4000015258789,92.3073501586914,10868300,0.0,0.0,0.0
2016-12-20,117.62999725341797,117.9000015258789,117.37999725341797,117.80999755859375,91.84742736816406,7030600,0.0,0.0,0.0
2016-12-21,117.91999816894531,118.4000015258789,117.7300033569336,118.33000183105469,92.2528076171875,4624700,0.0,0.0,0.0
2016-12-22,117.52999877929688,118.0,117.5,117.80999755859375,92.087890625,5177800,0.309,0.0,0.0
2016-12-23,118.23999786376953,118.38999938964844,117.94999694824219,118.05000305175781,92.27545166015625,4461600,0.0,0.0,0.0
2016-12-27,117.41999816894531,117.69999694824219,117.2300033569336,117.66999816894531,91.97842407226562,5276600,0.0,0.0,0.0
2016-12-28,117.86000061035156,118.87999725341797,117.69999694824219,118.52999877929688,92.65069580078125,7578600,0.0,0.0,0.0
2016-12-29,118.80000305175781,119.2699966430664,118.66000366210938,118.94999694824219,92.97900390625,8581400,0.0,0.0,0.0
2016-12-30,118.77999877929688,119.6500015258789,118.72000122070312,119.12999725341797,93.1196517944336,10613900,0.0,0.0,0.0
2017-01-03,118.41000366210938,119.98999786376953,118.18000030517578,119.63999938964844,93.51834106445312,13217300,0.0,0.0,0.0
2017-01-04,119.76000213623047,120.23999786376953,119.44999694824219,120.0999984741211,93.87784576416016,6699600,0.0,0.0,0.0
2017-01-05,120.44999694824219,122.02999877929688,120.16999816894531,121.9800033569336,95.3474349975586,13265800,0.0,0.0,0.0
2017-01-06,121.12999725341797,121.54000091552734,120.75,120.86000061035156,94.47193145751953,8369300,0.0,0.0,0.0
2017-01-09,121.87999725341797,122.0,121.45999908447266,121.83000183105469,95.23016357421875,8839100,0.0,0.0,0.0
2017-01-10,121.55000305175781,121.91000366210938,121.27999877929688,121.75,95.16764068603516,8417900,0.0,0.0,0.0
2017-01-11,121.94000244140625,122.69000244140625,121.41000366210938,122.16000366210938,95.48815155029297,9402500,0.0,0.0,0.0
2017-01-12,122.80000305175781,123.13999938964844,121.83000183105469,121.88999938964844,95.27706909179688,9977600,0.0,0.0,0.0
2017-01-13,121.33000183105469,121.75,120.62000274658203,121.30999755859375,94.82372283935547,9820000,0.0,0.0,0.0
2017-01-17,122.80999755859375,122.94000244140625,121.98999786376953,122.58000183105469,95.81640625,7853300,0.0,0.0,0.0
2017-01-18,121.7699966430664,121.95999908447266,120.91000366210938,121.01000213623047,94.58917999267578,9064700,0.0,0.0,0.0
2017-01-19,120.48999786376953,120.58000183105469,119.55000305175781,120.18000030517578,93.94041442871094,11795600,0.0,0.0,0.0
2017-01-20,119.83999633789062,120.30999755859375,119.29000091552734,119.94000244140625,93.75281524658203,16953200,0.0,0.0,0.0
2017-01-23,120.33999633789062,121.87000274658203,120.0199966430664,121.13999938964844,94.69078826904297,13118400,0.0,0.0,0.0
2017-01-24,120.7699966430664,121.12999725341797,119.80000305175781,120.30999755859375,94.04203796386719,8395000,0.0,0.0,0.0
2017-01-25,119.27999877929688,119.5999984741211,118.55999755859375,118.80000305175781,92.86173248291016,11115100,0.0,0.0,0.0
2017-01-26,118.91000366210938,119.26000213623047,118.33000183105469,119.19999694824219,93.17438507080078,7827900,0.0,0.0,0.0
2017-01-27,119.4000015258789,119.83000183105469,119.25,119.62999725341797,93.51049041748047,7197800,0.0,0.0,0.0
2017-01-30,119.44000244140625,119.87999725341797,119.19999694824219,119.2699966430664,93.22911071777344,6569500,0.0,0.0,0.0
2017-01-31,119.33000183105469,120.4000015258789,119.25,120.0999984741211,93.87784576416016,13298500,0.0,0.0,0.0
2017-02-01,119.0999984741211,119.52999877929688,118.58000183105469,119.0999984741211,93.29742431640625,10975500,0.259,0.0,0.0
2017-02-02,119.93000030517578,120.13999938964844,119.0,119.05000305175781,93.25825500488281,6978600,0.0,0.0,0.0
2017-02-03,119.44000244140625,119.87000274658203,118.47000122070312,119.0,93.21907043457031,10275600,0.0,0.0,0.0
2017-02-06,119.76000213623047,120.12999725341797,119.12000274658203,119.72000122070312,93.7831039428711,8433800,0.0,0.0,0.0
2017-02-07,119.77999877929688,121.01000213623047,119.47000122070312,120.5999984741211,94.47245788574219,8418400,0.0,0.0,0.0
2017-02-08,121.41999816894531,122.2699966430664,121.41000366210938,122.23999786376953,95.75717163085938,15734200,0.0,0.0,0.0
2017-02-09,121.41000366210938,121.58999633789062,120.66000366210938,120.83000183105469,94.65262603759766,16890600,0.0,0.0,0.0
2017-02-10,120.11000061035156,120.94999694824219,120.11000061035156,120.76000213623047,94.59779357910156,7978500,0.0,0.0,0.0
2017-02-13,120.25,120.41000366210938,119.87999725341797,120.37999725341797,94.30010223388672,11536800,0.0,0.0,0.0
2017-02-14,120.23999786376953,120.30000305175781,118.83000183105469,119.51000213623047,93.61861419677734,13210500,0.0,0.0,0.0
2017-02-15,118.76000213623047,119.22000122070312,118.6500015258789,118.95999908447266,93.18775177001953,8481000,0.0,0.0,0.0
2017-02-16,119.22000122070312,120.20999908447266,119.12000274658203,119.61000061035156,93.69695281982422,10005800,0.0,0.0,0.0
2017-02-17,120.61000061035156,120.69999694824219,120.12999725341797,120.31999969482422,94.25309753417969,7886400,0.0,0.0,0.0
2017-02-21,119.68000030517578,120.61000061035156,119.5999984741211,120.11000061035156,94.08859252929688,8703800,0.0,0.0,0.0
2017-02-22,120.80000305175781,120.81999969482422,119.58999633789062,120.30999755859375,94.24527740478516,8101500,0.0,0.0,0.0
2017-02-23,120.56999969482422,120.73999786376953,120.33000183105469,120.66999816894531,94.52729797363281,5330800,0.0,0.0,0.0
2017-02-24,121.3499984741211,122.13999938964844,121.26000213623047,122.01000213623047,95.57695770263672,11336000,0.0,0.0,0.0
2017-02-27,121.80999755859375,121.9000015258789,121.2300033569336,121.29000091552734,95.0129623413086,11039800,0.0,0.0,0.0
2017-02-28,121.5,122.08000183105469,121.31999969482422,121.73999786376953,95.36550903320312,8410500,0.0,0.0,0.0
2017-03-01,119.44000244140625,119.55000305175781,118.94999694824219,119.47000122070312,93.76749420166016,10717100,0.234,0.0,0.0
2017-03-02,119.01000213623047,119.20999908447266,118.62000274658203,119.04000091552734,93.43002319335938,8201200,0.0,0.0,0.0
2017-03-03,119.2300033569336,119.3499984741211,118.55000305175781,119.3499984741211,93.67330169677734,9515200,0.0,0.0,0.0
2017-03-06,119.12000274658203,119.12000274658203,118.5199966430664,118.77999877929688,93.2259521484375,4489200,0.0,0.0,0.0
2017-03-07,118.4800033569336,118.68000030517578,118.25,118.41999816894531,92.94338989257812,7080100,0.0,0.0,0.0
2017-03-08,117.30999755859375,117.94999694824219,117.2300033569336,117.77999877929688,92.44109344482422,11336300,0.0,0.0,0.0
2017-03-09,117.33999633789062,117.4800033569336,116.7699966430664,116.83999633789062,91.70327758789062,10575400,0.0,0.0,0.0
2017-03-10,117.13999938964844,117.31999969482422,116.68000030517578,117.25,92.02511596679688,9218500,0.0,0.0,0.0
2017-03-13,116.83000183105469,117.08999633789062,116.48999786376953,116.51000213623047,91.44429779052734,6993100,0.0,0.0,0.0
2017-03-14,116.7699966430664,117.3499984741211,116.70999908447266,117.06999969482422,91.88385009765625,9869200,0.0,0.0,0.0
2017-03-15,117.55999755859375,118.83000183105469,117.43000030517578,118.5,93.00615692138672,14600500,0.0,0.0,0.0
2017-03-16,117.98999786376953,118.1500015258789,117.62999725341797,117.9000015258789,92.5352554321289,8018200,0.0,0.0,0.0
2017-03-17,118.11000061035156,118.75,118.02999877929688,118.63999938964844,93.11604309082031,7266800,0.0,0.0,0.0
2017-03-20,118.55000305175781,119.2300033569336,118.5,119.1500015258789,93.51634979248047,5497800,0.0,0.0,0.0
2017-03-21,119.05000305175781,120.30000305175781,119.0199966430664,120.13999938964844,94.29335021972656,12540700,0.0,0.0,0.0
2017-03-22,120.72000122070312,121.16999816894531,120.43000030517578,120.62000274658203,94.67009735107422,11661400,0.0,0.0,0.0
2017-03-23,120.83000183105469,121.0199966430664,120.05999755859375,120.44999694824219,94.53665161132812,6746500,0.0,0.0,0.0
2017-03-24,120.52999877929688,121.0999984741211,120.4000015258789,120.87999725341797,94.87417602539062,5819600,0.0,0.0,0.0
2017-03-27,121.83000183105469,121.97000122070312,121.19000244140625,121.43000030517578,95.3058090209961,6878500,0.0,0.0,0.0
2017-03-28,121.79000091552734,121.81999969482422,120.48999786376953,120.62000274658203,94.67009735107422,6811200,0.0,0.0,0.0
2017-03-29,120.94000244140625,121.37999725341797,120.87999725341797,121.33999633789062,95.23516845703125,6291000,0.0,0.0,0.0
2017-03-30,121.06999969482422,121.08999633789062,120.31999969482422,120.36000061035156,94.46601867675781,7042400,0.0,0.0,0.0
2017-03-31,120.27999877929688,120.80999755859375,120.20999908447266,120.70999908447266,94.74075317382812,5144800,0.0,0.0,0.0
2017-04-03,120.44999694824219,121.87000274658203,120.4000015258789,121.66999816894531,95.69638061523438,12996500,0.255,0.0,0.0
2017-04-04,121.37000274658203,121.58999633789062,120.94999694824219,121.01000213623047,95.17723083496094,6976700,0.0,0.0,0.0
2017-04-05,120.55999755859375,121.5199966430664,120.36000061035156,121.37999725341797,95.46821594238281,8555200,0.0,0.0,0.0
2017-04-06,121.23999786376953,121.41000366210938,120.5199966430664,121.19999694824219,95.32666778564453,6497000,0.0,0.0,0.0
2017-04-07,121.83999633789062,122.25,120.69000244140625,120.70999908447266,94.94132232666016,10270000,0.0,0.0,0.0
2017-04-10,121.13999938964844,121.62000274658203,121.0,121.2699966430664,95.38175964355469,5314500,0.0,0.0,0.0
2017-04-11,121.80000305175781,122.6500015258789,121.72000122070312,122.41999816894531,96.28624725341797,11297400,0.0,0.0,0.0
2017-04-12,122.51000213623047,123.19000244140625,122.29000091552734,123.08999633789062,96.81321716308594,11532500,0.0,0.0,0.0
2017-04-13,123.44999694824219,123.73999786376953,122.91000366210938,123.47000122070312,97.11209106445312,8396700,0.0,0.0,0.0
2017-04-17,123.45999908447266,123.55000305175781,122.86000061035156,123.08999633789062,96.81321716308594,8015000,0.0,0.0,0.0
2017-04-18,123.86000061035156,124.9800033569336,123.55000305175781,124.69999694824219,98.07949829101562,11529700,0.0,0.0,0.0
2017-04-19,124.0999984741211,124.16999816894531,123.69999694824219,124.0199966430664,97.544677734375,7344000,0.0,0.0,0.0
2017-04-20,123.5199966430664,123.91999816894531,123.13999938964844,123.54000091552734,97.16715240478516,7932900,0.0,0.0,0.0
2017-04-21,123.81999969482422,124.23999786376953,123.48999786376953,123.54000091552734,97.16715240478516,9798500,0.0,0.0,0.0
2017-04-24,122.55000305175781,123.16000366210938,122.45999908447266,122.93000030517578,96.68741607666016,8066400,0.0,0.0,0.0
2017-04-25,122.20999908447266,122.45999908447266,121.37999725341797,121.44999694824219,95.52333068847656,8122300,0.0,0.0,0.0
2017-04-26,121.5199966430664,122.13999938964844,121.43000030517578,122.12000274658203,96.05027770996094,5766200,0.0,0.0,0.0
2017-04-27,121.75,122.3499984741211,121.58000183105469,122.08000183105469,96.01880645751953,4978300,0.0,0.0,0.0
2017-04-28,121.5999984741211,122.44000244140625,121.55000305175781,122.3499984741211,96.23114776611328,8166300,0.0,0.0,0.0
2017-05-01,121.69000244140625,122.13999938964844,120.70999908447266,121.08000183105469,95.43118286132812,8795900,0.255,0.0,0.0
2017-05-02,120.97000122070312,121.77999877929688,120.94000244140625,121.69999694824219,95.91989135742188,6727800,0.0,0.0,0.0
2017-05-03,122.22000122070312,122.38999938964844,121.55000305175781,121.77999877929688,95.9829330444336,8932900,0.0,0.0,0.0
2017-05-04,121.01000213623047,121.22000122070312,120.66999816894531,121.18000030517578,95.51001739501953,9707200,0.0,0.0,0.0
2017-05-05,121.37999725341797,121.47000122070312,120.88999938964844,121.29000091552734,95.5966796875,5605400,0.0,0.0,0.0
2017-05-08,121.11000061035156,121.13999938964844,120.52999877929688,120.62999725341797,95.0765151977539,8057800,0.0,0.0,0.0
2017-05-09,120.37999725341797,120.62999725341797,120.13999938964844,120.62000274658203,95.06867218017578,5536700,0.0,0.0,0.0
2017-05-10,120.91000366210938,121.05999755859375,120.16000366210938,120.4800033569336,94.95831298828125,6517000,0.0,0.0,0.0
2017-05-11,120.0,120.56999969482422,119.91000366210938,120.4800033569336,94.95831298828125,7479800,0.0,0.0,0.0
2017-05-12,121.01000213623047,121.48999786376953,120.9800033569336,121.38999938964844,95.675537109375,7463900,0.0,0.0,0.0
2017-05-15,121.05999755859375,121.20999908447266,120.75,121.05999755859375,95.41543579101562,5173200,0.0,0.0,0.0
2017-05-16,121.11000061035156,121.88999938964844,121.11000061035156,121.51000213623047,95.77010345458984,6722700,0.0,0.0,0.0
2017-05-17,122.62999725341797,123.54000091552734,122.38999938964844,123.27999877929688,97.16515350341797,11236400,0.0,0.0,0.0
2017-05-18,123.75,123.94000244140625,123.19000244140625,123.41999816894531,97.2755355834961,8350500,0.0,0.0,0.0
2017-05-19,123.36000061035156,123.77999877929688,123.01000213623047,123.70999908447266,97.5040512084961,11277400,0.0,0.0,0.0
2017-05-22,123.41000366210938,123.55999755859375,123.26000213623047,123.37000274658203,97.23606872558594,4062900,0.0,0.0,0.0
2017-05-23,123.51000213623047,123.62000274658203,122.4800033569336,122.54000091552734,96.58196258544922,7901300,0.0,0.0,0.0
2017-05-24,122.80000305175781,123.26000213623047,122.54000091552734,123.2300033569336,97.12576293945312,7355200,0.0,0.0,0.0
2017-05-25,123.0199966430664,123.27999877929688,122.76000213623047,123.2699966430664,97.15727996826172,6464800,0.0,0.0,0.0
2017-05-26,123.55000305175781,123.73999786376953,123.25,123.4800033569336,97.32276916503906,2963800,0.0,0.0,0.0
2017-05-30,124.02999877929688,124.13999938964844,123.73999786376953,124.08999633789062,97.80352783203125,4819400,0.0,0.0,0.0
2017-05-31,124.05000305175781,124.6500015258789,124.02999877929688,124.4000015258789,98.04791259765625,8000200,0.0,0.0,0.0
2017-06-01,123.69999694824219,124.19000244140625,123.66000366210938,124.1500015258789,98.05814361572266,9037300,0.263,0.0,0.0
2017-06-02,125.22000122070312,125.7699966430664,125.05000305175781,125.62000274658203,99.21924591064453,13245000,0.0,0.0,0.0
2017-06-05,124.9000015258789,125.16000366210938,124.77999877929688,124.83999633789062,98.6031494140625,6775500,0.0,0.0,0.0
2017-06-06,125.69000244140625,125.87000274658203,125.4000015258789,125.5199966430664,99.14026641845703,12841500,0.0,0.0,0.0
2017-06-07,125.23999786376953,125.5199966430664,124.79000091552734,124.91999816894531,98.66636657714844,12852400,0.0,0.0,0.0
2017-06-08,124.87999725341797,124.87999725341797,124.30000305175781,124.58999633789062,98.40569305419922,8758600,0.0,0.0,0.0
2017-06-09,124.08000183105469,124.63999938964844,123.9800033569336,124.4000015258789,98.25562286376953,5130500,0.0,0.0,0.0
2017-06-12,124.20999908447266,124.98999786376953,124.13999938964844,124.36000061035156,98.22401428222656,4335800,0.0,0.0,0.0
2017-06-13,124.01000213623047,124.5199966430664,123.98999786376953,124.37999725341797,98.23986053466797,4742600,0.0,0.0,0.0
2017-06-14,125.91999816894531,126.70999908447266,125.7300033569336,126.30000305175781,99.75631713867188,20212300,0.0,0.0,0.0
2017-06-15,126.08999633789062,126.33000183105469,125.83000183105469,126.0999984741211,99.5983657836914,5863700,0.0,0.0,0.0
2017-06-16,126.08000183105469,126.44000244140625,126.01000213623047,126.3499984741211,99.79582214355469,6672500,0.0,0.0,0.0
2017-06-19,126.31999969482422,126.4800033569336,126.02999877929688,126.16999816894531,99.65362548828125,5641300,0.0,0.0,0.0
2017-06-20,126.79000091552734,127.4000015258789,126.79000091552734,127.30000305175781,100.54618072509766,8405700,0.0,0.0,0.0
2017-06-21,127.11000061035156,127.63999938964844,126.91000366210938,127.55999755859375,100.75149536132812,5914800,0.0,0.0,0.0
2017-06-22,127.70999908447266,127.87000274658203,127.30999755859375,127.83999633789062,100.97270965576172,6608100,0.0,0.0,0.0
2017-06-23,127.47000122070312,127.9000015258789,127.4000015258789,127.77999877929688,100.92527770996094,4329900,0.0,0.0,0.0
2017-06-26,128.27000427246094,128.57000732421875,128.16000366210938,128.25999450683594,101.3044204711914,5541600,0.0,0.0,0.0
2017-06-27,127.43000030517578,127.48999786376953,126.62000274658203,126.88999938964844,100.2223129272461,8354200,0.0,0.0,0.0
2017-06-28,126.66999816894531,126.70999908447266,125.9800033569336,126.47000122070312,99.89055633544922,7357900,0.0,0.0,0.0
2017-06-29,125.01000213623047,125.72000122070312,124.9000015258789,125.41000366210938,99.0533676147461,9115800,0.0,0.0,0.0
2017-06-30,125.19000244140625,125.38999938964844,124.8499984741211,125.12000274658203,98.8243408203125,10189800,0.0,0.0,0.0
2017-07-03,125.0,125.04000091552734,124.0199966430664,124.45999908447266,98.50615692138672,11021100,0.258,0.0,0.0
2017-07-05,124.19999694824219,124.6500015258789,124.12000274658203,124.48999786376953,98.52986907958984,11394500,0.0,0.0,0.0
2017-07-06,123.5199966430664,123.63999938964844,122.93000030517578,123.45999908447266,97.71466827392578,10853100,0.0,0.0,0.0
2017-07-07,122.83999633789062,123.02999877929688,122.58999633789062,122.72000122070312,97.12903594970703,9401800,0.0,0.0,0.0
2017-07-10,122.87000274658203,123.0999984741211,122.68000030517578,122.9000015258789,97.2714614868164,3859200,0.0,0.0,0.0
2017-07-11,122.86000061035156,123.33000183105469,122.70999908447266,123.11000061035156,97.43766021728516,4425600,0.0,0.0,0.0
2017-07-12,123.88999938964844,124.04000091552734,123.48999786376953,123.95999908447266,98.11042785644531,7839900,0.0,0.0,0.0
2017-07-13,123.5999984741211,123.6500015258789,122.80999755859375,123.18000030517578,97.49305725097656,7449300,0.0,0.0,0.0
2017-07-14,124.0999984741211,124.16000366210938,123.12000274658203,123.33000183105469,97.6117935180664,6566800,0.0,0.0,0.0
2017-07-17,123.33000183105469,123.98999786376953,123.2699966430664,123.66999816894531,97.88094329833984,4737300,0.0,0.0,0.0
2017-07-18,124.43000030517578,124.7699966430664,124.2300033569336,124.75,98.73571014404297,9163000,0.0,0.0,0.0
2017-07-19,124.77999877929688,125.01000213623047,124.58999633789062,124.80000305175781,98.77529907226562,5140900,0.0,0.0,0.0
2017-07-20,125.48999786376953,125.7300033569336,124.97000122070312,125.16000366210938,99.0601806640625,12239100,0.0,0.0,0.0
2017-07-21,125.7300033569336,126.02999877929688,125.56999969482422,125.69000244140625,99.47967529296875,6201500,0.0,0.0,0.0
2017-07-24,125.44999694824219,125.66000366210938,125.16000366210938,125.19999694824219,99.09188842773438,5378500,0.0,0.0,0.0
2017-07-25,124.13999938964844,124.19000244140625,123.47000122070312,123.56999969482422,97.80175018310547,9743300,0.0,0.0,0.0
2017-07-26,123.2699966430664,124.08999633789062,123.08000183105469,123.7699966430664,97.96004486083984,8459500,0.0,0.0,0.0
2017-07-27,123.11000061035156,123.37999725341797,122.81999969482422,123.16000366210938,97.47724151611328,6390800,0.0,0.0,0.0
2017-07-28,123.2699966430664,123.98999786376953,123.26000213623047,123.88999938964844,98.05502319335938,5491800,0.0,0.0,0.0
2017-07-31,123.45999908447266,124.05000305175781,123.4000015258789,124.04000091552734,98.17375946044922,5464600,0.0,0.0,0.0
2017-08-01,123.18000030517578,124.70999908447266,123.16000366210938,124.63999938964844,98.86302947998047,9676800,0.269,0.0,0.0
2017-08-02,124.7699966430664,125.16999816894531,124.68000030517578,124.70999908447266,98.91854858398438,5745600,0.0,0.0,0.0
2017-08-03,125.29000091552734,126.0199966430664,125.26000213623047,126.0,99.9417495727539,10324500,0.0,0.0,0.0
2017-08-04,125.1500015258789,125.18000030517578,124.44000244140625,124.93000030517578,99.09304809570312,8485500,0.0,0.0,0.0
2017-08-07,124.83999633789062,125.0999984741211,124.61000061035156,125.06999969482422,99.20410919189453,4684600,0.0,0.0,0.0
2017-08-08,124.87000274658203,124.9800033569336,124.1500015258789,124.62000274658203,98.84717559814453,6197400,0.0,0.0,0.0
2017-08-09,125.93000030517578,125.94999694824219,125.19999694824219,125.30000305175781,99.38654327392578,9221800,0.0,0.0,0.0
2017-08-10,125.62000274658203,126.44000244140625,125.5199966430664,126.37000274658203,100.23524475097656,10378200,0.0,0.0,0.0
2017-08-11,125.7699966430664,126.45999908447266,125.55000305175781,126.43000030517578,100.28286743164062,5717800,0.0,0.0,0.0
2017-08-14,125.98999786376953,126.27999877929688,125.7300033569336,125.77999877929688,99.76729583740234,5111000,0.0,0.0,0.0
2017-08-15,124.7300033569336,125.54000091552734,124.70999908447266,125.25,99.34683990478516,7473200,0.0,0.0,0.0
2017-08-16,124.83000183105469,126.0199966430664,124.80999755859375,125.70999908447266,99.71170043945312,5283800,0.0,0.0,0.0
2017-08-17,125.69999694824219,126.68000030517578,125.51000213623047,126.6500015258789,100.45733642578125,9364700,0.0,0.0,0.0
2017-08-18,126.9800033569336,127.1500015258789,126.26000213623047,126.62000274658203,100.43354797363281,8382500,0.0,0.0,0.0
2017-08-21,126.7699966430664,127.0199966430664,126.5,126.93000030517578,100.6794204711914,7669800,0.0,0.0,0.0
2017-08-22,126.79000091552734,126.80999755859375,126.2699966430664,126.44000244140625,100.290771484375,6140700,0.0,0.0,0.0
2017-08-23,127.04000091552734,127.30999755859375,126.76000213623047,127.30000305175781,100.9729232788086,7446400,0.0,0.0,0.0
2017-08-24,126.87999725341797,127.30999755859375,126.72000122070312,126.83000183105469,100.60009002685547,5569400,0.0,0.0,0.0
2017-08-25,127.0199966430664,127.44999694824219,126.87000274658203,127.31999969482422,100.98877716064453,7303300,0.0,0.0,0.0
2017-08-28,126.91999816894531,127.38999938964844,126.7300033569336,127.23999786376953,100.92530059814453,4448500,0.0,0.0,0.0
2017-08-29,128.4600067138672,128.52000427246094,127.30999755859375,127.6500015258789,101.25048828125,7659400,0.0,0.0,0.0
2017-08-30,127.45999908447266,127.73999786376953,127.33999633789062,127.61000061035156,101.21881103515625,4735200,0.0,0.0,0.0
2017-08-31,127.63999938964844,128.02999877929688,127.56999969482422,127.98999786376953,101.52020263671875,7978400,0.0,0.0,0.0
2017-09-01,127.30999755859375,127.33999633789062,126.43000030517578,126.75,100.7436294555664,14128600,0.263,0.0,0.0
2017-09-05,127.69000244140625,128.8000030517578,127.69000244140625,128.75999450683594,102.34126281738281,15215700,0.0,0.0,0.0
2017-09-06,128.72000122070312,129.0,127.73999786376953,127.97000122070312,101.71333312988281,9066400,0.0,0.0,0.0
2017-09-07,128.3300018310547,129.57000732421875,128.3300018310547,129.27999877929688,102.75452423095703,13618900,0.0,0.0,0.0
2017-09-08,129.11000061035156,129.16000366210938,128.57000732421875,129.0,102.5320053100586,9808500,0.0,0.0,0.0
2017-09-11,127.87000274658203,128.0500030517578,127.26000213623047,127.45999908447266,101.3079605102539,17856700,0.0,0.0,0.0
2017-09-12,127.05000305175781,127.08999633789062,126.52999877929688,126.79000091552734,100.77547454833984,7557400,0.0,0.0,0.0
2017-09-13,126.91000366210938,126.91999816894531,126.27999877929688,126.29000091552734,100.3780746459961,6740000,0.0,0.0,0.0
2017-09-14,126.37000274658203,126.83000183105469,126.33000183105469,126.80999755859375,100.79137420654297,6674500,0.0,0.0,0.0
2017-09-15,127.0,127.01000213623047,126.54000091552734,126.86000061035156,100.83103942871094,9769200,0.0,0.0,0.0
2017-09-18,126.5,126.56999969482422,125.83999633789062,126.12999725341797,100.2508544921875,6863000,0.0,0.0,0.0
2017-09-19,126.27999877929688,126.30999755859375,125.7300033569336,125.81999969482422,100.00452423095703,5554900,0.0,0.0,0.0
2017-09-20,125.97000122070312,126.05000305175781,125.33000183105469,125.91000366210938,100.07598114013672,8037000,0.0,0.0,0.0
2017-09-21,126.16000366210938,126.55999755859375,125.81999969482422,125.83999633789062,100.0203628540039,6147800,0.0,0.0,0.0
2017-09-22,126.5,126.7300033569336,126.05999755859375,126.19999694824219,100.30651092529297,5660700,0.0,0.0,0.0
2017-09-25,126.31999969482422,127.2699966430664,126.19999694824219,126.98999786376953,100.93439483642578,9679000,0.0,0.0,0.0
2017-09-26,126.7699966430664,126.88999938964844,126.43000030517578,126.76000213623047,100.75157165527344,7251900,0.0,0.0,0.0
2017-09-27,124.87000274658203,125.30000305175781,124.61000061035156,124.8499984741211,99.23350524902344,12145700,0.0,0.0,0.0
2017-09-28,124.20999908447266,124.6500015258789,123.97000122070312,124.4800033569336,98.939453125,8883700,0.0,0.0,0.0
2017-09-29,124.76000213623047,125.02999877929688,124.2699966430664,124.76000213623047,99.16197204589844,11285500,0.0,0.0,0.0
2017-10-02,124.80999755859375,125.0,124.23999786376953,124.27999877929688,98.98040008544922,7860700,0.252,0.0,0.0
2017-10-03,123.91999816894531,124.51000213623047,123.91999816894531,124.4000015258789,99.07595825195312,6219800,0.0,0.0,0.0
2017-10-04,124.52999877929688,124.58999633789062,123.87999725341797,124.41000366210938,99.08390045166016,7447000,0.0,0.0,0.0
2017-10-05,124.2699966430664,124.30000305175781,123.69000244140625,123.94000244140625,98.70960998535156,8180300,0.0,0.0,0.0
2017-10-06,123.29000091552734,124.0999984741211,123.02999877929688,123.58999633789062,98.43085479736328,10375000,0.0,0.0,0.0
2017-10-09,123.77999877929688,124.05999755859375,123.63999938964844,123.9800033569336,98.741455078125,3590900,0.0,0.0,0.0
2017-10-10,124.13999938964844,124.87000274658203,124.0199966430664,124.18000030517578,98.9007568359375,6666800,0.0,0.0,0.0
2017-10-11,124.56999969482422,124.66000366210938,124.26000213623047,124.41999816894531,99.09184265136719,4385900,0.0,0.0,0.0
2017-10-12,124.55000305175781,124.9800033569336,124.23999786376953,124.94999694824219,99.51399230957031,7141600,0.0,0.0,0.0
2017-10-13,125.58000183105469,125.94000244140625,125.16999816894531,125.8499984741211,100.23075866699219,7746900,0.0,0.0,0.0
2017-10-16,125.52999877929688,125.9000015258789,125.37999725341797,125.76000213623047,100.15907287597656,5737300,0.0,0.0,0.0
2017-10-17,125.38999938964844,126.08999633789062,125.38999938964844,125.91999816894531,100.28652954101562,4969600,0.0,0.0,0.0
2017-10-18,125.05000305175781,125.18000030517578,124.68000030517578,125.08999633789062,99.62553405761719,5943800,0.0,0.0,0.0
2017-10-19,125.73999786376953,126.01000213623047,125.2699966430664,125.30999755859375,99.80073547363281,8966500,0.0,0.0,0.0
2017-10-20,124.0,124.27999877929688,123.63999938964844,123.9800033569336,98.741455078125,12326900,0.0,0.0,0.0
2017-10-23,124.16000366210938,124.48999786376953,124.0199966430664,124.19999694824219,98.91667175292969,6871100,0.0,0.0,0.0
2017-10-24,123.37000274658203,123.69000244140625,123.1500015258789,123.43000030517578,98.30342102050781,6842800,0.0,0.0,0.0
2017-10-25,122.52999877929688,122.9800033569336,122.41999816894531,122.83999633789062,97.83353424072266,9961400,0.0,0.0,0.0
2017-10-26,123.05999755859375,123.05999755859375,122.43000030517578,122.43000030517578,97.50698852539062,8179400,0.0,0.0,0.0
2017-10-27,122.94000244140625,123.33000183105469,122.75,123.23999786376953,98.15211486816406,10480900,0.0,0.0,0.0
2017-10-30,123.86000061035156,124.45999908447266,123.55999755859375,124.41999816894531,99.09184265136719,9051600,0.0,0.0,0.0
2017-10-31,124.52999877929688,124.66000366210938,124.4000015258789,124.45999908447266,99.12372589111328,4424300,0.0,0.0,0.0
2017-11-01,124.3499984741211,125.13999938964844,124.30000305175781,124.75,99.56509399414062,8940400,0.263,0.0,0.0
2017-11-02,125.0,125.5199966430664,124.91999816894531,125.30000305175781,100.00408172607422,7222700,0.0,0.0,0.0
2017-11-03,125.47000122070312,125.69999694824219,125.13999938964844,125.63999938964844,100.275390625,10984100,0.0,0.0,0.0
2017-11-06,125.93000030517578,126.22000122070312,125.72000122070312,126.11000061035156,100.65052795410156,6246700,0.0,0.0,0.0
2017-11-07,126.2300033569336,126.77999877929688,126.12999725341797,126.63999938964844,101.07352447509766,6422700,0.0,0.0,0.0
2017-11-08,126.58999633789062,126.80000305175781,126.20999908447266,126.36000061035156,100.85005187988281,3356200,0.0,0.0,0.0
2017-11-09,125.87000274658203,126.23999786376953,125.55000305175781,126.0,100.56270599365234,6280400,0.0,0.0,0.0
2017-11-10,124.70999908447266,124.83999633789062,123.95999908447266,124.0999984741211,99.04631042480469,11981000,0.0,0.0,0.0
2017-11-13,124.80000305175781,124.80999755859375,124.30999755859375,124.36000061035156,99.25381469726562,5880800,0.0,0.0,0.0
2017-11-14,124.7699966430664,125.23999786376953,124.7699966430664,125.19999694824219,99.9242935180664,6195900,0.0,0.0,0.0
2017-11-15,126.05999755859375,126.66999816894531,125.63999938964844,126.55999755859375,101.00968933105469,9568200,0.0,0.0,0.0
2017-11-16,126.01000213623047,126.33000183105469,125.44999694824219,125.45999908447266,100.13175201416016,5894900,0.0,0.0,0.0
2017-11-17,126.06999969482422,126.44000244140625,125.95999908447266,126.38999938964844,100.87397766113281,6938800,0.0,0.0,0.0
2017-11-20,125.91000366210938,126.37999725341797,125.91000366210938,126.33999633789062,100.83409118652344,4232300,0.0,0.0,0.0
2017-11-21,127.08999633789062,127.29000091552734,126.30999755859375,126.73999786376953,101.15330505371094,5818400,0.0,0.0,0.0
2017-11-22,126.62000274658203,127.19999694824219,126.51000213623047,127.1500015258789,101.48058319091797,4140700,0.0,0.0,0.0
2017-11-24,126.93000030517578,127.02999877929688,126.69000244140625,126.80000305175781,101.20124816894531,3141400,0.0,0.0,0.0
2017-11-27,126.86000061035156,127.05000305175781,126.41999816894531,126.62000274658203,101.05760192871094,6079900,0.0,0.0,0.0
2017-11-28,126.7699966430664,127.18000030517578,126.47000122070312,126.79000091552734,101.19328308105469,5983000,0.0,0.0,0.0
2017-11-29,125.55999755859375,125.68000030517578,125.0999984741211,125.54000091552734,100.19563293457031,14547100,0.0,0.0,0.0
2017-11-30,125.30999755859375,125.5199966430664,124.44000244140625,125.12000274658203,99.86038970947266,9630000,0.0,0.0,0.0
2017-12-01,125.87000274658203,127.69000244140625,125.0999984741211,126.55000305175781,101.20796203613281,24583100,0.255,0.0,0.0
2017-12-04,125.91999816894531,126.66999816894531,125.80999755859375,126.61000061035156,101.25597381591797,9609200,0.0,0.0,0.0
2017-12-05,126.47000122070312,127.5,126.44999694824219,127.23999786376953,101.75978088378906,10958900,0.0,0.0,0.0
2017-12-06,127.87000274658203,128.22999572753906,127.66000366210938,127.68000030517578,102.11173248291016,11834200,0.0,0.0,0.0
2017-12-07,127.93000030517578,128.10000610351562,126.30000305175781,126.68000030517578,101.31190490722656,13056800,0.0,0.0,0.0
2017-12-08,126.58999633789062,126.73999786376953,126.23999786376953,126.69000244140625,101.3199462890625,4786100,0.0,0.0,0.0
2017-12-11,126.86000061035156,127.08999633789062,126.41000366210938,126.43000030517578,101.11200714111328,3863800,0.0,0.0,0.0
2017-12-12,126.16999816894531,126.41000366210938,125.66999816894531,126.37999725341797,101.07198333740234,7502400,0.0,0.0,0.0
2017-12-13,126.80999755859375,127.38999938964844,126.58999633789062,127.33000183105469,101.8317642211914,8532900,0.0,0.0,0.0
2017-12-14,127.05000305175781,127.9800033569336,126.79000091552734,127.87000274658203,102.26363372802734,6885000,0.0,0.0,0.0
2017-12-15,127.80999755859375,128.58999633789062,127.55999755859375,128.35000610351562,102.6474838256836,7239400,0.0,0.0,0.0
2017-12-18,127.97000122070312,128.0,126.91000366210938,127.18000030517578,101.71177673339844,7239700,0.0,0.0,0.0
2017-12-19,126.31999969482422,126.37999725341797,125.06999969482422,125.52999877929688,100.39221954345703,11045800,0.0,0.0,0.0
2017-12-20,124.30999755859375,124.70999908447266,123.94999694824219,124.13999938964844,99.28058624267578,10005800,0.0,0.0,0.0
2017-12-21,124.02999877929688,124.86000061035156,124.0,124.5999984741211,99.85919952392578,7026900,0.262,0.0,0.0
2017-12-22,124.69999694824219,124.83999633789062,124.52999877929688,124.7699966430664,99.99544525146484,3974300,0.0,0.0,0.0
2017-12-26,124.9800033569336,125.52999877929688,124.97000122070312,125.13999938964844,100.29202270507812,3168400,0.0,0.0,0.0
2017-12-27,125.70999908447266,126.9800033569336,125.69999694824219,126.7699966430664,101.59832000732422,9059700,0.0,0.0,0.0
2017-12-28,126.52999877929688,126.83000183105469,126.37000274658203,126.66000366210938,101.51020812988281,5297100,0.0,0.0,0.0
2017-12-29,126.5,127.12000274658203,126.4800033569336,126.86000061035156,101.67047882080078,7580500,0.0,0.0,0.0
2018-01-02,126.48999786376953,126.51000213623047,125.06999969482422,125.48999786376953,100.57251739501953,16238200,0.0,0.0,0.0
2018-01-03,126.0,126.19999694824219,125.48999786376953,126.08999633789062,101.05338287353516,8605100,0.0,0.0,0.0
2018-01-04,125.6500015258789,126.16000366210938,125.37000274658203,126.06999969482422,101.03736114501953,9217900,0.0,0.0,0.0
2018-01-05,125.87000274658203,126.18000030517578,125.36000061035156,125.70999908447266,100.748779296875,10915400,0.0,0.0,0.0
2018-01-08,125.98999786376953,126.02999877929688,125.16999816894531,125.62999725341797,100.6847152709961,8850600,0.0,0.0,0.0
2018-01-09,124.80999755859375,124.83000183105469,123.80999755859375,123.94999694824219,99.33826446533203,16226400,0.0,0.0,0.0
2018-01-10,122.80999755859375,123.93000030517578,122.66000366210938,123.80000305175781,99.21808624267578,14302600,0.0,0.0,0.0
2018-01-11,123.51000213623047,124.58999633789062,123.30999755859375,124.30999755859375,99.62680053710938,12511000,0.0,0.0,0.0
2018-01-12,124.0999984741211,124.79000091552734,123.91000366210938,124.5199966430664,99.79509735107422,9987100,0.0,0.0,0.0
2018-01-16,125.16999816894531,125.27999877929688,124.55999755859375,125.04000091552734,100.21185302734375,9125900,0.0,0.0,0.0
2018-01-17,125.08000183105469,125.63999938964844,124.5999984741211,124.87000274658203,100.0755844116211,8327000,0.0,0.0,0.0
2018-01-18,123.93000030517578,124.2699966430664,123.54000091552734,123.70999908447266,99.14595794677734,10843900,0.0,0.0,0.0
2018-01-19,123.4000015258789,123.55999755859375,122.9800033569336,123.05999755859375,98.62496948242188,11374300,0.0,0.0,0.0
2018-01-22,123.44999694824219,123.70999908447266,122.98999786376953,123.18000030517578,98.72116088867188,8984700,0.0,0.0,0.0
2018-01-23,123.80999755859375,124.19999694824219,123.23999786376953,123.70999908447266,99.14595794677734,12325700,0.0,0.0,0.0
2018-01-24,122.8499984741211,123.12999725341797,122.54000091552734,123.04000091552734,98.60900115966797,9038900,0.0,0.0,0.0
2018-01-25,123.16000366210938,124.1500015258789,122.80000305175781,124.05000305175781,99.4184341430664,12173300,0.0,0.0,0.0
2018-01-26,123.87999725341797,123.91000366210938,123.0999984741211,123.58999633789062,99.04976654052734,6462900,0.0,0.0,0.0
2018-01-29,122.97000122070312,122.97000122070312,122.30000305175781,122.7300033569336,98.36051940917969,12223000,0.0,0.0,0.0
2018-01-30,122.27999877929688,122.37000274658203,121.69999694824219,122.01000213623047,97.7835464477539,12064400,0.0,0.0,0.0
2018-01-31,122.87000274658203,122.93000030517578,121.94000244140625,122.7300033569336,98.36051940917969,18045100,0.0,0.0,0.0
2018-02-01,122.4800033569336,122.52999877929688,120.62999725341797,120.69999694824219,96.93502807617188,18632800,0.255,0.0,0.0
2018-02-02,120.1500015258789,120.26000213623047,119.23999786376953,119.58000183105469,96.03553771972656,23944400,0.0,0.0,0.0
2018-02-05,119.16999816894531,121.81999969482422,118.63999938964844,120.70999908447266,96.94306182861328,28606200,0.0,0.0,0.0
2018-02-06,120.41999816894531,120.87000274658203,119.72000122070312,119.95999908447266,96.34072875976562,10935400,0.0,0.0,0.0
2018-02-07,120.12999725341797,120.33000183105469,118.55999755859375,118.81999969482422,95.42518615722656,16271100,0.0,0.0,0.0
2018-02-08,118.01000213623047,119.18000030517578,117.8499984741211,118.69000244140625,95.32078552246094,15155100,0.0,0.0,0.0
2018-02-09,118.11000061035156,119.08999633789062,117.79000091552734,117.94000244140625,94.71845245361328,15661600,0.0,0.0,0.0
2018-02-12,118.55999755859375,119.30000305175781,118.19000244140625,118.45999908447266,95.13605499267578,10944600,0.0,0.0,0.0
2018-02-13,118.61000061035156,119.01000213623047,118.38999938964844,118.98999786376953,95.56171417236328,8157600,0.0,0.0,0.0
2018-02-14,118.45999908447266,118.54000091552734,117.47000122070312,117.66999816894531,94.50159454345703,12043300,0.0,0.0,0.0
2018-02-15,118.19000244140625,118.80000305175781,117.98999786376953,118.06999969482422,94.8228759765625,8222400,0.0,0.0,0.0
2018-02-16,119.04000091552734,119.20999908447266,118.33999633789062,118.70999908447266,95.33684539794922,8454100,0.0,0.0,0.0
2018-02-20,118.27999877929688,118.51000213623047,117.77999877929688,118.19000244140625,94.91924285888672,8268800,0.0,0.0,0.0
2018-02-21,118.23999786376953,118.29000091552734,116.51000213623047,116.73999786376953,93.75472259521484,12054300,0.0,0.0,0.0
2018-02-22,117.23999786376953,117.66000366210938,117.0,117.08999633789062,94.03583526611328,9317900,0.0,0.0,0.0
2018-02-23,117.87999725341797,118.30999755859375,117.72000122070312,118.12999725341797,94.87104797363281,9072900,0.0,0.0,0.0
2018-02-26,118.68000030517578,118.91000366210938,118.04000091552734,118.16999816894531,94.90315246582031,8771600,0.0,0.0,0.0
2018-02-27,118.5199966430664,118.66000366210938,117.26000213623047,118.0,94.76661682128906,12525700,0.0,0.0,0.0
2018-02-28,118.47000122070312,118.83000183105469,118.25,118.75,95.36896514892578,9311600,0.0,0.0,0.0
2018-03-01,118.43000030517578,119.62000274658203,118.1500015258789,119.31999969482422,96.01998901367188,12287700,0.239,0.0,0.0
2018-03-02,118.8499984741211,118.93000030517578,118.12000274658203,118.3499984741211,95.23938751220703,10064300,0.0,0.0,0.0
2018-03-05,118.75,118.80000305175781,117.62999725341797,118.02999877929688,94.98187255859375,5658200,0.0,0.0,0.0
2018-03-06,118.36000061035156,118.68000030517578,118.12000274658203,118.13999938964844,95.07039642333984,5452000,0.0,0.0,0.0
2018-03-07,118.56999969482422,118.68000030517578,117.95999908447266,118.01000213623047,94.96576690673828,4461800,0.0,0.0,0.0
2018-03-08,118.30999755859375,118.98999786376953,118.26000213623047,118.69000244140625,95.51300811767578,7086700,0.0,0.0,0.0
2018-03-09,117.98999786376953,118.2699966430664,117.58999633789062,117.91000366210938,94.88529968261719,6570400,0.0,0.0,0.0
2018-03-12,118.30999755859375,118.66000366210938,118.19000244140625,118.58999633789062,95.4325180053711,5801300,0.0,0.0,0.0
2018-03-13,118.30999755859375,119.37000274658203,118.19000244140625,119.19000244140625,95.91539764404297,7455300,0.0,0.0,0.0
2018-03-14,119.4000015258789,120.4000015258789,119.37000274658203,120.23999786376953,96.76032257080078,10175000,0.0,0.0,0.0
2018-03-15,120.16999816894531,120.48999786376953,119.93000030517578,120.23999786376953,96.76032257080078,6757900,0.0,0.0,0.0
2018-03-16,119.80000305175781,120.01000213623047,119.55000305175781,119.80999755859375,96.41429901123047,6084300,0.0,0.0,0.0
2018-03-19,119.20999908447266,119.97000122070312,119.19999694824219,119.43000030517578,96.10852813720703,8491200,0.0,0.0,0.0
2018-03-20,118.91000366210938,119.22000122070312,118.83000183105469,118.94999694824219,95.72222137451172,5446000,0.0,0.0,0.0
2018-03-21,118.66000366210938,119.41999816894531,118.11000061035156,119.08000183105469,95.82682800292969,9742400,0.0,0.0,0.0
2018-03-22,120.30999755859375,120.81999969482422,119.66999816894531,120.26000213623047,96.77643585205078,12136600,0.0,0.0,0.0
2018-03-23,119.68000030517578,120.30999755859375,119.62000274658203,120.16999816894531,96.70398712158203,7250400,0.0,0.0,0.0
2018-03-26,120.0,120.44999694824219,119.66999816894531,119.70999908447266,96.33380889892578,8237900,0.0,0.0,0.0
2018-03-27,119.83000183105469,121.12000274658203,119.80999755859375,120.98999786376953,97.36388397216797,9168500,0.0,0.0,0.0
2018-03-28,121.44999694824219,121.63999938964844,120.94999694824219,121.30999755859375,97.6213607788086,7412500,0.0,0.0,0.0
2018-03-29,121.54000091552734,122.29000091552734,121.51000213623047,121.9000015258789,98.09619140625,9694300,0.0,0.0,0.0
2018-04-02,121.3499984741211,122.36000061035156,121.16000366210938,121.87999725341797,98.28971099853516,12036500,0.26,0.0,0.0
2018-04-03,121.36000061035156,121.4800033569336,120.83000183105469,120.94000244140625,97.53168487548828,9855000,0.0,0.0,0.0
2018-04-04,121.3499984741211,121.45999908447266,120.5999984741211,120.69000244140625,97.3300552368164,6654300,0.0,0.0,0.0
2018-04-05,120.0999984741211,120.2699966430664,119.7699966430664,119.79000091552734,96.60427856445312,7603700,0.0,0.0,0.0
2018-04-06,120.66000366210938,121.1500015258789,120.22000122070312,121.0999984741211,97.66070556640625,8831200,0.0,0.0,0.0
2018-04-09,120.63999938964844,121.30000305175781,120.3499984741211,121.30000305175781,97.82200622558594,6307500,0.0,0.0,0.0
2018-04-10,121.19999694824219,121.37999725341797,120.77999877929688,121.08000183105469,97.64456176757812,6046000,0.0,0.0,0.0
2018-04-11,121.8499984741211,121.88999938964844,121.2699966430664,121.51000213623047,97.99131774902344,5901300,0.0,0.0,0.0
2018-04-12,121.04000091552734,121.06999969482422,120.41000366210938,120.62000274658203,97.27363586425781,6622800,0.0,0.0,0.0
2018-04-13,120.5199966430664,121.12999725341797,120.5,120.9000015258789,97.49942016601562,4964000,0.0,0.0,0.0
2018-04-16,120.2300033569336,120.97000122070312,120.18000030517578,120.94000244140625,97.53168487548828,4491300,0.0,0.0,0.0
2018-04-17,120.91999816894531,121.58000183105469,120.81999969482422,121.2699966430664,97.79779052734375,5590400,0.0,0.0,0.0
2018-04-18,121.29000091552734,121.33999633789062,120.27999877929688,120.30000305175781,97.0155029296875,8138400,0.0,0.0,0.0
2018-04-19,119.41999816894531,119.52999877929688,118.80999755859375,119.31999969482422,96.22518157958984,9875800,0.0,0.0,0.0
2018-04-20,118.88999938964844,119.12999725341797,118.43000030517578,118.45999908447266,95.53164672851562,7579400,0.0,0.0,0.0
2018-04-23,118.33000183105469,118.62000274658203,118.08000183105469,118.48999786376953,95.55587005615234,7073200,0.0,0.0,0.0
2018-04-24,118.20999908447266,118.44999694824219,117.76000213623047,117.94999694824219,95.12034606933594,8190800,0.0,0.0,0.0
2018-04-25,117.41000366210938,117.6500015258789,116.94000244140625,117.16000366210938,94.48329162597656,6603800,0.0,0.0,0.0
2018-04-26,117.7300033569336,118.12999725341797,117.58999633789062,117.9800033569336,95.14459228515625,6528600,0.0,0.0,0.0
2018-04-27,118.47000122070312,118.94999694824219,118.44000244140625,118.88999938964844,95.87849426269531,5401800,0.0,0.0,0.0
2018-04-30,119.08000183105469,119.55999755859375,118.94000244140625,119.0999984741211,96.04781341552734,8321100,0.0,0.0,0.0
2018-05-01,118.7699966430664,118.83999633789062,118.2300033569336,118.41000366210938,95.70187377929688,7979200,0.262,0.0,0.0
2018-05-02,118.63999938964844,118.87000274658203,118.26000213623047,118.27999877929688,95.59681701660156,4644000,0.0,0.0,0.0
2018-05-03,118.83999633789062,119.30999755859375,118.68000030517578,118.80999755859375,96.0251693725586,6345300,0.0,0.0,0.0
2018-05-04,119.2300033569336,119.2300033569336,118.48999786376953,118.98999786376953,96.17066955566406,4283500,0.0,0.0,0.0
2018-05-07,118.97000122070312,119.0199966430664,118.73999786376953,118.80000305175781,96.01707458496094,3647800,0.0,0.0,0.0
2018-05-08,118.55000305175781,119.0,118.30000305175781,118.69000244140625,95.92818450927734,6091200,0.0,0.0,0.0
2018-05-09,118.12000274658203,118.41999816894531,117.9800033569336,117.9800033569336,95.3543472290039,7832500,0.0,0.0,0.0
2018-05-10,118.55000305175781,118.9800033569336,118.3499984741211,118.93000030517578,96.12215423583984,7101500,0.0,0.0,0.0
2018-05-11,119.31999969482422,119.36000061035156,118.81999969482422,119.2300033569336,96.36463928222656,4273400,0.0,0.0,0.0
2018-05-14,118.80000305175781,118.98999786376953,118.58999633789062,118.5999984741211,95.85542297363281,4996200,0.0,0.0,0.0
2018-05-15,117.55999755859375,117.58000183105469,116.69999694824219,117.25,94.76435089111328,12901000,0.0,0.0,0.0
2018-05-16,117.41999816894531,117.52999877929688,116.79000091552734,116.80000305175781,94.40061950683594,6518000,0.0,0.0,0.0
2018-05-17,116.62999725341797,116.81999969482422,116.08999633789062,116.20999908447266,93.923828125,7330300,0.0,0.0,0.0
2018-05-18,116.51000213623047,117.29000091552734,116.51000213623047,117.20999908447266,94.73199462890625,9606500,0.0,0.0,0.0
2018-05-21,117.12999725341797,117.37999725341797,116.94999694824219,117.2699966430664,94.78050994873047,4448500,0.0,0.0,0.0
2018-05-22,117.29000091552734,117.3499984741211,116.8499984741211,117.08999633789062,94.63501739501953,4700700,0.0,0.0,0.0
2018-05-23,117.75,118.11000061035156,117.66000366210938,117.94000244140625,95.3220443725586,9634000,0.0,0.0,0.0
2018-05-24,118.69000244140625,119.05999755859375,118.63999938964844,118.87999725341797,96.08171844482422,8204100,0.0,0.0,0.0
2018-05-25,119.55999755859375,119.83999633789062,119.47000122070312,119.62000274658203,96.67984008789062,8482800,0.0,0.0,0.0
2018-05-29,120.79000091552734,122.5199966430664,120.43000030517578,122.23999786376953,98.7973861694336,21668100,0.0,0.0,0.0
2018-05-30,121.0,121.4800033569336,120.73999786376953,121.41999816894531,98.13463592529297,11616300,0.0,0.0,0.0
2018-05-31,121.55999755859375,121.9800033569336,120.94999694824219,121.22000122070312,97.9729995727539,10769900,0.0,0.0,0.0
2018-06-01,120.16999816894531,120.70999908447266,119.8499984741211,120.30000305175781,97.45532989501953,8718800,0.281,0.0,0.0
2018-06-04,120.11000061035156,120.13999938964844,119.37000274658203,119.43000030517578,96.75054931640625,7156500,0.0,0.0,0.0
2018-06-05,119.95999908447266,120.16000366210938,119.62000274658203,119.70999908447266,96.97740173339844,5635900,0.0,0.0,0.0
2018-06-06,119.08000183105469,119.0999984741211,118.41999816894531,118.73999786376953,96.19159698486328,7813300,0.0,0.0,0.0
2018-06-07,118.69000244140625,120.48999786376953,118.68000030517578,119.88999938964844,97.12318420410156,13238300,0.0,0.0,0.0
2018-06-08,119.55999755859375,119.8499984741211,119.44000244140625,119.52999877929688,96.83155822753906,6790600,0.0,0.0,0.0
2018-06-11,119.06999969482422,119.38999938964844,118.94000244140625,119.30999755859375,96.6533203125,6844200,0.0,0.0,0.0
2018-06-12,118.93000030517578,119.45999908447266,118.88999938964844,119.33999633789062,96.6776351928711,6048200,0.0,0.0,0.0
2018-06-13,119.44999694824219,119.63999938964844,118.62999725341797,119.27999877929688,96.62904357910156,8834700,0.0,0.0,0.0
2018-06-14,119.77999877929688,120.30000305175781,119.4800033569336,120.2699966430664,97.43101501464844,10078800,0.0,0.0,0.0
2018-06-15,120.83000183105469,121.08999633789062,120.30000305175781,120.37999725341797,97.52014923095703,7992800,0.0,0.0,0.0
2018-06-18,120.4800033569336,120.55999755859375,120.04000091552734,120.2699966430664,97.43101501464844,4893700,0.0,0.0,0.0
2018-06-19,120.97000122070312,121.2300033569336,120.69999694824219,120.97000122070312,97.99809265136719,6133300,0.0,0.0,0.0
2018-06-20,120.7699966430664,120.79000091552734,119.9000015258789,119.91000366210938,97.13937377929688,6879100,0.0,0.0,0.0
2018-06-21,120.36000061035156,120.75,120.22000122070312,120.54000091552734,97.64974975585938,7235800,0.0,0.0,0.0
2018-06-22,120.08999633789062,120.62000274658203,120.05999755859375,120.52999877929688,97.64164733886719,4082500,0.0,0.0,0.0
2018-06-25,120.66000366210938,121.11000061035156,120.63999938964844,120.80000305175781,97.86038970947266,8363700,0.0,0.0,0.0
2018-06-26,120.7699966430664,121.02999877929688,120.66000366210938,120.97000122070312,97.99809265136719,5450000,0.0,0.0,0.0
2018-06-27,121.75,122.18000030517578,121.55000305175781,122.11000061035156,98.921630859375,8173400,0.0,0.0,0.0
2018-06-28,122.12999725341797,122.25,121.83000183105469,122.13999938964844,98.94593048095703,7109500,0.0,0.0,0.0
2018-06-29,122.16999816894531,122.5,121.6500015258789,121.72000122070312,98.60566711425781,11164700,0.0,0.0,0.0
2018-07-02,121.73999786376953,121.75,121.29000091552734,121.3499984741211,98.52854919433594,9662000,0.275,0.0,0.0
2018-07-03,121.52999877929688,122.02999877929688,121.52999877929688,122.0,99.05631256103516,3808800,0.0,0.0,0.0
2018-07-05,122.05999755859375,122.52999877929688,122.01000213623047,122.3499984741211,99.3404769897461,3860400,0.0,0.0,0.0
2018-07-06,122.75,122.91999816894531,122.4800033569336,122.75,99.66527557373047,4679900,0.0,0.0,0.0
2018-07-09,122.06999969482422,122.20999908447266,121.9000015258789,121.95999908447266,99.02381896972656,5952700,0.0,0.0,0.0
2018-07-10,121.87000274658203,122.12999725341797,121.80999755859375,121.94999694824219,99.01570892333984,5759700,0.0,0.0,0.0
2018-07-11,122.44999694824219,122.55000305175781,122.08999633789062,122.41999816894531,99.39735412597656,6869100,0.0,0.0,0.0
2018-07-12,122.16999816894531,122.47000122070312,122.13999938964844,122.41000366210938,99.38920593261719,4824700,0.0,0.0,0.0
2018-07-13,122.61000061035156,122.87000274658203,122.47000122070312,122.72000122070312,99.64091491699219,4079000,0.0,0.0,0.0
2018-07-16,122.20999908447266,122.29000091552734,121.63999938964844,122.20999908447266,99.2268295288086,5517100,0.0,0.0,0.0
2018-07-17,122.29000091552734,122.38999938964844,121.9000015258789,121.9800033569336,99.04003143310547,3764300,0.0,0.0,0.0
2018-07-18,122.0199966430664,122.04000091552734,121.38999938964844,121.48999786376953,98.64221954345703,6330000,0.0,0.0,0.0
2018-07-19,121.80000305175781,122.44999694824219,121.7699966430664,122.26000213623047,99.26741027832031,6166700,0.0,0.0,0.0
2018-07-20,121.58000183105469,121.58999633789062,120.69999694824219,120.76000213623047,98.04950714111328,10469500,0.0,0.0,0.0
2018-07-23,120.37999725341797,120.37999725341797,119.18000030517578,119.2699966430664,96.83972930908203,11571800,0.0,0.0,0.0
2018-07-24,119.27999877929688,119.81999969482422,119.13999938964844,119.68000030517578,97.17259216308594,9053500,0.0,0.0,0.0
2018-07-25,120.0199966430664,120.26000213623047,119.26000213623047,119.48999786376953,97.01835632324219,7357900,0.0,0.0,0.0
2018-07-26,119.70999908447266,119.87999725341797,119.16000366210938,119.26000213623047,96.83159637451172,6821100,0.0,0.0,0.0
2018-07-27,119.8499984741211,119.87000274658203,119.4000015258789,119.45999908447266,96.99395751953125,4542000,0.0,0.0,0.0
2018-07-30,118.98999786376953,119.41000366210938,118.97000122070312,119.05000305175781,96.66112518310547,7111200,0.0,0.0,0.0
2018-07-31,119.79000091552734,119.86000061035156,119.55999755859375,119.69999694824219,97.1888656616211,6797400,0.0,0.0,0.0
2018-08-01,118.29000091552734,118.83999633789062,118.06999969482422,118.45999908447266,96.39707946777344,13312600,0.267,0.0,0.0
2018-08-02,118.62000274658203,118.73999786376953,118.30000305175781,118.62999725341797,96.53540802001953,4451100,0.0,0.0,0.0
2018-08-03,118.83000183105469,119.29000091552734,118.80999755859375,119.22000122070312,97.01549530029297,6162400,0.0,0.0,0.0
2018-08-06,119.54000091552734,119.83999633789062,119.2699966430664,119.29000091552734,97.07247924804688,4200200,0.0,0.0,0.0
2018-08-07,119.02999877929688,119.0999984741211,118.56999969482422,118.66999816894531,96.56795501708984,5346900,0.0,0.0,0.0
2018-08-08,118.66000366210938,119.02999877929688,118.61000061035156,118.79000091552734,96.66561126708984,5640900,0.0,0.0,0.0
2018-08-09,119.2300033569336,119.83000183105469,119.12000274658203,119.79000091552734,97.4793472290039,7144100,0.0,0.0,0.0
2018-08-10,120.37000274658203,121.05000305175781,120.27999877929688,120.66000366210938,98.18737030029297,8457900,0.0,0.0,0.0
2018-08-13,120.25,120.69999694824219,120.20999908447266,120.41000366210938,97.98392486572266,7923200,0.0,0.0,0.0
2018-08-14,120.54000091552734,120.55999755859375,120.02999877929688,120.13999938964844,97.76415252685547,4251200,0.0,0.0,0.0
2018-08-15,120.66000366210938,121.12999725341797,120.56999969482422,120.83999633789062,98.33380126953125,7649800,0.0,0.0,0.0
2018-08-16,120.80999755859375,120.93000030517578,120.27999877929688,120.83000183105469,98.32565307617188,5400400,0.0,0.0,0.0
2018-08-17,121.08999633789062,121.38999938964844,120.75,120.9800033569336,98.4477310180664,3537600,0.0,0.0,0.0
2018-08-20,121.63999938964844,121.91000366210938,121.54000091552734,121.79000091552734,99.10685729980469,5603700,0.0,0.0,0.0
2018-08-21,121.37000274658203,121.52999877929688,121.06999969482422,121.37999725341797,98.77324676513672,4695000,0.0,0.0,0.0
2018-08-22,122.0,122.05000305175781,121.58000183105469,121.86000061035156,99.16381072998047,5309600,0.0,0.0,0.0
2018-08-23,122.0,122.12999725341797,121.77999877929688,122.05000305175781,99.31847381591797,5328700,0.0,0.0,0.0
2018-08-24,121.62000274658203,122.33000183105469,121.48999786376953,122.29000091552734,99.51375579833984,6092200,0.0,0.0,0.0
2018-08-27,121.77999877929688,121.87000274658203,121.5199966430664,121.58999633789062,98.94412994384766,6407400,0.0,0.0,0.0
2018-08-28,121.0,121.08999633789062,120.68000030517578,120.86000061035156,98.35006713867188,4929300,0.0,0.0,0.0
2018-08-29,120.94000244140625,121.1500015258789,120.62000274658203,121.0199966430664,98.48023223876953,5613300,0.0,0.0,0.0
2018-08-30,121.30999755859375,121.45999908447266,121.08000183105469,121.27999877929688,98.69184875488281,5302900,0.0,0.0,0.0
2018-08-31,121.88999938964844,121.91999816894531,120.88999938964844,121.0,98.4640121459961,9677500,0.0,0.0,0.0
2018-09-04,119.95999908447266,120.0999984741211,119.75,120.02999877929688,97.89469146728516,18343600,0.272,0.0,0.0
2018-09-05,119.76000213623047,119.9000015258789,119.55000305175781,119.70999908447266,97.63372039794922,9422600,0.0,0.0,0.0
2018-09-06,119.76000213623047,120.4000015258789,119.69000244140625,120.1500015258789,97.99256134033203,9566000,0.0,0.0,0.0
2018-09-07,119.33000183105469,119.4000015258789,118.98999786376953,119.12999725341797,97.16069793701172,11212600,0.0,0.0,0.0
2018-09-10,119.16999816894531,119.5999984741211,119.16999816894531,119.56999969482422,97.5195541381836,6386400,0.0,0.0,0.0
2018-09-11,119.08000183105469,119.16999816894531,118.5999984741211,118.66000366210938,96.7773666381836,5440000,0.0,0.0,0.0
2018-09-12,119.05000305175781,119.16999816894531,118.9000015258789,118.94000244140625,97.00572967529297,3347200,0.0,0.0,0.0
2018-09-13,119.33999633789062,119.56999969482422,118.9800033569336,119.12000274658203,97.15255737304688,4833000,0.0,0.0,0.0
2018-09-14,118.41000366210938,118.91000366210938,118.30000305175781,118.55000305175781,96.6876449584961,5579500,0.0,0.0,0.0
2018-09-17,118.18000030517578,118.81999969482422,118.12000274658203,118.55000305175781,96.6876449584961,5433000,0.0,0.0,0.0
2018-09-18,118.05999755859375,118.06999969482422,117.16000366210938,117.30999755859375,95.67631530761719,10182300,0.0,0.0,0.0
2018-09-19,117.11000061035156,117.11000061035156,116.19000244140625,116.61000061035156,95.10540771484375,13379600,0.0,0.0,0.0
2018-09-20,116.58000183105469,117.30000305175781,116.47000122070312,117.1500015258789,95.54580688476562,8657300,0.0,0.0,0.0
2018-09-21,116.87000274658203,117.27999877929688,116.83999633789062,117.0999984741211,95.50505065917969,6173800,0.0,0.0,0.0
2018-09-24,116.73999786376953,117.2699966430664,116.72000122070312,116.80000305175781,95.2603759765625,5505500,0.0,0.0,0.0
2018-09-25,116.4800033569336,116.73999786376953,116.4000015258789,116.68000030517578,95.16252136230469,6650900,0.0,0.0,0.0
2018-09-26,116.93000030517578,117.58000183105469,116.66000366210938,117.5,95.83125305175781,9512700,0.0,0.0,0.0
2018-09-27,117.23999786376953,117.6500015258789,117.0999984741211,117.58000183105469,95.89655303955078,5758500,0.0,0.0,0.0
2018-09-28,117.8499984741211,117.91000366210938,117.22000122070312,117.2699966430664,95.64372253417969,12807700,0.0,0.0,0.0
2018-10-01,116.66000366210938,116.83000183105469,116.12000274658203,116.1500015258789,94.94153594970703,22442400,0.261,0.0,0.0
2018-10-02,116.66999816894531,117.12999725341797,116.5999984741211,116.86000061035156,95.52190399169922,8266900,0.0,0.0,0.0
2018-10-03,116.2699966430664,116.36000061035156,114.23999786376953,114.83000183105469,93.86260223388672,20829200,0.0,0.0,0.0
2018-10-04,114.12999725341797,114.38999938964844,113.70999908447266,114.0199966430664,93.20050048828125,16207400,0.0,0.0,0.0
2018-10-05,113.38999938964844,113.72000122070312,112.62000274658203,113.04000091552734,92.39940643310547,18096500,0.0,0.0,0.0
2018-10-08,112.98999786376953,113.11000061035156,112.63999938964844,112.66000366210938,92.08880615234375,5855900,0.0,0.0,0.0
2018-10-09,113.13999938964844,113.8499984741211,113.06999969482422,113.80000305175781,93.0206298828125,11530800,0.0,0.0,0.0
2018-10-10,113.13999938964844,113.58000183105469,112.79000091552734,113.48999786376953,92.76724243164062,15290100,0.0,0.0,0.0
2018-10-11,114.0,115.1500015258789,113.79000091552734,114.87000274658203,93.8952865600586,16086800,0.0,0.0,0.0
2018-10-12,114.38999938964844,115.01000213623047,114.27999877929688,114.47000122070312,93.56832885742188,6794100,0.0,0.0,0.0
2018-10-15,114.66000366210938,114.81999969482422,114.29000091552734,114.41999816894531,93.5274429321289,7146300,0.0,0.0,0.0
2018-10-16,114.38999938964844,114.72000122070312,114.16000366210938,114.68000030517578,93.73995971679688,4762300,0.0,0.0,0.0
2018-10-17,114.66000366210938,114.79000091552734,113.9800033569336,114.0,93.18414306640625,5880700,0.0,0.0,0.0
2018-10-18,113.62000274658203,114.38999938964844,113.55000305175781,113.95999908447266,93.15145111083984,5728800,0.0,0.0,0.0
2018-10-19,113.8499984741211,113.94999694824219,113.41000366210938,113.70999908447266,92.94708251953125,10892400,0.0,0.0,0.0
2018-10-22,113.94999694824219,114.08000183105469,113.52999877929688,113.55999755859375,92.82445526123047,3244200,0.0,0.0,0.0
2018-10-23,114.76000213623047,115.0199966430664,113.83999633789062,113.91999816894531,93.1187515258789,10330700,0.0,0.0,0.0
2018-10-24,114.36000061035156,114.81999969482422,114.23999786376953,114.77999877929688,93.82170867919922,16008000,0.0,0.0,0.0
2018-10-25,114.54000091552734,114.73999786376953,114.2300033569336,114.30000305175781,93.42936706542969,12613200,0.0,0.0,0.0
2018-10-26,114.93000030517578,115.31999969482422,114.79000091552734,114.98999786376953,93.99336242675781,18582500,0.0,0.0,0.0
2018-10-29,114.83999633789062,115.0199966430664,114.26000213623047,114.7300033569336,93.78082275390625,7679900,0.0,0.0,0.0
2018-10-30,114.26000213623047,114.54000091552734,114.0199966430664,114.16000366210938,93.31492614746094,9939500,0.0,0.0,0.0
2018-10-31,113.73999786376953,113.95999908447266,113.20999908447266,113.58000183105469,92.8408203125,8706400,0.0,0.0,0.0
2018-11-01,112.8499984741211,113.55999755859375,112.83999633789062,113.41000366210938,92.92687225341797,6100200,0.275,0.0,0.0
2018-11-02,113.16999816894531,113.26000213623047,111.9000015258789,112.0,91.77154541015625,11314800,0.0,0.0,0.0
2018-11-05,112.4800033569336,112.70999908447266,112.3499984741211,112.44000244140625,92.13204956054688,4760200,0.0,0.0,0.0
2018-11-06,112.5999984741211,112.7300033569336,112.33000183105469,112.37000274658203,92.07473754882812,3159900,0.0,0.0,0.0
2018-11-07,113.19000244140625,113.4000015258789,112.41000366210938,112.5199966430664,92.19759368896484,9313100,0.0,0.0,0.0
2018-11-08,112.95999908447266,112.97000122070312,112.41000366210938,112.51000213623047,92.18937683105469,6905100,0.0,0.0,0.0
2018-11-09,112.75,113.5,112.72000122070312,113.3499984741211,92.8776626586914,6465300,0.0,0.0,0.0
2018-11-12,113.94999694824219,114.30999755859375,113.91000366210938,114.08999633789062,93.48402404785156,6840000,0.0,0.0,0.0
2018-11-13,113.70999908447266,114.0199966430664,113.4800033569336,114.0199966430664,93.42667388916016,6525800,0.0,0.0,0.0
2018-11-14,113.4800033569336,114.5199966430664,113.30000305175781,114.08999633789062,93.48402404785156,8690800,0.0,0.0,0.0
2018-11-15,114.44000244140625,114.54000091552734,113.68000030517578,114.04000091552734,93.44306945800781,7879600,0.0,0.0,0.0
2018-11-16,114.19999694824219,114.80999755859375,113.91999816894531,114.69999694824219,93.98387908935547,9236700,0.0,0.0,0.0
2018-11-19,114.41000366210938,115.0199966430664,114.41000366210938,115.0199966430664,94.2460708618164,7027200,0.0,0.0,0.0
2018-11-20,115.23999786376953,115.45999908447266,114.93000030517578,115.05999755859375,94.27886199951172,6332600,0.0,0.0,0.0
2018-11-21,114.88999938964844,115.08999633789062,114.54000091552734,115.0199966430664,94.2460708618164,4951100,0.0,0.0,0.0
2018-11-23,115.66999816894531,115.76000213623047,115.08999633789062,115.13999938964844,94.34441375732422,3027900,0.0,0.0,0.0
2018-11-26,114.86000061035156,115.05999755859375,114.77999877929688,114.87999725341797,94.13135528564453,6599000,0.0,0.0,0.0
2018-11-27,114.80999755859375,115.25,114.76000213623047,115.01000213623047,94.23785400390625,5967200,0.0,0.0,0.0
2018-11-28,114.8499984741211,115.0199966430664,114.36000061035156,114.44999694824219,93.7790298461914,7814000,0.0,0.0,0.0
2018-11-29,114.91999816894531,115.25,114.58999633789062,114.9000015258789,94.14778137207031,7295600,0.0,0.0,0.0
2018-11-30,115.30999755859375,115.41999816894531,114.9800033569336,115.33000183105469,94.5000991821289,9127800,0.0,0.0,0.0
2018-12-03,114.68000030517578,115.87999725341797,114.66000366210938,115.87999725341797,95.17110443115234,9763800,0.267,0.0,0.0
2018-12-04,116.80999755859375,118.66999816894531,116.62999725341797,117.81999969482422,96.76438903808594,18100500,0.0,0.0,0.0
2018-12-06,118.54000091552734,119.19999694824219,118.12999725341797,118.19000244140625,97.06826782226562,15319400,0.0,0.0,0.0
2018-12-07,117.80999755859375,118.52999877929688,117.5199966430664,118.41000366210938,97.24893951416016,8608400,0.0,0.0,0.0
2018-12-10,118.87000274658203,119.27999877929688,118.44000244140625,118.9000015258789,97.6513900756836,8777700,0.0,0.0,0.0
2018-12-11,118.97000122070312,119.37999725341797,118.61000061035156,118.87999725341797,97.63494873046875,8071900,0.0,0.0,0.0
2018-12-12,118.58000183105469,118.72000122070312,118.23999786376953,118.3499984741211,97.19967651367188,6182200,0.0,0.0,0.0
2018-12-13,118.45999908447266,118.58000183105469,117.9800033569336,118.06999969482422,96.9697036743164,5564200,0.0,0.0,0.0
2018-12-14,118.55000305175781,118.7699966430664,118.22000122070312,118.4800033569336,97.306396484375,8169200,0.0,0.0,0.0
2018-12-17,118.58999633789062,119.30000305175781,118.58000183105469,119.16999816894531,97.87313842773438,9726800,0.0,0.0,0.0
2018-12-18,119.06999969482422,119.79000091552734,118.94000244140625,119.5999984741211,98.45925903320312,10018800,0.282,0.0,0.0
2018-12-19,120.11000061035156,121.66000366210938,119.91999816894531,121.18000030517578,99.75999450683594,23046300,0.0,0.0,0.0
2018-12-20,122.01000213623047,122.02999877929688,120.66999816894531,120.73999786376953,99.39777374267578,18543700,0.0,0.0,0.0
2018-12-21,121.13999938964844,121.20999908447266,120.38999938964844,120.72000122070312,99.38128662109375,9945100,0.0,0.0,0.0
2018-12-24,121.12999725341797,121.41999816894531,120.91000366210938,121.31999969482422,99.87525939941406,8377500,0.0,0.0,0.0
2018-12-26,120.98999786376953,121.38999938964844,119.97000122070312,120.0199966430664,98.80502319335938,11700400,0.0,0.0,0.0
2018-12-27,121.26000213623047,121.37999725341797,119.9800033569336,120.04000091552734,98.82150268554688,12146500,0.0,0.0,0.0
2018-12-28,120.4000015258789,121.05000305175781,120.29000091552734,121.05000305175781,99.65290832519531,9879100,0.0,0.0,0.0
2018-12-31,120.6500015258789,121.55999755859375,120.45999908447266,121.51000213623047,100.03165435791016,17409000,0.0,0.0,0.0
2019-01-02,121.66000366210938,122.16000366210938,121.33999633789062,122.1500015258789,100.55850982666016,19841500,0.0,0.0,0.0
2019-01-03,122.29000091552734,123.86000061035156,122.2300033569336,123.54000091552734,101.70281982421875,21187000,0.0,0.0,0.0
2019-01-04,122.33999633789062,122.55999755859375,121.6500015258789,122.11000061035156,100.52560424804688,12970200,0.0,0.0,0.0
2019-01-07,122.62000274658203,122.6500015258789,121.62000274658203,121.75,100.22923278808594,8498100,0.0,0.0,0.0
2019-01-08,121.69000244140625,121.94000244140625,121.38999938964844,121.43000030517578,99.96578979492188,7737100,0.0,0.0,0.0
2019-01-09,121.26000213623047,121.43000030517578,120.80000305175781,121.23999786376953,99.80936431884766,9349200,0.0,0.0,0.0
2019-01-10,121.27999877929688,121.41000366210938,120.33999633789062,120.45999908447266,99.16725158691406,8222900,0.0,0.0,0.0
2019-01-11,120.83000183105469,121.2699966430664,120.68000030517578,120.93000030517578,99.55419158935547,5786900,0.0,0.0,0.0
2019-01-14,120.9000015258789,121.01000213623047,120.23999786376953,120.4800033569336,99.18370819091797,6730500,0.0,0.0,0.0
2019-01-15,120.55999755859375,120.56999969482422,119.94999694824219,120.04000091552734,98.82150268554688,8997400,0.0,0.0,0.0
2019-01-16,119.58999633789062,120.38999938964844,119.51000213623047,120.16000366210938,98.92031860351562,6048400,0.0,0.0,0.0
2019-01-17,120.22000122070312,120.52999877929688,119.88999938964844,120.19000244140625,98.94499969482422,8153400,0.0,0.0,0.0
2019-01-18,119.83999633789062,120.12000274658203,119.38999938964844,119.55999755859375,98.42633056640625,14106400,0.0,0.0,0.0
2019-01-22,120.30999755859375,120.72000122070312,120.06999969482422,120.37000274658203,99.09317016601562,8881100,0.0,0.0,0.0
2019-01-23,119.87999725341797,120.62000274658203,119.83000183105469,120.31999969482422,99.05200958251953,5776800,0.0,0.0,0.0
2019-01-24,120.91000366210938,121.26000213623047,120.70999908447266,121.11000061035156,99.70237731933594,7121900,0.0,0.0,0.0
2019-01-25,120.58999633789062,120.75,120.31999969482422,120.52999877929688,99.2248764038086,6460800,0.0,0.0,0.0
2019-01-28,120.54000091552734,120.94000244140625,120.41000366210938,120.41000366210938,99.12608337402344,6435800,0.0,0.0,0.0
2019-01-29,120.52999877929688,121.04000091552734,120.38999938964844,121.0199966430664,99.62823486328125,5750100,0.0,0.0,0.0
2019-01-30,120.83999633789062,120.9800033569336,120.33000183105469,120.93000030517578,99.55419158935547,10571300,0.0,0.0,0.0
2019-01-31,121.55000305175781,122.18000030517578,121.5,121.97000122070312,100.41032409667969,11843400,0.0,0.0,0.0
2019-02-01,121.4800033569336,121.56999969482422,120.83999633789062,120.95999908447266,99.80391693115234,12024600,0.275,0.0,0.0
2019-02-04,120.44000244140625,120.55000305175781,120.0199966430664,120.41999816894531,99.35838317871094,8966200,0.0,0.0,0.0
2019-02-05,120.7300033569336,121.2300033569336,120.66000366210938,120.97000122070312,99.8121337890625,6983300,0.0,0.0,0.0
2019-02-06,121.36000061035156,121.41000366210938,120.7300033569336,121.02999877929688,99.86165618896484,5184000,0.0,0.0,0.0
2019-02-07,121.45999908447266,121.91000366210938,121.2300033569336,121.83000183105469,100.52174377441406,8781000,0.0,0.0,0.0
2019-02-08,122.26000213623047,122.47000122070312,122.06999969482422,122.3499984741211,100.95077514648438,5885400,0.0,0.0,0.0
2019-02-11,121.86000061035156,122.18000030517578,121.75,121.87000274658203,100.5547103881836,4352800,0.0,0.0,0.0
2019-02-12,121.66000366210938,121.75,121.19999694824219,121.55999755859375,100.29895782470703,7939600,0.0,0.0,0.0
2019-02-13,121.1500015258789,121.38999938964844,120.91000366210938,121.0999984741211,99.91943359375,4757700,0.0,0.0,0.0
2019-02-14,122.13999938964844,122.19999694824219,121.58000183105469,121.79000091552734,100.48871612548828,5868900,0.0,0.0,0.0
2019-02-15,121.55999755859375,122.0199966430664,121.54000091552734,121.9800033569336,100.64546966552734,5527200,0.0,0.0,0.0
2019-02-19,122.41999816894531,122.54000091552734,121.94999694824219,122.29000091552734,100.90127563476562,5872800,0.0,0.0,0.0
2019-02-20,121.94999694824219,122.08000183105469,121.58999633789062,121.94000244140625,100.61250305175781,4455800,0.0,0.0,0.0
2019-02-21,121.06999969482422,121.16000366210938,120.69999694824219,120.8499984741211,99.71314239501953,7382500,0.0,0.0,0.0
2019-02-22,121.47000122070312,121.94999694824219,121.41999816894531,121.56999969482422,100.30717468261719,6374600,0.0,0.0,0.0
2019-02-25,121.16999816894531,121.30000305175781,120.91999816894531,121.20999908447266,100.01018524169922,6293500,0.0,0.0,0.0
2019-02-26,121.7300033569336,121.81999969482422,121.36000061035156,121.80999755859375,100.50523376464844,6028900,0.0,0.0,0.0
2019-02-27,121.12000274658203,121.12999725341797,120.27999877929688,120.43000030517578,99.36659240722656,7737300,0.0,0.0,0.0
2019-02-28,120.55999755859375,120.62000274658203,119.70999908447266,120.0199966430664,99.02830505371094,9533400,0.0,0.0,0.0
2019-03-01,119.33000183105469,119.52999877929688,118.63999938964844,118.66000366210938,98.1130142211914,13541100,0.253,0.0,0.0
2019-03-04,119.29000091552734,119.7699966430664,119.05999755859375,119.58999633789062,98.8819351196289,9808500,0.0,0.0,0.0
2019-03-05,119.27999877929688,119.87000274658203,119.2699966430664,119.83999633789062,99.08866882324219,5595200,0.0,0.0,0.0
2019-03-06,119.91999816894531,120.5199966430664,119.88999938964844,120.27999877929688,99.4524917602539,7766700,0.0,0.0,0.0
2019-03-07,120.63999938964844,121.26000213623047,120.61000061035156,121.05999755859375,100.09735870361328,8187200,0.0,0.0,0.0
2019-03-08,121.12000274658203,121.69000244140625,120.8499984741211,121.56999969482422,100.51910400390625,7517600,0.0,0.0,0.0
2019-03-11,121.4000015258789,121.41999816894531,120.9800033569336,121.20999908447266,100.22146606445312,5157800,0.0,0.0,0.0
2019-03-12,121.30000305175781,122.2300033569336,121.26000213623047,122.05999755859375,100.92424774169922,6422300,0.0,0.0,0.0
2019-03-13,121.66000366210938,121.95999908447266,121.62000274658203,121.83000183105469,100.73408508300781,4386300,0.0,0.0,0.0
2019-03-14,121.69000244140625,121.76000213623047,120.91999816894531,120.94999694824219,100.00647735595703,8188400,0.0,0.0,0.0
2019-03-15,121.73999786376953,121.94999694824219,121.4000015258789,121.75,100.66789245605469,4302000,0.0,0.0,0.0
2019-03-18,121.56999969482422,121.87000274658203,121.5199966430664,121.68000030517578,100.61007690429688,3893300,0.0,0.0,0.0
2019-03-19,121.08999633789062,121.62000274658203,120.88999938964844,121.41000366210938,100.38677978515625,5220200,0.0,0.0,0.0
2019-03-20,121.73999786376953,122.8499984741211,121.7300033569336,122.68000030517578,101.43693542480469,10123700,0.0,0.0,0.0
2019-03-21,122.95999908447266,123.08999633789062,122.73999786376953,122.94999694824219,101.66015625,7182600,0.0,0.0,0.0
2019-03-22,124.20999908447266,125.27999877929688,124.05999755859375,124.86000061035156,103.23938751220703,13077000,0.0,0.0,0.0
2019-03-25,124.80999755859375,125.94000244140625,124.51000213623047,125.05999755859375,103.40474700927734,9736300,0.0,0.0,0.0
2019-03-26,124.69999694824219,125.29000091552734,124.62000274658203,124.97000122070312,103.33036041259766,7502000,0.0,0.0,0.0
2019-03-27,125.41999816894531,126.33999633789062,125.30999755859375,126.12000274658203,104.28124237060547,14207200,0.0,0.0,0.0
2019-03-28,126.25,126.69000244140625,126.01000213623047,126.55999755859375,104.64501190185547,9143200,0.0,0.0,0.0
2019-03-29,125.68000030517578,126.47000122070312,125.63999938964844,126.44000244140625,104.54582977294922,10841400,0.0,0.0,0.0
2019-04-01,125.29000091552734,125.36000061035156,124.19000244140625,124.37000274658203,103.06088256835938,16501500,0.278,0.0,0.0
2019-04-02,124.4800033569336,124.73999786376953,124.25,124.5999984741211,103.25147247314453,9725000,0.0,0.0,0.0
2019-04-03,123.61000061035156,123.87000274658203,123.37000274658203,123.5199966430664,102.35647583007812,10407000,0.0,0.0,0.0
2019-04-04,123.5999984741211,123.88999938964844,123.44000244140625,123.87000274658203,102.64653778076172,7503400,0.0,0.0,0.0
2019-04-05,123.62000274658203,124.16999816894531,123.58000183105469,124.02999877929688,102.77911376953125,6321800,0.0,0.0,0.0
2019-04-08,123.83000183105469,123.94999694824219,123.5199966430664,123.58999633789062,102.41451263427734,4446400,0.0,0.0,0.0
2019-04-09,124.22000122070312,124.33999633789062,123.7699966430664,123.9800033569336,102.73773956298828,7020300,0.0,0.0,0.0
2019-04-10,124.2699966430664,124.5199966430664,124.0999984741211,124.27999877929688,102.98626708984375,7519900,0.0,0.0,0.0
2019-04-11,123.93000030517578,124.0199966430664,123.41000366210938,123.55000305175781,102.38134002685547,8679300,0.0,0.0,0.0
2019-04-12,122.88999938964844,123.05999755859375,122.62999725341797,122.66999816894531,101.65211486816406,7005500,0.0,0.0,0.0
2019-04-15,122.77999877929688,122.98999786376953,122.72000122070312,122.9800033569336,101.90901947021484,3070000,0.0,0.0,0.0
2019-04-16,122.51000213623047,122.62999725341797,122.13999938964844,122.20999908447266,101.27094268798828,8927300,0.0,0.0,0.0
2019-04-17,122.12999725341797,122.56999969482422,122.11000061035156,122.26000213623047,101.3123779296875,6118500,0.0,0.0,0.0
2019-04-18,122.80999755859375,123.0999984741211,122.77999877929688,122.9000015258789,101.84273529052734,27589400,0.0,0.0,0.0
2019-04-22,122.47000122070312,122.56999969482422,122.23999786376953,122.30999755859375,101.35381317138672,6241200,0.0,0.0,0.0
2019-04-23,122.61000061035156,122.69999694824219,122.38999938964844,122.56999969482422,101.56925201416016,6239700,0.0,0.0,0.0
2019-04-24,123.11000061035156,123.58999633789062,123.08999633789062,123.56999969482422,102.39794921875,7302000,0.0,0.0,0.0
2019-04-25,123.48999786376953,123.62000274658203,123.0999984741211,123.38999938964844,102.24874114990234,5380900,0.0,0.0,0.0
2019-04-26,123.9800033569336,124.0199966430664,123.63999938964844,123.80999755859375,102.5968017578125,5950700,0.0,0.0,0.0
2019-04-29,123.2300033569336,123.3499984741211,122.8499984741211,123.0199966430664,101.9421615600586,10246000,0.0,0.0,0.0
2019-04-30,122.94999694824219,123.73999786376953,122.93000030517578,123.6500015258789,102.46418762207031,7957400,0.0,0.0,0.0
2019-05-01,123.69000244140625,124.44999694824219,123.5999984741211,123.9000015258789,102.88690185546875,14371900,0.259,0.0,0.0
2019-05-02,123.68000030517578,123.80999755859375,123.04000091552734,123.30999755859375,102.3969497680664,6612800,0.0,0.0,0.0
2019-05-03,123.66000366210938,123.87999725341797,123.37000274658203,123.66000366210938,102.6875991821289,6191700,0.0,0.0,0.0
2019-05-06,124.30999755859375,124.37999725341797,123.93000030517578,124.0,102.96994018554688,4482500,0.0,0.0,0.0
2019-05-07,124.52999877929688,125.13999938964844,124.38999938964844,124.94999694824219,103.75881958007812,8984900,0.0,0.0,0.0
2019-05-08,125.1500015258789,125.30000305175781,124.30000305175781,124.41000366210938,103.31039428710938,6907600,0.0,0.0,0.0
2019-05-09,125.11000061035156,125.30000305175781,124.30999755859375,124.91999816894531,103.73391723632812,9411900,0.0,0.0,0.0
2019-05-10,124.88999938964844,125.44999694824219,124.58999633789062,124.75,103.5927505493164,6037800,0.0,0.0,0.0
2019-05-13,125.4000015258789,125.93000030517578,125.25,125.7300033569336,104.40653991699219,10501600,0.0,0.0,0.0
2019-05-14,125.51000213623047,125.6500015258789,125.19999694824219,125.36000061035156,104.0992660522461,5690400,0.0,0.0,0.0
2019-05-15,126.20999908447266,126.2699966430664,125.7699966430664,126.12999725341797,104.73868560791016,9566300,0.0,0.0,0.0
2019-05-16,125.80999755859375,125.83000183105469,125.52999877929688,125.70999908447266,104.38992309570312,7666400,0.0,0.0,0.0
2019-05-17,126.27999877929688,126.30000305175781,125.69000244140625,125.98999786376953,104.62240600585938,4747100,0.0,0.0,0.0
2019-05-20,126.12000274658203,126.37999725341797,125.6500015258789,125.7300033569336,104.40653991699219,6043100,0.0,0.0,0.0
2019-05-21,125.5999984741211,125.72000122070312,125.30000305175781,125.52999877929688,104.24044799804688,4021800,0.0,0.0,0.0
2019-05-22,125.7699966430664,126.33000183105469,125.72000122070312,126.25,104.83837127685547,5675300,0.0,0.0,0.0
2019-05-23,126.88999938964844,128.08999633789062,126.87999725341797,127.66999816894531,106.01749420166016,9743700,0.0,0.0,0.0
2019-05-24,127.55999755859375,127.77999877929688,127.38999938964844,127.77999877929688,106.10884094238281,4981900,0.0,0.0,0.0
2019-05-28,128.27000427246094,128.89999389648438,128.08999633789062,128.6999969482422,106.87284851074219,8098600,0.0,0.0,0.0
2019-05-29,129.6699981689453,129.89999389648438,129.0,129.08999633789062,107.19664764404297,13260600,0.0,0.0,0.0
2019-05-30,129.3300018310547,130.22999572753906,128.88999938964844,130.1999969482422,108.1183853149414,13024800,0.0,0.0,0.0
2019-05-31,130.89999389648438,131.89999389648438,130.80999755859375,131.8300018310547,109.47201538085938,18933600,0.0,0.0,0.0
2019-06-03,131.91000366210938,132.5800018310547,131.5500030517578,132.44000244140625,110.20425415039062,17822400,0.27,0.0,0.0
2019-06-04,131.38999938964844,131.75999450683594,130.5500030517578,130.92999267578125,108.94772338867188,14250000,0.0,0.0,0.0
2019-06-05,130.52000427246094,130.9499969482422,130.1199951171875,130.19000244140625,108.33203125,8815200,0.0,0.0,0.0
2019-06-06,130.97000122070312,131.58999633789062,130.32000732421875,130.61000061035156,108.68150329589844,9621100,0.0,0.0,0.0
2019-06-07,131.7899932861328,132.07000732421875,131.44000244140625,131.74000549316406,109.62175750732422,11378500,0.0,0.0,0.0
2019-06-10,130.67999267578125,130.6999969482422,130.32000732421875,130.5,108.58995819091797,8288700,0.0,0.0,0.0
2019-06-11,130.4199981689453,130.75999450683594,130.32000732421875,130.5800018310547,108.65653228759766,5115100,0.0,0.0,0.0
2019-06-12,130.38999938964844,130.75,130.3000030517578,130.67999267578125,108.73973083496094,5278700,0.0,0.0,0.0
2019-06-13,130.8000030517578,131.25,130.7899932861328,131.1300048828125,109.11419677734375,5560400,0.0,0.0,0.0
2019-06-14,131.10000610351562,131.7100067138672,131.08999633789062,131.4600067138672,109.3887710571289,5838800,0.0,0.0,0.0
2019-06-17,131.38999938964844,131.75999450683594,131.1300048828125,131.69000244140625,109.5801010131836,6046400,0.0,0.0,0.0
2019-06-18,132.74000549316406,132.86000061035156,131.9499969482422,132.35000610351562,110.12940216064453,10320700,0.0,0.0,0.0
2019-06-19,131.86000061035156,132.72000122070312,131.5800018310547,132.5399932861328,110.28741455078125,11962500,0.0,0.0,0.0
2019-06-20,132.91000366210938,133.50999450683594,132.58999633789062,132.88999938964844,110.57868194580078,10721500,0.0,0.0,0.0
2019-06-21,132.50999450683594,132.52999877929688,131.3800048828125,131.42999267578125,109.36380767822266,14495000,0.0,0.0,0.0
2019-06-24,132.16000366210938,132.52999877929688,132.0800018310547,132.41000366210938,110.17927551269531,6378800,0.0,0.0,0.0
2019-06-25,132.7899932861328,133.08999633789062,132.72000122070312,132.82000732421875,110.52043151855469,9604600,0.0,0.0,0.0
2019-06-26,132.67999267578125,132.6999969482422,131.8800048828125,131.97000122070312,109.81315612792969,12766800,0.0,0.0,0.0
2019-06-27,132.30999755859375,133.08999633789062,131.99000549316406,132.89999389648438,110.58696746826172,9724200,0.0,0.0,0.0
2019-06-28,132.5800018310547,133.0800018310547,132.4499969482422,132.80999755859375,110.5121078491211,8149200,0.0,0.0,0.0
2019-07-01,132.57000732421875,132.75,131.58999633789062,132.24000549316406,110.25365447998047,14131200,0.26,0.0,0.0
2019-07-02,132.57000732421875,133.38999938964844,132.4600067138672,133.25999450683594,111.10401916503906,10494300,0.0,0.0,0.0
2019-07-03,133.52000427246094,134.2899932861328,133.50999450683594,134.2100067138672,111.89612579345703,5380300,0.0,0.0,0.0
2019-07-05,132.5399932861328,132.5500030517578,131.6699981689453,132.42999267578125,110.41204833984375,12180100,0.0,0.0,0.0
2019-07-08,133.0500030517578,133.22000122070312,132.61000061035156,132.61000061035156,110.56214141845703,6490000,0.0,0.0,0.0
2019-07-09,132.67999267578125,132.7100067138672,132.16000366210938,132.55999755859375,110.52044677734375,6215700,0.0,0.0,0.0
2019-07-10,132.35000610351562,132.44000244140625,131.50999450683594,131.8300018310547,109.91180419921875,9470000,0.0,0.0,0.0
2019-07-11,131.30999755859375,131.41000366210938,129.75999450683594,130.07000732421875,108.44441986083984,14126800,0.0,0.0,0.0
2019-07-12,129.9199981689453,130.4499969482422,129.67999267578125,130.22000122070312,108.56953430175781,6992000,0.0,0.0,0.0
2019-07-15,130.4499969482422,131.0500030517578,130.4499969482422,130.97000122070312,109.19481658935547,6055500,0.0,0.0,0.0
2019-07-16,130.1699981689453,130.60000610351562,129.9600067138672,130.5800018310547,108.86966705322266,6172700,0.0,0.0,0.0
2019-07-17,131.05999755859375,132.02000427246094,131.0500030517578,131.99000549316406,110.04520416259766,9662200,0.0,0.0,0.0
2019-07-18,131.47000122070312,132.32000732421875,131.24000549316406,132.0,110.05354309082031,5724900,0.0,0.0,0.0
2019-07-19,131.58999633789062,131.92999267578125,131.50999450683594,131.69000244140625,109.79507446289062,5804800,0.0,0.0,0.0
2019-07-22,132.47000122070312,132.49000549316406,131.74000549316406,131.94000244140625,110.00354766845703,5204100,0.0,0.0,0.0
2019-07-23,131.60000610351562,131.74000549316406,130.97000122070312,131.22000122070312,109.40327453613281,8108900,0.0,0.0,0.0
2019-07-24,131.60000610351562,131.89999389648438,131.47000122070312,131.7899932861328,109.87847137451172,6389700,0.0,0.0,0.0
2019-07-25,131.25,131.41000366210938,130.50999450683594,131.16000366210938,109.35323333740234,8893100,0.0,0.0,0.0
2019-07-26,131.6999969482422,131.77999877929688,131.25,131.47000122070312,109.61168670654297,6188400,0.0,0.0,0.0
2019-07-29,131.82000732421875,131.9499969482422,131.39999389648438,131.50999450683594,109.64505004882812,6231800,0.0,0.0,0.0
2019-07-30,132.0,132.10000610351562,131.42999267578125,131.8300018310547,109.91180419921875,5678500,0.0,0.0,0.0
2019-07-31,131.6999969482422,133.3300018310547,131.66000366210938,132.88999938964844,110.79557037353516,15798700,0.0,0.0,0.0
2019-08-01,133.38999938964844,135.38999938964844,133.25999450683594,135.25999450683594,112.99600219726562,26664800,0.264,0.0,0.0
2019-08-02,135.66000366210938,136.50999450683594,135.39999389648438,136.50999450683594,114.04023742675781,15143100,0.0,0.0,0.0
2019-08-05,138.13999938964844,138.88999938964844,137.66000366210938,138.8699951171875,116.01182556152344,18543000,0.0,0.0,0.0
2019-08-06,138.1999969482422,139.97999572753906,138.08999633789062,139.97999572753906,116.93911743164062,12747400,0.0,0.0,0.0
2019-08-07,142.39999389648438,143.05999755859375,139.77999877929688,140.02999877929688,116.98087310791016,32582000,0.0,0.0,0.0
2019-08-08,139.13999938964844,140.42999267578125,137.97999572753906,140.3300018310547,117.23155212402344,14746000,0.0,0.0,0.0
2019-08-09,140.6699981689453,141.5500030517578,139.8699951171875,140.0500030517578,116.99757385253906,10626000,0.0,0.0,0.0
2019-08-12,141.72000122070312,143.42999267578125,141.50999450683594,142.97000122070312,119.43696594238281,14094300,0.0,0.0,0.0
2019-08-13,143.80999755859375,143.91000366210938,141.9499969482422,142.47999572753906,119.02759552001953,15974900,0.0,0.0,0.0
2019-08-14,145.16000366210938,145.72999572753906,144.7100067138672,145.69000244140625,121.70919036865234,15068900,0.0,0.0,0.0
2019-08-15,145.9499969482422,148.60000610351562,145.5800018310547,147.30999755859375,123.06262969970703,23588700,0.0,0.0,0.0
2019-08-16,146.05999755859375,146.50999450683594,144.83999633789062,146.1300048828125,122.07685089111328,17150500,0.0,0.0,0.0
2019-08-19,143.57000732421875,144.66000366210938,143.50999450683594,144.0399932861328,120.33081817626953,13614700,0.0,0.0,0.0
2019-08-20,145.27999877929688,145.6199951171875,144.83999633789062,145.52999877929688,121.5755615234375,7451500,0.0,0.0,0.0
2019-08-21,144.72000122070312,145.7899932861328,144.2899932861328,144.55999755859375,120.76522064208984,9372000,0.0,0.0,0.0
2019-08-22,144.0,144.6999969482422,143.47999572753906,143.60000610351562,119.96329498291016,13878800,0.0,0.0,0.0
2019-08-23,143.52000427246094,146.27000427246094,143.42999267578125,145.9600067138672,121.93477630615234,16191800,0.0,0.0,0.0
2019-08-26,145.8699951171875,146.2899932861328,145.2899932861328,145.3699951171875,121.44190979003906,12174500,0.0,0.0,0.0
2019-08-27,146.6300048828125,147.72000122070312,146.47999572753906,147.61000061035156,123.31322479248047,11332300,0.0,0.0,0.0
2019-08-28,148.77999877929688,148.89999389648438,147.66000366210938,147.8000030517578,123.47191619873047,10095900,0.0,0.0,0.0
2019-08-29,147.25,147.33999633789062,146.1300048828125,147.24000549316406,123.00416564941406,8884900,0.0,0.0,0.0
2019-08-30,146.61000061035156,147.47999572753906,146.36000061035156,147.27999877929688,123.0375747680664,13550800,0.0,0.0,0.0
2019-09-03,147.08999633789062,148.6699981689453,146.57000732421875,147.2100067138672,123.1965103149414,15660800,0.26,0.0,0.0
2019-09-04,146.52999877929688,147.6199951171875,146.47999572753906,147.42999267578125,123.38065338134766,7962200,0.0,0.0,0.0
2019-09-05,145.66000366210938,145.8000030517578,143.88999938964844,144.75999450683594,121.14617156982422,19382900,0.0,0.0,0.0
2019-09-06,145.25999450683594,146.02999877929688,145.0800018310547,145.7899932861328,122.0081558227539,9466400,0.0,0.0,0.0
2019-09-09,143.8300018310547,144.0,143.19000244140625,143.1999969482422,119.84066009521484,15862700,0.0,0.0,0.0
2019-09-10,142.83999633789062,143.2899932861328,140.66000366210938,140.69000244140625,117.74007415771484,13851400,0.0,0.0,0.0
2019-09-11,140.39999389648438,141.14999389648438,140.38999938964844,140.44000244140625,117.5308609008789,10941700,0.0,0.0,0.0
2019-09-12,141.5,141.8000030517578,139.05999755859375,139.52000427246094,116.7609634399414,19163300,0.0,0.0,0.0
2019-09-13,138.27999877929688,138.7100067138672,136.5399932861328,136.5399932861328,114.26708984375,18922200,0.0,0.0,0.0
2019-09-16,137.8800048828125,138.57000732421875,137.25,138.27999877929688,115.72327423095703,10971600,0.0,0.0,0.0
2019-09-17,138.36000061035156,139.60000610351562,138.02000427246094,139.02999877929688,116.35087585449219,9081200,0.0,0.0,0.0
2019-09-18,139.92999267578125,140.66000366210938,139.52999877929688,139.6199951171875,116.84458923339844,10984600,0.0,0.0,0.0
2019-09-19,140.75999450683594,140.99000549316406,139.97000122070312,140.0399932861328,117.19611358642578,13176200,0.0,0.0,0.0
2019-09-20,140.77000427246094,141.97999572753906,140.44000244140625,141.88999938964844,118.74432373046875,11519800,0.0,0.0,0.0
2019-09-23,142.24000549316406,143.16000366210938,141.6999969482422,141.86000061035156,118.71928405761719,15246700,0.0,0.0,0.0
2019-09-24,142.4199981689453,143.85000610351562,142.41000366210938,143.57000732421875,120.1502914428711,12421600,0.0,0.0,0.0
2019-09-25,143.25999450683594,143.5500030517578,141.13999938964844,141.47000122070312,118.39287567138672,14147100,0.0,0.0,0.0
2019-09-26,142.27000427246094,142.99000549316406,141.89999389648438,142.3800048828125,119.15441131591797,9636500,0.0,0.0,0.0
2019-09-27,142.32000732421875,142.97999572753906,142.13999938964844,142.72999572753906,119.44731903076172,10386900,0.0,0.0,0.0
2019-09-30,141.8800048828125,143.08999633789062,141.83999633789062,143.0800018310547,119.740234375,8006900,0.0,0.0,0.0
2019-10-01,141.25999450683594,143.91000366210938,141.13999938964844,143.25999450683594,120.1007080078125,16613700,0.25,0.0,0.0
2019-10-02,143.4600067138672,144.27000427246094,143.24000549316406,143.61000061035156,120.39410400390625,12891500,0.0,0.0,0.0
2019-10-03,143.97999572753906,145.6699981689453,143.9199981689453,144.9199981689453,121.49231719970703,13470500,0.0,0.0,0.0
2019-10-04,145.35000610351562,146.02999877929688,145.1999969482422,145.99000549316406,122.38944244384766,11516200,0.0,0.0,0.0
2019-10-07,145.16000366210938,145.52999877929688,144.7100067138672,144.77999877929688,121.37498474121094,11013900,0.0,0.0,0.0
2019-10-08,145.82000732421875,145.92999267578125,144.6199951171875,145.1699981689453,121.70196533203125,14529700,0.0,0.0,0.0
2019-10-09,144.60000610351562,144.61000061035156,143.8000030517578,144.35000610351562,121.0145263671875,8608800,0.0,0.0,0.0
2019-10-10,143.1199951171875,143.17999267578125,141.72999572753906,142.1999969482422,119.21208190917969,15054200,0.0,0.0,0.0
2019-10-11,140.97999572753906,141.10000610351562,139.7100067138672,140.44000244140625,117.73658752441406,26294000,0.0,0.0,0.0
2019-10-14,141.47999572753906,141.50999450683594,141.0800018310547,141.4600067138672,118.5916976928711,5936900,0.0,0.0,0.0
2019-10-15,140.6699981689453,140.9499969482422,139.5500030517578,139.75,117.15808868408203,11832300,0.0,0.0,0.0
2019-10-16,139.63999938964844,140.05999755859375,139.35000610351562,139.9199981689453,117.30067443847656,7729500,0.0,0.0,0.0
2019-10-17,139.52000427246094,140.3800048828125,139.3000030517578,139.5800018310547,117.01565551757812,6219300,0.0,0.0,0.0
2019-10-18,139.80999755859375,140.22999572753906,139.4499969482422,139.5800018310547,117.01565551757812,6456100,0.0,0.0,0.0
2019-10-21,138.57000732421875,138.99000549316406,138.22999572753906,138.52999877929688,116.13536834716797,8038000,0.0,0.0,0.0
2019-10-22,139.3800048828125,139.52999877929688,138.63999938964844,139.33999633789062,116.81442260742188,6683300,0.0,0.0,0.0
2019-10-23,140.02999877929688,140.30999755859375,139.36000061035156,139.47999572753906,116.9317855834961,5995400,0.0,0.0,0.0
2019-10-24,139.67999267578125,140.24000549316406,139.02999877929688,139.1999969482422,116.69703674316406,6161700,0.0,0.0,0.0
2019-10-25,139.52999877929688,139.5500030517578,138.30999755859375,138.52000427246094,116.1269760131836,5669800,0.0,0.0,0.0
2019-10-28,137.5800018310547,137.5800018310547,136.99000549316406,137.25999450683594,115.07063293457031,11402100,0.0,0.0,0.0
2019-10-29,137.6199951171875,137.74000549316406,137.1699981689453,137.35000610351562,115.1461410522461,5296600,0.0,0.0,0.0
2019-10-30,137.77000427246094,139.4499969482422,137.77000427246094,139.36000061035156,116.8311767578125,10914100,0.0,0.0,0.0
2019-10-31,140.47999572753906,141.67999267578125,140.42999267578125,141.24000549316406,118.40729522705078,15834100,0.0,0.0,0.0
2019-11-01,140.72999572753906,141.27000427246094,139.7899932861328,140.55999755859375,118.04283142089844,11425500,0.246,0.0,0.0
2019-11-04,138.97000122070312,139.13999938964844,138.52999877929688,138.7100067138672,116.48918914794922,11124300,0.0,0.0,0.0
2019-11-05,137.22000122070312,137.44000244140625,136.72999572753906,137.14999389648438,115.17899322509766,13493000,0.0,0.0,0.0
2019-11-06,138.02000427246094,138.41000366210938,137.33999633789062,137.97999572753906,115.8760986328125,9351900,0.0,0.0,0.0
2019-11-07,136.35000610351562,136.36000061035156,134.4499969482422,135.47999572753906,113.776611328125,19209800,0.0,0.0,0.0
2019-11-08,135.14999389648438,135.9499969482422,134.77999877929688,134.91000366210938,113.29790496826172,10222900,0.0,0.0,0.0
2019-11-11,135.3800048828125,135.38999938964844,134.63999938964844,135.0,113.3735122680664,4577000,0.0,0.0,0.0
2019-11-12,135.27999877929688,135.9499969482422,134.7899932861328,135.6199951171875,113.89415740966797,5772900,0.0,0.0,0.0
2019-11-13,136.80999755859375,136.9600067138672,136.1699981689453,136.5,114.6331558227539,6672400,0.0,0.0,0.0
2019-11-14,137.8000030517578,138.44000244140625,137.6699981689453,137.91000366210938,115.81732940673828,10213300,0.0,0.0,0.0
2019-11-15,137.47999572753906,138.16000366210938,137.42999267578125,137.75999450683594,115.69137573242188,4657600,0.0,0.0,0.0
2019-11-18,138.2100067138672,138.61000061035156,137.92999267578125,138.00999450683594,115.9013442993164,5943900,0.0,0.0,0.0
2019-11-19,138.3699951171875,139.24000549316406,138.3699951171875,139.16000366210938,116.86708068847656,7893100,0.0,0.0,0.0
2019-11-20,139.91000366210938,140.60000610351562,139.77000427246094,140.60000610351562,118.0763931274414,7905500,0.0,0.0,0.0
2019-11-21,139.63999938964844,140.0800018310547,139.1199951171875,139.72000122070312,117.33734893798828,5980900,0.0,0.0,0.0
2019-11-22,140.10000610351562,140.27999877929688,139.67999267578125,139.89999389648438,117.48851013183594,4664800,0.0,0.0,0.0
2019-11-25,140.3000030517578,140.52999877929688,140.17999267578125,140.30999755859375,117.83281707763672,4157300,0.0,0.0,0.0
2019-11-26,141.0,141.30999755859375,140.94000244140625,141.1300048828125,118.521484375,4281100,0.0,0.0,0.0
2019-11-27,140.60000610351562,140.91000366210938,140.4199981689453,140.72000122070312,118.17716217041016,4095700,0.0,0.0,0.0
2019-11-29,140.6199951171875,140.67999267578125,139.77999877929688,140.4199981689453,117.92524719238281,6251100,0.0,0.0,0.0
2019-12-02,138.13999938964844,138.6699981689453,137.9499969482422,138.30999755859375,116.35293579101562,17702200,0.241,0.0,0.0
2019-12-03,140.0399932861328,141.77000427246094,139.92999267578125,141.2100067138672,118.79254913330078,13062400,0.0,0.0,0.0
2019-12-04,140.33999633789062,140.5,139.2100067138672,139.8000030517578,117.60636138916016,8586300,0.0,0.0,0.0
2019-12-05,138.66000366210938,139.44000244140625,138.60000610351562,139.1199951171875,117.03431701660156,7273800,0.0,0.0,0.0
2019-12-06,138.02999877929688,139.1199951171875,137.86000061035156,138.35000610351562,116.38658905029297,7931100,0.0,0.0,0.0
2019-12-09,138.99000549316406,139.11000061035156,138.57000732421875,138.64999389648438,116.63892364501953,4016900,0.0,0.0,0.0
2019-12-10,139.17999267578125,139.35000610351562,138.41000366210938,138.66000366210938,116.64736938476562,4947600,0.0,0.0,0.0
2019-12-11,139.3000030517578,140.13999938964844,139.22999572753906,139.75,117.56432342529297,6256700,0.0,0.0,0.0
2019-12-12,139.19000244140625,139.27999877929688,136.61000061035156,137.4499969482422,115.62945556640625,14857000,0.0,0.0,0.0
2019-12-13,138.1199951171875,139.61000061035156,137.22999572753906,139.0399932861328,116.96697998046875,11335100,0.0,0.0,0.0
2019-12-16,138.39999389648438,138.4600067138672,137.42999267578125,137.7899932861328,115.9154281616211,9156600,0.0,0.0,0.0
2019-12-17,138.2100067138672,138.33999633789062,137.2100067138672,137.60000610351562,115.75566864013672,6179700,0.0,0.0,0.0
2019-12-18,137.3000030517578,137.4499969482422,136.27999877929688,136.47000122070312,114.80504608154297,6244700,0.0,0.0,0.0
2019-12-19,136.0,136.86000061035156,135.75999450683594,136.47000122070312,114.98873138427734,6591100,0.218,0.0,0.0
2019-12-20,136.1300048828125,136.69000244140625,135.92999267578125,136.64999389648438,115.14042663574219,5455700,0.0,0.0,0.0
2019-12-23,136.80999755859375,136.97000122070312,136.0,136.4499969482422,114.97186279296875,5175000,0.0,0.0,0.0
2019-12-24,135.9199981689453,137.05999755859375,135.88999938964844,136.83999633789062,115.30046844482422,4667400,0.0,0.0,0.0
2019-12-26,136.91000366210938,137.22000122070312,136.50999450683594,137.1699981689453,115.57855224609375,5290200,0.0,0.0,0.0
2019-12-27,137.44000244140625,137.6300048828125,137.2899932861328,137.32000732421875,115.70491790771484,7300500,0.0,0.0,0.0
2019-12-30,135.88999938964844,136.89999389648438,135.66000366210938,136.82000732421875,115.28360748291016,7979700,0.0,0.0,0.0
2019-12-31,136.2100067138672,136.4600067138672,135.3800048828125,135.47999572753906,114.15454864501953,10707400,0.0,0.0,0.0
2020-01-02,136.7899932861328,137.52999877929688,136.6699981689453,137.00999450683594,115.44368743896484,11034100,0.0,0.0,0.0
2020-01-03,138.27000427246094,139.16000366210938,137.8800048828125,139.1199951171875,117.2215576171875,12366000,0.0,0.0,0.0
2020-01-06,139.69000244140625,139.7100067138672,138.14999389648438,138.3300018310547,116.55597686767578,11369800,0.0,0.0,0.0
2020-01-07,138.22000122070312,138.47000122070312,137.63999938964844,137.64999389648438,115.98296356201172,8381200,0.0,0.0,0.0
2020-01-08,137.92999267578125,138.30999755859375,136.32000732421875,136.74000549316406,115.21621704101562,10621700,0.0,0.0,0.0
2020-01-09,136.0,137.44000244140625,135.91000366210938,137.22000122070312,115.62064361572266,7411500,0.0,0.0,0.0
2020-01-10,137.6699981689453,138.47000122070312,137.6300048828125,138.44000244140625,116.6486587524414,8776000,0.0,0.0,0.0
2020-01-13,137.8800048828125,138.08999633789062,137.38999938964844,138.02000427246094,116.29470825195312,5966900,0.0,0.0,0.0
2020-01-14,138.17999267578125,138.82000732421875,138.13999938964844,138.72999572753906,116.89298248291016,13920300,0.0,0.0,0.0
2020-01-15,139.52000427246094,139.75999450683594,139.02000427246094,139.64999389648438,117.66815185546875,6290500,0.0,0.0,0.0
2020-01-16,139.25999450683594,139.52999877929688,138.74000549316406,139.2100067138672,117.29745483398438,6798600,0.0,0.0,0.0
2020-01-17,137.5800018310547,138.13999938964844,137.36000061035156,138.02000427246094,116.29470825195312,9693100,0.0,0.0,0.0
2020-01-21,138.80999755859375,139.64999389648438,138.77000427246094,139.47000122070312,117.51649475097656,6794900,0.0,0.0,0.0
2020-01-22,139.72000122070312,140.13999938964844,139.58999633789062,139.9600067138672,117.92938995361328,6317000,0.0,0.0,0.0
2020-01-23,140.85000610351562,141.3800048828125,140.77999877929688,140.94000244140625,118.75511169433594,9747400,0.0,0.0,0.0
2020-01-24,141.4199981689453,142.5500030517578,141.3000030517578,142.0800018310547,119.71566772460938,8585000,0.0,0.0,0.0
2020-01-27,143.9499969482422,144.2899932861328,143.5,144.2899932861328,121.57776641845703,10935200,0.0,0.0,0.0
2020-01-28,143.92999267578125,144.08999633789062,142.82000732421875,143.16000366210938,120.62565612792969,10612900,0.0,0.0,0.0
2020-01-29,143.44000244140625,144.6999969482422,143.42999267578125,144.55999755859375,121.80526733398438,9566800,0.0,0.0,0.0
2020-01-30,144.89999389648438,145.6699981689453,144.2899932861328,144.5800018310547,121.82210540771484,14711800,0.0,0.0,0.0
2020-01-31,145.1699981689453,145.99000549316406,145.08999633789062,145.89999389648438,122.93440246582031,14538100,0.0,0.0,0.0
2020-02-03,144.9499969482422,145.75999450683594,144.1199951171875,145.5399932861328,122.83479309082031,15309000,0.242,0.0,0.0
2020-02-04,143.99000549316406,144.13999938964844,143.05999755859375,143.5800018310547,121.1805191040039,11388300,0.0,0.0,0.0
2020-02-05,142.3000030517578,142.6999969482422,141.89999389648438,142.00999450683594,119.85543060302734,10782600,0.0,0.0,0.0
2020-02-06,142.17999267578125,142.8800048828125,142.0,142.64999389648438,120.3956298828125,6683100,0.0,0.0,0.0
2020-02-07,144.22000122070312,144.74000549316406,143.8699951171875,144.42999267578125,121.89801788330078,11374800,0.0,0.0,0.0
2020-02-10,145.10000610351562,145.25,144.67999267578125,144.8300018310547,122.23554992675781,6699300,0.0,0.0,0.0
2020-02-11,144.58999633789062,144.72000122070312,143.94000244140625,144.10000610351562,121.61944580078125,7784100,0.0,0.0,0.0
2020-02-12,143.3699951171875,143.5500030517578,142.99000549316406,143.3699951171875,121.00328826904297,5595500,0.0,0.0,0.0
2020-02-13,143.44000244140625,144.1999969482422,143.27000427246094,143.9199981689453,121.46753692626953,7883400,0.0,0.0,0.0
2020-02-14,144.75999450683594,145.0800018310547,144.4499969482422,144.5500030517578,121.99922943115234,7137400,0.0,0.0,0.0
2020-02-18,145.33999633789062,146.0500030517578,144.9199981689453,145.5399932861328,122.83479309082031,6909200,0.0,0.0,0.0
2020-02-19,145.1199951171875,145.6199951171875,144.97999572753906,145.52999877929688,122.82635498046875,5707700,0.0,0.0,0.0
2020-02-20,146.0800018310547,146.94000244140625,146.0,146.6699981689453,123.78849029541016,9332900,0.0,0.0,0.0
2020-02-21,147.8000030517578,148.8800048828125,147.64999389648438,148.0399932861328,124.9447250366211,13860300,0.0,0.0,0.0
2020-02-24,150.8300018310547,150.9600067138672,150.0,150.25,126.80994415283203,15929300,0.0,0.0,0.0
2020-02-25,150.2100067138672,151.75999450683594,150.13999938964844,151.0500030517578,127.48519897460938,20802900,0.0,0.0,0.0
2020-02-26,149.9499969482422,151.72000122070312,149.5800018310547,150.25,126.80994415283203,22589500,0.0,0.0,0.0
2020-02-27,152.6999969482422,153.0800018310547,150.8300018310547,151.8800048828125,128.1857147216797,30687900,0.0,0.0,0.0
2020-02-28,154.4499969482422,155.97999572753906,154.16000366210938,155.30999755859375,131.08059692382812,44935200,0.0,0.0,0.0
2020-03-02,155.3000030517578,156.5,153.75999450683594,153.94000244140625,130.1161651611328,28152400,0.229,0.0,0.0
2020-03-03,153.80999755859375,159.6999969482422,152.36000061035156,156.3300018310547,132.1362762451172,38608000,0.0,0.0,0.0
2020-03-04,156.41000366210938,157.35000610351562,154.19000244140625,154.6699981689453,130.73321533203125,23463700,0.0,0.0,0.0
2020-03-05,157.1300048828125,158.82000732421875,156.80999755859375,158.52000427246094,133.9873809814453,17786200,0.0,0.0,0.0
2020-03-06,167.3000030517578,169.3300018310547,164.11000061035156,166.77000427246094,140.96063232421875,76288300,0.0,0.0,0.0
2020-03-09,179.10000610351562,179.6999969482422,170.33999633789062,171.2899932861328,144.78103637695312,41552800,0.0,0.0,0.0
2020-03-10,169.63999938964844,172.92999267578125,162.02999877929688,162.50999450683594,137.3599090576172,37728300,0.0,0.0,0.0
2020-03-11,165.42999267578125,167.02999877929688,155.6300048828125,156.52999877929688,132.30532836914062,29519300,0.0,0.0,0.0
2020-03-12,163.50999450683594,166.36000061035156,155.66000366210938,157.5,133.12522888183594,24361800,0.0,0.0,0.0
2020-03-13,155.0,158.1999969482422,152.19000244140625,153.94000244140625,130.1161651611328,19812900,0.0,0.0,0.0
2020-03-16,160.3800048828125,166.14999389648438,157.80999755859375,163.91000366210938,138.54319763183594,30496700,0.0,0.0,0.0
2020-03-17,163.5,165.6300048828125,152.7100067138672,152.97999572753906,129.30474853515625,18570900,0.0,0.0,0.0
2020-03-18,152.83999633789062,154.13999938964844,139.00999450683594,144.35000610351562,122.01038360595703,47061000,0.0,0.0,0.0
2020-03-19,146.9499969482422,153.4499969482422,145.25,148.27999877929688,125.3321304321289,21175300,0.0,0.0,0.0
2020-03-20,153.3000030517578,159.42999267578125,152.11000061035156,159.42999267578125,134.7565460205078,20863100,0.0,0.0,0.0
2020-03-23,157.5,166.69000244140625,156.57000732421875,166.0,140.3097381591797,19971800,0.0,0.0,0.0
2020-03-24,161.25,165.4499969482422,160.41000366210938,162.91000366210938,137.69798278808594,11948600,0.0,0.0,0.0
2020-03-25,163.58999633789062,166.67999267578125,161.6199951171875,162.5399932861328,137.38523864746094,10750600,0.0,0.0,0.0
2020-03-26,164.0,165.67999267578125,162.27000427246094,163.33999633789062,138.06141662597656,10576200,0.0,0.0,0.0
2020-03-27,165.52000427246094,168.25,164.58999633789062,167.6999969482422,141.74661254882812,12550000,0.0,0.0,0.0
2020-03-30,168.3000030517578,170.11000061035156,165.94000244140625,166.32000732421875,140.5802001953125,13473200,0.0,0.0,0.0
2020-03-31,165.6999969482422,166.9199981689453,164.55999755859375,164.97000122070312,139.43919372558594,11464800,0.0,0.0,0.0
2020-04-01,168.47999572753906,168.9600067138672,166.39999389648438,167.0399932861328,141.39276123046875,11334700,0.238,0.0,0.0
2020-04-02,168.8300018310547,169.22000122070312,167.25999450683594,168.10000610351562,142.2899932861328,5771200,0.0,0.0,0.0
2020-04-03,168.5500030517578,170.3300018310547,168.13999938964844,168.5,142.62860107421875,6570800,0.0,0.0,0.0
2020-04-06,167.0,168.27000427246094,166.52999877929688,168.05999755859375,142.2561798095703,9434800,0.0,0.0,0.0
2020-04-07,164.9600067138672,166.4199981689453,163.7100067138672,166.3000030517578,140.76641845703125,13811400,0.0,0.0,0.0
2020-04-08,165.11000061035156,166.19000244140625,164.1300048828125,165.08999633789062,139.74221801757812,10147100,0.0,0.0,0.0
2020-04-09,164.27999877929688,165.7899932861328,163.77999877929688,165.38999938964844,139.9961700439453,14259100,0.0,0.0,0.0
2020-04-13,164.75,165.7100067138672,163.8800048828125,163.8800048828125,138.7179718017578,8750300,0.0,0.0,0.0
2020-04-14,163.83999633789062,164.74000549316406,163.47999572753906,163.83999633789062,138.68411254882812,9019100,0.0,0.0,0.0
2020-04-15,166.8000030517578,168.60000610351562,166.74000549316406,168.17999267578125,142.35781860351562,10027800,0.0,0.0,0.0
2020-04-16,169.25999450683594,170.32000732421875,169.02000427246094,170.08999633789062,143.97457885742188,8265400,0.0,0.0,0.0
2020-04-17,169.82000732421875,170.83999633789062,167.27000427246094,167.80999755859375,142.0445098876953,8612100,0.0,0.0,0.0
2020-04-20,168.44000244140625,169.2899932861328,167.9600067138672,169.16000366210938,143.1873016357422,6462600,0.0,0.0,0.0
2020-04-21,171.92999267578125,172.14999389648438,170.77999877929688,171.2899932861328,144.99020385742188,7850700,0.0,0.0,0.0
2020-04-22,169.97000122070312,170.38999938964844,168.7100067138672,169.5399932861328,143.50900268554688,6230200,0.0,0.0,0.0
2020-04-23,169.8699951171875,170.92999267578125,169.61000061035156,170.44000244140625,144.27081298828125,5968600,0.0,0.0,0.0
2020-04-24,169.61000061035156,170.83999633789062,169.57000732421875,170.83999633789062,144.6092987060547,6211800,0.0,0.0,0.0
2020-04-27,169.66000366210938,169.75,167.44000244140625,167.66000366210938,141.9176025390625,9039500,0.0,0.0,0.0
2020-04-28,168.5500030517578,169.85000610351562,168.4499969482422,169.58999633789062,143.55120849609375,9905400,0.0,0.0,0.0
2020-04-29,169.52999877929688,170.25999450683594,167.9600067138672,168.7100067138672,142.8064422607422,8619600,0.0,0.0,0.0
2020-04-30,168.74000549316406,169.22999572753906,166.7100067138672,166.74000549316406,141.13888549804688,11606100,0.0,0.0,0.0
2020-05-01,167.5,168.11000061035156,166.44000244140625,167.9499969482422,142.34747314453125,10209400,0.216,0.0,0.0
2020-05-04,167.55999755859375,167.67999267578125,166.47999572753906,167.16000366210938,141.6778564453125,8300900,0.0,0.0,0.0
2020-05-05,165.57000732421875,166.27000427246094,165.27000427246094,166.08999633789062,140.77101135253906,7831800,0.0,0.0,0.0
2020-05-06,163.22999572753906,163.63999938964844,162.0500030517578,163.41000366210938,138.49957275390625,14721500,0.0,0.0,0.0
2020-05-07,163.55999755859375,166.3699951171875,163.33999633789062,166.13999938964844,140.8134307861328,9164800,0.0,0.0,0.0
2020-05-08,164.49000549316406,165.39999389648438,163.67999267578125,163.97999572753906,138.98265075683594,8129800,0.0,0.0,0.0
2020-05-11,163.66000366210938,164.22000122070312,162.10000610351562,162.6999969482422,137.8977508544922,8713500,0.0,0.0,0.0
2020-05-12,163.16000366210938,164.92999267578125,163.1300048828125,164.3699951171875,139.31324768066406,10057300,0.0,0.0,0.0
2020-05-13,165.08999633789062,166.2899932861328,164.8300018310547,165.52000427246094,140.28794860839844,13305600,0.0,0.0,0.0
2020-05-14,167.32000732421875,168.14999389648438,167.0500030517578,167.13999938964844,141.6609649658203,10080000,0.0,0.0,0.0
2020-05-15,168.3000030517578,168.49000549316406,166.3300018310547,166.7100067138672,141.29649353027344,7225600,0.0,0.0,0.0
2020-05-18,164.92999267578125,165.05999755859375,162.4199981689453,163.0500030517578,138.19451904296875,10073100,0.0,0.0,0.0
2020-05-19,162.52000427246094,163.6999969482422,162.47999572753906,163.66000366210938,138.71139526367188,8639100,0.0,0.0,0.0
2020-05-20,163.1699981689453,164.6999969482422,162.8800048828125,164.14999389648438,139.126708984375,10927300,0.0,0.0,0.0
2020-05-21,164.86000061035156,165.36000061035156,164.2899932861328,164.55999755859375,139.47425842285156,8920000,0.0,0.0,0.0
2020-05-22,164.72000122070312,165.67999267578125,164.61000061035156,165.5500030517578,140.31332397460938,4956700,0.0,0.0,0.0
2020-05-26,163.7100067138672,163.7899932861328,162.97999572753906,163.3300018310547,138.4316864013672,8098900,0.0,0.0,0.0
2020-05-27,162.7899932861328,163.91000366210938,162.58999633789062,163.02999877929688,138.1774444580078,8047400,0.0,0.0,0.0
2020-05-28,161.9600067138672,162.57000732421875,161.66000366210938,162.42999267578125,137.66893005371094,10272600,0.0,0.0,0.0
2020-05-29,162.7100067138672,164.08999633789062,162.35000610351562,163.58999633789062,138.65206909179688,14632700,0.0,0.0,0.0
2020-06-01,162.10000610351562,162.44000244140625,161.6699981689453,162.27999877929688,137.7186279296875,13341400,0.21,0.0,0.0
2020-06-02,161.6699981689453,162.08999633789062,161.25,161.69000244140625,137.21786499023438,11517100,0.0,0.0,0.0
2020-06-03,160.17999267578125,160.3300018310547,158.94000244140625,159.5399932861328,135.39329528808594,12255700,0.0,0.0,0.0
2020-06-04,158.9199981689453,159.00999450683594,157.19000244140625,157.22999572753906,133.4329833984375,14038600,0.0,0.0,0.0
2020-06-05,154.61000061035156,156.16000366210938,153.16000366210938,156.11000061035156,132.48248291015625,17778500,0.0,0.0,0.0
2020-06-08,155.07000732421875,156.85000610351562,155.0500030517578,156.7100067138672,132.99166870117188,10346700,0.0,0.0,0.0
2020-06-09,159.0500030517578,159.63999938964844,158.3000030517578,158.49000549316406,134.50230407714844,9095300,0.0,0.0,0.0
2020-06-10,159.24000549316406,160.89999389648438,159.0500030517578,160.83999633789062,136.49652099609375,13135500,0.0,0.0,0.0
2020-06-11,163.25,164.22999572753906,162.6300048828125,163.8800048828125,139.07643127441406,17086400,0.0,0.0,0.0
2020-06-12,162.41000366210938,163.66000366210938,162.0500030517578,162.3000030517578,137.73561096191406,9716100,0.0,0.0,0.0
2020-06-15,163.88999938964844,164.22000122070312,162.13999938964844,162.38999938964844,137.81199645996094,7759800,0.0,0.0,0.0
2020-06-16,159.41000366210938,161.22999572753906,158.6999969482422,159.89999389648438,135.69883728027344,13698900,0.0,0.0,0.0
2020-06-17,160.27000427246094,160.77000427246094,159.33999633789062,160.55999755859375,136.25894165039062,7113900,0.0,0.0,0.0
2020-06-18,162.0399932861328,162.47999572753906,161.61000061035156,162.25999450683594,137.70166015625,7691400,0.0,0.0,0.0
2020-06-19,161.0,162.5,160.91000366210938,162.38999938964844,137.81199645996094,8565500,0.0,0.0,0.0
2020-06-22,163.19000244140625,163.4199981689453,162.07000732421875,162.41000366210938,137.82894897460938,9319700,0.0,0.0,0.0
2020-06-23,161.47999572753906,162.05999755859375,161.1199951171875,161.3000030517578,136.88702392578125,9088600,0.0,0.0,0.0
2020-06-24,161.52999877929688,163.08999633789062,161.52000427246094,163.02999877929688,138.35504150390625,11436500,0.0,0.0,0.0
2020-06-25,164.2100067138672,164.35000610351562,163.39999389648438,163.5,138.75393676757812,10968000,0.0,0.0,0.0
2020-06-26,164.25,165.32000732421875,164.17999267578125,165.25,140.23910522460938,12119300,0.0,0.0,0.0
2020-06-29,164.85000610351562,165.27000427246094,164.3800048828125,164.72999572753906,139.79776000976562,7274400,0.0,0.0,0.0
2020-06-30,165.22999572753906,165.2899932861328,163.47999572753906,163.92999267578125,139.1189422607422,14841700,0.0,0.0,0.0
2020-07-01,162.80999755859375,163.55999755859375,162.14999389648438,163.4199981689453,138.8486785888672,13181000,0.192,0.0,0.0
2020-07-02,162.6999969482422,163.74000549316406,162.24000549316406,163.58999633789062,138.9930877685547,7599800,0.0,0.0,0.0
2020-07-06,162.3300018310547,163.02000427246094,161.75,162.9199981689453,138.4239044189453,7972700,0.0,0.0,0.0
2020-07-07,163.4199981689453,165.33999633789062,163.1999969482422,165.2100067138672,140.36952209472656,12791900,0.0,0.0,0.0
2020-07-08,164.32000732421875,164.9199981689453,163.8300018310547,164.5500030517578,139.8087921142578,7253900,0.0,0.0,0.0
2020-07-09,164.66000366210938,167.4499969482422,164.60000610351562,167.1699981689453,142.03488159179688,13373100,0.0,0.0,0.0
2020-07-10,167.9499969482422,168.2100067138672,166.16000366210938,166.3300018310547,141.32118225097656,8478000,0.0,0.0,0.0
2020-07-13,165.5,166.9600067138672,165.22999572753906,166.8800048828125,141.78848266601562,8054000,0.0,0.0,0.0
2020-07-14,167.92999267578125,168.13999938964844,166.97999572753906,167.1199951171875,141.9923858642578,11344600,0.0,0.0,0.0
2020-07-15,165.9199981689453,166.9499969482422,165.8300018310547,166.33999633789062,141.32968139648438,7840300,0.0,0.0,0.0
2020-07-16,167.39999389648438,167.77000427246094,167.0399932861328,167.1300048828125,142.00088500976562,9107400,0.0,0.0,0.0
2020-07-17,167.27000427246094,167.39999389648438,166.47000122070312,166.77999877929688,141.70350646972656,8549900,0.0,0.0,0.0
2020-07-20,167.50999450683594,167.6199951171875,166.8000030517578,167.19000244140625,142.0518035888672,6907200,0.0,0.0,0.0
2020-07-21,167.3000030517578,167.72000122070312,167.0800018310547,167.2899932861328,142.1368408203125,8454400,0.0,0.0,0.0
2020-07-22,168.25999450683594,168.4600067138672,167.69000244140625,167.7899932861328,142.56158447265625,6592100,0.0,0.0,0.0
2020-07-23,168.9199981689453,169.8800048828125,168.47999572753906,169.75,144.22698974609375,10471800,0.0,0.0,0.0
2020-07-24,169.00999450683594,169.9199981689453,168.8699951171875,169.74000549316406,144.21849060058594,7520700,0.0,0.0,0.0
2020-07-27,170.25,170.3000030517578,168.99000549316406,169.11000061035156,143.68321228027344,6146400,0.0,0.0,0.0
2020-07-28,169.5399932861328,170.33999633789062,169.42999267578125,170.27999877929688,144.6772003173828,8520700,0.0,0.0,0.0
2020-07-29,170.0500030517578,170.38999938964844,168.97999572753906,169.99000549316406,144.43084716796875,6733700,0.0,0.0,0.0
2020-07-30,171.0500030517578,171.25999450683594,170.75,171.11000061035156,145.38247680664062,9376100,0.0,0.0,0.0
2020-07-31,170.14999389648438,171.4600067138672,169.94000244140625,171.0,145.2889404296875,8886000,0.0,0.0,0.0
2020-08-03,169.24000549316406,169.99000549316406,168.97000122070312,169.9499969482422,144.5574493408203,9066200,0.19,0.0,0.0
2020-08-04,170.8300018310547,171.5800018310547,170.72000122070312,171.57000732421875,145.93544006347656,9878900,0.0,0.0,0.0
2020-08-05,170.05999755859375,170.55999755859375,169.69000244140625,170.07000732421875,144.65953063964844,6954100,0.0,0.0,0.0
2020-08-06,171.3800048828125,172.25,170.6199951171875,171.02000427246094,145.4676513671875,9481800,0.0,0.0,0.0
2020-08-07,171.27999877929688,171.5,169.5800018310547,169.8800048828125,144.49798583984375,8176900,0.0,0.0,0.0
2020-08-10,170.22000122070312,170.25,169.07000732421875,169.1199951171875,143.85147094726562,6408500,0.0,0.0,0.0
2020-08-11,167.1699981689453,167.49000549316406,165.8800048828125,167.11000061035156,142.1417999267578,19234200,0.0,0.0,0.0
2020-08-12,165.6999969482422,166.07000732421875,164.99000549316406,165.58999633789062,140.84886169433594,11744800,0.0,0.0,0.0
2020-08-13,165.30999755859375,165.5800018310547,163.1699981689453,163.82000732421875,139.3433837890625,12744700,0.0,0.0,0.0
2020-08-14,163.80999755859375,164.14999389648438,163.16000366210938,163.17999267578125,138.7990264892578,6398100,0.0,0.0,0.0
2020-08-17,163.97000122070312,164.4600067138672,163.42999267578125,163.58999633789062,139.14772033691406,6901500,0.0,0.0,0.0
2020-08-18,164.36000061035156,164.8699951171875,164.08999633789062,164.75999450683594,140.1429443359375,8140600,0.0,0.0,0.0
2020-08-19,165.3699951171875,165.61000061035156,163.3000030517578,163.72999572753906,139.2667694091797,12497700,0.0,0.0,0.0
2020-08-20,165.38999938964844,165.64999389648438,164.92999267578125,165.2100067138672,140.5256805419922,10319900,0.0,0.0,0.0
2020-08-21,165.77000427246094,166.3300018310547,165.00999450683594,166.1999969482422,141.3677520751953,6836000,0.0,0.0,0.0
2020-08-24,166.32000732421875,166.97000122070312,165.86000061035156,165.92999267578125,141.13809204101562,6490600,0.0,0.0,0.0
2020-08-25,164.35000610351562,165.08999633789062,163.8300018310547,164.66000366210938,140.05789184570312,10518300,0.0,0.0,0.0
2020-08-26,164.0500030517578,164.3300018310547,163.27999877929688,164.02999877929688,139.5220489501953,8276600,0.0,0.0,0.0
2020-08-27,164.75999450683594,164.82000732421875,161.16000366210938,161.24000549316406,137.1488800048828,19860100,0.0,0.0,0.0
2020-08-28,161.77000427246094,162.0500030517578,160.63999938964844,161.1199951171875,137.0467987060547,8415400,0.0,0.0,0.0
2020-08-31,161.60000610351562,163.25,161.55999755859375,162.19000244140625,137.95693969726562,11388100,0.0,0.0,0.0
2020-09-01,161.75999450683594,164.07000732421875,161.17999267578125,163.86000061035156,139.5348663330078,10587000,0.183,0.0,0.0
2020-09-02,163.50999450683594,165.55999755859375,163.49000549316406,165.4199981689453,140.86325073242188,15167700,0.0,0.0,0.0
2020-09-03,165.75,167.24000549316406,165.44000244140625,165.88999938964844,141.26348876953125,16416600,0.0,0.0,0.0
2020-09-04,164.41000366210938,164.6999969482422,162.4499969482422,162.74000549316406,138.5811309814453,13780300,0.0,0.0,0.0
2020-09-08,164.3699951171875,165.25999450683594,163.74000549316406,163.74000549316406,139.4326629638672,13790400,0.0,0.0,0.0
2020-09-09,163.94000244140625,164.25,162.75999450683594,163.3000030517578,139.05801391601562,9558900,0.0,0.0,0.0
2020-09-10,162.4600067138672,164.35000610351562,161.9499969482422,164.1300048828125,139.7647705078125,8847700,0.0,0.0,0.0
2020-09-11,164.30999755859375,164.57000732421875,164.0800018310547,164.47999572753906,140.062744140625,5458200,0.0,0.0,0.0
2020-09-14,164.7899932861328,165.0800018310547,164.22999572753906,164.47000122070312,140.0542755126953,4274900,0.0,0.0,0.0
2020-09-15,164.1699981689453,164.47000122070312,163.7899932861328,164.07000732421875,139.7136688232422,6928500,0.0,0.0,0.0
2020-09-16,164.77999877929688,164.88999938964844,162.97999572753906,163.5800018310547,139.29640197753906,8815200,0.0,0.0,0.0
2020-09-17,164.89999389648438,164.9600067138672,163.8000030517578,164.0800018310547,139.72219848632812,7813900,0.0,0.0,0.0
2020-09-18,164.1699981689453,164.24000549316406,163.33999633789062,163.57000732421875,139.28793334960938,7246300,0.0,0.0,0.0
2020-09-21,164.88999938964844,165.39999389648438,164.13999938964844,164.39999389648438,139.9947052001953,11086900,0.0,0.0,0.0
2020-09-22,164.44000244140625,164.8800048828125,163.8699951171875,164.27000427246094,139.8839569091797,10524100,0.0,0.0,0.0
2020-09-23,164.3000030517578,164.52999877929688,163.47999572753906,164.49000549316406,140.0713348388672,6224800,0.0,0.0,0.0
2020-09-24,164.9600067138672,165.1199951171875,164.6199951171875,165.1199951171875,140.6077880859375,8278100,0.0,0.0,0.0
2020-09-25,165.11000061035156,165.4199981689453,164.7100067138672,165.1199951171875,140.6077880859375,5140300,0.0,0.0,0.0
2020-09-28,164.8699951171875,164.89999389648438,164.3699951171875,164.64999389648438,140.20755004882812,4470100,0.0,0.0,0.0
2020-09-29,164.8000030517578,165.24000549316406,164.55999755859375,164.83999633789062,140.36935424804688,10297600,0.0,0.0,0.0
2020-09-30,164.0,164.0,162.5500030517578,163.25999450683594,139.02389526367188,12971000,0.0,0.0,0.0
2020-10-01,162.50999450683594,163.74000549316406,162.10000610351562,163.36000061035156,139.25320434570312,11523900,0.169,0.0,0.0
2020-10-02,163.61000061035156,163.6699981689453,162.17999267578125,162.75,138.7332763671875,8828800,0.0,0.0,0.0
2020-10-05,160.9499969482422,160.9499969482422,159.52000427246094,159.57000732421875,136.02252197265625,14726000,0.0,0.0,0.0
2020-10-06,159.3300018310547,161.41000366210938,158.67999267578125,160.42999267578125,136.7555694580078,22419400,0.0,0.0,0.0
2020-10-07,159.55999755859375,160.4199981689453,158.86000061035156,159.25999450683594,135.7582244873047,9429200,0.0,0.0,0.0
2020-10-08,159.97000122070312,160.25,159.66000366210938,160.1199951171875,136.49131774902344,8431500,0.0,0.0,0.0
2020-10-09,159.52000427246094,160.27000427246094,158.80999755859375,160.08999633789062,136.4657440185547,8441500,0.0,0.0,0.0
2020-10-12,160.42999267578125,160.67999267578125,160.11000061035156,160.60000610351562,136.9005584716797,3962000,0.0,0.0,0.0
2020-10-13,161.2100067138672,161.8300018310547,161.17999267578125,161.75,137.88082885742188,7914300,0.0,0.0,0.0
2020-10-14,162.3300018310547,162.75,161.97000122070312,162.1199951171875,138.1962127685547,6954800,0.0,0.0,0.0
2020-10-15,163.0399932861328,163.19000244140625,161.63999938964844,161.83999633789062,137.95748901367188,9458800,0.0,0.0,0.0
2020-10-16,161.66000366210938,162.32000732421875,161.10000610351562,161.38999938964844,137.57391357421875,8416300,0.0,0.0,0.0
2020-10-19,160.5,160.97999572753906,160.0500030517578,160.77999877929688,137.05393981933594,9286600,0.0,0.0,0.0
2020-10-20,159.86000061035156,160.00999450683594,158.9499969482422,159.25,135.749755859375,11189000,0.0,0.0,0.0
2020-10-21,158.7899932861328,159.3699951171875,158.3699951171875,158.6999969482422,135.28091430664062,10453700,0.0,0.0,0.0
2020-10-22,158.2899932861328,158.6300048828125,156.97000122070312,157.0500030517578,133.87437438964844,12664900,0.0,0.0,0.0
2020-10-23,156.80999755859375,158.2100067138672,156.75,158.00999450683594,134.69268798828125,8783800,0.0,0.0,0.0
2020-10-26,159.2100067138672,160.02000427246094,159.00999450683594,159.47999572753906,135.9457550048828,7227300,0.0,0.0,0.0
2020-10-27,160.22999572753906,160.6999969482422,159.89999389648438,160.5500030517578,136.85789489746094,6062300,0.0,0.0,0.0
2020-10-28,161.3800048828125,161.4600067138672,160.1999969482422,160.6999969482422,136.9857177734375,11765800,0.0,0.0,0.0
2020-10-29,160.72999572753906,160.8300018310547,158.47000122070312,159.13999938964844,135.6559295654297,11932400,0.0,0.0,0.0
2020-10-30,159.02999877929688,159.35000610351562,157.57000732421875,157.57000732421875,134.31765747070312,13095400,0.0,0.0,0.0
2020-11-02,158.6999969482422,159.19000244140625,158.3300018310547,158.5800018310547,135.32371520996094,10810500,0.169,0.0,0.0
2020-11-03,157.85000610351562,157.97999572753906,157.0399932861328,157.66000366210938,134.53875732421875,16228700,0.0,0.0,0.0
2020-11-04,161.63999938964844,162.1699981689453,160.5399932861328,161.0800018310547,137.4571533203125,21570800,0.0,0.0,0.0
2020-11-05,161.63999938964844,161.74000549316406,160.5800018310547,161.36000061035156,137.69602966308594,18537500,0.0,0.0,0.0
2020-11-06,159.6199951171875,159.9199981689453,158.94000244140625,159.41000366210938,136.0320587158203,12408400,0.0,0.0,0.0
2020-11-09,155.97000122070312,156.14999389648438,154.6300048828125,156.05999755859375,133.17324829101562,23245000,0.0,0.0,0.0
2020-11-10,154.9600067138672,155.80999755859375,154.77999877929688,155.16000366210938,132.40528869628906,12561000,0.0,0.0,0.0
2020-11-11,155.02000427246094,155.94000244140625,154.97000122070312,155.72000122070312,132.88316345214844,5888200,0.0,0.0,0.0
2020-11-12,156.94000244140625,158.39999389648438,156.7100067138672,158.3699951171875,135.14456176757812,15999700,0.0,0.0,0.0
2020-11-13,158.36000061035156,158.5,157.91000366210938,158.16000366210938,134.96531677246094,7344600,0.0,0.0,0.0
2020-11-16,157.72999572753906,158.27999877929688,157.61000061035156,157.77999877929688,134.6410369873047,6310400,0.0,0.0,0.0
2020-11-17,158.77000427246094,159.16000366210938,158.58999633789062,158.80999755859375,135.5200653076172,7444600,0.0,0.0,0.0
2020-11-18,159.44000244140625,159.57000732421875,158.35000610351562,159.27000427246094,135.9125518798828,10333300,0.0,0.0,0.0
2020-11-19,159.97000122070312,160.72000122070312,159.83999633789062,160.08999633789062,136.6122589111328,10637200,0.0,0.0,0.0
2020-11-20,160.52999877929688,161.5399932861328,160.38999938964844,161.50999450683594,137.8240509033203,7246800,0.0,0.0,0.0
2020-11-23,160.82000732421875,160.99000549316406,160.27999877929688,160.77000427246094,137.19256591796875,11300000,0.0,0.0,0.0
2020-11-24,159.99000549316406,160.02000427246094,159.00999450683594,159.1699981689453,135.8272247314453,10891700,0.0,0.0,0.0
2020-11-25,159.25,159.91000366210938,158.6199951171875,158.67999267578125,135.40902709960938,9145800,0.0,0.0,0.0
2020-11-27,159.61000061035156,160.27000427246094,159.5800018310547,160.22000122070312,136.7232208251953,4708200,0.0,0.0,0.0
2020-11-30,160.02999877929688,160.52999877929688,159.75999450683594,160.02000427246094,136.55255126953125,13071600,0.0,0.0,0.0
2020-12-01,158.5500030517578,158.74000549316406,156.67999267578125,157.5,134.53919982910156,13662800,0.163,0.0,0.0
2020-12-02,156.8800048828125,156.92999267578125,155.47999572753906,156.25,133.47137451171875,12114300,0.0,0.0,0.0
2020-12-03,156.94000244140625,157.82000732421875,156.5800018310547,157.50999450683594,134.5477294921875,9626500,0.0,0.0,0.0
2020-12-04,155.69000244140625,155.7899932861328,154.77000427246094,155.1999969482422,132.57444763183594,12734500,0.0,0.0,0.0
2020-12-07,156.35000610351562,156.8800048828125,156.17999267578125,156.60000610351562,133.7703399658203,9316100,0.0,0.0,0.0
2020-12-08,157.57000732421875,158.07000732421875,157.1999969482422,157.33999633789062,134.4025115966797,7397200,0.0,0.0,0.0
2020-12-09,156.5500030517578,157.32000732421875,156.00999450683594,156.82000732421875,133.9583282470703,7750100,0.0,0.0,0.0
2020-12-10,157.24000549316406,158.2899932861328,156.8300018310547,158.2100067138672,135.14566040039062,10025100,0.0,0.0,0.0
2020-12-11,158.64999389648438,159.38999938964844,158.32000732421875,158.77000427246094,135.62403869628906,8135900,0.0,0.0,0.0
2020-12-14,157.49000549316406,158.69000244140625,157.11000061035156,158.3300018310547,135.24810791015625,7535900,0.0,0.0,0.0
2020-12-15,157.77999877929688,158.38999938964844,157.30999755859375,157.8000030517578,134.79544067382812,6847500,0.0,0.0,0.0
2020-12-16,156.5800018310547,157.88999938964844,156.38999938964844,157.3800048828125,134.4366455078125,9954200,0.0,0.0,0.0
2020-12-17,158.1300048828125,158.4600067138672,156.42999267578125,156.8000030517578,134.08091735839844,9422700,0.164,0.0,0.0
2020-12-18,157.1199951171875,157.3800048828125,156.17999267578125,156.3300018310547,133.6790008544922,6505000,0.0,0.0,0.0
2020-12-21,157.1999969482422,157.33999633789062,156.4499969482422,156.9499969482422,134.20921325683594,8988200,0.0,0.0,0.0
2020-12-22,157.55999755859375,157.8300018310547,157.0800018310547,157.75999450683594,134.9017791748047,7370800,0.0,0.0,0.0
2020-12-23,156.6199951171875,156.69000244140625,155.4600067138672,156.6699981689453,133.9697265625,9266600,0.0,0.0,0.0
2020-12-24,156.89999389648438,157.42999267578125,156.85000610351562,157.2899932861328,134.4998779296875,3117100,0.0,0.0,0.0
2020-12-28,156.3800048828125,157.4499969482422,156.10000610351562,157.36000061035156,134.559814453125,7791100,0.0,0.0,0.0
2020-12-29,156.38999938964844,157.2899932861328,156.36000061035156,157.16000366210938,134.38870239257812,9030900,0.0,0.0,0.0
2020-12-30,156.82000732421875,157.52999877929688,156.67999267578125,157.5,134.6795196533203,9097300,0.0,0.0,0.0
2020-12-31,157.4600067138672,158.0800018310547,157.4499969482422,157.72999572753906,134.87619018554688,7742100,0.0,0.0,0.0
2021-01-04,156.6699981689453,158.17999267578125,156.5399932861328,157.5399932861328,134.71371459960938,13152900,0.0,0.0,0.0
2021-01-05,156.9499969482422,156.9499969482422,155.66000366210938,156.3699951171875,133.71322631835938,10458100,0.0,0.0,0.0
2021-01-06,153.82000732421875,153.85000610351562,152.2899932861328,153.16000366210938,130.96835327148438,22827300,0.0,0.0,0.0
2021-01-07,151.7899932861328,152.1699981689453,151.25999450683594,151.80999755859375,129.81393432617188,14651900,0.0,0.0,0.0
2021-01-08,151.47999572753906,151.9600067138672,150.66000366210938,151.32000732421875,129.39492797851562,13622500,0.0,0.0,0.0
2021-01-11,151.0,151.2100067138672,150.49000549316406,151.07000732421875,129.18116760253906,8370700,0.0,0.0,0.0
2021-01-12,150.7899932861328,151.16000366210938,149.92999267578125,150.9499969482422,129.07858276367188,12186300,0.0,0.0,0.0
2021-01-13,151.66000366210938,153.07000732421875,151.57000732421875,152.64999389648438,130.53225708007812,12533300,0.0,0.0,0.0
2021-01-14,152.5800018310547,152.63999938964844,150.7899932861328,151.22000122070312,129.3094024658203,14835500,0.0,0.0,0.0
2021-01-15,152.19000244140625,152.36000061035156,151.47000122070312,151.82000732421875,129.8224334716797,11624700,0.0,0.0,0.0
2021-01-19,151.6199951171875,152.36000061035156,151.50999450683594,152.30999755859375,130.2415313720703,9575600,0.0,0.0,0.0
2021-01-20,151.99000549316406,152.47999572753906,151.7899932861328,152.4600067138672,130.36976623535156,5368900,0.0,0.0,0.0
2021-01-21,151.44000244140625,151.75,151.10000610351562,151.38999938964844,129.45480346679688,8162700,0.0,0.0,0.0
2021-01-22,151.85000610351562,152.00999450683594,151.4199981689453,151.8800048828125,129.8738250732422,9507200,0.0,0.0,0.0
2021-01-25,152.75999450683594,153.69000244140625,152.63999938964844,153.6699981689453,131.40443420410156,8712600,0.0,0.0,0.0
2021-01-26,153.10000610351562,153.60000610351562,152.9199981689453,153.3800048828125,131.15646362304688,7690300,0.0,0.0,0.0
2021-01-27,154.07000732421875,154.5,153.52999877929688,153.77000427246094,131.48997497558594,7895200,0.0,0.0,0.0
2021-01-28,153.39999389648438,153.4600067138672,152.16000366210938,152.9199981689453,130.7631072998047,10667800,0.0,0.0,0.0
2021-01-29,151.4199981689453,152.49000549316406,151.3000030517578,152.0,129.97640991210938,14965900,0.0,0.0,0.0
2021-02-01,151.66000366210938,152.36000061035156,151.49000549316406,152.0,130.12710571289062,8165500,0.176,0.0,0.0
2021-02-02,150.74000549316406,151.08999633789062,150.52000427246094,151.02000427246094,129.2881622314453,9177500,0.0,0.0,0.0
2021-02-03,150.42999267578125,150.58999633789062,149.5800018310547,149.67999267578125,128.1409149169922,9633100,0.0,0.0,0.0
2021-02-04,149.16000366210938,149.49000549316406,148.8000030517578,149.27999877929688,127.79849243164062,8262600,0.0,0.0,0.0
2021-02-05,149.10000610351562,149.57000732421875,148.02000427246094,148.02999877929688,126.72835540771484,10258900,0.0,0.0,0.0
2021-02-08,148.3000030517578,149.25999450683594,148.0399932861328,148.67999267578125,127.28484344482422,11574800,0.0,0.0,0.0
2021-02-09,149.22000122070312,149.6699981689453,148.66000366210938,148.7899932861328,127.37901306152344,5218300,0.0,0.0,0.0
2021-02-10,149.27999877929688,149.77999877929688,149.13999938964844,149.77999877929688,128.22657775878906,8079800,0.0,0.0,0.0
2021-02-11,149.67999267578125,149.7899932861328,148.75,148.9600067138672,127.52457427978516,11962700,0.0,0.0,0.0
2021-02-12,147.6999969482422,148.0800018310547,147.02999877929688,147.11000061035156,125.94074249267578,14088400,0.0,0.0,0.0
2021-02-16,145.22000122070312,145.66000366210938,144.66000366210938,144.8699951171875,124.02306365966797,17789100,0.0,0.0,0.0
2021-02-17,145.9499969482422,146.3800048828125,144.97999572753906,145.7899932861328,124.81074523925781,11199100,0.0,0.0,0.0
2021-02-18,144.61000061035156,145.60000610351562,144.32000732421875,145.1999969482422,124.3056411743164,10755300,0.0,0.0,0.0
2021-02-19,144.05999755859375,144.32000732421875,142.85000610351562,143.27000427246094,122.65332794189453,12741700,0.0,0.0,0.0
2021-02-22,143.02999877929688,143.74000549316406,141.72000122070312,142.17999267578125,121.7201919555664,13203900,0.0,0.0,0.0
2021-02-23,141.52000427246094,142.5,141.13999938964844,141.77000427246094,121.36919403076172,12658500,0.0,0.0,0.0
2021-02-24,139.35000610351562,141.17999267578125,139.16000366210938,140.83999633789062,120.57304382324219,17363100,0.0,0.0,0.0
2021-02-25,139.52000427246094,139.9199981689453,136.61000061035156,138.5399932861328,118.60399627685547,52621700,0.0,0.0,0.0
2021-02-26,140.77000427246094,143.3000030517578,139.67999267578125,143.1199951171875,122.52490997314453,45423300,0.0,0.0,0.0
2021-03-01,140.66000366210938,141.41000366210938,140.08999633789062,141.05999755859375,120.90670013427734,22048000,0.172,0.0,0.0
2021-03-02,140.39999389648438,141.1300048828125,140.2899932861328,141.07000732421875,120.91523742675781,12482200,0.0,0.0,0.0
2021-03-03,139.3800048828125,140.14999389648438,138.75999450683594,139.5399932861328,119.60383605957031,19763700,0.0,0.0,0.0
2021-03-04,139.6300048828125,139.94000244140625,137.9600067138672,138.63999938964844,118.8324203491211,22366600,0.0,0.0,0.0
2021-03-05,138.1699981689453,139.33999633789062,137.99000549316406,138.91000366210938,119.06387329101562,20598000,0.0,0.0,0.0
2021-03-08,138.8300018310547,138.89999389648438,137.8300018310547,137.8300018310547,118.13816833496094,15236600,0.0,0.0,0.0
2021-03-09,139.27000427246094,139.82000732421875,138.97000122070312,139.74000549316406,119.7752685546875,14463400,0.0,0.0,0.0
2021-03-10,139.8000030517578,140.14999389648438,139.27999877929688,140.02000427246094,120.01522827148438,12387600,0.0,0.0,0.0
2021-03-11,139.1699981689453,139.3800048828125,138.4600067138672,139.00999450683594,119.14958190917969,14150700,0.0,0.0,0.0
2021-03-12,136.39999389648438,136.4600067138672,135.64999389648438,136.05999755859375,116.62103271484375,20402700,0.0,0.0,0.0
2021-03-15,136.49000549316406,137.08999633789062,136.41000366210938,136.86000061035156,117.30669403076172,11366500,0.0,0.0,0.0
2021-03-16,137.02000427246094,137.1199951171875,135.75,136.30999755859375,116.83529663085938,15567900,0.0,0.0,0.0
2021-03-17,135.14999389648438,135.52999877929688,134.14999389648438,135.2899932861328,115.96105194091797,27107500,0.0,0.0,0.0
2021-03-18,133.30999755859375,134.47000122070312,133.19000244140625,133.9199981689453,114.7867431640625,21615100,0.0,0.0,0.0
2021-03-19,134.0800018310547,134.8300018310547,133.8000030517578,134.75,115.49820709228516,18685000,0.0,0.0,0.0
2021-03-22,135.69000244140625,136.41000366210938,135.3699951171875,136.25999450683594,116.79246520996094,17047500,0.0,0.0,0.0
2021-03-23,136.58999633789062,137.5399932861328,136.14999389648438,137.49000549316406,117.8467788696289,16768400,0.0,0.0,0.0
2021-03-24,137.05999755859375,138.27999877929688,136.9499969482422,138.22999572753906,118.48099517822266,13863000,0.0,0.0,0.0
2021-03-25,138.38999938964844,138.66000366210938,137.08999633789062,137.13999938964844,117.54672241210938,20782000,0.0,0.0,0.0
2021-03-26,136.4199981689453,137.24000549316406,136.22000122070312,136.66000366210938,117.13528442382812,8433300,0.0,0.0,0.0
2021-03-29,136.8300018310547,136.85000610351562,134.97000122070312,135.5,116.14105224609375,13968100,0.0,0.0,0.0
2021-03-30,135.3000030517578,136.50999450683594,135.00999450683594,136.2100067138672,116.74958038330078,15020800,0.0,0.0,0.0
2021-03-31,136.33999633789062,136.58999633789062,134.97999572753906,135.4499969482422,116.09815216064453,19271300,0.0,0.0,0.0
2021-04-01,136.5500030517578,137.6199951171875,136.3000030517578,137.50999450683594,118.0250244140625,14885900,0.185,0.0,0.0
2021-04-05,136.5500030517578,136.97000122070312,135.94000244140625,136.91000366210938,117.5101089477539,8243000,0.0,0.0,0.0
2021-04-06,137.16000366210938,137.97999572753906,137.00999450683594,137.83999633789062,118.30829620361328,9282400,0.0,0.0,0.0
2021-04-07,137.4499969482422,138.10000610351562,136.8800048828125,136.8800048828125,117.48429870605469,11052700,0.0,0.0,0.0
2021-04-08,137.38999938964844,138.07000732421875,137.36000061035156,138.00999450683594,118.4542236328125,7847900,0.0,0.0,0.0
2021-04-09,137.5,138.19000244140625,137.08999633789062,137.50999450683594,118.0250244140625,8717800,0.0,0.0,0.0
2021-04-12,137.4600067138672,137.52999877929688,137.10000610351562,137.4499969482422,117.97355651855469,7659000,0.0,0.0,0.0
2021-04-13,137.3000030517578,138.50999450683594,137.1999969482422,138.47999572753906,118.85765075683594,13232800,0.0,0.0,0.0
2021-04-14,138.02999877929688,138.24000549316406,137.57000732421875,138.0399932861328,118.47999572753906,7293200,0.0,0.0,0.0
2021-04-15,139.49000549316406,140.97999572753906,139.4600067138672,140.35000610351562,120.46267700195312,23896700,0.0,0.0,0.0
2021-04-16,139.10000610351562,139.72999572753906,138.92999267578125,139.25999450683594,119.52711486816406,15238400,0.0,0.0,0.0
2021-04-19,138.74000549316406,139.30999755859375,138.5500030517578,138.86000061035156,119.18373107910156,13886800,0.0,0.0,0.0
2021-04-20,138.4499969482422,139.75999450683594,138.42999267578125,139.5,119.73308563232422,11476500,0.0,0.0,0.0
2021-04-21,139.5399932861328,139.91000366210938,139.07000732421875,139.77999877929688,119.9734115600586,11902200,0.0,0.0,0.0
2021-04-22,140.0,140.38999938964844,139.1999969482422,140.38999938964844,120.49702453613281,14156400,0.0,0.0,0.0
2021-04-23,140.3800048828125,140.47000122070312,139.49000549316406,140.05999755859375,120.21368408203125,12302200,0.0,0.0,0.0
2021-04-26,140.14999389648438,140.50999450683594,139.85000610351562,139.86000061035156,120.04210662841797,9103500,0.0,0.0,0.0
2021-04-27,139.58999633789062,139.82000732421875,138.52999877929688,138.63999938964844,118.9948959350586,14137300,0.0,0.0,0.0
2021-04-28,138.64999389648438,138.88999938964844,137.9600067138672,138.72999572753906,119.07217407226562,15263700,0.0,0.0,0.0
2021-04-29,137.4499969482422,138.36000061035156,137.1300048828125,138.32000732421875,118.72029113769531,17178200,0.0,0.0,0.0
2021-04-30,138.50999450683594,138.72999572753906,137.97999572753906,138.63999938964844,118.9948959350586,15692000,0.0,0.0,0.0
2021-05-03,138.6999969482422,139.64999389648438,138.27999877929688,138.52000427246094,119.06626892089844,16447700,0.203,0.0,0.0
2021-05-04,139.49000549316406,140.16000366210938,139.16000366210938,139.4600067138672,119.87427520751953,18639700,0.0,0.0,0.0
2021-05-05,139.02999877929688,139.85000610351562,138.9199981689453,139.69000244140625,120.07199096679688,11127900,0.0,0.0,0.0
2021-05-06,139.25,140.19000244140625,139.1999969482422,139.9199981689453,120.26971435546875,21907600,0.0,0.0,0.0
2021-05-07,140.10000610351562,140.60000610351562,138.91000366210938,139.22999572753906,119.67658233642578,18346900,0.0,0.0,0.0
2021-05-10,138.9499969482422,139.25,137.69000244140625,137.82000732421875,118.46456909179688,15146200,0.0,0.0,0.0
2021-05-11,137.22999572753906,137.47999572753906,136.77000427246094,137.0399932861328,117.79411315917969,15158600,0.0,0.0,0.0
2021-05-12,136.6699981689453,136.8000030517578,135.36000061035156,135.60000610351562,116.55635833740234,20859400,0.0,0.0,0.0
2021-05-13,135.92999267578125,136.3699951171875,135.6300048828125,135.80999755859375,116.73684692382812,13073900,0.0,0.0,0.0
2021-05-14,136.52999877929688,137.0800018310547,136.22000122070312,137.0800018310547,117.82849884033203,17566700,0.0,0.0,0.0
2021-05-17,136.8300018310547,137.1699981689453,136.57000732421875,136.7899932861328,117.57923126220703,6113800,0.0,0.0,0.0
2021-05-18,136.39999389648438,136.57000732421875,136.07000732421875,136.44000244140625,117.27838134765625,11423100,0.0,0.0,0.0
2021-05-19,136.5399932861328,137.3000030517578,135.6199951171875,136.11000061035156,116.99473571777344,14296000,0.0,0.0,0.0
2021-05-20,136.75999450683594,137.49000549316406,136.6699981689453,137.22999572753906,117.95742797851562,13310500,0.0,0.0,0.0
2021-05-21,137.66000366210938,137.6999969482422,137.05999755859375,137.6699981689453,118.33563995361328,10171600,0.0,0.0,0.0
2021-05-24,137.99000549316406,138.5800018310547,137.88999938964844,138.17999267578125,118.77404022216797,6868700,0.0,0.0,0.0
2021-05-25,138.6300048828125,139.5,138.6199951171875,139.4600067138672,119.87427520751953,12346900,0.0,0.0,0.0
2021-05-26,139.58999633789062,139.91000366210938,138.8800048828125,139.22000122070312,119.66796112060547,9793700,0.0,0.0,0.0
2021-05-27,138.5,138.69000244140625,137.99000549316406,138.66000366210938,119.18658447265625,10695200,0.0,0.0,0.0
2021-05-28,138.5800018310547,139.3000030517578,138.33999633789062,138.44000244140625,118.99756622314453,10258000,0.0,0.0,0.0
2021-06-01,137.82000732421875,138.25999450683594,137.25,138.2100067138672,118.97083282470703,11778500,0.199,0.0,0.0
2021-06-02,138.5500030517578,138.7899932861328,138.32000732421875,138.52999877929688,119.24630737304688,7347900,0.0,0.0,0.0
2021-06-03,138.50999450683594,138.50999450683594,137.85000610351562,138.00999450683594,118.79869079589844,10994000,0.0,0.0,0.0
2021-06-04,138.52000427246094,139.89999389648438,138.52000427246094,139.89999389648438,120.42561340332031,15773700,0.0,0.0,0.0
2021-06-07,139.58999633789062,139.7100067138672,139.32000732421875,139.47000122070312,120.05545806884766,7799800,0.0,0.0,0.0
2021-06-08,140.66000366210938,140.66000366210938,140.2100067138672,140.4499969482422,120.89904022216797,11230900,0.0,0.0,0.0
2021-06-09,141.75999450683594,142.14999389648438,141.25,141.69000244140625,121.96638488769531,12768300,0.0,0.0,0.0
2021-06-10,140.8300018310547,142.55999755859375,140.67999267578125,142.5399932861328,122.69808197021484,19698300,0.0,0.0,0.0
2021-06-11,142.30999755859375,142.39999389648438,141.83999633789062,142.30999755859375,122.5001449584961,8646700,0.0,0.0,0.0
2021-06-14,142.10000610351562,142.10000610351562,141.00999450683594,141.22000122070312,121.56182861328125,9401300,0.0,0.0,0.0
2021-06-15,140.8000030517578,141.08999633789062,140.47999572753906,141.0500030517578,121.41552734375,18207300,0.0,0.0,0.0
2021-06-16,141.39999389648438,141.6699981689453,140.2100067138672,140.92999267578125,121.3121566772461,19676300,0.0,0.0,0.0
2021-06-17,141.86000061035156,144.92999267578125,141.63999938964844,143.0399932861328,123.12849426269531,35225800,0.0,0.0,0.0
2021-06-18,144.27999877929688,146.0399932861328,144.1199951171875,145.72999572753906,125.44402313232422,26616900,0.0,0.0,0.0
2021-06-21,144.38999938964844,144.49000549316406,143.02000427246094,143.2899932861328,123.34367370605469,16485000,0.0,0.0,0.0
2021-06-22,142.1699981689453,143.67999267578125,142.1199951171875,143.63999938964844,123.64500427246094,14530200,0.0,0.0,0.0
2021-06-23,143.11000061035156,143.5,142.7100067138672,143.27000427246094,123.32650756835938,12040900,0.0,0.0,0.0
2021-06-24,143.4199981689453,143.89999389648438,143.3300018310547,143.5,123.52449798583984,8788400,0.0,0.0,0.0
2021-06-25,143.25999450683594,143.39999389648438,141.3699951171875,142.00999450683594,122.24181365966797,15562200,0.0,0.0,0.0
2021-06-28,142.72000122070312,143.8000030517578,142.6999969482422,143.47000122070312,123.49864196777344,11460700,0.0,0.0,0.0
2021-06-29,143.10000610351562,143.72000122070312,143.0399932861328,143.7100067138672,123.70523071289062,11217900,0.0,0.0,0.0
2021-06-30,144.25,144.92999267578125,144.07000732421875,144.35000610351562,124.25617218017578,15708900,0.0,0.0,0.0
2021-07-01,143.97999572753906,144.30999755859375,143.52999877929688,144.1699981689453,124.26300048828125,10810000,0.188,0.0,0.0
2021-07-02,144.22999572753906,145.0399932861328,144.11000061035156,145.0399932861328,125.01285552978516,9650200,0.0,0.0,0.0
2021-07-06,145.72000122070312,146.99000549316406,145.72000122070312,146.74000549316406,126.47815704345703,20037200,0.0,0.0,0.0
2021-07-07,147.57000732421875,148.55999755859375,147.22000122070312,148.0399932861328,127.5986557006836,20964400,0.0,0.0,0.0
2021-07-08,148.8800048828125,149.44000244140625,148.1699981689453,148.6199951171875,128.09854125976562,17487800,0.0,0.0,0.0
2021-07-09,146.8699951171875,146.99000549316406,146.49000549316406,146.52999877929688,126.29714965820312,14483600,0.0,0.0,0.0
2021-07-12,147.08999633789062,147.22999572753906,146.1699981689453,146.33999633789062,126.13334655761719,10610400,0.0,0.0,0.0
2021-07-13,146.82000732421875,147.4600067138672,144.63999938964844,145.22000122070312,125.16804504394531,23340200,0.0,0.0,0.0
2021-07-14,146.00999450683594,146.9199981689453,145.80999755859375,146.8699951171875,126.59020233154297,16038600,0.0,0.0,0.0
2021-07-15,147.9499969482422,148.60000610351562,147.02999877929688,148.49000549316406,127.98656463623047,18462400,0.0,0.0,0.0
2021-07-16,147.33999633789062,148.33999633789062,147.32000732421875,148.2100067138672,127.74520874023438,12787900,0.0,0.0,0.0
2021-07-19,150.9499969482422,151.9499969482422,150.6199951171875,151.4600067138672,130.54641723632812,40203900,0.0,0.0,0.0
2021-07-20,152.52999877929688,152.7100067138672,149.75999450683594,150.0,129.28807067871094,25674800,0.0,0.0,0.0
2021-07-21,148.17999267578125,148.5,146.6699981689453,148.10000610351562,127.650390625,19988900,0.0,0.0,0.0
2021-07-22,148.11000061035156,149.80999755859375,148.05999755859375,149.5,128.85704040527344,18136900,0.0,0.0,0.0
2021-07-23,147.94000244140625,148.66000366210938,147.88999938964844,148.5,127.99518585205078,12639300,0.0,0.0,0.0
2021-07-26,149.0,149.05999755859375,147.8800048828125,148.05999755859375,127.6158447265625,10737700,0.0,0.0,0.0
2021-07-27,149.3300018310547,149.69000244140625,148.99000549316406,149.63999938964844,128.97776794433594,13036500,0.0,0.0,0.0
2021-07-28,148.6699981689453,149.6699981689453,148.27000427246094,149.64999389648438,128.98629760742188,14346700,0.0,0.0,0.0
2021-07-29,148.77999877929688,149.22000122070312,148.52999877929688,148.82000732421875,128.27096557617188,11532000,0.0,0.0,0.0
2021-07-30,149.1300048828125,149.72000122070312,149.05999755859375,149.52000427246094,128.87432861328125,14342100,0.0,0.0,0.0
2021-08-02,149.4499969482422,151.22999572753906,149.17999267578125,150.6699981689453,130.02381896972656,21232700,0.182,0.0,0.0
2021-08-03,150.75,151.22999572753906,150.38999938964844,150.75,130.09278869628906,13361900,0.0,0.0,0.0
2021-08-04,151.5,151.82000732421875,149.72000122070312,151.05999755859375,130.36033630371094,18267900,0.0,0.0,0.0
2021-08-05,150.75999450683594,150.9199981689453,150.0,150.2899932861328,129.69583129882812,15345400,0.0,0.0,0.0
2021-08-06,148.32000732421875,148.75999450683594,147.69000244140625,147.77999877929688,127.52975463867188,21144300,0.0,0.0,0.0
2021-08-09,148.14999389648438,148.55999755859375,147.22999572753906,147.25,127.07241821289062,12942400,0.0,0.0,0.0
2021-08-10,147.49000549316406,147.57000732421875,146.55999755859375,146.57000732421875,126.48561096191406,13716900,0.0,0.0,0.0
2021-08-11,146.41000366210938,147.22999572753906,145.7100067138672,146.47999572753906,126.40792083740234,17227600,0.0,0.0,0.0
2021-08-12,146.08999633789062,146.44000244140625,145.42999267578125,146.24000549316406,126.20082092285156,14709400,0.0,0.0,0.0
2021-08-13,146.8300018310547,148.55999755859375,146.80999755859375,148.5500030517578,128.19427490234375,18653800,0.0,0.0,0.0
2021-08-16,149.19000244140625,150.02000427246094,148.80999755859375,148.91000366210938,128.50491333007812,19170900,0.0,0.0,0.0
2021-08-17,148.8800048828125,149.47000122070312,148.6699981689453,148.85000610351562,128.4532012939453,14126900,0.0,0.0,0.0
2021-08-18,148.7100067138672,149.47000122070312,148.4499969482422,149.35000610351562,128.8846435546875,13144000,0.0,0.0,0.0
2021-08-19,150.30999755859375,150.4600067138672,149.80999755859375,150.4499969482422,129.83392333984375,15474300,0.0,0.0,0.0
2021-08-20,150.58999633789062,150.80999755859375,150.11000061035156,150.5500030517578,129.92022705078125,12388400,0.0,0.0,0.0
2021-08-23,150.1999969482422,150.5,149.9199981689453,150.4499969482422,129.83392333984375,10615000,0.0,0.0,0.0
2021-08-24,149.75999450683594,150.07000732421875,149.27999877929688,149.27999877929688,128.8242645263672,13835900,0.0,0.0,0.0
2021-08-25,149.2100067138672,149.3699951171875,147.5800018310547,148.0399932861328,127.7541732788086,16743800,0.0,0.0,0.0
2021-08-26,147.97000122070312,148.57000732421875,147.50999450683594,148.4499969482422,128.10797119140625,16657400,0.0,0.0,0.0
2021-08-27,148.57000732421875,149.49000549316406,148.3300018310547,149.4600067138672,128.97959899902344,15384700,0.0,0.0,0.0
2021-08-30,148.99000549316406,149.89999389648438,148.92999267578125,149.85000610351562,129.31614685058594,10596300,0.0,0.0,0.0
2021-08-31,149.6699981689453,150.08999633789062,148.5,148.8300018310547,128.4359588623047,15262400,0.0,0.0,0.0
2021-09-01,149.27000427246094,149.38999938964844,148.49000549316406,148.88999938964844,128.65106201171875,10807100,0.189,0.0,0.0
2021-09-02,149.24000549316406,149.5500030517578,148.75,149.5399932861328,129.2127227783203,9765900,0.0,0.0,0.0
2021-09-03,148.27000427246094,148.50999450683594,147.94000244140625,148.17999267578125,128.03759765625,12928000,0.0,0.0,0.0
2021-09-07,147.25999450683594,147.52000427246094,146.66000366210938,146.92999267578125,126.95746612548828,15547800,0.0,0.0,0.0
2021-09-08,147.66000366210938,148.19000244140625,147.38999938964844,147.92999267578125,127.82157135009766,14533700,0.0,0.0,0.0
2021-09-09,148.1699981689453,149.88999938964844,147.85000610351562,149.72000122070312,129.36825561523438,20324600,0.0,0.0,0.0
2021-09-10,148.89999389648438,149.1699981689453,148.16000366210938,148.39999389648438,128.22772216796875,14894600,0.0,0.0,0.0
2021-09-13,149.0399932861328,149.49000549316406,148.9499969482422,149.3000030517578,129.0053253173828,15036100,0.0,0.0,0.0
2021-09-14,149.72999572753906,151.57000732421875,149.5800018310547,151.11000061035156,130.56924438476562,19918400,0.0,0.0,0.0
2021-09-15,151.2100067138672,151.25,149.92999267578125,150.5800018310547,130.1113739013672,11940300,0.0,0.0,0.0
2021-09-16,149.6699981689453,150.4499969482422,149.5,149.88999938964844,129.51510620117188,13328900,0.0,0.0,0.0
2021-09-17,149.17999267578125,149.36000061035156,148.6999969482422,149.1699981689453,128.89300537109375,13782900,0.0,0.0,0.0
2021-09-20,150.57000732421875,151.3699951171875,150.22999572753906,151.02000427246094,130.4915771484375,14660400,0.0,0.0,0.0
2021-09-21,150.7100067138672,150.9600067138672,150.1999969482422,150.88999938964844,130.3792266845703,10035800,0.0,0.0,0.0
2021-09-22,150.7899932861328,151.7899932861328,150.44000244140625,151.7899932861328,131.15689086914062,22277800,0.0,0.0,0.0
2021-09-23,150.4199981689453,150.4499969482422,148.33999633789062,148.36000061035156,128.19314575195312,23853300,0.0,0.0,0.0
2021-09-24,147.83999633789062,147.85000610351562,146.74000549316406,146.91000366210938,126.94022369384766,20203900,0.0,0.0,0.0
2021-09-27,146.05999755859375,146.8699951171875,145.8800048828125,146.3699951171875,126.47359466552734,13464300,0.0,0.0,0.0
2021-09-28,144.3300018310547,145.07000732421875,143.63999938964844,144.08999633789062,124.5035171508789,26613500,0.0,0.0,0.0
2021-09-29,144.8000030517578,145.42999267578125,143.69000244140625,144.33999633789062,124.71954345703125,23569400,0.0,0.0,0.0
2021-09-30,144.10000610351562,144.50999450683594,143.64999389648438,144.32000732421875,124.7022933959961,22567600,0.0,0.0,0.0
2021-10-01,144.85000610351562,145.39999389648438,144.1999969482422,145.35000610351562,125.751708984375,26151800,0.183,0.0,0.0
2021-10-04,144.6699981689453,145.4600067138672,144.10000610351562,144.97999572753906,125.43157196044922,28027600,0.0,0.0,0.0
2021-10-05,144.60000610351562,144.6999969482422,143.4600067138672,143.5800018310547,124.22036743164062,22659200,0.0,0.0,0.0
2021-10-06,144.22999572753906,144.72000122070312,144.02999877929688,144.38999938964844,124.9211654663086,18696500,0.0,0.0,0.0
2021-10-07,143.19000244140625,143.33999633789062,142.58999633789062,142.8800048828125,123.61477661132812,14856000,0.0,0.0,0.0
2021-10-08,142.25999450683594,142.35000610351562,141.52999877929688,141.8800048828125,122.74958038330078,17257800,0.0,0.0,0.0
2021-10-11,141.60000610351562,141.89999389648438,141.4499969482422,141.52000427246094,122.43816375732422,7213400,0.0,0.0,0.0
2021-10-12,142.6300048828125,144.00999450683594,142.47999572753906,143.94000244140625,124.53182983398438,17968700,0.0,0.0,0.0
2021-10-13,144.61000061035156,145.52999877929688,144.5800018310547,145.33999633789062,125.7430648803711,23584600,0.0,0.0,0.0
2021-10-14,145.3699951171875,145.9600067138672,144.9499969482422,145.8800048828125,126.21029663085938,12946400,0.0,0.0,0.0
2021-10-15,145.0,145.13999938964844,144.47000122070312,145.02999877929688,125.4748764038086,11811500,0.0,0.0,0.0
2021-10-18,145.0,146.0,144.52000427246094,145.7100067138672,126.06317138671875,12115900,0.0,0.0,0.0
2021-10-19,144.66000366210938,144.72999572753906,143.64999389648438,143.6999969482422,124.32417297363281,12156300,0.0,0.0,0.0
2021-10-20,143.25,143.67999267578125,142.50999450683594,142.72999572753906,123.48494720458984,12782500,0.0,0.0,0.0
2021-10-21,143.0,143.14999389648438,142.22999572753906,142.55999755859375,123.33789825439453,13660000,0.0,0.0,0.0
2021-10-22,143.4499969482422,144.39999389648438,143.2100067138672,144.1300048828125,124.69619750976562,13740000,0.0,0.0,0.0
2021-10-25,143.6699981689453,144.3000030517578,143.6300048828125,143.91000366210938,124.50589752197266,8137900,0.0,0.0,0.0
2021-10-26,144.6199951171875,145.10000610351562,143.74000549316406,145.10000610351562,125.53543090820312,13671000,0.0,0.0,0.0
2021-10-27,146.39999389648438,148.17999267578125,145.92999267578125,147.74000549316406,127.81941223144531,22092300,0.0,0.0,0.0
2021-10-28,147.7899932861328,148.3300018310547,146.83999633789062,147.24000549316406,127.38693237304688,17497600,0.0,0.0,0.0
2021-10-29,146.47000122070312,148.0,146.32000732421875,147.69000244140625,127.77622985839844,19087300,0.0,0.0,0.0
2021-11-01,145.8000030517578,146.75999450683594,145.6999969482422,146.44000244140625,126.856201171875,18035500,0.188,0.0,0.0
2021-11-02,146.5,147.57000732421875,146.5,147.08999633789062,127.41936492919922,9836700,0.0,0.0,0.0
2021-11-03,147.82000732421875,147.97999572753906,145.52999877929688,145.57000732421875,126.10258483886719,20639400,0.0,0.0,0.0
2021-11-04,145.8699951171875,147.36000061035156,145.85000610351562,147.10000610351562,127.42797088623047,15922400,0.0,0.0,0.0
2021-11-05,148.52000427246094,149.5800018310547,148.1300048828125,149.3000030517578,129.3337860107422,21513000,0.0,0.0,0.0
2021-11-08,148.9600067138672,149.27999877929688,148.50999450683594,149.02000427246094,129.09121704101562,12083800,0.0,0.0,0.0
2021-11-09,150.8000030517578,151.77000427246094,150.63999938964844,150.9600067138672,130.77178955078125,23430200,0.0,0.0,0.0
2021-11-10,150.8300018310547,150.92999267578125,147.02999877929688,148.1999969482422,128.38084411621094,28170600,0.0,0.0,0.0
2021-11-11,148.50999450683594,148.66000366210938,147.88999938964844,147.97999572753906,128.1902618408203,5552500,0.0,0.0,0.0
2021-11-12,148.0,148.50999450683594,146.75999450683594,147.3300018310547,127.62715911865234,12712000,0.0,0.0,0.0
2021-11-15,146.88999938964844,146.9600067138672,145.22000122070312,145.47999572753906,126.02462005615234,15232700,0.0,0.0,0.0
2021-11-16,145.69000244140625,146.3800048828125,144.85000610351562,145.11000061035156,125.70411682128906,12998700,0.0,0.0,0.0
2021-11-17,144.57000732421875,146.2899932861328,144.4600067138672,146.25999450683594,126.7003402709961,14239900,0.0,0.0,0.0
2021-11-18,145.99000549316406,146.89999389648438,145.9499969482422,146.80999755859375,127.1767349243164,11054600,0.0,0.0,0.0
2021-11-19,147.5800018310547,148.60000610351562,147.5800018310547,148.36000061035156,128.51950073242188,14022100,0.0,0.0,0.0
2021-11-22,147.39999389648438,147.63999938964844,146.1300048828125,146.6199951171875,127.01213836669922,15266000,0.0,0.0,0.0
2021-11-23,145.92999267578125,146.11000061035156,144.5,144.5,125.1756820678711,15318500,0.0,0.0,0.0
2021-11-24,144.94000244140625,146.82000732421875,144.7899932861328,146.82000732421875,127.18535614013672,13769700,0.0,0.0,0.0
2021-11-26,148.8300018310547,150.67999267578125,148.6699981689453,150.52999877929688,130.3992462158203,20064800,0.0,0.0,0.0
2021-11-29,148.30999755859375,149.63999938964844,148.1699981689453,149.32000732421875,129.3511505126953,23234200,0.0,0.0,0.0
2021-11-30,150.8300018310547,152.07000732421875,150.25,151.58999633789062,131.31748962402344,31481100,0.0,0.0,0.0
2021-12-01,150.49000549316406,152.41000366210938,149.7899932861328,152.33999633789062,132.12747192382812,30826500,0.184,0.0,0.0
2021-12-02,152.92999267578125,152.99000549316406,150.75999450683594,152.52999877929688,132.29232788085938,17754200,0.0,0.0,0.0
2021-12-03,151.67999267578125,155.1199951171875,151.35000610351562,154.35000610351562,133.8708953857422,34427100,0.0,0.0,0.0
2021-12-06,154.0500030517578,154.35000610351562,151.92999267578125,152.22999572753906,132.0321044921875,30924200,0.0,0.0,0.0
2021-12-07,151.72000122070312,152.52999877929688,150.86000061035156,151.0,130.96534729003906,22115900,0.0,0.0,0.0
2021-12-08,150.47000122070312,150.47999572753906,148.36000061035156,148.38999938964844,128.70169067382812,33633900,0.0,0.0,0.0
2021-12-09,149.33999633789062,149.83999633789062,148.47999572753906,149.22000122070312,129.4215545654297,17544900,0.0,0.0,0.0
2021-12-10,149.9199981689453,150.24000549316406,148.80999755859375,148.86000061035156,129.10931396484375,14298700,0.0,0.0,0.0
2021-12-13,150.38999938964844,151.30999755859375,150.30999755859375,151.05999755859375,131.0174102783203,17860500,0.0,0.0,0.0
2021-12-14,150.3699951171875,150.92999267578125,149.30999755859375,150.6999969482422,130.7051544189453,14015500,0.0,0.0,0.0
2021-12-15,149.61000061035156,150.7899932861328,149.1300048828125,149.25,129.4475860595703,25383900,0.0,0.0,0.0
2021-12-16,148.75,149.8800048828125,148.72999572753906,149.13999938964844,129.49790954589844,18677900,0.168,0.0,0.0
2021-12-17,150.33999633789062,150.97999572753906,150.16000366210938,150.8300018310547,130.96534729003906,18093500,0.0,0.0,0.0
2021-12-20,150.75,151.02000427246094,149.60000610351562,149.6999969482422,129.984130859375,17147300,0.0,0.0,0.0
2021-12-21,148.13999938964844,149.1999969482422,147.6199951171875,149.1300048828125,129.4892120361328,16598200,0.0,0.0,0.0
2021-12-22,149.72999572753906,149.86000061035156,149.02000427246094,149.82000732421875,130.08839416503906,12253900,0.0,0.0,0.0
2021-12-23,149.58999633789062,149.60000610351562,148.02999877929688,148.52000427246094,128.95960998535156,11642500,0.0,0.0,0.0
2021-12-27,148.4600067138672,149.00999450683594,148.32000732421875,148.8800048828125,129.2721710205078,7821800,0.0,0.0,0.0
2021-12-28,149.60000610351562,149.77999877929688,148.00999450683594,148.2899932861328,128.75987243652344,9174600,0.0,0.0,0.0
2021-12-29,146.91000366210938,147.30999755859375,146.41000366210938,146.6699981689453,127.353271484375,11771200,0.0,0.0,0.0
2021-12-30,147.25,147.97000122070312,146.4499969482422,147.89999389648438,128.42129516601562,10355000,0.0,0.0,0.0
2021-12-31,147.80999755859375,149.02999877929688,147.42999267578125,148.19000244140625,128.673095703125,13402300,0.0,0.0,0.0
2022-01-03,146.41000366210938,146.94000244140625,144.27999877929688,144.3000030517578,125.29530334472656,33860400,0.0,0.0,0.0
2022-01-04,143.61000061035156,144.1300048828125,142.74000549316406,143.6999969482422,124.77437591552734,21996400,0.0,0.0,0.0
2022-01-05,144.13999938964844,144.16000366210938,142.7100067138672,142.9199981689453,124.09713745117188,20911700,0.0,0.0,0.0
2022-01-06,142.58999633789062,143.44000244140625,142.2899932861328,143.2899932861328,124.41836547851562,18996400,0.0,0.0,0.0
2022-01-07,143.1300048828125,143.24000549316406,141.55999755859375,142.25999450683594,123.52400207519531,18756800,0.0,0.0,0.0
2022-01-10,141.64999389648438,142.80999755859375,141.36000061035156,142.61000061035156,123.82793426513672,13775800,0.0,0.0,0.0
2022-01-11,142.8800048828125,143.6300048828125,142.6999969482422,143.55999755859375,124.65283966064453,24388700,0.0,0.0,0.0
2022-01-12,143.89999389648438,144.00999450683594,143.0,143.00999450683594,124.17526245117188,14440600,0.0,0.0,0.0
2022-01-13,143.38999938964844,144.4199981689453,143.02999877929688,144.27999877929688,125.27799224853516,15166000,0.0,0.0,0.0
2022-01-14,143.4199981689453,143.4600067138672,141.7899932861328,142.10000610351562,123.38510131835938,22997500,0.0,0.0,0.0
2022-01-18,140.9600067138672,141.30999755859375,140.02000427246094,140.10000610351562,121.64849090576172,21171700,0.0,0.0,0.0
2022-01-19,140.52999877929688,141.7100067138672,140.30999755859375,141.07000732421875,122.49079895019531,17930500,0.0,0.0,0.0
2022-01-20,141.3699951171875,141.99000549316406,141.08999633789062,141.94000244140625,123.24613952636719,13959000,0.0,0.0,0.0
2022-01-21,143.39999389648438,144.10000610351562,142.6699981689453,143.6300048828125,124.71360778808594,28916600,0.0,0.0,0.0
2022-01-24,144.3000030517578,144.3699951171875,142.42999267578125,142.4499969482422,123.68902587890625,25001600,0.0,0.0,0.0
2022-01-25,143.11000061035156,143.7100067138672,141.8000030517578,142.22000122070312,123.48926544189453,15599000,0.0,0.0,0.0
2022-01-26,142.25999450683594,142.57000732421875,140.49000549316406,140.5,121.99580383300781,23655500,0.0,0.0,0.0
2022-01-27,142.41000366210938,143.3699951171875,142.3300018310547,143.0800018310547,124.2360610961914,21501800,0.0,0.0,0.0
2022-01-28,142.08999633789062,143.4600067138672,141.85000610351562,143.1300048828125,124.27941131591797,12826500,0.0,0.0,0.0
2022-01-31,142.17999267578125,142.9499969482422,141.9600067138672,142.38999938964844,123.63690185546875,13998400,0.0,0.0,0.0
2022-02-01,142.27999877929688,142.36000061035156,141.05999755859375,141.72000122070312,123.22650146484375,20806100,0.198,0.0,0.0
2022-02-02,141.9499969482422,143.57000732421875,141.92999267578125,142.1999969482422,123.64387512207031,18404600,0.0,0.0,0.0
2022-02-03,140.44000244140625,141.47999572753906,140.17999267578125,141.08999633789062,122.67869567871094,17234100,0.0,0.0,0.0
2022-02-04,139.85000610351562,140.13999938964844,138.77999877929688,139.00999450683594,120.87016296386719,23609800,0.0,0.0,0.0
2022-02-07,138.91000366210938,139.30999755859375,138.5500030517578,139.10000610351562,120.94840240478516,12962400,0.0,0.0,0.0
2022-02-08,138.2100067138672,138.5800018310547,137.82000732421875,138.1699981689453,120.1397476196289,16269200,0.0,0.0,0.0
2022-02-09,138.72000122070312,139.3699951171875,138.19000244140625,138.42999267578125,120.36579132080078,14349100,0.0,0.0,0.0
2022-02-10,137.66000366210938,137.8300018310547,135.83999633789062,136.22999572753906,118.4529037475586,30896200,0.0,0.0,0.0
2022-02-11,136.8699951171875,138.50999450683594,135.36000061035156,138.25,120.2093276977539,43210300,0.0,0.0,0.0
2022-02-14,137.1300048828125,137.74000549316406,135.97000122070312,136.52999877929688,118.71376037597656,23157400,0.0,0.0,0.0
2022-02-15,135.60000610351562,135.83999633789062,134.94000244140625,134.97999572753906,117.36604309082031,18198500,0.0,0.0,0.0
2022-02-16,135.9499969482422,136.07000732421875,134.50999450683594,135.77999877929688,118.06161499023438,16473700,0.0,0.0,0.0
2022-02-17,136.4499969482422,137.57000732421875,135.89999389648438,136.7899932861328,118.93980407714844,24508200,0.0,0.0,0.0
2022-02-18,137.52000427246094,138.3699951171875,137.16000366210938,138.22999572753906,120.19192504882812,17522600,0.0,0.0,0.0
2022-02-22,137.69000244140625,138.6699981689453,137.47000122070312,138.58999633789062,120.50494384765625,19534000,0.0,0.0,0.0
2022-02-23,137.67999267578125,137.85000610351562,136.57000732421875,136.67999267578125,118.84418487548828,17757800,0.0,0.0,0.0
2022-02-24,139.10000610351562,139.3699951171875,136.25,136.77000427246094,118.92243957519531,28150400,0.0,0.0,0.0
2022-02-25,136.86000061035156,137.30999755859375,136.17999267578125,136.8699951171875,119.00940704345703,15025400,0.0,0.0,0.0
2022-02-28,138.42999267578125,140.0399932861328,138.32000732421875,139.8699951171875,121.617919921875,25817700,0.0,0.0,0.0
2022-03-01,140.36000061035156,142.3300018310547,140.0,141.3000030517578,123.02403259277344,35664400,0.185,0.0,0.0
2022-03-02,139.83999633789062,140.4199981689453,136.41000366210938,136.47000122070312,118.81877899169922,30397400,0.0,0.0,0.0
2022-03-03,137.49000549316406,138.6999969482422,137.02000427246094,137.86000061035156,120.02899169921875,20649100,0.0,0.0,0.0
2022-03-04,140.36000061035156,140.82000732421875,139.30999755859375,140.24000549316406,122.10112762451172,25853100,0.0,0.0,0.0
2022-03-07,139.1199951171875,140.63999938964844,138.77000427246094,139.1699981689453,121.16951751708984,23710900,0.0,0.0,0.0
2022-03-08,137.50999450683594,138.25,137.25,137.77000427246094,119.95060729980469,28331300,0.0,0.0,0.0
2022-03-09,137.07000732421875,137.33999633789062,136.1300048828125,136.4199981689453,118.77516174316406,18819200,0.0,0.0,0.0
2022-03-10,134.8300018310547,135.1699981689453,133.72000122070312,134.4600067138672,117.0687255859375,26868900,0.0,0.0,0.0
2022-03-11,134.3300018310547,135.4499969482422,134.2100067138672,134.91000366210938,117.46051788330078,15583800,0.0,0.0,0.0
2022-03-14,132.6999969482422,132.88999938964844,131.72000122070312,131.75999450683594,114.71797180175781,24385000,0.0,0.0,0.0
2022-03-15,132.86000061035156,133.14999389648438,131.19000244140625,131.52999877929688,114.51769256591797,17518800,0.0,0.0,0.0
2022-03-16,131.8300018310547,133.1300048828125,130.32000732421875,132.82000732421875,115.64086151123047,25857700,0.0,0.0,0.0
2022-03-17,132.82000732421875,133.33999633789062,131.07000732421875,131.8300018310547,114.77889251708984,19330600,0.0,0.0,0.0
2022-03-18,132.57000732421875,133.5399932861328,132.57000732421875,133.44000244140625,116.18065643310547,55891700,0.0,0.0,0.0
2022-03-21,131.27999877929688,131.6699981689453,129.75,130.35000610351562,113.49031066894531,26122000,0.0,0.0,0.0
2022-03-22,128.9600067138672,129.33999633789062,128.33999633789062,128.67999267578125,112.03630828857422,21830900,0.0,0.0,0.0
2022-03-23,129.3699951171875,131.60000610351562,128.86000061035156,131.5,114.49156951904297,21266100,0.0,0.0,0.0
2022-03-24,129.64999389648438,131.17999267578125,129.60000610351562,130.47000122070312,113.59481048583984,17141600,0.0,0.0,0.0
2022-03-25,129.5,129.52000427246094,127.6500015258789,128.66000366210938,112.0188980102539,25684500,0.0,0.0,0.0
2022-03-28,129.38999938964844,130.55999755859375,129.0399932861328,129.75999450683594,112.97661590576172,17657800,0.0,0.0,0.0
2022-03-29,130.55999755859375,131.5500030517578,129.74000549316406,130.74000549316406,113.82988739013672,19319700,0.0,0.0,0.0
2022-03-30,130.07000732421875,132.00999450683594,129.99000549316406,131.75999450683594,114.71797180175781,16310200,0.0,0.0,0.0
2022-03-31,131.97999572753906,132.6699981689453,131.66000366210938,132.0800018310547,114.99656677246094,19901000,0.0,0.0,0.0
2022-04-01,130.00999450683594,132.9600067138672,129.7100067138672,132.3800048828125,115.43431091308594,23489700,0.202,0.0,0.0
2022-04-04,131.92999267578125,131.97999572753906,130.7100067138672,131.4600067138672,114.6321029663086,13609900,0.0,0.0,0.0
2022-04-05,130.75999450683594,130.77999877929688,128.2899932861328,128.49000549316406,112.04224395751953,25196900,0.0,0.0,0.0
2022-04-06,126.43000030517578,128.3000030517578,126.4000015258789,127.44999694824219,111.1353759765625,22952000,0.0,0.0,0.0
2022-04-07,126.11000061035156,126.66999816894531,125.41000366210938,126.48999786376953,110.29828643798828,23458800,0.0,0.0,0.0
2022-04-08,125.44999694824219,125.83000183105469,124.26000213623047,125.12000274658203,109.10360717773438,26859200,0.0,0.0,0.0
2022-04-11,123.91999816894531,124.19000244140625,122.55999755859375,123.13999938964844,107.3770751953125,30020700,0.0,0.0,0.0
2022-04-12,124.05000305175781,124.16000366210938,122.66999816894531,122.97000122070312,107.2288589477539,23124200,0.0,0.0,0.0
2022-04-13,123.05000305175781,124.30000305175781,122.88999938964844,123.22000122070312,107.44684600830078,17189500,0.0,0.0,0.0
2022-04-14,122.86000061035156,122.93000030517578,120.37999725341797,120.75,105.29302215576172,34274500,0.0,0.0,0.0
2022-04-18,120.87000274658203,121.08000183105469,119.69000244140625,120.1500015258789,104.76982116699219,18784300,0.0,0.0,0.0
2022-04-19,119.1500015258789,119.72000122070312,118.66999816894531,119.25,103.98505401611328,26012300,0.0,0.0,0.0
2022-04-20,120.22000122070312,121.97000122070312,119.91999816894531,121.6500015258789,106.07781219482422,31423200,0.0,0.0,0.0
2022-04-21,120.83000183105469,120.91000366210938,119.16999816894531,120.75,105.29302215576172,23323200,0.0,0.0,0.0
2022-04-22,120.06999969482422,121.44000244140625,119.80999755859375,119.98999786376953,104.63031768798828,19773400,0.0,0.0,0.0
2022-04-25,121.37999725341797,122.19000244140625,121.12999725341797,121.19000244140625,105.6767349243164,25418900,0.0,0.0,0.0
2022-04-26,122.44000244140625,123.02999877929688,121.76000213623047,122.41000366210938,106.74055480957031,26931300,0.0,0.0,0.0
2022-04-27,122.19000244140625,122.31999969482422,120.7699966430664,120.83999633789062,105.37149047851562,14560500,0.0,0.0,0.0
2022-04-28,120.38999938964844,121.06999969482422,120.01000213623047,121.0199966430664,105.5284652709961,16892500,0.0,0.0,0.0
2022-04-29,119.30999755859375,120.97000122070312,119.11000061035156,119.44999694824219,104.15943908691406,26153400,0.0,0.0,0.0
2022-05-02,117.86000061035156,118.2699966430664,116.93000030517578,117.18000030517578,102.35397338867188,29233900,0.203,0.0,0.0
2022-05-03,119.04000091552734,119.30999755859375,117.88999938964844,117.97000122070312,103.04403686523438,21256700,0.0,0.0,0.0
2022-05-04,117.97000122070312,118.97000122070312,117.3499984741211,118.62000274658203,103.61178588867188,25575700,0.0,0.0,0.0
2022-05-05,116.3499984741211,116.47000122070312,114.0199966430664,115.37000274658203,100.77298736572266,48384500,0.0,0.0,0.0
2022-05-06,114.13999938964844,115.04000091552734,113.30999755859375,113.66999816894531,99.28810119628906,32790500,0.0,0.0,0.0
2022-05-09,112.86000061035156,114.70999908447266,112.62000274658203,114.66999816894531,100.16154479980469,26773000,0.0,0.0,0.0
2022-05-10,115.88999938964844,116.95999908447266,115.4800033569336,115.70999908447266,101.0699691772461,33640800,0.0,0.0,0.0
2022-05-11,114.73999786376953,117.94000244140625,114.44000244140625,117.94000244140625,103.01781463623047,34173600,0.0,0.0,0.0
2022-05-12,118.0199966430664,118.88999938964844,117.66000366210938,117.72000122070312,102.82563781738281,26405700,0.0,0.0,0.0
2022-05-13,116.9800033569336,117.1500015258789,115.9000015258789,115.9800033569336,101.30579376220703,20782700,0.0,0.0,0.0
2022-05-16,116.20999908447266,116.94000244140625,115.8499984741211,115.86000061035156,101.20097351074219,11050600,0.0,0.0,0.0
2022-05-17,114.70999908447266,115.3499984741211,114.36000061035156,114.45999908447266,99.97811126708984,15040800,0.0,0.0,0.0
2022-05-18,114.72000122070312,117.0,114.61000061035156,116.9000015258789,102.10938262939453,21337300,0.0,0.0,0.0
2022-05-19,118.63999938964844,118.72000122070312,116.8499984741211,117.18000030517578,102.35397338867188,21937500,0.0,0.0,0.0
2022-05-20,117.08999633789062,119.0199966430664,117.05999755859375,118.51000213623047,103.51570129394531,22780900,0.0,0.0,0.0
2022-05-23,117.70999908447266,118.25,116.54000091552734,116.55999755859375,101.81240844726562,15925200,0.0,0.0,0.0
2022-05-24,117.9000015258789,119.63999938964844,117.86000061035156,118.86000061035156,103.82142639160156,23388200,0.0,0.0,0.0
2022-05-25,119.61000061035156,119.62000274658203,118.58999633789062,119.33000183105469,104.23194885253906,14410800,0.0,0.0,0.0
2022-05-26,119.0199966430664,119.08999633789062,117.80000305175781,118.79000091552734,103.76026153564453,14912900,0.0,0.0,0.0
2022-05-27,119.36000061035156,119.73999786376953,118.73999786376953,119.08000183105469,104.01356506347656,11190400,0.0,0.0,0.0
2022-05-31,117.18000030517578,117.2300033569336,115.93000030517578,116.55999755859375,101.81240844726562,28393700,0.0,0.0,0.0
2022-06-01,117.02999877929688,117.33999633789062,115.69000244140625,116.22000122070312,101.6960220336914,15544800,0.207,0.0,0.0
2022-06-02,116.62999725341797,116.70999908447266,115.45999908447266,116.27999877929688,101.74850463867188,9832000,0.0,0.0,0.0
2022-06-03,115.08999633789062,116.05999755859375,114.87000274658203,116.02999877929688,101.52977752685547,15330400,0.0,0.0,0.0
2022-06-06,115.1500015258789,115.51000213623047,113.80999755859375,113.88999938964844,99.65721130371094,20815400,0.0,0.0,0.0
2022-06-07,114.61000061035156,115.77999877929688,114.58000183105469,115.12000274658203,100.7335205078125,14278700,0.0,0.0,0.0
2022-06-08,114.68000030517578,115.12999725341797,114.08000183105469,114.0999984741211,99.84095764160156,11476100,0.0,0.0,0.0
2022-06-09,113.83999633789062,114.70999908447266,113.68000030517578,114.4800033569336,100.1734848022461,15527300,0.0,0.0,0.0
2022-06-10,114.36000061035156,114.61000061035156,112.97000122070312,113.7699966430664,99.55218505859375,21917100,0.0,0.0,0.0
2022-06-13,111.48999786376953,111.66999816894531,109.23999786376953,110.19999694824219,96.4283676147461,36968300,0.0,0.0,0.0
2022-06-14,110.52999877929688,110.9800033569336,108.58999633789062,108.80999755859375,95.2120590209961,21865900,0.0,0.0,0.0
2022-06-15,110.08999633789062,110.98999786376953,109.02999877929688,110.83999633789062,96.98834991455078,25202800,0.0,0.0,0.0
2022-06-16,108.44999694824219,111.72000122070312,108.12000274658203,111.72000122070312,97.75841522216797,26067300,0.0,0.0,0.0
2022-06-17,112.01000213623047,112.83000183105469,110.95999908447266,112.08000183105469,98.07342529296875,21614300,0.0,0.0,0.0
2022-06-21,110.08999633789062,111.0199966430664,109.80999755859375,110.18000030517578,96.41082763671875,17663800,0.0,0.0,0.0
2022-06-22,112.69000244140625,113.30999755859375,112.37999725341797,113.20999908447266,99.06221008300781,23703800,0.0,0.0,0.0
2022-06-23,113.9000015258789,115.16999816894531,113.48999786376953,114.13999938964844,99.87596893310547,20669200,0.0,0.0,0.0
2022-06-24,113.45999908447266,114.16999816894531,112.5,112.55999755859375,98.4934310913086,18161300,0.0,0.0,0.0
2022-06-27,111.22000122070312,112.22000122070312,111.16000366210938,111.5999984741211,97.65337371826172,12053000,0.0,0.0,0.0
2022-06-28,111.29000091552734,112.18000030517578,110.87000274658203,112.12000274658203,98.1083984375,13706600,0.0,0.0,0.0
2022-06-29,112.37999725341797,113.9000015258789,112.16999816894531,113.87000274658203,99.63967895507812,12925400,0.0,0.0,0.0
2022-06-30,114.86000061035156,115.7699966430664,114.75,114.87000274658203,100.51473236083984,25802100,0.0,0.0,0.0
2022-07-01,115.9000015258789,117.58999633789062,115.22000122070312,115.81999969482422,101.54669189453125,21858800,0.227,0.0,0.0
2022-07-05,116.88999938964844,117.75,116.16999816894531,116.7300033569336,102.34453582763672,16689700,0.0,0.0,0.0
2022-07-06,117.38999938964844,117.54000091552734,114.7699966430664,114.7699966430664,100.62606811523438,20205400,0.0,0.0,0.0
2022-07-07,115.0999984741211,115.16999816894531,113.51000213623047,113.76000213623047,99.74055480957031,13088000,0.0,0.0,0.0
2022-07-08,113.5,113.5,112.05000305175781,112.5,98.63582611083984,15320000,0.0,0.0,0.0
2022-07-11,113.79000091552734,114.79000091552734,113.69999694824219,114.44000244140625,100.33676147460938,13639900,0.0,0.0,0.0
2022-07-12,115.51000213623047,116.2300033569336,114.97000122070312,115.12000274658203,100.93295288085938,18547300,0.0,0.0,0.0
2022-07-13,113.7699966430664,116.6500015258789,113.44999694824219,116.44000244140625,102.09027862548828,20594800,0.0,0.0,0.0
2022-07-14,115.08000183105469,116.16000366210938,114.47000122070312,115.48999786376953,101.25736999511719,15665000,0.0,0.0,0.0
2022-07-15,115.83999633789062,116.81999969482422,115.5999984741211,116.13999938964844,101.82725524902344,16022600,0.0,0.0,0.0
2022-07-18,115.25,115.31999969482422,114.18000030517578,114.93000030517578,100.76638793945312,15838300,0.0,0.0,0.0
2022-07-19,114.91000366210938,115.1500015258789,113.66000366210938,114.30999755859375,100.2227783203125,9276800,0.0,0.0,0.0
2022-07-20,115.4800033569336,115.55000305175781,114.05000305175781,114.61000061035156,100.48582458496094,9117300,0.0,0.0,0.0
2022-07-21,115.19000244140625,116.72000122070312,115.01000213623047,116.58999633789062,102.2218017578125,14754900,0.0,0.0,0.0
2022-07-22,118.29000091552734,119.2699966430664,117.97000122070312,118.55000305175781,103.94026184082031,17715300,0.0,0.0,0.0
2022-07-25,116.70999908447266,117.54000091552734,116.47000122070312,117.38999938964844,102.92318725585938,24868100,0.0,0.0,0.0
2022-07-26,118.86000061035156,119.23999786376953,117.4000015258789,117.4800033569336,103.00211334228516,13536000,0.0,0.0,0.0
2022-07-27,118.01000213623047,118.48999786376953,116.70999908447266,116.81999969482422,102.42344665527344,15725600,0.0,0.0,0.0
2022-07-28,118.05000305175781,118.91999816894531,117.31999969482422,117.75,103.23884582519531,16637900,0.0,0.0,0.0
2022-07-29,117.69999694824219,119.30999755859375,117.33000183105469,117.43000030517578,102.95831298828125,16655900,0.0,0.0,0.0
2022-08-01,118.25,120.0999984741211,118.08000183105469,120.04000091552734,105.43788146972656,17974600,0.213,0.0,0.0
2022-08-02,120.1500015258789,120.69000244140625,117.29000091552734,117.5,103.20684814453125,17896300,0.0,0.0,0.0
2022-08-03,117.16999816894531,119.48999786376953,116.33000183105469,119.3499984741211,104.83179473876953,16731200,0.0,0.0,0.0
2022-08-04,118.9800033569336,119.55000305175781,118.54000091552734,119.30999755859375,104.79667663574219,11003000,0.0,0.0,0.0
2022-08-05,117.06999969482422,117.11000061035156,115.88999938964844,116.47000122070312,102.3021469116211,19492300,0.0,0.0,0.0
2022-08-08,117.63999938964844,118.52999877929688,117.55999755859375,118.3499984741211,103.95344543457031,17476300,0.0,0.0,0.0
2022-08-09,117.7300033569336,118.36000061035156,117.45999908447266,117.88999938964844,103.5494155883789,8223200,0.0,0.0,0.0
2022-08-10,117.7300033569336,118.91000366210938,116.7300033569336,117.12000274658203,102.87309265136719,14665300,0.0,0.0,0.0
2022-08-11,116.87000274658203,117.05999755859375,114.08999633789062,114.38999938964844,100.47518157958984,20663800,0.0,0.0,0.0
2022-08-12,115.0999984741211,115.56999969482422,114.43000030517578,115.55000305175781,101.49407958984375,12178400,0.0,0.0,0.0
2022-08-15,116.33000183105469,116.75,115.44999694824219,115.44999694824219,101.40623474121094,9031800,0.0,0.0,0.0
2022-08-16,115.25,116.0199966430664,114.23999786376953,115.93000030517578,101.82784271240234,11066000,0.0,0.0,0.0
2022-08-17,115.05999755859375,115.0999984741211,114.30999755859375,114.72000122070312,100.7650146484375,14131300,0.0,0.0,0.0
2022-08-18,114.97000122070312,115.63999938964844,114.58999633789062,114.88999938964844,100.9143295288086,10738200,0.0,0.0,0.0
2022-08-19,113.2300033569336,113.33999633789062,112.73999786376953,113.04000091552734,99.28939056396484,16330900,0.0,0.0,0.0
2022-08-22,112.86000061035156,112.95999908447266,112.12999725341797,112.66000366210938,98.95561218261719,10457200,0.0,0.0,0.0
2022-08-23,112.19000244140625,113.4800033569336,111.73999786376953,112.04000091552734,98.41104888916016,17813200,0.0,0.0,0.0
2022-08-24,111.48999786376953,111.87000274658203,110.86000061035156,111.22000122070312,97.69075775146484,13971600,0.0,0.0,0.0
2022-08-25,111.31999969482422,113.08999633789062,110.98999786376953,112.7699966430664,99.05223083496094,21429700,0.0,0.0,0.0
2022-08-26,112.30000305175781,113.98999786376953,112.01000213623047,113.62000274658203,99.798828125,18764400,0.0,0.0,0.0
2022-08-29,112.94000244140625,113.01000213623047,112.12999725341797,112.68000030517578,98.97319030761719,14278300,0.0,0.0,0.0
2022-08-30,112.62000274658203,113.51000213623047,112.20999908447266,112.95999908447266,99.2191162109375,14346600,0.0,0.0,0.0
2022-08-31,112.69000244140625,113.33999633789062,111.58000183105469,111.87999725341797,98.27049255371094,13623500,0.0,0.0,0.0
2022-09-01,109.87000274658203,110.25,108.94000244140625,109.5999984741211,96.47132110595703,22490400,0.236,0.0,0.0
2022-09-02,109.68000030517578,110.55999755859375,109.47000122070312,110.22000122070312,97.01705169677734,13024400,0.0,0.0,0.0
2022-09-06,108.9000015258789,108.97000122070312,107.41999816894531,107.48999786376953,94.61406707763672,24648500,0.0,0.0,0.0
2022-09-07,108.31999969482422,109.4800033569336,108.20999908447266,109.19000244140625,96.11046600341797,17050100,0.0,0.0,0.0
2022-09-08,108.83999633789062,109.5199966430664,108.05000305175781,108.06999969482422,95.12462615966797,14671400,0.0,0.0,0.0
2022-09-09,108.33000183105469,108.80000305175781,107.62999725341797,108.30999755859375,95.33586883544922,12529800,0.0,0.0,0.0
2022-09-12,108.62999725341797,108.88999938964844,106.91999816894531,107.41999816894531,94.5524673461914,14806900,0.0,0.0,0.0
2022-09-13,106.55999755859375,107.73999786376953,106.23999786376953,107.66999816894531,94.77250671386719,22158900,0.0,0.0,0.0
2022-09-14,107.33999633789062,108.20999908447266,107.12000274658203,108.04000091552734,95.09819030761719,13077800,0.0,0.0,0.0
2022-09-15,107.8499984741211,108.19000244140625,107.58000183105469,107.97000122070312,95.0365982055664,10260200,0.0,0.0,0.0
2022-09-16,107.02999877929688,108.05000305175781,106.7699966430664,107.06999969482422,94.2444076538086,18903800,0.0,0.0,0.0
2022-09-19,106.95999908447266,107.81999969482422,106.80000305175781,107.31999969482422,94.46443939208984,11084400,0.0,0.0,0.0
2022-09-20,105.69000244140625,106.83999633789062,105.4000015258789,106.25,93.52263641357422,20133800,0.0,0.0,0.0
2022-09-21,106.69999694824219,108.04000091552734,105.97000122070312,108.02999877929688,95.08943176269531,23132900,0.0,0.0,0.0
2022-09-22,105.79000091552734,105.95999908447266,104.7300033569336,105.2699966430664,92.66002655029297,29030600,0.0,0.0,0.0
2022-09-23,105.33999633789062,106.43000030517578,104.55999755859375,105.69999694824219,93.03852844238281,23042200,0.0,0.0,0.0
2022-09-26,105.36000061035156,105.41000366210938,103.22000122070312,103.68000030517578,91.2604751586914,25104600,0.0,0.0,0.0
2022-09-27,102.70999908447266,102.9800033569336,100.9000015258789,100.94999694824219,88.85749816894531,34609500,0.0,0.0,0.0
2022-09-28,103.12999725341797,104.44999694824219,102.4800033569336,104.33000183105469,91.8326416015625,39283100,0.0,0.0,0.0
2022-09-29,102.9000015258789,104.2300033569336,102.80000305175781,103.79000091552734,91.35729217529297,19127100,0.0,0.0,0.0
2022-09-30,104.2699966430664,104.86000061035156,102.2300033569336,102.44999694824219,90.1778335571289,26485700,0.0,0.0,0.0
2022-10-03,103.8499984741211,104.68000030517578,103.1500015258789,103.83000183105469,91.61068725585938,27192200,0.244,0.0,0.0
2022-10-04,104.1500015258789,104.6500015258789,103.30000305175781,103.54000091552734,91.35484313964844,13788700,0.0,0.0,0.0
2022-10-05,102.7300033569336,102.83999633789062,101.58000183105469,102.55000305175781,90.4813232421875,20522100,0.0,0.0,0.0
2022-10-06,102.58999633789062,102.83999633789062,101.52999877929688,101.9800033569336,89.97840118408203,13965700,0.0,0.0,0.0
2022-10-07,100.80999755859375,101.62000274658203,100.47000122070312,100.98999786376953,89.10492706298828,14814800,0.0,0.0,0.0
2022-10-10,100.5,100.51000213623047,98.80000305175781,99.41999816894531,87.71967315673828,15652600,0.0,0.0,0.0
2022-10-11,99.73999786376953,100.9000015258789,98.98999786376953,99.86000061035156,88.10790252685547,33246700,0.0,0.0,0.0
2022-10-12,99.27999877929688,100.54000091552734,99.19000244140625,100.3499984741211,88.54022979736328,21447600,0.0,0.0,0.0
2022-10-13,98.36000061035156,100.37999725341797,98.33999633789062,99.38999938964844,87.69319915771484,30292500,0.0,0.0,0.0
2022-10-14,100.19000244140625,100.19000244140625,98.25,98.56999969482422,86.96971130371094,18728200,0.0,0.0,0.0
2022-10-17,99.29000091552734,99.66000366210938,97.94000244140625,98.08999633789062,86.54621124267578,18969900,0.0,0.0,0.0
2022-10-18,97.94999694824219,98.45999908447266,96.87000274658203,98.31999969482422,86.74913787841797,16931500,0.0,0.0,0.0
2022-10-19,97.19000244140625,97.41999816894531,96.31999969482422,96.52999877929688,85.1698226928711,25431600,0.0,0.0,0.0
2022-10-20,95.93000030517578,96.33000183105469,94.73999786376953,94.87999725341797,83.71394348144531,25434900,0.0,0.0,0.0
2022-10-21,93.0199966430664,93.93000030517578,92.26000213623047,93.16999816894531,82.2052230834961,46280300,0.0,0.0,0.0
2022-10-24,92.81999969482422,93.55000305175781,91.8499984741211,92.4000015258789,81.5258560180664,31332600,0.0,0.0,0.0
2022-10-25,94.58000183105469,95.2300033569336,94.44000244140625,95.08999633789062,83.89924621582031,31213100,0.0,0.0,0.0
2022-10-26,95.7699966430664,96.69000244140625,95.7699966430664,96.45999908447266,85.10803985595703,24843900,0.0,0.0,0.0
2022-10-27,96.9800033569336,97.9000015258789,96.22000122070312,97.47000122070312,85.9991683959961,20270000,0.0,0.0,0.0
2022-10-28,96.86000061035156,97.62999725341797,96.41000366210938,96.80000305175781,85.40800476074219,22244100,0.0,0.0,0.0
2022-10-31,96.36000061035156,96.62000274658203,95.02999877929688,96.11000061035156,84.79923248291016,23956700,0.0,0.0,0.0
2022-11-01,97.37999725341797,97.41999816894531,96.20999908447266,96.7699966430664,85.59172821044922,17585100,0.236,0.0,0.0
2022-11-02,96.91000366210938,97.62999725341797,95.95999908447266,96.3499984741211,85.2202377319336,25010500,0.0,0.0,0.0
2022-11-03,95.16999816894531,96.37999725341797,95.08999633789062,95.83000183105469,84.76032257080078,29097500,0.0,0.0,0.0
2022-11-04,95.0999984741211,95.66000366210938,94.22000122070312,94.22000122070312,83.33629608154297,23561400,0.0,0.0,0.0
2022-11-07,94.80000305175781,94.86000061035156,93.23999786376953,93.27999877929688,82.50487518310547,14522800,0.0,0.0,0.0
2022-11-08,93.80000305175781,94.95999908447266,93.7699966430664,94.30000305175781,83.40707397460938,20360600,0.0,0.0,0.0
2022-11-09,93.81999969482422,95.0199966430664,93.69000244140625,94.61000061035156,83.68122100830078,15637500,0.0,0.0,0.0
2022-11-10,96.7300033569336,98.43000030517578,96.63999938964844,98.25,86.90074920654297,45380900,0.0,0.0,0.0
2022-11-11,97.56999969482422,98.37000274658203,97.54000091552734,97.88999938964844,86.58235168457031,15943100,0.0,0.0,0.0
2022-11-14,97.91000366210938,97.98999786376953,97.08999633789062,97.6500015258789,86.37008666992188,13741100,0.0,0.0,0.0
2022-11-15,98.25,99.30000305175781,98.11000061035156,99.2300033569336,87.767578125,26608200,0.0,0.0,0.0
2022-11-16,100.0199966430664,101.44999694824219,99.73999786376953,101.4000015258789,89.68690490722656,28507700,0.0,0.0,0.0
2022-11-17,100.19999694824219,100.56999969482422,99.77999877929688,100.33000183105469,88.74047088623047,24528900,0.0,0.0,0.0
2022-11-18,100.5999984741211,100.88999938964844,99.55000305175781,99.63999938964844,88.13020324707031,14941300,0.0,0.0,0.0
2022-11-21,100.69000244140625,100.81999969482422,99.80000305175781,100.05999755859375,88.50171661376953,15534000,0.0,0.0,0.0
2022-11-22,100.6500015258789,101.62000274658203,100.52999877929688,101.4800033569336,89.75762939453125,18103100,0.0,0.0,0.0
2022-11-23,102.13999938964844,103.25,102.08000183105469,103.25,91.32320404052734,23234600,0.0,0.0,0.0
2022-11-25,102.61000061035156,102.93000030517578,102.43000030517578,102.9000015258789,91.01362609863281,9486100,0.0,0.0,0.0
2022-11-28,103.61000061035156,103.80999755859375,102.69000244140625,103.19000244140625,91.27012634277344,14563200,0.0,0.0,0.0
2022-11-29,102.1500015258789,102.95999908447266,101.91000366210938,101.9800033569336,90.19989776611328,16576400,0.0,0.0,0.0
2022-11-30,101.62000274658203,102.7300033569336,101.37000274658203,102.7300033569336,90.86327362060547,21581700,0.0,0.0,0.0
2022-12-01,103.1500015258789,105.80999755859375,103.0999984741211,105.76000213623047,93.76598358154297,53156800,0.244,0.0,0.0
2022-12-02,105.30000305175781,107.0999984741211,104.61000061035156,107.08999633789062,94.94512939453125,24479500,0.0,0.0,0.0
2022-12-05,105.83999633789062,105.98999786376953,104.9000015258789,105.58999633789062,93.61524963378906,20159700,0.0,0.0,0.0
2022-12-06,106.5,107.38999938964844,106.19000244140625,106.94999694824219,94.82100677490234,21754500,0.0,0.0,0.0
2022-12-07,108.37000274658203,109.68000030517578,108.19999694824219,109.47000122070312,97.05521392822266,30546700,0.0,0.0,0.0
2022-12-08,108.69999694824219,109.44999694824219,108.47000122070312,109.16999816894531,96.78925323486328,13377300,0.0,0.0,0.0
2022-12-09,107.94000244140625,108.16999816894531,106.2699966430664,106.33000183105469,94.27134704589844,25872200,0.0,0.0,0.0
2022-12-12,107.86000061035156,108.11000061035156,106.26000213623047,106.66999816894531,94.57278442382812,16897100,0.0,0.0,0.0
2022-12-13,109.04000091552734,109.08000183105469,107.45999908447266,107.69999694824219,95.48596954345703,23854700,0.0,0.0,0.0
2022-12-14,107.66000366210938,108.31999969482422,106.88999938964844,108.16000366210938,95.89376831054688,19517500,0.0,0.0,0.0
2022-12-15,108.38999938964844,109.12000274658203,108.16000366210938,108.31999969482422,96.26792907714844,20246200,0.261,0.0,0.0
2022-12-16,106.5999984741211,107.83000183105469,106.30999755859375,107.11000061035156,95.19257354736328,20838300,0.0,0.0,0.0
2022-12-19,105.83000183105469,105.83999633789062,104.9800033569336,105.30999755859375,93.59284210205078,26126800,0.0,0.0,0.0
2022-12-20,103.37999725341797,103.80999755859375,103.0999984741211,103.44000244140625,91.93092346191406,28869000,0.0,0.0,0.0
2022-12-21,104.29000091552734,104.4000015258789,102.95999908447266,103.69999694824219,92.16197967529297,15894100,0.0,0.0,0.0
2022-12-22,103.66999816894531,104.12000274658203,103.37999725341797,103.68000030517578,92.14422607421875,11322500,0.0,0.0,0.0
2022-12-23,102.58000183105469,102.80999755859375,102.0199966430664,102.16000366210938,90.79332733154297,15408900,0.0,0.0,0.0
2022-12-27,100.48999786376953,101.06999969482422,100.01000213623047,100.13999938964844,88.9980697631836,26475700,0.0,0.0,0.0
2022-12-28,100.6500015258789,100.77999877929688,99.3499984741211,99.55000305175781,88.47372436523438,17302900,0.0,0.0,0.0
2022-12-29,99.86000061035156,100.98999786376953,99.79000091552734,100.68000030517578,89.47798156738281,16593000,0.0,0.0,0.0
2022-12-30,99.87000274658203,100.55000305175781,99.37000274658203,99.55999755859375,88.48262023925781,20810200,0.0,0.0,0.0
2023-01-03,102.19999694824219,102.33999633789062,100.83999633789062,101.45999908447266,90.17121887207031,25313200,0.0,0.0,0.0
2023-01-04,103.22000122070312,103.4800033569336,102.20999908447266,102.8499984741211,91.40654754638672,21678200,0.0,0.0,0.0
2023-01-05,101.87000274658203,103.29000091552734,101.77999877929688,103.27999877929688,91.78871154785156,14771100,0.0,0.0,0.0
2023-01-06,102.69999694824219,105.30000305175781,102.63999938964844,105.18000030517578,93.47731018066406,27473700,0.0,0.0,0.0
2023-01-09,104.41000366210938,105.93000030517578,104.2699966430664,105.73999786376953,93.97501373291016,21472200,0.0,0.0,0.0
2023-01-10,104.52999877929688,104.81999969482422,103.5,103.98999786376953,92.41971588134766,20545200,0.0,0.0,0.0
2023-01-11,104.97000122070312,105.72000122070312,104.69999694824219,105.68000030517578,93.92167663574219,18794000,0.0,0.0,0.0
2023-01-12,105.81999969482422,107.80999755859375,104.55999755859375,107.76000213623047,95.77024841308594,32029600,0.0,0.0,0.0
2023-01-13,107.0999984741211,107.80000305175781,106.37999725341797,106.75,94.87261962890625,17750800,0.0,0.0,0.0
2023-01-17,105.66999816894531,106.66000366210938,105.6500015258789,106.05999755859375,94.25940704345703,13911700,0.0,0.0,0.0
2023-01-18,108.45999908447266,108.7699966430664,107.12000274658203,108.62999725341797,96.54344940185547,35497200,0.0,0.0,0.0
2023-01-19,108.0999984741211,108.37000274658203,107.44000244140625,107.94999694824219,95.93911743164062,17194700,0.0,0.0,0.0
2023-01-20,106.95999908447266,107.23999786376953,106.11000061035156,106.19999694824219,94.38383483886719,22754100,0.0,0.0,0.0
2023-01-23,105.56999969482422,106.19999694824219,105.48999786376953,105.69999694824219,93.93946075439453,12961500,0.0,0.0,0.0
2023-01-24,106.12000274658203,107.44999694824219,105.38999938964844,107.22000122070312,95.29034423828125,16417200,0.0,0.0,0.0
2023-01-25,107.37000274658203,107.91000366210938,106.63999938964844,107.4800033569336,95.52140808105469,11906500,0.0,0.0,0.0
2023-01-26,107.13999938964844,107.6500015258789,106.48999786376953,106.9800033569336,95.0770492553711,15549400,0.0,0.0,0.0
2023-01-27,106.19000244140625,106.95999908447266,106.11000061035156,106.70999908447266,94.83709716796875,11845500,0.0,0.0,0.0
2023-01-30,106.45999908447266,107.16000366210938,106.19000244140625,106.31999969482422,94.49047088623047,11459700,0.0,0.0,0.0
2023-01-31,106.9800033569336,107.27999877929688,105.87000274658203,107.16999816894531,95.24590301513672,13705300,0.0,0.0,0.0
2023-02-01,107.55000305175781,108.58999633789062,106.41999816894531,108.18000030517578,96.39089965820312,25305800,0.275,0.0,0.0
2023-02-02,108.91999816894531,109.3499984741211,108.08999633789062,108.31999969482422,96.51560974121094,19548400,0.0,0.0,0.0
2023-02-03,106.7699966430664,107.11000061035156,106.08000183105469,106.69999694824219,95.0721664428711,20619500,0.0,0.0,0.0
2023-02-06,105.75,106.30999755859375,105.68000030517578,105.91000366210938,94.36824798583984,15182400,0.0,0.0,0.0
2023-02-07,105.33000183105469,106.2300033569336,105.0,105.05999755859375,93.61088562011719,18290300,0.0,0.0,0.0
2023-02-08,105.04000091552734,105.58000183105469,104.38999938964844,105.55999755859375,94.0563735961914,13530700,0.0,0.0,0.0
2023-02-09,106.47000122070312,106.62000274658203,104.38999938964844,104.55999755859375,93.16536712646484,20469900,0.0,0.0,0.0
2023-02-10,104.4000015258789,104.44000244140625,103.12000274658203,103.38999938964844,92.12287139892578,16598300,0.0,0.0,0.0
2023-02-13,103.70999908447266,104.41999816894531,103.58000183105469,104.26000213623047,92.89805603027344,13134300,0.0,0.0,0.0
2023-02-14,104.19999694824219,104.83000183105469,103.13999938964844,104.0199966430664,92.6842041015625,15440300,0.0,0.0,0.0
2023-02-15,103.55000305175781,103.94999694824219,102.5,103.05000305175781,91.81991577148438,15246900,0.0,0.0,0.0
2023-02-16,102.06999969482422,102.22000122070312,101.33000183105469,101.58999633789062,90.51900482177734,19267300,0.0,0.0,0.0
2023-02-17,101.0999984741211,102.37999725341797,100.97000122070312,102.37999725341797,91.22293853759766,19560900,0.0,0.0,0.0
2023-02-21,101.01000213623047,101.19999694824219,100.27999877929688,100.38999938964844,89.44979858398438,22728000,0.0,0.0,0.0
2023-02-22,100.98999786376953,101.69000244140625,100.94999694824219,101.30999755859375,90.26954650878906,15165400,0.0,0.0,0.0
2023-02-23,101.54000091552734,102.58999633789062,101.47000122070312,102.30000305175781,91.15165710449219,15829100,0.0,0.0,0.0
2023-02-24,101.44000244140625,101.80000305175781,100.55999755859375,100.97000122070312,89.9665756225586,21403600,0.0,0.0,0.0
2023-02-27,101.29000091552734,101.69999694824219,100.91000366210938,101.25,90.216064453125,14209200,0.0,0.0,0.0
2023-02-28,100.56999969482422,101.72000122070312,100.27999877929688,101.70999908447266,90.62593841552734,14955700,0.0,0.0,0.0
2023-03-01,100.81999969482422,101.02999877929688,99.95999908447266,100.37000274658203,89.65232849121094,19000000,0.25,0.0,0.0
2023-03-02,99.05999755859375,99.6500015258789,98.87999725341797,99.4800033569336,88.85738372802734,23763600,0.0,0.0,0.0
2023-03-03,100.93000030517578,101.9000015258789,100.56999969482422,101.88999938964844,91.01005554199219,30877300,0.0,0.0,0.0
2023-03-06,102.22000122070312,102.33999633789062,100.98999786376953,101.0999984741211,90.30439758300781,16631900,0.0,0.0,0.0
2023-03-07,101.45999908447266,102.37000274658203,100.87999725341797,101.72000122070312,90.85816955566406,23096500,0.0,0.0,0.0
2023-03-08,102.4000015258789,102.97000122070312,101.41999816894531,101.81999969482422,90.94749450683594,20252400,0.0,0.0,0.0
2023-03-09,101.55000305175781,102.5199966430664,101.33000183105469,102.06999969482422,91.17080688476562,21550400,0.0,0.0,0.0
2023-03-10,104.02999877929688,105.69000244140625,104.0,105.58999633789062,94.31494903564453,43921500,0.0,0.0,0.0
2023-03-13,108.19999694824219,109.0999984741211,105.04000091552734,105.83000183105469,94.5293197631836,51502500,0.0,0.0,0.0
2023-03-14,105.13999938964844,105.61000061035156,103.75,104.08999633789062,92.97510528564453,38417800,0.0,0.0,0.0
2023-03-15,106.77999877929688,107.70999908447266,105.3499984741211,106.0999984741211,94.77049255371094,45164100,0.0,0.0,0.0
2023-03-16,107.37999725341797,108.02999877929688,105.04000091552734,105.2699966430664,94.02911376953125,43089300,0.0,0.0,0.0
2023-03-17,106.6500015258789,107.7300033569336,106.45999908447266,106.8499984741211,95.4404067993164,38129000,0.0,0.0,0.0
2023-03-20,106.87999725341797,106.95999908447266,105.72000122070312,105.91000366210938,94.60077667236328,24242800,0.0,0.0,0.0
2023-03-21,105.08000183105469,105.41999816894531,104.54000091552734,105.0,93.78794860839844,18934900,0.0,0.0,0.0
2023-03-22,104.66000366210938,106.44999694824219,104.44000244140625,106.4000015258789,95.03844451904297,26388500,0.0,0.0,0.0
2023-03-23,105.36000061035156,106.55000305175781,104.81999969482422,106.4000015258789,95.03844451904297,25475100,0.0,0.0,0.0
2023-03-24,107.08999633789062,107.43000030517578,106.26000213623047,106.8499984741211,95.4404067993164,23652700,0.0,0.0,0.0
2023-03-27,105.05000305175781,105.76000213623047,104.33000183105469,104.33999633789062,93.19839477539062,22224500,0.0,0.0,0.0
2023-03-28,104.23999786376953,104.68000030517578,104.0199966430664,104.52999877929688,93.36813354492188,17794300,0.0,0.0,0.0
2023-03-29,103.69999694824219,104.44999694824219,103.5999984741211,104.31999969482422,93.18055725097656,16804400,0.0,0.0,0.0
2023-03-30,104.45999908447266,105.05000305175781,104.2699966430664,104.80000305175781,93.60930633544922,14315800,0.0,0.0,0.0
2023-03-31,105.3499984741211,106.55999755859375,105.08000183105469,106.37000274658203,95.01165008544922,25396700,0.0,0.0,0.0
2023-04-03,105.87999725341797,107.0999984741211,105.69999694824219,106.5999984741211,95.45849609375,18234800,0.269,0.0,0.0
2023-04-04,105.77999877929688,107.80000305175781,105.75,107.12999725341797,95.93310546875,18052400,0.0,0.0,0.0
2023-04-05,107.7699966430664,108.37000274658203,107.41000366210938,108.25,96.93604278564453,23047700,0.0,0.0,0.0
2023-04-06,108.41999816894531,108.87000274658203,108.38999938964844,108.52999877929688,97.18678283691406,16447300,0.0,0.0,0.0
2023-04-10,107.63999938964844,107.76000213623047,106.55999755859375,106.77999877929688,95.61967468261719,19134400,0.0,0.0,0.0
2023-04-11,107.05000305175781,107.08999633789062,106.51000213623047,107.0,95.81670379638672,13971200,0.0,0.0,0.0
2023-04-12,107.05000305175781,107.16999816894531,105.87999725341797,106.88999938964844,95.71819305419922,20563000,0.0,0.0,0.0
2023-04-13,107.05000305175781,107.38999938964844,105.87999725341797,106.05000305175781,94.96600341796875,22079400,0.0,0.0,0.0
2023-04-14,105.38999938964844,105.55000305175781,104.7699966430664,105.08000183105469,94.09736633300781,19801900,0.0,0.0,0.0
2023-04-17,104.41999816894531,104.58999633789062,103.70999908447266,103.83000183105469,92.97798919677734,19528800,0.0,0.0,0.0
2023-04-18,103.80999755859375,104.58999633789062,103.80000305175781,104.19999694824219,93.30931091308594,15922600,0.0,0.0,0.0
2023-04-19,103.91000366210938,104.23999786376953,103.4800033569336,104.0999984741211,93.21978759765625,16093900,0.0,0.0,0.0
2023-04-20,104.83000183105469,105.27999877929688,104.75,104.98999786376953,94.01679229736328,16450100,0.0,0.0,0.0
2023-04-21,105.30000305175781,105.45999908447266,104.2699966430664,104.4000015258789,93.48845672607422,15244700,0.0,0.0,0.0
2023-04-24,104.95999908447266,105.48999786376953,104.83999633789062,105.41000366210938,94.39286804199219,17034300,0.0,0.0,0.0
2023-04-25,106.33000183105469,107.12999725341797,106.27999877929688,106.95999908447266,95.78087615966797,21899900,0.0,0.0,0.0
2023-04-26,106.79000091552734,107.23999786376953,105.66999816894531,105.81999969482422,94.76002502441406,19610400,0.0,0.0,0.0
2023-04-27,105.19999694824219,105.2699966430664,104.61000061035156,104.7699966430664,93.81977081298828,20247600,0.0,0.0,0.0
2023-04-28,106.20999908447266,106.76000213623047,105.86000061035156,106.45999908447266,95.33313751220703,26954100,0.0,0.0,0.0
2023-05-01,105.2699966430664,105.41999816894531,102.83999633789062,103.12999725341797,92.58423614501953,32487300,0.268,0.0,0.0
2023-05-02,104.0,105.69999694824219,103.88999938964844,105.69999694824219,94.89144134521484,30057800,0.0,0.0,0.0
2023-05-03,106.0,106.5999984741211,105.27999877929688,106.29000091552734,95.42110443115234,23656200,0.0,0.0,0.0
2023-05-04,105.22000122070312,106.44999694824219,105.1500015258789,105.23999786376953,94.47847747802734,25110500,0.0,0.0,0.0
2023-05-05,104.3499984741211,104.9000015258789,104.11000061035156,104.88999938964844,94.16426849365234,15096500,0.0,0.0,0.0
2023-05-08,103.5199966430664,103.87000274658203,103.31999969482422,103.41999816894531,92.8445816040039,20587000,0.0,0.0,0.0
2023-05-09,103.5,103.63999938964844,103.0,103.05000305175781,92.51242065429688,19182500,0.0,0.0,0.0
2023-05-10,103.66999816894531,104.23999786376953,103.63999938964844,104.05000305175781,93.41017150878906,22886800,0.0,0.0,0.0
2023-05-11,105.30000305175781,105.5199966430664,104.72000122070312,105.1500015258789,94.39767456054688,19147200,0.0,0.0,0.0
2023-05-12,105.05000305175781,105.25,104.25,104.2699966430664,93.60765075683594,14198500,0.0,0.0,0.0
2023-05-15,103.38999938964844,103.47000122070312,103.12000274658203,103.19000244140625,92.63809967041016,20085300,0.0,0.0,0.0
2023-05-16,102.4000015258789,102.9000015258789,102.11000061035156,102.87999725341797,92.35979461669922,29251700,0.0,0.0,0.0
2023-05-17,103.08000183105469,103.16000366210938,102.3499984741211,102.58000183105469,92.09046173095703,21340900,0.0,0.0,0.0
2023-05-18,102.19999694824219,102.26000213623047,101.75,101.81999969482422,91.40818786621094,25536600,0.0,0.0,0.0
2023-05-19,101.26000213623047,101.86000061035156,100.93000030517578,101.0999984741211,90.7618179321289,29038000,0.0,0.0,0.0
2023-05-22,101.25,101.70999908447266,100.66999816894531,100.73999786376953,90.43863677978516,20131100,0.0,0.0,0.0
2023-05-23,100.43000030517578,101.25,100.27999877929688,101.02999877929688,90.69898223876953,21749500,0.0,0.0,0.0
2023-05-24,101.27999877929688,101.36000061035156,100.52999877929688,100.52999877929688,90.2501220703125,18473400,0.0,0.0,0.0
2023-05-25,100.69999694824219,100.80000305175781,100.02999877929688,100.27999877929688,90.0256576538086,22492800,0.0,0.0,0.0
2023-05-26,100.12000274658203,101.16999816894531,100.0,101.08999633789062,90.7528305053711,17030300,0.0,0.0,0.0
2023-05-30,101.4000015258789,102.23999786376953,101.25,102.0999984741211,91.65957641601562,23125200,0.0,0.0,0.0
2023-05-31,101.98999786376953,103.18000030517578,101.87000274658203,102.98999786376953,92.45853424072266,23787000,0.0,0.0,0.0
2023-06-01,103.27999877929688,103.62999725341797,102.62999725341797,103.12000274658203,92.82130432128906,21040400,0.273,0.0,0.0
2023-06-02,103.0,103.06999969482422,101.94000244140625,101.98999786376953,91.80416107177734,19136500,0.0,0.0,0.0
2023-06-05,101.3499984741211,102.44000244140625,101.20999908447266,101.80000305175781,91.63313293457031,14433200,0.0,0.0,0.0
2023-06-06,101.83999633789062,102.47000122070312,101.38999938964844,102.4000015258789,92.1732177734375,14332100,0.0,0.0,0.0
2023-06-07,102.16999816894531,102.43000030517578,100.77999877929688,100.87999725341797,90.8050308227539,25251100,0.0,0.0,0.0
2023-06-08,100.87000274658203,102.13999938964844,100.80000305175781,102.05999755859375,91.86717987060547,23845100,0.0,0.0,0.0
2023-06-09,101.5999984741211,102.2699966430664,101.33999633789062,101.91999816894531,91.74113464355469,22147400,0.0,0.0,0.0
2023-06-12,102.23999786376953,102.30000305175781,101.12000274658203,102.22000122070312,92.01118469238281,19010300,0.0,0.0,0.0
2023-06-13,102.11000061035156,102.33000183105469,100.97000122070312,101.20999908447266,91.1020736694336,25910800,0.0,0.0,0.0
2023-06-14,101.62999725341797,102.29000091552734,101.45999908447266,102.0199966430664,91.8311767578125,29094200,0.0,0.0,0.0
2023-06-15,103.02999877929688,103.62999725341797,102.5999984741211,103.0,92.71328735351562,25732000,0.0,0.0,0.0
2023-06-16,102.44000244140625,102.83000183105469,102.02999877929688,102.5999984741211,92.35325622558594,16759100,0.0,0.0,0.0
2023-06-20,103.11000061035156,103.66000366210938,103.11000061035156,103.30999755859375,92.99231719970703,17162900,0.0,0.0,0.0
2023-06-21,102.80999755859375,103.6500015258789,102.33999633789062,103.55999755859375,93.21735382080078,19720100,0.0,0.0,0.0
2023-06-22,102.80000305175781,103.25,102.19999694824219,102.30999755859375,92.09221649169922,23630700,0.0,0.0,0.0
2023-06-23,103.83000183105469,103.94999694824219,102.9800033569336,103.33000183105469,93.01033020019531,22901900,0.0,0.0,0.0
2023-06-26,103.62000274658203,103.80000305175781,103.16000366210938,103.44000244140625,93.1093521118164,12894900,0.0,0.0,0.0
2023-06-27,103.58999633789062,103.94999694824219,102.76000213623047,103.16999816894531,92.86631774902344,18105700,0.0,0.0,0.0
2023-06-28,103.41000366210938,103.83999633789062,102.83000183105469,103.61000061035156,93.26238250732422,23826800,0.0,0.0,0.0
2023-06-29,102.16999816894531,102.33999633789062,101.44999694824219,101.73999786376953,91.57914733886719,41091600,0.0,0.0,0.0
2023-06-30,102.05999755859375,103.05999755859375,101.87000274658203,102.94000244140625,92.65929412841797,32024900,0.0,0.0,0.0
2023-07-03,102.83999633789062,103.26000213623047,102.05999755859375,102.08000183105469,92.13398742675781,16011800,0.278,0.0,0.0
2023-07-05,101.88999938964844,102.0,100.73999786376953,101.11000061035156,91.25849914550781,28170300,0.0,0.0,0.0
2023-07-06,100.19999694824219,100.37999725341797,99.47000122070312,99.68000030517578,89.96783447265625,41375700,0.0,0.0,0.0
2023-07-07,99.18000030517578,99.5999984741211,98.98999786376953,99.08000183105469,89.4262924194336,28996500,0.0,0.0,0.0
2023-07-10,98.86000061035156,99.52999877929688,98.8499984741211,99.20999908447266,89.54363250732422,24665200,0.0,0.0,0.0
2023-07-11,99.56999969482422,99.97000122070312,99.29000091552734,99.72000122070312,90.00394439697266,20485500,0.0,0.0,0.0
2023-07-12,100.0999984741211,101.12000274658203,99.7699966430664,100.83000183105469,91.00579071044922,31928000,0.0,0.0,0.0
2023-07-13,101.30999755859375,101.97000122070312,101.02999877929688,101.88999938964844,91.96250915527344,32441500,0.0,0.0,0.0
2023-07-14,101.72000122070312,101.94000244140625,101.23999786376953,101.29000091552734,91.42098236083984,18569000,0.0,0.0,0.0
2023-07-17,101.2300033569336,101.48999786376953,100.91999816894531,101.33999633789062,91.46609497070312,18822000,0.0,0.0,0.0
2023-07-18,101.80000305175781,102.06999969482422,101.56999969482422,101.80000305175781,91.88127136230469,15407400,0.0,0.0,0.0
2023-07-19,102.0,102.9800033569336,101.7300033569336,102.94999694824219,92.91923522949219,27192500,0.0,0.0,0.0
2023-07-20,102.22000122070312,102.30999755859375,101.27999877929688,101.69999694824219,91.79100036621094,56951200,0.0,0.0,0.0
2023-07-21,102.16000366210938,102.3499984741211,101.62999725341797,101.7300033569336,91.8180923461914,20657500,0.0,0.0,0.0
2023-07-24,101.98999786376953,102.1500015258789,101.30000305175781,101.36000061035156,91.484130859375,17546700,0.0,0.0,0.0
2023-07-25,100.83000183105469,101.5,100.80000305175781,101.16999816894531,91.31266021728516,17160600,0.0,0.0,0.0
2023-07-26,101.68000030517578,101.69000244140625,100.93000030517578,101.2699966430664,91.40290069580078,19310700,0.0,0.0,0.0
2023-07-27,100.70999908447266,100.93000030517578,98.91000366210938,99.30000305175781,89.62487030029297,44794400,0.0,0.0,0.0
2023-07-28,99.4000015258789,99.86000061035156,99.1500015258789,99.80999755859375,90.08517456054688,27434000,0.0,0.0,0.0
2023-07-31,99.6500015258789,100.33000183105469,99.62000274658203,100.05000305175781,90.30179595947266,28663800,0.0,0.0,0.0
2023-08-01,98.83999633789062,98.91999816894531,97.9000015258789,98.13999938964844,88.822021484375,34943400,0.275,0.0,0.0
2023-08-02,97.04000091552734,97.23999786376953,96.41000366210938,97.08999633789062,87.8717269897461,38121300,0.0,0.0,0.0
2023-08-03,95.19000244140625,95.31999969482422,94.54000091552734,94.8499984741211,85.84439849853516,59394800,0.0,0.0,0.0
2023-08-04,95.1500015258789,96.68000030517578,95.12999725341797,96.52999877929688,87.36488342285156,42071800,0.0,0.0,0.0
2023-08-07,96.11000061035156,96.19999694824219,95.5,95.58000183105469,86.50508117675781,35862900,0.0,0.0,0.0
2023-08-08,96.86000061035156,97.37000274658203,96.44000244140625,96.69000244140625,87.50970458984375,24010500,0.0,0.0,0.0
2023-08-09,96.87999725341797,97.29000091552734,96.83999633789062,97.19000244140625,87.96221160888672,20151100,0.0,0.0,0.0
2023-08-10,97.04000091552734,97.36000061035156,95.58999633789062,95.58999633789062,86.51411437988281,37253200,0.0,0.0,0.0
2023-08-11,95.30000305175781,95.87000274658203,95.19999694824219,95.37000274658203,86.31501007080078,26753500,0.0,0.0,0.0
2023-08-14,95.20999908447266,95.93000030517578,94.9000015258789,95.16000366210938,86.12496948242188,19072000,0.0,0.0,0.0
2023-08-15,94.80000305175781,95.19999694824219,94.55999755859375,94.58000183105469,85.60002136230469,24125000,0.0,0.0,0.0
2023-08-16,94.27999877929688,94.79000091552734,93.72000122070312,93.83999633789062,84.9302978515625,23076700,0.0,0.0,0.0
2023-08-17,93.5,93.61000061035156,93.0199966430664,93.44000244140625,84.56827545166016,32244900,0.0,0.0,0.0
2023-08-18,93.43000030517578,94.19000244140625,93.30000305175781,93.7699966430664,84.86692810058594,24181700,0.0,0.0,0.0
2023-08-21,92.66000366210938,92.76000213623047,92.2300033569336,92.5199966430664,83.73560333251953,29254100,0.0,0.0,0.0
2023-08-22,92.63999938964844,93.27999877929688,92.45999908447266,93.2300033569336,84.37820434570312,21308700,0.0,0.0,0.0
2023-08-23,94.30000305175781,95.55000305175781,94.2300033569336,95.54000091552734,86.46887969970703,38294700,0.0,0.0,0.0
2023-08-24,95.12999725341797,95.55000305175781,94.88999938964844,94.91000366210938,85.8987045288086,22300800,0.0,0.0,0.0
2023-08-25,94.66000366210938,95.51000213623047,94.51000213623047,95.22000122070312,86.17927551269531,23865200,0.0,0.0,0.0
2023-08-28,95.6500015258789,95.66000366210938,94.88999938964844,95.31999969482422,86.26979064941406,16037300,0.0,0.0,0.0
2023-08-29,94.97000122070312,96.51000213623047,94.94000244140625,96.30999755859375,87.16577911376953,28478100,0.0,0.0,0.0
2023-08-30,96.16000366210938,96.4000015258789,95.87999725341797,96.20999908447266,87.07527160644531,17550100,0.0,0.0,0.0
2023-08-31,96.54000091552734,97.05000305175781,96.43000030517578,96.63999938964844,87.46444702148438,26959700,0.0,0.0,0.0
2023-09-01,95.80000305175781,95.81999969482422,94.62000274658203,94.8499984741211,86.10189056396484,32469700,0.289,0.0,0.0
2023-09-05,94.27999877929688,94.29000091552734,93.48999786376953,93.5199966430664,84.89454650878906,29435900,0.0,0.0,0.0
2023-09-06,94.08999633789062,94.11000061035156,93.45999908447266,93.75,85.10334014892578,23636300,0.0,0.0,0.0
2023-09-07,94.0,94.06999969482422,93.68000030517578,94.01000213623047,85.33934020996094,18091500,0.0,0.0,0.0
2023-09-08,94.37999725341797,94.9000015258789,94.16999816894531,94.37000274658203,85.6661605834961,17052100,0.0,0.0,0.0
2023-09-11,93.69999694824219,93.9800033569336,93.55000305175781,93.69000244140625,85.04888153076172,17061500,0.0,0.0,0.0
2023-09-12,93.88999938964844,94.23999786376953,93.58000183105469,94.2300033569336,85.5390625,20034300,0.0,0.0,0.0
2023-09-13,93.91999816894531,94.52999877929688,93.81999969482422,94.20999908447266,85.52090454101562,23332300,0.0,0.0,0.0
2023-09-14,93.94000244140625,94.20999908447266,93.4000015258789,93.52999877929688,84.90361785888672,27800600,0.0,0.0,0.0
2023-09-15,93.45999908447266,93.4800033569336,92.95999908447266,92.95999908447266,84.3862075805664,25642900,0.0,0.0,0.0
2023-09-18,92.8499984741211,93.52999877929688,92.81999969482422,93.48999786376953,84.86729431152344,17963400,0.0,0.0,0.0
2023-09-19,93.08000183105469,93.43000030517578,92.80000305175781,92.80000305175781,84.24097442626953,24941800,0.0,0.0,0.0
2023-09-20,93.29000091552734,93.5999984741211,93.04000091552734,93.08999633789062,84.50420379638672,29451200,0.0,0.0,0.0
2023-09-21,91.29000091552734,91.37000274658203,90.69000244140625,90.69999694824219,82.33464813232422,59958700,0.0,0.0,0.0
2023-09-22,90.80999755859375,91.61000061035156,90.66999816894531,91.43000030517578,82.99732208251953,29524500,0.0,0.0,0.0
2023-09-25,89.66000366210938,90.04000091552734,89.1500015258789,89.18000030517578,80.95482635498047,45587900,0.0,0.0,0.0
2023-09-26,89.43000030517578,89.62000274658203,88.70999908447266,88.87000274658203,80.67340850830078,38104100,0.0,0.0,0.0
2023-09-27,89.54000091552734,89.62000274658203,88.08999633789062,88.41000366210938,80.25587463378906,47111200,0.0,0.0,0.0
2023-09-28,87.62000274658203,88.7300033569336,87.0999984741211,88.68000030517578,80.50093841552734,60238000,0.0,0.0,0.0
2023-09-29,89.2699966430664,89.48999786376953,88.12999725341797,88.69000244140625,80.51001739501953,49010100,0.0,0.0,0.0
2023-10-02,87.81999969482422,87.93000030517578,86.70999908447266,86.93000030517578,79.16227722167969,44704300,0.28,0.0,0.0
2023-10-03,86.30999755859375,86.6500015258789,84.88999938964844,85.05999755859375,77.45935821533203,71362600,0.0,0.0,0.0
2023-10-04,85.7699966430664,86.30999755859375,85.37000274658203,86.26000213623047,78.55211639404297,56281600,0.0,0.0,0.0
2023-10-05,86.11000061035156,86.19000244140625,85.63999938964844,85.83000183105469,78.16056060791016,35758800,0.0,0.0,0.0
2023-10-06,84.19999694824219,85.69000244140625,84.05999755859375,84.79000091552734,77.2135238647461,62787900,0.0,0.0,0.0
2023-10-09,85.5,86.80000305175781,84.94999694824219,86.77999877929688,79.02566528320312,29424900,0.0,0.0,0.0
2023-10-10,85.8499984741211,87.16999816894531,85.5199966430664,86.66000366210938,78.91639709472656,54743900,0.0,0.0,0.0
2023-10-11,87.8499984741211,88.47000122070312,87.5999984741211,88.47000122070312,80.56466674804688,58517700,0.0,0.0,0.0
2023-10-12,88.05000305175781,88.19000244140625,85.93000030517578,86.06999969482422,78.37911987304688,66986700,0.0,0.0,0.0
2023-10-13,87.5999984741211,87.83000183105469,87.16999816894531,87.61000061035156,79.78150177001953,44183800,0.0,0.0,0.0
2023-10-16,86.19000244140625,86.37000274658203,85.9000015258789,86.19999694824219,78.49750518798828,38309800,0.0,0.0,0.0
2023-10-17,84.88999938964844,85.62999725341797,84.5,85.25,77.63237762451172,52949100,0.0,0.0,0.0
2023-10-18,84.37999725341797,84.72000122070312,83.8499984741211,84.5,76.94941711425781,63724600,0.0,0.0,0.0
2023-10-19,83.87999725341797,84.56999969482422,82.73999786376953,82.7699966430664,75.37398529052734,87696900,0.0,0.0,0.0
2023-10-20,82.98999786376953,83.54000091552734,82.7699966430664,83.23999786376953,75.8019790649414,52188800,0.0,0.0,0.0
2023-10-23,82.80999755859375,84.86000061035156,82.41999816894531,84.23999786376953,76.7126235961914,70890400,0.0,0.0,0.0
2023-10-24,84.44000244140625,85.3499984741211,84.08999633789062,85.3499984741211,77.72346496582031,46267700,0.0,0.0,0.0
2023-10-25,84.0199966430664,84.12999725341797,83.12999725341797,83.44999694824219,75.99324798583984,60737200,0.0,0.0,0.0
2023-10-26,83.4800033569336,84.81999969482422,83.4000015258789,84.7300033569336,77.15884399414062,49704100,0.0,0.0,0.0
2023-10-27,84.19000244140625,84.97000122070312,83.73999786376953,84.37000274658203,76.83101654052734,32362300,0.0,0.0,0.0
2023-10-30,83.80999755859375,84.5,83.23999786376953,83.98999786376953,76.48497009277344,45026900,0.0,0.0,0.0
2023-10-31,84.37000274658203,84.7699966430664,83.55000305175781,83.58000183105469,76.11161041259766,37269200,0.0,0.0,0.0
2023-11-01,84.04000091552734,85.12000274658203,84.0199966430664,85.0999984741211,77.76187896728516,72308500,0.286,0.0,0.0
2023-11-02,86.68000030517578,87.30999755859375,86.22000122070312,87.04000091552734,79.53461456298828,69739400,0.0,0.0,0.0
2023-11-03,88.80999755859375,89.05000305175781,87.58000183105469,87.62999725341797,80.07371520996094,77692300,0.0,0.0,0.0
2023-11-06,87.06999969482422,87.19999694824219,86.5999984741211,86.77999877929688,79.29701232910156,41341900,0.0,0.0,0.0
2023-11-07,87.61000061035156,88.5,87.58999633789062,88.05999755859375,80.46664428710938,37834200,0.0,0.0,0.0
2023-11-08,88.4800033569336,89.62000274658203,88.44999694824219,89.55999755859375,81.83728790283203,53893400,0.0,0.0,0.0
2023-11-09,88.94000244140625,89.02999877929688,86.73999786376953,87.5,79.95494079589844,88975100,0.0,0.0,0.0
2023-11-10,88.2300033569336,88.43000030517578,87.7699966430664,87.98999786376953,80.40270233154297,36516400,0.0,0.0,0.0
2023-11-13,87.22000122070312,87.94000244140625,86.9000015258789,87.79000091552734,80.21993255615234,25661500,0.0,0.0,0.0
2023-11-14,90.0,90.1500015258789,89.29000091552734,89.77999877929688,82.038330078125,65666800,0.0,0.0,0.0
2023-11-15,89.01000213623047,89.13999938964844,88.30999755859375,88.5199966430664,80.88697814941406,56205300,0.0,0.0,0.0
2023-11-16,89.30000305175781,89.95999908447266,89.25,89.62000274658203,81.89214324951172,49473900,0.0,0.0,0.0
2023-11-17,90.16000366210938,90.43000030517578,89.63999938964844,90.04000091552734,82.27591705322266,44091400,0.0,0.0,0.0
2023-11-20,89.62000274658203,90.66000366210938,89.61000061035156,90.58999633789062,82.77848052978516,40477800,0.0,0.0,0.0
2023-11-21,90.5,90.80000305175781,89.88999938964844,90.55000305175781,82.741943359375,27721000,0.0,0.0,0.0
2023-11-22,91.12000274658203,91.31999969482422,90.37999725341797,90.87000274658203,83.0343246459961,31197500,0.0,0.0,0.0
2023-11-24,90.0999984741211,90.26000213623047,89.79000091552734,89.80000305175781,82.05661010742188,20199600,0.0,0.0,0.0
2023-11-27,90.30000305175781,91.33999633789062,90.20999908447266,91.30000305175781,83.42726135253906,39804400,0.0,0.0,0.0
2023-11-28,90.91000366210938,91.52999877929688,90.79000091552734,91.4800033569336,83.59174346923828,44989300,0.0,0.0,0.0
2023-11-29,92.11000061035156,92.69999694824219,91.77999877929688,92.62999725341797,84.64256286621094,61647800,0.0,0.0,0.0
2023-11-30,91.97000122070312,92.29000091552734,91.16000366210938,91.55999755859375,83.66481018066406,60520900,0.0,0.0,0.0
2023-12-01,91.30999755859375,93.05999755859375,91.12999725341797,92.98999786376953,85.24056243896484,64172200,0.289,0.0,0.0
2023-12-04,92.48999786376953,92.83000183105469,92.08999633789062,92.62000274658203,84.90143585205078,33766300,0.0,0.0,0.0
2023-12-05,93.62999725341797,94.62000274658203,93.56999969482422,94.61000061035156,86.72560119628906,73588600,0.0,0.0,0.0
2023-12-06,95.08000183105469,96.05000305175781,94.87000274658203,95.87000274658203,87.88056945800781,61606100,0.0,0.0,0.0
2023-12-07,95.18000030517578,96.08000183105469,95.05999755859375,95.31999969482422,87.37640380859375,47970200,0.0,0.0,0.0
2023-12-08,94.41999816894531,94.72000122070312,93.91000366210938,94.54000091552734,86.66141510009766,44809200,0.0,0.0,0.0
2023-12-11,94.01000213623047,94.44000244140625,93.52999877929688,94.33999633789062,86.47807312011719,33909700,0.0,0.0,0.0
2023-12-12,94.1500015258789,94.69999694824219,93.9000015258789,94.62000274658203,86.73475646972656,36996900,0.0,0.0,0.0
2023-12-13,95.16999816894531,96.9800033569336,95.0199966430664,96.83999633789062,88.76973724365234,70828500,0.0,0.0,0.0
2023-12-14,97.66000366210938,99.04000091552734,97.41999816894531,99.04000091552734,91.07890319824219,87798600,0.311,0.0,0.0
2023-12-15,98.69000244140625,99.3499984741211,98.58000183105469,99.1500015258789,91.18006134033203,59941300,0.0,0.0,0.0
2023-12-18,98.5,98.5,98.0199966430664,98.36000061035156,90.45355987548828,34746000,0.0,0.0,0.0
2023-12-19,98.86000061035156,99.26000213623047,98.66000366210938,98.88999938964844,90.94096374511719,30018400,0.0,0.0,0.0
2023-12-20,99.11000061035156,99.69000244140625,98.58000183105469,99.55999755859375,91.5571060180664,51229400,0.0,0.0,0.0
2023-12-21,99.73999786376953,99.83999633789062,98.75,98.93000030517578,90.97772979736328,65231200,0.0,0.0,0.0
2023-12-22,99.37999725341797,99.37999725341797,98.23999786376953,98.4800033569336,90.56393432617188,29244200,0.0,0.0,0.0
2023-12-26,98.54000091552734,98.87000274658203,98.4800033569336,98.76000213623047,90.8214111328125,24019700,0.0,0.0,0.0
2023-12-27,99.77999877929688,100.52999877929688,99.5,100.51000213623047,92.43074035644531,45082800,0.0,0.0,0.0
2023-12-28,100.08999633789062,100.56999969482422,99.55999755859375,99.77999877929688,91.75944519042969,36213000,0.0,0.0,0.0
2023-12-29,99.12999725341797,99.81999969482422,98.80000305175781,98.87999725341797,90.93175506591797,41616200,0.0,0.0,0.0
2024-01-02,98.2300033569336,98.6500015258789,98.0,98.30999755859375,90.40758514404297,47797400,0.0,0.0,0.0
2024-01-03,97.37999725341797,98.8499984741211,97.1500015258789,98.72000122070312,90.78462219238281,58159500,0.0,0.0,0.0
2024-01-04,97.41999816894531,97.63999938964844,97.06999969482422,97.22000122070312,89.40521240234375,52604500,0.0,0.0,0.0
2024-01-05,96.5,97.68000030517578,96.20999908447266,96.29000091552734,88.54996490478516,45894800,0.0,0.0,0.0
2024-01-08,96.2300033569336,97.37999725341797,96.08999633789062,97.23999786376953,89.4236068725586,39485800,0.0,0.0,0.0
2024-01-09,96.63999938964844,97.16999816894531,96.58999633789062,96.62000274658203,88.85342407226562,34374000,0.0,0.0,0.0
2024-01-10,96.91999816894531,97.05000305175781,96.12000274658203,96.16999816894531,88.43959045410156,48227800,0.0,0.0,0.0
2024-01-11,96.16999816894531,96.83000183105469,95.70999908447266,96.70999908447266,88.93619537353516,78858900,0.0,0.0,0.0
2024-01-12,96.77999877929688,97.2699966430664,96.2699966430664,96.5199966430664,88.76145935058594,38883900,0.0,0.0,0.0
2024-01-16,95.62000274658203,95.79000091552734,94.51000213623047,94.81999969482422,87.1981201171875,61716700,0.0,0.0,0.0
2024-01-17,94.5999984741211,95.0,94.16000366210938,94.66999816894531,87.06017303466797,55506800,0.0,0.0,0.0
2024-01-18,94.45999908447266,94.58000183105469,93.51000213623047,93.79000091552734,86.25091552734375,77339100,0.0,0.0,0.0
2024-01-19,93.70999908447266,94.16999816894531,93.26000213623047,94.08999633789062,86.52678680419922,47030900,0.0,0.0,0.0
2024-01-22,94.81999969482422,95.08000183105469,94.38999938964844,94.6500015258789,87.04177856445312,35756400,0.0,0.0,0.0
2024-01-23,93.88999938964844,93.98999786376953,93.43000030517578,93.9000015258789,86.35208892822266,35786700,0.0,0.0,0.0
2024-01-24,94.51000213623047,94.54000091552734,93.0999984741211,93.3499984741211,85.84628295898438,54574900,0.0,0.0,0.0
2024-01-25,94.0,94.22000122070312,93.56999969482422,93.95999908447266,86.4072494506836,57019400,0.0,0.0,0.0
2024-01-26,93.93000030517578,94.06999969482422,93.48999786376953,93.77999877929688,86.2417221069336,29276900,0.0,0.0,0.0
2024-01-29,94.30999755859375,95.16999816894531,94.12000274658203,94.86000061035156,87.23490142822266,38243600,0.0,0.0,0.0
2024-01-30,95.4800033569336,95.83999633789062,94.73999786376953,95.72000122070312,88.0257797241211,40151400,0.0,0.0,0.0
2024-01-31,96.22000122070312,96.91000366210938,96.0,96.66000366210938,88.89022064208984,80646700,0.0,0.0,0.0
2024-02-01,97.41999816894531,98.66999816894531,97.19000244140625,98.23999786376953,90.63388061523438,84291200,0.31,0.0,0.0
2024-02-02,96.2699966430664,96.62000274658203,95.69000244140625,96.06999969482422,88.63187408447266,63823300,0.0,0.0,0.0
2024-02-05,94.62999725341797,94.8499984741211,94.0199966430664,94.12999725341797,86.84208679199219,53827400,0.0,0.0,0.0
2024-02-06,94.23999786376953,95.1500015258789,94.20999908447266,95.05000305175781,87.69085693359375,33411500,0.0,0.0,0.0
2024-02-07,94.56999969482422,95.2300033569336,94.5199966430664,94.58999633789062,87.26646423339844,40120200,0.0,0.0,0.0
2024-02-08,94.0199966430664,94.30000305175781,93.66000366210938,94.04000091552734,86.75907897949219,50087700,0.0,0.0,0.0
2024-02-09,93.76000213623047,94.01000213623047,93.66000366210938,93.8499984741211,86.58379364013672,27951300,0.0,0.0,0.0
2024-02-12,93.9000015258789,94.13999938964844,93.5,93.95999908447266,86.68527221679688,27890300,0.0,0.0,0.0
2024-02-13,92.86000061035156,93.05999755859375,92.33000183105469,92.3499984741211,85.19990539550781,49768500,0.0,0.0,0.0
2024-02-14,92.30000305175781,93.05000305175781,92.2300033569336,92.81999969482422,85.6335220336914,44191600,0.0,0.0,0.0
2024-02-15,93.55999755859375,93.72000122070312,93.0,93.30000305175781,86.07635498046875,49598500,0.0,0.0,0.0
2024-02-16,92.4800033569336,92.8499984741211,92.33999633789062,92.76000213623047,85.57816314697266,33116800,0.0,0.0,0.0
2024-02-20,92.79000091552734,93.19000244140625,92.72000122070312,92.83999633789062,85.65196990966797,24469300,0.0,0.0,0.0
2024-02-21,92.83000183105469,92.9000015258789,92.01000213623047,92.18000030517578,85.04308319091797,36343100,0.0,0.0,0.0
2024-02-22,92.33000183105469,92.76000213623047,92.2699966430664,92.62999725341797,85.45823669433594,45190700,0.0,0.0,0.0
2024-02-23,92.75,94.0,92.75,93.87000274658203,86.60223388671875,38406700,0.0,0.0,0.0
2024-02-26,94.0,94.02999877929688,93.19000244140625,93.58999633789062,86.34390258789062,27855000,0.0,0.0,0.0
2024-02-27,93.23999786376953,93.47000122070312,92.8499984741211,92.93000030517578,85.7350082397461,30242000,0.0,0.0,0.0
2024-02-28,93.08000183105469,93.5999984741211,92.9000015258789,93.5199966430664,86.27931213378906,34574200,0.0,0.0,0.0
2024-02-29,93.81999969482422,94.30000305175781,93.77999877929688,94.18000030517578,86.88821411132812,51038600,0.0,0.0,0.0
2024-03-01,93.44000244140625,94.51000213623047,93.01000213623047,94.47000122070312,87.42962646484375,45832800,0.295,0.0,0.0
2024-03-04,93.69999694824219,94.16000366210938,93.68000030517578,94.08999633789062,87.07794952392578,23864200,0.0,0.0,0.0
2024-03-05,95.2300033569336,95.68000030517578,94.97000122070312,95.43000030517578,88.31809997558594,37721900,0.0,0.0,0.0
2024-03-06,95.48999786376953,96.16999816894531,95.41000366210938,95.98999786376953,88.83634948730469,40571600,0.0,0.0,0.0
2024-03-07,96.36000061035156,96.4000015258789,95.4800033569336,95.9000015258789,88.75306701660156,39075000,0.0,0.0,0.0
2024-03-08,95.80000305175781,96.05000305175781,95.4800033569336,95.7300033569336,88.5957260131836,25023200,0.0,0.0,0.0
2024-03-11,95.95999908447266,96.01000213623047,95.37000274658203,95.68000030517578,88.54945373535156,17787900,0.0,0.0,0.0
2024-03-12,95.04000091552734,95.20999908447266,94.69000244140625,94.87999725341797,87.80907440185547,29566000,0.0,0.0,0.0
2024-03-13,94.5,94.73999786376953,94.20999908447266,94.41999816894531,87.38333129882812,38270100,0.0,0.0,0.0
2024-03-14,93.7300033569336,93.75,92.86000061035156,92.97000122070312,86.04142761230469,58365600,0.0,0.0,0.0
2024-03-15,93.05999755859375,93.19000244140625,92.79000091552734,92.94000244140625,86.01363372802734,34997700,0.0,0.0,0.0
2024-03-18,92.7300033569336,92.98999786376953,92.5,92.66000366210938,85.7545166015625,29519500,0.0,0.0,0.0
2024-03-19,92.8499984741211,93.2699966430664,92.69000244140625,92.91999816894531,85.99514770507812,26953100,0.0,0.0,0.0
2024-03-20,93.0999984741211,93.79000091552734,92.29000091552734,92.88999938964844,85.9673843383789,43460100,0.0,0.0,0.0
2024-03-21,93.2699966430664,93.43000030517578,92.7300033569336,93.08999633789062,86.1524658203125,34276600,0.0,0.0,0.0
2024-03-22,94.19000244140625,94.20999908447266,93.77999877929688,93.9800033569336,86.97614288330078,30262300,0.0,0.0,0.0
2024-03-25,93.70999908447266,93.75,93.30000305175781,93.51000213623047,86.54116821289062,24011800,0.0,0.0,0.0
2024-03-26,93.51000213623047,93.87000274658203,93.27999877929688,93.7699966430664,86.78178405761719,34423000,0.0,0.0,0.0
2024-03-27,93.98999786376953,94.69999694824219,93.94000244140625,94.69999694824219,87.64248657226562,50157800,0.0,0.0,0.0
2024-03-28,94.48999786376953,95.0199966430664,94.31999969482422,94.62000274658203,87.56846618652344,34540400,0.0,0.0,0.0
2024-04-01,93.29000091552734,93.30000305175781,92.45999908447266,92.55000305175781,85.93608093261719,48945400,0.312,0.0,0.0
2024-04-02,91.56999969482422,92.19999694824219,91.33999633789062,92.04000091552734,85.4625473022461,43086300,0.0,0.0,0.0
2024-04-03,91.26000213623047,92.05000305175781,91.05000305175781,92.0199966430664,85.4439468383789,45494400,0.0,0.0,0.0
2024-04-04,92.62999725341797,92.76000213623047,92.04000091552734,92.68000030517578,86.05680084228516,47957400,0.0,0.0,0.0
2024-04-05,91.69000244140625,92.18000030517578,91.37999725341797,91.38999938964844,84.85897064208984,42495900,0.0,0.0,0.0
2024-04-08,91.2300033569336,91.58999633789062,91.12999725341797,91.37999725341797,84.84969329833984,37879800,0.0,0.0,0.0
2024-04-09,91.87000274658203,92.36000061035156,91.83999633789062,92.2300033569336,85.63895416259766,32522000,0.0,0.0,0.0
2024-04-10,91.19999694824219,91.30000305175781,90.05000305175781,90.22000122070312,83.77259063720703,74368900,0.0,0.0,0.0
2024-04-11,90.37999725341797,90.44000244140625,89.51000213623047,89.80999755859375,83.39189147949219,65751200,0.0,0.0,0.0
2024-04-12,90.63999938964844,90.94999694824219,90.27999877929688,90.29000091552734,83.83758544921875,47900100,0.0,0.0,0.0
2024-04-15,89.22000122070312,89.26000213623047,88.5199966430664,88.88999938964844,82.53762817382812,55993100,0.0,0.0,0.0
2024-04-16,88.05000305175781,88.58000183105469,87.79000091552734,88.30000305175781,81.98979187011719,45103200,0.0,0.0,0.0
2024-04-17,88.87000274658203,89.37999725341797,88.45999908447266,89.27999877929688,82.89977264404297,57947000,0.0,0.0,0.0
2024-04-18,89.23999786376953,89.2699966430664,88.58999633789062,88.83000183105469,82.48194122314453,43839500,0.0,0.0,0.0
2024-04-19,89.38999938964844,89.38999938964844,88.91000366210938,89.1500015258789,82.779052734375,44826800,0.0,0.0,0.0
2024-04-22,88.68000030517578,89.12000274658203,88.6500015258789,89.0,82.63976287841797,24969000,0.0,0.0,0.0
2024-04-23,88.7300033569336,89.54000091552734,88.55000305175781,89.02999877929688,82.66764068603516,27222700,0.0,0.0,0.0
2024-04-24,88.55999755859375,88.62999725341797,87.5,88.4000015258789,82.08264923095703,48986800,0.0,0.0,0.0
2024-04-25,87.45999908447266,87.9000015258789,87.33999633789062,87.77999877929688,81.50695037841797,49282600,0.0,0.0,0.0
2024-04-26,88.25,88.61000061035156,88.05000305175781,88.23999786376953,81.93409729003906,31589800,0.0,0.0,0.0
2024-04-29,88.66000366210938,89.0199966430664,88.4800033569336,88.9800033569336,82.62120819091797,39228600,0.0,0.0,0.0
2024-04-30,88.41999816894531,88.7300033569336,88.0999984741211,88.22000122070312,81.9155044555664,41054700,0.0,0.0,0.0
2024-05-01,88.5999984741211,89.20999908447266,88.23999786376953,88.55999755859375,82.51932525634766,59679500,0.308,0.0,0.0
2024-05-02,88.20999908447266,89.01000213623047,88.02999877929688,88.94000244140625,82.87340545654297,58925400,0.0,0.0,0.0
2024-05-03,89.93000030517578,90.12000274658203,89.2699966430664,89.83999633789062,83.71200561523438,50066100,0.0,0.0,0.0
2024-05-06,89.87000274658203,90.25,89.66999816894531,90.19000244140625,84.03813934326172,23868200,0.0,0.0,0.0
2024-05-07,90.9000015258789,91.23999786376953,90.61000061035156,90.73999786376953,84.55062103271484,30525800,0.0,0.0,0.0
2024-05-08,90.30999755859375,90.45999908447266,90.16000366210938,90.19000244140625,84.03813934326172,31171700,0.0,0.0,0.0
2024-05-09,89.87000274658203,90.7699966430664,89.81999969482422,90.62999725341797,84.4481201171875,39606700,0.0,0.0,0.0
2024-05-10,90.27999877929688,90.37999725341797,89.95999908447266,90.12000274658203,83.97291564941406,21913800,0.0,0.0,0.0
2024-05-13,90.55000305175781,90.61000061035156,90.30999755859375,90.3499984741211,84.18722534179688,23157500,0.0,0.0,0.0
2024-05-14,90.6500015258789,90.91999816894531,90.41999816894531,90.86000061035156,84.66242218017578,25746400,0.0,0.0,0.0
2024-05-15,91.87000274658203,92.26000213623047,91.62999725341797,92.0999984741211,85.81783294677734,65142900,0.0,0.0,0.0
2024-05-16,92.38999938964844,92.41999816894531,91.94000244140625,92.01000213623047,85.73399353027344,37902400,0.0,0.0,0.0
2024-05-17,91.63999938964844,91.80000305175781,91.33999633789062,91.38999938964844,85.15628051757812,24755000,0.0,0.0,0.0
2024-05-20,91.08000183105469,91.31999969482422,91.01000213623047,91.12000274658203,84.90470123291016,17922800,0.0,0.0,0.0
2024-05-21,91.7300033569336,91.7699966430664,91.43000030517578,91.58999633789062,85.34264373779297,15334400,0.0,0.0,0.0
2024-05-22,91.2699966430664,91.77999877929688,91.26000213623047,91.69999694824219,85.44514465332031,38073700,0.0,0.0,0.0
2024-05-23,91.80000305175781,91.80000305175781,90.81999969482422,91.11000061035156,84.89537811279297,51294700,0.0,0.0,0.0
2024-05-24,90.97000122070312,91.47000122070312,90.9000015258789,91.37999725341797,85.14696502685547,19164400,0.0,0.0,0.0
2024-05-28,91.33000183105469,91.36000061035156,90.02999877929688,90.06999969482422,83.92630767822266,45973700,0.0,0.0,0.0
2024-05-29,89.33999633789062,89.4000015258789,88.68000030517578,88.9800033569336,82.9106674194336,45508400,0.0,0.0,0.0
2024-05-30,89.5999984741211,89.97000122070312,89.44000244140625,89.83999633789062,83.71200561523438,29548600,0.0,0.0,0.0
2024-05-31,90.4800033569336,90.66000366210938,90.25,90.44999694824219,84.2803955078125,41308800,0.0,0.0,0.0
2024-06-03,90.63999938964844,91.66999816894531,90.61000061035156,91.5999984741211,85.64360046386719,42272100,0.308,0.0,0.0
2024-06-04,92.19999694824219,92.80000305175781,91.98999786376953,92.66999816894531,86.64400482177734,42581500,0.0,0.0,0.0
2024-06-05,93.0,93.3499984741211,92.38999938964844,93.3499984741211,87.27979278564453,43153900,0.0,0.0,0.0
2024-06-06,92.91999816894531,93.43000030517578,92.86000061035156,93.20999908447266,87.1489028930664,22891900,0.0,0.0,0.0
2024-06-07,91.83000183105469,91.83000183105469,91.4000015258789,91.5,85.55009460449219,35240500,0.0,0.0,0.0
2024-06-10,91.0,91.05999755859375,90.6500015258789,90.88999938964844,84.97976684570312,20586500,0.0,0.0,0.0
2024-06-11,91.02999877929688,91.87000274658203,90.91999816894531,91.83000183105469,85.85863494873047,30329200,0.0,0.0,0.0
2024-06-12,93.0199966430664,93.56999969482422,92.48999786376953,92.5199966430664,86.50375366210938,42554600,0.0,0.0,0.0
2024-06-13,93.22000122070312,93.98999786376953,92.94999694824219,93.87999725341797,87.77532196044922,33093800,0.0,0.0,0.0
2024-06-14,94.41999816894531,94.83999633789062,94.23999786376953,94.66999816894531,88.51396179199219,28776700,0.0,0.0,0.0
2024-06-17,93.5199966430664,93.80999755859375,93.27999877929688,93.7300033569336,87.63510131835938,31040200,0.0,0.0,0.0
2024-06-18,93.88999938964844,94.5999984741211,93.7300033569336,94.58999633789062,88.43914794921875,26881000,0.0,0.0,0.0
2024-06-20,93.41000366210938,94.0,93.33999633789062,93.95999908447266,87.85013580322266,30246300,0.0,0.0,0.0
2024-06-21,94.23999786376953,94.4800033569336,93.58999633789062,93.95999908447266,87.85013580322266,22596400,0.0,0.0,0.0
2024-06-24,94.05000305175781,94.33999633789062,93.73999786376953,94.33999633789062,88.20540618896484,56939100,0.0,0.0,0.0
2024-06-25,94.06999969482422,94.55000305175781,94.04000091552734,94.5,88.35501861572266,22890200,0.0,0.0,0.0
2024-06-26,93.27999877929688,93.47000122070312,93.11000061035156,93.1500015258789,87.09278106689453,38489100,0.0,0.0,0.0
2024-06-27,93.5199966430664,93.70999908447266,93.41999816894531,93.5199966430664,87.43873596191406,23140800,0.0,0.0,0.0
2024-06-28,93.7300033569336,93.7699966430664,91.77999877929688,91.77999877929688,85.81187438964844,55119600,0.0,0.0,0.0
2024-07-01,90.41999816894531,91.08000183105469,89.81999969482422,89.91000366210938,84.33087921142578,49735400,0.291,0.0,0.0
2024-07-02,90.68000030517578,90.80999755859375,90.08000183105469,90.61000061035156,84.9874267578125,34204700,0.0,0.0,0.0
2024-07-03,91.16999816894531,91.88999938964844,91.08999633789062,91.80000305175781,86.10358428955078,35563300,0.0,0.0,0.0
2024-07-05,92.2699966430664,92.7300033569336,91.9000015258789,92.55999755859375,86.81642150878906,34895500,0.0,0.0,0.0
2024-07-08,92.54000091552734,92.8499984741211,92.22000122070312,92.76000213623047,87.00401306152344,16095700,0.0,0.0,0.0
2024-07-09,92.47000122070312,92.68000030517578,91.87000274658203,92.3499984741211,86.61944580078125,30289800,0.0,0.0,0.0
2024-07-10,92.44999694824219,92.68000030517578,92.26000213623047,92.63999938964844,86.8914794921875,23572500,0.0,0.0,0.0
2024-07-11,93.68000030517578,94.13999938964844,93.47000122070312,93.54000091552734,87.73562622070312,49761800,0.0,0.0,0.0
2024-07-12,93.52999877929688,93.94000244140625,93.33999633789062,93.94000244140625,88.11079406738281,27796500,0.0,0.0,0.0
2024-07-15,93.0,93.30000305175781,92.77999877929688,92.86000061035156,87.09780883789062,37918900,0.0,0.0,0.0
2024-07-16,93.52999877929688,94.20999908447266,93.38999938964844,94.16999816894531,88.32650756835938,36383700,0.0,0.0,0.0
2024-07-17,93.91999816894531,94.4000015258789,93.69000244140625,94.19000244140625,88.34528350830078,29036800,0.0,0.0,0.0
2024-07-18,93.68000030517578,94.13999938964844,93.37999725341797,93.47000122070312,87.66997528076172,34553100,0.0,0.0,0.0
2024-07-19,93.04000091552734,93.16000366210938,92.81999969482422,92.91999816894531,87.15409088134766,32164700,0.0,0.0,0.0
2024-07-22,93.4000015258789,93.5199966430664,92.30000305175781,92.6500015258789,86.90083312988281,36160400,0.0,0.0,0.0
2024-07-23,92.80999755859375,93.02999877929688,92.48999786376953,92.5199966430664,86.7789077758789,23498000,0.0,0.0,0.0
2024-07-24,92.58999633789062,92.8499984741211,91.47000122070312,91.5199966430664,85.8409423828125,50757100,0.0,0.0,0.0
2024-07-25,92.02999877929688,92.86000061035156,91.95999908447266,92.2699966430664,86.54441833496094,44999100,0.0,0.0,0.0
2024-07-26,92.94999694824219,93.1500015258789,92.70999908447266,92.98999786376953,87.2197494506836,34423800,0.0,0.0,0.0
2024-07-29,93.66999816894531,93.69000244140625,93.22000122070312,93.48999786376953,87.68871307373047,25801300,0.0,0.0,0.0
2024-07-30,93.75,94.05000305175781,93.30000305175781,93.8499984741211,88.02639770507812,28169800,0.0,0.0,0.0
2024-07-31,94.52999877929688,94.83999633789062,94.23999786376953,94.80999755859375,88.92680358886719,47445300,0.0,0.0,0.0
2024-08-01,95.13999938964844,95.91000366210938,95.12000274658203,95.30999755859375,89.69377136230469,77254200,0.315,0.0,0.0
2024-08-02,97.0,98.37000274658203,96.88999938964844,98.27999877929688,92.48878479003906,91912900,0.0,0.0,0.0
2024-08-05,99.69000244140625,99.94000244140625,97.9000015258789,98.80000305175781,92.97813415527344,90686300,0.0,0.0,0.0
2024-08-06,98.1500015258789,98.41000366210938,96.58999633789062,96.58999633789062,90.8983383178711,61316900,0.0,0.0,0.0
2024-08-07,95.94999694824219,96.44999694824219,95.5,95.91000366210938,90.2584228515625,51337100,0.0,0.0,0.0
2024-08-08,95.12000274658203,95.4000015258789,94.83999633789062,95.31999969482422,89.70320129394531,37815800,0.0,0.0,0.0
2024-08-09,96.51000213623047,96.54000091552734,96.08999633789062,96.26000213623047,90.58778381347656,32141800,0.0,0.0,0.0
2024-08-12,96.02999877929688,96.81999969482422,95.87999725341797,96.61000061035156,90.91715240478516,24261400,0.0,0.0,0.0
2024-08-13,97.30000305175781,97.36000061035156,96.9800033569336,97.27999877929688,91.54769134521484,30366900,0.0,0.0,0.0
2024-08-14,97.55000305175781,98.16000366210938,97.51000213623047,97.88999938964844,92.12174987792969,31334100,0.0,0.0,0.0
2024-08-15,96.41000366210938,97.0999984741211,96.20999908447266,97.0999984741211,91.37830352783203,38723700,0.0,0.0,0.0
2024-08-16,97.44000244140625,97.54000091552734,97.01000213623047,97.44000244140625,91.69827270507812,28541000,0.0,0.0,0.0
2024-08-19,97.41999816894531,98.16000366210938,97.41000366210938,97.88999938964844,92.12174987792969,25322100,0.0,0.0,0.0
2024-08-20,98.31999969482422,98.86000061035156,98.12000274658203,98.66999816894531,92.85580444335938,25239300,0.0,0.0,0.0
2024-08-21,98.66999816894531,99.19999694824219,98.20999908447266,98.7300033569336,92.91226196289062,29230000,0.0,0.0,0.0
2024-08-22,98.2300033569336,98.30000305175781,97.43000030517578,97.75,91.99000549316406,33453800,0.0,0.0,0.0
2024-08-23,98.19000244140625,98.66999816894531,97.95999908447266,98.38999938964844,92.59228515625,32005100,0.0,0.0,0.0
2024-08-26,98.69000244140625,98.69999694824219,98.08000183105469,98.13999938964844,92.35702514648438,23198700,0.0,0.0,0.0
2024-08-27,97.48999786376953,98.08000183105469,97.41000366210938,97.97000122070312,92.1970443725586,21507700,0.0,0.0,0.0
2024-08-28,98.01000213623047,98.19999694824219,97.7300033569336,97.8499984741211,92.08412170410156,18501400,0.0,0.0,0.0
2024-08-29,97.37000274658203,97.63999938964844,97.12999725341797,97.52999877929688,91.78296661376953,24988200,0.0,0.0,0.0
2024-08-30,97.68000030517578,97.98999786376953,96.47000122070312,96.48999786376953,90.80424499511719,42896200,0.0,0.0,0.0
2024-09-03,97.55999755859375,98.05999755859375,97.41999816894531,97.75,92.28938293457031,48947900,0.313,0.0,0.0
2024-09-04,97.87999725341797,99.02999877929688,97.80999755859375,99.01000213623047,93.47900390625,40885200,0.0,0.0,0.0
2024-09-05,99.33999633789062,99.68000030517578,98.77999877929688,99.56999969482422,94.00770568847656,47450900,0.0,0.0,0.0
2024-09-06,99.55000305175781,100.77999877929688,99.19000244140625,99.55999755859375,93.9982681274414,57406400,0.0,0.0,0.0
2024-09-09,99.4000015258789,100.0999984741211,99.16000366210938,99.98999786376953,94.40425109863281,26961400,0.0,0.0,0.0
2024-09-10,99.87000274658203,100.91000366210938,99.81999969482422,100.69000244140625,95.06515502929688,31703400,0.0,0.0,0.0
2024-09-11,100.48999786376953,101.23999786376953,100.3499984741211,100.61000061035156,94.98960876464844,39497100,0.0,0.0,0.0
2024-09-12,100.36000061035156,100.55000305175781,99.69000244140625,100.13999938964844,94.54586791992188,41618700,0.0,0.0,0.0
2024-09-13,100.45999908447266,100.61000061035156,100.0199966430664,100.41000366210938,94.80078125,25722100,0.0,0.0,0.0
2024-09-16,100.62999725341797,101.37000274658203,100.41000366210938,101.33000183105469,95.66939544677734,30866300,0.0,0.0,0.0
2024-09-17,101.47000122070312,101.63999938964844,100.73999786376953,100.83999633789062,95.2067642211914,31699400,0.0,0.0,0.0
2024-09-18,100.23999786376953,100.7300033569336,99.54000091552734,99.58999633789062,94.0265884399414,48897000,0.0,0.0,0.0
2024-09-19,98.91999816894531,99.30999755859375,98.7699966430664,99.26000213623047,93.71501922607422,39979800,0.0,0.0,0.0
2024-09-20,98.98999786376953,99.25,98.72000122070312,98.87999725341797,93.35626220703125,37067600,0.0,0.0,0.0
2024-09-23,98.5,99.08999633789062,98.0199966430664,98.66999816894531,93.1579818725586,35703900,0.0,0.0,0.0
2024-09-24,98.0,98.88999938964844,97.8499984741211,98.6500015258789,93.13909912109375,31005400,0.0,0.0,0.0
2024-09-25,98.26000213623047,98.31999969482422,97.79000091552734,97.83000183105469,92.36491394042969,36738200,0.0,0.0,0.0
2024-09-26,98.06999969482422,98.25,97.41999816894531,98.05999755859375,92.5820541381836,33332300,0.0,0.0,0.0
2024-09-27,98.54000091552734,98.76000213623047,98.20999908447266,98.56999969482422,93.06358337402344,28317600,0.0,0.0,0.0
2024-09-30,98.63999938964844,98.70999908447266,97.87999725341797,98.0999984741211,92.61981964111328,34175500,0.0,0.0,0.0
2024-10-01,98.80000305175781,99.33000183105469,98.38999938964844,98.48999786376953,93.28853607177734,45254200,0.316,0.0,0.0
2024-10-02,97.36000061035156,97.7300033569336,97.05999755859375,97.66000366210938,92.50237274169922,35810800,0.0,0.0,0.0
2024-10-03,97.33999633789062,97.51000213623047,96.73999786376953,96.73999786376953,91.63097381591797,39677800,0.0,0.0,0.0
2024-10-04,95.44000244140625,95.95999908447266,95.4000015258789,95.55000305175781,90.50382232666016,56954100,0.0,0.0,0.0
2024-10-07,94.9800033569336,95.2699966430664,94.76000213623047,94.83000183105469,89.82183837890625,42606600,0.0,0.0,0.0
2024-10-08,94.38999938964844,95.02999877929688,94.33999633789062,94.98999786376953,89.97339630126953,33709600,0.0,0.0,0.0
2024-10-09,94.66999816894531,94.91000366210938,94.2300033569336,94.44999694824219,89.4619140625,35807700,0.0,0.0,0.0
2024-10-10,93.87999725341797,94.08999633789062,93.41000366210938,94.08000183105469,89.1114501953125,53667400,0.0,0.0,0.0
2024-10-11,93.4800033569336,94.06999969482422,93.41999816894531,93.69999694824219,88.75151824951172,27406400,0.0,0.0,0.0
2024-10-14,93.04000091552734,93.77999877929688,92.9800033569336,93.7699966430664,88.81781005859375,28795300,0.0,0.0,0.0
2024-10-15,94.45999908447266,95.0,94.37000274658203,94.91000366210938,89.89761352539062,46429100,0.0,0.0,0.0
2024-10-16,95.38999938964844,95.62000274658203,95.13999938964844,95.30999755859375,90.27649688720703,32281500,0.0,0.0,0.0
2024-10-17,94.29000091552734,94.44000244140625,93.66999816894531,93.80000305175781,88.84624481201172,43427200,0.0,0.0,0.0
2024-10-18,94.05000305175781,94.27999877929688,93.86000061035156,93.87000274658203,88.91253662109375,25258600,0.0,0.0,0.0
2024-10-21,93.0199966430664,93.08999633789062,92.2300033569336,92.2300033569336,87.35913848876953,49504700,0.0,0.0,0.0
2024-10-22,92.6500015258789,92.76000213623047,92.08999633789062,92.31999969482422,87.44438934326172,32096900,0.0,0.0,0.0
2024-10-23,91.83999633789062,92.37000274658203,91.66000366210938,92.06999969482422,87.20759582519531,33354200,0.0,0.0,0.0
2024-10-24,92.2300033569336,93.0,91.95999908447266,92.66000366210938,87.76643371582031,32507400,0.0,0.0,0.0
2024-10-25,92.98999786376953,93.04000091552734,92.0199966430664,92.13999938964844,87.27388763427734,28667100,0.0,0.0,0.0
2024-10-28,92.2699966430664,92.29000091552734,91.41999816894531,91.88999938964844,87.03710174560547,33156500,0.0,0.0,0.0
2024-10-29,91.16999816894531,92.05999755859375,90.9800033569336,92.02999877929688,87.16970825195312,46545200,0.0,0.0,0.0
2024-10-30,92.83999633789062,93.29000091552734,92.16000366210938,92.30000305175781,87.42544555664062,41951100,0.0,0.0,0.0
2024-10-31,92.19999694824219,92.94000244140625,91.87000274658203,92.44999694824219,87.56753540039062,52173800,0.0,0.0,0.0
2024-11-01,92.26000213623047,92.5199966430664,90.80000305175781,90.83999633789062,86.33296966552734,80402000,0.311,0.0,0.0
2024-11-04,92.27999877929688,92.56999969482422,91.62999725341797,92.25,87.67301940917969,49747600,0.0,0.0,0.0
2024-11-05,92.02999877929688,92.9000015258789,91.5999984741211,92.73999786376953,88.13871765136719,46986000,0.0,0.0,0.0
2024-11-06,89.63999938964844,90.72000122070312,89.55000305175781,90.19999694824219,85.72473907470703,98895700,0.0,0.0,0.0
2024-11-07,90.75,91.62000274658203,90.6500015258789,91.33000183105469,86.79867553710938,56221400,0.0,0.0,0.0
2024-11-08,92.0,92.5999984741211,91.83999633789062,92.48999786376953,87.9011001586914,56756200,0.0,0.0,0.0
2024-11-11,92.25,92.30000305175781,91.62000274658203,92.04000091552734,87.47344207763672,22369200,0.0,0.0,0.0
2024-11-12,91.37000274658203,91.8499984741211,90.51000213623047,90.66000366210938,86.16191101074219,57908400,0.0,0.0,0.0
2024-11-13,91.5199966430664,91.54000091552734,89.72000122070312,89.80000305175781,85.34458923339844,49009100,0.0,0.0,0.0
2024-11-14,90.55999755859375,91.02999877929688,90.2699966430664,90.31999969482422,85.83877563476562,53328300,0.0,0.0,0.0
2024-11-15,89.91999816894531,90.6500015258789,89.51000213623047,90.08000183105469,85.61067962646484,73722400,0.0,0.0,0.0
2024-11-18,89.66000366210938,90.58999633789062,89.41999816894531,90.23999786376953,85.76275634765625,36010600,0.0,0.0,0.0
2024-11-19,90.81999969482422,91.06999969482422,90.62000274658203,90.69999694824219,86.19991302490234,29585100,0.0,0.0,0.0
2024-11-20,90.1500015258789,90.83000183105469,90.11000061035156,90.41000366210938,85.92432403564453,27755400,0.0,0.0,0.0
2024-11-21,90.44999694824219,90.8499984741211,90.0,90.33999633789062,85.85778045654297,28365700,0.0,0.0,0.0
2024-11-22,90.51000213623047,90.69999694824219,90.1500015258789,90.38999938964844,85.90531158447266,21547500,0.0,0.0,0.0
2024-11-25,92.19999694824219,92.77999877929688,91.98999786376953,92.7300033569336,88.12920379638672,56858000,0.0,0.0,0.0
2024-11-26,92.16000366210938,92.44000244140625,91.80999755859375,92.37000274658203,87.78707122802734,31122200,0.0,0.0,0.0
2024-11-27,93.04000091552734,93.37999725341797,92.66999816894531,93.01000213623047,88.39531707763672,39442200,0.0,0.0,0.0
2024-11-29,93.77999877929688,93.98999786376953,93.44000244140625,93.97000122070312,89.30768585205078,31905700,0.0,0.0,0.0
2024-12-02,93.2699966430664,94.1500015258789,93.0,93.87000274658203,89.52224731445312,39406000,0.325,0.0,0.0
2024-12-03,93.93000030517578,94.02999877929688,92.98999786376953,93.05999755859375,88.7497787475586,32768900,0.0,0.0,0.0
2024-12-04,92.61000061035156,94.19000244140625,92.54000091552734,94.05999755859375,89.7034683227539,35851100,0.0,0.0,0.0
2024-12-05,93.72000122070312,94.38999938964844,93.66000366210938,94.25,89.88465118408203,23695800,0.0,0.0,0.0
2024-12-06,94.72000122070312,94.8499984741211,94.0199966430664,94.38999938964844,90.01817321777344,31761500,0.0,0.0,0.0
2024-12-09,93.98999786376953,94.04000091552734,93.47000122070312,93.5199966430664,89.18846130371094,30509600,0.0,0.0,0.0
2024-12-10,93.0199966430664,93.30000305175781,92.91000366210938,93.08000183105469,88.76886749267578,28706500,0.0,0.0,0.0
2024-12-11,93.06999969482422,93.29000091552734,92.11000061035156,92.19999694824219,87.92961120605469,38748400,0.0,0.0,0.0
2024-12-12,91.63999938964844,91.75,91.0,91.08000183105469,86.8614730834961,45368400,0.0,0.0,0.0
2024-12-13,90.80000305175781,90.8499984741211,90.08000183105469,90.1500015258789,85.97455596923828,39486000,0.0,0.0,0.0
2024-12-16,90.55000305175781,90.62000274658203,90.05000305175781,90.41999816894531,86.2320556640625,23482300,0.0,0.0,0.0
2024-12-17,90.5199966430664,90.98999786376953,90.45999908447266,90.63999938964844,86.44186401367188,23839900,0.0,0.0,0.0
2024-12-18,89.97000122070312,90.37000274658203,89.13999938964844,89.16000366210938,85.36096954345703,61328400,0.351,0.0,0.0
2024-12-19,88.06999969482422,88.38999938964844,87.51000213623047,87.80999755859375,84.06848907470703,99083300,0.0,0.0,0.0
2024-12-20,88.52999877929688,88.91000366210938,88.29000091552734,88.30999755859375,84.54718017578125,45542400,0.0,0.0,0.0
2024-12-23,88.16000366210938,88.2300033569336,87.44000244140625,87.5,83.77169799804688,32764600,0.0,0.0,0.0
2024-12-24,87.04000091552734,87.88999938964844,86.9800033569336,87.87000274658203,84.12594604492188,22377600,0.0,0.0,0.0
2024-12-26,87.20999908447266,87.95999908447266,87.19999694824219,87.81999969482422,84.07807159423828,19981800,0.0,0.0,0.0
2024-12-27,87.4800033569336,87.77999877929688,87.05999755859375,87.0999984741211,83.38874816894531,27262300,0.0,0.0,0.0
2024-12-30,87.83000183105469,88.04000091552734,87.66999816894531,87.80000305175781,84.0589370727539,48519600,0.0,0.0,0.0
2024-12-31,88.12999725341797,88.27999877929688,87.26000213623047,87.33000183105469,83.60894775390625,31917300,0.0,0.0,0.0
2025-01-02,87.80000305175781,88.12000274658203,87.20999908447266,87.56999969482422,83.8387222290039,27841300,0.0,0.0,0.0
2025-01-03,87.72000122070312,87.87999725341797,87.18000030517578,87.29000091552734,83.57064056396484,21962200,0.0,0.0,0.0
2025-01-06,87.05000305175781,87.2300033569336,86.66999816894531,86.9000015258789,83.19728088378906,30231500,0.0,0.0,0.0
2025-01-07,86.5999984741211,86.7699966430664,85.79000091552734,85.91999816894531,82.25901794433594,41757200,0.0,0.0,0.0
2025-01-08,85.47000122070312,86.19999694824219,85.33999633789062,86.02999877929688,82.36432647705078,44590800,0.0,0.0,0.0
2025-01-10,85.27999877929688,85.8499984741211,85.16000366210938,85.45999908447266,81.8186264038086,47115800,0.0,0.0,0.0
2025-01-13,85.52999877929688,85.66000366210938,85.04000091552734,85.43000030517578,81.78990936279297,33258900,0.0,0.0,0.0
2025-01-14,85.2300033569336,85.36000061035156,84.88999938964844,85.29000091552734,81.6558609008789,33412900,0.0,0.0,0.0
2025-01-15,86.69999694824219,86.9800033569336,86.4000015258789,86.76000213623047,83.06322479248047,54120700,0.0,0.0,0.0
2025-01-16,86.63999938964844,87.4000015258789,86.27999877929688,87.04000091552734,83.33130645751953,34651100,0.0,0.0,0.0
2025-01-17,87.43000030517578,87.4800033569336,87.04000091552734,87.19000244140625,83.47491455078125,29875600,0.0,0.0,0.0
2025-01-21,87.88999938964844,88.16999816894531,87.62999725341797,87.97000122070312,84.22166442871094,30548600,0.0,0.0,0.0
2025-01-22,87.87000274658203,87.9800033569336,87.31999969482422,87.51000213623047,83.7812728881836,25278400,0.0,0.0,0.0
2025-01-23,86.63999938964844,86.98999786376953,86.52999877929688,86.83000183105469,83.1302490234375,31949000,0.0,0.0,0.0
2025-01-24,86.72000122070312,87.27999877929688,86.5999984741211,87.22000122070312,83.50363159179688,21110400,0.0,0.0,0.0
2025-01-27,88.16000366210938,88.43000030517578,87.8499984741211,88.25,84.48975372314453,42864200,0.0,0.0,0.0
2025-01-28,87.83999633789062,88.19999694824219,87.66000366210938,88.19000244140625,84.43230438232422,25519100,0.0,0.0,0.0
2025-01-29,88.43000030517578,88.62000274658203,87.62999725341797,88.01000213623047,84.25997161865234,25342800,0.0,0.0,0.0
2025-01-30,88.41000366210938,88.70999908447266,88.16999816894531,88.33999633789062,84.5759048461914,25094900,0.0,0.0,0.0
2025-01-31,88.37999725341797,88.66000366210938,87.43000030517578,87.76000213623047,84.02062225341797,48790100,0.0,0.0,0.0
2025-02-03,88.58000183105469,89.0999984741211,87.80000305175781,88.16000366210938,84.70471954345703,70657200,0.312,0.0,0.0
2025-02-04,87.55000305175781,88.44999694824219,87.4800033569336,88.43000030517578,84.9641342163086,33414000,0.0,0.0,0.0
2025-02-05,89.44999694824219,90.18000030517578,89.38999938964844,89.88999938964844,86.36691284179688,48331200,0.0,0.0,0.0
2025-02-06,89.86000061035156,90.1500015258789,89.55000305175781,89.8499984741211,86.32847595214844,22509900,0.0,0.0,0.0
2025-02-07,89.23999786376953,89.44999694824219,88.94000244140625,89.2699966430664,85.77120971679688,31171200,0.0,0.0,0.0
2025-02-10,89.26000213623047,89.52999877929688,88.8499984741211,89.0,85.51178741455078,22736100,0.0,0.0,0.0
2025-02-11,88.52999877929688,88.68000030517578,88.37999725341797,88.43000030517578,84.9641342163086,21513000,0.0,0.0,0.0
2025-02-12,87.29000091552734,87.5999984741211,86.86000061035156,87.2300033569336,83.81117248535156,48536200,0.0,0.0,0.0
2025-02-13,88.08999633789062,88.88999938964844,88.06999969482422,88.68000030517578,85.20433807373047,42718100,0.0,0.0,0.0
2025-02-14,89.37999725341797,89.68000030517578,89.12000274658203,89.1500015258789,85.65591430664062,27460700,0.0,0.0,0.0
2025-02-18,88.54000091552734,88.83999633789062,88.04000091552734,88.0999984741211,84.64705657958984,29429200,0.0,0.0,0.0
2025-02-19,87.94999694824219,88.44999694824219,87.88999938964844,88.20999908447266,84.75274658203125,20584300,0.0,0.0,0.0
2025-02-20,88.44999694824219,88.76000213623047,88.44999694824219,88.54000091552734,85.06983184814453,27913400,0.0,0.0,0.0
2025-02-21,88.87000274658203,89.93000030517578,88.81999969482422,89.61000061035156,86.09789276123047,46912300,0.0,0.0,0.0
2025-02-24,89.33000183105469,90.05999755859375,89.26000213623047,89.87000274658203,86.34770965576172,26218000,0.0,0.0,0.0
2025-02-25,90.97000122070312,91.5,90.80000305175781,91.41999816894531,87.83694458007812,50125100,0.0,0.0,0.0
2025-02-26,91.41999816894531,92.05999755859375,91.19999694824219,91.95999908447266,88.35577392578125,32220200,0.0,0.0,0.0
2025-02-27,91.30999755859375,91.79000091552734,91.13999938964844,91.30999755859375,87.73123931884766,53373600,0.0,0.0,0.0
2025-02-28,91.8499984741211,92.4800033569336,91.47000122070312,92.43000030517578,88.807373046875,49388600,0.0,0.0,0.0
2025-03-03,91.41000366210938,92.70999908447266,91.37000274658203,92.56999969482422,89.2218017578125,42904200,0.29,0.0,0.0
2025-03-04,92.44000244140625,92.79000091552734,91.2699966430664,91.43000030517578,88.12303924560547,56722000,0.0,0.0,0.0
2025-03-05,91.55999755859375,91.80000305175781,90.61000061035156,90.69999694824219,87.41944885253906,50215900,0.0,0.0,0.0
2025-03-06,90.4800033569336,90.80000305175781,89.7300033569336,90.4000015258789,87.13028717041016,42827500,0.0,0.0,0.0
2025-03-07,91.13999938964844,91.16000366210938,89.98999786376953,90.11000061035156,86.85079956054688,36903600,0.0,0.0,0.0
2025-03-10,91.08000183105469,91.62999725341797,90.91000366210938,91.05000305175781,87.75678253173828,41440800,0.0,0.0,0.0
2025-03-11,90.97000122070312,91.48999786376953,90.13999938964844,90.4000015258789,87.13028717041016,40555700,0.0,0.0,0.0
2025-03-12,90.0,90.37999725341797,89.77999877929688,89.86000061035156,86.60982513427734,32734600,0.0,0.0,0.0
2025-03-13,89.58000183105469,90.70999908447266,89.37999725341797,90.6500015258789,87.37125396728516,38675400,0.0,0.0,0.0
2025-03-14,90.01000213623047,90.41000366210938,89.86000061035156,90.16999816894531,86.90861511230469,24658000,0.0,0.0,0.0
2025-03-17,90.80000305175781,91.18000030517578,90.37999725341797,90.62000274658203,87.34234619140625,26700300,0.0,0.0,0.0
2025-03-18,90.13999938964844,91.0199966430664,90.12000274658203,90.70999908447266,87.42909240722656,23654700,0.0,0.0,0.0
2025-03-19,90.68000030517578,91.22000122070312,90.37999725341797,91.18000030517578,87.88208770751953,31378700,0.0,0.0,0.0
2025-03-20,92.19999694824219,92.23999786376953,91.16000366210938,91.23999786376953,87.93992614746094,35645800,0.0,0.0,0.0
2025-03-21,91.33000183105469,91.44000244140625,90.62000274658203,90.69999694824219,87.41944885253906,29192100,0.0,0.0,0.0
2025-03-24,90.19999694824219,90.26000213623047,89.69999694824219,89.7699966430664,86.52307891845703,27985600,0.0,0.0,0.0
2025-03-25,89.56999969482422,90.08000183105469,89.51000213623047,89.76000213623047,86.51344299316406,22333800,0.0,0.0,0.0
2025-03-26,89.38999938964844,89.5999984741211,89.08999633789062,89.16999816894531,85.94477844238281,25095600,0.0,0.0,0.0
2025-03-27,88.8499984741211,89.02999877929688,88.62999725341797,88.91000366210938,85.69419860839844,23674500,0.0,0.0,0.0
2025-03-28,89.87999725341797,90.33999633789062,89.80999755859375,90.13999938964844,86.87969970703125,39869400,0.0,0.0,0.0
2025-03-31,91.2300033569336,91.33999633789062,90.36000061035156,91.02999877929688,87.73751068115234,38824300,0.0,0.0,0.0
2025-04-01,91.25,91.91000366210938,91.20999908447266,91.48999786376953,88.497802734375,39800100,0.326,0.0,0.0
2025-04-02,92.37000274658203,92.37000274658203,90.66000366210938,91.43000030517578,88.43976593017578,43488400,0.0,0.0,0.0
2025-04-03,92.5199966430664,92.7300033569336,91.83999633789062,91.8499984741211,88.84603118896484,57467400,0.0,0.0,0.0
2025-04-04,93.6500015258789,94.08999633789062,92.81999969482422,92.8499984741211,89.81332397460938,92794200,0.0,0.0,0.0
2025-04-07,91.87999725341797,92.19000244140625,89.80000305175781,90.05000305175781,87.10490417480469,124987600,0.0,0.0,0.0
2025-04-08,89.27999877929688,90.19999694824219,88.22000122070312,88.3499984741211,85.46049499511719,73861900,0.0,0.0,0.0
2025-04-09,87.2699966430664,88.91000366210938,85.88999938964844,88.87000274658203,85.96348571777344,131353500,0.0,0.0,0.0
2025-04-10,87.73999786376953,88.18000030517578,86.3499984741211,86.41999816894531,83.59362030029297,78592000,0.0,0.0,0.0
2025-04-11,85.87000274658203,87.30000305175781,85.0,86.88999938964844,84.04824829101562,94814100,0.0,0.0,0.0
2025-04-14,87.4000015258789,87.70999908447266,86.81999969482422,87.51000213623047,84.64797973632812,37596400,0.0,0.0,0.0
2025-04-15,87.1500015258789,88.19000244140625,87.04000091552734,87.81999969482422,84.94783020019531,22553900,0.0,0.0,0.0
2025-04-16,87.80000305175781,88.5,87.47000122070312,88.30999755859375,85.42180633544922,35607300,0.0,0.0,0.0
2025-04-17,88.04000091552734,88.19999694824219,87.2300033569336,87.52999877929688,84.66731262207031,31758400,0.0,0.0,0.0
2025-04-21,86.5999984741211,87.06999969482422,85.9800033569336,86.0,83.18736267089844,39343200,0.0,0.0,0.0
2025-04-22,86.81999969482422,87.0199966430664,86.4000015258789,86.4800033569336,83.65166473388672,32552100,0.0,0.0,0.0
2025-04-23,88.87999725341797,89.05999755859375,87.16999816894531,87.31999969482422,84.46418762207031,44082200,0.0,0.0,0.0
2025-04-24,88.02999877929688,88.3499984741211,87.76000213623047,88.23999786376953,85.3541030883789,24190800,0.0,0.0,0.0
2025-04-25,88.9000015258789,89.11000061035156,88.5999984741211,88.88999938964844,85.98284912109375,22513900,0.0,0.0,0.0
2025-04-28,88.66000366210938,89.52999877929688,88.61000061035156,89.44999694824219,86.5245361328125,20130500,0.0,0.0,0.0
2025-04-29,89.31999969482422,90.20999908447266,89.30000305175781,90.19999694824219,87.25,22129500,0.0,0.0,0.0
2025-04-30,89.77999877929688,90.05000305175781,89.33000183105469,89.47000122070312,86.54387664794922,42630600,0.0,0.0,0.0
2025-05-01,89.26000213623047,89.27999877929688,88.30000305175781,88.69000244140625,86.10504913330078,29932800,0.328,0.0,0.0
2025-05-02,87.70999908447266,88.06999969482422,87.54000091552734,87.7300033569336,85.17301940917969,32090400,0.0,0.0,0.0
2025-05-05,87.3499984741211,87.41000366210938,86.83000183105469,87.23999786376953,84.69731903076172,22862800,0.0,0.0,0.0
2025-05-06,86.80000305175781,87.52999877929688,86.63999938964844,87.52999877929688,84.97885131835938,21095200,0.0,0.0,0.0
2025-05-07,87.91999816894531,88.20999908447266,87.81999969482422,87.9000015258789,85.33805847167969,23161600,0.0,0.0,0.0
2025-05-08,88.0199966430664,88.05999755859375,86.88999938964844,86.91999816894531,84.38662719726562,25483700,0.0,0.0,0.0
2025-05-09,87.0,87.30999755859375,86.91999816894531,87.05000305175781,84.51284790039062,17007900,0.0,0.0,0.0
2025-05-12,86.37999725341797,86.77999877929688,86.19000244140625,86.23999786376953,83.7264404296875,32115000,0.0,0.0,0.0
2025-05-13,86.12999725341797,86.29000091552734,85.5,85.88999938964844,83.38665008544922,53912200,0.0,0.0,0.0
2025-05-14,85.75,85.87000274658203,85.19999694824219,85.31999969482422,82.83326721191406,42119800,0.0,0.0,0.0
2025-05-15,85.62999725341797,86.31999969482422,85.4800033569336,86.06999969482422,83.56140899658203,59448000,0.0,0.0,0.0
2025-05-16,86.87000274658203,86.88999938964844,86.19999694824219,86.30000305175781,83.78470611572266,31778200,0.0,0.0,0.0
2025-05-19,84.91000366210938,86.12000274658203,84.83000183105469,86.05000305175781,83.5419921875,49361900,0.0,0.0,0.0
2025-05-20,85.43000030517578,85.5999984741211,85.05999755859375,85.43000030517578,82.9400634765625,35493100,0.0,0.0,0.0
2025-05-21,84.68000030517578,85.05999755859375,83.76000213623047,83.97000122070312,81.52261352539062,77053100,0.0,0.0,0.0
2025-05-22,83.5199966430664,84.43000030517578,83.30000305175781,84.41000366210938,81.94979095458984,61747900,0.0,0.0,0.0
2025-05-23,84.7699966430664,84.81999969482422,84.30999755859375,84.55000305175781,82.08570861816406,47139200,0.0,0.0,0.0
2025-05-27,85.3499984741211,86.02999877929688,85.1500015258789,85.7300033569336,83.23131561279297,56773400,0.0,0.0,0.0
2025-05-28,85.41000366210938,85.54000091552734,84.97000122070312,85.36000061035156,82.87210083007812,34806800,0.0,0.0,0.0
2025-05-29,85.7699966430664,86.26000213623047,85.63999938964844,86.1500015258789,83.63909149169922,38933200,0.0,0.0,0.0
2025-05-30,86.08999633789062,86.47000122070312,85.87999725341797,86.27999877929688,83.76528930664062,49042100,0.0,0.0,0.0
2025-06-02,85.29000091552734,85.47000122070312,84.79000091552734,85.16000366210938,82.98572540283203,46213100,0.32,0.0,0.0
2025-06-03,85.44000244140625,85.73999786376953,84.88999938964844,85.01000213623047,82.83954620361328,33731300,0.0,0.0,0.0
2025-06-04,85.79000091552734,86.6500015258789,85.6500015258789,86.38999938964844,84.1843032836914,57441500,0.0,0.0,0.0
2025-06-05,86.68000030517578,86.93000030517578,86.22000122070312,86.44999694824219,84.2427749633789,37664700,0.0,0.0,0.0
2025-06-06,85.79000091552734,85.93000030517578,85.27999877929688,85.3499984741211,83.17086029052734,38130100,0.0,0.0,0.0
2025-06-09,85.04000091552734,85.63999938964844,85.04000091552734,85.44000244140625,83.2585678100586,26560800,0.0,0.0,0.0
2025-06-10,86.0999984741211,86.18000030517578,85.5199966430664,85.87999725341797,83.68731689453125,24857000,0.0,0.0,0.0
2025-06-11,85.80999755859375,86.4000015258789,85.70999908447266,86.13999938964844,83.94068908691406,36334800,0.0,0.0,0.0
2025-06-12,86.88999938964844,87.19999694824219,86.5999984741211,87.16999816894531,84.94438934326172,43017800,0.0,0.0,0.0
2025-06-13,86.7300033569336,86.87999725341797,85.77999877929688,86.33000183105469,84.12583923339844,49374000,0.0,0.0,0.0
2025-06-16,86.08000183105469,86.43000030517578,85.45999908447266,85.45999908447266,83.2780532836914,36496600,0.0,0.0,0.0
2025-06-17,86.0,86.66000366210938,85.75,86.5,84.29151153564453,34521600,0.0,0.0,0.0
2025-06-18,86.87999725341797,87.08999633789062,86.3499984741211,86.6500015258789,84.43767547607422,38589000,0.0,0.0,0.0
2025-06-20,86.13999938964844,86.79000091552734,85.94999694824219,86.48999786376953,84.28175354003906,26001900,0.0,0.0,0.0
2025-06-23,86.93000030517578,87.44000244140625,86.7699966430664,86.7699966430664,84.55460357666016,36851800,0.0,0.0,0.0
2025-06-24,86.47000122070312,87.58999633789062,86.43000030517578,87.4000015258789,85.16851806640625,32959100,0.0,0.0,0.0
2025-06-25,87.11000061035156,87.51000213623047,86.80000305175781,87.51000213623047,85.27571868896484,26345300,0.0,0.0,0.0
2025-06-26,87.58999633789062,87.94999694824219,87.19999694824219,87.94999694824219,85.70447540283203,30467500,0.0,0.0,0.0
2025-06-27,87.56999969482422,88.16000366210938,87.23999786376953,87.38999938964844,85.15877532958984,74993500,0.0,0.0,0.0
2025-06-30,87.86000061035156,88.44000244140625,87.61000061035156,88.25,85.99681854248047,53695200,0.0,0.0,0.0
2025-07-01,88.12999725341797,88.30999755859375,87.66000366210938,88.13999938964844,86.21003723144531,38960600,0.328,0.0,0.0
2025-07-02,87.19000244140625,87.58999633789062,87.0999984741211,87.58000183105469,85.66230773925781,39382200,0.0,0.0,0.0
2025-07-03,87.16999816894531,87.29000091552734,86.8499984741211,86.97000122070312,85.06565856933594,26729100,0.0,0.0,0.0
2025-07-07,86.54000091552734,86.55999755859375,85.91999816894531,86.13999938964844,84.25383758544922,38314700,0.0,0.0,0.0
2025-07-08,85.56999969482422,86.04000091552734,85.44000244140625,86.02999877929688,84.14624786376953,31407000,0.0,0.0,0.0
2025-07-09,86.19000244140625,86.93000030517578,86.18000030517578,86.93000030517578,85.02653503417969,29821900,0.0,0.0,0.0
2025-07-10,86.83000183105469,87.05999755859375,86.48999786376953,86.98999786376953,85.08522033691406,24525500,0.0,0.0,0.0
2025-07-11,86.2300033569336,86.2699966430664,85.63999938964844,85.79000091552734,83.9114990234375,40764800,0.0,0.0,0.0
2025-07-14,85.54000091552734,85.87999725341797,85.31999969482422,85.61000061035156,83.73544311523438,24609500,0.0,0.0,0.0
2025-07-15,85.88999938964844,85.91000366210938,84.9000015258789,85.01000213623047,83.14859008789062,40455000,0.0,0.0,0.0
2025-07-16,85.27999877929688,85.66000366210938,84.19000244140625,85.12999725341797,83.26593780517578,65987700,0.0,0.0,0.0
2025-07-17,85.22000122070312,85.48999786376953,84.98999786376953,85.11000061035156,83.24639129638672,31875500,0.0,0.0,0.0
2025-07-18,85.43000030517578,85.45999908447266,85.0999984741211,85.23999786376953,83.37354278564453,27534900,0.0,0.0,0.0
2025-07-21,86.22000122070312,86.51000213623047,85.95999908447266,86.0,84.11691284179688,40019500,0.0,0.0,0.0
2025-07-22,86.16999816894531,86.7699966430664,86.11000061035156,86.5199966430664,84.62551879882812,35190300,0.0,0.0,0.0
2025-07-23,86.05000305175781,86.19999694824219,85.79000091552734,86.04000091552734,84.15602111816406,31008500,0.0,0.0,0.0
2025-07-24,85.55000305175781,86.23999786376953,85.51000213623047,85.88999938964844,84.0093002319336,25164800,0.0,0.0,0.0
2025-07-25,85.80000305175781,86.44000244140625,85.72000122070312,86.43000030517578,84.53748321533203,27196200,0.0,0.0,0.0
2025-07-28,85.98999786376953,86.19999694824219,85.83000183105469,85.87000274658203,83.98974609375,26812500,0.0,0.0,0.0
2025-07-29,86.2300033569336,87.33999633789062,86.19999694824219,87.31999969482422,85.40799713134766,47828300,0.0,0.0,0.0
2025-07-30,86.7699966430664,86.95999908447266,86.55999755859375,86.87000274658203,84.96784973144531,40670900,0.0,0.0,0.0
2025-07-31,87.12999725341797,87.41000366210938,86.83999633789062,86.91999816894531,85.01675415039062,49814100,0.0,0.0,0.0
2025-08-01,87.55999755859375,87.93000030517578,87.5199966430664,87.81999969482422,86.22540283203125,63434500,0.331,0.0,0.0
2025-08-04,87.95999908447266,88.1500015258789,87.6500015258789,88.05999755859375,86.46105194091797,36425200,0.0,0.0,0.0
2025-08-05,87.8499984741211,88.44999694824219,87.77999877929688,88.33000183105469,86.72614288330078,28586100,0.0,0.0,0.0
2025-08-06,87.83999633789062,88.05000305175781,86.91999816894531,87.81999969482422,86.22540283203125,42589300,0.0,0.0,0.0
2025-08-07,87.91999816894531,88.25,87.58999633789062,87.66999816894531,86.078125,29213100,0.0,0.0,0.0
2025-08-08,87.36000061035156,87.38999938964844,87.1500015258789,87.29000091552734,85.70503997802734,21596300,0.0,0.0,0.0
2025-08-11,87.54000091552734,87.66999816894531,87.27999877929688,87.38999938964844,85.80322265625,20100900,0.0,0.0,0.0
2025-08-12,86.9000015258789,86.97000122070312,86.55000305175781,86.94999694824219,85.37120056152344,41052300,0.0,0.0,0.0
2025-08-13,87.44000244140625,87.80999755859375,87.43000030517578,87.66999816894531,86.078125,30817500,0.0,0.0,0.0
2025-08-14,87.51000213623047,87.51000213623047,86.88999938964844,87.0199966430664,85.4399185180664,33397400,0.0,0.0,0.0
2025-08-15,86.66000366210938,86.77999877929688,86.25,86.4000015258789,84.83118438720703,36343600,0.0,0.0,0.0
2025-08-18,86.5,86.54000091552734,85.98999786376953,86.1500015258789,84.58573150634766,26777500,0.0,0.0,0.0
2025-08-19,86.44999694824219,86.75,86.44999694824219,86.6500015258789,85.07664489746094,28780600,0.0,0.0,0.0
2025-08-20,86.58999633789062,86.97000122070312,86.55999755859375,86.83999633789062,85.26319122314453,25912500,0.0,0.0,0.0
2025-08-21,86.55999755859375,86.68000030517578,86.11000061035156,86.41000366210938,84.84101867675781,28643900,0.0,0.0,0.0
2025-08-22,86.83000183105469,87.30000305175781,86.72000122070312,87.05000305175781,85.46939086914062,49871900,0.0,0.0,0.0
2025-08-25,86.7300033569336,87.05000305175781,86.6500015258789,86.80000305175781,85.22393035888672,27011900,0.0,0.0,0.0
2025-08-26,86.51000213623047,86.79000091552734,86.22000122070312,86.75,85.17483520507812,30259300,0.0,0.0,0.0
2025-08-27,86.11000061035156,86.66000366210938,86.0,86.6500015258789,85.07664489746094,38142800,0.0,0.0,0.0
2025-08-28,86.77999877929688,87.26000213623047,86.66000366210938,87.22000122070312,85.63629913330078,32205900,0.0,0.0,0.0
2025-08-29,86.76000213623047,86.86000061035156,86.44000244140625,86.5999984741211,85.02754974365234,41686400,0.0,0.0,0.0
2025-09-02,85.62999725341797,85.83999633789062,85.4800033569336,85.62999725341797,84.39481353759766,48760600,0.328,0.0,0.0
2025-09-03,85.93000030517578,86.80999755859375,85.88999938964844,86.56999969482422,85.32125854492188,52499500,0.0,0.0,0.0
2025-09-04,87.0199966430664,87.23999786376953,86.58000183105469,87.2300033569336,85.97173309326172,40501600,0.0,0.0,0.0
2025-09-05,88.22000122070312,88.61000061035156,88.13999938964844,88.55999755859375,87.28255462646484,69668000,0.0,0.0,0.0
2025-09-08,89.16999816894531,89.76000213623047,89.12000274658203,89.73999786376953,88.44552612304688,54538700,0.0,0.0,0.0
2025-09-09,89.4000015258789,89.55000305175781,88.98999786376953,89.2300033569336,87.94288635253906,37126400,0.0,0.0,0.0
2025-09-10,89.4000015258789,90.06999969482422,89.19000244140625,89.73999786376953,88.44552612304688,40713600,0.0,0.0,0.0
2025-09-11,89.91000366210938,90.4800033569336,89.9000015258789,90.33999633789062,89.03687286376953,46694400,0.0,0.0,0.0
2025-09-12,89.83000183105469,89.9800033569336,89.48999786376953,89.94999694824219,88.65249633789062,32968600,0.0,0.0,0.0
2025-09-15,90.1500015258789,90.45999908447266,90.06999969482422,90.16000366210938,88.8594741821289,24820100,0.0,0.0,0.0
2025-09-16,90.08999633789062,90.5,90.04000091552734,90.3499984741211,89.0467300415039,26794200,0.0,0.0,0.0
2025-09-17,90.70999908447266,91.04000091552734,89.87000274658203,90.12000274658203,88.82005310058594,49121800,0.0,0.0,0.0
2025-09-18,89.26000213623047,89.47000122070312,88.9000015258789,89.19000244140625,87.9034652709961,55717900,0.0,0.0,0.0
2025-09-19,89.06999969482422,89.2300033569336,88.79000091552734,89.0199966430664,87.73591613769531,32509200,0.0,0.0,0.0
2025-09-22,88.81999969482422,88.91000366210938,88.54000091552734,88.69999694824219,87.42052459716797,24758200,0.0,0.0,0.0
2025-09-23,88.97000122070312,89.36000061035156,88.75,89.31999969482422,88.0315933227539,26689000,0.0,0.0,0.0
2025-09-24,89.08000183105469,89.16000366210938,88.69999694824219,88.9800033569336,87.69650268554688,28098000,0.0,0.0,0.0
2025-09-25,88.8499984741211,89.02999877929688,88.45999908447266,88.9800033569336,87.69650268554688,29882500,0.0,0.0,0.0
2025-09-26,88.98999786376953,89.47000122070312,88.69000244140625,88.9000015258789,87.6176528930664,30955100,0.0,0.0,0.0
2025-09-29,89.29000091552734,89.73999786376953,89.26000213623047,89.62999725341797,88.33711242675781,32286200,0.0,0.0,0.0
2025-09-30,89.66000366210938,90.04000091552734,89.20999908447266,89.37000274658203,88.08087921142578,38584000,0.0,0.0,0.0
2025-10-01,89.44999694824219,89.63999938964844,89.08999633789062,89.29000091552734,88.308349609375,39408900,0.31,0.0,0.0
2025-10-02,89.30999755859375,89.69000244140625,89.19000244140625,89.55000305175781,88.56548309326172,23208300,0.0,0.0,0.0
2025-10-03,89.62999725341797,89.72000122070312,89.2699966430664,89.37999725341797,88.39735412597656,25884500,0.0,0.0,0.0
2025-10-06,88.70999908447266,89.16000366210938,88.6500015258789,88.66999816894531,87.69515991210938,28371000,0.0,0.0,0.0
2025-10-07,88.97000122070312,89.37999725341797,88.80999755859375,89.18000030517578,88.19954681396484,29103300,0.0,0.0,0.0
2025-10-08,89.5999984741211,89.62000274658203,89.12999725341797,89.25,88.26878356933594,22506200,0.0,0.0,0.0
2025-10-09,89.16999816894531,89.29000091552734,89.01000213623047,89.18000030517578,88.19954681396484,21578700,0.0,0.0,0.0
2025-10-10,89.9800033569336,90.72000122070312,89.9000015258789,90.62000274658203,89.62372589111328,59389400,0.0,0.0,0.0
2025-10-13,90.27999877929688,90.58000183105469,89.86000061035156,90.56999969482422,89.57426452636719,28035500,0.0,0.0,0.0
2025-10-14,90.6500015258789,90.91999816894531,90.43000030517578,90.86000061035156,89.861083984375,29800000,0.0,0.0,0.0
2025-10-15,90.95999908447266,91.30000305175781,90.47000122070312,90.66000366210938,89.66327667236328,31333900,0.0,0.0,0.0
2025-10-16,90.5199966430664,91.5,90.44999694824219,91.33999633789062,90.33580017089844,39631200,0.0,0.0,0.0
2025-10-17,91.25,91.29000091552734,90.9000015258789,91.19999694824219,90.19733428955078,40240400,0.0,0.0,0.0
2025-10-20,91.45999908447266,91.55999755859375,91.27999877929688,91.55000305175781,90.54350280761719,28429300,0.0,0.0,0.0
2025-10-21,91.98999786376953,92.19000244140625,91.91000366210938,92.0,90.9885482788086,24514300,0.0,0.0,0.0
2025-10-22,91.98999786376953,92.18000030517578,91.81999969482422,92.05999755859375,91.04788970947266,30496200,0.0,0.0,0.0
2025-10-23,91.61000061035156,91.79000091552734,91.29000091552734,91.43000030517578,90.42481994628906,28275100,0.0,0.0,0.0
2025-10-24,91.58999633789062,91.5999984741211,91.16000366210938,91.47000122070312,90.4643783569336,28266000,0.0,0.0,0.0
2025-10-27,91.31999969482422,91.79000091552734,91.08999633789062,91.77999877929688,90.77096557617188,30033600,0.0,0.0,0.0
2025-10-28,91.8499984741211,92.18000030517578,91.80999755859375,92.0199966430664,91.00831604003906,23564500,0.0,0.0,0.0
2025-10-29,91.87999725341797,91.88999938964844,91.0199966430664,91.08999633789062,90.08854675292969,39551600,0.0,0.0,0.0
2025-10-30,90.38999938964844,90.97000122070312,90.3499984741211,90.55999755859375,89.56437683105469,42649200,0.0,0.0,0.0
2025-10-31,90.55999755859375,90.66000366210938,90.19999694824219,90.29000091552734,89.29734802246094,38247300,0.0,0.0,0.0
2025-11-03,89.62000274658203,89.81999969482422,89.41999816894531,89.73999786376953,89.07402038574219,40752300,0.325,0.0,0.0
2025-11-04,89.77999877929688,90.05999755859375,89.73999786376953,89.94000244140625,89.27253723144531,26383800,0.0,0.0,0.0
2025-11-05,89.51000213623047,89.55000305175781,88.87999725341797,88.95999908447266,88.2998046875,44643400,0.0,0.0,0.0
2025-11-06,89.55999755859375,89.8499984741211,89.52999877929688,89.76000213623047,89.0938720703125,33027400,0.0,0.0,0.0
2025-11-07,89.36000061035156,89.87000274658203,89.36000061035156,89.56999969482422,88.90528106689453,28530100,0.0,0.0,0.0
2025-11-10,89.48999786376953,89.66999816894531,89.38999938964844,89.55000305175781,88.88542938232422,24093500,0.0,0.0,0.0
2025-11-11,89.94999694824219,90.06999969482422,89.77999877929688,89.95999908447266,89.2923812866211,18942300,0.0,0.0,0.0
2025-11-12,89.94999694824219,90.31999969482422,89.87999725341797,90.12000274658203,89.45120239257812,23594900,0.0,0.0,0.0
2025-11-13,89.80000305175781,89.94000244140625,89.37999725341797,89.37999725341797,88.71669006347656,33825900,0.0,0.0,0.0
2025-11-14,89.79000091552734,89.83999633789062,88.87000274658203,88.87000274658203,88.21047973632812,38550500,0.0,0.0,0.0
2025-11-17,89.08000183105469,89.30000305175781,88.9800033569336,89.08999633789062,88.42884063720703,25605800,0.0,0.0,0.0
2025-11-18,89.3499984741211,89.44999694824219,88.80000305175781,89.05999755859375,88.39906311035156,31967400,0.0,0.0,0.0
2025-11-19,89.2300033569336,89.30999755859375,88.8499984741211,88.87999725341797,88.22039794921875,25782400,0.0,0.0,0.0
2025-11-20,88.98999786376953,89.41999816894531,88.98999786376953,89.2300033569336,88.56781005859375,32945000,0.0,0.0,0.0
2025-11-21,89.6500015258789,89.66999816894531,89.19999694824219,89.5,88.83580017089844,41938600,0.0,0.0,0.0
2025-11-24,89.94999694824219,90.06999969482422,89.77999877929688,90.01000213623047,89.3420181274414,30865700,0.0,0.0,0.0
2025-11-25,90.30999755859375,90.58999633789062,90.12999725341797,90.23999786376953,89.57030487060547,36503300,0.0,0.0,0.0
2025-11-26,90.1500015258789,90.63999938964844,89.83000183105469,90.63999938964844,89.96734619140625,34099000,0.0,0.0,0.0
2025-11-28,90.45999908447266,90.52999877929688,89.94999694824219,90.20999908447266,89.54052734375,40704300,0.0,0.0,0.0
2025-12-01,88.8499984741211,88.98999786376953,88.70999908447266,88.7699966430664,88.42586517333984,47086600,0.321,0.0,0.0
2025-12-02,88.58000183105469,88.95999908447266,88.45999908447266,88.80999755859375,88.46570587158203,27605700,0.0,0.0,0.0
2025-12-03,88.91999816894531,89.16000366210938,88.73999786376953,89.05999755859375,88.71473693847656,23278600,0.0,0.0,0.0
2025-12-04,88.91000366210938,88.93000030517578,88.4800033569336,88.58000183105469,88.23660278320312,25541500,0.0,0.0,0.0
2025-12-05,88.55000305175781,88.55000305175781,88.05000305175781,88.16999816894531,87.82819366455078,32808100,0.0,0.0,0.0
2025-12-08,88.19000244140625,88.19999694824219,87.55999755859375,87.87999725341797,87.53931427001953,32255200,0.0,0.0,0.0
2025-12-09,88.33999633789062,88.3499984741211,87.83999633789062,87.97000122070312,87.62896728515625,25771800,0.0,0.0,0.0
2025-12-10,88.0,88.5199966430664,87.86000061035156,88.30999755859375,87.96764373779297,46833500,0.0,0.0,0.0
2025-12-11,88.69000244140625,88.83000183105469,88.16000366210938,88.19000244140625,87.84811401367188,26778700,0.0,0.0,0.0
2025-12-12,87.37999725341797,87.5,87.19000244140625,87.33999633789062,87.00140380859375,47030100,0.0,0.0,0.0
2025-12-15,87.72000122070312,87.87999725341797,87.38999938964844,87.4000015258789,87.0611801147461,28611800,0.0,0.0,0.0
2025-12-16,87.19000244140625,87.91999816894531,87.16999816894531,87.87999725341797,87.53931427001953,41018700,0.0,0.0,0.0
2025-12-17,87.62999725341797,87.98999786376953,87.58000183105469,87.80000305175781,87.45963287353516,24668300,0.0,0.0,0.0
2025-12-18,88.12999725341797,88.37999725341797,88.06999969482422,88.22000122070312,87.87799835205078,39048900,0.0,0.0,0.0
2025-12-19,87.61000061035156,87.76000213623047,87.41000366210938,87.55000305175781,87.55000305175781,37858100,0.342,0.0,0.0
2025-12-22,87.41999816894531,87.45999908447266,87.25,87.36000061035156,87.36000061035156,25547100,0.0,0.0,0.0
2025-12-23,87.06999969482422,87.58000183105469,87.02999877929688,87.5,87.5,33624100,0.0,0.0,0.0
2025-12-24,87.76000213623047,88.08000183105469,87.6500015258789,88.02999877929688,88.02999877929688,25942000,0.0,0.0,0.0
2025-12-26,88.0999984741211,88.16999816894531,87.5999984741211,87.73999786376953,87.73999786376953,26522700,0.0,0.0,0.0
2025-12-29,87.94999694824219,88.06999969482422,87.79000091552734,88.06999969482422,88.06999969482422,29399800,0.0,0.0,0.0
2025-12-30,87.73999786376953,88.04000091552734,87.66999816894531,87.86000061035156,87.86000061035156,25106800,0.0,0.0,0.0
2025-12-31,87.68000030517578,87.91000366210938,87.12999725341797,87.16000366210938,87.16000366210938,36500000,0.0,0.0,0.0
2026-01-02,87.4000015258789,87.41000366210938,87.0199966430664,87.02999877929688,87.02999877929688,40731300,0.0,0.0,0.0
2026-01-05,87.18000030517578,87.5199966430664,87.11000061035156,87.45999908447266,87.45999908447266,30178000,0.0,0.0,0.0
2026-01-06,87.1500015258789,87.33999633789062,86.9000015258789,87.27999877929688,87.27999877929688,39015200,0.0,0.0,0.0
2026-01-07,87.83999633789062,88.01000213623047,87.4800033569336,87.79000091552734,87.79000091552734,39930900,0.0,0.0,0.0
2026-01-08,87.33000183105469,87.55000305175781,87.25,87.3499984741211,87.3499984741211,28204900,0.0,0.0,0.0
2026-01-09,87.30000305175781,88.0,87.12000274658203,87.93000030517578,87.93000030517578,57348800,0.0,0.0,0.0
2026-01-12,87.5,87.91000366210938,87.41000366210938,87.66999816894531,87.66999816894531,36103100,0.0,0.0,0.0
2026-01-13,87.87999725341797,87.91000366210938,87.54000091552734,87.81999969482422,87.81999969482422,30451400,0.0,0.0,0.0
2026-01-14,87.91000366210938,88.43000030517578,87.88999938964844,88.33000183105469,88.33000183105469,39233500,0.0,0.0,0.0
2026-01-15,88.63999938964844,88.66000366210938,88.30999755859375,88.30999755859375,88.30999755859375,37988900,0.0,0.0,0.0
2026-01-16,88.12999725341797,88.31999969482422,87.70999908447266,87.80000305175781,87.80000305175781,46382400,0.0,0.0,0.0
2026-01-20,86.62999725341797,87.02999877929688,86.54000091552734,86.6500015258789,86.6500015258789,66009500,0.0,0.0,0.0
2026-01-21,86.80000305175781,87.4800033569336,86.62000274658203,87.30999755859375,87.30999755859375,51195200,0.0,0.0,0.0
2026-01-22,87.2699966430664,87.38729858398438,87.16000366210938,87.30010223388672,87.30010223388672,7707530,0.0,0.0,0.0
